incoming_found,incoming_length,incoming_start_x,incoming_start_y_from_centre,incoming_source_same_winner,incoming_seconds_before,incoming_high,incoming_low,incoming_ground,incoming_cross,incoming_switch,incoming_goal_kick,incoming_free_kick,incoming_corner,incoming_under_pressure,ahead_adv,behind_adv,central_adv,ahead_corridor_adv,behind_corridor_adv,mean_along_adv,flight_line_proximity_adv,winner_event_id
1.0,59.331696,113.0,4.100000000000001,0.0,3.0,1.0,0.0,0.0,0.0,0.0,1.0,0.0,0.0,0.0,1.0,-2.0,-1.0,-1.0,0.0,5.796240291935646,0.2684838684965289,aa436187-a199-4a19-8fa8-44836e64e36e
1.0,38.684624,0.0,39.900000000000006,0.0,1.0,1.0,0.0,0.0,0.0,0.0,0.0,0.0,1.0,0.0,1.0,-1.0,0.0,1.0,1.0,3.5033118727171106,1.1141708237916006,4a40f0ca-9d7c-4659-9f8a-3a16751ef3a0
1.0,60.675613,113.0,3.8999999999999986,0.0,3.0,1.0,0.0,0.0,0.0,0.0,1.0,0.0,0.0,0.0,1.0,-2.0,0.0,0.0,0.0,5.555793761638068,0.8014274882052143,c6778011-e687-4076-ba0e-10ba2cf82c24
1.0,57.444233,14.4,3.799999999999997,1.0,3.0,1.0,0.0,0.0,0.0,0.0,0.0,0.0,0.0,0.0,-1.0,0.0,-1.0,-1.0,1.0,-4.130642184637875,0.4628122858852656,616f5ce8-67c3-48c1-bff6-eda55d4b09ce
1.0,50.843388,42.7,0.6000000000000014,1.0,3.0,1.0,0.0,0.0,0.0,0.0,0.0,0.0,0.0,0.0,-1.0,3.0,1.0,-1.0,2.0,-8.646296100701003,0.297615422161736,940138f9-c95e-40a8-901a-e3e8f3649aff
1.0,9.141116,96.1,23.799999999999997,1.0,4.0,0.0,0.0,1.0,0.0,0.0,0.0,0.0,0.0,0.0,-2.0,0.0,0.0,1.0,-1.0,0.7114111046769631,0.5822512279321175,cb65248c-2cb2-44ab-9bde-f7de1de71e93
1.0,39.760406,0.0,39.900000000000006,0.0,1.0,1.0,0.0,0.0,0.0,0.0,0.0,0.0,1.0,0.0,2.0,0.0,3.0,2.0,2.0,0.5325597485096445,0.46493864470372404,dd9f533c-4405-4163-aec3-81c426b9c645
1.0,59.41725,106.1,28.900000000000006,0.0,3.0,1.0,0.0,0.0,0.0,0.0,0.0,1.0,0.0,0.0,1.0,0.0,1.0,-1.0,1.0,3.5559534149392302,0.44103527766432127,e0e3b6d0-7e59-4709-92aa-d77359446d17
1.0,50.12235,20.1,0.7999999999999972,1.0,3.0,1.0,0.0,0.0,0.0,0.0,0.0,0.0,0.0,0.0,0.0,0.0,-1.0,0.0,-1.0,-4.2715365658322675,0.46389747466273973,c4626dae-5af1-4c46-9279-46045bb439ec
1.0,17.90754,80.5,14.3,1.0,2.0,1.0,0.0,0.0,0.0,0.0,0.0,0.0,0.0,0.0,0.0,0.0,0.0,-1.0,1.0,-2.8220074059128146,0.04271792002469092,2d69069f-d976-4b84-8f96-245bcd5c41e0
1.0,5.3235326,31.400000000000006,34.2,0.0,2.0,1.0,0.0,0.0,0.0,0.0,0.0,0.0,0.0,1.0,-2.0,2.0,0.0,1.0,0.0,-5.7695273962240305,0.9215743843653315,bc9bebd8-24c5-4856-9811-09d3fac8d07f
0.0,,,,,,,,,,,,,,,,,,,,,,94c81e29-9380-4c31-860e-e41d08e5b09a
1.0,34.996716,14.3,19.700000000000003,1.0,3.0,1.0,0.0,0.0,0.0,0.0,0.0,0.0,0.0,0.0,-1.0,2.0,0.0,-1.0,2.0,-6.700343948019187,0.41933262216927863,3f22ad23-8849-4cdc-bf2c-a3198786d8d8
1.0,40.380318,117.3,0.8999999999999986,0.0,3.0,1.0,0.0,0.0,0.0,0.0,0.0,0.0,0.0,0.0,-1.0,-1.0,1.0,1.0,0.0,-0.30475743802422883,0.37289280365865646,0ede2a5a-14ca-4fad-975f-631ec61e3db8
1.0,36.07603,90.5,13.600000000000001,0.0,3.0,1.0,0.0,0.0,0.0,0.0,0.0,0.0,0.0,0.0,1.0,0.0,-1.0,0.0,0.0,3.036173861174534,0.5589748794898886,688d5b2e-3000-472f-bf79-8cfe5505b0ae
1.0,47.67599,43.6,3.700000000000003,1.0,3.0,1.0,0.0,0.0,0.0,0.0,0.0,0.0,0.0,0.0,0.0,0.0,1.0,-1.0,2.0,-7.3479536855723175,1.135779558362831,fc80d7b4-a1f9-4457-bdb9-3d9b28644eec
1.0,62.522396,100.5,22.200000000000003,0.0,4.0,1.0,0.0,0.0,0.0,0.0,0.0,1.0,0.0,0.0,1.0,-1.0,0.0,0.0,0.0,6.342737220118641,0.4596674245108164,a1b87f23-832f-4597-8c5a-057da606e967
1.0,7.1589108,14.0,2.200000000000003,0.0,1.0,1.0,0.0,0.0,0.0,0.0,0.0,0.0,0.0,0.0,0.0,2.0,1.0,1.0,1.0,4.1819667620733645,0.16249088326679603,c0694b7c-b58e-43f9-941e-af8a41b0cc67
1.0,27.237106,20.599999999999994,21.1,0.0,1.0,1.0,0.0,0.0,0.0,0.0,0.0,0.0,0.0,0.0,2.0,0.0,2.0,0.0,3.0,6.0061146406882475,0.1533598081652506,4d8b90ec-6ea2-4c47-a593-9f42741c60b6
1.0,17.765415,79.7,35.5,1.0,3.0,1.0,0.0,0.0,0.0,0.0,0.0,0.0,0.0,0.0,-2.0,1.0,2.0,0.0,2.0,-6.111786661101605,0.21204846662595375,8ae292f0-8e58-42bd-9fa4-37a4b2cd210a
0.0,,,,,,,,,,,,,,,,,,,,,,f491764d-dba5-4b9e-a9a1-aaa3879cd38f
0.0,,,,,,,,,,,,,,,,,,,,,,45f81e0d-75d0-4ee0-9a4c-caa747e131cb
1.0,9.305912,97.9,2.700000000000003,1.0,6.0,0.0,0.0,1.0,0.0,0.0,0.0,0.0,0.0,0.0,0.0,-2.0,-2.0,-1.0,-1.0,-0.28700124983827546,0.03751454770431898,38c1eec1-b1fc-4d08-a3f0-21344db43e43
1.0,46.50172,116.5,4.5,0.0,2.0,1.0,0.0,0.0,0.0,0.0,0.0,0.0,0.0,1.0,1.0,-2.0,-1.0,0.0,-1.0,4.779599482401803,0.2566778867020902,261334c4-7479-4c38-be61-36d30c2a4ef4
1.0,50.25704,0.0,40.0,0.0,4.0,1.0,0.0,0.0,0.0,1.0,0.0,0.0,1.0,0.0,1.0,0.0,2.0,-1.0,3.0,2.4581498763066207,0.5598079340963086,3571f1b0-7354-45cd-bd6a-fe343a62b1d3
1.0,6.685058,23.0,26.200000000000003,0.0,6.0,0.0,0.0,1.0,0.0,0.0,0.0,0.0,0.0,0.0,0.0,3.0,0.0,1.0,-1.0,1.6439338937396109,0.6899578835335637,80bdeaae-517f-44e0-969f-99291ad0c8bc
1.0,28.640007,85.2,10.899999999999999,1.0,5.0,1.0,0.0,0.0,0.0,0.0,0.0,0.0,0.0,0.0,-3.0,-2.0,2.0,-1.0,1.0,-2.357734073625557,0.1743212840586275,9d9c0a9e-4ba9-4ba7-a441-014178340991
1.0,70.45694,113.0,4.100000000000001,0.0,4.0,1.0,0.0,0.0,0.0,0.0,1.0,0.0,0.0,0.0,1.0,-1.0,-1.0,0.0,-2.0,6.657902542960405,0.283386221247137,4ce2ff6f-7168-4526-9561-0192877ff410
1.0,74.89226,7.0,3.8999999999999986,1.0,4.0,1.0,0.0,0.0,0.0,0.0,1.0,0.0,0.0,0.0,-1.0,0.0,-1.0,1.0,0.0,-4.04682613304249,0.5575605628122595,71fdcceb-f8fc-481b-b109-d192e8de1124
1.0,44.60101,39.2,28.599999999999994,1.0,2.0,1.0,0.0,0.0,0.0,0.0,0.0,0.0,0.0,0.0,-3.0,0.0,-1.0,-1.0,0.0,-10.957618348495556,0.2523752098968433,775e98af-274b-4c51-a1d4-e8b556abcb93
1.0,51.77886,106.0,1.7999999999999972,0.0,3.0,1.0,0.0,0.0,0.0,0.0,0.0,0.0,0.0,0.0,2.0,-2.0,0.0,0.0,0.0,2.0531477155641698,0.37334668921054126,56d60039-44f0-46d5-b588-6ab913980867
1.0,79.47333,114.0,4.0,0.0,5.0,1.0,0.0,0.0,0.0,0.0,1.0,0.0,0.0,0.0,1.0,1.0,0.0,1.0,0.0,2.971044673943948,1.6643028110469176,c60e395a-a13f-4ece-b384-ffe686118665
1.0,9.20489,22.400000000000006,6.600000000000001,0.0,1.0,1.0,0.0,0.0,0.0,0.0,0.0,0.0,0.0,1.0,0.0,3.0,2.0,-1.0,4.0,-1.906340525143042,0.6270474959160953,4499fee0-2db7-4699-9576-9999d0e92627
1.0,75.579094,14.4,4.200000000000003,1.0,4.0,1.0,0.0,0.0,0.0,0.0,0.0,0.0,0.0,0.0,-1.0,0.0,0.0,0.0,0.0,-5.579333889271744,0.8351572268687533,ddb5c2bf-12c6-4778-85d2-f6bf366cc1b8
1.0,72.589325,108.8,13.399999999999999,0.0,3.0,1.0,0.0,0.0,0.0,0.0,0.0,0.0,0.0,0.0,-1.0,2.0,0.0,1.0,-1.0,2.3379217275546207,0.40990948340612704,b5ab6aaa-b599-47d8-9b95-25c14d1c2340
1.0,10.060318,90.6,33.099999999999994,0.0,1.0,1.0,0.0,0.0,0.0,0.0,0.0,0.0,0.0,0.0,1.0,-2.0,1.0,2.0,1.0,6.215102020166777,1.0364148123385968,e1364409-6232-4ff2-aacc-62f8aa04b4bc
1.0,16.949926,68.7,29.299999999999997,0.0,3.0,1.0,0.0,0.0,0.0,0.0,0.0,0.0,0.0,1.0,-2.0,1.0,0.0,1.0,-1.0,-4.733961145571353,3.087021475015312,8d0021ab-96e1-4e73-9437-386f1048595e
1.0,12.704723,79.0,25.400000000000006,1.0,2.0,1.0,0.0,0.0,0.0,0.0,0.0,0.0,0.0,0.0,0.0,-3.0,1.0,1.0,-2.0,2.2134581343817903,1.156038300000421,f0a910c0-6cbf-4add-b26b-a32e5ac8844f
1.0,42.45951,0.0,40.0,0.0,2.0,1.0,0.0,0.0,0.0,1.0,0.0,0.0,1.0,0.0,0.0,4.0,3.0,2.0,2.0,-2.3742584672485325,1.0671358802194655,9ace9e2e-5cb7-4b63-96d3-581186711fca
0.0,,,,,,,,,,,,,,,,,,,,,,a0fcee32-76ef-4bab-805a-70e286e16ca7
1.0,50.423904,114.8,2.8999999999999986,0.0,10.0,1.0,0.0,0.0,0.0,0.0,0.0,0.0,0.0,0.0,2.0,-1.0,1.0,0.0,-1.0,3.1409366808102543,0.4980988193763029,e8fb9793-90bf-4ea9-a740-c2898ba4e29b
1.0,33.126575,0.0,40.0,0.0,2.0,1.0,0.0,0.0,0.0,0.0,0.0,0.0,1.0,0.0,2.0,-2.0,0.0,2.0,-2.0,5.200558495582065,0.3395157573252252,ef020f7b-7753-4878-a1b9-f5c92c80c9f3
0.0,,,,,,,,,,,,,,,,,,,,,,77d4b509-4206-4036-9c19-727b563a2719
1.0,30.558796,31.400000000000006,10.600000000000001,0.0,2.0,1.0,0.0,0.0,0.0,0.0,0.0,0.0,0.0,0.0,-2.0,1.0,0.0,-1.0,2.0,2.9283974638709225,0.5641475420070204,21ecf069-6f01-4d10-9ce5-7a9782da8151
1.0,41.749012,0.0,39.900000000000006,0.0,2.0,1.0,0.0,0.0,0.0,1.0,0.0,0.0,1.0,0.0,0.0,3.0,4.0,1.0,2.0,-1.1070758413531787,0.06711601609021,f1df8e1a-334e-4d22-a057-7b481b493ad2
1.0,73.54455,114.0,4.0,0.0,4.0,1.0,0.0,0.0,0.0,0.0,1.0,0.0,0.0,0.0,2.0,-2.0,0.0,1.0,-2.0,6.84777353286081,0.44296758393092034,7ae8e519-4800-40f0-b7c3-245767fdde54
1.0,12.107849,57.7,15.399999999999999,1.0,3.0,1.0,0.0,0.0,0.0,0.0,0.0,0.0,0.0,0.0,-3.0,3.0,2.0,0.0,2.0,-7.179434914250807,0.3397994062424788,0649ad23-37f8-4461-8f8b-aa4733ed4864
1.0,8.0062475,40.4,35.7,1.0,2.0,1.0,0.0,0.0,0.0,0.0,0.0,0.0,0.0,0.0,3.0,-1.0,-1.0,0.0,-1.0,7.752221223449161,0.38589861343438253,70aca46d-0bd0-40e5-b6ea-fe2336cd9750
1.0,34.517532,0.0,40.0,0.0,1.0,1.0,0.0,0.0,0.0,0.0,0.0,0.0,1.0,0.0,2.0,0.0,3.0,3.0,0.0,-2.0798063611961286,0.020652216787069442,f29a38e2-625d-4aa5-a22d-fac08fb2427e
1.0,29.508305,5.799999999999997,39.900000000000006,0.0,2.0,1.0,0.0,0.0,0.0,0.0,0.0,0.0,0.0,0.0,2.0,1.0,3.0,1.0,3.0,3.6715138902135265,0.4145370099140806,ccdbd3d2-7994-4805-8db2-c68c23cca1da
1.0,55.19393,65.3,23.5,0.0,3.0,1.0,0.0,0.0,0.0,0.0,0.0,0.0,0.0,0.0,2.0,1.0,3.0,1.0,2.0,2.40754317721796,0.007468756453906817,98417e3c-ad89-40cb-a447-09425951698f
1.0,37.86357,43.3,4.5,0.0,3.0,1.0,0.0,0.0,0.0,0.0,0.0,0.0,0.0,0.0,0.0,2.0,3.0,1.0,2.0,0.7181328700994278,0.11224722790638407,b3bc3b0c-0bc2-42ec-b654-ed46e252c18b
1.0,13.301504,44.8,12.399999999999999,1.0,1.0,1.0,0.0,0.0,0.0,0.0,0.0,0.0,0.0,1.0,-2.0,2.0,-1.0,-2.0,1.0,-6.415095077467292,0.5912976616069868,aff0df7d-c4a4-4013-aa89-e510e2b9c1a3
1.0,19.4,6.0,26.5,0.0,1.0,1.0,0.0,0.0,1.0,0.0,0.0,0.0,0.0,0.0,0.0,1.0,2.0,1.0,0.0,1.0594870292758243,0.09556255656487167,bbb19143-b100-487d-979b-36f66e5cdff3
1.0,54.664886,49.3,35.0,1.0,3.0,1.0,0.0,0.0,0.0,1.0,0.0,1.0,0.0,0.0,-1.0,1.0,1.0,-1.0,2.0,-3.079020257821014,0.036168433651762553,908f2137-a79d-4fd7-9f29-a3ef2d6119b4
1.0,65.756294,104.8,10.100000000000001,0.0,4.0,1.0,0.0,0.0,0.0,0.0,0.0,1.0,0.0,0.0,0.0,-2.0,-1.0,-1.0,0.0,6.060055634833873,0.5734883472502699,d4a220ce-abcc-4566-b57c-2c94704be0b1
1.0,55.60036,86.2,32.900000000000006,0.0,3.0,1.0,0.0,0.0,0.0,0.0,0.0,1.0,0.0,0.0,1.0,0.0,1.0,0.0,1.0,2.403087005483261,0.5283122656503172,16dd3a50-6c75-448e-8afb-e32f49082ee6
1.0,55.60036,86.2,32.900000000000006,0.0,5.0,1.0,0.0,0.0,0.0,0.0,0.0,1.0,0.0,0.0,2.0,-1.0,0.0,1.0,0.0,3.655880502033272,0.013192908110947347,ac5ea7ab-b994-44dc-aa3d-c02f50ab7d78
1.0,67.07168,110.1,8.399999999999999,0.0,4.0,1.0,0.0,0.0,0.0,0.0,0.0,1.0,0.0,0.0,2.0,-1.0,-1.0,-2.0,2.0,5.8206990152526705,0.7905716755136514,aaa3a0f2-f53e-42bb-a2e3-8df57551dd9c
1.0,44.3158,78.0,9.399999999999999,0.0,3.0,1.0,0.0,0.0,0.0,0.0,0.0,0.0,0.0,0.0,1.0,0.0,0.0,0.0,1.0,6.531723499079167,0.26525323754564173,d3763726-44a0-4101-9eee-fb741a4eae9d
1.0,79.45817,106.5,13.200000000000003,0.0,4.0,1.0,0.0,0.0,0.0,0.0,0.0,1.0,0.0,0.0,3.0,0.0,1.0,2.0,-1.0,4.871437192066998,0.465790685913393,ea5832b9-7ab1-45fe-a792-4e8bc3e2b85e
1.0,49.703117,109.2,8.399999999999999,0.0,3.0,1.0,0.0,0.0,0.0,0.0,0.0,0.0,0.0,0.0,0.0,1.0,-1.0,-1.0,-1.0,1.576970277275148,1.0660128531661741,c47495c0-bbcd-47c3-bec5-a5c786278d4b
1.0,27.542875,28.400000000000006,11.100000000000001,0.0,2.0,1.0,0.0,0.0,0.0,0.0,0.0,0.0,0.0,0.0,0.0,1.0,0.0,0.0,2.0,3.6579939358637716,0.008601125968809596,35bd2b7c-a817-4fa8-b6c4-85fc4c57b15d
1.0,19.210674,37.3,1.5,1.0,2.0,1.0,0.0,0.0,0.0,0.0,0.0,0.0,0.0,0.0,0.0,3.0,1.0,0.0,2.0,-2.3536940876658066,0.256798067368519,d263c522-36cd-4beb-999d-c05d36200d02
1.0,60.105324,24.2,0.3999999999999986,1.0,4.0,1.0,0.0,0.0,0.0,0.0,0.0,0.0,0.0,0.0,-3.0,2.0,0.0,0.0,1.0,-8.646943496460782,0.24802087149487426,edc6642a-bd00-429d-a591-5e79c533531b
1.0,69.56069,114.0,4.0,0.0,4.0,1.0,0.0,0.0,0.0,0.0,1.0,0.0,0.0,0.0,1.0,-2.0,-1.0,1.0,-2.0,6.804358227807519,0.3511996903012933,1b3e5088-f636-4a24-8292-ba5f0313365c
1.0,66.471344,39.0,18.299999999999997,1.0,3.0,1.0,0.0,0.0,0.0,1.0,0.0,1.0,0.0,0.0,1.0,-2.0,-2.0,0.0,-2.0,-0.9949068905896112,0.03161611910261125,8a006f4c-ab05-4ec0-bd0f-f30b29368082
0.0,,,,,,,,,,,,,,,,,,,,,,e4fcdd5a-7740-46b4-a663-ef6c0b1c8e6a
1.0,44.826443,42.5,20.200000000000003,0.0,2.0,1.0,0.0,0.0,0.0,0.0,0.0,1.0,0.0,0.0,0.0,4.0,3.0,0.0,2.0,-3.0035189483289795,0.4841370655250809,15671c59-65dc-4d59-bb8d-1d5c913dd82e
1.0,52.867096,103.5,3.0,0.0,3.0,1.0,0.0,0.0,0.0,0.0,0.0,0.0,0.0,0.0,1.0,-3.0,-2.0,0.0,-2.0,5.5905890548722805,0.1423032999589323,3a1b61b2-534d-4def-a6db-816489f9cfe8
1.0,40.460476,0.0,40.0,0.0,2.0,1.0,0.0,0.0,0.0,0.0,0.0,0.0,1.0,0.0,0.0,2.0,4.0,0.0,4.0,-7.7466064504462455,0.1784500071617888,48402acc-6500-4ccc-bcc8-061093e17ade
1.0,77.17318,108.6,1.5,0.0,2.0,1.0,0.0,0.0,0.0,0.0,0.0,0.0,0.0,0.0,1.0,-1.0,0.0,0.0,-2.0,9.973536283319012,0.8011059918369977,48d5d3e0-aa2b-4a50-9bfb-cfab62c88e2f
1.0,60.504875,113.0,4.100000000000001,0.0,3.0,1.0,0.0,0.0,0.0,0.0,1.0,0.0,0.0,0.0,3.0,-2.0,-1.0,2.0,-2.0,5.219954983982281,0.5921321217813651,fa74d0fa-667b-48c6-a60e-a8a563b7a328
0.0,,,,,,,,,,,,,,,,,,,,,,0e132039-d33c-49fa-b0d6-e19029bc655d
1.0,47.869926,62.2,18.299999999999997,0.0,2.0,1.0,0.0,0.0,0.0,0.0,0.0,0.0,0.0,0.0,0.0,-1.0,2.0,1.0,1.0,1.2989316460077784,2.553787425418116,571cc8aa-6717-4bdf-b585-abf2eade6b30
0.0,,,,,,,,,,,,,,,,,,,,,,00c78720-4fb3-48f7-9d06-2b5af206365f
1.0,59.61518,114.0,4.0,0.0,4.0,1.0,0.0,0.0,0.0,0.0,1.0,0.0,0.0,0.0,2.0,1.0,1.0,1.0,1.0,13.588827138733503,0.9735985180842668,afacbc32-d63a-4639-b28e-2af090610cf1
0.0,,,,,,,,,,,,,,,,,,,,,,960f3f47-1b95-4470-b35b-181723539cf9
1.0,42.2167,8.7,32.9,1.0,2.0,1.0,0.0,0.0,0.0,0.0,0.0,0.0,0.0,0.0,-1.0,0.0,0.0,0.0,1.0,-1.0740963684580365,1.4200711878028835,ea65f2f2-41d6-4e4a-8173-68131e58b1ef
1.0,46.157665,2.1,24.1,1.0,3.0,1.0,0.0,0.0,0.0,0.0,0.0,0.0,0.0,0.0,-1.0,2.0,0.0,0.0,0.0,-6.565186400792753,1.9360877945899369,67b9c5a1-1703-4189-a95a-81b2a8606c8b
1.0,39.772476,115.7,23.700000000000003,0.0,3.0,1.0,0.0,0.0,0.0,0.0,0.0,0.0,0.0,1.0,1.0,-3.0,0.0,0.0,0.0,7.863216855704513,0.6246522725518134,b52a5b16-a7a3-4863-917c-806fdf86e934
1.0,63.42184,112.1,2.3999999999999986,0.0,3.0,1.0,0.0,0.0,0.0,0.0,0.0,0.0,0.0,0.0,0.0,-2.0,0.0,0.0,1.0,5.113358317255667,2.6485172701607564,a69dcdfa-1b25-4182-b465-b7a0b27ce4e2
1.0,52.587452,100.1,18.700000000000003,0.0,3.0,1.0,0.0,0.0,0.0,0.0,0.0,0.0,0.0,1.0,1.0,-1.0,-1.0,1.0,-1.0,4.475117052703201,0.5112613624672159,e4bbbdc7-8524-41db-baf1-7e8b574ff80c
1.0,6.8963757,57.8,19.9,1.0,1.0,1.0,0.0,0.0,0.0,0.0,0.0,0.0,0.0,0.0,0.0,-1.0,3.0,3.0,-1.0,5.345039730051951,0.3078747699963987,88cfa140-7cc7-476c-8efc-cbe9868c0067
1.0,71.08811,114.0,4.0,0.0,4.0,1.0,0.0,0.0,0.0,0.0,1.0,0.0,0.0,0.0,1.0,1.0,-1.0,-1.0,0.0,8.490675880106554,1.0031198660091452,81b000e5-044d-4258-a7c2-a67af271ec4f
1.0,74.272,114.0,4.0,0.0,3.0,1.0,0.0,0.0,0.0,0.0,1.0,0.0,0.0,0.0,2.0,0.0,1.0,1.0,0.0,6.874373592329173,0.07394701926071062,50e0b58d-3025-4a93-ac19-c7b7b88b2139
1.0,28.448198,28.6,21.7,1.0,3.0,1.0,0.0,0.0,0.0,0.0,0.0,0.0,0.0,0.0,-2.0,3.0,0.0,-1.0,2.0,-6.414265663718935,1.6288435658991842,971abd1e-4745-4454-9270-7c36c2acdf0b
1.0,64.14,113.0,4.100000000000001,0.0,3.0,1.0,0.0,0.0,0.0,0.0,1.0,0.0,0.0,0.0,3.0,-2.0,0.0,1.0,-2.0,7.571236288410076,0.8223906680264005,fe844449-8c84-4d71-87e2-b0b873bde687
1.0,60.46462,74.2,10.200000000000003,0.0,3.0,1.0,0.0,0.0,0.0,0.0,0.0,1.0,0.0,0.0,2.0,0.0,1.0,1.0,0.0,5.694145153860028,0.24338387825834965,abbbfee6-304b-49b9-a690-f9ec5dea0785
1.0,36.683647,27.5,29.5,0.0,2.0,1.0,0.0,0.0,1.0,0.0,0.0,0.0,0.0,0.0,0.0,1.0,0.0,1.0,0.0,1.078539453771807,0.4658320679541086,ab027e27-5cd7-4f06-8f18-458adac59703
1.0,19.20026,26.299999999999997,6.0,0.0,7.0,0.0,1.0,0.0,0.0,0.0,0.0,0.0,0.0,0.0,0.0,2.0,1.0,1.0,-1.0,0.20848985377375762,0.5037261818611546,ebcfb7e1-d86f-40d5-aab9-20d520f6d5d6
1.0,68.67146,98.7,17.4,0.0,3.0,1.0,0.0,0.0,0.0,0.0,0.0,0.0,0.0,0.0,3.0,-2.0,-1.0,2.0,-2.0,7.144364483413176,0.523437473738511,22271697-e400-4565-8ce4-fbb0f00680bf
1.0,70.026855,6.0,4.0,1.0,3.0,1.0,0.0,0.0,0.0,0.0,1.0,0.0,0.0,0.0,-1.0,2.0,-1.0,-1.0,1.0,-5.340056225041163,0.15882758832754043,5f904e20-4b2e-44f9-8c33-b9fdb4a05a31
1.0,40.21256,109.7,4.600000000000001,0.0,2.0,1.0,0.0,0.0,0.0,0.0,0.0,0.0,0.0,0.0,0.0,0.0,0.0,1.0,0.0,3.8021392315559,0.044241357982477234,6ac51f92-0fde-44f0-a136-69364dc2acc8
1.0,6.063827,8.8,28.299999999999997,1.0,2.0,1.0,0.0,0.0,0.0,0.0,0.0,0.0,0.0,1.0,3.0,3.0,0.0,1.0,-1.0,-0.8243390978632066,0.8992618768674219,91c0e410-bcb4-4a50-ab70-43add86e590e
1.0,37.84402,0.0,39.900000000000006,0.0,2.0,1.0,0.0,0.0,0.0,0.0,0.0,0.0,1.0,0.0,0.0,2.0,3.0,1.0,2.0,-0.8675026888093818,0.30097156350929655,590bf310-a47c-498c-9fed-dc42b433baa9
1.0,42.517998,110.8,14.5,0.0,2.0,1.0,0.0,0.0,0.0,0.0,0.0,0.0,0.0,0.0,0.0,0.0,0.0,0.0,0.0,2.9574916962069366,1.335362715685566,b3752a9b-9908-4619-be59-9763215faf37
1.0,62.093155,97.5,8.600000000000001,0.0,5.0,1.0,0.0,0.0,0.0,0.0,0.0,1.0,0.0,0.0,1.0,-1.0,0.0,1.0,-2.0,5.313729164633607,0.5875429650170364,ddcf3127-a165-4606-ac18-3db263cbc8a6
1.0,73.08037,7.0,4.100000000000001,1.0,4.0,1.0,0.0,0.0,0.0,0.0,1.0,0.0,0.0,0.0,0.0,1.0,1.0,-2.0,2.0,-2.68591268781263,0.12733923201904063,98c37f6a-b67b-4aa0-8ead-8f70e9ece5b8
1.0,58.114544,17.9,0.20000000000000284,1.0,3.0,1.0,0.0,0.0,0.0,0.0,0.0,0.0,0.0,0.0,-2.0,0.0,0.0,-1.0,0.0,-5.112620865049122,0.14437146597004225,3dabe86e-1e54-47bc-b18a-5ba69b7e3d94
1.0,59.817806,6.0,4.0,1.0,2.0,1.0,0.0,0.0,0.0,0.0,1.0,0.0,0.0,0.0,-1.0,-1.0,0.0,-1.0,2.0,-5.594919118358307,0.6880499502525667,47c30fd0-e166-4b5f-bb10-24e297618215
1.0,28.32543,6.599999999999994,20.4,0.0,2.0,1.0,0.0,0.0,1.0,0.0,0.0,0.0,0.0,0.0,-1.0,2.0,1.0,0.0,1.0,-1.959270773942467,0.8917537066846023,54c50412-dac6-4c60-a07d-2898f888d526
1.0,64.67426,6.0,4.0,1.0,3.0,1.0,0.0,0.0,0.0,0.0,1.0,0.0,0.0,0.0,-2.0,3.0,0.0,-2.0,0.0,-5.23201664111714,1.5080236314214759,c77489b0-9a1e-4950-99f9-b26d5bd593ed
1.0,13.017296,99.4,8.8,1.0,2.0,1.0,0.0,0.0,0.0,0.0,0.0,0.0,0.0,1.0,-1.0,0.0,-1.0,-2.0,0.0,-4.134646956359724,0.26463497193322816,4450e16e-5df6-4941-8ae0-e2d3434975fd
1.0,67.19234,114.0,4.0,0.0,3.0,1.0,0.0,0.0,0.0,0.0,1.0,0.0,0.0,0.0,1.0,-4.0,0.0,1.0,0.0,7.483632252267172,0.03490815837237135,da77b443-e083-4c59-862f-4f46329a9201
1.0,73.66478,6.9,3.1000000000000014,1.0,3.0,1.0,0.0,0.0,0.0,0.0,0.0,1.0,0.0,0.0,-1.0,1.0,0.0,-1.0,2.0,-5.217213612665663,0.7717318359618183,88b65e00-b530-415f-8971-dd6636b38512
1.0,51.30078,42.3,2.3999999999999986,1.0,3.0,1.0,0.0,0.0,0.0,0.0,0.0,0.0,0.0,0.0,-2.0,1.0,2.0,-3.0,5.0,-7.4318403570053775,0.44747560149727283,a26d0120-a686-42bd-b9ea-db35d8fb4305
1.0,18.409237,28.799999999999997,2.299999999999997,0.0,2.0,1.0,0.0,0.0,0.0,0.0,0.0,0.0,0.0,0.0,1.0,0.0,3.0,1.0,1.0,3.0038420855337575,0.4932826124784332,7999fb35-32a0-4cfc-b4d1-ad67dd6422bb
1.0,56.555283,27.4,16.9,1.0,4.0,1.0,0.0,0.0,0.0,0.0,0.0,1.0,0.0,0.0,-1.0,3.0,1.0,-2.0,3.0,-4.382644557285252,0.5758800056146878,4f2fb303-091b-44f0-8dab-c82e11990391
1.0,48.375614,0.0,39.900000000000006,0.0,2.0,1.0,0.0,0.0,0.0,1.0,0.0,0.0,1.0,0.0,0.0,3.0,3.0,1.0,2.0,-1.1113263388907,0.14360335206230007,6dc26e59-4f8b-4169-8d12-d9f76f1b7234
1.0,15.181897,77.2,12.0,1.0,3.0,1.0,0.0,0.0,0.0,0.0,0.0,0.0,0.0,0.0,-1.0,0.0,0.0,0.0,-2.0,-3.9360063693113148,0.44666423753604967,d1e7a98f-bca7-4884-bd4d-c8d76acbecc8
1.0,17.78595,96.0,16.5,1.0,3.0,1.0,0.0,0.0,0.0,0.0,0.0,0.0,0.0,0.0,-2.0,-1.0,-4.0,-4.0,-2.0,-0.8256337386425194,0.05929232479497749,da871896-2869-4b8c-9555-218979bc35ed
1.0,45.04187,35.2,9.799999999999997,1.0,2.0,1.0,0.0,0.0,0.0,0.0,0.0,0.0,0.0,0.0,0.0,-1.0,-1.0,-1.0,0.0,-2.2373004637739076,0.14607383089157178,effadaac-f84f-4112-9a15-a8cf2d836cbd
1.0,22.539965,23.299999999999997,20.200000000000003,0.0,1.0,1.0,0.0,0.0,0.0,0.0,0.0,0.0,0.0,0.0,1.0,0.0,3.0,1.0,3.0,1.702108770024545,0.39311962668887945,ff34d868-9775-492f-af59-870e31c2d297
1.0,12.332883,97.0,9.100000000000001,1.0,6.0,1.0,0.0,0.0,0.0,0.0,0.0,0.0,0.0,0.0,-3.0,1.0,0.0,-3.0,1.0,-2.1597577656824156,0.5910577780582361,4f3e29ed-01eb-4be8-9b3b-d67247047324
1.0,70.02578,92.9,29.0,0.0,4.0,1.0,0.0,0.0,0.0,0.0,0.0,1.0,0.0,0.0,1.0,2.0,1.0,1.0,0.0,3.3740351656757195,0.6799586983124087,86ccd188-1a06-4efe-96cd-8a548b96e62d
1.0,13.223085,75.8,18.200000000000003,0.0,2.0,1.0,0.0,0.0,0.0,0.0,0.0,0.0,0.0,0.0,0.0,0.0,2.0,-1.0,3.0,-3.733691209739468,0.44300544940591385,aba8908b-b636-498d-974e-b9bd884f0dad
1.0,54.49853,6.0,4.0,1.0,4.0,1.0,0.0,0.0,0.0,0.0,1.0,0.0,0.0,0.0,0.0,0.0,-1.0,0.0,0.0,-0.5011061396693517,0.24852116112867728,f788f223-30a3-4bb1-bd96-9622d43e8585
1.0,60.064632,28.6,34.0,1.0,3.0,1.0,0.0,0.0,0.0,0.0,0.0,0.0,0.0,0.0,0.0,0.0,-2.0,-1.0,1.0,-0.6524977317857008,0.5558207254770934,674a451a-118b-4bc5-a436-fe7015cf0d74
1.0,26.819769,87.6,4.200000000000003,0.0,2.0,1.0,0.0,0.0,0.0,0.0,0.0,0.0,0.0,0.0,3.0,-1.0,1.0,1.0,-1.0,6.760606502718023,1.460238285967422,226470dd-6e28-48ba-8a71-29db4c13efbe
1.0,26.90669,60.4,7.299999999999997,0.0,2.0,1.0,0.0,0.0,0.0,0.0,0.0,0.0,0.0,0.0,0.0,2.0,1.0,0.0,1.0,-2.8666613663866185,0.03676462608645596,c5855215-ea18-4f9f-8850-4e0c3b8879e8
1.0,26.475649,50.9,39.9,1.0,2.0,1.0,0.0,0.0,0.0,0.0,0.0,0.0,0.0,0.0,-2.0,1.0,0.0,0.0,-1.0,-6.1171086669042305,0.13520189402109886,ce8f4504-1b43-4377-a637-df11ba24d969
1.0,4.830114,45.5,32.3,0.0,3.0,0.0,1.0,0.0,0.0,0.0,0.0,0.0,0.0,0.0,2.0,1.0,-1.0,0.0,0.0,-0.5472612200430227,0.43478132142195586,1ad65e45-025f-4c00-ba0a-b703b08470e0
1.0,63.94263,114.0,4.0,0.0,3.0,1.0,0.0,0.0,0.0,0.0,1.0,0.0,0.0,0.0,1.0,-2.0,-1.0,0.0,-1.0,4.213386413924352,0.7695183290462586,46430c6a-a25e-472c-998d-b23fb7ad6cf2
0.0,,,,,,,,,,,,,,,,,,,,,,fb50d2d2-db41-4eb9-a5d5-b007fba3516e
1.0,65.149826,105.5,5.299999999999997,0.0,4.0,1.0,0.0,0.0,0.0,0.0,0.0,0.0,0.0,0.0,1.0,-1.0,-2.0,0.0,-1.0,5.961555772345948,0.4246217433386956,209ff6d5-c8e7-4c0c-b169-356cba8aeefa
0.0,,,,,,,,,,,,,,,,,,,,,,04295459-bea1-4e4f-be52-f7bb08b2901d
1.0,47.051144,100.1,35.0,0.0,3.0,1.0,0.0,0.0,0.0,0.0,0.0,0.0,0.0,0.0,0.0,1.0,2.0,0.0,1.0,3.1759317970844347,0.12295328997306798,50104f0c-9312-4411-96da-065aa88a5fd9
1.0,42.00595,4.5,20.9,1.0,3.0,1.0,0.0,0.0,0.0,0.0,0.0,0.0,0.0,0.0,-1.0,1.0,1.0,1.0,0.0,-3.5425663082513257,1.1814008556652316,feff9f88-0593-48ba-8985-a2cddc6f0ad8
1.0,52.1237,113.9,9.899999999999999,0.0,3.0,1.0,0.0,0.0,0.0,0.0,0.0,0.0,0.0,1.0,0.0,-1.0,1.0,0.0,0.0,2.6272687813818845,0.6095182360893965,f40d1bec-1e88-4c89-a8bc-e5de19ebbd93
1.0,61.664413,93.8,15.200000000000003,0.0,3.0,1.0,0.0,0.0,0.0,0.0,0.0,0.0,0.0,0.0,2.0,-2.0,0.0,1.0,-1.0,7.0722284036472995,1.457213165051273,38b8ea03-7e0c-4442-b94b-d6d85cbbcf9d
1.0,65.663536,104.5,28.099999999999994,0.0,3.0,1.0,0.0,0.0,0.0,0.0,0.0,0.0,0.0,0.0,2.0,-1.0,1.0,0.0,1.0,7.000031823213274,0.43882712743637875,41dbc26f-4b41-4553-b935-cb749965cd16
1.0,25.251732,30.200000000000003,20.700000000000003,0.0,2.0,1.0,0.0,0.0,0.0,0.0,0.0,0.0,0.0,0.0,0.0,3.0,1.0,1.0,1.0,-4.443560859610093,0.4624296508896992,71b1bd34-4e24-46b6-a4f4-ce08f4989376
1.0,47.410233,2.3,1.7999999999999972,1.0,4.0,1.0,0.0,0.0,0.0,0.0,0.0,0.0,0.0,0.0,-2.0,2.0,0.0,0.0,0.0,-4.958003052424765,1.3303739473084808,960b587b-ce84-49ca-9eea-dcad406bcb38
1.0,53.446236,95.3,10.5,0.0,3.0,1.0,0.0,0.0,0.0,0.0,0.0,0.0,0.0,0.0,2.0,0.0,1.0,1.0,0.0,5.404744956653905,0.7055575132641212,ea6ab8b9-6291-4c0c-b659-195ee3a96b49
1.0,62.661633,114.0,4.0,0.0,4.0,1.0,0.0,0.0,0.0,0.0,1.0,0.0,0.0,0.0,1.0,-4.0,-1.0,1.0,-3.0,6.702092855046203,0.2794460183270848,eb143927-9f31-4228-af57-d4b2629c0fac
1.0,56.339153,103.4,13.700000000000003,0.0,4.0,1.0,0.0,0.0,0.0,0.0,0.0,0.0,0.0,0.0,1.0,-1.0,0.0,0.0,0.0,10.309751602502473,1.0606982279890549,d106d3ef-fde8-471d-bab5-059ba54d757b
1.0,75.81695,114.0,4.0,0.0,4.0,1.0,0.0,0.0,0.0,0.0,1.0,0.0,0.0,0.0,1.0,-4.0,-2.0,0.0,-2.0,7.444136793807569,0.6045761115812606,a38963c5-a23a-41d8-bea9-f63e82b983a4
1.0,56.51168,104.0,1.7999999999999972,0.0,3.0,1.0,0.0,0.0,0.0,0.0,0.0,0.0,0.0,0.0,3.0,-1.0,1.0,-1.0,2.0,3.25796664404859,0.5478987958028582,179e6961-4cb6-47be-a6df-be0e0ff5da87
1.0,56.51168,16.0,1.7999999999999972,1.0,5.0,1.0,0.0,0.0,0.0,0.0,0.0,0.0,0.0,0.0,-2.0,-1.0,-2.0,-3.0,0.0,-4.409801183838946,0.16502672904957932,dc848ad5-6fe5-490a-b19e-30566b10fd6d
1.0,68.56238,114.0,4.0,0.0,4.0,1.0,0.0,0.0,0.0,0.0,1.0,0.0,0.0,0.0,1.0,-3.0,-2.0,1.0,-1.0,6.734635400128351,1.0083366953011692,1cf426ad-e8f1-4081-bd14-23b223cf4950
1.0,35.347702,21.299999999999997,29.200000000000003,0.0,1.0,1.0,0.0,0.0,1.0,0.0,0.0,0.0,0.0,0.0,0.0,3.0,2.0,0.0,3.0,-2.275911125093252,1.6160431583618602,77b6c46b-3cf4-4c7e-b795-9692fa1e51eb
1.0,63.03412,114.0,4.0,0.0,3.0,1.0,0.0,0.0,0.0,0.0,1.0,0.0,0.0,0.0,3.0,-3.0,0.0,0.0,-1.0,7.8434022720663314,1.0725492218134294,c0e6a41b-ec23-42a2-88c5-2b9f51a30dda
1.0,45.671875,70.8,32.599999999999994,0.0,2.0,1.0,0.0,0.0,0.0,0.0,0.0,0.0,0.0,0.0,1.0,1.0,0.0,1.0,0.0,5.354620222185181,0.004027635955309658,bf845c50-8c44-4489-95da-47445273faae
1.0,45.718376,4.7,5.600000000000001,1.0,3.0,1.0,0.0,0.0,0.0,0.0,0.0,0.0,0.0,1.0,-1.0,0.0,1.0,-1.0,0.0,-5.5915405062643995,2.1816249273693473,88d781b3-5bca-4c9e-84ad-c76f76a9b9ba
1.0,63.407887,7.0,4.100000000000001,1.0,3.0,1.0,0.0,0.0,0.0,0.0,1.0,0.0,0.0,0.0,-3.0,3.0,2.0,-1.0,1.0,-6.320303116069681,0.7865146262622333,15b994c2-fb3d-48b7-bb06-5f091dd2b590
1.0,61.116447,6.0,4.0,1.0,3.0,1.0,0.0,0.0,0.0,0.0,1.0,0.0,0.0,0.0,0.0,2.0,1.0,-1.0,1.0,-6.035684685005737,0.3949767600912635,6cf8748d-174a-4e69-95b7-4d8bb8b727cb
1.0,39.583458,33.9,13.600000000000001,1.0,2.0,1.0,0.0,0.0,0.0,0.0,0.0,0.0,0.0,0.0,0.0,1.0,-1.0,-1.0,0.0,-4.960499056982785,0.49275184711834286,72c7cab3-adcb-4fe8-a4af-14489b961231
1.0,13.682105,101.3,29.900000000000006,1.0,2.0,0.0,1.0,0.0,0.0,0.0,0.0,0.0,0.0,1.0,-1.0,-1.0,-3.0,-4.0,0.0,3.9790508461945713,0.7313322752340792,71f7f932-25b2-48a9-bb82-761eab65973a
1.0,45.57247,0.0,40.0,0.0,2.0,1.0,0.0,0.0,0.0,1.0,0.0,0.0,1.0,0.0,0.0,5.0,4.0,1.0,3.0,3.065024235036274,0.1425119191939626,7e2090f9-0c06-457b-9368-af6b919575a3
1.0,37.547436,0.0,40.0,0.0,2.0,1.0,0.0,0.0,0.0,0.0,0.0,0.0,1.0,0.0,0.0,0.0,2.0,0.0,2.0,-1.1722314850895925,0.023962832769779195,c3bef5b0-127e-496c-b659-7996fd51da81
1.0,43.371075,0.0,39.900000000000006,0.0,2.0,1.0,0.0,0.0,0.0,1.0,0.0,0.0,1.0,0.0,0.0,0.0,2.0,0.0,2.0,-3.211478766020602,0.13010464434887614,40591a32-e934-4762-8384-ba9fe75c0781
1.0,37.085037,0.0,40.0,0.0,2.0,1.0,0.0,0.0,0.0,0.0,0.0,0.0,1.0,0.0,0.0,2.0,2.0,1.0,2.0,-1.1868283421339496,0.038327469174203856,c6223ac5-4d03-4cad-a21c-3322221db636
1.0,38.73306,0.0,39.900000000000006,0.0,2.0,1.0,0.0,0.0,0.0,0.0,0.0,0.0,1.0,0.0,1.0,0.0,2.0,0.0,1.0,1.677934928640079,0.3743105248053178,8c2a9ca4-5d99-4c83-8729-f26dc5bca57d
1.0,12.425779,0.29999999999999716,15.299999999999997,0.0,2.0,1.0,0.0,0.0,0.0,0.0,0.0,0.0,0.0,0.0,4.0,2.0,3.0,2.0,1.0,5.769073678635938,1.5821826487021415,cf04b21f-f682-404d-881e-9ce0eab325c6
1.0,41.44032,9.0,1.7999999999999972,1.0,3.0,1.0,0.0,0.0,0.0,0.0,0.0,0.0,0.0,0.0,-1.0,1.0,1.0,0.0,2.0,-4.408592357171193,0.24680980582661885,7096eab2-d666-4333-862b-3993fca4b362
1.0,60.47231,97.3,22.299999999999997,0.0,4.0,1.0,0.0,0.0,0.0,0.0,0.0,1.0,0.0,0.0,2.0,-2.0,-1.0,1.0,-1.0,7.466009354042307,0.8362476815660104,30bdb7fa-3a37-4804-8c1e-013184808a6b
1.0,68.4697,108.7,0.8999999999999986,0.0,3.0,1.0,0.0,0.0,0.0,0.0,0.0,0.0,0.0,0.0,1.0,-3.0,0.0,0.0,-1.0,9.934520646002909,0.724255419120926,4b755b7f-8887-4908-847f-8557abeec4c3
1.0,51.35017,56.0,13.899999999999999,1.0,3.0,1.0,0.0,0.0,0.0,0.0,0.0,0.0,0.0,0.0,-1.0,0.0,-1.0,0.0,-1.0,-9.097844933636635,0.16823417451412842,ae3bbe69-9e31-4036-a8c4-1bfb2f4265b1
1.0,55.73688,85.3,0.7999999999999972,0.0,3.0,1.0,0.0,0.0,0.0,0.0,0.0,0.0,0.0,0.0,0.0,0.0,1.0,1.0,1.0,10.85672117645254,0.0886505883488053,0562ce6f-d878-487b-a956-8497b79c6a9f
1.0,55.73688,85.3,0.7999999999999972,0.0,4.0,1.0,0.0,0.0,0.0,0.0,0.0,0.0,0.0,0.0,3.0,-3.0,0.0,1.0,-2.0,9.438402144995209,0.09966871274529626,a68f389a-78c3-4f3d-93ab-352459f11d06
1.0,64.98069,113.0,4.100000000000001,0.0,4.0,1.0,0.0,0.0,0.0,0.0,1.0,0.0,0.0,0.0,0.0,-4.0,-1.0,1.0,-2.0,3.5367424136696495,0.08491933981989247,47f21773-5e13-4d19-ad55-f8278a458ee5
1.0,18.470787,47.2,18.9,0.0,11.0,0.0,0.0,1.0,0.0,0.0,0.0,0.0,0.0,0.0,3.0,-2.0,-1.0,-2.0,1.0,3.400984658462119,0.4530015597450811,4c8ba09e-ba17-488d-ab8f-727f688db199
1.0,60.64099,99.8,14.0,0.0,3.0,1.0,0.0,0.0,0.0,0.0,0.0,0.0,0.0,0.0,0.0,-1.0,2.0,0.0,1.0,4.7976033325544405,1.0253987566400964,251c3036-aebf-42c9-8b29-9127e796ce4d
1.0,43.772366,31.400000000000006,37.099999999999994,0.0,2.0,1.0,0.0,0.0,1.0,0.0,0.0,0.0,0.0,0.0,1.0,1.0,1.0,0.0,1.0,0.5487045132315549,0.00640327817295796,56f519b4-fb1d-45e9-b386-7f978239fe66
1.0,26.819769,35.5,16.9,0.0,1.0,1.0,0.0,0.0,0.0,0.0,0.0,1.0,0.0,0.0,0.0,4.0,5.0,2.0,3.0,-4.461444832314111,0.8321958909731549,20aa68d3-72b9-4337-83e6-7be6e8d8c302
1.0,19.242142,24.6,20.5,1.0,2.0,1.0,0.0,0.0,0.0,0.0,0.0,0.0,0.0,0.0,1.0,0.0,0.0,2.0,-1.0,1.0053679234624462,2.0875064947057163,b91915c9-edce-4427-a9db-307a181a7f41
1.0,35.49042,8.2,3.299999999999997,1.0,2.0,1.0,0.0,0.0,0.0,0.0,0.0,0.0,0.0,0.0,0.0,3.0,-1.0,-1.0,2.0,-2.632006150726184,0.2436515112501749,9b0b205b-422c-462e-9a81-4cac78e4a871
1.0,64.8125,113.0,4.100000000000001,0.0,4.0,1.0,0.0,0.0,0.0,0.0,1.0,0.0,0.0,0.0,1.0,-1.0,0.0,1.0,-1.0,6.997177355989887,0.6848364493514123,4eb15e3f-f7da-497e-9a56-290198f6eab6
1.0,27.965157,39.7,16.700000000000003,0.0,2.0,1.0,0.0,0.0,0.0,0.0,0.0,1.0,0.0,0.0,0.0,0.0,1.0,3.0,-1.0,0.20250422055496697,0.09580492344653903,6a91ad03-a98c-479b-91ad-c3a6b6bad320
1.0,59.331696,114.0,4.0,0.0,3.0,1.0,0.0,0.0,0.0,0.0,1.0,0.0,0.0,0.0,0.0,0.0,-2.0,0.0,-2.0,4.606793560231572,0.9097644973926429,ac1de793-b5fc-4e4e-b4b0-eefd457bc898
1.0,65.196625,15.2,8.700000000000003,1.0,3.0,1.0,0.0,0.0,0.0,0.0,0.0,1.0,0.0,0.0,0.0,0.0,0.0,0.0,0.0,-5.145251222697329,0.7512279111914165,2b9b39a2-aff8-4bf4-99aa-0448aa87db3e
0.0,,,,,,,,,,,,,,,,,,,,,,e76420ea-22ef-45bb-a49b-7299d135b82b
1.0,8.521151,22.799999999999997,2.200000000000003,0.0,2.0,1.0,0.0,0.0,0.0,0.0,0.0,0.0,0.0,1.0,1.0,2.0,4.0,4.0,0.0,0.5605088549587947,0.5879303574147835,adb31b28-2288-454c-b3c9-e1446703080e
1.0,8.521151,97.2,2.200000000000003,1.0,3.0,1.0,0.0,0.0,0.0,0.0,0.0,0.0,0.0,1.0,-4.0,-2.0,-3.0,-2.0,-2.0,-1.099560226863076,0.1449031166677801,7abead64-0f23-40a5-8e3a-7c9cce2fe6c1
1.0,9.871676,72.8,14.299999999999997,1.0,2.0,1.0,0.0,0.0,0.0,0.0,0.0,0.0,0.0,1.0,0.0,0.0,0.0,0.0,1.0,-5.022046285593458,0.266046498751878,dcd5f091-f2e1-4ad6-ada8-02fcde31a665
1.0,52.00779,111.1,31.7,1.0,3.0,1.0,0.0,0.0,1.0,1.0,0.0,0.0,0.0,0.0,0.0,-3.0,0.0,0.0,-1.0,-4.111918266708372,0.18674407842180885,5fd30e67-39bf-4974-9c44-af7b5fd8c8e0
1.0,32.96862,17.200000000000003,37.0,0.0,1.0,1.0,0.0,0.0,1.0,0.0,0.0,0.0,0.0,0.0,2.0,2.0,2.0,1.0,0.0,-1.6916648066664282,0.1344782239430018,4f42b1e0-92af-4a2e-bdfb-824647e2ec82
1.0,57.36358,105.1,13.600000000000001,0.0,3.0,1.0,0.0,0.0,0.0,0.0,0.0,1.0,0.0,0.0,1.0,-3.0,1.0,0.0,0.0,6.2872102812328485,0.3711987740097237,cb12cb24-19e3-468a-bd67-bad9f08464b1
1.0,13.069813,35.099999999999994,31.400000000000006,0.0,1.0,1.0,0.0,0.0,0.0,0.0,0.0,0.0,0.0,0.0,1.0,0.0,1.0,0.0,0.0,1.8232643901715582,0.6189062726460857,94cdbbed-e998-41c1-a1d1-1ad9a339e360
1.0,33.10725,77.7,35.2,1.0,3.0,1.0,0.0,0.0,0.0,0.0,0.0,0.0,0.0,0.0,-1.0,0.0,-1.0,-2.0,1.0,-3.23532291507855,0.30437123530828103,5e65948c-4f34-4387-bd48-0881497f730f
1.0,50.55848,117.6,15.200000000000003,0.0,2.0,1.0,0.0,0.0,0.0,0.0,0.0,0.0,0.0,1.0,1.0,-1.0,0.0,-1.0,1.0,9.474600574765859,0.24556488133734064,005b7688-9d42-4c8b-a482-7c23b47c5c10
1.0,56.288277,16.9,11.600000000000001,1.0,3.0,1.0,0.0,0.0,0.0,0.0,0.0,0.0,0.0,0.0,-1.0,1.0,0.0,0.0,0.0,-3.800372365927526,0.4856824581217774,3b8d9291-f8e1-4285-9fec-364598db769b
1.0,7.937884,72.6,3.700000000000003,0.0,5.0,0.0,1.0,0.0,0.0,0.0,0.0,0.0,0.0,0.0,1.0,0.0,0.0,-1.0,-1.0,-0.09126918296880682,0.28984094673477473,a0fd6ae3-d53a-4580-a994-d477c8d731a2
1.0,67.7986,33.6,15.8,1.0,3.0,1.0,0.0,0.0,0.0,0.0,0.0,1.0,0.0,0.0,-2.0,2.0,-2.0,-2.0,2.0,-7.930521447364331,0.05516070922208852,c10dd888-c988-4733-8e88-c8ad8c39a7e9
1.0,48.237434,113.0,3.8999999999999986,0.0,3.0,1.0,0.0,0.0,0.0,0.0,1.0,0.0,0.0,0.0,0.0,-1.0,1.0,1.0,1.0,8.873194067668917,0.11176340210140755,788d2692-f5bc-456f-8fa0-bccab3c3b4d1
1.0,53.84914,117.1,13.600000000000001,0.0,3.0,1.0,0.0,0.0,0.0,0.0,0.0,0.0,0.0,1.0,0.0,-1.0,0.0,0.0,-1.0,7.90153870518982,0.36477091732605665,57f117bb-ea01-4c56-bf8a-cabf21ca8ba5
1.0,21.302582,14.700000000000003,16.1,0.0,1.0,1.0,0.0,0.0,0.0,0.0,0.0,0.0,0.0,1.0,-1.0,3.0,3.0,-1.0,4.0,0.849142411560198,0.47130113990115896,6efcd8b8-c0b1-44af-9cb8-518a8420e764
1.0,60.268234,99.3,8.899999999999999,0.0,2.0,1.0,0.0,0.0,0.0,0.0,0.0,0.0,0.0,0.0,0.0,1.0,1.0,1.0,1.0,1.256647812177473,1.2745809750781967,67b527cd-63fb-4891-b762-4fc13649b12d
1.0,33.663036,47.7,8.399999999999999,0.0,2.0,1.0,0.0,0.0,0.0,0.0,0.0,1.0,0.0,0.0,2.0,-1.0,1.0,2.0,-2.0,4.556517709985836,2.883766190863244,2880fd54-6463-4cb9-b346-9af77f91aa42
1.0,19.465097,28.599999999999994,5.799999999999997,0.0,4.0,0.0,1.0,0.0,0.0,0.0,0.0,0.0,0.0,0.0,0.0,0.0,0.0,1.0,-1.0,2.6188015273105147,0.5327986272174858,ca29e651-ae9f-4f2a-9f82-5afa2895ffe4
1.0,30.173166,10.599999999999994,33.400000000000006,0.0,2.0,1.0,0.0,0.0,1.0,0.0,0.0,0.0,0.0,0.0,1.0,2.0,2.0,0.0,2.0,-6.6217152734851705,1.7025141176873688,4cd59754-1214-4ac9-90ae-9f523e9d7f4c
1.0,55.22934,115.9,0.10000000000000142,0.0,4.0,1.0,0.0,0.0,0.0,0.0,0.0,0.0,0.0,0.0,2.0,-1.0,-1.0,1.0,-2.0,5.473399182468997,0.47937333562643536,6830a009-d6c7-4b5a-b6e7-2bed9fa8d3a9
1.0,14.863714,59.2,1.7999999999999972,0.0,2.0,1.0,0.0,0.0,0.0,0.0,0.0,0.0,0.0,1.0,2.0,-3.0,0.0,2.0,-1.0,5.773771734742735,0.07515660312831672,7a99b096-c80c-44e2-ac8d-0c6ecf86c534
1.0,9.848858,31.900000000000006,9.0,0.0,10.0,0.0,0.0,1.0,0.0,0.0,0.0,0.0,0.0,0.0,2.0,1.0,0.0,1.0,0.0,-1.6265027442598714,0.6216643189743233,ed90810d-3f74-4346-9421-746650673ff9
1.0,2.5,62.6,0.3999999999999986,0.0,0.0,0.0,1.0,0.0,0.0,0.0,0.0,0.0,0.0,0.0,-2.0,2.0,0.0,-1.0,1.0,-7.105699021824669,0.46934945399996764,dfe3442d-6758-4aeb-b944-1758caea3a82
1.0,11.734565,45.4,12.100000000000001,1.0,2.0,1.0,0.0,0.0,0.0,0.0,0.0,0.0,0.0,1.0,-1.0,0.0,1.0,-2.0,2.0,-0.11353241724931795,1.575580104189036,3352a10b-71a0-4930-b74e-6759acbf710d
1.0,52.466084,105.0,15.5,0.0,3.0,1.0,0.0,0.0,0.0,0.0,0.0,0.0,0.0,0.0,0.0,-1.0,-1.0,1.0,-2.0,8.462326577768012,0.009197558690258735,a5383c64-2f2b-490c-b3c4-ba166a29a403
1.0,34.00353,0.0,40.0,0.0,1.0,1.0,0.0,0.0,0.0,0.0,0.0,0.0,1.0,0.0,3.0,-2.0,0.0,0.0,0.0,4.740990126474148,0.14666234018344151,904f3fef-6e01-41aa-94d8-aa2355a09baf
1.0,42.39717,30.0,28.799999999999997,0.0,2.0,1.0,0.0,0.0,1.0,0.0,0.0,0.0,0.0,0.0,0.0,2.0,4.0,0.0,3.0,0.26769990284656764,0.7058413599504482,aac9bef7-fdbe-4d08-9cd1-005c6cfa0d0e
1.0,26.220602,45.7,18.799999999999997,0.0,1.0,1.0,0.0,0.0,0.0,0.0,0.0,0.0,0.0,1.0,2.0,1.0,3.0,1.0,1.0,5.313988969721617,0.36265577490390505,4677f0cc-36ba-4ff4-be7a-3f1565acc72e
1.0,45.224995,12.7,16.9,1.0,3.0,1.0,0.0,0.0,0.0,0.0,0.0,0.0,0.0,0.0,-2.0,3.0,0.0,-1.0,1.0,-6.400163893018911,0.20438042144870186,7690e5e0-e816-4e90-9a4a-c9ff299a393c
1.0,15.709869,55.8,16.0,0.0,3.0,1.0,0.0,0.0,0.0,0.0,0.0,0.0,0.0,0.0,0.0,-1.0,0.0,1.0,-2.0,3.9082616015713967,0.1495475215131102,5bc080e5-e9ab-4571-9025-f6ce6879c570
1.0,48.366207,92.9,29.299999999999997,0.0,3.0,1.0,0.0,0.0,0.0,0.0,0.0,0.0,0.0,0.0,1.0,-1.0,1.0,1.0,0.0,6.191321327879364,0.02632345216688804,72944bd4-579f-4fa1-b53c-7da783fa8952
1.0,26.815107,109.2,30.3,1.0,4.0,1.0,0.0,0.0,1.0,0.0,0.0,0.0,0.0,0.0,-3.0,1.0,-4.0,-3.0,0.0,-2.785691484192674,0.4328090470139432,57c92724-22d2-43ba-b6c6-fed377bd003d
1.0,62.332737,17.1,9.399999999999999,1.0,3.0,1.0,0.0,0.0,0.0,0.0,0.0,0.0,0.0,0.0,1.0,0.0,1.0,1.0,-1.0,-3.237189572974362,0.19848499550172746,c8a913b3-6bdf-4feb-a4c5-a60ccbf3850a
1.0,12.971122,74.1,7.600000000000001,1.0,1.0,1.0,0.0,0.0,0.0,0.0,0.0,0.0,0.0,1.0,0.0,-2.0,-2.0,-3.0,2.0,-0.08712108253787765,0.31600251824042036,587cca38-2f80-4f25-8ac4-67f5adf2809e
0.0,,,,,,,,,,,,,,,,,,,,,,da863651-1174-475b-83d5-abe666286376
1.0,56.396187,15.7,4.799999999999997,1.0,3.0,1.0,0.0,0.0,0.0,0.0,0.0,1.0,0.0,0.0,0.0,1.0,0.0,0.0,1.0,-2.385991874148063,0.29220807489886785,e9582368-c10a-4b9d-b27e-3eb17018700a
1.0,33.970577,15.5,40.0,0.0,2.0,1.0,0.0,0.0,0.0,0.0,0.0,0.0,0.0,0.0,1.0,1.0,5.0,3.0,0.0,3.4992025005883045,1.2851932306609075,4d27d079-c025-4eb6-b810-cbdcca0e52a2
1.0,33.84228,35.099999999999994,19.200000000000003,0.0,1.0,1.0,0.0,0.0,0.0,0.0,0.0,1.0,0.0,0.0,1.0,3.0,4.0,1.0,4.0,1.6993061533280356,0.10493717201176408,fc656abc-a88f-4fab-bdfd-ecd35aa91f75
1.0,65.431564,114.0,4.0,0.0,3.0,1.0,0.0,0.0,0.0,0.0,1.0,0.0,0.0,0.0,3.0,-1.0,0.0,0.0,0.0,9.77682004987436,0.8122550589393334,897e968a-908e-435e-a5d4-8edd7a19e237
1.0,1.7029387,4.299999999999997,14.899999999999999,0.0,3.0,1.0,0.0,0.0,0.0,0.0,0.0,0.0,0.0,1.0,3.0,2.0,4.0,2.0,2.0,-3.4238716420329567,1.8039325501865138,e546c776-a385-449d-aa6e-7ddb571d589c
0.0,,,,,,,,,,,,,,,,,,,,,,81e781eb-31cc-4a20-8c52-40ecc2da10cf
1.0,62.35415,7.0,3.8999999999999986,1.0,2.0,1.0,0.0,0.0,0.0,0.0,1.0,0.0,0.0,0.0,-2.0,2.0,2.0,1.0,1.0,-5.505696286953,0.45136109464135954,7f4b4079-f84d-49cf-b0fd-a36d82509bee
1.0,13.647344,74.8,10.0,0.0,2.0,1.0,0.0,0.0,0.0,0.0,0.0,0.0,0.0,1.0,3.0,-2.0,2.0,1.0,1.0,4.771163903764457,0.1349596157297211,06edd25d-fa1e-4e81-90be-dcdb44c039e9
1.0,62.32945,114.0,4.0,0.0,4.0,1.0,0.0,0.0,0.0,0.0,1.0,0.0,0.0,0.0,2.0,-1.0,-2.0,1.0,-4.0,5.651964503900221,0.7842044332957525,8124774e-66dc-42bb-b8b2-ac788c8a009d
1.0,11.964113,62.6,3.799999999999997,1.0,1.0,1.0,0.0,0.0,0.0,0.0,0.0,0.0,0.0,0.0,-2.0,2.0,0.0,-1.0,2.0,-5.324785287705166,0.0523413274664675,7b9cea1d-7875-471f-99b9-3d5454888c60
1.0,51.651234,14.6,7.0,1.0,4.0,1.0,0.0,0.0,0.0,0.0,0.0,0.0,0.0,0.0,-2.0,3.0,-1.0,-2.0,1.0,-11.025001060278402,0.04464016530180839,bd758bb3-31aa-4df0-9c54-626633db2168
1.0,39.09885,50.0,15.0,0.0,2.0,1.0,0.0,0.0,0.0,0.0,0.0,0.0,0.0,0.0,0.0,-2.0,0.0,1.0,0.0,7.032904238094279,0.1098556709940485,3c4596b8-bc28-4f22-81f3-f9f559bf0029
1.0,31.443441,11.599999999999994,40.0,0.0,2.0,1.0,0.0,0.0,0.0,0.0,0.0,0.0,0.0,0.0,1.0,1.0,4.0,2.0,3.0,2.776563820612723,0.034322511967259724,ed501b48-1005-4954-90fb-502d0b661cde
1.0,31.591928,51.900000000000006,34.900000000000006,0.0,2.0,1.0,0.0,0.0,0.0,0.0,0.0,0.0,0.0,0.0,3.0,-2.0,-1.0,2.0,-3.0,13.115388427504474,0.9270608941094476,e812e9f4-3158-4c33-a184-a649c2992b75
1.0,44.877724,87.1,5.700000000000003,0.0,2.0,1.0,0.0,0.0,0.0,0.0,0.0,0.0,0.0,0.0,2.0,-2.0,3.0,1.0,1.0,8.830587781674883,1.1294579238229547,c6d95b91-b456-47b1-8982-a7265691d483
1.0,44.881287,63.4,23.5,1.0,3.0,1.0,0.0,0.0,0.0,0.0,0.0,0.0,0.0,0.0,-1.0,-3.0,1.0,0.0,-1.0,-5.56243899275295,0.8756391805339783,d33e8bae-8678-4d23-a33d-9ff0aee61cff
1.0,35.337517,79.4,36.900000000000006,0.0,2.0,1.0,0.0,0.0,0.0,0.0,0.0,0.0,0.0,0.0,2.0,-2.0,0.0,-1.0,1.0,10.693401077261736,0.9189855828001762,776ed4c6-bb39-41a7-a9f4-58d18f828f30
1.0,40.34179,95.6,19.299999999999997,0.0,2.0,1.0,0.0,0.0,0.0,0.0,0.0,0.0,0.0,1.0,1.0,-1.0,1.0,0.0,1.0,4.897715544789783,0.2660431010905264,2fafffee-e602-4cf9-86dd-d42f13c7db77
1.0,26.321283,29.200000000000003,13.299999999999997,0.0,1.0,1.0,0.0,0.0,0.0,0.0,0.0,0.0,0.0,0.0,1.0,5.0,4.0,1.0,2.0,-4.470014101929008,0.6713043247418207,2818f2dc-439a-47c0-a01d-4fcb02d46c76
1.0,56.55316,49.3,27.0,1.0,3.0,1.0,0.0,0.0,0.0,0.0,0.0,1.0,0.0,0.0,-2.0,-1.0,-1.0,-1.0,0.0,-6.595485272158748,0.07670074092436197,7c806200-c2be-4453-8ee5-424be070898a
1.0,45.27306,112.6,2.1000000000000014,0.0,3.0,1.0,0.0,0.0,0.0,0.0,0.0,0.0,0.0,1.0,0.0,1.0,-1.0,-2.0,0.0,1.1087596036193617,1.633938809174687,997d99d7-3f53-48e0-8b44-945b66785bfc
1.0,59.45839,113.0,5.700000000000003,0.0,4.0,1.0,0.0,0.0,0.0,0.0,0.0,0.0,0.0,0.0,2.0,-2.0,0.0,0.0,1.0,5.320919757879437,0.32073463533672997,d0a56f9e-1453-4e1f-9262-5e4aeb73e278
1.0,39.65476,43.2,14.700000000000003,1.0,3.0,1.0,0.0,0.0,0.0,0.0,0.0,0.0,0.0,0.0,-1.0,0.0,0.0,1.0,0.0,-4.18796115360839,0.3578028031594231,437ffefa-5a2c-4b2d-b1d5-d029561b6a29
1.0,41.968678,51.9,20.9,1.0,3.0,1.0,0.0,0.0,0.0,0.0,0.0,0.0,0.0,0.0,-2.0,-1.0,0.0,-1.0,-1.0,-2.2257142921531665,1.8422177086275,9634b300-f45e-4c92-8762-3990e35e5fb2
1.0,25.717115,2.299999999999997,25.099999999999994,0.0,1.0,1.0,0.0,0.0,1.0,0.0,0.0,0.0,0.0,0.0,-1.0,0.0,1.0,0.0,0.0,1.4725381893101321,0.6060565357043587,53adfbd7-23de-48bb-bc54-1a7fd5b56d0f
1.0,66.33378,7.0,3.8999999999999986,1.0,3.0,1.0,0.0,0.0,0.0,0.0,1.0,0.0,0.0,0.0,-2.0,3.0,1.0,0.0,2.0,-8.712576657955092,0.07023856180640631,1ec919c6-033e-4e35-a2e5-a7c99718f13c
1.0,54.75765,8.6,7.5,1.0,2.0,1.0,0.0,0.0,0.0,0.0,0.0,0.0,0.0,0.0,0.0,-1.0,-1.0,0.0,-2.0,-2.1757312650297926,1.4439637071562057,15732b98-875c-4ea8-84d1-d704d6331f9b
1.0,35.638462,27.0,32.2,0.0,2.0,1.0,0.0,0.0,1.0,0.0,0.0,0.0,0.0,0.0,1.0,3.0,0.0,0.0,2.0,0.42785116004575663,2.477380108351046,91c1ddae-2039-4fff-8a65-86b3a2ed6c06
1.0,50.14828,101.2,31.299999999999997,0.0,2.0,1.0,0.0,0.0,0.0,0.0,0.0,0.0,0.0,0.0,0.0,0.0,1.0,0.0,1.0,2.092450993408349,0.09432815612499892,4aac9a1b-9d2d-4a7b-848a-9052e4afd383
1.0,9.542537,54.2,20.9,0.0,6.0,1.0,0.0,0.0,0.0,0.0,0.0,0.0,0.0,1.0,1.0,-1.0,1.0,1.0,1.0,1.8942331477473862,0.3890117980998406,41791865-9b6b-4ac1-94f9-99c2f3b2f8fb
1.0,58.697956,103.4,1.1000000000000014,0.0,4.0,1.0,0.0,0.0,0.0,0.0,0.0,0.0,0.0,1.0,2.0,0.0,0.0,1.0,-1.0,8.959522037806323,0.09807064103554872,e0a2f6f5-5c96-4a28-9dca-96a2f058ab35
1.0,50.464344,112.5,14.299999999999997,0.0,3.0,1.0,0.0,0.0,0.0,0.0,0.0,0.0,0.0,0.0,0.0,1.0,1.0,1.0,0.0,-0.4478432802527488,0.13015204517784215,46b7b81c-1439-4c72-b85b-d18ceeef4bbd
1.0,60.71285,116.2,8.700000000000003,0.0,4.0,1.0,0.0,0.0,0.0,0.0,0.0,0.0,0.0,0.0,1.0,-2.0,-2.0,-1.0,-1.0,12.168909701832694,0.10698099196209768,b04a5446-d892-410c-9285-aa4b9522c23d
1.0,9.108238,10.400000000000006,8.700000000000003,0.0,1.0,1.0,0.0,0.0,0.0,0.0,0.0,0.0,0.0,0.0,0.0,2.0,2.0,0.0,2.0,-0.3120720995721573,1.391771182032027,697c4e57-d50c-404f-8d40-7d7272cee305
0.0,,,,,,,,,,,,,,,,,,,,,,24fe1f55-d4ec-4491-8a3f-185b5d788197
1.0,34.546345,0.0,39.900000000000006,0.0,2.0,1.0,0.0,0.0,0.0,0.0,0.0,0.0,1.0,0.0,2.0,-2.0,2.0,4.0,-1.0,4.820675030588705,0.6142965562285753,c3474f25-a7c0-4f4b-b073-b8395089e350
1.0,40.38329,17.400000000000006,36.7,0.0,2.0,1.0,0.0,0.0,1.0,0.0,0.0,0.0,0.0,0.0,1.0,2.0,3.0,1.0,2.0,-1.7308861349752447,1.6169412519820996,0d0270fa-c52f-4167-a293-ed3ec3ad4dfd
1.0,43.488388,116.4,1.1000000000000014,0.0,3.0,1.0,0.0,0.0,0.0,0.0,0.0,0.0,0.0,0.0,1.0,1.0,0.0,1.0,0.0,1.3186882429318256,1.107210500826266,a40caa56-3e56-46e2-8f57-8e1790b9e1d8
1.0,5.047772,29.799999999999997,22.4,0.0,1.0,1.0,0.0,0.0,0.0,0.0,0.0,0.0,0.0,0.0,1.0,1.0,0.0,2.0,-1.0,3.4832114653035156,0.40653904659293827,914ee233-1a2d-45d3-9a4a-8f1944331af6
1.0,47.744843,74.9,19.9,0.0,2.0,1.0,0.0,0.0,0.0,0.0,0.0,0.0,0.0,0.0,3.0,-1.0,0.0,0.0,0.0,9.030182625372417,0.2744854234024264,d05bf69d-b84b-4269-8bc5-d56e61e2854b
1.0,22.393303,76.3,40.0,0.0,1.0,1.0,0.0,0.0,0.0,0.0,0.0,0.0,0.0,0.0,-1.0,-1.0,0.0,1.0,0.0,1.3093824804814203,0.7394734748646159,d483aee2-7872-4c01-ba06-a133fdb2b182
1.0,50.009,3.6,7.899999999999999,1.0,4.0,1.0,0.0,0.0,0.0,0.0,0.0,0.0,0.0,0.0,-2.0,1.0,0.0,-2.0,2.0,-5.141806111177317,0.4796642284659691,de1645d0-cf8e-4d41-8939-6fcf0db988cf
1.0,40.765305,113.0,26.799999999999997,0.0,4.0,1.0,0.0,0.0,0.0,0.0,0.0,0.0,0.0,0.0,1.0,2.0,2.0,0.0,3.0,2.6891028594557476,0.0025919156028960974,03244d0b-54a7-4abc-93dd-84ca9c62a7aa
1.0,59.073685,111.5,35.7,0.0,3.0,1.0,0.0,0.0,0.0,0.0,0.0,0.0,0.0,0.0,2.0,-2.0,2.0,1.0,0.0,4.941949704810392,0.34114477529891557,6a91b084-a6d9-4e86-a389-86dae36d955a
1.0,42.572525,3.0,32.8,0.0,2.0,1.0,0.0,0.0,1.0,1.0,0.0,0.0,0.0,0.0,0.0,3.0,4.0,1.0,2.0,1.5660561084453324,0.38952498579250405,213860da-9bdb-4c60-ab78-c6b2e6b8d8e2
1.0,18.248287,41.900000000000006,8.5,0.0,3.0,0.0,0.0,1.0,0.0,0.0,0.0,0.0,0.0,0.0,0.0,3.0,2.0,1.0,2.0,1.2122884580816518,0.46080987237302545,28c93e8f-d4d8-49f5-aad4-8b86d3016197
1.0,62.782322,113.0,4.100000000000001,0.0,4.0,1.0,0.0,0.0,0.0,0.0,1.0,0.0,0.0,0.0,1.0,-2.0,0.0,-1.0,-1.0,3.8253715985487604,0.404534104913922,4f69a75e-599b-409e-a863-e81e22fc6cb5
1.0,54.721203,71.3,7.299999999999997,0.0,3.0,1.0,0.0,0.0,0.0,0.0,0.0,0.0,0.0,0.0,3.0,-1.0,0.0,1.0,-1.0,5.168898107699854,0.02451868531566908,4bb0d451-f9b5-44ad-928f-08ef9116d6ad
0.0,,,,,,,,,,,,,,,,,,,,,,0f50d5d3-4fea-4511-a22e-affa93f3a6de
1.0,41.905846,80.2,13.0,0.0,2.0,1.0,0.0,0.0,0.0,0.0,0.0,0.0,0.0,0.0,-1.0,1.0,1.0,1.0,0.0,5.7311577223851184,0.013869888166815988,b4dfd1a3-495a-4438-b454-496f22d7c1ea
0.0,,,,,,,,,,,,,,,,,,,,,,267364d7-1919-4f4b-a62a-53b9a22d4caa
1.0,41.4,21.1,10.100000000000001,1.0,3.0,1.0,0.0,0.0,0.0,0.0,0.0,0.0,0.0,0.0,-1.0,-2.0,-1.0,-1.0,-1.0,-1.1647746785699766,0.0541627500924875,b7b4419b-fab3-443c-b47a-98b532c798e3
1.0,73.95222,6.0,4.0,1.0,4.0,1.0,0.0,0.0,0.0,0.0,1.0,0.0,0.0,0.0,-2.0,1.0,-2.0,0.0,-1.0,-5.261316681211118,0.9382269347248186,97283c0d-44b4-4004-aabe-b993458de629
1.0,82.02201,114.0,4.0,0.0,4.0,1.0,0.0,0.0,0.0,0.0,1.0,0.0,0.0,0.0,1.0,-1.0,-1.0,2.0,-3.0,4.898775021757107,0.46865139956585417,ac74c3f0-75e3-4e7b-be07-06bb833f5e9e
1.0,74.74122,113.0,3.8999999999999986,0.0,5.0,1.0,0.0,0.0,0.0,0.0,1.0,0.0,0.0,0.0,1.0,0.0,0.0,1.0,0.0,6.729006735614341,0.3358125821167367,c4e6dda2-1cdb-4ab8-8480-1d9007af5c09
0.0,,,,,,,,,,,,,,,,,,,,,,38a4c3f7-1b75-43e0-9f1f-1162fb0a1e02
1.0,23.742788,10.599999999999994,29.799999999999997,0.0,0.0,1.0,0.0,0.0,1.0,0.0,0.0,0.0,0.0,0.0,1.0,2.0,2.0,2.0,0.0,3.867307422152114,0.30275429826515665,1ba39d1f-7745-49de-bc0f-8a60bb0115f7
1.0,52.513046,0.0,40.0,0.0,1.0,1.0,0.0,0.0,0.0,1.0,0.0,0.0,1.0,0.0,0.0,5.0,3.0,2.0,2.0,-1.0383884718799479,0.16397630512551534,f8a0814b-69cc-49f5-ad37-51f309ec4b3e
0.0,,,,,,,,,,,,,,,,,,,,,,f017148c-bc30-453e-92c0-c9649fe9eb4c
1.0,48.585285,0.0,40.0,0.0,2.0,1.0,0.0,0.0,0.0,1.0,0.0,0.0,1.0,0.0,0.0,4.0,2.0,0.0,3.0,-2.2404758680853725,0.5616365469493815,5e562676-d364-446b-97ca-721ccdd427a5
1.0,44.34242,27.7,11.600000000000001,1.0,3.0,1.0,0.0,0.0,0.0,0.0,0.0,0.0,0.0,0.0,1.0,-1.0,0.0,1.0,0.0,-0.7094513740139661,1.2381969382216158,ac3fc61c-c03a-45c7-9835-b0fd27adf2ab
1.0,48.052055,63.3,35.0,0.0,3.0,1.0,0.0,0.0,0.0,0.0,0.0,0.0,0.0,0.0,1.0,2.0,1.0,1.0,0.0,2.5844685988881073,0.9934102915518674,3e1db397-00e6-478e-aed4-fb0f897e339d
1.0,7.8339005,59.3,9.100000000000001,0.0,2.0,1.0,0.0,0.0,0.0,0.0,0.0,0.0,0.0,0.0,2.0,-2.0,0.0,0.0,0.0,8.893507877567782,0.11207702201997032,adbcf44a-dfeb-4e0c-9bb6-0956bbf93927
1.0,53.73788,115.6,1.6000000000000014,0.0,3.0,1.0,0.0,0.0,0.0,0.0,0.0,0.0,0.0,0.0,3.0,-3.0,0.0,0.0,0.0,10.57204689813331,1.8815243933078392,ed56edb5-0c68-49e8-a17c-b44ad34ca84f
1.0,53.73788,115.6,1.6000000000000014,0.0,5.0,1.0,0.0,0.0,0.0,0.0,0.0,0.0,0.0,0.0,2.0,-5.0,0.0,0.0,-1.0,11.051487043126333,1.4284458036377954,e5c08760-47e6-4b75-8ae0-4aaef490ae05
1.0,65.65988,10.4,0.7999999999999972,1.0,3.0,1.0,0.0,0.0,0.0,0.0,0.0,1.0,0.0,0.0,-1.0,2.0,-2.0,-1.0,1.0,-6.050304279254128,1.5620348731303717,9ce5c18e-c2b8-44bf-bfff-0b2efb1e1d93
1.0,57.823353,7.0,3.8999999999999986,1.0,3.0,1.0,0.0,0.0,0.0,0.0,1.0,0.0,0.0,0.0,-1.0,2.0,1.0,1.0,-1.0,-7.8770080846034904,0.24546837930682938,e5fc1f4b-f966-4ec9-94a9-89d92f9757a0
1.0,23.497446,67.1,27.900000000000006,1.0,2.0,1.0,0.0,0.0,0.0,0.0,0.0,0.0,0.0,1.0,0.0,-1.0,-1.0,-1.0,0.0,-1.3764708545579163,1.0542651085264074,902b66d9-ab12-4de1-b860-62bb1f15cc6a
1.0,68.08715,87.9,4.799999999999997,0.0,4.0,1.0,0.0,0.0,0.0,0.0,0.0,0.0,0.0,0.0,-1.0,0.0,-4.0,0.0,-4.0,1.6460570631427345,0.2264119783659718,be437a13-0539-4698-9a55-3d1f2b5ba5a9
1.0,35.634956,0.0,40.0,0.0,1.0,1.0,0.0,0.0,0.0,0.0,0.0,0.0,1.0,0.0,2.0,-2.0,2.0,2.0,0.0,4.106787837867005,0.6268398808067815,1639f2c6-a885-4983-8240-4ce4f9c5b4ef
0.0,,,,,,,,,,,,,,,,,,,,,,831dfb8b-621b-488b-84de-26cad8a53746
1.0,4.356604,71.4,16.799999999999997,0.0,1.0,1.0,0.0,0.0,0.0,0.0,0.0,0.0,0.0,1.0,3.0,-2.0,0.0,1.0,0.0,7.3795386788415716,0.19947654307019957,a3eb41a9-f84d-4f73-9293-a7713f714e53
1.0,5.4,52.2,19.200000000000003,0.0,1.0,1.0,0.0,0.0,0.0,0.0,0.0,0.0,0.0,1.0,3.0,-3.0,1.0,1.0,-1.0,9.726041321185795,0.6892629717815986,bc22a0cd-59fc-4f89-bdd5-618a11e7de97
0.0,,,,,,,,,,,,,,,,,,,,,,ae64158a-1a65-4393-91c1-a21550610c82
1.0,74.72169,111.2,3.5,0.0,3.0,1.0,0.0,0.0,0.0,0.0,0.0,0.0,0.0,0.0,0.0,1.0,1.0,1.0,1.0,3.2852533049868065,0.48214342488805345,84f13e56-acb1-4331-b83c-fb58f9244991
1.0,64.845665,95.6,13.600000000000001,0.0,4.0,1.0,0.0,0.0,0.0,0.0,0.0,1.0,0.0,0.0,1.0,1.0,0.0,1.0,-1.0,1.5010202964208448,1.1903552042906995,519821e5-66af-432c-9aa7-01b19eef3b8f
1.0,81.72943,15.3,16.700000000000003,1.0,6.0,1.0,0.0,0.0,0.0,0.0,0.0,0.0,0.0,0.0,-3.0,-1.0,0.0,-1.0,0.0,-3.0988383937424553,0.4099711918604782,313c3490-1ee3-4da8-a65a-da630b9afe66
1.0,60.666714,114.9,0.6000000000000014,0.0,4.0,1.0,0.0,0.0,0.0,0.0,0.0,0.0,0.0,1.0,3.0,1.0,-1.0,0.0,-1.0,0.5811911593212784,0.15759314535304267,db478b75-179d-4eec-8e94-5ec9ee94bfe1
0.0,,,,,,,,,,,,,,,,,,,,,,9c5abba4-8f13-444a-808c-71b2685156e3
1.0,57.642,112.0,3.299999999999997,0.0,3.0,1.0,0.0,0.0,0.0,0.0,0.0,0.0,0.0,0.0,3.0,-3.0,1.0,1.0,0.0,6.913011967198306,0.004718464599923785,f8f1f605-fbf0-4f66-98e2-ec50b895af26
1.0,62.68094,7.0,4.100000000000001,1.0,3.0,1.0,0.0,0.0,0.0,0.0,1.0,0.0,0.0,0.0,-3.0,4.0,1.0,-1.0,2.0,-7.628736957153251,0.6866404305295827,bed8678b-cbc4-45e4-94ec-b08756102bea
1.0,6.8,63.4,10.899999999999999,1.0,2.0,1.0,0.0,0.0,0.0,0.0,0.0,0.0,0.0,1.0,1.0,-2.0,0.0,1.0,-1.0,7.0457928541734205,0.47318971523930536,8ee9c71e-2dfd-4ba1-a991-2914c8ebc265
1.0,22.11651,60.0,30.5,0.0,2.0,1.0,0.0,0.0,0.0,0.0,0.0,0.0,0.0,0.0,2.0,0.0,1.0,2.0,-1.0,5.311902899991092,0.016833703266219587,e43a61d7-e036-40a2-b0de-e610cba3ba5c
1.0,49.867825,11.6,24.5,1.0,4.0,1.0,0.0,0.0,0.0,0.0,0.0,0.0,0.0,0.0,-2.0,-2.0,0.0,1.0,-1.0,1.0236410185800118,0.7840012302923941,7ea9558f-4585-474f-8d4c-f07a8e4deb85
1.0,52.26557,12.7,3.3999999999999986,1.0,2.0,1.0,0.0,0.0,0.0,0.0,0.0,0.0,0.0,0.0,-2.0,0.0,0.0,0.0,0.0,-2.7220682275352783,0.3160168237218721,9aa540b4-46d9-4ca9-9e77-0d8c05feee05
1.0,27.692598,12.400000000000006,28.400000000000006,0.0,1.0,1.0,0.0,0.0,1.0,0.0,0.0,0.0,0.0,0.0,1.0,2.0,-1.0,1.0,-1.0,-0.0703499133697365,1.547166051811215,bf87d942-2633-4746-bb2f-281211814785
0.0,,,,,,,,,,,,,,,,,,,,,,318a1f9f-b08e-472c-b88f-33d4b51831d8
1.0,39.80804,4.3,3.8999999999999986,1.0,3.0,1.0,0.0,0.0,0.0,0.0,0.0,0.0,0.0,0.0,-1.0,1.0,-3.0,-2.0,0.0,-1.6021796665934822,0.7473525259827482,8407bf01-c857-45b0-9c18-f4b563db928e
1.0,11.86086,26.900000000000006,2.8999999999999986,0.0,3.0,1.0,0.0,0.0,0.0,0.0,0.0,0.0,0.0,0.0,0.0,0.0,2.0,3.0,-2.0,1.6413034311222834,0.03930872293386352,e3cc2315-95c7-4c28-bf15-d279032da588
0.0,,,,,,,,,,,,,,,,,,,,,,3dfa1f1a-5349-4af2-bb0a-80b3515f8e61
1.0,32.603832,63.6,16.3,1.0,3.0,1.0,0.0,0.0,0.0,0.0,0.0,0.0,0.0,0.0,-1.0,0.0,-1.0,-2.0,1.0,-1.4270132714625312,0.11254582235472467,fc67d500-3338-4a13-864a-e6448a23cf6d
1.0,73.2407,6.0,4.0,1.0,3.0,1.0,0.0,0.0,0.0,0.0,1.0,0.0,0.0,0.0,-2.0,2.0,2.0,0.0,0.0,-5.670330070057734,0.09897484344179155,86e65927-ee62-4691-9ec4-6e8fab34b344
1.0,17.513708,26.1,1.7000000000000028,1.0,2.0,1.0,0.0,0.0,0.0,0.0,0.0,0.0,0.0,0.0,0.0,-1.0,1.0,-1.0,2.0,1.4544637210787927,0.23450725583679563,e6524d4c-bd59-46c2-827d-5e09f0e8c726
1.0,62.603832,62.0,15.0,0.0,3.0,1.0,0.0,0.0,0.0,0.0,0.0,0.0,0.0,0.0,0.0,2.0,1.0,0.0,1.0,-8.45815392044908,0.5796551286058282,e4f1d3e3-9b11-48a8-add2-2b3174397a2d
1.0,5.0931325,104.2,0.7999999999999972,1.0,1.0,1.0,0.0,0.0,0.0,0.0,0.0,0.0,0.0,0.0,-2.0,-1.0,-2.0,0.0,-2.0,-0.30114147069991093,0.9085322792482758,b2d562ce-b22a-4cc1-afd0-0e53da51845f
1.0,36.682964,6.299999999999997,39.900000000000006,0.0,3.0,1.0,0.0,0.0,1.0,0.0,0.0,0.0,0.0,0.0,0.0,1.0,2.0,-1.0,2.0,2.516328040597137,0.8489522125794075,ea711b40-93e1-4135-b931-c1f6993a1368
1.0,66.960434,114.0,4.0,0.0,4.0,1.0,0.0,0.0,0.0,0.0,1.0,0.0,0.0,0.0,1.0,0.0,0.0,0.0,0.0,4.809279602378549,0.6618805816216552,04b8632b-f2be-4c71-9790-c8637934f432
1.0,68.844246,91.5,0.20000000000000284,0.0,4.0,1.0,0.0,0.0,0.0,0.0,0.0,1.0,0.0,0.0,1.0,2.0,0.0,-1.0,1.0,1.8132257744992013,1.1703589033132902,ce38bc5b-fb8b-43a0-b79b-e3e0c06dd16d
1.0,37.83398,0.0,39.900000000000006,0.0,2.0,1.0,0.0,0.0,0.0,0.0,0.0,0.0,1.0,0.0,0.0,-1.0,0.0,-1.0,-1.0,4.095199688279239,0.44086345647496594,84315370-d150-4a83-94c8-90da40a829a4
1.0,39.915535,0.0,39.900000000000006,0.0,1.0,1.0,0.0,0.0,0.0,0.0,0.0,0.0,1.0,0.0,0.0,1.0,4.0,2.0,1.0,0.45671840705555145,0.2919677524960191,6b793f75-5e5c-41ab-8f8f-6b5195b8bd54
1.0,47.76547,78.6,0.20000000000000284,0.0,3.0,1.0,0.0,0.0,0.0,0.0,0.0,0.0,0.0,0.0,0.0,1.0,-2.0,0.0,-2.0,-3.900037365392793,0.9204679642589304,cf4de2ea-7286-4ac3-a716-7cc7dae5f25b
1.0,48.6215,0.0,39.900000000000006,0.0,2.0,1.0,0.0,0.0,0.0,1.0,0.0,0.0,1.0,0.0,-1.0,4.0,3.0,-1.0,4.0,0.3438744462808163,1.0255996902968068,ace3e26f-1026-4c62-a30c-2e79e2033124
1.0,70.20256,114.0,4.0,0.0,3.0,1.0,0.0,0.0,0.0,0.0,1.0,0.0,0.0,0.0,3.0,1.0,1.0,0.0,0.0,1.8488306797055425,2.9721400398813818,df93d464-d0c8-4f03-805b-cf05f6519d1e
1.0,74.95666,18.4,13.200000000000003,1.0,4.0,1.0,0.0,0.0,0.0,0.0,0.0,1.0,0.0,0.0,-2.0,-1.0,-1.0,-1.0,-1.0,-1.6260638518567925,0.0553414123130422,6741179d-555b-49e6-b35c-7bb1d2e9cbde
1.0,20.931316,73.5,36.7,0.0,3.0,1.0,0.0,0.0,0.0,0.0,0.0,0.0,0.0,0.0,0.0,0.0,2.0,1.0,0.0,3.6393217946099155,0.011748630341255839,9328f022-5cec-4ea8-a4f4-89bc8a0f2f70
1.0,33.371845,83.4,40.0,0.0,2.0,1.0,0.0,0.0,0.0,0.0,0.0,0.0,0.0,0.0,1.0,2.0,2.0,2.0,-1.0,2.215185067585639,0.3589285168868199,0b1218c1-8e8d-49dd-9510-bfd4c33c2fb5
1.0,48.386463,65.7,1.5,1.0,2.0,1.0,0.0,0.0,0.0,0.0,0.0,0.0,0.0,0.0,0.0,-2.0,0.0,0.0,0.0,2.094235742663816,-1.0574874655996165,4a215247-90eb-4b97-b06e-655bff7caf20
1.0,33.71795,10.0,39.900000000000006,0.0,2.0,1.0,0.0,0.0,1.0,0.0,0.0,0.0,0.0,0.0,2.0,-1.0,-1.0,2.0,-2.0,3.786522879596942,0.6523868397380999,8290e883-eb72-4fb0-84e0-1724906791c5
0.0,,,,,,,,,,,,,,,,,,,,,,c69ee6a3-8b80-4a22-9874-855d817bf1a2
1.0,47.64032,9.6,18.799999999999997,1.0,2.0,1.0,0.0,0.0,0.0,0.0,0.0,0.0,0.0,1.0,0.0,-1.0,0.0,-1.0,0.0,-0.3312776334620988,0.2039513139915645,06d52f06-d445-4bbe-8e1b-7091617e5cf5
1.0,48.380264,10.4,7.799999999999997,1.0,3.0,1.0,0.0,0.0,0.0,0.0,0.0,0.0,0.0,0.0,1.0,1.0,0.0,-1.0,1.0,-1.5693656344957105,0.31289373815939997,8e48913e-924d-4324-a982-efaf60fd5e49
1.0,33.155693,28.599999999999994,15.0,0.0,2.0,1.0,0.0,0.0,0.0,0.0,0.0,0.0,0.0,0.0,0.0,4.0,1.0,-1.0,1.0,1.2429551767932843,0.3506408246619165,4652d201-fbec-4166-83ad-029ae8148e38
0.0,,,,,,,,,,,,,,,,,,,,,,fcddc737-f53f-4dd6-8cef-0725f2101082
1.0,54.713253,6.2,4.399999999999999,1.0,3.0,1.0,0.0,0.0,0.0,0.0,0.0,0.0,0.0,0.0,0.0,1.0,1.0,1.0,0.0,-5.015813870232257,1.6027714390654442,eab034e9-ca68-4912-a639-5896e2b6aed5
1.0,61.317616,6.0,4.0,1.0,4.0,1.0,0.0,0.0,0.0,0.0,1.0,0.0,0.0,0.0,-1.0,1.0,-1.0,0.0,1.0,-6.557724328209237,0.3198849654729085,c7a19c04-6146-4b80-83be-c1d46d1b896a
1.0,61.349003,9.0,5.299999999999997,1.0,3.0,1.0,0.0,0.0,0.0,0.0,0.0,0.0,0.0,0.0,-1.0,-1.0,1.0,-1.0,1.0,-1.208819157204882,1.4919132472938128,ecbcc203-4648-45ac-be1f-f313fd70847f
1.0,47.303276,70.3,28.299999999999997,1.0,3.0,1.0,0.0,0.0,0.0,0.0,0.0,0.0,0.0,0.0,-2.0,-1.0,0.0,0.0,-1.0,1.236306475925617,0.6651060453482976,a7b2d73d-7511-4191-bf8e-37c30a83c9f4
1.0,60.666714,113.0,3.8999999999999986,0.0,4.0,1.0,0.0,0.0,0.0,0.0,1.0,0.0,0.0,0.0,1.0,-3.0,0.0,1.0,-2.0,5.944299895760947,0.6394441381417693,1db53ddc-72bb-4ff0-8ce3-a49e27b1600d
1.0,67.83524,113.0,3.8999999999999986,0.0,4.0,1.0,0.0,0.0,0.0,0.0,1.0,0.0,0.0,0.0,0.0,-3.0,1.0,1.0,0.0,5.114732420729963,0.21442672309016417,d6e47513-f3c3-4322-9987-bc5ad7c2ba1e
1.0,14.360014,91.6,31.700000000000003,0.0,2.0,1.0,0.0,0.0,0.0,0.0,0.0,0.0,0.0,0.0,-1.0,-3.0,1.0,2.0,-1.0,2.385218480868205,0.42724947800582314,ec17fce7-b1bc-4d3c-a2f6-42db8cbb45f6
1.0,10.965857,104.5,5.100000000000001,1.0,1.0,1.0,0.0,0.0,0.0,0.0,0.0,0.0,0.0,0.0,-1.0,-2.0,-2.0,0.0,-2.0,2.5492195216389297,0.03343334875319639,05625b90-d780-4ce1-abc3-23f869156319
1.0,72.97561,107.1,4.799999999999997,0.0,3.0,1.0,0.0,0.0,0.0,0.0,0.0,1.0,0.0,0.0,1.0,2.0,1.0,1.0,1.0,1.8781785879438013,0.3987387585163115,f3a82be0-d193-4fb4-8d1b-b8082c1b2d44
1.0,45.07516,62.8,10.899999999999999,1.0,3.0,1.0,0.0,0.0,0.0,0.0,0.0,0.0,0.0,0.0,-1.0,-2.0,-1.0,-1.0,0.0,-1.4602038187724453,0.020335760044429142,e61a1a9b-5515-4a8d-b9cb-8e35de7391c2
1.0,36.166973,51.3,27.0,0.0,2.0,1.0,0.0,0.0,0.0,0.0,0.0,0.0,0.0,0.0,0.0,2.0,1.0,0.0,1.0,-1.094345914800848,0.09472306575998496,58acda76-1d1e-4e67-a0b1-f6f8ccb6c05c
1.0,45.745056,36.099999999999994,25.900000000000006,0.0,3.0,1.0,0.0,0.0,0.0,0.0,0.0,0.0,0.0,0.0,0.0,3.0,2.0,-1.0,3.0,-0.7537781219186268,0.54679844552709,9b59db0e-9c3a-460c-9f2d-d6b97d12dc38
1.0,12.0283,30.5,29.299999999999997,0.0,2.0,1.0,0.0,0.0,0.0,0.0,0.0,0.0,0.0,0.0,2.0,1.0,0.0,1.0,-1.0,4.090369702398318,0.007580955890785554,49ee2f36-8037-423f-865a-481c42df8aa0
1.0,72.88484,6.0,4.0,1.0,4.0,1.0,0.0,0.0,0.0,0.0,1.0,0.0,0.0,0.0,-1.0,-1.0,0.0,0.0,0.0,-0.8036887299337452,0.37532609818813323,01e41203-8748-4035-84b4-0afdcc3cf834
1.0,28.412146,15.299999999999997,22.299999999999997,0.0,1.0,1.0,0.0,0.0,1.0,0.0,0.0,0.0,0.0,0.0,-1.0,2.0,2.0,1.0,2.0,-7.677148187825509,0.06524936416806104,c1a7ae3e-c506-4058-a12a-f1d1ecbad682
1.0,49.976395,25.4,12.399999999999999,1.0,3.0,1.0,0.0,0.0,0.0,0.0,0.0,0.0,0.0,0.0,0.0,1.0,-1.0,1.0,-2.0,-2.6918229846162767,0.8841998899288188,ca043f79-73d2-42ff-be0e-170c22c2cfcd
1.0,58.731678,79.9,1.2999999999999972,0.0,3.0,1.0,0.0,0.0,0.0,0.0,0.0,0.0,0.0,0.0,1.0,-1.0,-1.0,0.0,-2.0,11.339712586399774,0.9691341398633387,712e03c7-51db-4696-b64d-7fcda7cf7a13
1.0,36.466423,102.7,10.399999999999999,0.0,2.0,1.0,0.0,0.0,0.0,0.0,0.0,0.0,0.0,0.0,2.0,-1.0,0.0,0.0,0.0,6.073113312605775,0.2696290561406417,c3abf88c-23eb-4136-963d-2f46021ffe1d
1.0,69.954414,105.0,15.299999999999997,0.0,4.0,1.0,0.0,0.0,0.0,0.0,0.0,0.0,0.0,0.0,1.0,0.0,1.0,1.0,0.0,3.1367447470859338,0.3552825228824059,66b2bc9d-2c62-4ec2-aa66-8847f3b7642e
0.0,,,,,,,,,,,,,,,,,,,,,,8253ff8a-c78e-4867-93b4-6b6360b9befd
1.0,46.394936,0.0,40.0,0.0,2.0,1.0,0.0,0.0,0.0,1.0,0.0,0.0,1.0,0.0,-2.0,3.0,2.0,0.0,4.0,-2.6889685997769073,0.6798007329121247,efcb47ec-36a6-4a41-af9f-cab548f2a507
1.0,22.070795,64.0,27.5,0.0,2.0,1.0,0.0,0.0,0.0,0.0,0.0,0.0,0.0,0.0,0.0,-1.0,1.0,0.0,0.0,5.237666309399938,2.5103889769708543,2d3bcc28-7f22-42ff-9aa2-345fdf6b7601
1.0,52.606083,114.8,14.299999999999997,0.0,4.0,1.0,0.0,0.0,0.0,0.0,0.0,0.0,0.0,0.0,2.0,-1.0,0.0,1.0,-2.0,7.33154551008775,1.022177436688269,4c54d76f-3a44-470d-9ce8-07be7e371552
1.0,62.933617,105.9,19.5,0.0,3.0,1.0,0.0,0.0,0.0,0.0,0.0,0.0,0.0,0.0,1.0,-1.0,0.0,0.0,-1.0,5.448482445007569,0.17687979503388424,863dd3e0-2767-40e9-ab52-b5904e599d5f
1.0,8.591274,71.6,34.7,1.0,2.0,1.0,0.0,0.0,0.0,0.0,0.0,0.0,0.0,0.0,-2.0,-1.0,1.0,-1.0,1.0,-2.591376310350248,0.6562864034093167,f5f720d9-7bb9-4ffe-9c85-4b084c521bc7
1.0,57.400085,113.6,5.600000000000001,0.0,4.0,1.0,0.0,0.0,0.0,0.0,0.0,0.0,0.0,0.0,2.0,0.0,0.0,2.0,-2.0,1.208726919009358,1.1463488731840823,c5179fc3-6e74-41ca-a15b-872784bcdbe1
1.0,78.77849,114.0,4.0,0.0,3.0,1.0,0.0,0.0,0.0,0.0,1.0,0.0,0.0,0.0,1.0,1.0,1.0,2.0,-1.0,3.1878972236021923,0.48245392642480067,528998b2-97f5-490a-a1f6-44cca84b1059
1.0,75.600334,111.0,8.399999999999999,0.0,2.0,1.0,0.0,0.0,0.0,0.0,0.0,0.0,0.0,0.0,3.0,0.0,0.0,0.0,2.0,6.25263800773769,0.9055441158748149,3d347ef8-5122-430e-b628-b59f1a92c4bd
1.0,72.10693,12.5,10.399999999999999,1.0,4.0,1.0,0.0,0.0,0.0,0.0,0.0,0.0,0.0,0.0,-2.0,0.0,-3.0,-1.0,-1.0,-4.5486351074551346,0.16002151531653208,4b0a5686-6bcb-4b3f-91d0-c4a74e8d06d9
1.0,56.531937,21.3,19.799999999999997,1.0,6.0,1.0,0.0,0.0,0.0,0.0,0.0,0.0,0.0,0.0,-2.0,2.0,-1.0,-3.0,2.0,-5.887551306705517,0.06872798868633796,88ed69da-d9d9-4d78-be5e-1b1aafdf6fab
1.0,6.0207973,77.5,30.900000000000006,0.0,5.0,1.0,0.0,0.0,0.0,0.0,0.0,0.0,0.0,0.0,1.0,-1.0,-1.0,1.0,-2.0,4.203448968048532,0.3959596199816538,f1604edc-7aa2-43f3-9720-337b431ec4bb
0.0,,,,,,,,,,,,,,,,,,,,,,fe304c9a-b394-4eff-ad4e-c457de8a8bdb
1.0,71.417786,14.4,2.1000000000000014,1.0,3.0,1.0,0.0,0.0,0.0,0.0,0.0,0.0,0.0,0.0,-2.0,1.0,-1.0,-2.0,1.0,-6.5125526551210005,1.4483887681711713,acf0a377-00b3-414c-9bfd-cb6b793dfe22
1.0,30.138514,63.3,35.8,0.0,2.0,1.0,0.0,0.0,0.0,0.0,0.0,0.0,0.0,0.0,1.0,0.0,1.0,1.0,0.0,2.2067855194263313,1.7677780854727927,6c3318b8-db61-4cef-9aeb-4a99279112b8
1.0,61.125526,115.5,17.4,0.0,3.0,1.0,0.0,0.0,0.0,0.0,0.0,0.0,0.0,1.0,0.0,0.0,0.0,1.0,-1.0,4.6524379556379385,0.36980158777730365,f2e8495d-afce-4a42-8ef1-8cab90b1b173
0.0,,,,,,,,,,,,,,,,,,,,,,2e5702ea-6305-4157-a179-0703ef93fb94
1.0,35.58033,35.5,36.0,1.0,2.0,1.0,0.0,0.0,0.0,0.0,0.0,0.0,0.0,0.0,-1.0,0.0,0.0,-1.0,1.0,-1.1007660813645268,0.9341554100498303,86a64831-1e2b-4b57-aa05-50776ea98d1e
1.0,38.321404,2.299999999999997,33.8,0.0,3.0,1.0,0.0,0.0,1.0,0.0,0.0,0.0,0.0,1.0,-2.0,4.0,3.0,-1.0,4.0,-5.559110256103806,0.9997037470649155,8f40f6ad-bd6e-4bcc-8401-cfe0525101fc
1.0,30.846231,20.900000000000006,34.400000000000006,0.0,1.0,1.0,0.0,0.0,1.0,0.0,0.0,0.0,0.0,0.0,-1.0,1.0,1.0,2.0,-1.0,0.2164137960849395,0.300444439676036,bfdcaba9-1b6e-4512-a929-498100f6c5b9
1.0,73.20601,114.0,4.0,0.0,4.0,1.0,0.0,0.0,0.0,0.0,1.0,0.0,0.0,0.0,1.0,-1.0,0.0,0.0,1.0,4.700195429584857,0.49696841419821686,e33b5a72-b232-4889-93f6-ccdf4c9fc836
1.0,65.736824,94.3,26.900000000000006,0.0,4.0,1.0,0.0,0.0,0.0,0.0,0.0,1.0,0.0,0.0,2.0,0.0,1.0,0.0,1.0,7.394780358125792,0.4858020489719423,05ea196c-4b91-461f-9e4f-d7888114ade0
1.0,21.086725,68.7,39.9,1.0,1.0,1.0,0.0,0.0,0.0,0.0,0.0,0.0,0.0,0.0,-3.0,-1.0,1.0,-2.0,1.0,-7.828799464816182,1.0232973457702232,533951a8-3ee5-40e6-9be0-aaaf8641a279
1.0,68.56129,8.6,6.299999999999997,1.0,3.0,1.0,0.0,0.0,0.0,0.0,0.0,0.0,0.0,0.0,0.0,-1.0,0.0,0.0,0.0,-4.863936779220143,0.7294784798121055,8b087d05-3df1-48d6-93f9-43583e1af549
1.0,60.572353,94.3,5.299999999999997,0.0,4.0,1.0,0.0,0.0,0.0,0.0,0.0,0.0,0.0,0.0,1.0,1.0,1.0,0.0,1.0,1.097463209505933,0.7267669252985496,f78fd3f0-8c59-4735-9e0f-91ae987c023a
1.0,35.84076,104.8,37.5,0.0,3.0,1.0,0.0,0.0,0.0,0.0,0.0,0.0,0.0,0.0,1.0,-1.0,0.0,1.0,-2.0,4.618789199246782,0.39874214437570027,23c2f3c4-cb1d-4dba-92af-2153be7a3edc
1.0,43.533207,19.9,19.0,1.0,2.0,1.0,0.0,0.0,0.0,0.0,0.0,0.0,0.0,1.0,-2.0,-2.0,-1.0,-1.0,-1.0,-1.8571143246802357,1.6227021399111237,8af55c3d-3fdd-4dd1-825d-a1f09879e1c0
1.0,16.204937,74.4,35.2,1.0,11.0,0.0,0.0,1.0,0.0,0.0,0.0,0.0,0.0,0.0,-2.0,0.0,2.0,1.0,1.0,0.7628916512611985,1.0336793624212266,d2a30371-23b3-4198-aa7b-3a5e73703c77
1.0,29.43824,8.0,27.599999999999994,0.0,2.0,1.0,0.0,0.0,1.0,0.0,0.0,0.0,0.0,0.0,1.0,2.0,3.0,1.0,3.0,3.283041867897163,0.5120474579617976,09fe3a02-e03b-412c-894a-499901e3a335
1.0,40.788845,106.7,38.8,0.0,3.0,1.0,0.0,0.0,0.0,0.0,0.0,0.0,0.0,1.0,1.0,1.0,1.0,0.0,1.0,0.7471245202553018,2.5474695584236846,538dcd80-d1a2-4c42-ae10-c2b5df3382e6
1.0,18.330576,35.400000000000006,37.0,0.0,2.0,1.0,0.0,0.0,0.0,0.0,0.0,0.0,0.0,0.0,2.0,-2.0,0.0,2.0,-1.0,9.063967647541487,1.1190858144139637,eec6e87c-13c9-4165-be3a-ef69372cb23d
1.0,22.610838,96.9,23.4,0.0,2.0,1.0,0.0,0.0,0.0,0.0,0.0,0.0,0.0,1.0,2.0,-1.0,0.0,0.0,-2.0,7.093257461957155,1.415316432463068,47cfe378-fa19-4bbb-9b2d-b5a31bef4650
1.0,9.436631,45.599999999999994,24.200000000000003,0.0,2.0,1.0,0.0,0.0,0.0,0.0,0.0,0.0,0.0,1.0,4.0,0.0,-1.0,1.0,-3.0,8.422687232259419,0.5049455141252066,1f65a89c-f900-4b3e-9bdc-580f814d87fc
1.0,35.31586,40.8,22.799999999999997,0.0,2.0,1.0,0.0,0.0,0.0,0.0,0.0,1.0,0.0,0.0,2.0,-1.0,3.0,3.0,0.0,6.756915171477842,0.15840318213502194,2a03de90-16a7-45c3-9b6a-ecfda57d70fc
1.0,74.13643,6.0,4.0,1.0,4.0,1.0,0.0,0.0,0.0,0.0,1.0,0.0,0.0,0.0,0.0,0.0,1.0,-1.0,2.0,-7.3469949280096705,0.003740882688924179,758badf7-a238-428e-8ad0-690073b48782
1.0,71.46607,6.0,4.0,1.0,4.0,1.0,0.0,0.0,0.0,0.0,1.0,0.0,0.0,0.0,-1.0,1.0,1.0,1.0,-1.0,-5.385734303272356,0.33170070612116687,5bce97a6-f21b-4ae0-8734-16d8092cfb60
0.0,,,,,,,,,,,,,,,,,,,,,,5e1a3a48-3e09-4aca-8fd2-91cb5dd4ef45
1.0,70.066895,113.0,4.100000000000001,0.0,3.0,1.0,0.0,0.0,0.0,0.0,1.0,0.0,0.0,0.0,2.0,-3.0,-1.0,2.0,-2.0,8.870181454164145,0.504666520298103,040a6f70-4b6a-46c1-8207-c239f11ea429
1.0,16.252077,68.1,19.799999999999997,1.0,2.0,1.0,0.0,0.0,0.0,0.0,0.0,0.0,0.0,0.0,-1.0,2.0,1.0,0.0,2.0,-7.632867096359178,1.141463753095751,89125b4f-4faf-495e-b05b-3eec08039287
1.0,39.246017,7.700000000000003,34.2,0.0,2.0,1.0,0.0,0.0,1.0,0.0,0.0,0.0,0.0,0.0,-3.0,1.0,1.0,-2.0,3.0,0.6669725615391018,1.118177094427076,c18d72f5-2a0e-4f01-b60e-d0d0ecfe52be
1.0,77.470314,111.8,9.0,0.0,4.0,1.0,0.0,0.0,0.0,0.0,0.0,0.0,0.0,0.0,1.0,-2.0,2.0,1.0,0.0,8.7694511649012,0.3768141622620395,e0a51051-83bc-4901-8a1b-8c09778bc222
1.0,75.78872,7.0,4.100000000000001,1.0,6.0,1.0,0.0,0.0,0.0,0.0,1.0,0.0,0.0,0.0,-1.0,2.0,2.0,-2.0,3.0,-8.77544216022508,0.5500247915148396,518f49c2-2306-4695-9e0f-f551549889dd
1.0,40.546394,19.900000000000006,34.0,0.0,1.0,1.0,0.0,0.0,1.0,1.0,0.0,0.0,0.0,0.0,-1.0,1.0,4.0,1.0,3.0,1.5429939358089264,0.026177874301549827,a93c2e66-a5b2-47a7-a697-dd07bd39e88d
1.0,76.256996,105.8,15.299999999999997,0.0,4.0,1.0,0.0,0.0,0.0,0.0,0.0,1.0,0.0,0.0,3.0,-1.0,-1.0,0.0,-1.0,9.551300622914933,0.07965199262063453,5883847a-8391-49c0-a0fa-7025c44bf4ee
1.0,44.571854,69.2,35.3,0.0,2.0,1.0,0.0,0.0,0.0,0.0,0.0,0.0,0.0,0.0,1.0,0.0,0.0,0.0,-1.0,4.573632490736337,1.757356272222737,9fe73803-bfbf-4345-86df-baf8f334a9b1
0.0,,,,,,,,,,,,,,,,,,,,,,dba4e7ef-5fbf-4b53-9e8c-1b1dd920f159
1.0,12.8140545,110.5,17.7,1.0,2.0,1.0,0.0,0.0,1.0,0.0,0.0,0.0,0.0,0.0,-2.0,0.0,1.0,0.0,0.0,-4.637305410826334,0.1109310222480361,ddb2b777-bb1b-494c-af87-da6e6623622d
1.0,65.33888,21.0,17.4,1.0,3.0,1.0,0.0,0.0,0.0,0.0,0.0,0.0,0.0,0.0,-1.0,-1.0,-1.0,-2.0,1.0,-4.890126085117072,0.3919301342555252,701b28cd-621d-4a45-99e3-c272e2e93a48
1.0,31.196955,32.7,13.200000000000003,0.0,2.0,1.0,0.0,0.0,0.0,0.0,0.0,0.0,0.0,0.0,0.0,1.0,0.0,-1.0,1.0,0.6894775980158618,1.4297626673147772,dbcb87e4-9668-470a-af54-6db30a277b31
1.0,35.595085,54.900000000000006,15.399999999999999,0.0,4.0,1.0,0.0,0.0,0.0,0.0,0.0,0.0,0.0,0.0,0.0,0.0,0.0,-1.0,1.0,1.7418511428650554,0.699482342525818,f42fc0f5-8f9d-4bfc-9bc5-357cd27fe0f4
1.0,59.421543,6.0,4.0,1.0,3.0,1.0,0.0,0.0,0.0,0.0,1.0,0.0,0.0,0.0,-3.0,1.0,-1.0,-1.0,1.0,-6.745650601600908,0.40021094752138725,8c1cdf88-da62-4207-9608-4c5977c09a37
1.0,58.19364,22.5,12.600000000000001,1.0,3.0,1.0,0.0,0.0,0.0,0.0,0.0,0.0,0.0,0.0,0.0,-1.0,0.0,0.0,0.0,-0.25399254709405916,0.38398694330939065,d31a1eae-ba5b-4d3c-94d7-7e5249f28e2c
1.0,34.364227,32.0,36.099999999999994,0.0,1.0,1.0,0.0,0.0,1.0,0.0,0.0,1.0,0.0,0.0,2.0,2.0,2.0,1.0,3.0,-3.1023086508939697,0.43232186580980453,ab768030-513a-40cd-8554-56b1327d1e35
1.0,59.8,112.9,0.8999999999999986,0.0,3.0,1.0,0.0,0.0,0.0,0.0,0.0,0.0,0.0,0.0,0.0,-1.0,-1.0,0.0,0.0,2.323169843740348,2.301548852772271,684ed2f4-f24d-473b-8aca-848db4c5e76c
1.0,55.99473,7.0,4.100000000000001,1.0,3.0,1.0,0.0,0.0,0.0,0.0,1.0,0.0,0.0,0.0,0.0,-3.0,1.0,0.0,1.0,0.860108550147415,0.32901714691783207,75c6283e-71a3-4e56-abf4-285712054860
1.0,55.2526,20.6,19.9,1.0,4.0,1.0,0.0,0.0,0.0,0.0,0.0,0.0,0.0,0.0,-1.0,0.0,1.0,0.0,1.0,-4.332951335650991,1.1421668071524884,85245a3b-ea46-4132-b8e6-f103660d8a6a
1.0,93.17731,102.7,15.5,0.0,6.0,1.0,0.0,0.0,0.0,0.0,0.0,0.0,0.0,0.0,0.0,1.0,0.0,1.0,-1.0,4.684134627043736,0.4779619551029939,5a9e05ad-209f-437d-b1a7-c9f2b3e7d30c
1.0,11.162885,66.3,16.0,1.0,2.0,1.0,0.0,0.0,0.0,0.0,0.0,0.0,0.0,1.0,0.0,0.0,-1.0,0.0,0.0,-2.275939813566854,0.13066913317407666,1017a927-7949-47fb-a474-852b0da54fa9
1.0,33.678627,120.0,40.0,1.0,4.0,1.0,0.0,0.0,0.0,0.0,0.0,0.0,1.0,0.0,-4.0,-1.0,-3.0,-1.0,0.0,-1.3135888459295115,0.39098495431745844,510bf0ad-9862-4b5d-b7cb-13c43d3d064d
0.0,,,,,,,,,,,,,,,,,,,,,,cd8864bd-d230-42c3-9be7-2007071ed0f5
1.0,33.41751,5.599999999999994,36.5,0.0,2.0,1.0,0.0,0.0,1.0,0.0,0.0,0.0,0.0,0.0,1.0,3.0,3.0,0.0,3.0,-5.355117379614013,0.35082060833989054,77302054-4976-4913-9e63-b033ff8ab0f9
1.0,39.106266,35.0,34.900000000000006,0.0,2.0,1.0,0.0,0.0,1.0,0.0,0.0,1.0,0.0,0.0,1.0,0.0,3.0,1.0,1.0,6.528954186354856,0.7226789311401633,672dea1f-bf77-4cb1-be19-7d16b3e9a343
1.0,12.845622,48.8,28.299999999999997,0.0,1.0,1.0,0.0,0.0,0.0,0.0,0.0,0.0,0.0,0.0,2.0,0.0,-1.0,0.0,1.0,4.548992005573107,1.6529910204135525,03c64132-a22e-4427-a600-c8792fef9df4
1.0,21.134096,30.599999999999994,36.0,0.0,2.0,1.0,0.0,0.0,0.0,0.0,0.0,0.0,0.0,0.0,-2.0,2.0,0.0,1.0,0.0,-5.126672306110461,0.36019969714686784,af058f50-d42e-412a-8dfb-c47ddd546978
1.0,41.65009,41.400000000000006,24.599999999999994,0.0,2.0,1.0,0.0,0.0,0.0,0.0,0.0,0.0,0.0,0.0,1.0,-2.0,1.0,-1.0,1.0,4.9717278443894894,1.673468070913088,053d9f92-21cf-454b-b0b0-710947bebaa4
0.0,,,,,,,,,,,,,,,,,,,,,,518ac38e-e0eb-446c-a674-a12296c5e4d6
1.0,39.86502,47.099999999999994,12.299999999999997,0.0,2.0,1.0,0.0,0.0,0.0,0.0,0.0,0.0,0.0,0.0,0.0,1.0,1.0,0.0,1.0,0.9781980062808788,1.9180404233954245,372708e3-b472-4b78-9c15-0e0473575a5f
1.0,22.99152,111.1,40.0,0.0,1.0,1.0,0.0,0.0,0.0,0.0,0.0,0.0,0.0,0.0,-2.0,-3.0,0.0,0.0,1.0,3.6426072536869647,0.4647029744421819,eebca104-6a16-4cb3-8f15-23bb92a51a09
1.0,43.51781,7.0,4.100000000000001,1.0,3.0,1.0,0.0,0.0,0.0,0.0,1.0,0.0,0.0,0.0,0.0,-1.0,0.0,1.0,-1.0,-6.886134074810794,0.25745088057146287,ca763867-dee6-4e5d-98a2-dd80e599400e
1.0,27.767067,41.5,13.0,0.0,2.0,1.0,0.0,0.0,0.0,0.0,0.0,0.0,0.0,1.0,1.0,3.0,0.0,1.0,-2.0,3.0631296463153923,3.4567400536868655,d882d0b6-1b75-4799-ae52-ec761c8c093f
1.0,42.640003,49.599999999999994,23.0,0.0,3.0,1.0,0.0,0.0,0.0,0.0,0.0,0.0,0.0,0.0,1.0,0.0,-1.0,0.0,0.0,2.2238657021733594,1.1842544711417662,96f99437-a1c3-44f3-8dbb-b32782215147
1.0,72.95108,105.7,10.299999999999997,0.0,4.0,1.0,0.0,0.0,0.0,0.0,0.0,1.0,0.0,0.0,2.0,-1.0,0.0,0.0,-2.0,9.131998532744612,0.07211405088034863,8d6722aa-a12a-4be7-acd7-971e8feedda8
1.0,62.455185,6.0,4.0,1.0,4.0,1.0,0.0,0.0,0.0,0.0,1.0,0.0,0.0,0.0,-3.0,4.0,0.0,-1.0,2.0,-8.095724202453859,0.11191516842945876,4f24e676-c30a-48ae-9921-6aed491ed575
1.0,72.83852,105.0,5.600000000000001,0.0,3.0,1.0,0.0,0.0,0.0,0.0,0.0,0.0,0.0,0.0,0.0,-1.0,0.0,0.0,0.0,6.774137150965487,1.9139274297526985,97bc844c-b549-46a2-89fc-b224d5c85e70
1.0,67.25541,114.0,4.0,0.0,4.0,1.0,0.0,0.0,0.0,0.0,1.0,0.0,0.0,0.0,3.0,-4.0,0.0,0.0,-1.0,5.995703184437587,0.5466619759263823,cfc21822-6be6-49e9-a8d1-71750fc0e82c
1.0,22.19234,13.099999999999994,19.700000000000003,0.0,4.0,1.0,0.0,0.0,1.0,0.0,0.0,0.0,0.0,0.0,2.0,0.0,1.0,1.0,1.0,3.8496558008533626,1.0935143429239298,2692db1f-a48e-41b2-ae67-482dbabe5f87
1.0,48.18724,111.8,19.6,0.0,4.0,1.0,0.0,0.0,0.0,0.0,0.0,0.0,0.0,0.0,2.0,-1.0,3.0,1.0,2.0,5.0928029055002995,1.4920125343045207,1423fb9f-eefd-479c-975e-18082bd08380
1.0,50.26987,29.200000000000003,34.7,0.0,3.0,1.0,0.0,0.0,1.0,1.0,0.0,0.0,0.0,0.0,0.0,6.0,1.0,0.0,0.0,-5.0805509545746315,0.48223011972140467,a754aedd-a1dd-44d4-91fc-89ec7949e907
1.0,32.092365,54.900000000000006,31.400000000000006,0.0,2.0,1.0,0.0,0.0,0.0,0.0,0.0,1.0,0.0,0.0,1.0,2.0,2.0,1.0,1.0,5.352098723675727,0.9046025190733046,8ab20863-db1d-4c55-a15e-4c28ff9cf9da
1.0,22.031115,27.9,15.2,1.0,3.0,1.0,0.0,0.0,0.0,0.0,0.0,0.0,0.0,1.0,0.0,1.0,-1.0,-1.0,0.0,-5.380159808855086,0.21657370348779065,b4f11b06-2b72-4dfd-972f-9a79f0020f14
1.0,46.563614,71.6,16.4,0.0,3.0,1.0,0.0,0.0,0.0,0.0,0.0,0.0,0.0,0.0,0.0,0.0,2.0,1.0,1.0,3.711673255020905,1.2390565358887877,8d93a022-5d73-404c-b453-755a6653b62a
1.0,17.822739,51.8,15.799999999999997,1.0,2.0,1.0,0.0,0.0,0.0,0.0,0.0,0.0,0.0,1.0,-2.0,2.0,2.0,0.0,2.0,-5.317885856895993,0.39213439239220965,ac6e16ff-261a-4fd2-b21a-1257aca7232f
1.0,50.69803,36.6,10.200000000000003,1.0,4.0,1.0,0.0,0.0,0.0,0.0,0.0,0.0,0.0,0.0,0.0,-2.0,1.0,0.0,1.0,1.6244568016417387,0.5510147863961301,dd6703e4-1c7c-4892-ac85-4dd30eb14b47
1.0,11.815245,34.3,1.1000000000000014,0.0,1.0,1.0,0.0,0.0,0.0,0.0,0.0,0.0,0.0,1.0,2.0,0.0,2.0,1.0,1.0,5.0756845843255025,0.4289807449221151,b339a017-440c-4a06-9608-5dccfdb2a9a2
1.0,63.773426,8.7,0.5,1.0,3.0,1.0,0.0,0.0,0.0,0.0,0.0,1.0,0.0,0.0,-1.0,2.0,1.0,-1.0,2.0,-7.137192600033425,0.7222835624741195,6ae223c6-d4a7-4f3d-9c32-ae5cba749a27
1.0,19.037857,62.3,14.600000000000001,0.0,2.0,1.0,0.0,0.0,0.0,0.0,0.0,0.0,0.0,1.0,-1.0,0.0,-1.0,1.0,-2.0,3.066402812750211,0.8398684721386247,41fffe96-ab40-4d87-a752-b14d1fc766f9
1.0,49.158722,6.0,4.0,1.0,3.0,1.0,0.0,0.0,0.0,0.0,1.0,0.0,0.0,0.0,-1.0,1.0,0.0,0.0,0.0,-7.781416881689168,3.4630243448961098,f539734c-1267-4049-89a3-79246195b501
1.0,58.241653,94.8,13.600000000000001,0.0,3.0,1.0,0.0,0.0,0.0,0.0,0.0,1.0,0.0,0.0,0.0,-1.0,1.0,0.0,1.0,6.108294425705065,0.3392930956863608,1cd3ebe5-16ce-438a-8886-0d74fe8755d9
1.0,68.556694,105.9,38.2,0.0,4.0,1.0,0.0,0.0,0.0,0.0,0.0,1.0,0.0,0.0,1.0,-1.0,-1.0,0.0,0.0,5.453727298365985,0.14573363259971914,129e7517-a447-473e-bca0-145aed037686
1.0,45.71619,113.6,2.5,0.0,3.0,1.0,0.0,0.0,0.0,0.0,0.0,0.0,0.0,0.0,0.0,-1.0,-2.0,-1.0,-1.0,3.1717837248335528,0.621786528326054,b6e65c72-7181-4d0e-9f19-4a3b03711ed8
1.0,55.656178,105.6,9.600000000000001,0.0,3.0,1.0,0.0,0.0,0.0,0.0,0.0,0.0,0.0,0.0,0.0,0.0,0.0,1.0,-1.0,5.184162251593204,0.3317057128781372,ca8df73d-e356-409a-a91b-b02d79bc39ae
0.0,,,,,,,,,,,,,,,,,,,,,,0ce0b2bf-1683-4afb-be44-dabf309a7ee6
1.0,86.320564,114.0,4.0,0.0,3.0,1.0,0.0,0.0,0.0,0.0,1.0,0.0,0.0,0.0,0.0,1.0,0.0,0.0,0.0,8.79787376422282,0.06486633126331168,e49fb902-472a-4284-a8fd-aaeb92d333cf
1.0,40.136017,12.599999999999994,39.900000000000006,0.0,2.0,1.0,0.0,0.0,1.0,0.0,0.0,0.0,0.0,0.0,1.0,-1.0,1.0,2.0,0.0,4.40455884271544,0.3792176185664053,f1bf6c37-402c-41c9-9821-8e2212d43c24
1.0,71.65703,20.5,0.10000000000000142,1.0,6.0,1.0,0.0,0.0,0.0,0.0,0.0,0.0,0.0,0.0,-2.0,-2.0,-1.0,-1.0,0.0,-3.076370804010894,2.417617853860672,5494fb97-b2f1-4f30-912a-18da74ada278
0.0,,,,,,,,,,,,,,,,,,,,,,006a4558-b2bc-4975-8b6f-f4b59db71958
1.0,77.1,114.0,4.0,0.0,4.0,1.0,0.0,0.0,0.0,0.0,1.0,0.0,0.0,0.0,1.0,-2.0,0.0,1.0,-1.0,6.784256974993358,0.637266342881321,66605730-a949-49a3-841f-0936c6527811
1.0,46.394936,114.7,34.8,0.0,3.0,1.0,0.0,0.0,0.0,0.0,0.0,0.0,0.0,0.0,2.0,-2.0,0.0,1.0,-1.0,12.959066862217291,1.658157959062466,b330ccb2-9752-475d-96ae-04e9f59c1337
0.0,,,,,,,,,,,,,,,,,,,,,,9b54696f-0cc8-49c3-a37b-84b763df0c41
1.0,78.32554,114.0,4.0,0.0,4.0,1.0,0.0,0.0,0.0,0.0,1.0,0.0,0.0,0.0,1.0,1.0,0.0,2.0,-2.0,3.06347709415018,0.40748667047163756,06c5c0e2-d44e-4694-9f64-bee32a8b5ef0
1.0,75.246925,8.9,18.799999999999997,1.0,3.0,1.0,0.0,0.0,0.0,0.0,0.0,1.0,0.0,0.0,-3.0,2.0,-1.0,-2.0,0.0,-5.15032935207635,0.1574130347298872,a9e36dbc-bea3-4c2d-8222-a4504d98c376
0.0,,,,,,,,,,,,,,,,,,,,,,ff6cd250-ff35-422f-a6d9-057e4422f3e0
1.0,74.09217,114.0,4.0,0.0,4.0,1.0,0.0,0.0,0.0,0.0,1.0,0.0,0.0,0.0,1.0,-2.0,2.0,3.0,-1.0,8.087478169282974,1.801695538352636,2b579a8f-b9c0-400c-ae91-f9bebbe4a085
1.0,82.761345,7.0,3.8999999999999986,1.0,4.0,1.0,0.0,0.0,0.0,0.0,1.0,0.0,0.0,0.0,-1.0,1.0,-2.0,1.0,-2.0,-3.845938885739699,0.19192677173621184,7bf4ffb7-8589-4732-9d93-15b7af6f075e
1.0,77.9283,107.4,19.5,0.0,4.0,1.0,0.0,0.0,0.0,0.0,0.0,1.0,0.0,0.0,2.0,3.0,2.0,1.0,1.0,-0.5626595036530699,0.9341243307624029,e1db201d-dd99-463d-ae7e-c65e8e47acbc
1.0,79.28361,114.0,4.0,0.0,3.0,1.0,0.0,0.0,0.0,0.0,1.0,0.0,0.0,0.0,0.0,0.0,0.0,1.0,-1.0,1.9292686766140168,1.6720771817444553,3979d6f3-8845-43c7-8df5-41b20432de30
0.0,,,,,,,,,,,,,,,,,,,,,,87d07bda-0d27-42df-a48e-2a1dcc7e68f9
1.0,24.220034,54.099999999999994,11.299999999999997,0.0,3.0,1.0,0.0,0.0,0.0,0.0,0.0,0.0,0.0,1.0,1.0,-1.0,-1.0,1.0,-1.0,3.2958917078807186,1.6602815859681164,76df3477-8d15-4bf1-a702-9b679681e066
1.0,49.100918,62.5,31.599999999999994,0.0,3.0,1.0,0.0,0.0,0.0,0.0,0.0,0.0,0.0,0.0,-1.0,2.0,1.0,0.0,0.0,-3.7356406439650574,0.7285110044821284,8e9f0618-eaa1-4359-836f-3cfb29a74dae
1.0,36.45888,0.0,40.0,0.0,2.0,1.0,0.0,0.0,0.0,0.0,0.0,0.0,1.0,0.0,2.0,0.0,1.0,1.0,1.0,-0.09033784599831662,0.16250556505085811,bcd782ad-f916-41f6-8a0d-5e854382d379
1.0,20.056171,33.4,34.900000000000006,1.0,1.0,1.0,0.0,0.0,0.0,0.0,0.0,0.0,0.0,0.0,-2.0,1.0,-2.0,-2.0,0.0,-4.359352577876237,0.22607179044093112,4cc13a83-90b3-4c81-925b-3846aae863ee
1.0,61.36587,103.0,11.200000000000003,0.0,4.0,1.0,0.0,0.0,0.0,0.0,0.0,0.0,0.0,0.0,2.0,-1.0,1.0,0.0,1.0,3.8930601861815575,2.120285969910852,7c07c123-54af-418b-bb83-2b62d10fbe78
1.0,62.56165,118.1,11.399999999999999,0.0,3.0,1.0,0.0,0.0,0.0,0.0,0.0,0.0,0.0,0.0,0.0,1.0,-1.0,1.0,-1.0,-0.115639136414174,0.1554728424127553,af141133-bf91-4068-91e1-b0bfb72e4028
1.0,20.068382,93.3,32.3,1.0,1.0,1.0,0.0,0.0,0.0,0.0,0.0,0.0,0.0,0.0,-2.0,-1.0,-2.0,-2.0,-1.0,1.025204772407597,0.23335796481898752,601b31c5-efd3-4a72-86dc-a52c94ed119a
1.0,54.422882,112.9,3.0,0.0,2.0,1.0,0.0,0.0,0.0,0.0,0.0,0.0,0.0,0.0,1.0,-1.0,-1.0,0.0,0.0,5.92435497713392,0.7058763025746058,737b4821-a9ce-4ed2-995d-0ad1919e381e
1.0,69.021805,7.0,4.100000000000001,1.0,4.0,1.0,0.0,0.0,0.0,0.0,1.0,0.0,0.0,0.0,-1.0,1.0,0.0,-1.0,1.0,-5.448293759904063,0.1702757324037947,ca19d074-882f-4ef2-8e3b-d978cbd035a9
1.0,54.910835,95.5,39.0,0.0,3.0,1.0,0.0,0.0,0.0,0.0,0.0,0.0,0.0,0.0,1.0,1.0,-1.0,-1.0,0.0,4.937906920955294,2.2857611030203637,aa315cf6-7b1f-4f08-a111-b276fc5579cd
1.0,9.4541,55.099999999999994,29.200000000000003,0.0,1.0,1.0,0.0,0.0,0.0,0.0,0.0,0.0,0.0,0.0,2.0,-3.0,-2.0,0.0,-1.0,6.325033129418186,0.40118534499121106,a8163d9c-794d-4704-9903-220779245321
1.0,50.7209,19.5,0.3999999999999986,1.0,3.0,1.0,0.0,0.0,0.0,0.0,0.0,0.0,0.0,0.0,-3.0,0.0,-1.0,0.0,-1.0,-6.145811337729338,0.1469512589350751,57a4df68-7f27-463e-90c1-dd0596dae69c
1.0,23.468277,6.4,39.9,1.0,1.0,1.0,0.0,0.0,0.0,0.0,0.0,0.0,0.0,0.0,-2.0,1.0,-2.0,-2.0,0.0,-3.9277096161926037,1.1592964575046252,ebb8dc65-2b16-4f82-8ff8-45f883058976
1.0,40.30943,97.3,32.599999999999994,0.0,3.0,1.0,0.0,0.0,0.0,0.0,0.0,0.0,0.0,0.0,3.0,-2.0,0.0,1.0,-1.0,6.264227002193642,0.5384091118478538,7f485893-39a1-4282-b1ca-b54b51c861f3
1.0,50.884674,25.1,34.7,1.0,2.0,1.0,0.0,0.0,0.0,0.0,0.0,0.0,0.0,0.0,-2.0,-1.0,0.0,-1.0,0.0,0.31305468701213535,0.2446304908011701,e419a4dd-d399-4822-9635-201cbc0897f4
1.0,43.2561,50.0,27.0,0.0,3.0,1.0,0.0,0.0,0.0,0.0,0.0,0.0,0.0,0.0,1.0,2.0,1.0,2.0,-1.0,-1.1112418062963032,0.7415514216860954,0fc5141f-d620-499f-a499-2a7868fa6419
1.0,54.770977,39.3,19.0,0.0,3.0,1.0,0.0,0.0,0.0,1.0,0.0,0.0,0.0,0.0,0.0,3.0,0.0,0.0,1.0,2.220615303766113,0.3907081946419154,dc4a48f3-4f19-4f70-ab38-bf308831680e
1.0,34.090614,23.099999999999994,26.200000000000003,0.0,3.0,1.0,0.0,0.0,1.0,0.0,0.0,0.0,0.0,0.0,-1.0,4.0,5.0,0.0,5.0,-6.878601859272825,0.5392604801476857,9ea91e18-dcd0-467d-a96e-fcb23232f713
1.0,35.430214,32.2,36.8,1.0,2.0,1.0,0.0,0.0,0.0,0.0,0.0,0.0,0.0,0.0,-1.0,1.0,-1.0,-1.0,0.0,-7.603118229609443,0.05428047281654884,dbe1af99-23fe-4916-ba4d-96e4a3a506e8
1.0,50.25893,56.6,7.5,1.0,2.0,1.0,0.0,0.0,0.0,0.0,0.0,0.0,0.0,0.0,0.0,-3.0,-1.0,0.0,0.0,4.369898412006339,1.5087235623371718,2bca006f-8c6a-411d-9c49-9ef4763121c7
1.0,30.311714,30.099999999999994,25.299999999999997,0.0,1.0,1.0,0.0,0.0,1.0,0.0,0.0,1.0,0.0,0.0,2.0,-1.0,3.0,2.0,3.0,1.5455541390193885,1.6859452410337643,a358e49a-dd1f-4618-9926-1e669caed35a
1.0,10.004499,73.5,4.700000000000003,1.0,2.0,1.0,0.0,0.0,0.0,0.0,0.0,0.0,0.0,0.0,-1.0,1.0,0.0,-1.0,0.0,-5.950079814352618,1.2507118598766378,547d8a3d-64c6-4aa3-906e-30d5bb70dab6
1.0,54.025642,115.0,17.9,0.0,6.0,1.0,0.0,0.0,0.0,0.0,0.0,0.0,0.0,1.0,2.0,0.0,-2.0,0.0,-1.0,3.003126696021161,0.4309840543528322,3c5ff690-ca11-4d78-b685-cafe316b2bc1
1.0,7.4946647,16.1,4.0,1.0,1.0,1.0,0.0,0.0,0.0,0.0,0.0,0.0,0.0,0.0,-1.0,4.0,2.0,0.0,1.0,-4.531540032624548,0.38993389080116597,b622eab2-ec69-4f1f-9e81-f20d5342b6c2
1.0,30.19437,39.400000000000006,12.799999999999997,0.0,1.0,1.0,0.0,0.0,0.0,0.0,0.0,1.0,0.0,0.0,0.0,3.0,2.0,2.0,2.0,-3.1715031106671008,0.6126053610110681,b8437af2-6898-47c4-b822-68111a014770
1.0,62.97682,105.4,4.200000000000003,0.0,3.0,1.0,0.0,0.0,0.0,0.0,0.0,0.0,0.0,0.0,0.0,1.0,-1.0,-1.0,0.0,1.5844069732743122,1.7168428956771793,0ca2eb11-fecf-41fa-ade2-df208cb06381
1.0,76.55129,107.9,12.5,0.0,3.0,1.0,0.0,0.0,0.0,0.0,0.0,0.0,0.0,0.0,2.0,-1.0,0.0,1.0,-1.0,7.49145697028331,1.0032094238248737,56d66bd0-e66d-4189-a0c1-f0b7dd11c417
1.0,74.962524,7.0,4.100000000000001,1.0,3.0,1.0,0.0,0.0,0.0,0.0,1.0,0.0,0.0,0.0,0.0,0.0,1.0,1.0,0.0,-2.2296915457901836,0.33779780788955555,ce057f6a-1426-4a77-a2b1-c6475fc26589
1.0,57.640697,113.4,2.3999999999999986,0.0,3.0,1.0,0.0,0.0,0.0,0.0,0.0,0.0,0.0,0.0,0.0,1.0,-2.0,1.0,-2.0,0.36536969132992425,0.46791878545310434,94f30043-664d-43e3-a812-c950a772666a
1.0,59.19265,89.6,14.700000000000003,0.0,3.0,1.0,0.0,0.0,0.0,0.0,0.0,0.0,0.0,0.0,1.0,0.0,0.0,0.0,1.0,3.8416645127555133,1.3988089876831793,3f1707e7-ea6d-4423-b191-edcc68701447
1.0,80.046486,113.0,3.8999999999999986,0.0,1.0,1.0,0.0,0.0,0.0,0.0,1.0,0.0,0.0,0.0,0.0,1.0,0.0,1.0,-1.0,0.9051076893577896,0.1277057550690387,fc04ec13-6562-4be7-9857-d594b96b402d
1.0,52.383396,13.9,10.100000000000001,1.0,2.0,1.0,0.0,0.0,0.0,0.0,0.0,0.0,0.0,1.0,0.0,-1.0,-2.0,-1.0,-1.0,-0.46802953233127553,0.24917408665751922,ac07f0c2-b0d0-4748-b5c0-6aca937c9493
1.0,65.29196,115.8,9.100000000000001,0.0,3.0,1.0,0.0,0.0,0.0,0.0,0.0,0.0,0.0,0.0,0.0,-1.0,0.0,1.0,-1.0,0.7786164535409492,0.4854404111996618,ca1d9f57-a7e7-4f21-961d-75b91c7a3e5b
0.0,,,,,,,,,,,,,,,,,,,,,,ba05d6d2-e454-4f4e-93fd-1908b2776581
1.0,10.689247,14.5,11.299999999999997,0.0,1.0,1.0,0.0,0.0,0.0,0.0,0.0,0.0,0.0,1.0,2.0,0.0,4.0,2.0,2.0,1.6879967282410595,0.226333692168998,098de10e-3c75-4db8-a05f-95a4bea387f4
1.0,65.40031,5.3,0.5,1.0,3.0,1.0,0.0,0.0,0.0,0.0,0.0,0.0,0.0,0.0,-1.0,0.0,0.0,0.0,-1.0,-5.646036776443065,0.6503131418761583,29749bda-a25e-468f-8214-031c893f4f8b
1.0,29.524397,0.0,39.900000000000006,0.0,1.0,1.0,0.0,0.0,0.0,0.0,0.0,0.0,1.0,0.0,3.0,-1.0,1.0,2.0,-1.0,3.8221285383351704,0.04423647370571576,87f65e3c-6958-4840-a7bc-c532b0e41c66
1.0,68.12298,113.0,4.100000000000001,0.0,4.0,1.0,0.0,0.0,0.0,0.0,1.0,0.0,0.0,0.0,2.0,-1.0,0.0,1.0,0.0,5.482077428444612,1.8675420235025175,a8a12de4-89a7-4961-bc91-7d3e6f471eda
1.0,29.677095,36.8,21.200000000000003,0.0,1.0,1.0,0.0,0.0,0.0,0.0,0.0,1.0,0.0,0.0,1.0,3.0,1.0,-2.0,5.0,-1.0722062817879112,0.31325512796446814,fff8961b-3a73-4fa5-8b6a-8a248e211470
1.0,61.399837,99.8,22.0,0.0,4.0,1.0,0.0,0.0,0.0,0.0,0.0,0.0,0.0,1.0,-1.0,1.0,3.0,0.0,3.0,-0.6852469846093072,1.414399262401676,ef13c5a2-d252-4de9-81cd-167e941bea33
1.0,50.42103,70.3,34.2,0.0,4.0,1.0,0.0,0.0,0.0,0.0,0.0,0.0,0.0,1.0,2.0,-1.0,-1.0,0.0,-1.0,5.245015256021517,0.35340085675065824,dca09e2a-0d0b-44da-9905-abef88128a0d
1.0,62.038456,108.2,18.200000000000003,0.0,3.0,1.0,0.0,0.0,0.0,0.0,0.0,0.0,0.0,0.0,2.0,-1.0,2.0,-1.0,2.0,5.136231971270588,1.8968337777697282,b12a1e65-7ac4-46dc-991b-e253af5d6872
1.0,71.49441,114.0,4.0,0.0,3.0,1.0,0.0,0.0,0.0,0.0,1.0,0.0,0.0,0.0,1.0,2.0,0.0,0.0,1.0,1.6763644347183932,3.2276084871904054,8d650dbb-c90c-4d78-8b42-9c8c937f6269
1.0,68.09479,19.9,16.1,1.0,4.0,1.0,0.0,0.0,0.0,0.0,0.0,1.0,0.0,0.0,-2.0,1.0,0.0,-1.0,1.0,-6.0828078952277576,1.1619282488646492,6eee63b4-721c-4d7e-8ced-d295502c4c1d
1.0,77.987816,113.0,3.8999999999999986,0.0,4.0,1.0,0.0,0.0,0.0,0.0,1.0,0.0,0.0,0.0,1.0,2.0,1.0,0.0,2.0,3.335039614348604,1.8384761294358227,859286c6-b311-4f73-a070-cb773bd47387
1.0,77.987816,113.0,3.8999999999999986,0.0,6.0,1.0,0.0,0.0,0.0,0.0,1.0,0.0,0.0,0.0,3.0,0.0,1.0,1.0,0.0,3.255611739352475,0.02722991190945587,1371b0ae-b584-42b8-8a24-712739ce46fa
1.0,78.43022,104.6,4.299999999999997,0.0,4.0,1.0,0.0,0.0,0.0,0.0,0.0,1.0,0.0,0.0,1.0,2.0,-1.0,1.0,-1.0,0.020193884492210934,0.30792059584771375,b7a2a714-1f04-4e59-99ee-de9ba23ca934
1.0,50.47742,83.8,2.299999999999997,0.0,3.0,1.0,0.0,0.0,0.0,0.0,0.0,0.0,0.0,0.0,1.0,-1.0,1.0,1.0,0.0,10.58945693381861,1.0484480711853958,7829878a-ff0e-43c6-9c9e-da4bda72da8e
1.0,64.48573,86.3,13.0,0.0,3.0,1.0,0.0,0.0,0.0,0.0,0.0,0.0,0.0,0.0,1.0,1.0,2.0,2.0,0.0,7.096700694184778,0.7027846688445906,f26d6239-b014-46d8-9a4a-a3b10663aa48
1.0,64.48573,33.7,13.0,1.0,5.0,1.0,0.0,0.0,0.0,0.0,0.0,0.0,0.0,0.0,-1.0,1.0,1.0,0.0,0.0,-2.8492593312809706,2.1563278912934787,8c29d524-6d7a-4c4d-9ab5-fc2afe2c10b9
1.0,49.67293,15.3,5.600000000000001,1.0,2.0,1.0,0.0,0.0,0.0,0.0,0.0,0.0,0.0,1.0,0.0,1.0,-1.0,-2.0,1.0,-2.3796772545990574,0.01992469342847924,607cb474-bd65-448f-b39b-a54dc03acf0a
0.0,,,,,,,,,,,,,,,,,,,,,,cff8585f-3fa1-413b-8c30-beff1bf0e0bb
1.0,66.82671,104.3,6.899999999999999,0.0,3.0,1.0,0.0,0.0,0.0,0.0,0.0,0.0,0.0,0.0,2.0,1.0,-1.0,1.0,-1.0,2.036227611152703,1.9329205054080467,779d69c0-d05c-427a-85d2-7591fe8e0bb9
1.0,21.157032,100.7,4.100000000000001,0.0,2.0,1.0,0.0,0.0,0.0,0.0,0.0,0.0,0.0,0.0,1.0,-2.0,-3.0,1.0,-4.0,0.709940239339037,0.2518708618915981,352a16d2-3499-40dd-8fd2-994b7b48aae2
0.0,,,,,,,,,,,,,,,,,,,,,,92053cea-46b5-45b2-b636-f54dbcd7c509
1.0,23.90983,28.0,35.400000000000006,0.0,3.0,1.0,0.0,0.0,0.0,0.0,0.0,0.0,0.0,0.0,2.0,1.0,1.0,1.0,0.0,2.505486248647601,0.5337269561330242,dd795892-c6b8-46d5-89d7-f5bff4cb3fc5
1.0,38.759384,0.0,40.0,0.0,1.0,1.0,0.0,0.0,0.0,0.0,0.0,0.0,1.0,0.0,1.0,2.0,1.0,2.0,1.0,-2.720919828773732,0.15603030894580128,fb49706a-3750-48ba-8bc7-8d64f69e34a9
1.0,46.153225,20.0,19.700000000000003,1.0,3.0,1.0,0.0,0.0,0.0,0.0,0.0,0.0,0.0,0.0,1.0,-1.0,-2.0,-1.0,0.0,-0.19403057848128658,0.038205391269466156,05a24f78-1a9f-4cad-8c39-ec31342281b3
1.0,42.671772,91.2,24.299999999999997,0.0,2.0,1.0,0.0,0.0,0.0,0.0,0.0,0.0,0.0,0.0,0.0,0.0,1.0,0.0,0.0,0.5536466110022262,0.8891394255711521,ce141e81-0207-4829-9c67-7367f303152d
1.0,48.4605,76.8,26.5,0.0,3.0,1.0,0.0,0.0,0.0,0.0,0.0,0.0,0.0,0.0,0.0,1.0,1.0,0.0,1.0,1.4869614196535945,0.5009079847953323,f6baa030-c421-4abb-9667-48990e688ab7
1.0,53.839947,76.4,11.5,0.0,4.0,1.0,0.0,0.0,0.0,0.0,0.0,0.0,0.0,0.0,0.0,0.0,-3.0,0.0,-3.0,5.862224113560659,0.06503160500332734,94c9d24e-0aec-4333-bdd4-110f89a8155e
1.0,15.308167,40.7,15.399999999999999,0.0,2.0,1.0,0.0,0.0,0.0,0.0,0.0,0.0,0.0,0.0,2.0,-3.0,1.0,1.0,-1.0,8.739192444170259,1.5412213142856774,ac7ecc49-666f-4c0c-9517-e74441741f63
1.0,48.500412,108.3,33.5,0.0,2.0,1.0,0.0,0.0,0.0,0.0,0.0,0.0,0.0,0.0,1.0,1.0,2.0,1.0,2.0,1.52607377654134,1.267749751024582,0fc897ee-12eb-44d6-be89-7063db5eb9e9
1.0,35.245567,13.099999999999994,40.0,0.0,2.0,1.0,0.0,0.0,0.0,0.0,0.0,0.0,0.0,0.0,2.0,-2.0,1.0,3.0,-2.0,3.212528048558006,0.07427233483595744,2f997022-71a6-4b0b-81c0-25c7622e97cb
1.0,14.816545,68.1,39.9,1.0,2.0,0.0,1.0,0.0,0.0,0.0,0.0,0.0,0.0,0.0,-3.0,3.0,0.0,-1.0,0.0,-7.744214728197242,0.6020111948678363,25ddfca0-81d0-418d-81a4-4b86b7f21c01
1.0,24.887146,20.1,12.100000000000001,1.0,1.0,1.0,0.0,0.0,0.0,0.0,0.0,0.0,0.0,0.0,-3.0,3.0,1.0,-1.0,2.0,-10.924310787439056,0.5532754238928462,3ef84110-6c40-4909-81a1-9efdfe8033e1
1.0,41.766014,0.0,40.0,0.0,2.0,1.0,0.0,0.0,0.0,1.0,0.0,0.0,1.0,0.0,1.0,-1.0,-2.0,0.0,-2.0,2.670597654529874,0.05083243456894936,d435b27d-5206-4e81-a302-77ae20f060e1
1.0,69.548615,7.0,3.8999999999999986,1.0,4.0,1.0,0.0,0.0,0.0,0.0,1.0,0.0,0.0,0.0,-4.0,3.0,-1.0,-1.0,-1.0,-9.765132413166576,0.11804806846592829,efc5bcfd-78e2-486d-9cb2-b4259a4c3c49
1.0,13.206059,43.5,6.5,0.0,1.0,0.0,1.0,0.0,0.0,0.0,0.0,0.0,0.0,1.0,1.0,0.0,-1.0,1.0,0.0,8.445917267022498,1.1125744466523373,362bca4d-dd4b-4a46-b7df-7ac7fc65e621
1.0,26.146702,46.8,35.3,0.0,2.0,1.0,0.0,0.0,0.0,0.0,0.0,0.0,0.0,0.0,4.0,1.0,1.0,0.0,1.0,4.948607320073353,0.3663040055277909,7a6ba182-d0c2-4d5c-aa40-4098ead077de
1.0,25.101793,98.6,40.0,1.0,3.0,1.0,0.0,0.0,0.0,0.0,0.0,0.0,0.0,0.0,-2.0,1.0,-1.0,-2.0,-1.0,-1.3769877179612937,0.28019786367645744,96c3dd12-876f-476b-9ef2-a20acc789518
1.0,18.228,42.900000000000006,37.900000000000006,0.0,4.0,1.0,0.0,0.0,0.0,0.0,0.0,0.0,0.0,1.0,1.0,-1.0,1.0,0.0,1.0,3.6554096295526746,0.3615791401426191,53b3886f-f8e0-4b49-bbd9-4f499ba68b0b
1.0,63.89186,99.4,15.700000000000003,0.0,4.0,1.0,0.0,0.0,0.0,0.0,0.0,0.0,0.0,0.0,2.0,0.0,0.0,1.0,-1.0,2.027551323878546,0.6859447569064527,b87181ec-868d-4f55-bd01-5a09287166ef
0.0,,,,,,,,,,,,,,,,,,,,,,8d5ebbd9-1e1b-42db-bdb3-99b8db14bee5
1.0,38.247875,36.5,25.0,0.0,2.0,1.0,0.0,0.0,0.0,0.0,0.0,0.0,0.0,1.0,1.0,1.0,2.0,1.0,2.0,-0.2152266312274529,0.8721295551655277,d34da0b2-99e0-4da8-8228-c1faefd26308
0.0,,,,,,,,,,,,,,,,,,,,,,086b7903-a1a8-4ab3-bdab-697d92fdf5a7
1.0,72.443085,83.2,35.7,0.0,4.0,1.0,0.0,0.0,0.0,1.0,0.0,1.0,0.0,0.0,1.0,-1.0,-1.0,1.0,-3.0,8.233517943928032,0.5186928328226996,a35fa866-2f94-4f2b-a76b-035723ed370c
1.0,46.29341,44.400000000000006,31.299999999999997,0.0,3.0,1.0,0.0,0.0,0.0,0.0,0.0,0.0,0.0,0.0,2.0,1.0,2.0,1.0,2.0,-1.1313490748504922,0.11657665653365139,89027e44-ac7a-4fd9-adcb-dfaec5081569
1.0,20.567936,13.900000000000006,18.799999999999997,0.0,1.0,1.0,0.0,0.0,0.0,0.0,0.0,0.0,0.0,0.0,-3.0,4.0,2.0,-2.0,5.0,-4.38608388095294,1.7525266741617798,f0135be6-2e02-4887-a0a1-2c8892909344
1.0,42.34631,55.9,7.0,1.0,3.0,1.0,0.0,0.0,0.0,0.0,0.0,0.0,0.0,0.0,-1.0,2.0,1.0,0.0,1.0,-1.0745201582863038,0.3366687510447096,b2bf58da-efea-4f04-ad5c-9eb7b0286540
1.0,57.064613,16.3,6.600000000000001,1.0,3.0,1.0,0.0,0.0,0.0,0.0,0.0,0.0,0.0,0.0,0.0,1.0,0.0,-1.0,0.0,-6.471946707317796,1.3818550320666836,48a9cbf5-385c-489b-bda2-e4a7948b2012
1.0,36.147476,17.099999999999994,29.5,0.0,2.0,1.0,0.0,0.0,1.0,0.0,0.0,0.0,0.0,0.0,1.0,1.0,2.0,0.0,2.0,6.697311362124591,0.8716107450874243,7ec1d2ad-969e-48de-bb92-3c80839f329d
1.0,47.198833,97.9,17.9,0.0,4.0,1.0,0.0,0.0,0.0,0.0,0.0,0.0,0.0,0.0,0.0,-2.0,0.0,1.0,-1.0,4.645114192259417,0.004128680375884759,6bf36063-c99f-40a3-8616-acbb5e560e1e
1.0,72.386536,113.0,4.100000000000001,0.0,4.0,1.0,0.0,0.0,0.0,0.0,1.0,0.0,0.0,0.0,1.0,-2.0,0.0,1.0,-1.0,8.79803698055851,0.31804848320375434,b359ab0e-d8bd-4683-b1d8-7e32d0762a7a
1.0,30.20149,7.900000000000006,33.099999999999994,0.0,1.0,1.0,0.0,0.0,1.0,0.0,0.0,0.0,0.0,0.0,1.0,2.0,5.0,2.0,5.0,-1.0781510629485522,0.7301024144653298,09a15491-64ae-4d65-959b-07176c9e77ae
1.0,12.472369,12.099999999999994,12.700000000000003,0.0,1.0,1.0,0.0,0.0,0.0,0.0,0.0,0.0,0.0,0.0,2.0,3.0,2.0,1.0,2.0,-1.6811740278024343,0.49323229788068934,ddacd3d8-8ea7-44d8-9849-e1876b8d15de
1.0,64.202255,113.0,4.100000000000001,0.0,3.0,1.0,0.0,0.0,0.0,0.0,1.0,0.0,0.0,0.0,3.0,-1.0,-1.0,0.0,-1.0,8.09970747669649,0.22745096317157207,67951149-f6a9-4bd1-8048-95799b030739
1.0,11.954079,35.3,40.0,1.0,0.0,1.0,0.0,0.0,0.0,0.0,0.0,0.0,0.0,0.0,-1.0,2.0,-3.0,-3.0,0.0,-0.4258182734829754,0.599144382305761,c6d36e73-3ac2-4660-985b-b3bf028c7947
0.0,,,,,,,,,,,,,,,,,,,,,,ec8299b4-cd49-4320-9d66-40f191ff340c
1.0,65.27947,97.9,14.5,0.0,3.0,1.0,0.0,0.0,0.0,0.0,0.0,1.0,0.0,0.0,1.0,1.0,0.0,0.0,-1.0,6.228636417923574,0.8527963406931676,ec01423a-3a87-4a25-954b-9e51b3d59b02
0.0,,,,,,,,,,,,,,,,,,,,,,0f440c7e-b21d-45e7-ab53-42a74784699f
0.0,,,,,,,,,,,,,,,,,,,,,,c25eba10-a66b-44af-b76f-930e360f8ee7
0.0,,,,,,,,,,,,,,,,,,,,,,530c66f9-d74f-4802-ba1c-f8efbd8254e6
1.0,51.804634,6.6,20.6,1.0,3.0,1.0,0.0,0.0,0.0,0.0,0.0,0.0,0.0,0.0,-1.0,1.0,-2.0,-1.0,-1.0,-3.660464655734396,0.3798000233638524,4666df94-58d3-40a0-8d0b-b4040ceb14d6
1.0,39.02166,112.6,36.5,0.0,4.0,1.0,0.0,0.0,0.0,0.0,0.0,0.0,0.0,0.0,0.0,1.0,1.0,-2.0,1.0,1.0157209864447014,3.7729938941296597,fb39256c-e72a-4ad7-aebd-ce24541e7e01
1.0,61.709805,103.3,9.5,0.0,4.0,1.0,0.0,0.0,0.0,0.0,0.0,1.0,0.0,0.0,2.0,0.0,0.0,1.0,-1.0,8.947067091848533,1.9126136173230692,5d562c06-4946-4ac9-90ea-2fc02e879105
1.0,26.03536,26.299999999999997,17.4,0.0,2.0,1.0,0.0,0.0,0.0,0.0,0.0,0.0,0.0,0.0,0.0,3.0,1.0,0.0,1.0,2.349250842268898,0.09318161450868764,1d7c4dc8-2d2a-44b2-9550-fac4711df6a6
1.0,26.77256,28.099999999999994,20.9,0.0,2.0,1.0,0.0,0.0,0.0,0.0,0.0,1.0,0.0,0.0,0.0,4.0,1.0,1.0,1.0,-7.216472874656684,0.19327182583129135,4b2f5b8a-a7ec-422b-8e5d-1b9ec1f67219
1.0,52.088867,88.7,24.200000000000003,0.0,3.0,1.0,0.0,0.0,0.0,0.0,0.0,0.0,0.0,0.0,0.0,-1.0,0.0,1.0,0.0,5.33779303290518,2.7185836141639332,27520132-b8a5-48c2-8744-fd1eb18ad506
1.0,53.93348,7.3,31.799999999999997,1.0,3.0,1.0,0.0,0.0,0.0,0.0,0.0,0.0,0.0,1.0,-1.0,1.0,1.0,1.0,0.0,-2.2103338957021776,0.7950297180688483,f59b686c-bc8d-4328-979e-76bae4280547
1.0,12.184006,41.0,5.600000000000001,1.0,6.0,0.0,0.0,1.0,0.0,0.0,0.0,0.0,0.0,0.0,0.0,0.0,0.0,2.0,-1.0,1.74609051717781,0.9147927804805731,d2019b57-a923-4c18-8ecb-a30c5671e3b5
1.0,46.656727,103.4,20.1,0.0,3.0,1.0,0.0,0.0,0.0,0.0,0.0,0.0,0.0,0.0,1.0,-2.0,0.0,1.0,-2.0,5.113422825941623,0.16154162084544121,1c3a70db-b355-449b-9ff6-99318ff0d710
1.0,73.04314,113.0,3.8999999999999986,0.0,4.0,1.0,0.0,0.0,0.0,0.0,1.0,0.0,0.0,0.0,1.0,0.0,0.0,2.0,-1.0,3.1796798216228845,0.520532807100686,3495192f-1a17-498e-bada-789931be7fde
1.0,46.15734,0.0,39.900000000000006,0.0,2.0,1.0,0.0,0.0,0.0,1.0,0.0,0.0,1.0,0.0,-1.0,2.0,3.0,1.0,2.0,0.6403810152963141,0.12086107367979175,fc06acb3-7c19-49c9-988e-cd1e5a824f7a
1.0,70.71018,7.0,3.8999999999999986,1.0,4.0,1.0,0.0,0.0,0.0,0.0,1.0,0.0,0.0,0.0,-2.0,2.0,0.0,-2.0,2.0,-6.32909123755815,0.5112202529935397,55b606df-5459-4df8-8bbe-0836fa251cc0
1.0,71.80341,113.0,3.8999999999999986,0.0,4.0,1.0,0.0,0.0,0.0,0.0,1.0,0.0,0.0,0.0,2.0,-2.0,-1.0,1.0,-3.0,5.717411952445607,0.6631684362883844,1b2ce998-4810-4ead-8091-efd72a49ddfd
1.0,62.11119,6.0,4.0,1.0,4.0,1.0,0.0,0.0,0.0,0.0,1.0,0.0,0.0,0.0,-2.0,1.0,1.0,-2.0,2.0,-1.9701390412813518,0.35916329505037886,09d96444-5b85-4075-b175-407c4ced2308
1.0,39.47075,0.0,39.900000000000006,0.0,1.0,1.0,0.0,0.0,0.0,0.0,0.0,0.0,1.0,0.0,0.0,0.0,1.0,1.0,0.0,-0.03857521391361901,0.11914588681572366,8d5e25cd-3f6b-4e0f-8e93-daef35edd157
1.0,4.652956,54.3,35.099999999999994,0.0,2.0,0.0,1.0,0.0,0.0,0.0,0.0,0.0,0.0,0.0,3.0,-1.0,-1.0,0.0,-1.0,6.512859102561183,0.5253162393285179,eb891ab1-1f08-4026-ac10-8080a52a8aaa
1.0,79.847664,7.3,2.299999999999997,1.0,4.0,1.0,0.0,0.0,0.0,0.0,0.0,0.0,0.0,0.0,-2.0,2.0,0.0,-1.0,1.0,-7.798873064917331,0.1362802228286585,2206611e-f168-4d9d-890d-5b8b9cb8999a
1.0,26.662708,25.200000000000003,14.899999999999999,0.0,2.0,1.0,0.0,0.0,0.0,0.0,0.0,0.0,0.0,1.0,0.0,4.0,5.0,0.0,6.0,0.10054722126592353,1.8321923636674688,558163ec-00cb-47e6-b0e2-2e8b0bd6fb5a
0.0,,,,,,,,,,,,,,,,,,,,,,2de64d5f-db9d-4127-8ae0-6470baac4f06
0.0,,,,,,,,,,,,,,,,,,,,,,79c243e4-4862-4cc1-9679-20b7755776cb
1.0,38.62292,2.5999999999999943,40.0,0.0,2.0,1.0,0.0,0.0,0.0,0.0,0.0,0.0,0.0,0.0,0.0,2.0,4.0,1.0,2.0,-0.4499890418124277,0.10076571970390964,2d3cc14c-f61e-446d-97d7-b8eae75db568
1.0,72.47462,106.4,8.799999999999997,0.0,4.0,1.0,0.0,0.0,0.0,0.0,0.0,0.0,0.0,0.0,1.0,1.0,0.0,0.0,1.0,4.565734768754033,0.20398787569520646,42cafc01-1a92-4e48-8583-d553c07af4f4
1.0,17.972479,55.400000000000006,24.099999999999994,0.0,2.0,1.0,0.0,0.0,0.0,0.0,0.0,0.0,0.0,0.0,0.0,-1.0,0.0,1.0,-1.0,-1.7463953248483186,0.08810183677558009,77c25770-4258-42e0-b0a6-9eb5c811a8f2
1.0,66.371155,7.0,4.100000000000001,1.0,4.0,1.0,0.0,0.0,0.0,0.0,1.0,0.0,0.0,0.0,-2.0,3.0,-1.0,-2.0,0.0,-7.464281646201915,1.4430173212889337,85bfa93c-b663-4024-bb5e-9a398da60263
1.0,23.361935,32.0,19.6,0.0,1.0,1.0,0.0,0.0,0.0,0.0,0.0,1.0,0.0,0.0,1.0,0.0,5.0,4.0,1.0,4.1600014466582795,0.04252398354340651,5e25b3f5-f160-40aa-82a9-fcdf4de94d50
1.0,30.664963,43.9,28.400000000000006,1.0,3.0,1.0,0.0,0.0,0.0,0.0,0.0,0.0,0.0,0.0,0.0,-3.0,-3.0,-1.0,-2.0,6.002570158409867,0.7220248864601304,a2c16231-bc0f-4bd2-be1c-6a376593d22e
1.0,17.098537,55.0,3.3999999999999986,0.0,1.0,1.0,0.0,0.0,0.0,0.0,0.0,0.0,0.0,1.0,-1.0,2.0,1.0,0.0,1.0,-2.798503284217621,0.357120982143494,70ff5cd8-bcf3-40f3-a43b-90747507128a
1.0,50.557293,6.7,16.2,1.0,4.0,1.0,0.0,0.0,0.0,0.0,0.0,0.0,0.0,0.0,-2.0,1.0,0.0,0.0,0.0,-5.809597516810603,0.2846844823237894,6e1da4d3-ca62-4bb2-a307-31ab8c78fdc7
1.0,6.5802736,50.7,14.799999999999997,0.0,2.0,1.0,0.0,0.0,0.0,0.0,0.0,0.0,0.0,0.0,-1.0,1.0,0.0,-1.0,1.0,-4.027324645762893,0.2101130663165304,2842ca8a-88e7-4f6a-b305-50a7795e7b36
1.0,60.30166,6.0,4.0,1.0,4.0,1.0,0.0,0.0,0.0,0.0,1.0,0.0,0.0,0.0,-1.0,2.0,0.0,-1.0,1.0,-5.493211023583633,0.15850701455930583,2923f901-60bc-437c-a2b1-bfa4dea459e1
1.0,8.935883,53.8,9.600000000000001,0.0,2.0,0.0,1.0,0.0,0.0,0.0,0.0,0.0,0.0,1.0,1.0,1.0,2.0,1.0,1.0,2.3929461869141306,0.4072785805873484,da29a43e-d8b1-459f-90d0-9d044b331c10
1.0,87.222244,11.6,6.0,1.0,4.0,1.0,0.0,0.0,0.0,0.0,0.0,1.0,0.0,0.0,-1.0,0.0,0.0,0.0,0.0,-7.750576529020703,1.4763510564995965,324a94db-29f9-4a5d-97b7-96c8122935bb
1.0,53.53737,54.5,33.599999999999994,0.0,2.0,1.0,0.0,0.0,0.0,1.0,0.0,1.0,0.0,0.0,0.0,1.0,1.0,0.0,0.0,-1.5654590783182147,0.4830254313934922,b2c08438-9b0b-4e23-9ed4-57022a023861
1.0,41.716183,47.900000000000006,17.5,0.0,3.0,1.0,0.0,0.0,0.0,0.0,0.0,0.0,0.0,0.0,0.0,3.0,0.0,1.0,0.0,0.018983328931122756,0.2891010948729783,bba30708-62a7-4ba5-9329-304e7ea491cb
1.0,33.477306,20.400000000000006,34.599999999999994,0.0,2.0,1.0,0.0,0.0,1.0,0.0,0.0,0.0,0.0,0.0,0.0,-1.0,1.0,2.0,0.0,0.9946085592576388,0.4253541312035811,4c455d46-1909-43a1-b362-e1b117bfe99a
1.0,22.308968,55.5,35.8,0.0,2.0,1.0,0.0,0.0,0.0,0.0,0.0,0.0,0.0,0.0,2.0,2.0,3.0,1.0,3.0,1.7821098625533338,5.817810967419743,bbcd5d91-734f-4ca9-885e-aa00f3c0e59e
0.0,,,,,,,,,,,,,,,,,,,,,,80c98d11-278c-4d42-9ad3-c16da408705c
1.0,29.124731,69.8,8.899999999999999,1.0,12.0,0.0,0.0,1.0,0.0,0.0,0.0,0.0,0.0,0.0,-1.0,-2.0,-1.0,1.0,-1.0,-5.208843700264377,0.5343432962671173,8f6dfc36-5855-488f-8c77-f3b3a0a2ac3f
1.0,49.896793,78.5,5.0,0.0,4.0,1.0,0.0,0.0,0.0,0.0,0.0,0.0,0.0,0.0,3.0,-1.0,0.0,1.0,1.0,6.268902105836568,1.6281695952234945,c8949c0c-bf0c-4a64-bb3d-4a407957947f
1.0,32.212574,11.0,40.0,0.0,2.0,1.0,0.0,0.0,0.0,0.0,0.0,0.0,0.0,0.0,2.0,1.0,3.0,1.0,1.0,1.198208622237531,0.04842957485372868,f10308f3-0878-4094-a8f6-cdf5c6b27f2e
1.0,31.319801,15.299999999999997,24.799999999999997,0.0,2.0,1.0,0.0,0.0,1.0,0.0,0.0,0.0,0.0,0.0,-1.0,3.0,0.0,0.0,1.0,-1.17363386450352,0.5190449602730887,7c2b401f-d3e1-4135-a337-cb14a86203d6
1.0,37.075733,46.900000000000006,3.299999999999997,0.0,2.0,1.0,0.0,0.0,0.0,0.0,0.0,1.0,0.0,0.0,1.0,2.0,2.0,1.0,0.0,0.2840220650145344,0.2868759065988747,308a27b7-d04b-47d1-8ad7-4479a0a137b3
1.0,34.943527,36.2,39.7,0.0,2.0,1.0,0.0,0.0,0.0,0.0,0.0,0.0,0.0,0.0,2.0,2.0,2.0,2.0,1.0,-0.4379017306550721,0.6237484529086201,a1f1be8a-c153-439c-b706-f2cc076cb55f
1.0,38.50052,8.299999999999997,37.099999999999994,0.0,2.0,1.0,0.0,0.0,1.0,0.0,0.0,0.0,0.0,0.0,0.0,2.0,3.0,2.0,1.0,-3.9650594112388804,0.011865763441455368,0b6840cc-c286-4521-91eb-99e834e7325c
0.0,,,,,,,,,,,,,,,,,,,,,,e5a14cca-9041-47e7-9321-343ff748e7a0
1.0,56.34891,71.7,33.3,0.0,3.0,1.0,0.0,0.0,0.0,0.0,0.0,1.0,0.0,0.0,3.0,-1.0,2.0,2.0,0.0,5.35786845979492,0.06759394561378775,304f36d6-c398-4aec-acc5-ce89db9fcfcd
1.0,9.109336,52.900000000000006,21.799999999999997,0.0,2.0,1.0,0.0,0.0,0.0,0.0,0.0,0.0,0.0,0.0,3.0,0.0,-2.0,1.0,-1.0,11.103282248172253,0.9579354042410477,12dd7f68-c095-4158-b88a-b1f299cfe187
1.0,66.43832,6.0,4.0,1.0,4.0,1.0,0.0,0.0,0.0,0.0,1.0,0.0,0.0,0.0,-2.0,1.0,1.0,-1.0,2.0,-6.226450226426861,0.006917805274008207,bca98e3c-d9de-4d3d-99de-db8aa5a7aff1
1.0,22.56834,103.2,39.9,1.0,1.0,1.0,0.0,0.0,0.0,0.0,0.0,0.0,0.0,0.0,-3.0,1.0,-2.0,-4.0,1.0,-3.869762901165889,0.06071123797937189,053a8dc3-f90b-428e-ae9c-a147d0944860
1.0,25.715754,6.5,20.4,0.0,1.0,1.0,0.0,0.0,1.0,0.0,0.0,0.0,0.0,0.0,0.0,4.0,3.0,0.0,4.0,-3.769573391891683,0.00023769773932166456,51e9240a-a19c-4cb3-a5cc-b44a5fee3d8b
1.0,57.906994,112.7,4.600000000000001,0.0,4.0,1.0,0.0,0.0,0.0,0.0,0.0,0.0,0.0,0.0,2.0,-1.0,0.0,0.0,-2.0,8.50049640947906,0.45502850909064985,5e3cc708-d2a0-4db4-a237-ee9e188c004e
1.0,54.16733,62.7,16.799999999999997,0.0,3.0,1.0,0.0,0.0,0.0,0.0,0.0,1.0,0.0,0.0,2.0,-1.0,0.0,2.0,0.0,4.104601667633489,0.6767850927355705,c0ccd35d-bff2-466d-9402-05b71bb18b87
1.0,23.66115,32.6,26.4,1.0,2.0,1.0,0.0,0.0,0.0,0.0,0.0,0.0,0.0,0.0,0.0,-2.0,-1.0,0.0,0.0,-0.8906565672716713,0.6098178900531465,62c9347d-d748-4404-84ee-d2d9d4756304
1.0,53.363377,15.3,9.399999999999999,1.0,3.0,1.0,0.0,0.0,0.0,0.0,0.0,0.0,0.0,0.0,0.0,1.0,-1.0,-2.0,1.0,-8.566502831476399,0.8663563087050319,3205a657-43df-48d8-ba97-a3bed0fb9878
1.0,47.38143,49.900000000000006,24.599999999999994,0.0,2.0,1.0,0.0,0.0,0.0,0.0,0.0,1.0,0.0,0.0,1.0,0.0,0.0,0.0,0.0,3.7941745664421593,0.03156665705828521,0b0bd93f-3a67-439f-af8b-d71529b8e631
1.0,31.781914,35.7,15.100000000000001,0.0,2.0,1.0,0.0,0.0,0.0,0.0,0.0,0.0,0.0,0.0,0.0,4.0,1.0,-1.0,1.0,-4.188846516401127,2.2210467200405732,405265bf-8e44-486c-a8a4-0d6f4bc678a4
1.0,63.651943,79.2,13.5,0.0,3.0,1.0,0.0,0.0,0.0,0.0,0.0,1.0,0.0,0.0,1.0,1.0,0.0,1.0,0.0,2.097868961885802,1.4162207894650438,d597c0a3-11bb-443b-9fdf-ea3faf79c1fc
1.0,25.103188,85.1,39.9,1.0,1.0,1.0,0.0,0.0,0.0,0.0,0.0,0.0,0.0,0.0,-3.0,-1.0,-2.0,-1.0,-1.0,-6.549871136429695,0.05930607624411113,d169b8af-aaa1-45f9-bbf7-db4eb3e482f3
1.0,38.253887,70.2,4.899999999999999,0.0,2.0,1.0,0.0,0.0,0.0,0.0,0.0,0.0,0.0,1.0,1.0,0.0,1.0,1.0,-1.0,3.645509516999849,0.5343090574482688,880932b9-4aaf-49ff-a545-a2bfc75b2f3c
1.0,77.505226,105.0,18.0,0.0,4.0,1.0,0.0,0.0,0.0,0.0,0.0,1.0,0.0,0.0,1.0,1.0,1.0,0.0,2.0,0.714983487026676,0.43976988897423575,e2291134-cb65-49fa-8ee8-07b3ebc024cf
1.0,60.306717,8.2,10.100000000000001,1.0,3.0,1.0,0.0,0.0,0.0,0.0,0.0,0.0,0.0,0.0,-1.0,2.0,0.0,-1.0,1.0,-6.161237586311612,0.026630805325622956,a41c0e0f-fafd-4607-94ea-ec21e2f5a135
1.0,61.800323,77.2,34.900000000000006,1.0,3.0,1.0,0.0,0.0,0.0,1.0,0.0,0.0,0.0,0.0,-1.0,-2.0,-2.0,-1.0,-1.0,5.204909716133837,1.1849172030019217,52668f27-832c-48f4-be4a-1d9e91a89fd8
0.0,,,,,,,,,,,,,,,,,,,,,,5dbb6a9a-5728-456c-9adb-a8e579a82b27
1.0,69.853134,113.0,3.8999999999999986,0.0,4.0,1.0,0.0,0.0,0.0,0.0,1.0,0.0,0.0,0.0,1.0,-2.0,0.0,1.0,-1.0,5.079943559553626,0.22211777315775721,00d86fc9-7cc6-4612-b58e-7dbd95621444
1.0,38.5488,96.5,27.3,1.0,2.0,1.0,0.0,0.0,1.0,0.0,0.0,1.0,0.0,0.0,0.0,-2.0,-2.0,-2.0,0.0,-5.43835441856897,0.724878498832801,32c3ba8a-dd18-4163-adc3-3f785bf53816
1.0,44.107254,28.5,37.400000000000006,0.0,2.0,1.0,0.0,0.0,1.0,0.0,0.0,0.0,0.0,0.0,1.0,1.0,0.0,0.0,1.0,-4.6005537968894075,0.6929658445429681,cd67582a-17ad-4c38-bf54-12ba48b1f307
1.0,63.745197,7.0,3.8999999999999986,1.0,4.0,1.0,0.0,0.0,0.0,0.0,1.0,0.0,0.0,0.0,-1.0,3.0,0.0,0.0,0.0,-6.879346828830536,0.2448700083865042,9765a4e2-eb0f-465a-af01-fcfd0220232c
1.0,46.326233,64.6,19.4,1.0,2.0,1.0,0.0,0.0,0.0,0.0,0.0,1.0,0.0,0.0,-2.0,-3.0,-1.0,-1.0,-1.0,-4.797878459692145,0.6414615475945833,94df26fc-ee6b-4d66-955c-ca4515fd6257
1.0,47.85154,109.6,28.799999999999997,0.0,2.0,1.0,0.0,0.0,0.0,0.0,0.0,0.0,0.0,0.0,1.0,1.0,2.0,0.0,0.0,4.069785168352343,0.5638625343698519,f045de78-391d-4219-9239-d16d19f12970
1.0,62.750378,105.3,11.5,0.0,3.0,1.0,0.0,0.0,0.0,0.0,0.0,0.0,0.0,0.0,1.0,-2.0,2.0,-1.0,0.0,3.818436066789272,0.5330281498374827,1c4a1897-cd6f-4777-9319-86068450b94e
1.0,59.047523,76.6,15.200000000000003,0.0,3.0,1.0,0.0,0.0,0.0,0.0,0.0,1.0,0.0,0.0,2.0,0.0,-2.0,-1.0,-1.0,4.240285751383507,0.4174395469557879,a77a0e8a-4a72-49c2-a5c9-f7ecceb8ffec
1.0,25.241434,54.099999999999994,31.400000000000006,0.0,2.0,1.0,0.0,0.0,0.0,0.0,0.0,0.0,0.0,0.0,-1.0,2.0,0.0,-1.0,1.0,-3.082138803007399,1.4498876341459674,e9e659c1-f966-4f3a-8735-384dde028cc1
1.0,32.486305,28.799999999999997,26.700000000000003,0.0,2.0,1.0,0.0,0.0,1.0,0.0,0.0,0.0,0.0,0.0,1.0,1.0,5.0,0.0,5.0,1.1051085828285423,3.3335235226362707,f691f8b4-0438-4d76-ab1f-b05f361738a3
1.0,59.13789,80.4,0.7000000000000028,0.0,3.0,1.0,0.0,0.0,0.0,0.0,0.0,0.0,0.0,0.0,0.0,0.0,3.0,0.0,3.0,8.749925903767076,1.024575519332647,025d838f-2b99-49b7-9782-a226116ce98b
1.0,49.948975,118.9,16.4,0.0,4.0,1.0,0.0,0.0,0.0,0.0,0.0,0.0,0.0,1.0,-1.0,-2.0,-2.0,-2.0,0.0,2.164390755147302,0.438533448712541,430c5f05-9db2-4130-9c67-a5c6a7be22fa
1.0,58.821766,114.4,1.1000000000000014,0.0,4.0,1.0,0.0,0.0,0.0,0.0,0.0,0.0,0.0,0.0,1.0,-3.0,-1.0,0.0,-1.0,7.236477666614194,0.4320855502726217,4b753db9-77a2-4523-97f9-0bc81a4afe96
1.0,50.07085,0.0,39.900000000000006,0.0,2.0,1.0,0.0,0.0,0.0,1.0,0.0,0.0,1.0,0.0,1.0,2.0,1.0,1.0,1.0,1.7818566306823778,0.4497500469947922,8a2ca59c-639c-449e-8fa8-a06adc0c0187
1.0,38.38854,66.7,9.100000000000001,0.0,2.0,1.0,0.0,0.0,0.0,0.0,0.0,0.0,0.0,0.0,0.0,1.0,-1.0,0.0,-1.0,2.454651713757908,1.2926925856170983,f7bed4de-99de-4fb3-a4aa-b764f1394de3
0.0,,,,,,,,,,,,,,,,,,,,,,f71297f8-18ce-4f08-9125-f4281616e181
1.0,60.97819,113.1,10.200000000000003,0.0,3.0,1.0,0.0,0.0,0.0,0.0,0.0,0.0,0.0,0.0,2.0,0.0,1.0,-1.0,1.0,4.949420432815705,0.6127619795987681,c35388b8-9b19-4a77-aaa7-cb721160b360
1.0,77.42764,114.0,4.0,0.0,4.0,1.0,0.0,0.0,0.0,0.0,1.0,0.0,0.0,0.0,0.0,0.0,-1.0,0.0,-2.0,3.696938446192908,0.6835546050597154,0ea7cee4-1b0d-490e-a6c9-6a53e0ca0201
1.0,12.3878975,52.099999999999994,28.400000000000006,0.0,2.0,1.0,0.0,0.0,0.0,0.0,0.0,0.0,0.0,0.0,2.0,-3.0,0.0,1.0,-1.0,4.473314242785982,0.16362719399009654,b079ed04-c009-47f6-a422-5a9c7b0b1b2d
1.0,61.483086,112.4,5.100000000000001,0.0,4.0,1.0,0.0,0.0,0.0,0.0,0.0,0.0,0.0,0.0,-1.0,0.0,1.0,0.0,2.0,-0.6048580795772427,1.8321526918710713,ecca168b-0c87-453c-8961-36f311ff10e5
1.0,58.827545,9.0,1.3999999999999986,1.0,4.0,1.0,0.0,0.0,0.0,0.0,0.0,0.0,0.0,1.0,-2.0,1.0,-1.0,-1.0,1.0,-4.775092984468516,0.22866251523166012,8ddd49b1-65f5-4ee2-9f57-794dc478da03
1.0,61.772243,79.3,18.9,0.0,3.0,1.0,0.0,0.0,0.0,0.0,0.0,0.0,0.0,0.0,1.0,2.0,0.0,0.0,0.0,2.953409259969776,0.5989237868960797,a34eae42-fa87-4972-835a-39fed83e7c49
1.0,61.93424,108.8,8.600000000000001,0.0,3.0,1.0,0.0,0.0,0.0,0.0,0.0,0.0,0.0,0.0,1.0,0.0,0.0,0.0,1.0,4.140622971847197,0.37422447119042584,0df42077-30b6-468d-80aa-da72cca7b197
1.0,47.506317,5.9,6.299999999999997,1.0,5.0,1.0,0.0,0.0,0.0,0.0,0.0,0.0,0.0,0.0,2.0,2.0,1.0,1.0,0.0,-1.3673568885734335,1.841358367167907,a6b7e9d6-a507-4edb-9d00-cdf64253500c
1.0,41.32082,77.3,21.0,1.0,2.0,1.0,0.0,0.0,0.0,0.0,0.0,0.0,0.0,0.0,1.0,-2.0,0.0,0.0,0.0,3.119851747668373,3.443376220380977,6afabe1b-08e9-4b86-9ab9-38ac8af55c6f
1.0,26.74341,4.900000000000006,26.099999999999994,0.0,1.0,1.0,0.0,0.0,1.0,0.0,0.0,0.0,0.0,0.0,1.0,5.0,3.0,-1.0,4.0,-11.163491895723887,0.4644090104948754,9e70dc65-e538-47b0-bed0-e6b7b8f6f848
1.0,14.701361,42.2,19.3,1.0,2.0,1.0,0.0,0.0,0.0,0.0,0.0,0.0,0.0,0.0,-1.0,1.0,-2.0,-1.0,-3.0,-6.4499123724236895,0.8651278356056272,bec6d320-d754-4f1d-951f-13d49ec9b9e5
1.0,11.85327,24.1,20.200000000000003,1.0,2.0,1.0,0.0,0.0,0.0,0.0,0.0,0.0,0.0,0.0,-1.0,1.0,0.0,1.0,1.0,-4.242619581765977,0.37527321278299797,481ef884-d056-498d-b5d6-f1ca2b6a5c19
1.0,35.24046,37.599999999999994,5.5,0.0,2.0,1.0,0.0,0.0,0.0,0.0,0.0,0.0,0.0,0.0,0.0,2.0,0.0,1.0,-1.0,4.675055200063635,0.5181934971685085,61164b54-30f9-4b20-9503-a2560960cdd8
1.0,54.555843,82.0,32.400000000000006,0.0,0.0,1.0,0.0,0.0,0.0,0.0,0.0,0.0,0.0,0.0,0.0,1.0,0.0,1.0,-1.0,-1.277708673740129,2.6873413900880845,764e64a6-1b50-4e66-a266-3cbf3885f39f
1.0,67.640594,104.4,0.8999999999999986,0.0,4.0,1.0,0.0,0.0,0.0,0.0,0.0,0.0,0.0,0.0,1.0,1.0,1.0,0.0,0.0,3.8588483573726906,0.26500869014676465,5fb4f527-a2a7-4376-95f1-3aef1afa7749
1.0,25.287151,72.6,10.299999999999997,0.0,2.0,1.0,0.0,0.0,0.0,0.0,0.0,0.0,0.0,0.0,1.0,0.0,-1.0,0.0,-1.0,4.062199255117264,0.24078477072270144,76c65f73-2545-4520-b3ea-b5f13e6ba3b5
1.0,59.02745,80.2,12.0,0.0,3.0,1.0,0.0,0.0,0.0,0.0,0.0,0.0,0.0,0.0,1.0,-1.0,-3.0,0.0,-2.0,10.593566973532369,0.881434828649315,2f757a02-7447-45e2-9c09-7fde2988ceac
1.0,72.09882,114.0,4.0,0.0,3.0,1.0,0.0,0.0,0.0,0.0,1.0,0.0,0.0,0.0,1.0,-1.0,-1.0,1.0,-3.0,5.357269057146555,1.0225708956207977,f02a6a48-6267-4c97-87ec-2083c22328bf
1.0,57.065926,75.4,35.4,1.0,2.0,1.0,0.0,0.0,0.0,1.0,0.0,1.0,0.0,0.0,0.0,-3.0,-3.0,0.0,-3.0,-1.373590148636378,0.6818989865530285,a25405eb-438d-4a75-aac4-e31d1f9014a8
1.0,48.521336,78.4,28.5,1.0,2.0,1.0,0.0,0.0,0.0,0.0,0.0,0.0,0.0,0.0,0.0,-4.0,-2.0,0.0,-2.0,6.913209328620698,0.7352558034529768,1e87d4a5-5bdb-49e4-b0a4-baf6fafe2c51
1.0,20.47071,106.4,3.700000000000003,0.0,2.0,1.0,0.0,0.0,0.0,0.0,0.0,0.0,0.0,0.0,0.0,-2.0,0.0,-1.0,0.0,4.877398623312264,0.9037952801749635,ce7c991d-1be1-4ac2-a6f4-74854533c942
1.0,70.22436,110.0,0.29999999999999716,0.0,3.0,1.0,0.0,0.0,0.0,0.0,0.0,1.0,0.0,0.0,2.0,-2.0,0.0,1.0,-2.0,7.119277349132882,0.3498511175210697,d75a9a3b-3fa0-49c7-ac24-eb732a43287a
1.0,41.56405,120.0,40.0,1.0,4.0,1.0,0.0,0.0,0.0,1.0,0.0,0.0,1.0,0.0,1.0,-2.0,-1.0,-1.0,0.0,0.5755217237045107,0.10920848535116828,0e8fb56f-14e1-4916-9256-e507bff32bee
1.0,34.528393,6.900000000000006,40.0,0.0,2.0,1.0,0.0,0.0,0.0,0.0,0.0,0.0,0.0,0.0,2.0,-1.0,1.0,2.0,-1.0,2.583261708099072,0.4467918453178011,7e82e738-d3df-43a6-a0b9-85682c354fed
1.0,65.85393,103.9,1.8999999999999986,0.0,4.0,1.0,0.0,0.0,0.0,0.0,0.0,0.0,0.0,0.0,2.0,-4.0,0.0,2.0,-2.0,9.663927488239421,0.5713836105792451,1092e8b5-847c-4fd4-8462-1b9e12d2e4bb
1.0,34.535343,31.599999999999994,21.0,0.0,2.0,1.0,0.0,0.0,0.0,0.0,0.0,1.0,0.0,0.0,0.0,2.0,3.0,1.0,3.0,-0.1948839380275995,0.3287479990298168,398e3915-1dac-4cda-8a02-e61d1bac0bc3
1.0,37.783066,44.599999999999994,8.200000000000003,0.0,8.0,1.0,0.0,0.0,0.0,0.0,0.0,1.0,0.0,0.0,3.0,0.0,1.0,1.0,0.0,2.9131455205663435,0.4446293259050566,28def1bc-8828-4caf-89a1-c990ea92f8dc
1.0,34.69539,0.0,39.900000000000006,0.0,1.0,1.0,0.0,0.0,0.0,0.0,0.0,0.0,1.0,0.0,3.0,-1.0,4.0,3.0,1.0,3.6223507383437807,1.7412467599067893,b75faeea-b38c-4ddb-9bf8-749ad27879ac
1.0,60.0886,94.1,4.0,0.0,3.0,1.0,0.0,0.0,0.0,0.0,0.0,0.0,0.0,0.0,2.0,-2.0,0.0,0.0,0.0,10.995733634219693,1.8494120874521267,571c32d9-fd0a-4fa4-b134-8096161fbe75
1.0,67.46036,114.0,4.0,0.0,4.0,1.0,0.0,0.0,0.0,0.0,1.0,0.0,0.0,0.0,0.0,-1.0,-1.0,0.0,-1.0,6.0427274232524235,0.9225383154475401,97353f32-1dea-42be-82a9-7e0017caf433
1.0,67.22477,106.3,4.700000000000003,0.0,4.0,1.0,0.0,0.0,0.0,0.0,0.0,0.0,0.0,0.0,2.0,-3.0,1.0,2.0,-2.0,8.817885330037237,0.13996465056809201,14527510-9ca4-436d-b04f-a03884cbce63
1.0,39.98925,42.0,38.9,1.0,2.0,1.0,0.0,0.0,0.0,0.0,0.0,0.0,0.0,0.0,0.0,0.0,0.0,-1.0,1.0,-2.0461086024713397,1.2953792930688233,26e8688a-96df-4ac9-81bd-020237468d55
1.0,68.70815,6.0,4.0,1.0,3.0,1.0,0.0,0.0,0.0,0.0,1.0,0.0,0.0,0.0,-2.0,3.0,1.0,-1.0,2.0,-8.239149318061951,0.5687553696424312,f88ead89-1703-42b7-8fe2-c775b11b1c45
1.0,14.9372015,52.099999999999994,30.700000000000003,0.0,2.0,1.0,0.0,0.0,0.0,0.0,0.0,0.0,0.0,0.0,1.0,-2.0,-2.0,0.0,-2.0,5.3783937795887296,0.06348028194865919,3d13205c-1cc8-4e2d-9c77-82e842b48fa8
1.0,76.277916,113.0,4.100000000000001,0.0,3.0,1.0,0.0,0.0,0.0,0.0,1.0,0.0,0.0,0.0,1.0,-2.0,2.0,1.0,1.0,7.169284177427592,1.3079287378810365,60ee1ca2-b2a9-4240-a1d0-322f1d96e2ce
1.0,50.011997,46.9,29.5,1.0,5.0,1.0,0.0,0.0,0.0,0.0,0.0,0.0,0.0,0.0,-2.0,0.0,-1.0,-1.0,1.0,-2.6964713501601727,1.0795582155824057,d49d8682-ae21-4f8a-997d-20b1ae5ab2a8
1.0,82.95933,7.1,10.899999999999999,1.0,4.0,1.0,0.0,0.0,0.0,0.0,0.0,0.0,0.0,0.0,-1.0,-1.0,-1.0,-1.0,0.0,-5.200103695750263,0.8869369847121006,cfbaecb4-52ce-4937-ac31-c9382d7bd0b5
1.0,69.27987,7.0,4.100000000000001,1.0,3.0,1.0,0.0,0.0,0.0,0.0,1.0,0.0,0.0,0.0,-2.0,0.0,1.0,0.0,1.0,-5.9872504215397075,1.9222528633690381,e9358154-421f-4370-a7f2-b12028ce9802
1.0,53.839855,64.7,25.1,1.0,3.0,1.0,0.0,0.0,0.0,0.0,0.0,1.0,0.0,0.0,1.0,-2.0,-1.0,-1.0,0.0,-1.0688079658140852,0.05119762429449615,559c1334-4433-46d3-9571-bad1c6eba299
1.0,63.70565,98.4,15.799999999999997,0.0,3.0,1.0,0.0,0.0,0.0,1.0,0.0,0.0,0.0,0.0,0.0,0.0,-1.0,-1.0,0.0,2.1386819063592064,0.447560971317005,e06f3a09-fb1c-4062-8a06-fb68fea7d743
1.0,15.842032,90.3,9.700000000000003,0.0,1.0,1.0,0.0,0.0,0.0,0.0,0.0,0.0,0.0,1.0,-1.0,0.0,1.0,0.0,2.0,-1.4701738040653511,0.8615554518939735,73c7432f-8587-46b6-9fb4-00c4929bba3b
0.0,,,,,,,,,,,,,,,,,,,,,,a8652cdd-ac86-4756-89ac-6cecd8f90687
1.0,63.529285,7.0,3.8999999999999986,1.0,5.0,1.0,0.0,0.0,0.0,0.0,1.0,0.0,0.0,0.0,-1.0,1.0,0.0,-1.0,1.0,-4.280292399759356,0.8725667498993296,ffbb3c39-01a7-4482-bf99-0bd7ad0aad7c
1.0,41.12858,86.2,13.8,1.0,3.0,1.0,0.0,0.0,0.0,0.0,0.0,0.0,0.0,0.0,0.0,-4.0,0.0,0.0,0.0,-1.8603755358465648,1.4261601442615697,62c1d95b-fddc-4737-88ed-9d286b414a70
1.0,37.862514,0.0,39.900000000000006,0.0,5.0,1.0,0.0,0.0,0.0,0.0,0.0,0.0,1.0,0.0,0.0,0.0,2.0,0.0,2.0,1.9238710581268152,0.17120054582583966,05cdd9f6-6560-41c1-a2d2-adfba9e3185c
1.0,10.824047,43.2,28.099999999999994,0.0,2.0,1.0,0.0,0.0,0.0,0.0,0.0,0.0,0.0,0.0,1.0,1.0,0.0,2.0,-2.0,3.478176409614445,0.7355197775494083,3ca36e04-a6e9-4d0b-bda9-69285d19de28
1.0,18.320753,27.900000000000006,2.799999999999997,0.0,2.0,1.0,0.0,0.0,0.0,0.0,0.0,0.0,0.0,0.0,0.0,3.0,-1.0,0.0,1.0,-2.280767449268274,0.694278008492037,52b4bb90-eaa7-4fdb-9e53-4b5d1e4ee569
1.0,45.327694,105.0,20.4,0.0,3.0,1.0,0.0,0.0,0.0,0.0,0.0,0.0,0.0,1.0,0.0,0.0,0.0,1.0,-1.0,1.0901443442922796,2.4679850500300304,4e109c0d-595f-4df2-b319-4134588d4ea5
1.0,30.165709,34.900000000000006,21.5,0.0,2.0,1.0,0.0,0.0,0.0,0.0,0.0,0.0,0.0,0.0,1.0,4.0,2.0,2.0,-1.0,-3.0905104592690464,2.0948010420934,d88d2bac-d9eb-4690-847d-72a0357b7202
1.0,35.0,32.8,30.200000000000003,0.0,2.0,1.0,0.0,0.0,1.0,0.0,0.0,0.0,0.0,0.0,0.0,0.0,1.0,1.0,1.0,3.9453848805278433,1.0953187012544887,a58813fc-8773-4f63-9ed5-32da979d3eb4
1.0,27.440117,90.6,35.6,1.0,1.0,1.0,0.0,0.0,0.0,0.0,0.0,0.0,0.0,1.0,-1.0,-4.0,-4.0,-1.0,-3.0,13.414378494762838,0.10283990945089543,9ecdc7b7-d97f-4b92-bee0-a0635912d141
1.0,58.737553,106.1,3.200000000000003,0.0,4.0,1.0,0.0,0.0,0.0,0.0,0.0,0.0,0.0,0.0,2.0,1.0,2.0,0.0,2.0,5.01804758562575,1.5780802457276708,1ba0b62c-ffb3-4b91-8ab5-6226b0c34072
1.0,43.939617,62.7,9.899999999999999,1.0,3.0,1.0,0.0,0.0,0.0,0.0,0.0,0.0,0.0,0.0,-2.0,0.0,-1.0,-1.0,-1.0,-7.0331498964913965,2.1025562202490096,dcffd908-483d-4955-9e10-cf24f5dc9684
1.0,29.783552,71.6,28.0,0.0,3.0,1.0,0.0,0.0,0.0,0.0,0.0,0.0,0.0,0.0,0.0,1.0,1.0,0.0,2.0,4.173142057643364,0.0371434389248735,ecd33ce4-f7d1-4caf-8a89-fa39c5e5fcc6
1.0,26.376125,47.8,36.7,0.0,2.0,1.0,0.0,0.0,0.0,0.0,0.0,0.0,0.0,0.0,0.0,0.0,1.0,0.0,1.0,-2.100553632890197,0.8943115770921741,2cf16c9a-a44a-4208-9d65-2bd4ada7b731
1.0,5.0487623,31.099999999999994,26.799999999999997,0.0,8.0,0.0,0.0,1.0,0.0,0.0,0.0,0.0,0.0,1.0,-2.0,2.0,-1.0,-2.0,2.0,-5.8161734379176835,1.7187167652631228,b06ac408-178b-4c6b-ac22-b97f2ea226de
1.0,68.18226,7.0,3.8999999999999986,1.0,3.0,1.0,0.0,0.0,0.0,0.0,1.0,0.0,0.0,0.0,1.0,1.0,2.0,1.0,1.0,-4.500924987954653,1.4269208801619158,149c287a-4d34-4a30-94b2-fd349259d9f1
1.0,47.721798,75.1,10.799999999999997,0.0,3.0,1.0,0.0,0.0,0.0,0.0,0.0,0.0,0.0,0.0,1.0,0.0,2.0,1.0,0.0,3.2443178835180753,2.2219015720469892,9ceb9769-7a42-484b-b459-e4b3cf662284
1.0,61.931736,13.5,6.700000000000003,1.0,5.0,1.0,0.0,0.0,0.0,0.0,0.0,0.0,0.0,0.0,0.0,-1.0,-1.0,-2.0,0.0,-4.279160574996932,0.05652243456799155,3c2de83e-9998-4610-bc6b-0403548b1a47
1.0,24.9996,37.599999999999994,16.6,0.0,4.0,1.0,0.0,0.0,0.0,0.0,0.0,1.0,0.0,0.0,4.0,-1.0,3.0,4.0,1.0,6.926502388669882,0.04965658225736439,9fe1032a-8a62-41d9-bb0e-67dd0df9ca98
1.0,15.587174,41.099999999999994,14.299999999999997,0.0,2.0,1.0,0.0,0.0,0.0,0.0,0.0,0.0,0.0,0.0,-1.0,1.0,-1.0,1.0,-1.0,-0.19075420745336302,0.33934925071199196,9d9a41eb-6c12-4f7e-9c34-d9aa833fea53
0.0,,,,,,,,,,,,,,,,,,,,,,5ce9e696-da34-44ef-ba22-c63c1b104c7a
1.0,18.36001,15.799999999999997,22.0,0.0,4.0,0.0,1.0,0.0,0.0,0.0,0.0,0.0,0.0,0.0,-1.0,4.0,4.0,0.0,4.0,-1.7737861876124015,0.16939324458387914,5a4cb529-34f9-4d6f-8f47-2efc3ae3de40
1.0,52.899242,113.7,5.200000000000003,0.0,4.0,1.0,0.0,0.0,0.0,0.0,0.0,0.0,0.0,0.0,1.0,-1.0,0.0,1.0,1.0,3.5090082443448196,2.4603678715061545,d9260414-0ba7-4450-8c08-60b049c46058
1.0,26.423664,22.5,25.5,0.0,1.0,1.0,0.0,0.0,1.0,0.0,0.0,0.0,0.0,0.0,1.0,4.0,3.0,1.0,2.0,-1.7540102121672438,1.7705546100177183,44cec3a3-0d68-4fa8-81fe-ac8ede21417c
1.0,46.57435,75.0,5.100000000000001,0.0,2.0,1.0,0.0,0.0,0.0,0.0,0.0,0.0,0.0,0.0,3.0,0.0,1.0,0.0,1.0,4.68586016577551,2.184947214885256,db9d8a55-add1-4778-8d08-fa74715b7bc1
1.0,56.57252,83.8,10.399999999999999,0.0,3.0,1.0,0.0,0.0,0.0,0.0,0.0,0.0,0.0,0.0,0.0,0.0,0.0,1.0,-2.0,2.5350395785709257,1.3197961702257406,7d612664-98c4-4ed1-bdc2-8417a86582ff
1.0,58.308918,97.4,12.799999999999997,0.0,3.0,1.0,0.0,0.0,0.0,0.0,0.0,0.0,0.0,0.0,-1.0,-1.0,-1.0,0.0,-1.0,5.936104211259915,0.7144390028535594,873e847d-644d-4591-a431-6d31347e7ae1
1.0,58.764957,106.5,0.0,0.0,3.0,1.0,0.0,0.0,0.0,0.0,0.0,0.0,0.0,0.0,1.0,0.0,1.0,0.0,1.0,4.354222945649131,0.44536913058972966,6860f9fd-1d73-442e-b5ae-7365992fbdcf
1.0,62.259216,111.0,0.3999999999999986,0.0,3.0,1.0,0.0,0.0,0.0,0.0,0.0,0.0,0.0,0.0,1.0,1.0,0.0,-1.0,1.0,4.208953886104105,0.10160772449822493,cf3338b4-6f8f-43b1-9b1e-48f3b4417031
1.0,39.73525,16.099999999999994,31.099999999999994,0.0,2.0,1.0,0.0,0.0,1.0,0.0,0.0,0.0,0.0,0.0,0.0,4.0,2.0,1.0,1.0,2.652207709960418,1.2177110413154304,aa88f218-4c7f-4fb8-8cd8-d6cb7d045e15
0.0,,,,,,,,,,,,,,,,,,,,,,890a87cb-7902-4e47-bc19-cc05d01b0e3d
1.0,29.235765,55.5,11.5,0.0,2.0,1.0,0.0,0.0,0.0,0.0,0.0,0.0,0.0,0.0,1.0,0.0,-2.0,-2.0,0.0,4.692564379514777,0.008062875292783279,6f568e48-afc2-4ea3-88c4-0fb83f71700e
1.0,64.22811,104.7,12.399999999999999,0.0,4.0,1.0,0.0,0.0,0.0,0.0,0.0,0.0,0.0,0.0,1.0,0.0,-1.0,1.0,-1.0,5.776139592816877,1.756567523307436,8f0ecf8c-4f30-4f96-9b38-5a0c181987d1
1.0,61.185375,97.1,25.0,0.0,3.0,1.0,0.0,0.0,0.0,0.0,0.0,0.0,0.0,1.0,0.0,1.0,0.0,0.0,1.0,4.102529558922408,2.1808933762616283,7bc8acd4-2630-4c5e-a3bf-814a28f0d642
1.0,45.950516,120.0,40.0,1.0,5.0,1.0,0.0,0.0,0.0,1.0,0.0,0.0,1.0,0.0,-1.0,-3.0,-3.0,0.0,-5.0,-1.955054603389172,0.6116713630380588,7588d8a2-0742-43c7-af5b-bb2f1175095c
1.0,41.02012,33.8,37.5,0.0,2.0,1.0,0.0,0.0,1.0,0.0,0.0,0.0,0.0,0.0,0.0,2.0,1.0,-1.0,3.0,-4.035285853087014,0.7699544926849229,7321b10d-24e5-4ecc-b993-04a50ffc2dc2
0.0,,,,,,,,,,,,,,,,,,,,,,ac060f29-3dc6-4fdc-b24c-c0b3305957ad
1.0,16.549622,57.7,7.399999999999999,0.0,3.0,1.0,0.0,0.0,0.0,0.0,0.0,0.0,0.0,1.0,0.0,1.0,-1.0,0.0,0.0,-0.5725871148395463,0.9963867711485913,340239b6-2cb7-4017-808a-0c9c9d14b9d9
1.0,49.57913,62.5,2.200000000000003,0.0,3.0,1.0,0.0,0.0,0.0,0.0,0.0,0.0,0.0,0.0,0.0,2.0,1.0,-1.0,2.0,2.5679960413416385,1.9550888317155688,28ac9c40-a19b-4401-b6aa-feb8f765622e
1.0,21.986359,76.8,37.599999999999994,0.0,2.0,1.0,0.0,0.0,0.0,0.0,0.0,0.0,0.0,1.0,1.0,0.0,-1.0,0.0,-1.0,3.436671767608941,1.3539100298958946,4c30bf0a-c592-482d-b4a8-0a08643b959d
1.0,39.37334,87.5,20.6,1.0,2.0,1.0,0.0,0.0,0.0,0.0,0.0,1.0,0.0,0.0,0.0,-7.0,-2.0,1.0,-3.0,1.2628615762361743,0.96238092308232,58676687-1e59-409d-86b9-0dcb49f4dc34
1.0,11.119802,94.4,10.600000000000001,1.0,2.0,1.0,0.0,0.0,0.0,0.0,0.0,0.0,0.0,1.0,-1.0,-2.0,1.0,-1.0,2.0,-4.815281362422054,0.5875472752036325,1322b4f6-4ef1-41ca-b930-dc882a815e9b
1.0,43.770424,109.5,22.6,0.0,2.0,1.0,0.0,0.0,0.0,0.0,0.0,0.0,0.0,0.0,-1.0,-2.0,-1.0,0.0,-1.0,3.05484108025436,0.220223373154808,f23446fe-0584-41de-8998-0a416b9ae354
1.0,27.000185,11.200000000000003,27.599999999999994,0.0,2.0,1.0,0.0,0.0,1.0,0.0,0.0,0.0,0.0,0.0,-1.0,3.0,4.0,0.0,4.0,-6.904871913632113,0.0053506476822526485,638d8645-8568-42e4-abbe-b3e72bd5403f
1.0,65.03699,104.6,10.399999999999999,0.0,5.0,1.0,0.0,0.0,0.0,0.0,0.0,0.0,0.0,0.0,0.0,0.0,1.0,1.0,0.0,3.2463357340856493,1.1280727376567776,c086339b-63a6-421b-85f5-47d657310093
1.0,78.79016,114.0,4.0,0.0,3.0,1.0,0.0,0.0,0.0,0.0,1.0,0.0,0.0,0.0,2.0,1.0,0.0,2.0,-1.0,5.64243170089572,0.7227604629737667,33f1d0df-3beb-4f4f-b867-76cb6ad9b381
1.0,54.591026,65.1,18.5,0.0,3.0,1.0,0.0,0.0,0.0,0.0,0.0,0.0,0.0,0.0,0.0,2.0,2.0,2.0,0.0,-1.03406597098882,0.3910568180252734,2c4a4cec-a2b3-4742-8d20-294678a8225c
1.0,37.968014,46.7,13.799999999999997,0.0,1.0,1.0,0.0,0.0,0.0,0.0,0.0,0.0,0.0,0.0,1.0,1.0,2.0,1.0,1.0,-1.2750356224003665,0.005156708953663824,86e352c4-f08e-46da-a1a1-a3a1bd07bdef
1.0,47.62111,64.1,24.200000000000003,1.0,2.0,1.0,0.0,0.0,0.0,0.0,0.0,0.0,0.0,0.0,-1.0,-1.0,-1.0,-2.0,1.0,-1.8743538044249215,0.8743396814937604,d2bcda9d-05d2-4218-91cb-3c2ef137e1aa
1.0,52.426426,49.599999999999994,31.799999999999997,0.0,2.0,1.0,0.0,0.0,0.0,0.0,0.0,0.0,0.0,0.0,0.0,1.0,0.0,1.0,-1.0,-1.763187433425034,0.7532053249524331,09ed9789-86c5-491f-a827-ec7ab60b01d7
1.0,62.16406,29.5,3.3999999999999986,1.0,3.0,1.0,0.0,0.0,0.0,0.0,0.0,0.0,0.0,0.0,-1.0,0.0,0.0,0.0,0.0,-7.0664396965730685,0.45511518856757804,4e4267c2-78de-427c-97c2-5057f9bb6dc9
1.0,54.84323,34.2,10.5,1.0,3.0,1.0,0.0,0.0,0.0,0.0,0.0,0.0,0.0,0.0,-2.0,0.0,0.0,-1.0,1.0,-4.807366033012876,0.7236173048772996,5ac0ac17-88ef-49b3-93be-7060f9f51083
0.0,,,,,,,,,,,,,,,,,,,,,,e590cfe8-acc8-404f-837b-61a73044da35
0.0,,,,,,,,,,,,,,,,,,,,,,abdd8bc9-9a37-4493-b000-f57c867a09b0
0.0,,,,,,,,,,,,,,,,,,,,,,f5290ce2-9a0b-4141-b016-22eb250767d2
0.0,,,,,,,,,,,,,,,,,,,,,,4c7742e1-d00d-4ccd-aebe-c1b1ea69ced6
1.0,80.42294,112.9,16.200000000000003,0.0,6.0,1.0,0.0,0.0,0.0,0.0,0.0,1.0,0.0,0.0,1.0,0.0,1.0,1.0,0.0,4.192789839442385,0.8058015082877548,2c211926-386f-4a63-9ef7-4d8728f997fd
1.0,15.9012575,15.400000000000006,11.700000000000003,0.0,2.0,1.0,0.0,0.0,0.0,0.0,0.0,0.0,0.0,1.0,-1.0,-2.0,3.0,1.0,2.0,2.8205367522051215,0.24667382605913532,ce351268-fde8-413d-a855-cb8b0da69a0e
1.0,81.29514,114.0,4.0,0.0,6.0,1.0,0.0,0.0,0.0,0.0,1.0,0.0,0.0,0.0,0.0,-1.0,-1.0,1.0,-1.0,6.338817839412872,2.8820225547120364,dd972352-b570-48c7-b0ef-3734af09222e
1.0,63.83604,4.4,16.0,1.0,3.0,1.0,0.0,0.0,0.0,0.0,0.0,0.0,0.0,0.0,0.0,0.0,-1.0,1.0,-3.0,-3.3708510922676354,0.6226911648350559,3e87c8f6-de71-42bd-91f0-a8d1aac71ddf
1.0,52.752346,79.6,1.7999999999999972,0.0,3.0,1.0,0.0,0.0,0.0,0.0,0.0,0.0,0.0,0.0,0.0,2.0,0.0,2.0,-1.0,6.763320639467263,0.37645777222776344,c88d46b6-e516-4b26-9d0f-082695503ba8
1.0,43.43731,48.400000000000006,37.0,0.0,3.0,1.0,0.0,0.0,0.0,0.0,0.0,0.0,0.0,0.0,2.0,0.0,1.0,1.0,-1.0,6.878579609027373,0.4623183873666542,dda91203-0151-4d08-87be-20c51ff62dd5
1.0,36.116756,21.900000000000006,36.3,0.0,2.0,1.0,0.0,0.0,1.0,0.0,0.0,0.0,0.0,0.0,-1.0,2.0,3.0,1.0,1.0,1.6470679550687262,0.25370958145896966,32997dcf-6dc0-4f14-824f-7cc95b5efcc8
1.0,43.178005,28.799999999999997,32.400000000000006,0.0,2.0,1.0,0.0,0.0,1.0,1.0,0.0,0.0,0.0,0.0,0.0,4.0,2.0,0.0,2.0,1.158374242505639,0.6811913346085253,7d132705-da24-4f97-9dbe-68652854097c
1.0,24.203306,109.0,39.9,1.0,2.0,1.0,0.0,0.0,0.0,0.0,0.0,0.0,0.0,0.0,-2.0,-1.0,-3.0,-3.0,0.0,-2.1148090618960715,0.1715537087070337,48165413-70e2-4cd9-ae44-82b2759477db
0.0,,,,,,,,,,,,,,,,,,,,,,e8720c7a-d65d-47a9-982b-d07cd6910100
1.0,12.014991,82.4,18.799999999999997,0.0,1.0,1.0,0.0,0.0,0.0,0.0,0.0,0.0,0.0,0.0,2.0,-2.0,-1.0,1.0,-2.0,6.991864606162002,0.4404345602778929,95addfcd-cf0c-4f9d-ad2b-5ea3b6fbe7e5
1.0,26.090994,81.1,24.200000000000003,0.0,2.0,1.0,0.0,0.0,0.0,0.0,0.0,0.0,0.0,0.0,1.0,-1.0,-1.0,0.0,0.0,4.840352944931255,0.28622635874181024,0ea0d020-a227-45da-9ece-bd7d9b61fe42
1.0,6.3126855,63.6,38.5,1.0,1.0,1.0,0.0,0.0,0.0,0.0,0.0,0.0,0.0,0.0,1.0,1.0,0.0,-2.0,2.0,1.3419552774963597,0.4100999291517077,b6ff70cb-febd-45da-9ed9-c55c944e6c68
1.0,69.086754,90.6,20.299999999999997,0.0,5.0,1.0,0.0,0.0,0.0,0.0,0.0,0.0,0.0,0.0,0.0,1.0,1.0,2.0,-1.0,-0.15607343977751142,1.4179147037107735,49eb5ba6-d3c2-41c2-842f-9c17f7f3a246
0.0,,,,,,,,,,,,,,,,,,,,,,7c488181-bf8d-4ec6-9b00-f7cce9a3519f
0.0,,,,,,,,,,,,,,,,,,,,,,8d779fc6-03f1-41fd-9b75-9d6c487ea7fe
1.0,8.947066,58.1,17.0,0.0,1.0,0.0,1.0,0.0,0.0,0.0,0.0,0.0,0.0,1.0,-1.0,0.0,0.0,2.0,-2.0,-0.43420510684069513,0.11815941765557993,8c5e1a8b-26d0-48da-87a1-9bd40222e3d5
1.0,15.06851,65.6,8.799999999999997,0.0,2.0,1.0,0.0,0.0,0.0,0.0,0.0,0.0,0.0,1.0,0.0,-1.0,2.0,1.0,0.0,2.9423232843396043,0.40846449054583994,266d76ca-9485-452b-bd17-4f304131cf15
1.0,17.68163,42.6,39.9,1.0,1.0,1.0,0.0,0.0,0.0,0.0,0.0,0.0,0.0,0.0,0.0,2.0,0.0,0.0,2.0,-3.433997280608727,0.8072666924599474,23679407-cd3e-4072-8a65-2f2e05494c04
1.0,65.66643,111.2,4.899999999999999,0.0,4.0,1.0,0.0,0.0,0.0,0.0,0.0,0.0,0.0,0.0,1.0,-3.0,1.0,0.0,0.0,10.08836089987923,2.845014033745508,4cb4ff38-1c19-45f5-8240-4055dd275b94
1.0,26.476404,18.200000000000003,38.0,0.0,2.0,1.0,0.0,0.0,0.0,0.0,0.0,0.0,0.0,0.0,1.0,1.0,3.0,3.0,1.0,-2.729611174500875,0.7162246474462225,79ab2af5-0799-47b5-8a28-9acb158b45d7
1.0,64.8637,10.8,1.3999999999999986,1.0,6.0,1.0,0.0,0.0,0.0,0.0,0.0,0.0,0.0,0.0,0.0,-1.0,0.0,0.0,1.0,-1.5124852887256477,0.18990730186507232,e70a96a3-3caf-4041-9a74-723f944995e5
1.0,9.674709,28.099999999999994,21.200000000000003,0.0,1.0,1.0,0.0,0.0,0.0,0.0,0.0,0.0,0.0,0.0,1.0,-1.0,0.0,0.0,-1.0,3.000969382695395,0.04064744778625153,a65fff88-acf4-418a-9e4a-a0b212b35752
1.0,31.924911,0.0,40.0,0.0,1.0,1.0,0.0,0.0,0.0,0.0,0.0,0.0,1.0,0.0,2.0,1.0,3.0,1.0,2.0,-0.24212710906282364,0.41069396443367945,469e342a-e752-4bfb-86c4-916ec6177e08
0.0,,,,,,,,,,,,,,,,,,,,,,12fb6ba6-49cf-49de-b724-548b886148f2
1.0,18.51729,43.400000000000006,3.1000000000000014,0.0,6.0,1.0,0.0,0.0,0.0,0.0,0.0,0.0,0.0,0.0,0.0,1.0,0.0,1.0,-1.0,3.226418352268235,1.2740882540311458,e01c2787-5b12-45d3-8a38-d029dfccf715
1.0,11.66919,42.099999999999994,35.7,0.0,2.0,1.0,0.0,0.0,0.0,0.0,0.0,0.0,0.0,0.0,0.0,1.0,1.0,0.0,1.0,-0.6950561791376586,1.3633190326270739,0f697578-1763-4c24-98f9-8a5d9cd0791e
0.0,,,,,,,,,,,,,,,,,,,,,,c259fb41-d449-40f8-a743-cd3994e9c967
1.0,70.41946,104.3,3.6000000000000014,0.0,4.0,1.0,0.0,0.0,0.0,0.0,0.0,0.0,0.0,0.0,1.0,-1.0,3.0,2.0,0.0,2.9462918432484466,0.9053664176333928,88fc06bc-6e03-4ff2-93e8-106f3929262d
1.0,69.27309,22.9,10.200000000000003,1.0,5.0,1.0,0.0,0.0,0.0,0.0,0.0,0.0,0.0,0.0,-2.0,1.0,0.0,0.0,-1.0,-4.501895877096853,1.9677243872685746,592b99b0-dbf7-4113-8dfb-87ac3d79193a
1.0,69.83137,93.2,34.0,0.0,3.0,1.0,0.0,0.0,0.0,0.0,0.0,1.0,0.0,0.0,1.0,2.0,1.0,1.0,0.0,0.3268890085373357,1.3238775346503517,f4317c27-2d41-46c7-9d98-1daf25b68ffc
1.0,57.138603,91.7,0.10000000000000142,0.0,3.0,1.0,0.0,0.0,0.0,0.0,0.0,1.0,0.0,0.0,3.0,2.0,3.0,1.0,2.0,2.830874996452118,1.0711002282254543,f4db476b-4bf4-48cf-980f-5dc3b82c898c
1.0,70.88646,110.7,4.899999999999999,0.0,4.0,1.0,0.0,0.0,0.0,0.0,0.0,0.0,0.0,0.0,0.0,-2.0,0.0,1.0,-2.0,4.819182872708387,0.015599175802104358,e66d0d1f-fd0b-4698-834f-3d6580b5d795
1.0,14.725827,77.5,0.7999999999999972,1.0,3.0,1.0,0.0,0.0,0.0,0.0,0.0,0.0,0.0,1.0,-1.0,-1.0,-3.0,1.0,-4.0,-2.906417281603712,0.060710252097338914,cad7d860-fe66-494f-9e1a-694075c7e1cc
1.0,38.483765,0.0,39.900000000000006,0.0,4.0,1.0,0.0,0.0,0.0,0.0,0.0,0.0,1.0,0.0,2.0,2.0,2.0,3.0,-1.0,3.776820736834541,0.20434767027140932,1835eecb-20c5-470b-91f6-3e62f1a4f1cc
1.0,25.18035,45.1,34.2,1.0,1.0,1.0,0.0,0.0,0.0,0.0,0.0,0.0,0.0,0.0,-1.0,0.0,-1.0,0.0,-2.0,-6.790651351058834,0.3944129140066699,7e29ada6-09fb-45d2-86db-a7510e8f6593
0.0,,,,,,,,,,,,,,,,,,,,,,c5d38bc0-8ab8-475b-a56d-a55b1c166b45
1.0,22.502,92.6,27.299999999999997,0.0,2.0,1.0,0.0,0.0,0.0,0.0,0.0,0.0,0.0,0.0,2.0,0.0,0.0,1.0,1.0,7.091601728779027,1.216254632597202,a86aa2cd-2912-40a1-a41e-399987bca98a
1.0,51.36789,22.5,1.2999999999999972,1.0,3.0,1.0,0.0,0.0,0.0,0.0,0.0,0.0,0.0,1.0,0.0,-1.0,0.0,0.0,1.0,-4.273745390789575,0.13879221408849418,e181b589-c53c-4ac0-9369-070a3e91ff87
1.0,45.276596,14.0,2.3999999999999986,1.0,3.0,1.0,0.0,0.0,0.0,0.0,0.0,0.0,0.0,0.0,0.0,1.0,1.0,-1.0,2.0,-3.3843601325622146,0.037012476361023894,2b8bb413-0f70-4ec7-a715-f1dda0326b19
1.0,38.910408,88.5,31.299999999999997,0.0,3.0,1.0,0.0,0.0,0.0,0.0,0.0,0.0,0.0,0.0,0.0,2.0,2.0,1.0,1.0,3.2451716811646225,0.007911722374264485,317fce03-2c61-4cef-a8c8-78486954df96
1.0,68.27943,112.6,11.899999999999999,0.0,3.0,1.0,0.0,0.0,0.0,1.0,0.0,0.0,0.0,1.0,0.0,1.0,-2.0,-1.0,-2.0,4.229185374198973,0.14961939360479054,3b408e2a-563e-451d-8ca2-9b4988f0c87e
1.0,41.003048,32.400000000000006,35.2,0.0,2.0,1.0,0.0,0.0,1.0,0.0,0.0,0.0,0.0,0.0,1.0,2.0,1.0,0.0,1.0,2.6161454224820133,0.15884345902705213,7d2c9d1b-c37b-4071-8f4e-1c806a8a27be
1.0,58.148518,14.2,8.600000000000001,1.0,3.0,1.0,0.0,0.0,0.0,0.0,0.0,0.0,0.0,0.0,-1.0,3.0,0.0,0.0,0.0,-4.945611593734636,0.7317185311901437,5dd40998-44a3-4b90-b2f0-89b73d7c7fd1
1.0,60.70593,85.4,36.3,0.0,3.0,1.0,0.0,0.0,0.0,0.0,0.0,0.0,0.0,0.0,0.0,3.0,1.0,0.0,1.0,-3.8162466596489875,0.154271552193707,7b56123b-e2ba-4da3-8aa9-a782ed219510
1.0,23.138712,69.0,38.099999999999994,0.0,2.0,1.0,0.0,0.0,0.0,0.0,0.0,0.0,0.0,0.0,2.0,0.0,0.0,1.0,0.0,4.064826525702438,0.1989988308259773,0be4afdf-07c6-4653-84da-84ff46a6362d
1.0,71.20744,115.6,24.400000000000006,0.0,3.0,1.0,0.0,0.0,0.0,0.0,0.0,1.0,0.0,0.0,1.0,1.0,1.0,0.0,1.0,3.5015039541898854,0.5240291941749392,1dcf769e-6016-44ad-bd7e-402397211011
1.0,37.522526,56.3,25.700000000000003,0.0,2.0,1.0,0.0,0.0,0.0,0.0,0.0,0.0,0.0,1.0,1.0,1.0,0.0,2.0,-1.0,8.319844577615637,0.29441990544560176,6f4a847b-63ae-44c4-999d-e7143f13e988
1.0,28.640007,91.4,22.299999999999997,0.0,2.0,1.0,0.0,0.0,0.0,0.0,0.0,0.0,0.0,0.0,1.0,0.0,0.0,-1.0,2.0,3.950899505665328,1.9826491138746938,46cb3e8a-621f-4206-b7ff-210e76ee095a
1.0,38.478306,115.0,27.700000000000003,0.0,2.0,1.0,0.0,0.0,0.0,0.0,0.0,0.0,0.0,0.0,2.0,0.0,-1.0,0.0,0.0,4.440467809181882,0.44077636293192995,8376b7fc-4662-4554-8fab-8c304767cda2
0.0,,,,,,,,,,,,,,,,,,,,,,a49a610b-bcc3-4ae9-8828-ba48b65dc8f5
1.0,51.77577,112.0,5.299999999999997,0.0,3.0,1.0,0.0,0.0,0.0,0.0,0.0,0.0,0.0,0.0,0.0,-1.0,0.0,2.0,-1.0,4.093552275108397,0.31317568708466453,1196f6d0-0c6b-46fc-a646-4070089f7fae
1.0,54.557583,80.1,18.5,0.0,3.0,1.0,0.0,0.0,0.0,0.0,0.0,0.0,0.0,0.0,1.0,1.0,0.0,-1.0,1.0,6.90560191373955,0.7490233745577324,2a25fefc-c004-4ba7-b7a6-076b98078f4c
1.0,54.66882,68.5,6.299999999999997,0.0,3.0,0.0,0.0,1.0,0.0,0.0,0.0,0.0,0.0,0.0,2.0,2.0,3.0,2.0,0.0,3.2237961693595842,1.1869219829065707,4abc35ce-1a68-4123-ba5f-8e7f0a1f4d17
1.0,69.22023,114.0,4.0,0.0,3.0,1.0,0.0,0.0,0.0,0.0,1.0,0.0,0.0,0.0,2.0,1.0,0.0,2.0,-2.0,2.599011697375743,0.6665933706473408,9f2a7ff8-c803-4119-8dd9-9aec6192eccc
1.0,30.008331,120.0,39.9,1.0,1.0,1.0,0.0,0.0,0.0,0.0,0.0,0.0,1.0,0.0,-5.0,0.0,-2.0,-4.0,-1.0,-2.448104703400816,0.09527491476727445,11059ed7-a02c-4bf2-87d6-f538256cfdbb
1.0,71.59791,6.3,0.10000000000000142,1.0,4.0,1.0,0.0,0.0,0.0,0.0,0.0,0.0,0.0,0.0,-2.0,1.0,-1.0,-1.0,0.0,-6.282457883122143,1.9679300913896902,8e8c2779-6c4b-453a-baf5-98517c3ca9ad
1.0,37.901188,15.900000000000006,40.0,0.0,2.0,1.0,0.0,0.0,0.0,0.0,0.0,0.0,0.0,0.0,1.0,0.0,1.0,3.0,-1.0,4.1688871366693245,0.24777092085043226,c67c2404-feb1-4a6a-aa2f-05ec14d9ad83
1.0,60.213703,83.5,26.799999999999997,0.0,4.0,1.0,0.0,0.0,0.0,0.0,0.0,1.0,0.0,0.0,3.0,0.0,-1.0,1.0,-2.0,2.053599515727668,0.41408931688507633,e930cbb7-c31d-40df-8fcc-0fae5e5e5b50
1.0,70.25966,113.0,4.100000000000001,0.0,3.0,1.0,0.0,0.0,0.0,0.0,1.0,0.0,0.0,0.0,4.0,-4.0,2.0,3.0,-1.0,11.501407708130555,0.31338684825640656,a7322bbe-f31a-4ee9-9738-ed5252054b8b
1.0,75.74127,111.4,0.5,0.0,4.0,1.0,0.0,0.0,0.0,0.0,0.0,0.0,0.0,0.0,2.0,0.0,0.0,0.0,0.0,5.007973722214892,1.2014091755598277,ed434ed2-a30c-4b67-a773-11cc930977e7
1.0,36.249138,2.4,8.2,1.0,4.0,1.0,0.0,0.0,0.0,0.0,0.0,0.0,0.0,1.0,-1.0,4.0,1.0,0.0,0.0,-6.844169572014885,1.315198630373026,f2c6a26b-dd9e-4c56-a301-58645d1fad69
1.0,8.276473,77.3,16.0,1.0,1.0,1.0,0.0,0.0,0.0,0.0,0.0,0.0,0.0,1.0,1.0,0.0,0.0,1.0,0.0,4.114743184288899,2.0532920538674593,0b96f404-2b45-41d3-977c-bf27eb3b80b6
1.0,9.047099,50.0,12.100000000000001,0.0,2.0,1.0,0.0,0.0,0.0,0.0,0.0,0.0,0.0,1.0,4.0,-2.0,-1.0,0.0,-1.0,4.661789217159313,1.2601096684615178,ee5edfb1-4bf1-4164-a673-0a24e9703de2
1.0,10.993179,19.700000000000003,26.5,0.0,5.0,0.0,0.0,1.0,0.0,0.0,0.0,0.0,0.0,0.0,3.0,0.0,3.0,3.0,-1.0,3.2993333917145033,0.9683254079063355,4238b014-05a3-4626-826b-197a6ee3a723
1.0,72.15157,109.9,7.700000000000003,0.0,3.0,1.0,0.0,0.0,0.0,0.0,0.0,1.0,0.0,0.0,0.0,1.0,0.0,1.0,0.0,2.304411861135157,0.299910188910688,29835e6c-290f-4200-9e8c-976f08ca3fb7
1.0,70.459206,106.5,0.8999999999999986,0.0,4.0,1.0,0.0,0.0,0.0,0.0,0.0,0.0,0.0,0.0,1.0,0.0,-1.0,1.0,-1.0,6.1980075266999854,0.5993496068104938,480b490a-16f1-471a-ae90-3e7c86cfcf1c
1.0,41.074688,63.2,37.099999999999994,0.0,2.0,1.0,0.0,0.0,0.0,0.0,0.0,0.0,0.0,0.0,1.0,-2.0,1.0,2.0,-2.0,5.811715363820195,1.124972870066743,fc88e42e-2664-41b8-975a-eaa4c8d70c3d
1.0,43.871746,69.6,15.299999999999997,0.0,2.0,1.0,0.0,0.0,0.0,0.0,0.0,0.0,0.0,1.0,1.0,0.0,3.0,1.0,0.0,9.922968661879755,0.5096558406221927,69d13fd0-9aa4-4121-9b14-973cf3be0d42
1.0,53.265842,103.0,28.0,0.0,6.0,1.0,0.0,0.0,0.0,0.0,0.0,0.0,0.0,0.0,1.0,-1.0,0.0,0.0,0.0,6.954936437730744,1.3735407830724187,5d846a41-3b27-4815-938f-ed8bc6af804c
1.0,43.33186,0.0,39.900000000000006,0.0,2.0,1.0,0.0,0.0,0.0,1.0,0.0,0.0,1.0,0.0,0.0,2.0,3.0,-1.0,4.0,1.3791446785192125,0.572005947933134,aa3b8b6a-9023-4b1c-8f84-818a2c562883
1.0,33.595387,15.299999999999997,34.5,0.0,2.0,1.0,0.0,0.0,1.0,0.0,0.0,0.0,0.0,0.0,2.0,0.0,3.0,1.0,1.0,1.7342828254841982,0.1715227490071334,228f8694-669b-48b1-828a-f8df8e2034b7
1.0,53.42902,115.3,25.5,0.0,2.0,1.0,0.0,0.0,0.0,0.0,0.0,0.0,0.0,1.0,1.0,0.0,0.0,0.0,0.0,6.543391338628933,0.6779606994430382,c9c386d5-91eb-4a64-9383-96fef92903bd
1.0,41.72026,35.8,16.4,1.0,2.0,1.0,0.0,0.0,0.0,0.0,0.0,0.0,0.0,0.0,-2.0,0.0,-1.0,0.0,-2.0,-11.212536188223392,0.3190423894708122,60e519ec-c8cc-4abe-b953-88f476639d21
1.0,59.875954,24.4,7.299999999999997,1.0,3.0,1.0,0.0,0.0,0.0,0.0,0.0,1.0,0.0,0.0,-2.0,1.0,-1.0,-1.0,1.0,-9.302720546392985,0.06676063267145976,05c67c38-929a-4155-bef8-d72ffe4dec11
1.0,74.3592,106.1,2.8999999999999986,0.0,3.0,1.0,0.0,0.0,0.0,0.0,0.0,1.0,0.0,0.0,2.0,-1.0,1.0,1.0,-1.0,8.980462938984232,0.14541994752733206,d5d51a4b-d724-4159-9c18-d8c9b71776d6
1.0,70.85598,113.3,8.899999999999999,0.0,3.0,1.0,0.0,0.0,0.0,0.0,0.0,0.0,0.0,0.0,1.0,-1.0,0.0,1.0,0.0,8.627059639865816,0.5058960737673247,c9c0ca61-67a0-4966-8b32-84588dfe015d
1.0,39.58396,78.3,21.0,1.0,7.0,0.0,0.0,1.0,0.0,0.0,0.0,0.0,0.0,0.0,0.0,0.0,0.0,0.0,0.0,-1.4031987249004922,0.2271366635665996,de2eb1d5-2e33-4f31-af0d-451ab0250c90
1.0,65.777885,111.6,2.299999999999997,0.0,4.0,1.0,0.0,0.0,0.0,0.0,0.0,0.0,0.0,1.0,2.0,-1.0,1.0,1.0,0.0,7.640200226774601,0.2788482988337691,442c7fdc-3610-464c-9169-1f6f0e711eed
1.0,16.682026,82.3,19.4,0.0,1.0,1.0,0.0,0.0,0.0,0.0,0.0,0.0,0.0,0.0,0.0,-3.0,-1.0,-1.0,-1.0,5.022952096687115,0.3067402050741987,c2b96c2b-bdb9-4716-b087-0ddf41d512be
1.0,24.03539,18.9,10.5,1.0,2.0,1.0,0.0,0.0,0.0,0.0,0.0,0.0,0.0,0.0,1.0,3.0,-1.0,-1.0,1.0,-3.3638272740450645,0.7471492670217214,66d62f38-a497-46db-9348-a0d242ca3857
1.0,62.609905,98.1,14.5,0.0,3.0,1.0,0.0,0.0,0.0,0.0,0.0,1.0,0.0,0.0,1.0,-1.0,1.0,1.0,0.0,3.28396005503775,0.8404368469946129,624d8ab5-c730-4d84-97e2-39b2b8cc10c8
1.0,35.439102,120.0,40.0,1.0,1.0,1.0,0.0,0.0,0.0,0.0,0.0,0.0,1.0,0.0,-3.0,0.0,-1.0,-3.0,1.0,-0.7702652181709446,0.2033633520985466,bbd01fbe-cee7-4e8a-9424-22f4528b6377
0.0,,,,,,,,,,,,,,,,,,,,,,16e564d4-add5-4fd9-903b-9ad1d809614a
1.0,6.2128897,28.400000000000006,35.2,0.0,12.0,0.0,0.0,1.0,0.0,0.0,0.0,0.0,0.0,0.0,2.0,-1.0,-2.0,-1.0,-1.0,-1.7795795676811075,0.8181967167533146,9e2ae8e9-6ff6-41a7-afa3-d8c800d6784e
1.0,46.112144,111.6,10.399999999999999,0.0,3.0,1.0,0.0,0.0,0.0,0.0,0.0,0.0,0.0,1.0,3.0,-2.0,-1.0,-1.0,0.0,9.42357866800294,0.4723512917994526,0c67feb1-3966-4169-91ee-3224bde46cb8
1.0,32.941917,0.0,39.900000000000006,0.0,1.0,1.0,0.0,0.0,0.0,0.0,0.0,0.0,1.0,0.0,4.0,0.0,0.0,1.0,1.0,4.833866259446374,0.45668823618492554,626a1d59-9d28-4ff7-a7f0-94597fdae9f0
0.0,,,,,,,,,,,,,,,,,,,,,,3e5c715b-dfb6-481b-8417-23d58dffee94
1.0,30.265491,98.6,22.0,0.0,3.0,1.0,0.0,0.0,0.0,0.0,0.0,0.0,0.0,0.0,0.0,-2.0,0.0,0.0,0.0,4.340134704225948,0.44401062065373187,2f849711-3cca-4673-abca-3d10f8c352d4
1.0,30.888348,55.0,27.6,1.0,1.0,0.0,1.0,0.0,0.0,0.0,0.0,0.0,0.0,0.0,0.0,-1.0,0.0,1.0,-2.0,0.09407932539946628,0.4613719024625148,9cf16383-5a6c-43ac-af2e-627efbb72e3e
1.0,18.539688,28.400000000000006,10.700000000000003,0.0,2.0,1.0,0.0,0.0,0.0,0.0,0.0,0.0,0.0,0.0,2.0,1.0,3.0,1.0,1.0,0.5651257722887166,1.166930367691338,030f4744-eda8-4e50-adff-5b0117e5dbd2
1.0,30.560104,81.9,2.5,0.0,2.0,1.0,0.0,0.0,0.0,0.0,0.0,0.0,0.0,0.0,2.0,-2.0,-1.0,0.0,-1.0,4.613891396454304,0.17994419713271795,7c501eb2-430b-41a0-a03b-66a7e42d3ce5
1.0,53.25411,10.7,22.5,1.0,3.0,1.0,0.0,0.0,0.0,0.0,0.0,0.0,0.0,0.0,-1.0,1.0,1.0,0.0,1.0,-5.007536300748471,0.09294419667617518,157afc02-1ae7-4b97-bacd-4c15a8bd4c5d
1.0,61.906544,113.0,3.8999999999999986,0.0,3.0,1.0,0.0,0.0,0.0,0.0,1.0,0.0,0.0,0.0,0.0,-3.0,0.0,0.0,1.0,6.266822411592875,0.35868043813127637,adeb4f4e-8e9b-48fe-b6c8-be41cde861b8
1.0,5.5803227,94.2,15.700000000000003,1.0,2.0,1.0,0.0,0.0,0.0,0.0,0.0,0.0,0.0,0.0,-1.0,-1.0,0.0,2.0,-2.0,0.19550652445539407,1.0040950499628145,ca0ceddc-1358-475f-a31e-ffe180b442cd
1.0,32.601994,77.5,9.5,1.0,2.0,1.0,0.0,0.0,0.0,0.0,0.0,0.0,0.0,0.0,-1.0,-2.0,-3.0,1.0,-3.0,5.417042886653387,0.6575547151695629,637b07e8-0f65-4bc9-b35f-71368589e65b
1.0,38.916576,0.0,39.900000000000006,0.0,4.0,1.0,0.0,0.0,0.0,0.0,0.0,0.0,1.0,0.0,0.0,1.0,0.0,0.0,0.0,3.7813972625397634,0.17872403989572988,3183cc68-bd9f-47c4-ba58-2758da1767d1
1.0,68.14529,11.0,0.5,1.0,3.0,1.0,0.0,0.0,0.0,0.0,0.0,1.0,0.0,0.0,-1.0,0.0,1.0,-1.0,1.0,0.619546847162475,1.1298754464536613,a93c72c3-e5dd-4c10-888d-47f537a04ae4
1.0,14.140014,31.7,39.9,1.0,3.0,1.0,0.0,0.0,0.0,0.0,0.0,0.0,0.0,0.0,-2.0,2.0,-3.0,-1.0,0.0,-3.3903223321860114,1.6823108131011,5ca9afc0-2e18-4a25-a037-d52563acaaed
1.0,41.92195,16.3,27.2,1.0,2.0,1.0,0.0,0.0,0.0,0.0,0.0,0.0,0.0,0.0,0.0,2.0,0.0,-1.0,1.0,-3.8130027759437217,0.2499558066951563,59eda89e-fb54-49a9-8648-57ea957f0263
1.0,34.17909,72.4,40.0,0.0,2.0,1.0,0.0,0.0,0.0,0.0,0.0,0.0,0.0,0.0,1.0,2.0,2.0,0.0,0.0,0.6559729195812114,2.078727710931956,9601c116-05b0-4dd1-8288-1b29487d410f
1.0,25.234303,56.0,3.8999999999999986,1.0,3.0,1.0,0.0,0.0,0.0,0.0,0.0,0.0,0.0,0.0,-1.0,-2.0,-1.0,1.0,-2.0,-1.420710170068947,0.7688383401840325,d5413ceb-e216-44e0-b1d0-444c52959fe6
0.0,,,,,,,,,,,,,,,,,,,,,,3255fce3-fae3-4440-91c8-89bb19cc4d38
1.0,35.2847,33.0,18.700000000000003,0.0,1.0,1.0,0.0,0.0,0.0,0.0,0.0,1.0,0.0,0.0,1.0,2.0,6.0,1.0,5.0,-2.4221984717120826,0.03599159447829003,b3b1d24f-2921-4f71-9dfe-b30c4e0971b3
1.0,65.744125,110.6,0.10000000000000142,0.0,4.0,1.0,0.0,0.0,0.0,0.0,0.0,0.0,0.0,0.0,0.0,0.0,0.0,-1.0,1.0,2.4758449828857074,1.1740908796158847,ad7f7cde-2682-4e9e-8a13-e0ef551d7019
1.0,53.261993,2.0,8.2,1.0,3.0,1.0,0.0,0.0,0.0,0.0,0.0,0.0,0.0,0.0,-1.0,-2.0,-2.0,-2.0,1.0,1.622134049857983,0.13915400462043545,f57da0d6-7aa9-4d89-817f-319022c7f1f6
1.0,20.112185,70.3,37.7,1.0,2.0,1.0,0.0,0.0,0.0,0.0,0.0,0.0,0.0,0.0,-3.0,-2.0,-1.0,0.0,-1.0,4.6877849005090795,1.3335979945032417,869d75fa-97bd-4b91-8fbf-4c807af4b183
1.0,71.54551,114.0,4.0,0.0,4.0,1.0,0.0,0.0,0.0,0.0,1.0,0.0,0.0,0.0,1.0,-2.0,-1.0,-2.0,0.0,7.25781093223509,3.489026356312532,623d52ef-3d26-40c2-8b9c-55c2400f3be1
1.0,46.376072,57.7,8.799999999999997,0.0,3.0,1.0,0.0,0.0,0.0,0.0,0.0,0.0,0.0,0.0,1.0,3.0,0.0,0.0,0.0,-0.10782811788808466,2.762886856949103,c7357413-3489-4c49-a588-266d2762b339
1.0,65.92003,83.2,7.799999999999997,0.0,3.0,1.0,0.0,0.0,0.0,0.0,0.0,0.0,0.0,0.0,1.0,1.0,0.0,1.0,-1.0,5.338315557241758,0.3087969724202578,23a96b40-bec3-4897-a53d-79df3457f304
1.0,42.8348,0.0,40.0,0.0,2.0,1.0,0.0,0.0,0.0,1.0,0.0,0.0,1.0,0.0,-1.0,1.0,3.0,1.0,1.0,-1.8955349021324195,0.38721043255166127,6beb4409-54ce-47f7-99b2-542de3b0d799
1.0,51.441715,48.4,26.299999999999997,1.0,3.0,1.0,0.0,0.0,0.0,0.0,0.0,0.0,0.0,0.0,-2.0,0.0,-1.0,0.0,-2.0,-4.611033340545589,0.08639149862265173,0fe6a0ba-a951-4027-a8ca-8a5500cc8504
1.0,16.335545,51.599999999999994,0.3999999999999986,0.0,2.0,1.0,0.0,0.0,0.0,0.0,0.0,0.0,0.0,0.0,-2.0,-1.0,0.0,0.0,0.0,-1.747061550548083,1.2405281963845114,6552c53c-d415-497a-9c94-083d23e99923
1.0,20.5,97.2,15.799999999999997,0.0,1.0,1.0,0.0,0.0,0.0,0.0,0.0,0.0,0.0,0.0,0.0,-2.0,1.0,0.0,1.0,3.2653675661441195,0.7752006333461736,55bfdca6-9e61-439d-a8b1-09713e650232
1.0,33.547726,30.299999999999997,24.299999999999997,0.0,1.0,1.0,0.0,0.0,1.0,0.0,0.0,1.0,0.0,0.0,2.0,1.0,6.0,4.0,2.0,-2.675251456078953,0.3485633399631161,68fad3e5-d23c-4e80-aaa7-5114b658b0fb
1.0,28.425516,78.8,17.200000000000003,0.0,2.0,1.0,0.0,0.0,0.0,0.0,0.0,0.0,0.0,0.0,1.0,0.0,1.0,-1.0,1.0,3.0592098067070266,2.37966530984646,4226bbd0-76ee-4bf0-8e83-1ceab3875056
1.0,78.6918,114.0,4.0,0.0,4.0,1.0,0.0,0.0,0.0,0.0,1.0,0.0,0.0,0.0,2.0,-1.0,1.0,0.0,1.0,6.252908810108929,0.3582959983247631,ff2e10e4-9d36-4226-8986-645174c1f907
1.0,17.085667,83.3,18.1,0.0,2.0,1.0,0.0,0.0,0.0,0.0,0.0,0.0,0.0,1.0,-1.0,-1.0,0.0,-1.0,-1.0,-3.2600023559295943,0.23920099831762795,e77af8ce-f32c-478b-bef6-67439e359d29
1.0,23.640009,60.6,35.5,0.0,2.0,1.0,0.0,0.0,0.0,0.0,0.0,0.0,0.0,1.0,-1.0,2.0,1.0,1.0,0.0,-4.311285320128927,0.8127074880711427,e867c9ab-80a9-4bb7-8dae-5330c02fc946
1.0,32.247944,37.099999999999994,12.399999999999999,0.0,2.0,1.0,0.0,0.0,0.0,0.0,0.0,1.0,0.0,0.0,-1.0,2.0,-1.0,0.0,-1.0,1.9939185385993223,0.4004723500427807,0688b7b4-cbaf-406e-bc3c-5ef321336822
1.0,59.48109,71.8,31.4,1.0,3.0,1.0,0.0,0.0,0.0,1.0,0.0,1.0,0.0,0.0,0.0,-3.0,2.0,0.0,-1.0,-0.9836398308242558,1.9631618073033603,f4629bf0-2ccb-4a12-8f31-e5102c2916b7
1.0,36.10928,51.400000000000006,10.5,0.0,5.0,1.0,0.0,0.0,0.0,0.0,0.0,0.0,0.0,0.0,1.0,2.0,0.0,0.0,1.0,-0.8342970345601968,1.236623078015912,6acb651f-b91d-4e87-bca8-23dd0ec8f0d1
1.0,27.762745,54.6,1.2000000000000028,1.0,1.0,1.0,0.0,0.0,0.0,0.0,0.0,0.0,0.0,0.0,0.0,-3.0,-1.0,1.0,-2.0,3.0025411612272066,1.3084472123929083,3b5f8b5b-a551-4ab8-9ef7-46c04c37b9b0
0.0,,,,,,,,,,,,,,,,,,,,,,9aaebbc2-adac-4953-9cf0-8d707af1a218
1.0,19.84364,49.3,38.400000000000006,0.0,1.0,1.0,0.0,0.0,0.0,0.0,0.0,0.0,0.0,1.0,1.0,1.0,2.0,2.0,-1.0,2.4585418468027127,1.2755532124068885,2fea507c-a48f-42a2-b420-386dd2452fe6
1.0,44.77946,56.7,20.700000000000003,0.0,2.0,1.0,0.0,0.0,0.0,0.0,0.0,0.0,0.0,0.0,1.0,2.0,0.0,-1.0,0.0,-0.4830304194283047,1.4336620499566806,a32d63d7-d372-4d6d-852c-bd035327a90b
1.0,66.89768,16.8,16.2,1.0,4.0,1.0,0.0,0.0,0.0,0.0,0.0,0.0,0.0,0.0,-1.0,0.0,-1.0,0.0,0.0,-6.239593768492539,0.7151832961421146,c9825f9c-7508-4499-9487-7f3d317d1b99
1.0,12.657409,37.099999999999994,26.5,0.0,1.0,1.0,0.0,0.0,0.0,0.0,0.0,0.0,0.0,1.0,0.0,1.0,-1.0,1.0,-2.0,4.45380188448371,0.6247992376796914,95545de3-22a8-49f5-b55b-a8678d82b92e
1.0,75.690155,6.0,4.0,1.0,4.0,1.0,0.0,0.0,0.0,0.0,1.0,0.0,0.0,0.0,-2.0,-1.0,1.0,-1.0,1.0,-4.707951300270632,0.38144593796802867,22f76976-9167-4bc4-9ccb-66560d849b4a
1.0,28.600698,3.9,2.6000000000000014,1.0,3.0,1.0,0.0,0.0,0.0,0.0,0.0,0.0,0.0,0.0,-1.0,4.0,1.0,0.0,1.0,-3.5879225457539867,0.17483052274642036,81ceba69-9fe9-4e67-865c-940972147691
1.0,23.876766,85.7,30.0,1.0,2.0,1.0,0.0,0.0,0.0,0.0,0.0,0.0,0.0,0.0,-2.0,-1.0,0.0,0.0,1.0,-2.266193359271769,0.4631104981665707,4cc725a2-8a15-4496-ad92-7388289dca48
1.0,23.210558,50.6,21.9,1.0,2.0,1.0,0.0,0.0,0.0,0.0,0.0,0.0,0.0,1.0,-1.0,2.0,1.0,0.0,1.0,-6.256373749254012,0.24267331430967107,8b2bd71a-2e5d-44cf-bd38-f9dc7ea553e6
0.0,,,,,,,,,,,,,,,,,,,,,,b6e963c1-71a1-4c3a-8d77-59244e5be4ec
1.0,32.136116,0.0,40.0,0.0,1.0,1.0,0.0,0.0,0.0,0.0,0.0,0.0,1.0,0.0,1.0,2.0,4.0,0.0,3.0,-6.189356959254564,0.45723115592431673,f723d9fe-00eb-459f-af8c-1b1f570af0c1
1.0,25.955732,13.599999999999994,22.4,0.0,2.0,1.0,0.0,0.0,1.0,0.0,0.0,0.0,0.0,0.0,1.0,-1.0,3.0,3.0,0.0,-1.3039455256227535,1.0892175131045991,3e7f2c4d-8a44-469f-add9-41ebd173261d
1.0,60.841515,114.0,4.0,0.0,7.0,1.0,0.0,0.0,0.0,0.0,1.0,0.0,0.0,0.0,2.0,-3.0,2.0,2.0,0.0,8.122080787459499,0.19469501541733272,357e641e-9812-4f31-ba67-e144b9b3385b
1.0,52.05574,120.0,39.9,1.0,2.0,1.0,0.0,0.0,0.0,1.0,0.0,0.0,1.0,0.0,0.0,-5.0,-1.0,0.0,-1.0,-2.074063553130168,0.8354936206394834,77b84514-71de-4b99-a692-b69adb3cb28e
1.0,44.51618,46.2,1.1000000000000014,1.0,2.0,1.0,0.0,0.0,0.0,0.0,0.0,0.0,0.0,0.0,-2.0,0.0,2.0,0.0,2.0,-7.181110800032647,0.09171311592388105,0f836d60-9102-4255-9610-4e2a47ca0555
1.0,40.9176,28.700000000000003,37.7,0.0,2.0,1.0,0.0,0.0,0.0,0.0,0.0,0.0,0.0,0.0,1.0,1.0,1.0,-1.0,3.0,3.139007421889559,1.0402695318126272,f3836ef7-dc10-48c5-a121-1ddb315d3234
1.0,24.571732,84.7,26.6,1.0,1.0,1.0,0.0,0.0,0.0,0.0,0.0,0.0,0.0,0.0,1.0,-2.0,0.0,0.0,-1.0,1.1197814758255324,0.25826719081858107,a36a54c2-6ad0-41d0-8c90-661d4a6f8d5a
1.0,46.173584,112.6,6.5,0.0,3.0,1.0,0.0,0.0,0.0,0.0,0.0,0.0,0.0,0.0,1.0,0.0,1.0,1.0,0.0,0.24811011259610538,0.39936581131136667,a1b68cb3-5e7b-4d77-84d8-b9f3655e2fd3
1.0,64.9803,113.0,3.8999999999999986,0.0,3.0,1.0,0.0,0.0,0.0,0.0,1.0,0.0,0.0,0.0,1.0,1.0,0.0,1.0,-1.0,5.163986161792639,0.01307367342722603,2eb8d7ba-6847-4771-8525-28f4db900895
1.0,36.636593,0.0,40.0,0.0,1.0,1.0,0.0,0.0,0.0,0.0,0.0,0.0,1.0,0.0,0.0,1.0,2.0,0.0,3.0,-3.5494806084236483,0.912244475122592,cd248f00-4c4e-407f-805b-784cb9f4a0ad
1.0,51.402042,109.0,1.1000000000000014,0.0,2.0,1.0,0.0,0.0,0.0,0.0,0.0,0.0,0.0,0.0,1.0,-2.0,1.0,1.0,0.0,4.291946522257648,0.1065155710751365,9e13d365-5df7-4a17-be8e-4115b6d7cec7
1.0,5.3,55.3,27.099999999999994,0.0,2.0,1.0,0.0,0.0,0.0,0.0,0.0,0.0,0.0,1.0,2.0,-1.0,0.0,0.0,0.0,4.045353570552312,0.20538757361701215,0ff28b52-c029-43eb-9bb7-ae3c7c83c981
1.0,17.682194,4.200000000000003,17.5,0.0,1.0,1.0,0.0,0.0,1.0,0.0,0.0,0.0,0.0,0.0,0.0,0.0,1.0,0.0,0.0,-3.352255767921275,0.45652129788561796,05bfe098-f8b1-4556-a1a5-981e9e8aea1e
1.0,16.32299,65.5,22.700000000000003,0.0,2.0,1.0,0.0,0.0,0.0,0.0,0.0,0.0,0.0,0.0,4.0,-2.0,1.0,1.0,0.0,9.021499277553815,0.468231858515547,23b6b99f-317b-4843-8f3a-4f523798bdae
1.0,70.21353,8.5,7.399999999999999,1.0,5.0,1.0,0.0,0.0,0.0,0.0,0.0,0.0,0.0,0.0,0.0,-1.0,0.0,0.0,1.0,-1.4473234492011091,1.1442918452951714,5c67aab6-d308-42a9-b863-8cbd1674b989
0.0,,,,,,,,,,,,,,,,,,,,,,2ac5037f-36a1-4a2d-a123-9a361acead0b
1.0,50.600395,67.4,32.0,0.0,3.0,1.0,0.0,0.0,0.0,0.0,0.0,0.0,0.0,0.0,0.0,4.0,1.0,1.0,1.0,1.2197480021517277,0.5593657469649083,0dbe3b1d-0524-47bf-9cd6-a57482f9a6fe
1.0,24.684004,87.6,39.900000000000006,0.0,3.0,1.0,0.0,0.0,0.0,0.0,0.0,0.0,0.0,0.0,2.0,0.0,1.0,0.0,1.0,4.11763195062823,2.5206314610660243,4a2d227a-cf82-48bb-a40e-c50ca4a3dc19
1.0,13.845216,90.3,21.799999999999997,1.0,12.0,0.0,0.0,1.0,0.0,0.0,0.0,0.0,0.0,1.0,-1.0,-2.0,1.0,1.0,1.0,1.8899897081544306,1.4888851225649808,be09e373-139a-44e2-8c5e-16ae1659a15b
0.0,,,,,,,,,,,,,,,,,,,,,,5f9e5afc-1837-4c84-b20b-bb8f5bc14b8a
1.0,19.505896,86.5,4.700000000000003,1.0,2.0,1.0,0.0,0.0,0.0,0.0,0.0,0.0,0.0,0.0,0.0,-1.0,0.0,1.0,-1.0,-4.3949066671387325,0.41687102993839253,dc430a6a-f922-4a09-84a7-f8a52b9a0981
1.0,35.267265,106.7,27.9,1.0,2.0,1.0,0.0,0.0,1.0,0.0,0.0,0.0,0.0,0.0,0.0,-5.0,-3.0,0.0,-4.0,-0.5293017173472077,0.7355856462654957,2cea8626-4f80-4a7e-a300-985c7188471c
0.0,,,,,,,,,,,,,,,,,,,,,,1a9ab5f7-5b48-4f0e-aa6d-e424fdeba46d
1.0,60.268814,114.0,4.0,0.0,4.0,1.0,0.0,0.0,0.0,0.0,1.0,0.0,0.0,0.0,2.0,-3.0,-1.0,1.0,-2.0,7.281283384249229,0.7305198773730887,6ec32ec5-d919-4657-bc4a-08779dfe7e12
1.0,29.189383,27.900000000000006,21.0,0.0,1.0,1.0,0.0,0.0,0.0,0.0,0.0,0.0,0.0,0.0,3.0,2.0,4.0,1.0,2.0,6.383339001896624,0.43357332907329627,95d6f6c4-4c63-45df-9461-26db7e15d5a0
1.0,75.590805,114.0,4.0,0.0,6.0,1.0,0.0,0.0,0.0,0.0,1.0,0.0,0.0,0.0,1.0,-1.0,0.0,0.0,-2.0,6.47164768854873,0.08608156912426698,69e90618-a7ce-4ac4-bdc1-585e69061a9b
1.0,77.970505,113.8,0.8999999999999986,0.0,4.0,1.0,0.0,0.0,0.0,0.0,0.0,1.0,0.0,0.0,0.0,0.0,0.0,1.0,-2.0,4.918130714316918,1.1250814315356346,6abf3951-83e8-46c5-bb6e-82023a946941
1.0,19.020515,42.0,20.4,1.0,1.0,1.0,0.0,0.0,0.0,0.0,0.0,0.0,0.0,0.0,-1.0,1.0,3.0,-2.0,3.0,-3.7329080194603055,2.2483347207612914,b393b0bf-c64d-4fa7-9c35-bd4ce21df60b
1.0,21.107346,8.099999999999994,28.700000000000003,0.0,7.0,0.0,0.0,1.0,1.0,0.0,0.0,0.0,0.0,1.0,3.0,-1.0,2.0,3.0,-1.0,-1.5722642146781105,0.33816820624579763,e0944f48-2c6f-4584-8d06-75adff8fd7bc
1.0,8.802273,21.799999999999997,1.5,0.0,1.0,1.0,0.0,0.0,0.0,0.0,0.0,0.0,0.0,0.0,1.0,2.0,2.0,1.0,3.0,2.3414171022752592,0.4214333361718887,d6dbd2e8-7f48-45af-9571-f6b0418eb30c
1.0,30.591011,22.0,22.4,0.0,3.0,1.0,0.0,0.0,1.0,0.0,0.0,0.0,0.0,0.0,0.0,0.0,3.0,3.0,0.0,1.3377213451729935,0.1547433572769684,bf247800-6d02-4aa2-be86-e96b44935c6c
1.0,16.079802,39.0,19.9,0.0,3.0,1.0,0.0,0.0,0.0,0.0,0.0,0.0,0.0,0.0,3.0,-2.0,1.0,2.0,-1.0,4.533912260404227,0.7756052009122035,5ecd7434-34bd-4248-b5b5-58011ee05995
1.0,19.195051,55.3,33.8,1.0,2.0,1.0,0.0,0.0,0.0,0.0,0.0,0.0,0.0,1.0,1.0,-2.0,1.0,1.0,0.0,4.86946028194593,0.14294288344449232,cda07cbb-4d8f-4d37-b679-bb2b8d1a46af
1.0,14.780054,24.900000000000006,10.100000000000001,0.0,4.0,0.0,0.0,1.0,0.0,0.0,0.0,0.0,0.0,1.0,0.0,1.0,1.0,1.0,0.0,3.997265640585308,1.836101189248783,2fbaf3dd-8a34-4895-825e-8996f34a20eb
1.0,39.582825,31.0,25.700000000000003,0.0,1.0,1.0,0.0,0.0,1.0,0.0,0.0,0.0,0.0,0.0,0.0,1.0,2.0,-1.0,2.0,3.5954222150408732,0.5616374748685201,fbbbbef0-d788-431e-aa91-fb9fd00f8c29
1.0,61.92334,7.0,3.8999999999999986,1.0,3.0,1.0,0.0,0.0,0.0,0.0,1.0,0.0,0.0,0.0,-4.0,4.0,3.0,-1.0,1.0,-8.760423632785637,0.04721566466286346,f35410ec-e1cf-45e3-a522-1a77fbdf59a6
1.0,66.30143,113.0,4.100000000000001,0.0,2.0,1.0,0.0,0.0,0.0,0.0,1.0,0.0,0.0,0.0,1.0,-1.0,0.0,1.0,-1.0,3.387928745273026,0.36233142530271056,9e594ecd-02dc-4ab5-9b9f-bc90434c2359
1.0,20.100994,63.7,30.200000000000003,0.0,3.0,1.0,0.0,0.0,0.0,0.0,0.0,0.0,0.0,1.0,-1.0,1.0,1.0,0.0,0.0,-2.124707535766638,0.22414456057403687,c5bd1f2b-e5cc-428e-83d3-bf83f8a11e10
1.0,16.211107,68.5,35.8,0.0,2.0,1.0,0.0,0.0,0.0,0.0,0.0,0.0,0.0,1.0,2.0,1.0,1.0,1.0,1.0,2.9343239706044004,0.26363108798643387,77fc1659-8ce0-4cea-b814-3f10a0ff481d
1.0,45.57587,93.5,28.400000000000006,0.0,2.0,1.0,0.0,0.0,0.0,0.0,0.0,0.0,0.0,0.0,1.0,0.0,0.0,0.0,1.0,5.883911091577623,0.012278647108571957,5c3c9f8d-9ca5-4027-93fd-d3fe439b4d34
1.0,26.90316,5.599999999999994,29.299999999999997,0.0,1.0,1.0,0.0,0.0,1.0,0.0,0.0,0.0,0.0,0.0,-2.0,2.0,0.0,0.0,1.0,-5.419844165785976,0.10747192037731702,03bb16cb-a1c7-4ee3-861f-25bef6f8dc6a
1.0,50.136314,105.2,9.700000000000003,0.0,4.0,1.0,0.0,0.0,0.0,0.0,0.0,0.0,0.0,0.0,3.0,-4.0,0.0,2.0,-2.0,7.035011921252666,0.08214987869090276,1817f7b6-1e5e-4b1c-a769-107165b4e252
1.0,34.55575,35.8,18.6,0.0,2.0,1.0,0.0,0.0,0.0,0.0,0.0,0.0,0.0,0.0,0.0,5.0,3.0,1.0,2.0,-2.1771022607786676,0.24654689586295833,e6394997-b715-4605-ba53-36b562cef7ba
0.0,,,,,,,,,,,,,,,,,,,,,,29dd9275-5267-4504-8d4c-2d2182f8a2fe
1.0,65.19149,6.0,4.0,1.0,3.0,1.0,0.0,0.0,0.0,0.0,1.0,0.0,0.0,0.0,-2.0,2.0,1.0,0.0,0.0,-5.194851356801667,0.17062023785507513,849d9b48-d148-4b58-ad71-b19b94e3480e
1.0,61.776127,108.7,9.600000000000001,0.0,3.0,1.0,0.0,0.0,0.0,0.0,0.0,1.0,0.0,0.0,1.0,-2.0,-2.0,1.0,-1.0,5.375392117462211,1.2429812299428324,8f547a5f-910f-4b06-b4f1-7c1a505571cd
1.0,62.964115,113.0,4.100000000000001,0.0,3.0,1.0,0.0,0.0,0.0,0.0,1.0,0.0,0.0,0.0,2.0,-4.0,-2.0,0.0,0.0,3.299579059249841,0.37074751675429957,094ef0b5-5c17-4cef-ba36-0577f2469095
1.0,52.353893,104.7,5.299999999999997,0.0,3.0,1.0,0.0,0.0,0.0,0.0,0.0,0.0,0.0,0.0,1.0,0.0,0.0,-1.0,0.0,7.120750694252475,0.5362880118276645,7f145750-75ba-4b7d-8812-ad9093c42231
1.0,39.93695,21.799999999999997,31.599999999999994,0.0,3.0,1.0,0.0,0.0,1.0,0.0,0.0,0.0,0.0,0.0,0.0,-2.0,2.0,1.0,1.0,5.160353645373078,0.8092513932343767,30cdf578-4941-4b6e-bffa-44649f164192
1.0,58.823296,107.6,3.799999999999997,0.0,3.0,1.0,0.0,0.0,0.0,0.0,0.0,0.0,0.0,0.0,2.0,-1.0,0.0,1.0,1.0,4.666109978444858,0.2860000502302253,9158d9a3-5329-4981-a85b-08fa1bcf0a8a
1.0,41.380672,0.0,40.0,0.0,1.0,1.0,0.0,0.0,0.0,1.0,0.0,0.0,1.0,0.0,2.0,4.0,3.0,0.0,4.0,0.5601399535125733,0.4826246266432675,91e44363-0030-4fc7-850d-422c3465194c
1.0,46.401726,105.1,37.3,1.0,2.0,1.0,0.0,0.0,1.0,1.0,0.0,1.0,0.0,0.0,-1.0,-3.0,-3.0,-2.0,-1.0,-0.662605561461949,1.217692355212632,365fe5a4-9925-4f12-8dc6-fd0a68e9452e
1.0,66.61118,113.0,3.8999999999999986,0.0,3.0,1.0,0.0,0.0,0.0,0.0,1.0,0.0,0.0,0.0,3.0,-1.0,-1.0,1.0,-2.0,5.840413634936896,0.00702304821145043,ea6a745f-48be-440f-aee3-3530631eaad7
1.0,66.037865,113.9,4.100000000000001,0.0,5.0,1.0,0.0,0.0,0.0,0.0,0.0,1.0,0.0,0.0,0.0,-1.0,-1.0,-1.0,0.0,4.9746457767257715,0.05233976642736897,1babe276-2465-414b-89de-531695886b45
1.0,43.836174,20.400000000000006,33.2,0.0,2.0,1.0,0.0,0.0,1.0,1.0,0.0,0.0,0.0,0.0,0.0,0.0,0.0,-1.0,2.0,3.824065701524095,0.5789806984351498,25dfb296-8629-4b5a-8bbe-65e8be999645
1.0,44.232567,105.6,33.0,0.0,2.0,1.0,0.0,0.0,0.0,0.0,0.0,0.0,0.0,0.0,0.0,0.0,2.0,1.0,-1.0,2.139899251437214,0.8992388900160209,fb86465c-e539-4d17-8aad-f52bae38be54
1.0,19.479733,67.8,22.9,0.0,1.0,1.0,0.0,0.0,0.0,0.0,0.0,0.0,0.0,0.0,0.0,-2.0,0.0,0.0,0.0,5.155009377729893,0.26691824096470784,5a63abec-0339-481d-a91b-3a938ca23404
1.0,40.462452,0.0,39.900000000000006,0.0,1.0,1.0,0.0,0.0,0.0,1.0,0.0,0.0,1.0,0.0,1.0,2.0,3.0,1.0,2.0,-2.307023114756433,0.7214423035911168,2eeb340b-29f4-470e-9b60-a2ea3078b0ca
1.0,51.103035,5.7,15.200000000000003,1.0,3.0,1.0,0.0,0.0,0.0,0.0,0.0,0.0,0.0,0.0,-2.0,2.0,1.0,-1.0,1.0,-6.3703062053348765,0.21715175455662616,28c72994-b4b8-4e8c-80d8-c8e0c945ed6f
1.0,38.77783,109.7,14.899999999999999,0.0,2.0,1.0,0.0,0.0,0.0,0.0,0.0,0.0,0.0,0.0,0.0,1.0,2.0,-1.0,2.0,1.1165897615504434,0.09947225851459136,eb84dcf1-56df-46a1-884f-30c4df57f868
1.0,16.536627,8.299999999999997,11.5,0.0,4.0,1.0,0.0,0.0,0.0,0.0,0.0,0.0,0.0,1.0,1.0,0.0,3.0,4.0,0.0,0.511868610504062,0.6041263505099884,7f145d84-a6a2-4be3-9c22-dc9da4e8c17a
1.0,35.7912,0.0,39.900000000000006,0.0,2.0,1.0,0.0,0.0,0.0,0.0,0.0,0.0,1.0,0.0,3.0,0.0,2.0,3.0,0.0,2.040520887509378,0.24462091992298035,f4591ff1-2440-4718-b8fb-0c8ae55ed294
1.0,24.665766,27.0,20.700000000000003,0.0,1.0,1.0,0.0,0.0,0.0,0.0,0.0,1.0,0.0,0.0,1.0,2.0,2.0,-1.0,4.0,-4.159645011698004,0.13345733848078453,2f30c79b-aa95-4ef3-a9c3-8235f8269c7b
1.0,14.894965,27.799999999999997,6.899999999999999,0.0,2.0,1.0,0.0,0.0,0.0,0.0,0.0,0.0,0.0,0.0,0.0,2.0,4.0,0.0,3.0,0.6430396956715176,0.35102961260153204,fe5285f5-c947-4348-86f4-80ea9bc99b12
1.0,42.6,114.6,3.8999999999999986,0.0,3.0,1.0,0.0,0.0,0.0,0.0,0.0,0.0,0.0,1.0,1.0,-1.0,1.0,1.0,-1.0,9.483804807306916,0.9929308336540146,d016a6d7-1dbc-4af8-ba3a-ae7caef43e00
1.0,68.02448,113.0,4.100000000000001,0.0,3.0,1.0,0.0,0.0,0.0,0.0,1.0,0.0,0.0,0.0,0.0,0.0,-1.0,0.0,-1.0,2.876560829347053,1.2794584029605494,9e4a2ad3-8642-43d4-be2e-dba5a8f87fc4
1.0,69.74138,7.0,4.100000000000001,1.0,3.0,1.0,0.0,0.0,0.0,0.0,1.0,0.0,0.0,0.0,-2.0,2.0,0.0,-1.0,1.0,-4.910092593726214,0.8088452717975575,1c61c6c1-468a-44f2-8aa6-0261c3b23e10
1.0,67.056465,6.0,4.0,1.0,3.0,1.0,0.0,0.0,0.0,0.0,1.0,0.0,0.0,0.0,-2.0,2.0,-1.0,-1.0,1.0,-5.145989927320923,0.01125646337931707,197a1279-bc14-4203-9924-1f6df5c72f15
1.0,67.5633,6.0,4.0,1.0,5.0,1.0,0.0,0.0,0.0,0.0,1.0,0.0,0.0,0.0,-1.0,1.0,0.0,0.0,0.0,-2.057775732148892,0.14492678713773874,02c38a6f-df2f-4626-a626-6b0c3915f8ec
1.0,68.79426,114.0,4.0,0.0,3.0,1.0,0.0,0.0,0.0,0.0,1.0,0.0,0.0,0.0,2.0,-1.0,1.0,0.0,-1.0,4.646786211516734,0.4299625634681767,47ba6a71-b1e6-48c9-99cc-59f286764d49
1.0,43.139076,72.7,6.899999999999999,0.0,3.0,1.0,0.0,0.0,0.0,0.0,0.0,1.0,0.0,0.0,1.0,2.0,0.0,1.0,-1.0,0.675912469015481,2.989321715148646,df758bcb-d2de-4d5d-a197-94589c21322e
1.0,62.50032,14.5,8.0,1.0,3.0,1.0,0.0,0.0,0.0,0.0,0.0,0.0,0.0,0.0,-1.0,3.0,0.0,-1.0,0.0,-7.896933341210274,1.2903689307823676,c929b94b-ceda-49ac-823f-cd48a9d9cc3c
1.0,14.558159,66.4,10.7,1.0,2.0,1.0,0.0,0.0,0.0,0.0,0.0,0.0,0.0,1.0,-2.0,1.0,1.0,-1.0,2.0,-8.15790680052081,0.5886851533282889,6439b4d3-9e54-4aa5-b806-cf61f3c4f59e
1.0,37.52026,21.0,29.0,0.0,2.0,1.0,0.0,0.0,1.0,0.0,0.0,0.0,0.0,0.0,0.0,3.0,1.0,0.0,0.0,4.915559468430587,0.32987506988212023,80ce4043-d088-4e0c-a4d0-8638c7b2c73c
1.0,20.608736,36.099999999999994,5.399999999999999,0.0,5.0,0.0,0.0,1.0,0.0,0.0,0.0,0.0,0.0,0.0,0.0,0.0,-2.0,1.0,-3.0,4.381437177088257,0.9043433953876168,02ab5d75-ca79-4db9-855a-fd817d5e6946
1.0,26.432177,21.400000000000006,20.0,0.0,1.0,1.0,0.0,0.0,0.0,0.0,0.0,1.0,0.0,0.0,0.0,3.0,4.0,0.0,4.0,-1.6689791479948743,0.5000377236389811,0318f465-4cd8-4183-bb5b-aa4a3f1bf2a4
1.0,62.847515,102.3,28.200000000000003,0.0,4.0,1.0,0.0,0.0,0.0,0.0,0.0,1.0,0.0,0.0,3.0,-4.0,0.0,0.0,-2.0,11.263316715243713,1.3426818438400265,dd0f58fb-ab1a-4453-84d7-415bdbf7c15e
1.0,66.20997,114.0,4.0,0.0,3.0,1.0,0.0,0.0,0.0,0.0,1.0,0.0,0.0,0.0,1.0,-2.0,1.0,1.0,-1.0,6.694212547978975,0.34004185152983507,32b432b6-8c55-44d0-91ba-0a176d10140b
0.0,,,,,,,,,,,,,,,,,,,,,,df3830fc-0ec5-45fc-ac4f-162f2cd763b7
1.0,61.788754,6.0,4.0,1.0,3.0,1.0,0.0,0.0,0.0,0.0,1.0,0.0,0.0,0.0,-2.0,2.0,1.0,0.0,1.0,-5.711772626465314,0.09783391791541961,d62970bc-1083-4d3f-94e6-4c80ef9e4ab2
1.0,62.525913,106.9,6.5,0.0,4.0,1.0,0.0,0.0,0.0,0.0,0.0,0.0,0.0,0.0,2.0,-1.0,0.0,0.0,0.0,0.03633619096340013,0.27298720678736244,a2a13d6b-26e6-4d45-925a-63cf0ba35f34
1.0,32.792835,15.299999999999997,31.900000000000006,0.0,2.0,1.0,0.0,0.0,1.0,0.0,0.0,0.0,0.0,0.0,0.0,2.0,1.0,0.0,1.0,-4.285275338955625,1.028338875596406,e1383ae0-8798-4477-b91e-10c00f2c5191
1.0,22.120804,25.0,34.3,1.0,3.0,1.0,0.0,0.0,0.0,0.0,0.0,0.0,0.0,0.0,0.0,1.0,-1.0,-1.0,0.0,-1.919139128947247,1.135961438260758,57b284bd-0e80-4c0e-9f4c-f5234a303fdf
1.0,35.16774,0.0,39.900000000000006,0.0,2.0,1.0,0.0,0.0,0.0,0.0,0.0,0.0,1.0,0.0,-2.0,3.0,1.0,-1.0,3.0,-3.620586980332369,0.5125816238521661,b3644781-6d7f-4d64-9b13-ffeb82fd8396
1.0,47.51947,49.1,1.2999999999999972,1.0,2.0,1.0,0.0,0.0,0.0,0.0,0.0,0.0,0.0,0.0,-1.0,-3.0,-1.0,0.0,-1.0,-4.627645116986882,0.08410920531866839,b0894ff2-53b6-4640-aa92-13ba970271bf
1.0,30.108637,27.5,34.3,0.0,4.0,1.0,0.0,0.0,1.0,0.0,0.0,0.0,0.0,0.0,0.0,1.0,2.0,0.0,2.0,2.8219978406626893,0.025660634298909378,f6137909-8f90-4cec-8ba7-60f27db81be3
1.0,36.332905,15.200000000000003,28.400000000000006,0.0,2.0,1.0,0.0,0.0,1.0,0.0,0.0,0.0,0.0,0.0,-1.0,7.0,2.0,-1.0,3.0,-6.38238017528891,0.07983463042745365,76ee80c8-3b64-49a4-ab3d-2936db88252f
1.0,1.6763054,85.0,23.4,0.0,2.0,0.0,1.0,0.0,0.0,0.0,0.0,0.0,0.0,1.0,-1.0,0.0,0.0,-1.0,1.0,-5.425515395996769,0.32252698683237524,286a5a7a-d386-46e3-9911-bf2b71c5058f
1.0,46.473755,71.5,12.0,0.0,2.0,1.0,0.0,0.0,0.0,0.0,0.0,0.0,0.0,0.0,1.0,0.0,1.0,1.0,-1.0,6.1444023059981365,0.9956768390471957,f2f83351-c0bb-4ae1-a3b2-f22acb4b2b73
1.0,43.453423,108.3,35.2,0.0,3.0,1.0,0.0,0.0,0.0,0.0,0.0,0.0,0.0,0.0,0.0,0.0,0.0,1.0,-1.0,1.870897079889649,0.20277093326682974,d2a57003-a966-4da5-9e4f-5bb682f98036
1.0,9.560335,53.0,21.9,0.0,1.0,1.0,0.0,0.0,0.0,0.0,0.0,0.0,0.0,1.0,3.0,-3.0,1.0,1.0,0.0,6.7170489394335915,1.1346259232752431,e7d833d2-e5f9-4a20-a739-def74efb8307
1.0,31.91802,16.299999999999997,30.799999999999997,0.0,1.0,1.0,0.0,0.0,1.0,0.0,0.0,0.0,0.0,0.0,0.0,2.0,2.0,0.0,2.0,6.2334367333160134,0.3024673197966938,532b5fbc-2c11-42ff-93b1-8d9eecc9ea13
1.0,43.84119,117.0,7.700000000000003,0.0,2.0,1.0,0.0,0.0,0.0,0.0,0.0,0.0,0.0,0.0,2.0,-1.0,1.0,-1.0,1.0,4.408942455356952,0.05667075071555008,a6cdcd36-7e3d-481a-b0ac-7519808836ab
1.0,65.644646,6.0,4.0,1.0,4.0,1.0,0.0,0.0,0.0,0.0,1.0,0.0,0.0,0.0,-1.0,0.0,1.0,-1.0,1.0,-4.299960866462817,1.0282145948495622,d50fc5b2-33d7-485c-a8e0-87d9e19994fb
1.0,65.06028,114.0,4.0,0.0,4.0,1.0,0.0,0.0,0.0,0.0,1.0,0.0,0.0,0.0,2.0,-3.0,-1.0,2.0,-3.0,7.011241883470705,0.012609043102750357,3d81e406-2250-4189-a5aa-b709cf780bd4
1.0,46.60043,26.7,7.5,1.0,3.0,1.0,0.0,0.0,0.0,0.0,0.0,1.0,0.0,0.0,-2.0,0.0,0.0,-1.0,1.0,-4.068269358824365,0.611211895961261,b254b188-8ac3-4815-aca2-9de662f37144
1.0,13.72953,34.9,35.900000000000006,1.0,1.0,1.0,0.0,0.0,0.0,0.0,0.0,0.0,0.0,1.0,2.0,0.0,-2.0,1.0,-2.0,2.6210459204783554,1.4974762048197823,353aa97e-0800-4d89-9f09-6817bdc2ae72
1.0,38.189526,6.5,31.700000000000003,0.0,1.0,1.0,0.0,0.0,1.0,0.0,0.0,0.0,0.0,0.0,0.0,3.0,2.0,1.0,1.0,-1.1388872223920004,0.3113119108084662,055d386d-8e2a-465e-93e3-7969b8cfbede
1.0,68.209236,114.0,4.0,0.0,4.0,1.0,0.0,0.0,0.0,0.0,1.0,0.0,0.0,0.0,1.0,0.0,-1.0,0.0,0.0,3.350686484582063,0.08924681386645546,f22135df-95a2-423b-bbad-ae533cd1023c
1.0,13.507405,18.700000000000003,29.599999999999994,0.0,4.0,0.0,0.0,1.0,0.0,0.0,0.0,0.0,0.0,0.0,2.0,1.0,1.0,1.0,2.0,0.14003948922328568,0.40208596718047085,bc682eed-6dce-4c38-a2c8-2ecbeb2ea8d1
1.0,59.798744,114.0,4.0,0.0,3.0,1.0,0.0,0.0,0.0,0.0,1.0,0.0,0.0,0.0,3.0,-2.0,-1.0,1.0,-1.0,7.802559058808354,0.31226967498721825,133ab5d5-f456-4cc9-b381-038fc60471aa
1.0,20.223253,74.9,40.0,0.0,2.0,1.0,0.0,0.0,0.0,0.0,0.0,0.0,0.0,0.0,1.0,-2.0,2.0,2.0,0.0,4.065547920889115,0.5825009688653606,c7a3a345-72fc-4dae-a0bc-32e711cc11e2
1.0,37.6113,66.7,38.400000000000006,1.0,2.0,1.0,0.0,0.0,0.0,0.0,0.0,0.0,0.0,0.0,2.0,-2.0,-1.0,-1.0,0.0,1.7680291037252793,0.31767837789981773,32932301-0b75-4e5f-ae6b-a9ddf8bb39cd
1.0,63.8304,16.7,1.2999999999999972,1.0,2.0,1.0,0.0,0.0,0.0,0.0,0.0,1.0,0.0,0.0,-1.0,2.0,-1.0,-1.0,1.0,-5.578741204391791,1.5228018066961915,3eaa1fc8-d6b9-4701-a4c6-1df85a2944b6
1.0,48.76474,9.8,7.100000000000001,1.0,3.0,1.0,0.0,0.0,0.0,0.0,0.0,0.0,0.0,0.0,-2.0,0.0,0.0,-2.0,2.0,-2.431340157233217,0.08782649028604729,1d14b4bb-7d1e-4f21-8231-f348a688d6a6
1.0,11.344161,43.900000000000006,36.099999999999994,0.0,2.0,1.0,0.0,0.0,0.0,0.0,0.0,0.0,0.0,0.0,-2.0,2.0,1.0,-1.0,0.0,-2.1418925851420707,0.2965776805844714,a44a84e4-53af-489e-9364-5d1c5f23adf8
1.0,59.337173,114.5,4.5,0.0,3.0,1.0,0.0,0.0,0.0,0.0,0.0,1.0,0.0,0.0,3.0,-4.0,1.0,3.0,-3.0,7.105039483965648,2.059362279198032,5922cd57-62ff-4813-b4df-c8055494057b
1.0,31.06976,48.6,11.799999999999997,1.0,2.0,1.0,0.0,0.0,0.0,0.0,0.0,0.0,0.0,0.0,-3.0,0.0,-1.0,-1.0,0.0,-5.378625085244203,0.3210024591293349,2b47b581-dfb5-494b-9375-0588a2d159e8
1.0,48.274426,5.6,6.5,1.0,4.0,1.0,0.0,0.0,0.0,0.0,0.0,0.0,0.0,0.0,-1.0,1.0,-1.0,0.0,-1.0,-9.469562073915917,0.9889862968639948,279cb406-f133-44da-9c01-003fc8db8176
1.0,33.470135,35.5,22.0,0.0,1.0,1.0,0.0,0.0,0.0,0.0,0.0,1.0,0.0,0.0,1.0,2.0,5.0,2.0,3.0,0.21942963522321834,0.4993852679457605,29fbae5e-3720-40f5-b048-efd93f8618f1
1.0,29.254913,120.0,39.9,1.0,1.0,1.0,0.0,0.0,0.0,0.0,0.0,0.0,1.0,0.0,-5.0,1.0,-2.0,-2.0,0.0,-1.8001075737721255,0.26188948192052686,fe362fd5-5016-4f96-8c76-e5f622850477
1.0,38.457508,10.8,38.5,1.0,2.0,1.0,0.0,0.0,0.0,0.0,0.0,0.0,0.0,0.0,-2.0,1.0,0.0,-1.0,2.0,-9.712930541876984,0.6779346355483312,2d55ca33-3e57-4747-964d-da3e22558108
1.0,41.11508,105.5,3.8999999999999986,0.0,2.0,1.0,0.0,0.0,0.0,0.0,0.0,0.0,0.0,0.0,0.0,0.0,1.0,2.0,0.0,4.179134271282635,1.2493919581305144,10269167-539c-40b8-a36e-2092d4b3181f
1.0,35.00357,0.0,39.900000000000006,0.0,1.0,1.0,0.0,0.0,0.0,0.0,0.0,0.0,1.0,0.0,1.0,1.0,5.0,0.0,5.0,0.6183133634836704,0.8178593224070121,de734c00-cd20-4b05-8772-2371d3815cd2
1.0,48.31573,9.3,3.3999999999999986,1.0,3.0,1.0,0.0,0.0,0.0,0.0,0.0,0.0,0.0,0.0,0.0,-1.0,1.0,1.0,0.0,-3.4779487420893282,0.4738632683871416,9e2123dd-ff85-468d-a9a7-5593ff4a54b0
1.0,53.71052,13.9,30.5,1.0,3.0,1.0,0.0,0.0,0.0,0.0,0.0,0.0,0.0,0.0,-1.0,0.0,-1.0,-1.0,1.0,-1.8415862326992052,0.5793038155539368,4f6c49fe-6a18-4493-9802-269caf55368b
1.0,45.425102,107.8,34.8,0.0,2.0,1.0,0.0,0.0,0.0,0.0,0.0,0.0,0.0,0.0,1.0,0.0,0.0,0.0,1.0,3.037278789585215,0.7215239707424371,91cd7df5-d767-4177-8c98-edf88d04a17a
1.0,26.734434,16.700000000000003,30.900000000000006,0.0,1.0,1.0,0.0,0.0,1.0,0.0,0.0,0.0,0.0,0.0,2.0,1.0,1.0,1.0,1.0,7.144122358782165,0.8148918409196697,43c0b0e8-a4fe-4664-8b90-8a677a41c7e4
0.0,,,,,,,,,,,,,,,,,,,,,,f250df25-d537-4a09-8fa3-f941752f8b05
1.0,25.982494,21.799999999999997,20.4,0.0,2.0,1.0,0.0,0.0,0.0,0.0,0.0,0.0,0.0,0.0,0.0,2.0,0.0,-1.0,1.0,1.4015595851000633,0.16045615348570516,010d5d3c-cb92-48ec-95b5-f7e2a087736e
1.0,3.3734255,96.9,18.299999999999997,0.0,3.0,0.0,1.0,0.0,0.0,0.0,0.0,0.0,0.0,0.0,1.0,1.0,-3.0,-2.0,-1.0,2.667995549074212,0.7205697321044641,27da5014-0f09-4ba4-91ed-1d8c1b1d1ee3
1.0,59.105415,109.4,4.100000000000001,0.0,3.0,1.0,0.0,0.0,0.0,0.0,0.0,0.0,0.0,1.0,0.0,-2.0,-1.0,0.0,-1.0,5.7282463141903825,1.3363021857341022,5e7b617d-10db-4cc1-a056-71333c57d2f0
1.0,52.44168,74.1,30.799999999999997,0.0,2.0,1.0,0.0,0.0,0.0,0.0,0.0,1.0,0.0,0.0,0.0,0.0,0.0,2.0,-1.0,2.2532695254335415,0.9082557263523495,ff1affc6-f987-4a71-bbb3-d67fc22d2b28
1.0,61.230793,113.0,4.100000000000001,0.0,3.0,1.0,0.0,0.0,0.0,0.0,1.0,0.0,0.0,0.0,3.0,-4.0,0.0,2.0,-1.0,5.542428484346253,0.13315112610697544,15e8732e-59a2-45da-9cf6-4e1b9c11def1
1.0,62.745358,113.0,3.8999999999999986,0.0,4.0,1.0,0.0,0.0,0.0,0.0,1.0,0.0,0.0,0.0,2.0,-3.0,-1.0,0.0,-2.0,7.229259561992727,0.4179380128450337,bad76648-bdcc-40fc-af1c-44146952c9d9
1.0,18.777912,51.5,7.100000000000001,1.0,1.0,1.0,0.0,0.0,0.0,0.0,0.0,0.0,0.0,0.0,-2.0,2.0,-2.0,-1.0,0.0,-6.1211266245070615,0.2527538415442462,536522f3-c36c-4e85-9441-c369aaa0c837
1.0,29.316547,3.9,15.600000000000001,1.0,3.0,1.0,0.0,0.0,0.0,0.0,0.0,0.0,0.0,0.0,0.0,3.0,1.0,-1.0,0.0,-8.57975815314948,0.6490895855257034,3324d89e-eed2-4aaf-878a-e0d8e6f5465a
1.0,63.900314,114.0,4.0,0.0,4.0,1.0,0.0,0.0,0.0,0.0,1.0,0.0,0.0,0.0,4.0,-4.0,-2.0,1.0,-2.0,8.706507026225315,1.2611583424359507,e0749603-d56b-4859-8d5b-bed77ed98f7d
1.0,38.910408,0.0,39.900000000000006,0.0,2.0,1.0,0.0,0.0,0.0,0.0,0.0,0.0,1.0,0.0,0.0,1.0,3.0,-1.0,3.0,4.857943290411705,0.04481226998072173,d49b5b09-3508-4d71-836c-c8ff69b7b855
1.0,12.523977,68.2,16.6,1.0,2.0,1.0,0.0,0.0,0.0,0.0,0.0,0.0,0.0,1.0,0.0,2.0,1.0,-1.0,2.0,-3.935792198054222,0.22921352730512945,0b75d20c-d888-42d5-b683-ece401a1ceed
1.0,38.105774,7.1,0.7000000000000028,1.0,2.0,1.0,0.0,0.0,0.0,0.0,0.0,0.0,0.0,0.0,-1.0,0.0,0.0,-2.0,1.0,-2.615944514788228,1.4457486121841392,ab3d3501-d851-4215-8194-15a60a97f8b5
1.0,24.808064,18.099999999999994,27.299999999999997,0.0,1.0,1.0,0.0,0.0,1.0,0.0,0.0,0.0,0.0,0.0,0.0,1.0,0.0,0.0,2.0,1.1576320540149156,0.0068557342774888085,5caca532-850e-4773-a351-b1eaefb97ebd
1.0,10.515227,24.0,13.399999999999999,0.0,0.0,1.0,0.0,0.0,0.0,0.0,0.0,0.0,0.0,0.0,1.0,0.0,1.0,3.0,-1.0,2.48362347398536,0.5177041802256552,bca775b9-7e82-4ecd-a7bf-ee2c851bab76
0.0,,,,,,,,,,,,,,,,,,,,,,dab78af8-5115-45d4-89af-f33fb20a228f
1.0,17.286121,59.0,35.099999999999994,1.0,5.0,0.0,1.0,0.0,0.0,0.0,0.0,0.0,0.0,0.0,-1.0,1.0,1.0,0.0,0.0,-1.0392274990442871,1.8874262038422653,d393076b-d40d-4762-9d41-954952218f66
1.0,48.02666,104.2,33.0,0.0,3.0,1.0,0.0,0.0,0.0,0.0,0.0,0.0,0.0,0.0,1.0,-1.0,-1.0,0.0,0.0,3.2408397008196257,0.47471793918377847,7f86b85f-a67e-41e3-bc36-7d3b65ee6d18
0.0,,,,,,,,,,,,,,,,,,,,,,c2ef295e-442f-4a51-bbad-516184ef15ab
1.0,60.4293,7.0,4.100000000000001,1.0,3.0,1.0,0.0,0.0,0.0,0.0,1.0,0.0,0.0,0.0,-4.0,3.0,0.0,0.0,1.0,-7.928253605726311,0.8964214044551468,b4a93a4d-7a96-4bf9-8d33-307666c76356
1.0,14.588009,87.7,1.3999999999999986,1.0,2.0,1.0,0.0,0.0,0.0,0.0,0.0,0.0,0.0,0.0,-2.0,1.0,-1.0,-3.0,1.0,-5.5527109421257865,0.593363173611245,92a611d4-edc1-447f-a043-279bbb6c122b
1.0,51.82123,0.0,39.900000000000006,0.0,2.0,1.0,0.0,0.0,0.0,1.0,0.0,0.0,1.0,0.0,-1.0,3.0,1.0,1.0,1.0,3.002414311531181,0.025428622219087444,abcb507c-e656-4e36-a933-9e450fde4182
1.0,65.89362,113.0,4.100000000000001,0.0,4.0,1.0,0.0,0.0,0.0,0.0,1.0,0.0,0.0,0.0,1.0,-1.0,0.0,0.0,1.0,4.458340347805047,0.5387857861521327,d3e001f8-4f3a-4770-9152-7983b073bb0b
1.0,34.15333,16.900000000000006,31.200000000000003,0.0,2.0,1.0,0.0,0.0,1.0,0.0,0.0,0.0,0.0,0.0,0.0,2.0,2.0,-1.0,4.0,-3.044102773385876,0.2705647449401765,9fc3c386-c44b-41ab-8d03-3726acd05ac1
1.0,57.50913,100.3,16.6,0.0,3.0,1.0,0.0,0.0,0.0,0.0,0.0,1.0,0.0,0.0,1.0,-3.0,1.0,3.0,-2.0,6.699598489029947,1.305502753019861,d7e566e2-1b44-47b7-bc81-053b2d386964
1.0,31.13535,13.400000000000006,40.0,0.0,2.0,1.0,0.0,0.0,0.0,0.0,0.0,0.0,0.0,0.0,3.0,0.0,5.0,4.0,1.0,5.526135378521623,0.3017857890563748,6d62da57-0cad-4c38-912a-6699373a82b8
1.0,33.530434,26.2,36.2,1.0,2.0,1.0,0.0,0.0,0.0,0.0,0.0,0.0,0.0,0.0,-1.0,1.0,-1.0,-2.0,-1.0,-7.6006407944631675,0.12209058097783129,87fa3842-4d65-48a3-9f8b-4c7e23401adf
1.0,64.948364,7.0,4.100000000000001,1.0,2.0,1.0,0.0,0.0,0.0,0.0,1.0,0.0,0.0,0.0,-1.0,-1.0,1.0,1.0,0.0,-3.7925282575505808,0.16023880288897177,2886f48e-cc14-4b9a-8fc6-b3cd50a858b0
1.0,27.724358,28.599999999999994,26.900000000000006,0.0,1.0,1.0,0.0,0.0,1.0,0.0,0.0,0.0,0.0,0.0,1.0,1.0,1.0,3.0,2.0,5.5126551954470475,0.5311811309506538,c6e2fda0-6b71-4701-a4bb-9bf9bfb117e2
1.0,35.051533,34.1,10.8,1.0,2.0,1.0,0.0,0.0,0.0,0.0,0.0,0.0,0.0,0.0,-2.0,0.0,-2.0,0.0,-1.0,-2.156747131131157,0.2606030628234328,fb0c0372-1cdc-4617-9266-e8d4f39b8b64
1.0,49.38755,27.4,30.1,1.0,2.0,1.0,0.0,0.0,0.0,0.0,0.0,1.0,0.0,0.0,-2.0,3.0,0.0,-3.0,2.0,-6.524459446516398,0.9011201832167106,955e7cfd-b017-4f7e-9941-ed736c874a77
1.0,57.706154,6.0,4.0,1.0,3.0,1.0,0.0,0.0,0.0,0.0,1.0,0.0,0.0,0.0,-2.0,3.0,0.0,-1.0,1.0,-7.195295913665071,0.13764636854697515,49efa5ef-c185-440e-831b-b33723200d5d
1.0,13.877319,39.2,8.100000000000001,0.0,12.0,0.0,0.0,1.0,0.0,0.0,0.0,0.0,0.0,0.0,0.0,1.0,-1.0,1.0,-2.0,4.157698459052051,0.1062378006004285,3b420897-2483-4569-a057-da5622ee5941
1.0,9.677293,53.0,26.200000000000003,1.0,3.0,0.0,1.0,0.0,0.0,0.0,0.0,0.0,0.0,1.0,-3.0,2.0,-3.0,0.0,-3.0,-5.578262606659964,0.4991808236346577,9e66e705-7600-4944-b0bc-037a10b170c4
0.0,,,,,,,,,,,,,,,,,,,,,,1ad136cc-b653-4d22-88c6-8274fdca3ee6
1.0,2.0880613,35.400000000000006,14.200000000000003,0.0,1.0,1.0,0.0,0.0,0.0,0.0,0.0,0.0,0.0,0.0,2.0,0.0,-1.0,0.0,-1.0,3.0717145455991535,0.06515725763676325,f9ab1fa9-8e1f-400b-b7aa-bd6ef24d486a
1.0,65.13563,24.8,15.7,1.0,3.0,1.0,0.0,0.0,0.0,0.0,0.0,1.0,0.0,0.0,-1.0,2.0,2.0,0.0,1.0,-6.076820480768269,0.24111287261770042,bf81226c-3080-4ac8-8ebf-c421e3e5a28f
1.0,10.159232,34.400000000000006,28.200000000000003,0.0,2.0,1.0,0.0,0.0,0.0,0.0,0.0,0.0,0.0,1.0,-3.0,2.0,0.0,-1.0,-1.0,-5.905588628650094,0.23386036509954347,ec46efd4-dd71-4e9c-8298-941f5ed04c1c
1.0,24.964775,88.1,30.200000000000003,0.0,2.0,1.0,0.0,0.0,0.0,0.0,0.0,0.0,0.0,0.0,0.0,1.0,0.0,1.0,-2.0,-1.455683865545188,0.0999372826391458,91aa9706-a618-4f11-bd55-76cc332b59a2
1.0,20.926777,24.700000000000003,19.0,0.0,2.0,1.0,0.0,0.0,0.0,0.0,0.0,0.0,0.0,0.0,1.0,2.0,2.0,1.0,4.0,0.6735769603772006,0.10038732345968757,57129612-fed0-4963-bc64-f8be8fcdc2c1
1.0,63.61077,7.0,3.8999999999999986,1.0,3.0,1.0,0.0,0.0,0.0,0.0,1.0,0.0,0.0,0.0,-2.0,2.0,1.0,-2.0,1.0,-6.330709367909184,0.012468577367587566,f11bd772-13e5-45d8-bba7-6ea7e2ac573c
1.0,51.022053,7.0,3.8999999999999986,1.0,3.0,1.0,0.0,0.0,0.0,0.0,1.0,0.0,0.0,0.0,-3.0,1.0,1.0,-1.0,2.0,-4.57525816568678,0.20334655253507022,ae0e6fe0-422d-4031-9404-356bfe24b950
1.0,7.741447,61.8,34.0,1.0,2.0,1.0,0.0,0.0,0.0,0.0,0.0,0.0,0.0,1.0,1.0,0.0,2.0,0.0,2.0,-0.6565879019632366,0.06579187823790444,05228a1b-055f-4417-bae8-5b8bd1b4df2e
1.0,31.29297,2.0999999999999943,18.299999999999997,0.0,2.0,1.0,0.0,0.0,1.0,0.0,0.0,0.0,0.0,0.0,1.0,3.0,2.0,1.0,3.0,-1.3703605431371049,0.09508919010458484,f5c5f271-ba03-4fd5-90b7-e169003625ab
1.0,9.972462,29.599999999999994,4.299999999999997,0.0,1.0,1.0,0.0,0.0,0.0,0.0,0.0,0.0,0.0,1.0,2.0,1.0,1.0,1.0,1.0,1.7855400999396758,3.383232653258696,b06ac30f-ac79-4965-8af4-a7e50045fffe
1.0,32.507385,0.0,40.0,0.0,2.0,1.0,0.0,0.0,0.0,0.0,0.0,0.0,1.0,0.0,2.0,0.0,4.0,3.0,1.0,3.116353068390897,0.2611392766382373,69f33c32-3446-436f-ba3a-ca5fcdaff0df
1.0,58.74121,6.0,4.0,1.0,4.0,1.0,0.0,0.0,0.0,0.0,1.0,0.0,0.0,0.0,-3.0,2.0,-1.0,-2.0,1.0,-7.353456686489121,0.45564902751222874,ac043c14-035e-4a4c-8559-8f40e42f801e
1.0,30.761177,14.299999999999997,29.400000000000006,0.0,1.0,1.0,0.0,0.0,1.0,0.0,0.0,0.0,0.0,0.0,0.0,2.0,1.0,1.0,0.0,-4.313914297920418,0.27315828594886515,fff55b6c-d098-4d90-bd8e-d819d92238ac
1.0,33.69332,0.0,40.0,0.0,2.0,1.0,0.0,0.0,0.0,0.0,0.0,0.0,1.0,0.0,0.0,-1.0,2.0,1.0,0.0,2.201702755825826,0.8055691749568363,80419515-97a8-4698-8865-a4e816ff60b2
1.0,65.852715,113.0,4.100000000000001,0.0,3.0,1.0,0.0,0.0,0.0,0.0,1.0,0.0,0.0,0.0,2.0,-3.0,-2.0,0.0,-1.0,6.708867518951052,0.9312080076475336,da8b4f49-87bb-4e31-8ec5-7fce0b1e00be
1.0,42.506706,48.599999999999994,6.399999999999999,0.0,2.0,1.0,0.0,0.0,0.0,0.0,0.0,1.0,0.0,0.0,0.0,2.0,2.0,1.0,0.0,-0.688592813439131,0.9250346528137039,750efdc1-a9ed-4086-8418-4c2171a1c32f
1.0,49.463116,114.0,4.0,0.0,3.0,1.0,0.0,0.0,0.0,0.0,1.0,0.0,0.0,0.0,2.0,-3.0,0.0,2.0,-1.0,7.724902117543407,0.12435638666755218,2c629824-8b73-48f6-83b7-1ee98764e51e
1.0,60.2927,82.0,2.3999999999999986,0.0,3.0,1.0,0.0,0.0,0.0,0.0,0.0,0.0,0.0,0.0,0.0,2.0,0.0,-1.0,1.0,7.622883564493764,1.6433649870417828,fcdd0a1e-c3ce-43d8-a939-0cb1d2ce86bd
1.0,6.7601776,32.8,26.0,0.0,2.0,1.0,0.0,0.0,0.0,0.0,0.0,0.0,0.0,0.0,1.0,0.0,1.0,0.0,1.0,0.7132375725296738,0.10624556070003387,287fe156-eaeb-4958-a985-b3cb772f93c9
1.0,25.684431,31.5,16.0,0.0,1.0,1.0,0.0,0.0,0.0,0.0,0.0,0.0,0.0,0.0,1.0,2.0,1.0,0.0,2.0,2.8934637958716394,0.31764427449338273,6d57a920-fe07-46e6-a22e-eada90fb5089
1.0,23.829813,106.3,36.2,1.0,5.0,0.0,0.0,1.0,0.0,0.0,0.0,0.0,0.0,0.0,2.0,-2.0,0.0,-1.0,-1.0,3.1563320765851053,0.5396963839700823,66abe0f0-1b4b-4746-8260-9ec68c51bd01
1.0,46.118217,12.6,4.5,1.0,3.0,1.0,0.0,0.0,0.0,0.0,0.0,0.0,0.0,0.0,0.0,0.0,0.0,-1.0,1.0,-1.8499092049056944,0.6499431444970258,1b901fe7-8874-42ac-a7b3-d9607df74595
1.0,42.240383,0.0,40.0,0.0,2.0,1.0,0.0,0.0,0.0,1.0,0.0,0.0,1.0,0.0,-2.0,1.0,0.0,-1.0,1.0,-0.4904830933184672,0.4561917310474069,c3d5e11d-6cc4-489d-bcc9-a5cda58dde90
1.0,30.147968,91.1,18.4,1.0,1.0,1.0,0.0,0.0,0.0,0.0,0.0,0.0,0.0,0.0,1.0,-3.0,-2.0,1.0,-3.0,2.6733303735814165,0.07598617540195336,d3818c91-134a-49db-b430-c6424d933f67
1.0,38.524925,22.6,17.1,1.0,3.0,1.0,0.0,0.0,0.0,0.0,0.0,0.0,0.0,0.0,-2.0,1.0,-1.0,0.0,1.0,-0.10824439939563746,0.1268365975960707,0c67b518-ec7e-48aa-9c53-ff83076d4ad3
1.0,8.134495,63.2,36.0,0.0,1.0,1.0,0.0,0.0,0.0,0.0,0.0,0.0,0.0,1.0,3.0,-2.0,-1.0,1.0,0.0,7.100763278261929,1.427035708687555,90722113-849d-4ce9-b54c-94a68ebb03ec
1.0,60.482227,107.1,8.100000000000001,0.0,3.0,1.0,0.0,0.0,0.0,0.0,0.0,0.0,0.0,0.0,0.0,1.0,-2.0,0.0,-2.0,3.1789182095650332,0.40650776978827696,6ee6cc7d-dac3-43b7-abbe-222873f1f677
1.0,29.139835,35.7,4.399999999999999,0.0,2.0,1.0,0.0,0.0,0.0,0.0,0.0,1.0,0.0,0.0,0.0,1.0,-1.0,-1.0,1.0,0.2848080416376195,0.7647950586887238,c97d3745-3a43-4074-8f1d-a47eb962de87
1.0,49.491917,54.4,4.299999999999997,1.0,2.0,1.0,0.0,0.0,0.0,0.0,0.0,0.0,0.0,0.0,-1.0,3.0,0.0,0.0,0.0,-6.568970062478431,1.929555661967229,23e520b8-78ee-404c-8f97-3f6ad27be3e8
1.0,43.77956,120.0,40.0,1.0,4.0,1.0,0.0,0.0,0.0,1.0,0.0,0.0,1.0,0.0,-1.0,-2.0,2.0,0.0,0.0,0.281306511297454,0.22485208223689201,8d897263-bb66-4708-acea-8facbed69704
0.0,,,,,,,,,,,,,,,,,,,,,,9d282261-231d-4f3b-9b01-7d044ec7586f
1.0,20.982374,103.8,39.900000000000006,0.0,2.0,1.0,0.0,0.0,0.0,0.0,0.0,0.0,0.0,0.0,1.0,-3.0,0.0,1.0,-1.0,5.867552946371747,0.34334062122499487,519cfd6f-0e6d-4c9a-b38a-2533e090e880
1.0,39.499367,0.0,39.900000000000006,0.0,2.0,1.0,0.0,0.0,0.0,0.0,0.0,0.0,1.0,0.0,1.0,0.0,1.0,1.0,1.0,0.66580047009902,0.2188520975311614,0595f9a4-b732-4da0-90f6-712fbbd4ea15
1.0,29.614185,18.099999999999994,35.099999999999994,0.0,1.0,1.0,0.0,0.0,1.0,0.0,0.0,0.0,0.0,0.0,1.0,3.0,4.0,1.0,3.0,-7.270128727179079,0.12728443320762198,d4cdc669-9258-490b-b63a-0ea90cec1aef
1.0,48.109562,113.0,3.8999999999999986,0.0,3.0,1.0,0.0,0.0,0.0,0.0,1.0,0.0,0.0,0.0,3.0,-2.0,-1.0,0.0,-1.0,6.012893468298074,0.002007823451007469,32543be4-353a-41b1-a72d-126ad84139a5
1.0,55.46828,22.7,5.100000000000001,1.0,3.0,1.0,0.0,0.0,0.0,0.0,0.0,0.0,0.0,0.0,0.0,-1.0,0.0,0.0,-1.0,-5.319804020870377,1.022366519257425,e12e9a93-3b09-4cef-a9b1-6890757e4683
1.0,25.10498,77.3,0.6000000000000014,0.0,3.0,1.0,0.0,0.0,0.0,0.0,0.0,0.0,0.0,0.0,1.0,-2.0,1.0,1.0,-1.0,7.223316329577111,0.020736066908052977,65430e94-5fdc-493b-b676-a9ee4cf7b35a
1.0,64.801926,105.2,13.0,0.0,4.0,1.0,0.0,0.0,0.0,0.0,0.0,1.0,0.0,0.0,3.0,-3.0,-2.0,1.0,-1.0,7.693279237183233,0.4591850915240407,7ce1fec1-0f0a-46a4-a814-9f5a038e1d37
1.0,23.765522,74.3,27.599999999999994,0.0,2.0,1.0,0.0,0.0,0.0,0.0,0.0,0.0,0.0,0.0,0.0,-1.0,0.0,2.0,-4.0,6.598521886427467,1.076576385497623,9928e7a9-8951-446a-a428-c10c08c2ed04
1.0,57.660557,114.0,4.0,0.0,9.0,1.0,0.0,0.0,0.0,0.0,1.0,0.0,0.0,0.0,2.0,-5.0,-1.0,0.0,-2.0,7.675392311260744,0.08661326269249925,4b791514-3a06-42d3-8602-6346b76486cf
0.0,,,,,,,,,,,,,,,,,,,,,,138dc5c4-31c1-44ca-85f2-f3ea406e04a1
1.0,41.975468,15.599999999999994,37.3,0.0,1.0,1.0,0.0,0.0,1.0,1.0,0.0,0.0,0.0,0.0,0.0,1.0,3.0,1.0,2.0,4.550209714210683,0.05142724985805939,1801f5ed-feeb-4caa-b2d0-633256371457
1.0,16.407316,87.9,0.7000000000000028,1.0,6.0,0.0,0.0,1.0,0.0,0.0,0.0,0.0,0.0,1.0,-1.0,-1.0,0.0,1.0,-2.0,-4.823910435662495,0.38277678215107663,054ec86d-fa83-4c8b-be9e-308949aeda99
1.0,36.045666,34.0,34.0,0.0,1.0,1.0,0.0,0.0,1.0,0.0,0.0,1.0,0.0,0.0,4.0,-1.0,3.0,1.0,1.0,10.087065352426812,0.7250765782021132,b80a0936-53bc-4ed3-a3d5-4ce33ed05daa
1.0,51.352215,79.7,14.299999999999997,0.0,2.0,1.0,0.0,0.0,0.0,0.0,0.0,1.0,0.0,0.0,0.0,-1.0,-1.0,0.0,-1.0,5.473151492057809,1.4970198461504287,742cffac-17ae-401e-a23f-930e1162dda1
1.0,46.650723,62.4,6.299999999999997,0.0,2.0,1.0,0.0,0.0,0.0,0.0,0.0,0.0,0.0,0.0,1.0,0.0,0.0,0.0,2.0,6.049376215482094,0.9208122335264068,54ceebd2-2a44-4251-a1e0-e2e57615f1f6
1.0,35.5726,13.5,31.099999999999994,0.0,1.0,0.0,1.0,0.0,1.0,0.0,0.0,0.0,0.0,0.0,-2.0,3.0,2.0,0.0,3.0,-7.196802934008594,0.5268119582740365,3168818c-95ee-4c5b-81f3-4008965cf352
1.0,72.469376,106.5,0.8999999999999986,0.0,3.0,1.0,0.0,0.0,0.0,0.0,0.0,0.0,0.0,0.0,2.0,0.0,0.0,0.0,-1.0,8.679738040250811,0.19736283525116743,3545c304-421b-4dd8-a0b9-b2b50d033317
1.0,39.489746,0.0,39.900000000000006,0.0,2.0,1.0,0.0,0.0,0.0,0.0,0.0,0.0,1.0,0.0,-3.0,1.0,3.0,2.0,2.0,-3.004452469569211,0.5083497262828109,e5414deb-6e64-4838-9554-aa9df95e4730
1.0,39.489746,0.0,39.900000000000006,0.0,5.0,1.0,0.0,0.0,0.0,0.0,0.0,0.0,1.0,0.0,-1.0,2.0,2.0,1.0,2.0,-1.814794661590328,1.1614693891638679,7b94408c-9f99-4364-8aad-665057796a35
1.0,75.20957,112.0,7.700000000000003,0.0,7.0,1.0,0.0,0.0,0.0,0.0,0.0,1.0,0.0,0.0,0.0,1.0,0.0,0.0,0.0,8.160762419073984,0.3028444372674169,3c834666-9f0b-477c-b44e-871bc984a3fb
0.0,,,,,,,,,,,,,,,,,,,,,,28110874-7daa-4a72-8469-19200e758aa1
1.0,6.307139,9.5,7.200000000000003,0.0,1.0,1.0,0.0,0.0,0.0,0.0,0.0,0.0,0.0,1.0,2.0,-1.0,1.0,0.0,1.0,3.3896511528245608,0.7220325986023903,f5dfbec9-3e50-4595-a9ea-ade935b5d3f8
0.0,,,,,,,,,,,,,,,,,,,,,,e0e4688a-68f1-4e5d-8fed-0c57cadd9bc9
1.0,44.205204,0.0,39.900000000000006,0.0,1.0,1.0,0.0,0.0,0.0,1.0,0.0,0.0,1.0,0.0,-2.0,6.0,5.0,0.0,5.0,-3.672428676839549,0.5792247948568213,6679064f-ae91-4535-b171-e776d320ee64
1.0,51.322704,38.7,34.3,1.0,3.0,1.0,0.0,0.0,0.0,0.0,0.0,1.0,0.0,0.0,-2.0,1.0,0.0,0.0,0.0,-5.536234911125518,0.32863921406930613,6c609b30-8a30-4ce9-af96-ba28f79d4097
1.0,62.184563,113.0,3.8999999999999986,0.0,3.0,1.0,0.0,0.0,0.0,0.0,1.0,0.0,0.0,0.0,3.0,-3.0,0.0,1.0,-1.0,7.294407669430404,0.3152162075199035,27f8feda-1f59-469c-8001-5e09ac5e2e31
1.0,64.41374,113.0,3.8999999999999986,0.0,3.0,1.0,0.0,0.0,0.0,0.0,1.0,0.0,0.0,0.0,2.0,-3.0,0.0,2.0,-1.0,6.778182210413328,0.2788658044314237,91ddfad7-73d0-44b0-89a7-1ef38d0b8b24
1.0,39.44173,0.0,39.900000000000006,0.0,2.0,1.0,0.0,0.0,0.0,0.0,0.0,0.0,1.0,0.0,-1.0,3.0,1.0,1.0,2.0,-0.47133949913315254,1.067758994248457,df64e81f-c545-44ed-9311-0a4974c8feb0
1.0,42.031536,22.0,32.099999999999994,0.0,6.0,1.0,0.0,0.0,1.0,1.0,0.0,0.0,0.0,0.0,2.0,1.0,2.0,2.0,1.0,0.7608300966090011,0.47218513298135417,c15d48e0-7a1c-4041-acfd-abc933bba406
1.0,29.00793,11.700000000000003,33.099999999999994,0.0,1.0,1.0,0.0,0.0,1.0,0.0,0.0,0.0,0.0,0.0,0.0,2.0,1.0,1.0,0.0,-1.0674612672840116,0.19117278568865276,90c5f0b3-ba6c-4a7f-80f3-d1b5b2307a88
1.0,27.74617,3.5999999999999943,33.8,0.0,3.0,1.0,0.0,0.0,1.0,0.0,0.0,0.0,0.0,0.0,0.0,-1.0,2.0,1.0,1.0,-0.14249904421286974,0.10494527541824306,727bad44-6330-4f32-9ea5-8d5e7ef52b09
1.0,34.970417,0.0,40.0,0.0,1.0,1.0,0.0,0.0,0.0,0.0,0.0,0.0,1.0,0.0,2.0,1.0,2.0,0.0,2.0,1.9061981189660864,0.506595487161472,348d16c7-1f22-46ef-999e-7337863b7fd8
1.0,13.670406,85.8,15.299999999999997,0.0,1.0,1.0,0.0,0.0,0.0,0.0,0.0,0.0,0.0,0.0,-2.0,-1.0,0.0,0.0,0.0,-2.7557959189988352,0.14142968729605107,38895a1e-62ff-408d-99df-e4da0887c006
1.0,34.22353,0.0,40.0,0.0,2.0,1.0,0.0,0.0,0.0,0.0,0.0,0.0,1.0,0.0,3.0,-1.0,2.0,1.0,0.0,4.1404637943291815,0.17956693897128675,f98c6c92-199a-45b4-8a08-805d2e380193
1.0,26.322994,76.9,37.5,0.0,2.0,1.0,0.0,0.0,0.0,0.0,0.0,0.0,0.0,0.0,0.0,0.0,1.0,-1.0,2.0,-0.17356162976815792,0.6114830309383263,ec5519d1-bffe-4d8b-8170-06e2b9f60485
1.0,33.932877,4.400000000000006,34.2,0.0,1.0,1.0,0.0,0.0,1.0,0.0,0.0,0.0,0.0,0.0,1.0,2.0,1.0,0.0,1.0,0.7714779982187725,0.3225782035025426,70f661e4-692a-42aa-a6a0-4ab9bd86d5d8
1.0,35.3952,41.7,29.599999999999994,0.0,2.0,1.0,0.0,0.0,0.0,0.0,0.0,0.0,0.0,0.0,0.0,2.0,4.0,-1.0,4.0,-5.158519470253424,0.3844318148145138,a358a1a1-34c6-4ddf-93fc-1b68e87b2817
1.0,35.337517,17.0,29.799999999999997,0.0,2.0,1.0,0.0,0.0,1.0,0.0,0.0,0.0,0.0,0.0,-1.0,2.0,2.0,1.0,2.0,1.1238840853508254,0.12372360860869834,d6568f57-0b95-4bd0-9f02-e06ab42a7e11
1.0,41.963436,23.700000000000003,36.400000000000006,0.0,2.0,1.0,0.0,0.0,1.0,0.0,0.0,0.0,0.0,0.0,0.0,2.0,1.0,-1.0,1.0,-3.9208638916416625,0.24905079953958462,3b5d9ce8-6c92-43cd-a675-51a74bf1514f
1.0,25.114935,11.4,39.9,1.0,2.0,1.0,0.0,0.0,0.0,0.0,0.0,0.0,0.0,0.0,-2.0,1.0,1.0,1.0,0.0,-8.308971985732327,0.5932483796404898,8f08bf6a-50aa-4a26-b7fc-dcc0f6ea75e3
1.0,11.001818,84.6,32.5,0.0,2.0,1.0,0.0,0.0,0.0,0.0,0.0,0.0,0.0,1.0,1.0,0.0,-1.0,-1.0,0.0,0.6032669401869969,0.22144509080705965,a763b237-7029-498f-a0c1-bfb61a726ef5
1.0,38.722733,0.0,40.0,0.0,2.0,1.0,0.0,0.0,0.0,0.0,0.0,0.0,1.0,0.0,-1.0,3.0,3.0,4.0,-1.0,-3.8507531850337084,0.14987077134565394,a088276f-f0ec-4867-b5fb-d8bca626828f
1.0,23.82016,33.5,3.799999999999997,0.0,1.0,1.0,0.0,0.0,0.0,0.0,0.0,1.0,0.0,0.0,0.0,3.0,2.0,0.0,4.0,-1.7150151861658518,0.1632017977406471,f9bb74e6-dff1-4a58-a8f2-8c5d0f671633
1.0,29.673052,3.799999999999997,33.099999999999994,0.0,2.0,1.0,0.0,0.0,1.0,0.0,0.0,0.0,0.0,0.0,2.0,-1.0,3.0,2.0,1.0,4.976370557629968,0.40040423471251213,15a83394-7130-47d1-92bb-bf76d6ffdb34
1.0,41.24197,99.4,18.200000000000003,0.0,3.0,1.0,0.0,0.0,0.0,0.0,0.0,0.0,0.0,0.0,1.0,-1.0,0.0,0.0,0.0,-0.06798186524528838,0.46315103346228476,25d2525c-181b-487b-b960-35fe209dd9a3
1.0,56.618813,12.4,6.200000000000003,1.0,3.0,1.0,0.0,0.0,0.0,0.0,0.0,0.0,0.0,0.0,0.0,-1.0,-2.0,-1.0,0.0,-1.9662097610678888,0.291700287028484,658d049f-b58d-497d-a74e-5fe4e24f0673
1.0,8.1,64.4,30.4,1.0,2.0,1.0,0.0,0.0,0.0,0.0,0.0,0.0,0.0,1.0,-2.0,2.0,2.0,-1.0,2.0,-7.524874952568936,0.3438152656002771,e4349ae8-d89d-4e53-ae64-816523438f23
1.0,25.880495,3.9000000000000057,30.299999999999997,0.0,2.0,1.0,0.0,0.0,1.0,0.0,0.0,0.0,0.0,0.0,-3.0,2.0,1.0,-2.0,3.0,-0.7669911056913428,1.1906118962053855,7f693acb-e483-45c0-91ba-0115b96f04f8
1.0,56.30506,7.0,4.100000000000001,1.0,2.0,1.0,0.0,0.0,0.0,0.0,1.0,0.0,0.0,0.0,-1.0,3.0,0.0,-1.0,1.0,-5.9578791898938945,0.24065766374163655,72571584-0829-4c96-89c7-31b7516f0d4c
1.0,70.59986,16.6,9.299999999999997,1.0,5.0,1.0,0.0,0.0,0.0,0.0,0.0,0.0,0.0,0.0,0.0,-1.0,-1.0,-1.0,-1.0,-2.6764735749676163,0.320105797355118,fbd468bf-c416-443f-99c7-9fd5fee70411
1.0,23.269938,25.299999999999997,26.799999999999997,0.0,1.0,1.0,0.0,0.0,1.0,0.0,0.0,0.0,0.0,0.0,-1.0,0.0,1.0,0.0,2.0,1.1023307437657568,0.7690904402174044,279aadc5-160c-4773-a6e3-ed8aea5b0220
1.0,49.697685,0.0,39.900000000000006,0.0,3.0,1.0,0.0,0.0,0.0,1.0,0.0,0.0,1.0,0.0,0.0,2.0,3.0,3.0,1.0,2.897120166024238,0.007438738914485788,feb08101-63a7-41ad-9e1f-2a0536355c73
1.0,57.06987,113.0,2.700000000000003,0.0,2.0,1.0,0.0,0.0,0.0,0.0,0.0,0.0,0.0,1.0,2.0,1.0,1.0,0.0,0.0,4.886306746055782,0.021099739936306313,12cf889a-abf3-43f4-8c35-d271ab68a415
1.0,30.345346,25.799999999999997,12.299999999999997,0.0,2.0,1.0,0.0,0.0,0.0,0.0,0.0,0.0,0.0,0.0,0.0,4.0,0.0,-1.0,2.0,-1.380712963336288,0.02441233356902914,8b98ba47-6d4a-493d-9df4-c8d6e3a10605
0.0,,,,,,,,,,,,,,,,,,,,,,389577f2-c68a-4746-99ef-abf43159ae3c
1.0,14.855302,28.400000000000006,1.3999999999999986,0.0,2.0,1.0,0.0,0.0,0.0,0.0,0.0,0.0,0.0,1.0,0.0,3.0,1.0,0.0,1.0,2.645737576446825,0.07656420957333084,c7267d0a-f31b-4d7a-8756-22f5e0e52432
1.0,5.714018,16.700000000000003,1.0,0.0,2.0,1.0,0.0,0.0,0.0,0.0,0.0,0.0,0.0,0.0,1.0,1.0,2.0,-1.0,3.0,-0.33294897038442556,0.700886683908582,1dc669b9-e41f-44f0-acaa-58dc4ce02777
1.0,69.0155,29.9,14.799999999999997,1.0,5.0,1.0,0.0,0.0,0.0,0.0,0.0,1.0,0.0,0.0,-2.0,2.0,2.0,2.0,0.0,-4.783111487671769,0.2944247718611427,cc64cf80-58dc-42e2-9621-be312f7aff61
1.0,58.703068,38.0,25.1,1.0,3.0,1.0,0.0,0.0,0.0,0.0,0.0,0.0,0.0,0.0,0.0,1.0,0.0,-2.0,2.0,-3.1702008103296357,0.2853062248299076,336368b5-edc5-4e61-97a9-d16ea1ce136d
1.0,58.218384,110.5,1.8999999999999986,0.0,4.0,1.0,0.0,0.0,0.0,0.0,0.0,0.0,0.0,0.0,2.0,1.0,1.0,1.0,0.0,4.27766725625337,0.8105151734034647,baa0151d-0879-4a28-b53b-0c547a78307b
1.0,39.050865,0.0,39.900000000000006,0.0,2.0,1.0,0.0,0.0,0.0,0.0,0.0,0.0,1.0,0.0,2.0,2.0,3.0,2.0,1.0,0.18659966310012077,0.4832012821110582,6a41c938-d5b2-45db-8466-b1edf94fb83b
1.0,44.52864,41.7,23.9,0.0,2.0,1.0,0.0,0.0,0.0,0.0,0.0,0.0,0.0,0.0,-1.0,5.0,0.0,0.0,0.0,2.3089285684906145,0.07984469850519126,08cac2a1-77ed-43a0-b6d3-4890b7993eb8
1.0,23.110603,11.599999999999994,20.6,0.0,2.0,1.0,0.0,0.0,1.0,0.0,0.0,0.0,0.0,0.0,0.0,-1.0,0.0,0.0,0.0,2.2699557402186756,0.2208887458898786,cb3eccf2-c800-476d-b22f-c1ce81f2a90c
1.0,38.749065,0.0,39.900000000000006,0.0,2.0,1.0,0.0,0.0,0.0,0.0,0.0,0.0,1.0,0.0,1.0,1.0,4.0,4.0,1.0,1.7853850600521863,0.6628751559685623,d4353071-8d3d-4634-8f79-3e862ff7ca6f
1.0,52.335934,68.4,31.099999999999994,0.0,4.0,1.0,0.0,0.0,0.0,0.0,0.0,0.0,0.0,0.0,1.0,1.0,0.0,1.0,0.0,2.7412810806151056,0.21034268290940142,ca88d839-45db-48b1-a188-179f0a68d0ca
1.0,59.73182,112.1,4.799999999999997,0.0,3.0,1.0,0.0,0.0,0.0,0.0,0.0,1.0,0.0,0.0,0.0,0.0,0.0,-1.0,0.0,6.844389333745058,0.33293108265642013,88f95015-1ae9-4bd3-8e73-e328177b728a
1.0,62.744324,99.9,0.6000000000000014,0.0,3.0,1.0,0.0,0.0,0.0,0.0,0.0,1.0,0.0,0.0,0.0,-3.0,-1.0,1.0,-2.0,6.968624397864657,0.5871382774913738,e8a8d882-627e-4b69-a778-5af89d19cf36
1.0,64.66785,113.0,4.100000000000001,0.0,3.0,1.0,0.0,0.0,0.0,0.0,1.0,0.0,0.0,0.0,-1.0,0.0,-2.0,-1.0,-1.0,-1.3372418463750808,0.15296571065914963,f1367206-f8e7-480d-8a8a-326a38c598c2
1.0,26.416851,43.6,31.3,1.0,2.0,1.0,0.0,0.0,0.0,0.0,0.0,0.0,0.0,0.0,-2.0,-2.0,0.0,-1.0,1.0,0.0372264903759342,0.08583873090465345,6f12c761-3bc5-48ab-818f-cf50b731173b
1.0,22.914188,27.1,28.7,1.0,3.0,1.0,0.0,0.0,0.0,0.0,0.0,0.0,0.0,0.0,1.0,2.0,1.0,-1.0,1.0,-2.3582967047149284,0.10188982449546362,e6737838-da7b-495d-a0a6-2b6156bf6674
1.0,55.66507,120.0,40.0,1.0,2.0,1.0,0.0,0.0,0.0,1.0,0.0,0.0,1.0,0.0,0.0,-4.0,-2.0,1.0,-4.0,0.925369784856791,1.0664784367279945,48130cc1-6961-4b23-9058-d81fddb985c2
1.0,47.640003,120.0,39.9,1.0,3.0,1.0,0.0,0.0,0.0,1.0,0.0,0.0,1.0,0.0,0.0,-1.0,-3.0,1.0,-3.0,-3.539745990498905,0.5541368772470526,539f84f8-228c-464e-9d5b-f0c3fc0d2d9d
1.0,46.764194,120.0,40.0,1.0,2.0,1.0,0.0,0.0,0.0,1.0,0.0,0.0,1.0,0.0,0.0,-1.0,-3.0,-1.0,-3.0,-1.2233273436410004,0.23139132330652257,490b3721-b193-4c3f-8b31-eed9148607dd
1.0,52.60152,96.0,10.100000000000001,0.0,3.0,1.0,0.0,0.0,0.0,0.0,0.0,0.0,0.0,0.0,1.0,-1.0,2.0,0.0,1.0,4.434137012511229,4.295508913690359,e430c036-d414-48fe-b4e7-84b99564835f
1.0,54.485317,111.0,12.799999999999997,0.0,2.0,1.0,0.0,0.0,0.0,0.0,0.0,0.0,0.0,0.0,-1.0,0.0,0.0,-1.0,0.0,-1.52321743826354,3.7660495216211136,8d28b2d8-4d04-44fc-923e-7fa91ec057d3
1.0,65.13716,106.7,13.100000000000001,0.0,4.0,1.0,0.0,0.0,0.0,0.0,0.0,0.0,0.0,0.0,0.0,-2.0,2.0,0.0,2.0,6.024057939750534,1.1396588760816109,54d985ce-9de0-489c-8def-1a0008d496be
1.0,32.675983,115.2,12.600000000000001,0.0,2.0,1.0,0.0,0.0,0.0,0.0,0.0,0.0,0.0,0.0,0.0,-3.0,-2.0,1.0,-3.0,5.487690195459903,0.3816773899968323,0c7040c8-4cef-40ce-b90f-59f08a664f3e
1.0,8.220098,96.2,5.399999999999999,1.0,2.0,1.0,0.0,0.0,0.0,0.0,0.0,0.0,0.0,0.0,-1.0,-1.0,-1.0,0.0,-1.0,-2.5322180881759198,0.6203929256685221,c4ac42be-eb1a-4342-af18-9650479b531f
1.0,10.155294,49.0,7.399999999999999,1.0,1.0,0.0,1.0,0.0,0.0,0.0,0.0,0.0,0.0,0.0,-3.0,2.0,-1.0,-2.0,2.0,-6.559069336917391,0.05495795662579343,25fe12e0-ee0b-4b8f-b73b-7fabd05a596f
0.0,,,,,,,,,,,,,,,,,,,,,,bd901b90-3186-4f2c-a003-c74155a4f9ec
1.0,50.350075,116.8,31.599999999999994,0.0,3.0,1.0,0.0,0.0,0.0,0.0,0.0,0.0,0.0,1.0,0.0,-1.0,1.0,2.0,-1.0,3.197996117470224,0.09458225599609045,1ed1a176-a72f-47dd-b035-849d2f1c8c7f
1.0,67.50008,113.0,4.100000000000001,0.0,4.0,1.0,0.0,0.0,0.0,0.0,1.0,0.0,0.0,0.0,1.0,0.0,0.0,2.0,0.0,6.901834671652464,0.17615622934287425,eeacafd4-8eeb-40c2-b197-d24cef8be669
1.0,21.289669,62.5,14.0,0.0,2.0,1.0,0.0,0.0,0.0,0.0,0.0,0.0,0.0,0.0,0.0,1.0,1.0,1.0,1.0,2.972539956847445,0.9101010383529227,0a02d9a7-85eb-4367-b65a-cba0adf9b2e4
1.0,16.896152,21.5,35.0,0.0,4.0,0.0,0.0,1.0,0.0,0.0,0.0,0.0,0.0,0.0,3.0,0.0,2.0,1.0,0.0,-1.0656305416228236,0.620009264698716,d18f65c2-b568-4240-93f9-bf8383f1ac04
1.0,33.991177,84.0,31.599999999999994,1.0,2.0,1.0,0.0,0.0,0.0,0.0,0.0,0.0,0.0,0.0,-2.0,-1.0,-2.0,-2.0,0.0,-2.9244805654682557,0.08869426134547591,74cd8a34-5614-454c-b6e0-6fd6fb998454
1.0,20.824024,82.6,29.799999999999997,0.0,3.0,1.0,0.0,0.0,0.0,0.0,0.0,0.0,0.0,0.0,1.0,-4.0,-1.0,2.0,-1.0,7.337796094612088,0.09411557253742106,1057ca8c-98c7-4df7-90a1-14a16fd7bbaf
1.0,22.880997,9.3,26.299999999999997,1.0,3.0,1.0,0.0,0.0,0.0,0.0,0.0,0.0,0.0,0.0,-1.0,2.0,1.0,0.0,1.0,-4.854359856616475,0.5851542252736512,11848712-1d08-451d-b173-f2629fffef08
1.0,26.328121,80.0,39.900000000000006,0.0,2.0,1.0,0.0,0.0,0.0,0.0,0.0,0.0,0.0,0.0,2.0,-2.0,-2.0,0.0,-2.0,9.141883263276707,0.18211054344593042,555f1cdb-f494-43f7-80ee-2945cce35479
0.0,,,,,,,,,,,,,,,,,,,,,,ca0866a9-6ab8-4bdf-840b-e2eedf782ec2
1.0,63.94576,105.9,3.3999999999999986,0.0,2.0,1.0,0.0,0.0,0.0,0.0,0.0,0.0,0.0,1.0,0.0,2.0,1.0,2.0,-1.0,-1.3652482512393416,0.18329482367164396,daa0030f-6bf0-44c3-b52f-7473f6633734
1.0,31.141611,74.9,16.200000000000003,0.0,3.0,1.0,0.0,0.0,0.0,0.0,0.0,0.0,0.0,1.0,2.0,-1.0,-1.0,0.0,-1.0,8.00786570599173,0.5185029471386569,4954ad1f-cdd4-44c4-b983-16d7cf441a29
1.0,73.76618,114.0,4.0,0.0,4.0,1.0,0.0,0.0,0.0,0.0,1.0,0.0,0.0,0.0,4.0,-3.0,0.0,2.0,-2.0,9.576243666521117,0.11355035690120373,11b9535e-ebd5-4983-98e2-fcc0912e70fc
1.0,49.460793,70.1,37.900000000000006,0.0,2.0,1.0,0.0,0.0,0.0,0.0,0.0,0.0,0.0,0.0,3.0,1.0,0.0,1.0,-1.0,10.550931281864008,1.227562422208923,b140527a-1fea-46d1-87fa-58cdc4f7f81f
1.0,71.61257,105.1,14.899999999999999,0.0,3.0,1.0,0.0,0.0,0.0,0.0,0.0,1.0,0.0,0.0,2.0,0.0,3.0,2.0,0.0,7.644507373631765,0.6446979702750714,cd9efe8a-d3cf-42cf-98ff-b5c94cd6f867
1.0,11.1830225,81.0,27.299999999999997,0.0,2.0,1.0,0.0,0.0,0.0,0.0,0.0,0.0,0.0,0.0,0.0,-3.0,0.0,1.0,-1.0,3.8179915424016357,0.45920044663229653,f33df20e-ef34-4a93-b65e-56a2e931864c
1.0,53.935608,101.6,30.5,0.0,4.0,1.0,0.0,0.0,0.0,0.0,0.0,0.0,0.0,0.0,2.0,-1.0,0.0,2.0,-2.0,9.003238254018822,0.0807060811565542,dddcb94c-6cc5-4346-a58c-ad9de7e717ed
1.0,39.91115,85.1,21.0,1.0,3.0,1.0,0.0,0.0,0.0,0.0,0.0,0.0,0.0,0.0,1.0,-2.0,-2.0,1.0,-3.0,1.4478400710086392,0.0429219246391997,3c6c4107-7bf3-4c37-9ec7-b60018e02745
1.0,7.218033,20.1,5.200000000000003,1.0,3.0,1.0,0.0,0.0,0.0,0.0,0.0,0.0,0.0,1.0,0.0,2.0,1.0,1.0,0.0,-1.0059127388569031,0.35378069119052036,7c35ffa8-da9b-4179-ac91-df5f64b6da73
1.0,46.649864,38.900000000000006,27.900000000000006,0.0,2.0,1.0,0.0,0.0,0.0,0.0,0.0,1.0,0.0,0.0,0.0,2.0,4.0,2.0,2.0,-1.6901921682545256,0.3856907181817002,80003820-e3c8-43a6-b8e0-d6f73a04dc32
1.0,32.095173,67.9,40.0,0.0,3.0,1.0,0.0,0.0,0.0,0.0,0.0,0.0,0.0,0.0,2.0,2.0,1.0,1.0,1.0,5.234679271603453,0.2926621939853214,11c2f882-c57a-4ed2-a671-772e8be2a2c7
1.0,14.940214,53.6,24.5,1.0,2.0,1.0,0.0,0.0,0.0,0.0,0.0,0.0,0.0,0.0,-1.0,1.0,1.0,0.0,0.0,-6.386196715806408,0.5802862102747701,20f6236c-1821-4f47-98f9-ce8b2a8e18c4
1.0,62.415783,6.0,4.0,1.0,4.0,1.0,0.0,0.0,0.0,0.0,1.0,0.0,0.0,0.0,-1.0,2.0,-1.0,0.0,0.0,-5.68650638572609,0.3138222754892474,61ede9df-1c3f-408b-b7e9-f6012e39a022
1.0,17.734148,61.1,3.8999999999999986,1.0,3.0,1.0,0.0,0.0,0.0,0.0,0.0,0.0,0.0,0.0,-1.0,1.0,0.0,-2.0,2.0,-4.028127913790934,0.03613235433950328,8aec8980-1f57-40ca-94d1-4f8eb919591e
0.0,,,,,,,,,,,,,,,,,,,,,,1f7fe99b-2c24-4258-aa90-240c992aecfb
1.0,39.194515,25.4,40.0,1.0,2.0,1.0,0.0,0.0,0.0,0.0,0.0,0.0,0.0,0.0,-1.0,0.0,-1.0,0.0,-1.0,-2.120112369063478,0.2334165058330364,a6920474-471a-4641-927e-8eb147e6a5b6
1.0,19.366207,47.900000000000006,27.5,0.0,2.0,1.0,0.0,0.0,0.0,0.0,0.0,0.0,0.0,0.0,2.0,-2.0,0.0,0.0,0.0,8.020123875272283,0.9043072464007934,ba9984e5-1b4c-48fb-9015-7e172370c559
1.0,72.892044,114.0,4.0,0.0,3.0,1.0,0.0,0.0,0.0,0.0,1.0,0.0,0.0,0.0,1.0,1.0,0.0,1.0,1.0,3.869649108746559,0.4642938091376643,5d400a7b-6d06-424c-b8af-0940428b0335
1.0,68.95252,108.0,2.8999999999999986,0.0,4.0,1.0,0.0,0.0,0.0,0.0,0.0,0.0,0.0,0.0,0.0,1.0,0.0,1.0,-1.0,8.530621467937879,2.6346985707595523,268a85c9-c084-466e-9a90-8a573b65232b
1.0,58.83961,24.0,10.200000000000003,1.0,3.0,1.0,0.0,0.0,0.0,0.0,0.0,0.0,0.0,0.0,-1.0,0.0,1.0,-1.0,1.0,-2.575897600990967,0.19511571342523668,98146b98-a998-49a9-ad86-c16cfef8f5bf
1.0,13.669309,81.5,12.299999999999997,0.0,2.0,1.0,0.0,0.0,0.0,0.0,0.0,0.0,0.0,0.0,0.0,-2.0,1.0,1.0,0.0,4.349675057979229,1.4862537413402215,86a9684b-59a0-4f1b-b7ea-afc14cfb6a5c
1.0,49.57822,0.0,40.0,0.0,3.0,1.0,0.0,0.0,0.0,1.0,0.0,0.0,1.0,0.0,0.0,4.0,2.0,1.0,3.0,1.9249303793243202,0.8904747612496831,5de220c8-60e5-464f-a92d-fafa793c85e6
1.0,63.8,67.3,33.0,0.0,3.0,1.0,0.0,0.0,0.0,1.0,0.0,1.0,0.0,0.0,1.0,1.0,3.0,0.0,2.0,-0.3754000325632063,0.773052045232676,b9b9e1ae-9bff-4204-a5ce-dabb36e56d99
1.0,64.67921,7.0,4.100000000000001,1.0,3.0,1.0,0.0,0.0,0.0,0.0,1.0,0.0,0.0,0.0,-4.0,0.0,-1.0,-1.0,0.0,-2.6306067248385014,1.0377910253961653,40637a26-1d70-4e97-b595-0bf046c85063
1.0,58.494614,104.3,4.799999999999997,0.0,3.0,1.0,0.0,0.0,0.0,0.0,0.0,0.0,0.0,0.0,1.0,0.0,-1.0,0.0,-1.0,5.524687917842973,1.5072934973026704,80e72cbc-949c-416d-a682-51f59ad0bb07
1.0,57.190907,38.4,11.200000000000003,1.0,3.0,1.0,0.0,0.0,0.0,0.0,0.0,0.0,0.0,0.0,0.0,0.0,-1.0,-1.0,0.0,1.8644643448224985,1.1991903263824317,42a6aef4-0eaf-4c3a-a21c-f862bb9ae8ff
1.0,32.116817,63.1,2.0,0.0,2.0,1.0,0.0,0.0,0.0,0.0,0.0,0.0,0.0,1.0,3.0,0.0,2.0,1.0,1.0,3.0974364629896516,0.6246537812968245,fd21baf6-8a13-4f7b-b8dc-7ec0b86a86a4
1.0,6.0827627,91.2,6.299999999999997,1.0,1.0,0.0,1.0,0.0,0.0,0.0,0.0,0.0,0.0,0.0,-4.0,1.0,-2.0,-1.0,-1.0,-6.330124459536681,0.026139097600584922,07bd7f3a-321e-4db2-9106-ab8b66cb2c59
1.0,57.08108,57.3,15.299999999999997,1.0,3.0,1.0,0.0,0.0,0.0,0.0,0.0,0.0,0.0,0.0,-1.0,-1.0,-1.0,0.0,0.0,-0.9034533133153353,0.2423518962664045,99ec546a-9322-44ba-92d9-aa6927b25f40
1.0,63.22444,89.1,1.6000000000000014,0.0,4.0,1.0,0.0,0.0,0.0,0.0,0.0,0.0,0.0,0.0,1.0,-2.0,-1.0,1.0,-2.0,4.105823567692745,1.550467995677798,bf00831f-79da-4277-8d1f-5e08b9d9e8a5
1.0,27.704151,86.6,10.899999999999999,0.0,2.0,1.0,0.0,0.0,0.0,0.0,0.0,0.0,0.0,1.0,0.0,0.0,0.0,1.0,-1.0,6.7539741885578914,1.542374667442077,05f3e514-9d5a-418b-9f2e-9e1403b3037a
0.0,,,,,,,,,,,,,,,,,,,,,,b0364a71-1679-41a6-9950-6afe949c96dc
1.0,19.504103,57.5,2.200000000000003,0.0,3.0,1.0,0.0,0.0,0.0,0.0,0.0,0.0,0.0,0.0,1.0,0.0,1.0,2.0,-1.0,4.197662457616343,0.4180833098284327,987b7187-e421-4663-94f1-78e4c23c8f35
1.0,78.80996,114.0,4.0,0.0,4.0,1.0,0.0,0.0,0.0,0.0,1.0,0.0,0.0,0.0,2.0,-3.0,1.0,2.0,-2.0,7.82251847034733,2.011649468348643,dfc4296f-1180-4228-b2c9-f7b7a1af516d
1.0,22.537525,38.6,18.700000000000003,1.0,6.0,1.0,0.0,0.0,0.0,0.0,0.0,0.0,0.0,1.0,-2.0,2.0,-1.0,-1.0,2.0,-5.150182880765272,0.5272263139650949,05bee11b-1091-4fdd-9554-396e34242d5a
1.0,82.64049,6.0,4.0,1.0,5.0,1.0,0.0,0.0,0.0,0.0,1.0,0.0,0.0,0.0,-4.0,3.0,0.0,-2.0,2.0,-7.6458992247479145,0.4844626211046702,bf591652-ff4f-4dca-9568-8fac4f69cf5a
1.0,34.61445,12.5,31.900000000000006,1.0,2.0,1.0,0.0,0.0,0.0,0.0,0.0,0.0,0.0,1.0,-2.0,1.0,-2.0,-1.0,-1.0,-6.780496924872646,0.07744317544601848,746c2379-ea78-42ba-a26f-abc039b84a97
1.0,16.313492,69.8,6.0,0.0,2.0,1.0,0.0,0.0,0.0,0.0,0.0,0.0,0.0,0.0,-1.0,2.0,-1.0,0.0,1.0,-0.8317117503131239,2.2805862345007326,2a10f435-b1a5-4117-bd2c-f02778881f7c
1.0,82.91514,6.0,4.0,1.0,3.0,1.0,0.0,0.0,0.0,0.0,1.0,0.0,0.0,0.0,-2.0,1.0,0.0,0.0,1.0,-6.628098418279593,1.4742219273977895,d9c76718-3a95-4957-a71b-8a12dddc7544
0.0,,,,,,,,,,,,,,,,,,,,,,82fec2e3-4601-40c6-89fc-ac824a3470b2
1.0,86.054924,6.0,4.0,1.0,4.0,1.0,0.0,0.0,0.0,0.0,1.0,0.0,0.0,0.0,-3.0,1.0,-2.0,0.0,0.0,-8.715208182045268,0.43364979808850784,a0ecc630-cb8e-4bc0-90c8-1ba185cacf50
1.0,70.459206,113.0,4.100000000000001,0.0,3.0,1.0,0.0,0.0,0.0,0.0,1.0,0.0,0.0,0.0,1.0,-2.0,0.0,-1.0,1.0,4.375827204277289,0.29436837794194665,d8fd79cc-5144-48f3-afb8-e8506f5dc477
1.0,6.905071,46.9,14.0,1.0,1.0,0.0,1.0,0.0,0.0,0.0,0.0,0.0,0.0,0.0,-2.0,2.0,0.0,-1.0,-1.0,-4.121015694029486,0.24891331808362924,1ab5b23e-445c-4e68-be03-efdcbfe11332
1.0,37.029987,69.5,36.599999999999994,0.0,3.0,1.0,0.0,0.0,0.0,0.0,0.0,0.0,0.0,0.0,1.0,0.0,-1.0,1.0,-2.0,6.289407985208492,0.5299814422388383,9b2e4c4c-96f7-4e52-8794-8299a659a66c
1.0,31.066381,5.5,35.7,0.0,2.0,1.0,0.0,0.0,1.0,0.0,0.0,0.0,0.0,0.0,1.0,1.0,4.0,1.0,3.0,4.91214175949616,0.5699673415653077,b1c964b1-d8d3-461f-822b-8c4fd88b2d51
1.0,49.341362,106.0,18.5,0.0,2.0,1.0,0.0,0.0,0.0,0.0,0.0,0.0,0.0,0.0,1.0,2.0,0.0,1.0,0.0,4.625426936007543,0.23017788983231563,34aefa79-703b-484d-a584-67f255ee85db
0.0,,,,,,,,,,,,,,,,,,,,,,5eb7c72f-d404-4ce2-8502-cc0b50f1be75
1.0,64.90747,7.0,4.100000000000001,1.0,4.0,1.0,0.0,0.0,0.0,0.0,1.0,0.0,0.0,0.0,-1.0,2.0,1.0,-1.0,2.0,-5.874117024150369,0.30499134653771426,3b5ce950-46b5-4f45-8497-aa373ab2b2b9
1.0,62.743446,108.0,5.100000000000001,0.0,3.0,1.0,0.0,0.0,0.0,0.0,0.0,1.0,0.0,0.0,1.0,-1.0,0.0,1.0,-3.0,7.7512600540596654,0.7382746407818017,90cbbc77-3c7c-4214-aaa6-921fda44fd2c
0.0,,,,,,,,,,,,,,,,,,,,,,4b92ac50-0218-4169-8f6e-bb3558be3ae6
1.0,52.964893,112.9,5.299999999999997,0.0,3.0,1.0,0.0,0.0,0.0,0.0,0.0,0.0,0.0,1.0,1.0,-2.0,-1.0,0.0,-1.0,5.174030700523554,1.4423753049396582,bd452d0f-faec-4099-b231-507b979db552
1.0,54.013515,112.9,18.1,0.0,3.0,1.0,0.0,0.0,0.0,0.0,0.0,0.0,0.0,0.0,1.0,1.0,0.0,1.0,0.0,2.139836198451759,0.00681405863126193,985e6193-49d5-4135-a8ec-f3b97ebe8558
0.0,,,,,,,,,,,,,,,,,,,,,,abd809b8-63af-405d-9638-2cad2f0554d0
1.0,33.154488,15.299999999999997,36.599999999999994,0.0,1.0,1.0,0.0,0.0,1.0,0.0,0.0,0.0,0.0,0.0,2.0,1.0,2.0,2.0,-1.0,-5.306996412216113,0.4231245066463862,02284c4f-5e28-4417-a790-34cc85acb4be
1.0,61.416367,88.1,30.599999999999994,0.0,3.0,1.0,0.0,0.0,0.0,0.0,0.0,1.0,0.0,0.0,3.0,1.0,3.0,3.0,-1.0,3.3252264640631624,0.23585184565315087,0d1c463e-5902-4abe-9aef-3ee1dfcc73ad
1.0,38.118893,110.0,6.899999999999999,0.0,5.0,1.0,0.0,0.0,0.0,0.0,0.0,0.0,0.0,0.0,0.0,-2.0,-1.0,0.0,0.0,3.4025155539525613,1.0551792354638665,942f47a2-2db7-4336-9d99-8830e1765179
1.0,49.337715,25.3,8.399999999999999,1.0,3.0,1.0,0.0,0.0,0.0,0.0,0.0,0.0,0.0,0.0,-1.0,2.0,-2.0,-2.0,0.0,-5.331961744113611,0.14194394654596734,10d43275-9204-4b99-b4d3-f5d088f75cf0
1.0,48.836975,97.8,15.799999999999997,0.0,3.0,1.0,0.0,0.0,0.0,0.0,0.0,0.0,0.0,0.0,-1.0,0.0,2.0,1.0,1.0,2.9870809453101557,1.3216947840978366,acb11895-5901-4dae-bad4-b610d3caf425
1.0,48.836975,22.2,15.799999999999997,1.0,4.0,1.0,0.0,0.0,0.0,0.0,0.0,0.0,0.0,0.0,1.0,-1.0,2.0,-1.0,3.0,-2.2983654204862853,1.1689761839315118,36243532-f669-4392-a31e-2809afad68bd
1.0,20.9423,36.7,24.8,1.0,3.0,1.0,0.0,0.0,0.0,0.0,0.0,0.0,0.0,0.0,0.0,1.0,1.0,1.0,-1.0,0.48968898413369466,1.536985579155551,99b4b250-5d03-4ed4-b212-6f919dee5b93
1.0,43.939617,48.900000000000006,30.700000000000003,0.0,2.0,1.0,0.0,0.0,0.0,0.0,0.0,0.0,0.0,0.0,1.0,0.0,2.0,2.0,0.0,-1.3621284888360616,0.3234951407072333,92f0685a-8b48-4695-9743-96b026f07b85
1.0,13.623509,55.3,31.799999999999997,0.0,1.0,1.0,0.0,0.0,0.0,0.0,0.0,0.0,0.0,1.0,2.0,-3.0,2.0,1.0,1.0,4.041832801874493,0.34904400619077625,1445928e-72a2-42c8-902a-63f847af0b25
1.0,14.961617,63.4,17.4,1.0,1.0,1.0,0.0,0.0,0.0,0.0,0.0,0.0,0.0,1.0,-2.0,2.0,0.0,0.0,0.0,-3.5749016878072624,0.1682815882957269,3e4c0f5a-c752-44b0-bfeb-dc4e5da86779
1.0,33.991177,38.7,9.0,0.0,2.0,1.0,0.0,0.0,0.0,0.0,0.0,1.0,0.0,0.0,1.0,0.0,2.0,2.0,2.0,6.301817853407332,0.4464912287965927,6d6069d7-a43e-4f3b-8342-886705b0937f
1.0,19.706345,109.1,39.9,1.0,2.0,1.0,0.0,0.0,0.0,0.0,0.0,0.0,0.0,0.0,-2.0,0.0,-2.0,-1.0,-1.0,-2.895791218598003,0.26818557526561515,d30815e8-488c-4b24-ae01-49961537c002
1.0,26.624237,97.8,39.9,1.0,1.0,1.0,0.0,0.0,0.0,0.0,0.0,0.0,0.0,0.0,-2.0,0.0,-1.0,-3.0,2.0,-4.356356440517903,0.4816582769670068,8d81f74f-eadb-4afd-bd0a-fff100fee312
1.0,50.982548,46.5,36.6,1.0,2.0,1.0,0.0,0.0,0.0,0.0,0.0,1.0,0.0,0.0,0.0,-1.0,-1.0,-1.0,0.0,-2.3178250798003877,0.6848629050157821,6e3cbc7e-b94f-4c77-834b-d1398be7caf6
1.0,66.118835,7.0,4.100000000000001,1.0,4.0,1.0,0.0,0.0,0.0,0.0,1.0,0.0,0.0,0.0,-1.0,0.0,0.0,0.0,0.0,-3.3486056087125196,1.0260474462976397,af76a08d-a6ea-45fe-8048-f43fe691c4b5
1.0,66.118835,7.0,4.100000000000001,1.0,6.0,1.0,0.0,0.0,0.0,0.0,1.0,0.0,0.0,0.0,0.0,1.0,1.0,0.0,0.0,-3.302950310041082,0.5000347820680139,a13989ab-9fcb-4661-bca2-023d70da9672
1.0,14.862705,45.2,5.200000000000003,0.0,2.0,1.0,0.0,0.0,0.0,0.0,0.0,0.0,0.0,0.0,0.0,1.0,-1.0,2.0,-3.0,-1.3778689236742299,0.2738279528649896,a0331406-1326-4345-bc2e-fd8c899a467d
1.0,32.59954,85.5,16.1,1.0,1.0,1.0,0.0,0.0,0.0,0.0,0.0,1.0,0.0,0.0,0.0,-6.0,-3.0,0.0,-4.0,4.848040253273085,0.26095200590231177,2c691ed3-feb2-4e83-817f-b20a18d2c134
1.0,75.662735,106.2,29.400000000000006,0.0,4.0,1.0,0.0,0.0,0.0,0.0,0.0,1.0,0.0,0.0,0.0,0.0,0.0,1.0,-1.0,2.3100993776969547,1.6563474536436038,1fafd2e8-a540-463b-9eef-d2151bcdaeaa
1.0,75.61283,7.0,4.100000000000001,1.0,3.0,1.0,0.0,0.0,0.0,0.0,1.0,0.0,0.0,0.0,-1.0,2.0,-1.0,0.0,-1.0,-4.586125897067683,0.2773004071795987,814b6ada-703c-4b27-b11a-c5257da94b02
1.0,22.601992,45.1,14.700000000000003,1.0,7.0,1.0,0.0,0.0,0.0,0.0,0.0,0.0,0.0,0.0,-1.0,1.0,0.0,-1.0,0.0,0.46190796156538383,1.2882932331760832,43049323-22e3-44d5-af5f-3885a5627a46
1.0,6.9856997,38.5,16.9,0.0,12.0,0.0,0.0,1.0,0.0,0.0,0.0,0.0,0.0,0.0,0.0,3.0,1.0,0.0,-1.0,2.2622300220543448,1.7982529712522426,eb811e0f-2b2c-4cef-b385-a5d69384f27b
1.0,28.079351,73.6,32.6,1.0,2.0,1.0,0.0,0.0,0.0,0.0,0.0,0.0,0.0,0.0,-2.0,-1.0,-1.0,-1.0,0.0,-2.832748874793065,0.10434478698088975,ee69514f-2c65-4fd7-96f9-c5f522138319
1.0,7.570997,42.4,31.7,1.0,2.0,1.0,0.0,0.0,0.0,0.0,0.0,0.0,0.0,1.0,2.0,2.0,1.0,-1.0,1.0,0.46035053450722363,0.10548599344529644,8c6cf9b6-4e78-41c7-af81-b1bcad3198f4
1.0,63.45589,75.8,18.200000000000003,0.0,3.0,1.0,0.0,0.0,0.0,0.0,0.0,0.0,0.0,0.0,0.0,1.0,0.0,-1.0,2.0,4.144229684917999,0.31631398537924094,4fea76a9-236a-4e7a-961e-5c3c821ad875
1.0,58.228943,12.1,0.20000000000000284,1.0,4.0,1.0,0.0,0.0,0.0,0.0,0.0,0.0,0.0,0.0,0.0,0.0,0.0,-2.0,1.0,0.7160932022491959,0.34840146108710857,dfbdfd42-eddc-41fe-8da1-da08c6cca1dd
1.0,25.41889,39.7,17.4,1.0,3.0,1.0,0.0,0.0,0.0,0.0,0.0,0.0,0.0,1.0,-1.0,2.0,0.0,1.0,2.0,-3.713102286000118,0.8434680055555445,5244dc36-2c11-4541-a816-f3bd0037d8c4
1.0,72.37306,7.0,4.100000000000001,1.0,4.0,1.0,0.0,0.0,0.0,0.0,1.0,0.0,0.0,0.0,-2.0,3.0,-1.0,-2.0,0.0,-5.693752135308071,0.12630812277980724,136fe2e5-567b-46d8-ac96-3691b83ad055
1.0,63.900703,93.6,23.9,0.0,4.0,1.0,0.0,0.0,0.0,0.0,0.0,1.0,0.0,0.0,3.0,-1.0,-1.0,1.0,-1.0,6.4703325748134946,1.1814919087032487,2a96478b-814b-44e4-be58-a0336e41c10c
1.0,55.887207,106.7,25.599999999999994,0.0,4.0,1.0,0.0,0.0,0.0,0.0,0.0,0.0,0.0,0.0,1.0,2.0,2.0,1.0,1.0,5.872756962948268,1.5382866973344607,9425aeac-bbcd-4119-af45-862d6928452a
1.0,24.288681,62.3,40.0,1.0,2.0,1.0,0.0,0.0,0.0,0.0,0.0,0.0,0.0,0.0,-2.0,-1.0,-1.0,-1.0,0.0,-4.70464090408405,0.5108238176680627,ce7b4a99-13e4-4d9e-b5f4-9fa4029e1e95
1.0,67.4307,21.1,12.700000000000003,1.0,4.0,1.0,0.0,0.0,0.0,0.0,0.0,0.0,0.0,0.0,-1.0,-1.0,0.0,-1.0,1.0,-4.360954539284813,0.16038792025864534,0066b904-c8d5-479e-9ae4-e93eef012023
1.0,12.491998,32.099999999999994,23.200000000000003,0.0,1.0,0.0,1.0,0.0,0.0,0.0,0.0,0.0,0.0,1.0,2.0,0.0,0.0,0.0,-1.0,7.295401972428888,0.5228151188495749,9b68ca25-e097-44b9-926f-0dc4ee91cc68
1.0,71.86724,7.0,4.100000000000001,1.0,3.0,1.0,0.0,0.0,0.0,0.0,1.0,0.0,0.0,0.0,-2.0,1.0,1.0,0.0,1.0,-5.376854766998547,0.7035412679877141,6f4ebea5-09ea-4fde-a585-f6c8e6767b05
1.0,52.47523,82.8,36.7,0.0,5.0,1.0,0.0,0.0,0.0,0.0,0.0,0.0,0.0,0.0,2.0,0.0,1.0,2.0,-1.0,5.757558604988805,0.02440381232518046,a149214b-882b-4c48-97ca-7fae7fbe0e8d
1.0,35.481968,0.0,39.900000000000006,0.0,1.0,1.0,0.0,0.0,0.0,0.0,0.0,0.0,1.0,0.0,4.0,0.0,2.0,6.0,-2.0,1.7564543883070307,0.06299667528739356,0a51390a-4d4c-46ba-aa42-de8817026451
1.0,51.59467,110.0,5.5,0.0,3.0,1.0,0.0,0.0,0.0,0.0,0.0,0.0,0.0,0.0,2.0,-1.0,-1.0,1.0,-2.0,3.5986976277777174,0.07436613612019949,4e59408d-c22a-40bb-b942-4d464eed347f
1.0,47.3942,117.2,27.0,0.0,2.0,1.0,0.0,0.0,0.0,0.0,0.0,0.0,0.0,0.0,2.0,-1.0,0.0,0.0,0.0,6.130513452958843,0.7844832824625245,ee9feaa3-5da3-474e-bf92-fe432f78426b
1.0,35.062943,52.599999999999994,22.299999999999997,0.0,3.0,1.0,0.0,0.0,0.0,0.0,0.0,0.0,0.0,0.0,2.0,-1.0,1.0,1.0,0.0,8.160166831821927,0.5482645443004228,2a734dfa-98b7-4d3f-96a9-3f204c97341b
0.0,,,,,,,,,,,,,,,,,,,,,,34aad350-522e-4d5f-9c51-23157c1454f7
1.0,7.805767,13.900000000000006,12.700000000000003,0.0,1.0,1.0,0.0,0.0,0.0,0.0,0.0,0.0,0.0,1.0,2.0,-1.0,1.0,1.0,1.0,-0.025834434566015307,1.0376236522220894,088e08b9-07e2-4fda-98ee-4a97b27a4d41
1.0,52.54874,40.5,34.6,1.0,3.0,1.0,0.0,0.0,0.0,0.0,0.0,0.0,0.0,0.0,-1.0,-3.0,0.0,0.0,-1.0,-2.0010546277108876,0.037230200977829676,051a7d89-5036-4318-80f9-e6a6e51684cd
1.0,35.02285,45.900000000000006,39.900000000000006,0.0,2.0,1.0,0.0,0.0,0.0,0.0,0.0,0.0,0.0,0.0,1.0,3.0,1.0,0.0,1.0,-5.434379480725861,2.264148844286216,a82bbe91-b382-4bea-bbe4-0b73ad001af8
1.0,37.529324,20.1,8.5,1.0,3.0,1.0,0.0,0.0,0.0,0.0,0.0,0.0,0.0,1.0,-2.0,5.0,1.0,-2.0,2.0,-13.261953316001836,0.4048350594904471,d7e61230-f7a7-4e87-96d9-210263b896be
1.0,68.017715,105.3,2.8999999999999986,0.0,4.0,1.0,0.0,0.0,0.0,0.0,0.0,0.0,0.0,0.0,1.0,-1.0,0.0,0.0,0.0,10.066662438372644,0.7876638915428682,e0d88187-7c0e-4a4d-b7da-e11228e4c5ea
1.0,58.15574,11.0,7.100000000000001,1.0,3.0,1.0,0.0,0.0,0.0,0.0,0.0,0.0,0.0,0.0,-1.0,1.0,-2.0,-1.0,-1.0,-9.540024759589151,0.0938698883807076,f8e7b4eb-4a66-403a-a7df-6003adca05a5
1.0,62.4892,106.6,3.8999999999999986,0.0,3.0,1.0,0.0,0.0,0.0,0.0,0.0,0.0,0.0,0.0,3.0,-3.0,-1.0,1.0,-3.0,6.350319543079937,0.30486731300425485,87209fe4-9459-44f1-80ad-5c5d09fb8c70
1.0,29.008448,45.3,32.7,0.0,2.0,1.0,0.0,0.0,0.0,0.0,0.0,0.0,0.0,0.0,2.0,1.0,0.0,0.0,0.0,0.49523689356659517,1.1517505391172953,4aeada3f-bbe5-427c-b004-efb39d217196
1.0,70.65762,7.0,4.100000000000001,1.0,6.0,1.0,0.0,0.0,0.0,0.0,1.0,0.0,0.0,0.0,-1.0,3.0,-2.0,-2.0,1.0,-7.1265179968999295,1.0133748903216901,093fcbdc-8528-498d-a97f-8356353b8a82
1.0,13.411189,34.0,21.5,0.0,9.0,0.0,0.0,1.0,0.0,0.0,0.0,0.0,0.0,0.0,5.0,-2.0,0.0,1.0,0.0,7.310100063332198,0.0647174046487536,fef300d1-45f6-4128-ac07-bc688e3a101f
1.0,50.235943,94.9,24.599999999999994,0.0,3.0,1.0,0.0,0.0,0.0,0.0,0.0,0.0,0.0,0.0,2.0,-1.0,1.0,1.0,0.0,5.9260040526701925,1.0923496290581882,2b551822-5e94-496e-8162-c076563ec461
1.0,48.574066,28.9,34.7,1.0,2.0,1.0,0.0,0.0,0.0,0.0,0.0,0.0,0.0,0.0,-2.0,0.0,-1.0,-1.0,0.0,-0.9416464732172463,0.7301849057118663,ef57fa17-de7a-4e17-a0da-893a37c5460e
1.0,9.867117,44.900000000000006,19.700000000000003,0.0,2.0,1.0,0.0,0.0,0.0,0.0,0.0,0.0,0.0,1.0,-1.0,1.0,-1.0,-1.0,0.0,-7.281263711902015,0.1466248918118868,1a76ccb7-b146-47cb-8ee1-ee6897de2b79
1.0,47.61271,50.0,16.6,1.0,3.0,1.0,0.0,0.0,0.0,0.0,0.0,0.0,0.0,0.0,-1.0,-2.0,1.0,-1.0,1.0,-3.4635572799999714,0.02697809640971531,a588fb81-0e2a-4444-8bed-d5f1247c8003
0.0,,,,,,,,,,,,,,,,,,,,,,1197188f-5f71-43c2-9f57-400bc54f188c
1.0,64.07847,13.8,10.100000000000001,1.0,3.0,1.0,0.0,0.0,0.0,0.0,0.0,0.0,0.0,0.0,-2.0,-1.0,1.0,0.0,1.0,-0.8960732705088486,0.8003997028829952,855b0194-5f10-4405-a9fc-d9ec3e7c83bb
1.0,5.9808025,27.8,22.1,1.0,1.0,1.0,0.0,0.0,0.0,0.0,0.0,0.0,0.0,0.0,2.0,0.0,-1.0,-1.0,0.0,-0.09852267903472903,0.8541130496358728,3e3c7715-1563-4b74-9a2a-1952bdf27387
1.0,65.92147,98.5,13.700000000000003,0.0,3.0,1.0,0.0,0.0,0.0,0.0,0.0,1.0,0.0,0.0,2.0,-2.0,0.0,1.0,0.0,9.22263503631235,1.0655065837605366,54541e9d-0c7c-44df-bcbf-2989d14c7abd
0.0,,,,,,,,,,,,,,,,,,,,,,4437a5e6-5eaa-49da-87ac-8c4132f9fe04
1.0,65.50275,15.5,0.7999999999999972,1.0,3.0,1.0,0.0,0.0,0.0,0.0,0.0,0.0,0.0,0.0,-1.0,0.0,0.0,0.0,0.0,-7.602800333036893,0.7162590126729507,f52fff32-37f4-4706-bd1e-9d385a5397b8
1.0,31.484123,28.599999999999994,22.4,0.0,2.0,1.0,0.0,0.0,1.0,0.0,0.0,0.0,0.0,0.0,0.0,2.0,4.0,0.0,2.0,0.1877815306907511,0.818577759374723,a3d6f205-16a4-430f-b360-623b0b15b650
1.0,62.23472,104.9,5.299999999999997,0.0,3.0,1.0,0.0,0.0,0.0,0.0,0.0,0.0,0.0,0.0,1.0,-1.0,0.0,2.0,-3.0,7.289443940640222,0.1861692839829769,fd514d8a-9026-4176-b68b-eb77e6c283ec
0.0,,,,,,,,,,,,,,,,,,,,,,bcc2ac42-cd8b-47d0-828d-c9e624128922
1.0,54.238457,77.8,6.700000000000003,0.0,3.0,1.0,0.0,0.0,0.0,0.0,0.0,0.0,0.0,0.0,1.0,3.0,0.0,0.0,0.0,5.815224404070968,0.8183226087160016,20a2d27b-0f8b-49cc-b412-08313127c159
1.0,62.2213,114.0,4.0,0.0,2.0,1.0,0.0,0.0,0.0,0.0,1.0,0.0,0.0,0.0,3.0,-4.0,0.0,1.0,-2.0,7.996577024297443,0.5328772469515324,666ab184-a16b-4c70-90c8-1f482fb78a66
1.0,22.085743,69.8,29.8,1.0,2.0,1.0,0.0,0.0,0.0,0.0,0.0,0.0,0.0,1.0,-2.0,-1.0,-1.0,-2.0,0.0,-4.035175408575936,0.49490269906921186,ba926c80-ffcc-4b84-a2a0-dbe363f7e1f5
1.0,59.033295,11.6,14.7,1.0,4.0,1.0,0.0,0.0,0.0,0.0,0.0,1.0,0.0,0.0,-3.0,3.0,-1.0,-1.0,0.0,-7.759134812839162,0.10452014092232419,69f2c199-16bc-4544-811b-ff792501f428
1.0,22.337637,47.7,19.9,1.0,4.0,0.0,1.0,0.0,0.0,0.0,0.0,0.0,0.0,0.0,-4.0,4.0,-1.0,-2.0,1.0,-10.229461488096206,0.49458888162788983,0398e2f7-519d-4be7-9ae0-0487b48d192f
1.0,73.1134,113.0,3.8999999999999986,0.0,6.0,1.0,0.0,0.0,0.0,0.0,1.0,0.0,0.0,0.0,2.0,-2.0,1.0,2.0,0.0,8.022221393322521,0.5440305836687452,b2b0f403-72ee-4463-92d0-e73ec879a07c
1.0,54.840862,120.0,40.0,1.0,2.0,1.0,0.0,0.0,0.0,1.0,0.0,0.0,1.0,0.0,0.0,-4.0,-3.0,1.0,-5.0,0.5724642341052864,0.06046678658403754,d97ba003-33b2-40c8-aa75-d6d69182a96a
1.0,43.90763,0.0,40.0,0.0,2.0,1.0,0.0,0.0,0.0,1.0,0.0,0.0,1.0,0.0,0.0,2.0,2.0,0.0,2.0,0.7733593514925685,0.238465710221595,6a2c9811-d359-411a-8dff-6d076ed40d18
1.0,38.67919,0.0,39.900000000000006,0.0,1.0,1.0,0.0,0.0,0.0,0.0,0.0,0.0,1.0,0.0,-3.0,4.0,3.0,-2.0,6.0,-3.7084063173234902,0.1229746269897966,7709d512-9b26-46cd-96f4-e6b8ce486cb2
1.0,45.425983,0.0,39.900000000000006,0.0,2.0,1.0,0.0,0.0,0.0,1.0,0.0,0.0,1.0,0.0,-2.0,5.0,5.0,0.0,4.0,-3.2707528417327656,0.6586388515839771,a665f406-c436-4f64-96e5-a02c950a3559
1.0,66.05044,113.0,3.8999999999999986,0.0,4.0,1.0,0.0,0.0,0.0,0.0,1.0,0.0,0.0,0.0,2.0,-5.0,1.0,0.0,-1.0,8.328018856459863,0.5870898817322665,744dfd75-a154-49a1-812d-4a997c7475ae
1.0,10.770329,12.900000000000006,22.700000000000003,0.0,4.0,1.0,0.0,0.0,0.0,0.0,0.0,0.0,0.0,0.0,2.0,-1.0,3.0,4.0,-1.0,3.1342594046100327,0.2006576556785576,75efa691-3d76-4b13-bd6a-53c08a039e1f
1.0,33.460724,3.5,40.0,0.0,2.0,1.0,0.0,0.0,0.0,0.0,0.0,0.0,0.0,0.0,0.0,0.0,2.0,-3.0,6.0,-0.8563527027046509,0.6598486839192124,95965eb0-8a6f-444b-bd31-774f3aeb2d09
1.0,41.055695,63.6,31.200000000000003,0.0,2.0,1.0,0.0,0.0,0.0,0.0,0.0,0.0,0.0,1.0,2.0,1.0,1.0,0.0,1.0,0.007821499897794126,2.3370800275363863,bfa24e12-c3a7-43ca-8cac-395f1328aa49
1.0,61.71029,108.5,9.299999999999997,0.0,4.0,1.0,0.0,0.0,0.0,0.0,0.0,0.0,0.0,0.0,1.0,-1.0,-1.0,-1.0,1.0,3.586191294734384,1.4634275418761915,34a83c3e-f3fb-4ad5-8745-6a7dd9584056
1.0,29.143095,72.8,25.400000000000006,0.0,2.0,1.0,0.0,0.0,0.0,0.0,0.0,0.0,0.0,0.0,1.0,0.0,-3.0,-2.0,0.0,4.8887799624135315,0.012372993992302992,23793788-b14a-43bf-9e4b-762d8aaa2603
1.0,68.26163,100.1,12.700000000000003,0.0,3.0,1.0,0.0,0.0,0.0,0.0,0.0,0.0,0.0,0.0,1.0,-2.0,0.0,0.0,0.0,8.005702111155548,0.4010648164067402,12cbb176-bfd1-4424-9f5e-5367571f35b6
1.0,36.585518,108.5,16.1,0.0,2.0,1.0,0.0,0.0,0.0,0.0,0.0,0.0,0.0,0.0,0.0,-2.0,0.0,0.0,0.0,2.118896765545922,2.4106640081998165,65334da2-e3e1-4e8f-baa4-3878a26f8d0d
1.0,33.386375,11.400000000000006,40.0,0.0,2.0,1.0,0.0,0.0,0.0,0.0,0.0,0.0,0.0,0.0,3.0,0.0,2.0,4.0,0.0,5.8703533450157135,0.8761964111010956,556915af-0ca2-4163-a7af-c23756c5277e
1.0,37.86357,24.299999999999997,36.400000000000006,0.0,2.0,1.0,0.0,0.0,1.0,0.0,0.0,1.0,0.0,0.0,-1.0,1.0,3.0,1.0,2.0,4.57740235583469,0.14006085098885945,825be041-0ad6-4582-97be-c0cc78c9b946
1.0,37.58324,91.0,18.1,0.0,2.0,1.0,0.0,0.0,0.0,0.0,0.0,0.0,0.0,0.0,1.0,-2.0,0.0,1.0,-2.0,10.385571972740111,1.7427420775126736,d89fa2d3-66a6-45fb-b003-186754a066e7
1.0,33.94849,71.2,33.900000000000006,0.0,2.0,1.0,0.0,0.0,0.0,0.0,0.0,0.0,0.0,0.0,1.0,2.0,0.0,1.0,-1.0,1.8390286649196064,1.2617397105302415,4bff9161-4ff3-414a-9dc4-a2eb11d2440b
1.0,27.204596,18.5,23.6,0.0,1.0,1.0,0.0,0.0,1.0,0.0,0.0,0.0,0.0,0.0,-1.0,2.0,3.0,-1.0,4.0,-3.2728898796498234,1.3866965086110685,63c21313-987d-45f0-a4df-1e2f945dbcc6
1.0,27.201654,37.6,7.0,1.0,3.0,1.0,0.0,0.0,0.0,0.0,0.0,0.0,0.0,0.0,-2.0,0.0,-1.0,0.0,0.0,-5.247391323918778,0.8071776760178236,4a048e09-2c98-4c16-99de-d720e87340f8
1.0,74.70716,113.0,3.8999999999999986,0.0,3.0,1.0,0.0,0.0,0.0,0.0,1.0,0.0,0.0,0.0,1.0,0.0,1.0,1.0,-2.0,3.383932008178114,0.7918858563989977,1b963ae9-f02e-46c6-9a6a-e091bfdadfc1
1.0,12.336936,33.9,32.599999999999994,1.0,2.0,1.0,0.0,0.0,0.0,0.0,0.0,0.0,0.0,0.0,-1.0,1.0,0.0,0.0,-1.0,-3.7680019219763055,0.058153463057472266,38e835b9-1bbd-4d40-a18f-1dad5cf4e5f2
1.0,71.428986,113.0,4.100000000000001,0.0,4.0,1.0,0.0,0.0,0.0,0.0,1.0,0.0,0.0,0.0,2.0,2.0,3.0,1.0,1.0,2.8985611687524777,0.3279019251269375,322e635f-9c3e-4cb9-a229-72f632a04083
1.0,51.747948,46.7,33.400000000000006,0.0,2.0,1.0,0.0,0.0,0.0,1.0,0.0,0.0,0.0,0.0,1.0,2.0,1.0,1.0,-1.0,-0.38793632837307435,0.174931657563794,1b2f84e3-e385-42b7-a69d-d8a17ee4af66
1.0,64.44851,113.0,7.600000000000001,0.0,4.0,1.0,0.0,0.0,0.0,0.0,0.0,0.0,0.0,1.0,1.0,-2.0,1.0,1.0,0.0,7.726980682300802,0.07170067030116205,b3b4b658-0729-426b-8931-8b6c53fa0fd0
0.0,,,,,,,,,,,,,,,,,,,,,,0ed4f60f-aee9-49e0-a54c-dfe7168efb74
1.0,32.715897,20.0,27.0,1.0,1.0,1.0,0.0,0.0,0.0,0.0,0.0,0.0,0.0,0.0,-2.0,-1.0,0.0,0.0,0.0,-2.629299806992022,0.05630686195678198,bf6569cc-0148-4a5e-be7c-d500bc8127a1
1.0,13.471823,44.2,19.7,1.0,9.0,0.0,0.0,1.0,0.0,0.0,0.0,0.0,0.0,0.0,0.0,0.0,0.0,-1.0,2.0,-5.744072170319491,0.11440477609756868,6ffa0fef-4e72-40bb-937d-541e177df565
1.0,11.016806,83.2,12.899999999999999,0.0,3.0,1.0,0.0,0.0,0.0,0.0,0.0,0.0,0.0,0.0,-1.0,-2.0,1.0,1.0,0.0,-0.1722414506916831,0.2489937285465368,3ddf9958-9b6e-4b1e-ba2d-71c8059231ca
1.0,40.010624,4.799999999999997,34.5,0.0,2.0,1.0,0.0,0.0,1.0,0.0,0.0,0.0,0.0,0.0,-1.0,2.0,3.0,0.0,3.0,-1.2699321768984504,0.10066513647641051,62583b56-6320-443b-abaf-17c6ec7f02af
1.0,10.623088,26.0,9.600000000000001,1.0,2.0,1.0,0.0,0.0,0.0,0.0,0.0,0.0,0.0,0.0,-2.0,1.0,1.0,0.0,1.0,-2.954684309213072,0.6421842998965132,4e88ed89-12e5-403a-bee8-e854764ac6f7
1.0,29.821133,99.8,40.0,0.0,3.0,1.0,0.0,0.0,0.0,0.0,0.0,0.0,0.0,0.0,1.0,0.0,1.0,1.0,0.0,4.342897324708961,0.31997972840706507,b3e296c9-1d5f-40c5-bf5c-2e9521544cd3
1.0,22.938614,9.400000000000006,25.299999999999997,0.0,1.0,1.0,0.0,0.0,1.0,0.0,0.0,1.0,0.0,0.0,-1.0,0.0,4.0,2.0,3.0,2.726720881761173,0.2617278786605576,d044fcd7-89e5-4314-a7fe-9ab18b048446
1.0,10.826818,75.7,20.4,1.0,9.0,0.0,0.0,1.0,0.0,0.0,0.0,0.0,0.0,0.0,-1.0,2.0,0.0,0.0,0.0,-6.587571171424515,1.2359665596241305,f4b4d8cf-a20c-43fc-b5aa-ac82ffcb9867
1.0,14.220057,79.1,31.4,1.0,2.0,1.0,0.0,0.0,0.0,0.0,0.0,0.0,0.0,0.0,-1.0,0.0,0.0,0.0,1.0,-2.1129136484931363,0.28359238203752557,aae7be9d-62b1-4efd-bc31-2da40afd4137
1.0,63.10911,82.6,29.599999999999994,0.0,2.0,1.0,0.0,0.0,0.0,0.0,0.0,0.0,0.0,0.0,1.0,1.0,1.0,0.0,1.0,4.545006390697644,0.08607436624396914,0c0ab8d4-50f2-458e-b239-cfee9a5cfc31
1.0,17.030855,41.5,26.599999999999994,1.0,3.0,1.0,0.0,0.0,0.0,0.0,0.0,0.0,0.0,0.0,-1.0,2.0,-1.0,0.0,-1.0,-6.888961294041394,0.3087659995273564,9d13d01e-a320-4f4f-985e-2d393a42a647
1.0,20.758854,49.900000000000006,27.900000000000006,0.0,2.0,1.0,0.0,0.0,0.0,0.0,0.0,0.0,0.0,0.0,1.0,0.0,2.0,-1.0,3.0,6.26957401473071,0.15996630780135618,65960597-28aa-4279-ad8f-a24e2d17dd72
1.0,67.34998,12.6,8.0,1.0,6.0,1.0,0.0,0.0,0.0,0.0,0.0,0.0,0.0,0.0,-1.0,2.0,1.0,0.0,1.0,-6.730531856141393,0.31053494983835334,15f9264f-b276-49d9-98d2-bde219f69dea
1.0,29.843592,27.799999999999997,22.799999999999997,0.0,2.0,1.0,0.0,0.0,1.0,0.0,0.0,1.0,0.0,0.0,0.0,0.0,3.0,0.0,3.0,2.3850602319752126,0.0412809556444116,3e6139ce-f4f8-49be-9af7-e3ca067b2ab4
1.0,59.474785,110.7,2.3999999999999986,0.0,3.0,1.0,0.0,0.0,0.0,0.0,0.0,0.0,0.0,0.0,1.0,0.0,1.0,1.0,0.0,4.131830953205002,0.3640450361725822,759519ec-b61a-40fa-8737-71d39076b94f
1.0,28.194504,98.6,5.200000000000003,0.0,4.0,1.0,0.0,0.0,0.0,0.0,0.0,0.0,0.0,0.0,1.0,1.0,-1.0,-1.0,0.0,4.125657248832262,0.026781334873948476,b1ab2e8c-7935-41a3-a44c-970836bd16f9
1.0,37.029716,115.7,0.3999999999999986,0.0,4.0,1.0,0.0,0.0,0.0,0.0,0.0,0.0,0.0,0.0,-1.0,-2.0,1.0,-1.0,2.0,0.3241805686075514,0.15967178648786107,99ed7aa2-71bd-401f-aa2d-3facb3f17b30
1.0,15.121178,66.4,4.600000000000001,1.0,3.0,1.0,0.0,0.0,0.0,0.0,0.0,0.0,0.0,0.0,-2.0,3.0,0.0,-1.0,3.0,-7.176735598274054,0.7815937517865892,156cbc07-022b-4d98-bf2e-8ac6b1214b63
1.0,23.255108,23.2,17.3,1.0,2.0,1.0,0.0,0.0,0.0,0.0,0.0,0.0,0.0,0.0,-3.0,2.0,0.0,-2.0,1.0,-5.830294534743325,0.2485728131596506,914b5fbd-df5b-44f8-9e61-c3b4aede13e9
1.0,59.752323,112.5,2.799999999999997,0.0,4.0,1.0,0.0,0.0,0.0,0.0,0.0,0.0,0.0,0.0,1.0,0.0,0.0,1.0,0.0,2.5772038124086816,0.36726718017940996,bfe9f897-4fc1-4a5b-8b1b-09904530791e
1.0,54.400826,34.0,10.299999999999997,1.0,3.0,1.0,0.0,0.0,0.0,0.0,0.0,0.0,0.0,0.0,-2.0,2.0,-1.0,-1.0,1.0,-9.030989463800172,0.9242697698320005,7b785280-21a5-4e4e-ab61-9305e5fa912c
1.0,39.062,8.5,31.200000000000003,0.0,1.0,1.0,0.0,0.0,1.0,0.0,0.0,0.0,0.0,0.0,0.0,5.0,2.0,1.0,0.0,0.045479606419348784,0.5336702738450289,43cb2132-4dcf-4e73-b237-3738bcbd4b5b
1.0,41.563686,8.900000000000006,36.8,0.0,3.0,1.0,0.0,0.0,1.0,1.0,0.0,0.0,0.0,0.0,-1.0,4.0,2.0,-1.0,4.0,0.18111332344151165,1.2993000505165246,1ca0a78b-ec0b-4f1e-858c-75b968c51440
1.0,9.700516,115.8,15.600000000000001,1.0,1.0,1.0,0.0,0.0,1.0,0.0,0.0,0.0,0.0,0.0,-3.0,-1.0,-2.0,-2.0,0.0,-1.735426144480984,0.9441866140508933,5fea8273-4c56-46bc-aa88-ed892c1e9244
1.0,9.706183,85.2,39.9,1.0,8.0,0.0,1.0,0.0,0.0,0.0,0.0,0.0,0.0,0.0,-3.0,-1.0,0.0,-3.0,1.0,-8.626485953138616,0.533034283573729,f533df63-4943-4338-8b62-cea7e0a38612
1.0,66.533,113.0,4.100000000000001,0.0,4.0,1.0,0.0,0.0,0.0,0.0,1.0,0.0,0.0,0.0,0.0,-1.0,0.0,0.0,0.0,5.427857968799499,1.1593332422169709,b463c1a2-d9c6-4905-8100-53e6728218a2
1.0,53.377617,104.9,0.7000000000000028,0.0,3.0,1.0,0.0,0.0,0.0,0.0,0.0,0.0,0.0,0.0,0.0,0.0,0.0,1.0,-1.0,2.1479565202180577,0.8236498144317634,2656a5c5-b80d-4daa-8a73-74a368e10fa3
1.0,59.810116,115.4,4.200000000000003,0.0,4.0,1.0,0.0,0.0,0.0,0.0,0.0,0.0,0.0,0.0,0.0,0.0,0.0,0.0,0.0,-1.459822193184257,0.8155707022539731,ef542316-ebd3-4560-9e8c-2cd0f47388e1
1.0,39.370674,0.0,40.0,0.0,2.0,1.0,0.0,0.0,0.0,0.0,0.0,0.0,1.0,0.0,-1.0,1.0,1.0,-1.0,2.0,2.2121830352235503,0.15688484087017224,5f3e6244-4bf4-4dc0-87c3-48b6c1827315
1.0,57.30794,31.0,29.2,1.0,3.0,1.0,0.0,0.0,0.0,1.0,0.0,0.0,0.0,0.0,0.0,2.0,0.0,0.0,-1.0,3.861066782934156,0.8783019160175259,2914c51a-07d6-4606-a785-d84781753c13
1.0,67.70473,113.3,5.200000000000003,0.0,4.0,1.0,0.0,0.0,0.0,0.0,0.0,1.0,0.0,0.0,1.0,2.0,0.0,1.0,0.0,7.005078550705444,0.24646570840831256,c90d2279-f014-4a13-bf2e-8352171aecbe
1.0,28.160255,105.3,40.0,0.0,1.0,1.0,0.0,0.0,0.0,0.0,0.0,0.0,0.0,0.0,0.0,-2.0,1.0,-1.0,3.0,-0.4888828031408021,0.47133756997194837,5d4d578c-dae4-4bdc-9e20-4398b8336c9d
1.0,67.22685,113.0,3.8999999999999986,0.0,4.0,1.0,0.0,0.0,0.0,0.0,1.0,0.0,0.0,0.0,2.0,0.0,0.0,0.0,0.0,5.237920925581885,0.11912326323085966,a156ae3b-c674-4255-889a-4ec5b1b747de
0.0,,,,,,,,,,,,,,,,,,,,,,6325f8f4-9db4-49b8-8844-06d444da046f
1.0,75.14872,6.0,4.0,1.0,4.0,1.0,0.0,0.0,0.0,0.0,1.0,0.0,0.0,0.0,-1.0,-2.0,0.0,-1.0,1.0,1.221442276952693,0.1567638281765361,73290f5f-205d-45bb-b824-00c0e450271a
1.0,53.600372,92.7,19.700000000000003,0.0,3.0,1.0,0.0,0.0,0.0,0.0,0.0,0.0,0.0,0.0,0.0,1.0,-1.0,1.0,-1.0,2.2363450351290606,0.41302088354910027,0590d16b-0c96-4444-9497-7d2c072af715
1.0,30.958843,83.1,1.2000000000000028,1.0,2.0,1.0,0.0,0.0,0.0,0.0,0.0,0.0,0.0,0.0,0.0,-4.0,-1.0,0.0,-2.0,-3.6414256290972187,0.2064269427102542,66a7bcd0-8d0b-4155-8110-bc7c4c887476
1.0,73.51932,6.0,4.0,1.0,4.0,1.0,0.0,0.0,0.0,0.0,1.0,0.0,0.0,0.0,-1.0,1.0,-1.0,0.0,1.0,-4.815993446102086,1.063627312790128,912e739e-c1c9-4965-80f9-023161abb513
1.0,40.831852,107.6,5.799999999999997,0.0,3.0,1.0,0.0,0.0,0.0,0.0,0.0,0.0,0.0,0.0,-2.0,0.0,1.0,0.0,1.0,-2.172861602876627,3.5379541323297508,e1cd8c8d-fa89-4277-95fb-73a07c5dd757
1.0,32.49015,12.0,14.399999999999999,1.0,2.0,1.0,0.0,0.0,0.0,0.0,0.0,0.0,0.0,0.0,0.0,0.0,0.0,-1.0,0.0,-0.6319307813721231,0.5869345337615259,35857e6e-63d8-4dbe-a451-c5b50fa57b88
1.0,35.810894,34.7,0.7000000000000028,1.0,3.0,1.0,0.0,0.0,0.0,0.0,0.0,0.0,0.0,0.0,-1.0,0.0,0.0,-1.0,0.0,-4.4413934468295935,2.722883289771405,cba1789d-9ea0-47b3-9809-26a67e814835
1.0,75.22898,100.9,30.0,0.0,4.0,1.0,0.0,0.0,0.0,0.0,0.0,1.0,0.0,0.0,1.0,2.0,-1.0,0.0,0.0,0.9263929641567863,0.12264770517598593,66d7ad1f-ca17-43a3-8813-d945a77737e1
1.0,28.752218,73.6,34.7,0.0,4.0,1.0,0.0,0.0,0.0,0.0,0.0,0.0,0.0,0.0,1.0,0.0,0.0,-1.0,1.0,4.502084260246429,1.4721113741468665,e5a5fc0d-5f37-4e2d-bee3-21220d3f0e44
1.0,34.69755,64.3,27.299999999999997,0.0,3.0,1.0,0.0,0.0,0.0,0.0,0.0,0.0,0.0,0.0,3.0,-1.0,0.0,1.0,0.0,8.625030358661835,0.671455342371287,8233a52d-de2d-4589-bb51-bd1db7c69674
1.0,53.029804,99.4,4.799999999999997,0.0,3.0,1.0,0.0,0.0,0.0,0.0,0.0,0.0,0.0,0.0,0.0,1.0,0.0,-1.0,1.0,6.2598399919652055,0.3480426901724407,7ea64346-671e-40fe-8264-4a101961f5b8
1.0,61.872772,101.1,6.5,0.0,3.0,1.0,0.0,0.0,0.0,0.0,0.0,1.0,0.0,0.0,2.0,0.0,2.0,0.0,1.0,3.72416739185298,0.3508216683749432,00702eaa-0c0d-4562-8ab3-109b7fa3333b
1.0,22.429445,63.2,5.299999999999997,1.0,3.0,1.0,0.0,0.0,0.0,0.0,0.0,0.0,0.0,0.0,-3.0,0.0,-1.0,-2.0,1.0,-5.825915170916639,0.03559245610322998,ad69c599-7aa8-4590-af81-fc95106b6fa0
0.0,,,,,,,,,,,,,,,,,,,,,,3db28285-7b18-4951-8cb7-5b5d2189c7c1
1.0,65.145065,114.0,4.0,0.0,4.0,1.0,0.0,0.0,0.0,0.0,1.0,0.0,0.0,0.0,1.0,0.0,0.0,0.0,0.0,5.149193145654106,0.3015636582314441,a044fb87-71d3-4d98-b116-751a5c51f180
1.0,23.965391,116.2,30.2,1.0,3.0,1.0,0.0,0.0,1.0,0.0,0.0,0.0,0.0,0.0,0.0,-2.0,0.0,1.0,0.0,1.5376277124909783,0.3968229645372721,49d255f7-7a6d-4aca-af22-b5999c9f8edf
0.0,,,,,,,,,,,,,,,,,,,,,,1cdc38c7-7a3c-484d-b27f-ec7559c30ded
1.0,55.4148,105.2,2.5,0.0,3.0,1.0,0.0,0.0,0.0,0.0,0.0,0.0,0.0,0.0,1.0,0.0,-1.0,0.0,-1.0,4.7733370674799245,0.08626832437698333,db013d36-3a03-48c7-bddf-99a8a4b02f01
1.0,6.8029404,17.700000000000003,37.400000000000006,0.0,2.0,1.0,0.0,0.0,0.0,0.0,0.0,0.0,0.0,0.0,2.0,0.0,0.0,0.0,0.0,-2.079850100763359,0.6311649980743278,a43982d1-3a20-4062-b5d6-8024470bd4a8
1.0,45.328247,114.0,17.700000000000003,0.0,3.0,1.0,0.0,0.0,0.0,0.0,0.0,0.0,0.0,0.0,1.0,-1.0,2.0,-1.0,3.0,11.528586073175276,0.1866187303413528,fa4b6d93-56db-4d05-9d45-6b469ecd6750
1.0,45.09601,0.0,40.0,0.0,2.0,1.0,0.0,0.0,0.0,1.0,0.0,0.0,1.0,0.0,-2.0,3.0,1.0,-1.0,2.0,-0.3808199918778463,0.25092773179809186,9f0d10ac-7833-48e8-a8a5-fb30defacc9a
1.0,12.110326,77.0,16.7,1.0,3.0,1.0,0.0,0.0,0.0,0.0,0.0,0.0,0.0,1.0,1.0,-4.0,-1.0,1.0,-2.0,7.466343131272743,0.17601419655320927,09a25ddc-e1f6-405f-9776-7bf2a3d15ce1
1.0,21.15136,40.5,10.200000000000003,1.0,4.0,0.0,1.0,0.0,0.0,0.0,0.0,0.0,0.0,1.0,1.0,2.0,0.0,1.0,1.0,5.705496048044596,0.5034459950046138,fb0b6cf7-e20d-4368-9a33-ece46daba954
1.0,63.618942,85.9,6.200000000000003,0.0,4.0,1.0,0.0,0.0,0.0,0.0,0.0,0.0,0.0,0.0,5.0,-3.0,1.0,1.0,0.0,12.721370945015387,0.2602195951474391,a7fc52df-32a0-4f0f-9ff3-c9a706c2c196
1.0,23.315445,27.0,14.100000000000001,1.0,3.0,1.0,0.0,0.0,0.0,0.0,0.0,0.0,0.0,0.0,0.0,1.0,0.0,0.0,0.0,-1.661008802995406,0.3936864482099434,8d8ca95d-ca5b-4109-9239-04bf3327ec56
1.0,18.748066,85.0,7.799999999999997,0.0,2.0,1.0,0.0,0.0,0.0,0.0,0.0,0.0,0.0,1.0,0.0,-1.0,-1.0,-1.0,0.0,5.0222937859668635,0.07109373155594237,aaddb356-d77e-45db-9e4a-abe9f02fadbd
1.0,28.864685,106.5,13.700000000000003,0.0,2.0,1.0,0.0,0.0,0.0,0.0,0.0,0.0,0.0,0.0,0.0,-2.0,-1.0,0.0,-1.0,3.7543560267950387,0.22324844498988236,62be1d7b-70d5-401f-8f7d-9a241ecdb423
1.0,13.471452,58.1,6.600000000000001,1.0,2.0,1.0,0.0,0.0,0.0,0.0,0.0,0.0,0.0,1.0,0.0,1.0,0.0,0.0,0.0,-2.996265616475057,0.47750334375118236,703bf2ec-e5aa-4a18-a6dc-e2bede531516
1.0,45.70175,103.7,6.5,0.0,4.0,1.0,0.0,0.0,0.0,0.0,0.0,0.0,0.0,0.0,1.0,-2.0,-1.0,2.0,-2.0,5.592091349514874,0.4000713913666148,9444c3a9-27d6-4a5c-95cd-5a83c4424e99
0.0,,,,,,,,,,,,,,,,,,,,,,3ae30a6e-0a5f-4695-bf52-0d0ad883289c
1.0,42.55126,0.0,39.900000000000006,0.0,2.0,1.0,0.0,0.0,0.0,1.0,0.0,0.0,1.0,0.0,-1.0,2.0,0.0,-1.0,1.0,-0.3876915374302232,0.19613039467908705,3ffc535c-1c1b-48cf-b1ed-a89c12edf50b
1.0,56.258423,114.7,4.700000000000003,0.0,3.0,1.0,0.0,0.0,0.0,0.0,0.0,0.0,0.0,1.0,0.0,-1.0,1.0,1.0,0.0,4.302327696482228,0.7015004898642397,934c3413-8942-48e3-b645-ae9b5a754815
1.0,60.237946,112.9,1.2999999999999972,0.0,4.0,1.0,0.0,0.0,0.0,0.0,0.0,0.0,0.0,0.0,0.0,-1.0,0.0,-1.0,1.0,2.786492538969153,1.5527636313936788,4d301f50-e053-4af3-93b1-87905c391a58
1.0,46.837273,0.0,39.900000000000006,0.0,2.0,1.0,0.0,0.0,0.0,1.0,0.0,0.0,1.0,0.0,0.0,2.0,4.0,2.0,1.0,3.4828860453531263,0.6873257611102737,510d4c90-a410-42cc-b07c-c890fdff1cc1
1.0,78.407715,114.0,4.0,0.0,3.0,1.0,0.0,0.0,0.0,0.0,1.0,0.0,0.0,0.0,1.0,2.0,0.0,1.0,0.0,1.239773721397035,0.40951539518741276,bf22e13d-a29f-40a6-bd23-04b11171c45c
0.0,,,,,,,,,,,,,,,,,,,,,,abbca836-13f2-40d0-b73a-3b765671230d
1.0,26.970354,31.299999999999997,40.0,0.0,3.0,0.0,1.0,0.0,0.0,0.0,0.0,0.0,0.0,0.0,2.0,0.0,1.0,2.0,-1.0,5.413260155076954,0.22767466167382394,9ad24915-87da-4839-95a2-291f68fe7690
0.0,,,,,,,,,,,,,,,,,,,,,,210b21a0-2e0c-47d7-9dbc-ab78c90534b7
1.0,70.264145,94.2,8.700000000000003,0.0,4.0,1.0,0.0,0.0,0.0,0.0,0.0,0.0,0.0,0.0,0.0,1.0,0.0,1.0,-1.0,-1.3331217640036535,0.5502073712847527,92c38fda-01c5-413f-bf79-3b3f186c2356
1.0,15.487091,96.4,4.600000000000001,0.0,2.0,1.0,0.0,0.0,0.0,0.0,0.0,0.0,0.0,0.0,1.0,-2.0,0.0,1.0,-1.0,3.6806106102707097,0.2418975117526227,7d017eb1-092d-4879-9803-7e27e306e395
1.0,66.85843,100.2,27.200000000000003,0.0,4.0,1.0,0.0,0.0,0.0,0.0,0.0,1.0,0.0,0.0,0.0,1.0,-1.0,0.0,1.0,3.797119256729718,0.41415553182620374,a8b62155-cebc-4b99-889a-d7b305eb2498
1.0,62.269253,72.5,10.0,0.0,3.0,1.0,0.0,0.0,0.0,0.0,0.0,0.0,0.0,0.0,1.0,2.0,0.0,-1.0,1.0,-3.7572759752386156,0.28585747841821346,c799dc55-0ab3-444f-b175-80e7684178b9
1.0,77.32335,114.0,4.0,0.0,3.0,1.0,0.0,0.0,0.0,0.0,1.0,0.0,0.0,0.0,1.0,0.0,1.0,2.0,-2.0,4.633321935049458,0.35436645683062784,d1a6de64-27cf-4927-9868-16c902147274
1.0,21.037586,47.2,26.099999999999994,1.0,3.0,1.0,0.0,0.0,0.0,0.0,0.0,0.0,0.0,0.0,-2.0,3.0,-2.0,0.0,-2.0,-6.053083602328495,1.7162674316300912,f38032e6-46d0-4290-b202-f88ba82d3ea6
1.0,61.056778,116.3,4.0,0.0,3.0,1.0,0.0,0.0,0.0,0.0,0.0,0.0,0.0,0.0,-1.0,0.0,-2.0,-1.0,0.0,-0.1973205859707452,0.3150507738503648,466026f1-ccca-486c-beff-18210592a505
1.0,78.91622,104.0,3.299999999999997,0.0,4.0,1.0,0.0,0.0,0.0,0.0,0.0,0.0,0.0,0.0,3.0,2.0,2.0,1.0,1.0,5.594561265379415,0.049030681677073994,9499e04a-bd07-4a26-aad9-ee2d63a2a78a
0.0,,,,,,,,,,,,,,,,,,,,,,2012d561-2d89-4379-bfb0-a92c31ad8129
1.0,64.84597,5.1,0.8999999999999986,1.0,4.0,1.0,0.0,0.0,0.0,0.0,0.0,0.0,0.0,0.0,0.0,0.0,-1.0,0.0,0.0,-2.0100592246176205,2.326380167603445,82368ec7-2022-42ab-b61a-29ae98f198b6
1.0,39.899498,0.0,40.0,0.0,1.0,1.0,0.0,0.0,0.0,0.0,0.0,0.0,1.0,0.0,0.0,5.0,2.0,0.0,2.0,-2.186198925926206,0.028094940007800905,1eda31b1-3c06-4576-8c7d-c925d9570018
1.0,37.16154,65.4,1.3999999999999986,1.0,4.0,0.0,1.0,0.0,0.0,0.0,0.0,0.0,0.0,0.0,-2.0,-2.0,1.0,0.0,1.0,-7.9165009499039245,0.8027955316610518,31abfef8-19e1-47c3-a166-c77b626a907b
1.0,62.471195,90.3,13.899999999999999,0.0,3.0,1.0,0.0,0.0,0.0,0.0,0.0,0.0,0.0,0.0,1.0,0.0,0.0,1.0,-1.0,5.944120098918333,0.08373456701234604,c0fdef16-2203-422a-ae2f-6a89ac7f30ba
1.0,57.666714,98.3,11.899999999999999,0.0,5.0,1.0,0.0,0.0,0.0,0.0,0.0,0.0,0.0,0.0,3.0,-1.0,1.0,1.0,1.0,6.296250708524825,2.6857787361007674,4fcb593a-9415-4dd3-b952-8dd1277f0ea7
1.0,18.060177,27.0,39.900000000000006,0.0,1.0,1.0,0.0,0.0,0.0,0.0,0.0,0.0,0.0,0.0,-1.0,-2.0,1.0,0.0,0.0,-2.6491792111433687,2.1514497363244476,542e5353-0c01-48fa-9aea-b35a1e432858
1.0,44.75455,0.0,40.0,0.0,3.0,1.0,0.0,0.0,0.0,1.0,0.0,0.0,1.0,0.0,0.0,1.0,2.0,0.0,2.0,2.074342765286329,0.0020435875825158775,cc88e8de-be9d-4fbc-b9cb-0800d2a5199d
1.0,43.862625,5.2,0.3999999999999986,1.0,3.0,1.0,0.0,0.0,0.0,0.0,0.0,0.0,0.0,0.0,0.0,3.0,0.0,0.0,0.0,-8.84740959830703,0.07272370413848275,d87349d7-cbd5-4c63-8514-4609ccd2b9a0
0.0,,,,,,,,,,,,,,,,,,,,,,d6f71254-d3d0-41ee-9a72-751b1ae84585
1.0,11.834272,111.9,18.7,1.0,1.0,1.0,0.0,0.0,0.0,0.0,0.0,0.0,0.0,0.0,1.0,-1.0,-2.0,2.0,-4.0,2.271484381773756,0.2680753743280738,4bd9c054-37ba-41e9-ad9b-37d77f3b20d3
1.0,71.30063,114.0,4.0,0.0,2.0,1.0,0.0,0.0,0.0,0.0,1.0,0.0,0.0,0.0,2.0,-1.0,1.0,2.0,-1.0,6.9125608842308495,0.7644546374074186,81f5e335-3b8b-4588-961a-d9ba9fb30a3c
1.0,6.664083,51.7,20.1,1.0,1.0,0.0,1.0,0.0,0.0,0.0,0.0,0.0,0.0,0.0,1.0,1.0,-1.0,-1.0,0.0,4.064921362767873,0.17915044410044864,90191e0b-5b5d-4f8c-a8fd-38b91f677cf0
0.0,,,,,,,,,,,,,,,,,,,,,,3b4a57d8-3c18-4245-b62a-9ebbca0c8c6a
0.0,,,,,,,,,,,,,,,,,,,,,,e9e11533-0b60-468d-9a69-fb603efe3039
1.0,48.97193,21.2,18.6,1.0,3.0,1.0,0.0,0.0,0.0,0.0,0.0,1.0,0.0,0.0,-2.0,0.0,1.0,0.0,0.0,-1.9941614835171846,2.263425254140723,41ff0ca0-f2da-4056-8b8f-9960b474ae60
1.0,41.79055,39.099999999999994,35.7,0.0,2.0,1.0,0.0,0.0,0.0,0.0,0.0,1.0,0.0,0.0,2.0,0.0,1.0,2.0,0.0,2.022534385698224,0.21475812836653152,5d9b0a5a-9804-465e-9c0d-0057fadf91ac
1.0,68.48314,33.8,25.0,1.0,3.0,1.0,0.0,0.0,0.0,1.0,0.0,0.0,0.0,0.0,0.0,-2.0,-1.0,-1.0,0.0,-3.841374491045009,0.47097134901505133,d511416f-ad8a-466c-8ad6-e7a3dc98e9fa
1.0,64.09937,114.0,4.0,0.0,4.0,1.0,0.0,0.0,0.0,0.0,1.0,0.0,0.0,0.0,1.0,-2.0,0.0,0.0,2.0,6.303977406454215,0.2691483982037869,59f320ec-9fdc-4d30-9484-df1469f72de4
1.0,29.9,86.2,16.4,0.0,2.0,1.0,0.0,0.0,0.0,0.0,0.0,0.0,0.0,0.0,3.0,-1.0,-1.0,-2.0,1.0,4.250530511888173,0.8106111520097129,3c3139b3-cd3b-4389-929d-4a83cab17c00
1.0,71.93838,114.0,4.0,0.0,3.0,1.0,0.0,0.0,0.0,0.0,1.0,0.0,0.0,0.0,0.0,0.0,1.0,2.0,-1.0,-1.8547474233667156,0.024028617331480016,7e2c9b51-9014-4c94-a52d-6ce2748be8d0
1.0,15.9906225,16.400000000000006,9.399999999999999,0.0,6.0,1.0,0.0,0.0,0.0,0.0,0.0,0.0,0.0,0.0,0.0,1.0,4.0,1.0,3.0,0.7807984534472394,0.8850502150365913,bb56cc57-cb8b-4b9a-ae0c-ea3e52d13fb1
1.0,22.318153,48.400000000000006,31.299999999999997,0.0,2.0,1.0,0.0,0.0,0.0,0.0,0.0,0.0,0.0,0.0,1.0,0.0,1.0,0.0,0.0,4.122900547821489,0.4093600900026574,00dbfd59-f6e2-40ef-aedd-314cce53aee1
1.0,16.3878,85.4,34.400000000000006,1.0,2.0,1.0,0.0,0.0,0.0,0.0,0.0,0.0,0.0,1.0,-4.0,0.0,0.0,0.0,-2.0,-5.468803392473019,0.3659046326930425,4d34a341-bacd-4b02-b242-8c3b5b0fe09d
1.0,22.472204,4.3,39.9,1.0,2.0,1.0,0.0,0.0,0.0,0.0,0.0,0.0,0.0,0.0,-1.0,2.0,-1.0,-1.0,0.0,-4.969123985579324,0.7496370856846952,bb36120d-3b29-4e9e-a51a-2fdb37369e81
1.0,63.282303,60.0,26.599999999999994,0.0,4.0,1.0,0.0,0.0,0.0,1.0,0.0,0.0,0.0,0.0,0.0,3.0,1.0,0.0,1.0,2.2344942544332245,1.0338494122631594,0c33ab24-a83d-47cb-8bb8-90bdf5519ae8
1.0,59.921616,116.9,4.600000000000001,0.0,3.0,1.0,0.0,0.0,0.0,0.0,0.0,0.0,0.0,0.0,4.0,-1.0,0.0,1.0,0.0,7.398562134106671,1.9969653939166696,d837a345-bb7e-4951-8f07-8aef0fba0d0d
1.0,30.740202,48.9,13.0,1.0,2.0,1.0,0.0,0.0,0.0,0.0,0.0,0.0,0.0,1.0,-1.0,0.0,-2.0,-1.0,-1.0,-3.1954628511065177,0.05996644448678689,214c786b-5dfa-478b-80b5-a2c86eb185f2
1.0,18.203571,57.1,18.0,0.0,2.0,1.0,0.0,0.0,0.0,0.0,0.0,0.0,0.0,0.0,0.0,-2.0,-3.0,1.0,-4.0,7.830948771041987,1.4402189441302748,8f2fddd9-3213-44e5-90eb-231a2bd5d547
1.0,31.192467,14.700000000000003,40.0,0.0,2.0,1.0,0.0,0.0,0.0,0.0,0.0,0.0,0.0,0.0,1.0,-2.0,3.0,2.0,1.0,5.132156248379654,0.08741732561739578,8f16ba5d-76d5-49a0-82a0-460aa1b8e37f
1.0,66.185196,5.9,0.3999999999999986,1.0,4.0,1.0,0.0,0.0,0.0,0.0,0.0,1.0,0.0,0.0,2.0,0.0,0.0,-1.0,1.0,0.8095462083717582,0.1540917606676956,9b4dd19e-4f62-4ade-9def-47aa0316ee6c
1.0,35.439102,30.4,20.9,1.0,4.0,1.0,0.0,0.0,0.0,0.0,0.0,0.0,0.0,0.0,0.0,2.0,0.0,0.0,0.0,-2.9186652755834452,0.08525720393646975,9e0623f0-550f-46f0-99ff-c5ba3cbf56a0
1.0,21.181595,81.3,39.9,1.0,1.0,1.0,0.0,0.0,0.0,0.0,0.0,0.0,0.0,0.0,-3.0,-1.0,-1.0,0.0,-1.0,-10.737696262586534,0.16493433078502556,32293f7b-07be-43fd-95a3-534dd4d87c6e
1.0,36.391758,39.8,31.599999999999994,0.0,2.0,1.0,0.0,0.0,0.0,0.0,0.0,1.0,0.0,0.0,2.0,0.0,1.0,3.0,0.0,0.9093449769387041,0.2965759893006156,76a6004f-a7b3-482e-8ad3-a34719894e2f
1.0,36.667698,35.0,35.0,0.0,2.0,1.0,0.0,0.0,1.0,0.0,0.0,1.0,0.0,0.0,3.0,-3.0,3.0,5.0,-2.0,10.21179110786193,0.49743298406718883,b27d792a-2032-4ec4-b584-b619de1bf4c7
1.0,7.6609397,36.5,37.5,0.0,1.0,1.0,0.0,0.0,0.0,0.0,0.0,0.0,0.0,1.0,3.0,-2.0,1.0,2.0,-1.0,5.831051340006249,0.6546049086082195,b73c61af-1244-49f4-8850-e539e6bf8b61
1.0,24.689472,110.4,39.9,1.0,2.0,1.0,0.0,0.0,0.0,0.0,0.0,0.0,0.0,0.0,-1.0,-1.0,2.0,2.0,-2.0,1.825231440807015,0.4601417192722751,df1891e2-b230-4ec6-9e81-ad3e54ac62fb
1.0,24.689472,110.4,39.9,1.0,4.0,1.0,0.0,0.0,0.0,0.0,0.0,0.0,0.0,0.0,-2.0,1.0,1.0,-3.0,2.0,1.9339287262250693,0.20668773961080839,c2af91b8-5eb0-47d9-8482-9189b7aba435
1.0,63.69623,104.5,6.700000000000003,0.0,4.0,1.0,0.0,0.0,0.0,0.0,0.0,0.0,0.0,0.0,1.0,3.0,2.0,0.0,2.0,-2.4367007109052494,0.802859071371792,2e78b14e-c501-41ad-9211-a6aefe11a971
0.0,,,,,,,,,,,,,,,,,,,,,,2f98e511-aa1d-4ca5-b115-6fce7f2d9b3d
1.0,39.777508,105.4,23.200000000000003,0.0,2.0,1.0,0.0,0.0,0.0,0.0,0.0,0.0,0.0,0.0,1.0,1.0,0.0,1.0,-1.0,4.200586254673491,1.3160592899249128,904e48bd-e473-4ba7-817c-99de897cf6e7
1.0,63.163994,8.6,2.5,1.0,3.0,1.0,0.0,0.0,0.0,0.0,0.0,0.0,0.0,0.0,-1.0,0.0,1.0,0.0,0.0,-3.4160293401320088,0.21821950236189627,36038dd4-cfae-406b-98d9-be09f24a79a3
1.0,36.361794,31.400000000000006,34.400000000000006,0.0,1.0,1.0,0.0,0.0,1.0,0.0,0.0,0.0,0.0,0.0,1.0,1.0,2.0,0.0,2.0,4.439906367788031,0.24826239076339832,34be2ac7-46ec-489f-ac71-00d6c21dd63d
1.0,26.722649,21.799999999999997,32.900000000000006,0.0,1.0,1.0,0.0,0.0,0.0,0.0,0.0,0.0,0.0,0.0,1.0,2.0,5.0,1.0,4.0,-4.927369445061261,0.09489745900491472,28773160-1599-4600-b915-bfa06b20ddc6
0.0,,,,,,,,,,,,,,,,,,,,,,3caa49d0-dc96-4ccc-b2be-e919aee8d9df
1.0,33.999557,14.299999999999997,39.900000000000006,0.0,1.0,1.0,0.0,0.0,1.0,0.0,0.0,0.0,0.0,0.0,0.0,0.0,3.0,3.0,0.0,-0.5926040203062721,1.1047470861570001,2b1da946-a74f-4a86-9418-51d0c582577a
1.0,43.16538,37.3,20.6,0.0,3.0,1.0,0.0,0.0,0.0,0.0,0.0,1.0,0.0,0.0,0.0,4.0,-1.0,0.0,0.0,4.692437935192611,0.24175314828843214,5f2b0321-1504-4ecf-8187-df9d24bf6e58
1.0,57.915886,103.6,0.7999999999999972,0.0,6.0,1.0,0.0,0.0,0.0,0.0,0.0,0.0,0.0,0.0,2.0,-4.0,-1.0,2.0,-5.0,10.441014333806365,0.9536342988019675,5cb3cf73-a920-4e08-9c01-f73ef13dbd3d
1.0,33.725956,30.1,35.2,1.0,1.0,1.0,0.0,0.0,0.0,0.0,0.0,0.0,0.0,0.0,-2.0,-2.0,-1.0,-1.0,0.0,-4.37983510076133,0.8301044947576833,f4d83b4f-a673-4980-8cf8-aac825476ff5
1.0,70.153046,6.0,4.0,1.0,3.0,1.0,0.0,0.0,0.0,0.0,1.0,0.0,0.0,0.0,-3.0,2.0,2.0,-1.0,3.0,-8.415721446352064,0.3643822036240491,8b952d76-67e0-42cf-85c9-7c2e88ce9414
1.0,62.343563,87.4,11.100000000000001,0.0,3.0,1.0,0.0,0.0,0.0,0.0,0.0,0.0,0.0,0.0,2.0,-1.0,1.0,0.0,1.0,4.384298741306802,0.20158581122702757,a234f3e6-20bb-4f91-bc6c-bea20685f634
1.0,36.32699,50.400000000000006,14.600000000000001,0.0,3.0,1.0,0.0,0.0,0.0,0.0,0.0,0.0,0.0,0.0,0.0,1.0,1.0,0.0,1.0,-2.4855351832896844,0.9332205332256961,b1ab477b-93e9-4f26-873e-91513979f38a
1.0,13.313527,85.8,7.100000000000001,1.0,2.0,1.0,0.0,0.0,0.0,0.0,0.0,0.0,0.0,0.0,-2.0,0.0,-2.0,-2.0,2.0,-2.2498425862517504,0.4949787166461966,cefa2d19-2e80-4b5a-bf50-dbdc394ac372
1.0,19.18463,29.7,3.3999999999999986,1.0,1.0,1.0,0.0,0.0,0.0,0.0,0.0,0.0,0.0,0.0,0.0,0.0,0.0,-1.0,0.0,-2.6580598161221367,1.2815659713998808,bae82650-3557-49c8-a721-dd26045cbd98
1.0,66.1363,34.7,30.5,1.0,4.0,1.0,0.0,0.0,0.0,0.0,0.0,0.0,0.0,0.0,0.0,-3.0,0.0,1.0,-1.0,-0.07731786427486514,0.08940433177612761,9cc9240d-b244-4c62-b758-720cf647b2d5
1.0,48.920036,86.6,22.1,0.0,3.0,1.0,0.0,0.0,0.0,0.0,0.0,0.0,0.0,0.0,1.0,1.0,2.0,2.0,1.0,6.564977570071031,2.5407306918697863,fc4bb1a1-a9d0-4341-a7ed-4c5e662d8955
1.0,65.12219,110.2,4.0,0.0,4.0,1.0,0.0,0.0,0.0,0.0,0.0,0.0,0.0,0.0,1.0,0.0,2.0,1.0,0.0,8.035985615406428,0.8078655661137039,7529b7ad-172a-49b7-96e5-a51f2947090a
1.0,48.82059,114.8,34.400000000000006,0.0,4.0,1.0,0.0,0.0,0.0,0.0,0.0,0.0,0.0,0.0,1.0,-2.0,-1.0,1.0,-3.0,9.37638548335072,1.1728485291879533,fae5bc49-488f-4b66-ad0d-1564b5cc43bb
1.0,22.408033,73.7,11.399999999999999,0.0,2.0,1.0,0.0,0.0,0.0,0.0,0.0,0.0,0.0,0.0,2.0,-1.0,1.0,0.0,0.0,5.682882248046676,1.1279759861028704,bbda591e-a441-465a-80a0-056d4588bebc
1.0,13.453624,50.400000000000006,16.200000000000003,0.0,2.0,1.0,0.0,0.0,0.0,0.0,0.0,0.0,0.0,0.0,3.0,-1.0,0.0,1.0,-2.0,4.420119849840166,2.162646216491255,a1beff41-7bcc-476d-ba7f-0d29e1bb79bf
1.0,53.452877,12.2,7.799999999999997,1.0,3.0,1.0,0.0,0.0,0.0,0.0,0.0,0.0,0.0,1.0,0.0,1.0,1.0,-1.0,2.0,-4.797083958049285,0.28721763962261876,9564b5b4-4a97-488a-b550-893f164ba37d
1.0,35.469563,26.900000000000006,22.9,0.0,2.0,1.0,0.0,0.0,1.0,0.0,0.0,0.0,0.0,0.0,0.0,4.0,3.0,1.0,2.0,6.204603712108685,0.23655339540525588,5e8156a8-c1df-412f-8d60-1e05f4e124e2
1.0,35.28697,26.400000000000006,23.0,0.0,1.0,1.0,0.0,0.0,1.0,0.0,0.0,0.0,0.0,0.0,0.0,3.0,4.0,0.0,3.0,3.5863733320485505,0.5048937057619611,146decc8-e198-47cd-9e9e-c8785465205d
0.0,,,,,,,,,,,,,,,,,,,,,,36fad6c1-085b-4ebf-9e90-e03afdcfdc30
1.0,36.030266,18.400000000000006,34.400000000000006,0.0,2.0,1.0,0.0,0.0,1.0,0.0,0.0,0.0,0.0,0.0,1.0,2.0,2.0,1.0,1.0,1.4439708884199707,0.592266977717042,801222c2-6dda-4453-83ae-f5c90a6ca6a4
1.0,70.14021,51.0,36.9,1.0,3.0,1.0,0.0,0.0,0.0,1.0,0.0,0.0,0.0,1.0,0.0,-2.0,-2.0,0.0,-1.0,-3.7490898799030745,0.18212805074811592,df859799-fb94-49c6-adaa-20b48a81fbf1
1.0,9.72471,90.6,15.200000000000003,1.0,1.0,1.0,0.0,0.0,0.0,0.0,0.0,0.0,0.0,1.0,-2.0,0.0,-3.0,-2.0,0.0,-4.642918615232399,0.6542900123794091,cedc058c-9aae-486d-a913-7ff3da833c3a
1.0,34.056572,0.0,40.0,0.0,2.0,1.0,0.0,0.0,0.0,0.0,0.0,0.0,1.0,0.0,1.0,-1.0,2.0,0.0,2.0,1.9485568457170124,0.028443541855794317,b265e079-8ff2-465e-a38c-fbc2e822d915
1.0,11.588356,26.700000000000003,37.900000000000006,0.0,3.0,1.0,0.0,0.0,0.0,0.0,0.0,0.0,0.0,0.0,3.0,0.0,1.0,1.0,1.0,4.338984693094723,2.4563125958406835,9265c1be-6332-407a-8d0d-886e3c037249
1.0,28.826723,5.799999999999997,23.0,0.0,2.0,1.0,0.0,0.0,1.0,0.0,0.0,0.0,0.0,0.0,-1.0,4.0,3.0,-1.0,5.0,-1.669055113306463,1.2009344000481073,4609511e-fdd8-4d0a-a9c3-367a6dce30ba
1.0,53.4986,74.8,33.0,1.0,2.0,1.0,0.0,0.0,0.0,1.0,0.0,1.0,0.0,0.0,1.0,-3.0,2.0,1.0,1.0,2.69436241935459,0.2880980046963681,203ca274-be29-4c4c-8fcd-99ff2c7e7944
1.0,63.907825,81.1,28.5,0.0,3.0,1.0,0.0,0.0,0.0,1.0,0.0,1.0,0.0,0.0,0.0,1.0,1.0,1.0,-1.0,3.362908139623638,0.25860083437449427,14cc8960-019d-4284-bdb4-7189ff2ceed3
1.0,57.194843,20.0,17.6,1.0,3.0,1.0,0.0,0.0,0.0,0.0,0.0,0.0,0.0,0.0,-2.0,0.0,1.0,1.0,-1.0,-4.6747609839605975,0.6658109768689234,27bd7f4d-8aad-4c76-a31b-1ed57f3b0e2e
1.0,61.603245,7.0,3.8999999999999986,1.0,3.0,1.0,0.0,0.0,0.0,0.0,1.0,0.0,0.0,0.0,-4.0,4.0,0.0,-2.0,1.0,-11.039994806384836,0.0927338485234031,23867624-3b70-4451-ba43-2f095431ab2b
1.0,47.46588,13.299999999999997,34.099999999999994,0.0,2.0,1.0,0.0,0.0,1.0,1.0,0.0,0.0,0.0,1.0,0.0,2.0,0.0,1.0,-1.0,3.7275207482868478,0.09570833336429067,03605d98-c986-4b58-a7ee-45c140511747
0.0,,,,,,,,,,,,,,,,,,,,,,c8e304c4-1133-4344-9566-f6603b6a2735
1.0,24.352823,45.1,36.3,1.0,3.0,0.0,1.0,0.0,0.0,0.0,0.0,0.0,0.0,0.0,-1.0,-3.0,0.0,1.0,-1.0,2.6097162684889774,0.5008350538782599,b5cac123-1617-42f0-864c-6b3bce02c67c
1.0,31.13535,100.5,40.0,0.0,2.0,1.0,0.0,0.0,0.0,0.0,0.0,0.0,0.0,0.0,0.0,-2.0,1.0,1.0,-1.0,3.9691943157368463,0.33362121902658337,72ccc592-d1bd-445c-8ef4-a7155d7a3a10
1.0,37.42045,16.099999999999994,40.0,0.0,2.0,1.0,0.0,0.0,0.0,0.0,0.0,0.0,0.0,0.0,0.0,1.0,4.0,2.0,2.0,2.0598642421588407,0.17050014352275283,d10cb453-9702-4062-8cde-9bee97146d40
1.0,46.186146,0.0,40.0,0.0,2.0,1.0,0.0,0.0,0.0,1.0,0.0,0.0,1.0,0.0,0.0,3.0,3.0,-3.0,5.0,0.1693882230126844,0.1577823709023085,4d5da179-1eb0-44c9-9087-6f03d9bf5fbe
1.0,16.728718,23.200000000000003,17.9,0.0,3.0,1.0,0.0,0.0,0.0,0.0,0.0,0.0,0.0,0.0,2.0,1.0,-1.0,0.0,-1.0,2.661877930585926,0.16312910310828116,7e4edd4e-4961-4e31-a394-5ee5d3d7eba6
1.0,62.11634,116.5,6.200000000000003,0.0,4.0,1.0,0.0,0.0,0.0,0.0,0.0,0.0,0.0,1.0,2.0,0.0,0.0,1.0,-1.0,4.162041100192656,1.2238577986065977,06488d24-5eb7-4d41-a692-c66b0215fe44
1.0,32.24438,17.0,40.0,0.0,2.0,1.0,0.0,0.0,0.0,0.0,0.0,0.0,0.0,0.0,1.0,-1.0,2.0,2.0,0.0,5.654805065726189,0.8510627637881787,7fae868a-2922-481f-b6ce-26ec14d88383
1.0,63.612106,80.8,4.799999999999997,0.0,3.0,1.0,0.0,0.0,0.0,0.0,0.0,0.0,0.0,0.0,1.0,0.0,-1.0,1.0,-1.0,7.708681985790262,0.8880525921427701,ed160276-76ae-4b76-adb3-cfd5f8d2a6fc
0.0,,,,,,,,,,,,,,,,,,,,,,2cecf0da-5c9a-4c6e-a052-220f644a27d7
1.0,57.3294,76.6,34.7,1.0,3.0,1.0,0.0,0.0,0.0,1.0,0.0,1.0,0.0,0.0,0.0,-3.0,-1.0,0.0,0.0,-2.4744702834918346,0.44280637062635364,103818a9-7552-416a-bb00-a22051295eb4
1.0,72.93792,7.0,4.100000000000001,1.0,4.0,1.0,0.0,0.0,0.0,0.0,1.0,0.0,0.0,0.0,-1.0,-2.0,-2.0,-2.0,0.0,-0.13884278357798685,0.6764726577937887,b4cd5efd-431a-4325-9d34-a0b985f1bebd
1.0,55.680607,76.3,8.5,0.0,3.0,1.0,0.0,0.0,0.0,0.0,0.0,0.0,0.0,0.0,1.0,0.0,2.0,1.0,1.0,8.836461750037824,1.845642169565473,6c697f89-9f87-42a6-955c-943187796493
1.0,35.862236,39.0,8.0,1.0,2.0,1.0,0.0,0.0,0.0,0.0,0.0,0.0,0.0,0.0,0.0,-1.0,0.0,-1.0,0.0,-6.555989235852676,1.466281651396453,13f7631f-9286-44c3-b8e4-01ec69e069e4
1.0,72.06421,114.0,4.0,0.0,4.0,1.0,0.0,0.0,0.0,0.0,1.0,0.0,0.0,0.0,2.0,-3.0,-1.0,0.0,-1.0,7.733389819400792,0.857175137134365,a3ca169a-59b9-4b39-8e88-3a040d82ffe2
1.0,8.586617,18.099999999999994,0.3999999999999986,0.0,2.0,1.0,0.0,0.0,0.0,0.0,0.0,0.0,0.0,0.0,1.0,2.0,1.0,2.0,0.0,-0.15438280900932422,0.3078128149455649,9118ad29-5310-449e-acdb-ccfb6dafcb76
1.0,18.314201,25.700000000000003,14.799999999999997,0.0,1.0,1.0,0.0,0.0,0.0,0.0,0.0,0.0,0.0,0.0,-1.0,3.0,2.0,0.0,4.0,-0.011706721429568745,0.5502186009569077,d7d2dcf2-43f4-4f93-b927-87e292564cf2
1.0,69.549194,97.3,36.599999999999994,0.0,4.0,1.0,0.0,0.0,0.0,0.0,0.0,1.0,0.0,0.0,1.0,-1.0,2.0,0.0,2.0,4.936887889407048,0.5697864176723484,33df808f-14af-45c4-9290-648fd7400ddc
1.0,62.054893,105.6,3.799999999999997,0.0,4.0,1.0,0.0,0.0,0.0,0.0,0.0,1.0,0.0,0.0,2.0,-2.0,-1.0,2.0,-2.0,4.918761542907046,0.03216719557706603,fc698445-0939-4f40-a605-dc06714ced11
1.0,28.68449,27.0,28.299999999999997,0.0,2.0,1.0,0.0,0.0,1.0,0.0,0.0,0.0,0.0,0.0,1.0,2.0,1.0,2.0,-1.0,5.138732937062139,0.16936589462299678,b7c58d15-e9b5-4ebc-bfaa-3f5ae1c6ea83
1.0,14.795945,104.3,36.400000000000006,1.0,7.0,0.0,1.0,0.0,0.0,0.0,0.0,0.0,0.0,0.0,1.0,-2.0,3.0,0.0,4.0,3.135736995276436,0.05597628033657614,3fb063f4-870b-4a6a-a6f2-0d40c9fc42ec
1.0,41.215775,0.0,40.0,0.0,1.0,1.0,0.0,0.0,0.0,1.0,0.0,0.0,1.0,0.0,-1.0,3.0,3.0,-2.0,6.0,-2.415688184461749,0.08832288942202203,b236d0e4-7bdc-405b-bfaa-efcf83b3edda
1.0,43.597363,0.0,40.0,0.0,2.0,1.0,0.0,0.0,0.0,1.0,0.0,0.0,1.0,0.0,-2.0,3.0,5.0,-2.0,6.0,-4.327637995777408,0.1509601161311837,c6403922-f223-482e-8f09-00b428fe8289
0.0,,,,,,,,,,,,,,,,,,,,,,b4beff45-d528-47be-b553-fda7595165d3
1.0,35.19574,44.2,10.299999999999997,0.0,3.0,1.0,0.0,0.0,0.0,0.0,0.0,1.0,0.0,0.0,0.0,3.0,2.0,3.0,0.0,0.5013577758262544,0.3852101452735434,6bcf9745-19bf-438d-ad9a-601b27d0b375
1.0,14.676852,50.400000000000006,15.799999999999997,0.0,4.0,1.0,0.0,0.0,0.0,0.0,0.0,0.0,0.0,1.0,-3.0,1.0,-2.0,-2.0,0.0,-5.4524411568373745,0.2950172875561708,71519970-1c9a-4c9d-99e7-83623d2110a7
1.0,81.55151,114.0,4.0,0.0,2.0,1.0,0.0,0.0,0.0,0.0,1.0,0.0,0.0,0.0,0.0,-1.0,1.0,1.0,-1.0,8.051934225083787,0.9225117009044669,43128eb9-6ca4-4fa9-9361-6de0f9c5df4e
1.0,62.22869,100.3,11.299999999999997,0.0,4.0,1.0,0.0,0.0,0.0,0.0,0.0,0.0,0.0,0.0,2.0,0.0,1.0,2.0,-1.0,3.7453012936257246,0.9514850999933997,237096d1-9a82-401e-8b31-06dd3689c178
1.0,12.738916,33.1,0.7999999999999972,1.0,3.0,1.0,0.0,0.0,0.0,0.0,0.0,0.0,0.0,0.0,-2.0,1.0,1.0,-1.0,4.0,-3.3936661289704624,0.31338615315663526,b2982e14-6e3f-4578-8445-8ecdd6ef5b5d
1.0,18.36355,112.4,19.200000000000003,0.0,3.0,1.0,0.0,0.0,0.0,0.0,0.0,0.0,0.0,0.0,0.0,-3.0,-1.0,1.0,-3.0,3.340408696550174,0.2688058364113844,d72793ee-0126-402a-9e43-b7a38bbac5a7
1.0,22.489998,26.5,31.6,1.0,2.0,1.0,0.0,0.0,0.0,0.0,0.0,0.0,0.0,1.0,1.0,2.0,1.0,0.0,-1.0,-0.10752408720815332,0.33135884658813164,f24dfb39-198a-4b85-9bb7-00800d997e53
1.0,20.862646,50.1,18.2,1.0,2.0,1.0,0.0,0.0,0.0,0.0,0.0,0.0,0.0,0.0,0.0,1.0,0.0,1.0,-1.0,0.5081864311802899,0.2001928909265055,90b4ecec-33b9-4159-bf91-4b2d2218b97c
1.0,22.270384,70.1,40.0,0.0,1.0,0.0,1.0,0.0,0.0,0.0,0.0,0.0,0.0,0.0,0.0,-1.0,0.0,1.0,0.0,1.4672154334320668,1.186847308387483,46bc4f90-a6d7-4292-a447-5b907c092d67
1.0,35.31926,0.0,40.0,0.0,2.0,1.0,0.0,0.0,0.0,0.0,0.0,0.0,1.0,0.0,2.0,-1.0,5.0,5.0,0.0,3.91790722540762,0.6898183109573964,87e1c2da-b0a4-48c1-9006-4d73f49a815a
1.0,28.514208,9.400000000000006,27.900000000000006,0.0,2.0,1.0,0.0,0.0,1.0,0.0,0.0,0.0,0.0,0.0,-1.0,2.0,3.0,0.0,3.0,-2.292630061158211,1.2339658211440374,0d162604-8dd1-425a-ac16-44ae92e2940a
1.0,34.44198,0.0,39.900000000000006,0.0,2.0,1.0,0.0,0.0,0.0,0.0,0.0,0.0,1.0,0.0,2.0,-1.0,1.0,2.0,0.0,1.5422588893200322,0.4963074605051461,69cdd3bc-7f00-4b4a-bd6c-51578a34a847
1.0,43.16538,0.0,40.0,0.0,2.0,1.0,0.0,0.0,0.0,1.0,0.0,0.0,1.0,0.0,0.0,1.0,3.0,1.0,2.0,2.9769146072017705,0.3539710170901282,523b6296-e1b9-486d-95b1-3424d76d5b04
1.0,59.032196,111.8,7.600000000000001,0.0,3.0,1.0,0.0,0.0,0.0,0.0,0.0,0.0,0.0,0.0,0.0,1.0,2.0,2.0,0.0,0.6401149577155678,0.8830116201562583,935d5fc2-edd8-4210-b97d-084e732adfcc
1.0,56.35548,90.2,8.5,0.0,3.0,1.0,0.0,0.0,0.0,0.0,0.0,0.0,0.0,1.0,0.0,0.0,0.0,1.0,-1.0,-3.091811975167486,0.19416629795156062,0f1b8215-d9d1-47bd-b648-18c2644cb801
1.0,40.89022,0.0,40.0,0.0,2.0,1.0,0.0,0.0,0.0,1.0,0.0,0.0,1.0,0.0,-1.0,0.0,3.0,0.0,2.0,2.4932137976365527,0.24722002224563616,e99b4029-94ae-4575-9631-6e4b09065f6b
0.0,,,,,,,,,,,,,,,,,,,,,,f0d84393-7911-4529-948e-9fc71c0df366
1.0,19.06725,23.1,4.0,1.0,2.0,1.0,0.0,0.0,0.0,0.0,0.0,0.0,0.0,0.0,0.0,-3.0,1.0,0.0,1.0,2.571367574482636,0.4161632243555376,f337edea-1653-49cc-93cc-57f050665850
1.0,40.599754,0.0,40.0,0.0,1.0,1.0,0.0,0.0,0.0,0.0,0.0,0.0,1.0,0.0,3.0,-3.0,1.0,2.0,-1.0,6.021586872498599,0.1083230219500382,5d7a070b-b109-4870-97e9-f97a5ce16f8b
1.0,26.555979,21.900000000000006,23.299999999999997,0.0,1.0,1.0,0.0,0.0,1.0,0.0,0.0,1.0,0.0,0.0,0.0,0.0,2.0,-1.0,2.0,2.735069894776397,0.21408531883396373,485be020-60f5-401f-beb0-14e7fbd54c9f
1.0,12.169634,34.5,0.7999999999999972,0.0,2.0,1.0,0.0,0.0,0.0,0.0,0.0,0.0,0.0,0.0,3.0,1.0,2.0,1.0,1.0,1.4683301507468136,0.40163821260195676,b5187ada-e881-4c65-9dc5-db67bc1a557a
1.0,50.035686,59.8,15.700000000000003,0.0,3.0,1.0,0.0,0.0,0.0,1.0,0.0,0.0,0.0,0.0,0.0,2.0,2.0,1.0,1.0,-1.723800814766829,0.08433650469554908,4c79b613-b76b-4294-9bc5-1fad7160302e
1.0,2.7513633,80.5,9.600000000000001,1.0,2.0,0.0,1.0,0.0,0.0,0.0,0.0,0.0,0.0,1.0,-4.0,2.0,-2.0,-2.0,0.0,-6.209966719415468,0.3761550569462642,1421b4cb-5c61-4295-a8ed-a2ec4fb64adc
1.0,27.67255,1.5999999999999943,27.599999999999994,0.0,2.0,1.0,0.0,0.0,1.0,0.0,0.0,0.0,0.0,0.0,-1.0,4.0,1.0,2.0,1.0,-2.331935894516471,1.8654845055689964,9430c604-5b25-48e9-8a79-63af0ba089f9
1.0,42.17013,120.0,40.0,1.0,2.0,1.0,0.0,0.0,0.0,1.0,0.0,0.0,1.0,0.0,1.0,-2.0,-1.0,0.0,-1.0,-1.4457216547783558,0.29454167072000226,a75b9e87-48ff-4a7f-8887-b53f1bc22418
1.0,9.963935,48.7,11.399999999999999,0.0,2.0,1.0,0.0,0.0,0.0,0.0,0.0,0.0,0.0,0.0,2.0,0.0,-1.0,-1.0,0.0,2.4138961742359353,0.5126355546762867,7260e6c0-ef3c-4bb0-8b43-7ff3e9c70d4c
1.0,66.81437,113.0,4.100000000000001,0.0,4.0,1.0,0.0,0.0,0.0,0.0,1.0,0.0,0.0,0.0,2.0,-3.0,0.0,2.0,-2.0,7.491073837852868,0.10601374577577334,e5641e31-afcc-47fc-8fc0-66d634e3a806
1.0,62.67256,108.5,38.2,0.0,4.0,1.0,0.0,0.0,0.0,0.0,0.0,1.0,0.0,0.0,2.0,1.0,1.0,2.0,0.0,2.091472281456527,0.7107516546806416,07354f60-82d2-4f87-ad3d-f14f7034b372
1.0,29.98166,36.4,3.5,1.0,3.0,1.0,0.0,0.0,0.0,0.0,0.0,0.0,0.0,0.0,0.0,-2.0,2.0,0.0,2.0,4.327304434356176,1.324232009903873,968e8236-8df7-41e1-87b4-222cff60f99f
1.0,31.307827,14.099999999999994,40.0,0.0,2.0,1.0,0.0,0.0,0.0,0.0,0.0,0.0,0.0,0.0,2.0,1.0,3.0,2.0,1.0,-0.5441511327208648,0.004883554932598707,2a2739b4-3654-4fce-b687-65f3a054ce78
1.0,7.045566,95.3,31.5,0.0,1.0,1.0,0.0,0.0,0.0,0.0,0.0,0.0,0.0,0.0,1.0,-2.0,1.0,0.0,1.0,10.032850852944033,0.1530155862473115,1ed7e5d2-9028-4d50-b67a-058b174ccb1c
0.0,,,,,,,,,,,,,,,,,,,,,,8d89b413-73ad-4162-91a9-55660195e7a8
1.0,42.323162,8.0,3.799999999999997,1.0,4.0,1.0,0.0,0.0,0.0,0.0,0.0,0.0,0.0,0.0,0.0,1.0,0.0,-1.0,0.0,-2.1368702330687377,1.905550584069607,ee182d9d-64f8-4651-a578-9ab24d4f3ac4
1.0,56.724598,81.7,21.0,0.0,3.0,1.0,0.0,0.0,0.0,0.0,0.0,0.0,0.0,0.0,0.0,1.0,1.0,0.0,0.0,0.25643975895335736,0.6130487781198101,777240b8-4e6e-4043-aafd-cdca163d4707
1.0,45.481976,109.3,5.5,0.0,3.0,1.0,0.0,0.0,0.0,0.0,0.0,0.0,0.0,1.0,0.0,-2.0,0.0,2.0,-2.0,4.326607754940522,0.39223251742401377,c4116e33-4aea-4ca3-a347-237a54c0ac35
1.0,59.346104,113.1,6.799999999999997,0.0,3.0,1.0,0.0,0.0,0.0,0.0,0.0,0.0,0.0,0.0,1.0,-2.0,0.0,1.0,1.0,3.743759271935689,0.45187806651773016,9f2126fd-3c16-4402-9448-ab5559b399e1
1.0,72.29281,7.0,4.100000000000001,1.0,4.0,1.0,0.0,0.0,0.0,0.0,1.0,0.0,0.0,0.0,-2.0,0.0,-1.0,-1.0,1.0,-4.335989932649862,0.07812583175148036,c07875f7-22af-409b-bada-847d0c91990a
1.0,21.670717,31.799999999999997,28.5,0.0,2.0,0.0,0.0,1.0,0.0,0.0,0.0,0.0,0.0,0.0,2.0,2.0,2.0,2.0,0.0,-3.246618325053899,2.827816895093466,6bcf46ef-060c-4b0b-b83a-ff7a0950cd5d
1.0,71.40595,114.0,4.0,0.0,3.0,1.0,0.0,0.0,0.0,0.0,1.0,0.0,0.0,0.0,1.0,-1.0,1.0,2.0,-1.0,5.959890693425345,0.3422913466591764,a59217c7-0870-4733-945f-5060ef0027f7
1.0,33.4791,62.9,25.799999999999997,1.0,2.0,1.0,0.0,0.0,0.0,0.0,0.0,0.0,0.0,0.0,-1.0,-1.0,0.0,-1.0,1.0,-4.644484880172056,0.25096228155784306,06321a9d-ce50-4076-a015-61edc107d35c
1.0,9.2612095,28.0,6.799999999999997,0.0,2.0,1.0,0.0,0.0,0.0,0.0,0.0,0.0,0.0,1.0,1.0,2.0,2.0,1.0,1.0,3.922488511644298,0.3324092810359977,5697c2d2-01b2-431b-8a8e-243fdbc51747
1.0,29.058907,32.900000000000006,39.900000000000006,0.0,1.0,1.0,0.0,0.0,0.0,0.0,0.0,0.0,0.0,0.0,1.0,1.0,3.0,3.0,1.0,1.439859307806047,0.13176759742135333,764ac27f-655f-46fa-ba43-ca6effc8a08d
1.0,10.317461,83.6,27.400000000000006,0.0,2.0,1.0,0.0,0.0,0.0,0.0,0.0,0.0,0.0,0.0,-1.0,-1.0,1.0,0.0,1.0,-3.193233124840969,0.9773547844811302,09e6a654-c4be-4912-ba09-0efe682f86db
1.0,11.135978,85.6,25.400000000000006,0.0,2.0,1.0,0.0,0.0,0.0,0.0,0.0,0.0,0.0,0.0,1.0,-1.0,2.0,1.0,1.0,2.9657474819565084,0.06226517087179329,d18e1e13-6c46-4bf5-ba75-f9469ce1e54b
1.0,57.21547,94.2,18.4,0.0,3.0,1.0,0.0,0.0,0.0,0.0,0.0,0.0,0.0,0.0,0.0,2.0,2.0,0.0,2.0,-8.03370142621117,0.5332916980977204,41cbdb44-be01-4e08-8888-ff9158d96e64
1.0,27.58623,112.5,10.0,0.0,3.0,1.0,0.0,0.0,0.0,0.0,0.0,0.0,0.0,0.0,0.0,-2.0,1.0,1.0,1.0,2.54810163750342,0.4369522291962139,efc77800-014d-4176-8552-976b69927e50
1.0,61.07348,94.1,25.299999999999997,0.0,4.0,1.0,0.0,0.0,0.0,0.0,0.0,0.0,0.0,1.0,2.0,-2.0,0.0,1.0,-2.0,7.409400118508797,1.14602997365917,fbc9cd21-b5df-4bfd-bc1c-659ed6a1ede3
1.0,26.210304,28.9,21.6,1.0,3.0,1.0,0.0,0.0,0.0,0.0,0.0,0.0,0.0,0.0,0.0,4.0,1.0,-1.0,2.0,-4.875245028111658,0.3988060234774716,8ad1efbc-79f5-4b22-8aa9-d65173c79799
1.0,64.270836,63.3,18.1,0.0,3.0,1.0,0.0,0.0,0.0,0.0,0.0,0.0,0.0,0.0,0.0,2.0,0.0,-1.0,1.0,-1.3752465822308473,1.4394847874221783,01c3403a-d70d-44b6-9eb9-fbbc6e944890
1.0,38.091076,0.0,40.0,0.0,2.0,1.0,0.0,0.0,0.0,0.0,0.0,0.0,1.0,0.0,2.0,0.0,3.0,2.0,1.0,0.675431227732509,0.332363534495263,df679290-b59b-4156-934d-1b76699b40c4
1.0,76.88908,104.6,25.799999999999997,0.0,4.0,1.0,0.0,0.0,0.0,0.0,0.0,0.0,0.0,0.0,1.0,2.0,0.0,1.0,-1.0,2.4894994439252986,0.019991210631266024,cc48aef4-83c5-4640-8627-fc5d1c4363fd
1.0,30.85855,111.4,22.4,0.0,3.0,1.0,0.0,0.0,0.0,0.0,0.0,0.0,0.0,1.0,0.0,-5.0,-2.0,1.0,-3.0,8.383775663605684,0.021006524759671203,d75c67f2-1306-42c6-8b49-262417e7c029
1.0,31.618032,0.0,40.0,0.0,1.0,1.0,0.0,0.0,0.0,0.0,0.0,0.0,1.0,0.0,1.0,-1.0,4.0,4.0,-1.0,3.4558314056139396,0.890255632405664,5c3ee644-ac2f-469e-b80b-2577110a222c
1.0,61.90614,112.7,5.399999999999999,0.0,3.0,1.0,0.0,0.0,0.0,0.0,0.0,0.0,0.0,0.0,1.0,-1.0,0.0,1.0,-1.0,4.7905939014620245,0.36193330699288834,8a1dacaf-54b4-4223-ba04-fd3029b98b9e
1.0,47.20731,47.3,27.400000000000006,0.0,3.0,1.0,0.0,0.0,0.0,0.0,0.0,1.0,0.0,0.0,1.0,0.0,4.0,3.0,1.0,1.8834954469511018,0.15930577117002231,d4bcf6b0-b772-4722-bc9b-4cb543aa5895
1.0,71.92343,27.8,8.700000000000003,1.0,4.0,1.0,0.0,0.0,0.0,1.0,0.0,0.0,0.0,0.0,-1.0,-2.0,-1.0,-1.0,0.0,-5.716198788702144,0.4851752029866283,94cd2156-b46b-4411-a362-09a634f958c8
1.0,38.46297,93.9,7.299999999999997,0.0,3.0,1.0,0.0,0.0,0.0,0.0,0.0,0.0,0.0,0.0,2.0,0.0,0.0,0.0,-1.0,6.2630984789355875,0.8283385706480051,8196a47c-d0f4-4f3c-8bc8-6541fffb5719
1.0,29.13589,30.099999999999994,17.4,0.0,1.0,1.0,0.0,0.0,0.0,0.0,0.0,0.0,0.0,0.0,1.0,1.0,1.0,0.0,3.0,1.98217392802949,2.5221937941139587,e09eb703-ac3a-4d09-803d-2c6c62fcdc7c
1.0,28.045143,37.3,15.399999999999999,1.0,5.0,1.0,0.0,0.0,0.0,0.0,0.0,0.0,0.0,0.0,-1.0,1.0,0.0,0.0,-1.0,-2.5603069131571643,0.9545273330979552,ee12468b-0b49-4e68-9802-5ba2a6e2c402
1.0,13.300376,74.4,30.700000000000003,0.0,1.0,0.0,1.0,0.0,0.0,0.0,0.0,0.0,0.0,1.0,-1.0,-2.0,0.0,-1.0,1.0,-2.217715742399638,0.7083846119249353,a9c54685-ca88-4158-addc-fb174e7bec78
1.0,21.740746,58.6,28.299999999999997,0.0,2.0,1.0,0.0,0.0,0.0,0.0,0.0,0.0,0.0,1.0,1.0,0.0,0.0,0.0,0.0,4.559962193606661,0.4611417598046673,418c68cc-fae1-4a60-b14c-f0f343563903
1.0,36.121185,56.8,10.399999999999999,1.0,3.0,1.0,0.0,0.0,0.0,0.0,0.0,0.0,0.0,0.0,0.0,0.0,-1.0,-1.0,0.0,-3.5511605949526945,0.24836887804206742,068de13a-217c-4463-b72e-28fc10554eeb
1.0,70.60453,113.0,3.8999999999999986,0.0,4.0,1.0,0.0,0.0,0.0,0.0,1.0,0.0,0.0,0.0,2.0,1.0,1.0,0.0,0.0,1.0682956002618638,1.6819308907937702,f5b93095-be20-48eb-8bae-b352e6899f9b
1.0,74.092445,7.0,4.100000000000001,1.0,4.0,1.0,0.0,0.0,0.0,0.0,1.0,0.0,0.0,0.0,0.0,3.0,0.0,1.0,-1.0,-4.844307251262306,1.4519683328612938,6858f904-6e4a-4717-83bb-67c1d24a4f09
1.0,22.855415,58.2,40.0,1.0,1.0,1.0,0.0,0.0,0.0,0.0,0.0,0.0,0.0,0.0,-3.0,1.0,-1.0,0.0,0.0,-5.325258448785545,0.31227997663752327,c37e09b9-2a0c-4ad9-9b04-1cbb3f9eacbc
1.0,31.590189,27.099999999999994,22.700000000000003,0.0,1.0,1.0,0.0,0.0,1.0,0.0,0.0,1.0,0.0,0.0,2.0,2.0,3.0,1.0,2.0,-0.4464227846889095,0.3501262610833763,37db5810-6666-475e-94ad-93eba4fcc934
0.0,,,,,,,,,,,,,,,,,,,,,,04031da5-90e7-4f89-83ec-dfd20ec0724a
1.0,30.19023,99.5,40.0,1.0,2.0,1.0,0.0,0.0,0.0,0.0,0.0,0.0,0.0,0.0,-1.0,-1.0,-2.0,-1.0,-2.0,-4.987683042315727,0.7258322700770989,29272085-ba90-4517-8937-f27f81986715
1.0,29.694613,22.400000000000006,32.400000000000006,0.0,1.0,1.0,0.0,0.0,1.0,0.0,0.0,0.0,0.0,0.0,1.0,2.0,3.0,0.0,3.0,-0.8380268280635119,0.8717518085478139,ff558a0f-7eee-4407-a49b-2a135e30a3b5
1.0,66.877945,20.4,20.2,1.0,3.0,1.0,0.0,0.0,0.0,0.0,0.0,1.0,0.0,0.0,-3.0,2.0,-2.0,-1.0,0.0,-6.449579747868544,0.19612422004481608,bef709ad-f8ab-4a9f-9300-d20834c769f3
1.0,64.40846,113.0,3.8999999999999986,0.0,4.0,1.0,0.0,0.0,0.0,0.0,1.0,0.0,0.0,0.0,-1.0,-2.0,0.0,0.0,0.0,1.7068053945626138,0.15171674923382839,271b2664-c272-45f0-bd9f-8f5a2e2a1367
1.0,10.816654,63.6,35.2,1.0,2.0,1.0,0.0,0.0,0.0,0.0,0.0,0.0,0.0,0.0,-2.0,2.0,-1.0,-1.0,1.0,-6.09883304066746,0.2076925497258008,9941ef78-19ad-42ed-a6c1-13250a9afac8
1.0,34.524483,115.4,23.0,0.0,2.0,1.0,0.0,0.0,0.0,0.0,0.0,0.0,0.0,0.0,1.0,0.0,1.0,0.0,0.0,5.832550273765765,0.1091168131080059,b8405f62-dd8d-4f6e-82a0-bb08d9bb50be
1.0,72.867004,114.0,4.0,0.0,4.0,1.0,0.0,0.0,0.0,0.0,1.0,0.0,0.0,0.0,0.0,-1.0,0.0,1.0,-1.0,2.4455310827127033,0.4154661725941549,6add9fe4-032d-49fb-933f-5b1d2bd9bbf9
1.0,6.926038,62.6,30.099999999999994,0.0,3.0,1.0,0.0,0.0,0.0,0.0,0.0,0.0,0.0,1.0,3.0,-3.0,0.0,-2.0,1.0,9.211426609739538,0.0801232249965977,b45119fa-dc4f-40cc-8d71-1422dc7c5e50
0.0,,,,,,,,,,,,,,,,,,,,,,259eeb67-0e92-4143-9c1b-45388670f837
1.0,35.484364,0.0,40.0,0.0,1.0,1.0,0.0,0.0,0.0,0.0,0.0,0.0,1.0,0.0,-2.0,0.0,2.0,-2.0,2.0,2.159059149424821,0.6553472221518886,8ea2df5c-87d9-4027-a50b-04ee9f0dbe53
1.0,4.0,20.700000000000003,13.0,0.0,2.0,0.0,0.0,1.0,0.0,0.0,0.0,0.0,0.0,0.0,1.0,0.0,2.0,2.0,1.0,3.3086453723788978,0.524843468762235,5efda140-70cb-489b-9f28-aa60b00ddb7b
1.0,26.645262,32.900000000000006,12.799999999999997,0.0,1.0,1.0,0.0,0.0,0.0,0.0,0.0,1.0,0.0,0.0,0.0,1.0,1.0,1.0,1.0,2.3788634179270307,0.143627361310279,21f56c9a-b87c-4200-84df-fd7e59e6dfbe
1.0,53.17236,113.3,1.1000000000000014,0.0,4.0,1.0,0.0,0.0,0.0,0.0,0.0,0.0,0.0,0.0,0.0,1.0,0.0,1.0,-2.0,1.316860354878452,2.2467470855076273,a9721ff8-f85f-474b-9b44-b0e62f40491e
1.0,27.943514,3.200000000000003,23.6,0.0,2.0,1.0,0.0,0.0,1.0,0.0,0.0,0.0,0.0,0.0,-1.0,4.0,2.0,-1.0,3.0,-4.109899736903554,0.21083460286021788,8ae4f2ac-95fd-4db1-9343-cb4c2b8fa1ed
1.0,9.219544,63.4,1.1000000000000014,1.0,2.0,1.0,0.0,0.0,0.0,0.0,0.0,0.0,0.0,1.0,0.0,3.0,-1.0,0.0,-2.0,-2.404200718518217,0.37795900080861383,0a3e23c7-e437-4e12-a4ee-8298ea57b604
1.0,36.555984,97.0,25.200000000000003,1.0,2.0,1.0,0.0,0.0,1.0,0.0,0.0,0.0,0.0,0.0,0.0,-3.0,-2.0,0.0,-3.0,0.14196873824228895,0.29721521779456994,b0dfff90-1a7a-40cc-ae75-4fd186a7e4e5
1.0,37.91174,26.5,30.6,1.0,3.0,1.0,0.0,0.0,0.0,0.0,0.0,0.0,0.0,0.0,-2.0,3.0,0.0,-1.0,0.0,-6.956365409024929,0.5561482339621836,6dc0c3df-fb1f-400f-a4a7-4a5291e210b3
1.0,50.04518,105.4,33.099999999999994,0.0,3.0,1.0,0.0,0.0,0.0,0.0,0.0,0.0,0.0,0.0,2.0,-2.0,-1.0,1.0,1.0,5.439131894877879,0.09797996940128739,8eae3200-9ff8-47c1-9e1a-cba41050df79
1.0,38.211124,63.6,37.5,0.0,3.0,1.0,0.0,0.0,0.0,0.0,0.0,0.0,0.0,0.0,1.0,-1.0,-1.0,1.0,1.0,6.227753598584646,0.31946992336842467,53dac3bb-af4e-4515-b69b-fb6d1deb3d5e
1.0,70.538574,104.1,26.400000000000006,0.0,4.0,1.0,0.0,0.0,0.0,0.0,0.0,1.0,0.0,0.0,3.0,-2.0,-1.0,3.0,-2.0,7.489950682661901,0.6864489683313809,5a0783d8-8b72-487e-ac22-b52decac15e1
1.0,37.400803,0.0,39.900000000000006,0.0,2.0,1.0,0.0,0.0,0.0,0.0,0.0,0.0,1.0,0.0,2.0,2.0,2.0,1.0,2.0,1.9923804762775013,0.1605186306550582,ab59d1b1-4e1a-4fc4-a4f1-880fb964cf59
1.0,42.16456,93.8,19.200000000000003,0.0,3.0,1.0,0.0,0.0,0.0,0.0,0.0,0.0,0.0,0.0,2.0,-2.0,1.0,1.0,-1.0,8.507093089947407,0.3058988543116552,6339fb4a-817c-4d0c-8390-01f31e7e07b4
1.0,34.960693,33.400000000000006,32.7,0.0,1.0,1.0,0.0,0.0,1.0,0.0,0.0,0.0,0.0,0.0,1.0,4.0,3.0,1.0,1.0,-0.5330663621673652,0.38346805722393373,026190d9-45b2-4307-95d1-ff334e04bcb6
1.0,15.559563,32.1,21.5,1.0,3.0,1.0,0.0,0.0,0.0,0.0,0.0,0.0,0.0,1.0,2.0,1.0,0.0,1.0,0.0,2.806843566448949,0.6378905803341403,a79ce62d-fff8-4fd5-84dd-a4f71644be3b
1.0,33.9507,76.3,31.299999999999997,0.0,3.0,1.0,0.0,0.0,0.0,0.0,0.0,0.0,0.0,0.0,1.0,-1.0,0.0,1.0,0.0,4.210834591878985,2.1385100229124734,688d8588-4e4b-4554-9b6e-61d0f476f60b
1.0,21.533695,87.6,28.799999999999997,1.0,2.0,1.0,0.0,0.0,0.0,0.0,0.0,0.0,0.0,0.0,-1.0,1.0,-2.0,-1.0,0.0,-7.043988871102122,0.27789992342911296,984a9a9b-0b9d-41f9-81ac-7a3a0aff2aac
1.0,34.517532,0.0,39.900000000000006,0.0,1.0,1.0,0.0,0.0,0.0,0.0,0.0,0.0,1.0,0.0,4.0,-1.0,3.0,5.0,-1.0,1.9632297712941487,0.3968553248802447,87801efd-8e75-46eb-9e0a-0c10b2b344f0
1.0,68.04241,104.8,3.200000000000003,0.0,3.0,1.0,0.0,0.0,0.0,0.0,0.0,0.0,0.0,0.0,0.0,1.0,1.0,1.0,0.0,0.2287071768228186,0.38749998053593643,7d8e084f-777f-42f3-ac88-56f41688d11b
1.0,15.250574,56.2,22.6,1.0,4.0,1.0,0.0,0.0,0.0,0.0,0.0,0.0,0.0,0.0,-2.0,2.0,-1.0,-2.0,2.0,-6.414953242414637,0.10671218000988177,d1f795c1-b428-4ae5-9891-61c255b1cfcc
1.0,72.3204,80.6,15.200000000000003,0.0,4.0,1.0,0.0,0.0,0.0,1.0,0.0,1.0,0.0,0.0,2.0,1.0,2.0,0.0,2.0,5.514416469824648,0.32467037333167303,f4dc937d-4c4c-44ef-b965-9aff4875943e
1.0,8.367795,50.0,0.3999999999999986,1.0,1.0,1.0,0.0,0.0,0.0,0.0,0.0,0.0,0.0,0.0,-1.0,2.0,-1.0,-1.0,1.0,-6.7596865467377665,0.07684593752809438,6c44744d-9b30-41a8-b28c-a77fbe87f4b1
0.0,,,,,,,,,,,,,,,,,,,,,,ef1098cb-ff44-4eb8-ae46-cb7b911c2203
1.0,30.342215,33.2,26.299999999999997,0.0,1.0,1.0,0.0,0.0,1.0,0.0,0.0,1.0,0.0,0.0,2.0,1.0,5.0,4.0,0.0,3.6769921501501743,0.4722300612485629,1172f0c9-7075-482b-ac73-aa2371781a8a
0.0,,,,,,,,,,,,,,,,,,,,,,e84708ab-e57b-48ae-9510-2847ca38226d
0.0,,,,,,,,,,,,,,,,,,,,,,c4e565ef-c84d-4ccb-b115-7907a65db526
1.0,65.70122,2.5,15.799999999999997,1.0,4.0,1.0,0.0,0.0,0.0,0.0,0.0,0.0,0.0,0.0,-2.0,0.0,-1.0,-1.0,0.0,-4.753851816471369,0.5010883654921047,aae57faa-1ec7-491c-92ee-9fcdc4ffcaf8
1.0,61.745445,39.5,23.0,1.0,4.0,1.0,0.0,0.0,0.0,1.0,0.0,0.0,0.0,0.0,0.0,-1.0,2.0,1.0,1.0,-2.624382496979777,0.8707096404515151,da2d17de-967e-4d9b-9ef7-763345e19b49
1.0,31.375309,77.1,15.799999999999997,0.0,3.0,1.0,0.0,0.0,0.0,0.0,0.0,0.0,0.0,0.0,1.0,0.0,2.0,3.0,-1.0,-0.13411551214725215,0.3728669929168245,6faa70f5-2a33-47d1-abd8-dfb87c83bbcf
1.0,49.600906,111.1,5.100000000000001,0.0,2.0,1.0,0.0,0.0,0.0,0.0,0.0,0.0,0.0,1.0,1.0,0.0,0.0,1.0,-1.0,3.80663126395802,0.29479103203207935,0f6dfbc3-a9b0-46ab-9979-6aea74707f6f
1.0,44.846962,64.4,1.2000000000000028,0.0,2.0,1.0,0.0,0.0,0.0,0.0,0.0,0.0,0.0,0.0,0.0,0.0,0.0,0.0,0.0,1.1599919832697285,0.046297823022757825,a78e9954-5f4e-472a-a8dd-9c93602193c9
1.0,38.923645,31.599999999999994,30.099999999999994,0.0,2.0,1.0,0.0,0.0,1.0,0.0,0.0,0.0,0.0,0.0,0.0,4.0,1.0,0.0,2.0,5.382055460352369,0.3225702327860217,1cb8b961-f5c9-461b-b676-6159ded97f23
1.0,64.23582,74.6,7.399999999999999,0.0,3.0,1.0,0.0,0.0,0.0,0.0,0.0,0.0,0.0,0.0,1.0,1.0,0.0,-1.0,0.0,4.440622159459574,0.048757242920025715,beca7e79-f999-47db-ba7c-14c41c880bb1
1.0,47.296936,0.0,40.0,0.0,2.0,1.0,0.0,0.0,0.0,1.0,0.0,0.0,1.0,0.0,-1.0,5.0,3.0,-1.0,5.0,-1.1144296288645865,0.013883809293056756,8b77b0cc-0882-40ca-b4ed-1bcd05dbc085
1.0,57.744698,113.3,32.2,0.0,4.0,1.0,0.0,0.0,0.0,0.0,0.0,1.0,0.0,0.0,3.0,-3.0,1.0,2.0,-2.0,6.9400222112983005,0.29755862744434447,2a06a105-139c-4198-81fe-0fa51ee084bd
1.0,63.191536,114.0,4.0,0.0,2.0,1.0,0.0,0.0,0.0,0.0,1.0,0.0,0.0,0.0,1.0,1.0,1.0,-1.0,2.0,-0.4116911203683814,0.7880540806166587,d3aefc7d-84f8-4f80-9cf6-22a8673014c8
1.0,25.119116,35.9,20.1,1.0,2.0,1.0,0.0,0.0,0.0,0.0,0.0,0.0,0.0,0.0,-3.0,2.0,0.0,-2.0,2.0,-3.435418393955992,0.5375819878964571,efd21cce-60c2-497d-9cf8-1ff78165315f
1.0,51.50854,40.5,30.099999999999994,0.0,3.0,1.0,0.0,0.0,0.0,1.0,0.0,0.0,0.0,0.0,0.0,2.0,0.0,0.0,0.0,1.3826027467416964,0.22290098838150454,bd0a6e58-6773-40da-a330-cad0661302ab
1.0,27.765085,56.5,35.900000000000006,0.0,3.0,1.0,0.0,0.0,0.0,0.0,0.0,0.0,0.0,0.0,3.0,-1.0,0.0,1.0,1.0,5.201809143454256,0.8611946293820798,284e2dff-2660-4553-aa9a-af69aa5beb31
1.0,23.076612,46.0,8.0,1.0,3.0,1.0,0.0,0.0,0.0,0.0,0.0,0.0,0.0,0.0,-1.0,1.0,0.0,0.0,0.0,-5.9270833013689215,0.07901233769179203,a16c20e3-a776-464d-9121-7b223833921b
1.0,18.022764,51.2,2.200000000000003,0.0,1.0,1.0,0.0,0.0,0.0,0.0,0.0,0.0,0.0,1.0,0.0,0.0,0.0,-1.0,1.0,4.958860051360098,0.1517818065997803,d9e77643-2a2e-4d8e-886e-8f7ca15cda82
1.0,34.38037,6.0,2.1000000000000014,1.0,3.0,1.0,0.0,0.0,0.0,0.0,0.0,0.0,0.0,0.0,-2.0,2.0,0.0,-1.0,2.0,-8.951967841969799,0.16547080305372422,308bdf9e-39d4-4474-a40c-8eeb9a705892
1.0,50.128834,113.0,3.8999999999999986,0.0,3.0,1.0,0.0,0.0,0.0,0.0,1.0,0.0,0.0,0.0,-1.0,2.0,-1.0,-2.0,1.0,0.9805671638178755,1.502952512645149,48df4109-30b8-4d15-8a81-ea17f4bcbdf4
1.0,14.31363,47.3,24.900000000000006,0.0,2.0,1.0,0.0,0.0,0.0,0.0,0.0,0.0,0.0,0.0,2.0,-1.0,-2.0,1.0,-3.0,6.595044359448909,1.2649617556554271,d09ac5fd-4218-499f-9312-9cdfbe2605c3
1.0,11.410959,86.4,21.200000000000003,0.0,2.0,1.0,0.0,0.0,0.0,0.0,0.0,0.0,0.0,1.0,-1.0,0.0,-2.0,0.0,-2.0,-1.5153924918163835,0.3256092839889422,b908d22f-5bbe-4a7b-96bc-e246fcb5f78e
1.0,56.65139,109.7,7.200000000000003,0.0,3.0,1.0,0.0,0.0,0.0,0.0,0.0,0.0,0.0,1.0,1.0,0.0,0.0,0.0,0.0,7.419956537382221,2.763877109059024,d66eed59-da9c-4b36-a084-8ea841ecbc32
1.0,45.886055,72.8,22.200000000000003,0.0,3.0,1.0,0.0,0.0,0.0,0.0,0.0,0.0,0.0,0.0,2.0,0.0,2.0,3.0,1.0,3.9262414659895417,0.28283559877728554,69198424-fb64-449c-9157-62d5980411fe
1.0,56.35601,114.7,6.100000000000001,0.0,3.0,1.0,0.0,0.0,0.0,0.0,0.0,0.0,0.0,0.0,1.0,1.0,-1.0,-1.0,0.0,4.777906064330889,0.6355825808165299,6189f617-3bb8-4f0f-9013-e5a3fb303bf0
1.0,14.378456,38.8,5.0,1.0,2.0,1.0,0.0,0.0,0.0,0.0,0.0,0.0,0.0,0.0,0.0,2.0,0.0,0.0,1.0,-5.8495994377438905,0.6933339010840025,977f2672-c301-412f-8120-a7c063acb473
1.0,67.019104,6.0,4.0,1.0,3.0,1.0,0.0,0.0,0.0,0.0,1.0,0.0,0.0,0.0,-2.0,2.0,1.0,-1.0,3.0,-5.4465691674030685,0.5412572732032508,89406d33-4ec6-4eb4-b91e-595cb7e60b41
1.0,59.460995,83.8,2.3999999999999986,0.0,4.0,1.0,0.0,0.0,0.0,0.0,0.0,0.0,0.0,0.0,3.0,1.0,0.0,1.0,-1.0,4.761591612162179,0.4148377212664474,4c620809-acf8-4e37-9216-6fb7fbeff298
1.0,47.178066,4.4,8.299999999999997,1.0,3.0,1.0,0.0,0.0,0.0,0.0,0.0,0.0,0.0,0.0,0.0,-1.0,-1.0,-1.0,0.0,2.7691392311469567,0.17320522977916755,c9d705ed-03c0-4af2-b8f7-4687a4dcb68d
1.0,3.0805843,73.6,13.600000000000001,0.0,1.0,0.0,0.0,1.0,0.0,0.0,0.0,0.0,0.0,0.0,2.0,0.0,1.0,1.0,1.0,1.7998696394597689,0.7461229516381024,1443cbbc-c47d-44dc-8315-7d9b9c77d813
1.0,22.898909,30.7,17.799999999999997,1.0,3.0,1.0,0.0,0.0,0.0,0.0,0.0,0.0,0.0,0.0,0.0,0.0,1.0,1.0,0.0,-3.6788805410214787,0.20093068379335713,cef906ed-6afb-45d7-ae29-16a8920c852d
1.0,68.11057,7.0,3.8999999999999986,1.0,4.0,1.0,0.0,0.0,0.0,0.0,1.0,0.0,0.0,0.0,-3.0,-1.0,-2.0,-1.0,-1.0,-1.8783118781944372,0.38907436891602243,dc6fef50-90bb-4403-aa75-81724da83915
1.0,57.377785,81.8,35.3,1.0,3.0,1.0,0.0,0.0,0.0,1.0,0.0,1.0,0.0,0.0,0.0,-4.0,-3.0,0.0,-3.0,0.9513667665083876,0.4269521542157861,45ae402d-b43d-4089-b6f7-2f4f8badb795
1.0,9.330059,12.700000000000003,16.1,0.0,1.0,1.0,0.0,0.0,0.0,0.0,0.0,0.0,0.0,1.0,1.0,1.0,2.0,1.0,1.0,0.33257755157474733,2.3987139202230208,17971a5b-bb49-4fbc-8bcb-c9e16ebda517
1.0,28.534365,110.9,40.0,1.0,1.0,1.0,0.0,0.0,0.0,0.0,0.0,0.0,0.0,0.0,-3.0,0.0,-3.0,0.0,-2.0,-0.47568520319430174,0.1278189398794425,dbf2369b-5111-4986-ac43-51f10ae84fb8
1.0,40.383785,0.0,40.0,0.0,1.0,1.0,0.0,0.0,0.0,0.0,0.0,0.0,1.0,0.0,1.0,1.0,2.0,0.0,3.0,0.2962887084783752,0.2907785664575041,aa4e5855-279a-490a-bb29-770fd1304f46
1.0,63.49433,94.1,9.700000000000003,0.0,3.0,1.0,0.0,0.0,0.0,0.0,0.0,0.0,0.0,0.0,0.0,3.0,0.0,0.0,0.0,-4.6587422625507,0.36269429573297446,1e1a0282-bb38-42c8-8f29-0b6a716f5834
1.0,24.546486,42.0,29.299999999999997,0.0,2.0,1.0,0.0,0.0,0.0,0.0,0.0,0.0,0.0,0.0,2.0,-2.0,3.0,3.0,-1.0,5.816348027797168,0.33116204207260463,68dc58ed-0e57-49d3-9d25-630612ecfcf2
1.0,57.126614,113.3,20.9,0.0,4.0,1.0,0.0,0.0,0.0,0.0,0.0,0.0,0.0,0.0,2.0,0.0,0.0,0.0,0.0,3.175751819080139,0.8950241167746508,2d70ace8-b441-47a6-9d4d-88c2e1ba915a
1.0,47.844852,80.2,37.8,0.0,3.0,1.0,0.0,0.0,0.0,0.0,0.0,0.0,0.0,0.0,0.0,1.0,0.0,1.0,-1.0,2.2338293383058296,2.6983068677398956,a67c913b-4e10-4ec2-a061-90add50246d8
1.0,34.149376,22.700000000000003,40.0,0.0,2.0,1.0,0.0,0.0,0.0,0.0,0.0,0.0,0.0,0.0,2.0,-1.0,6.0,5.0,0.0,7.181935886103293,0.33802860691589376,37252f97-54a3-4bc1-92be-426c8cdb0d69
1.0,43.166885,75.3,35.2,0.0,2.0,1.0,0.0,0.0,0.0,0.0,0.0,0.0,0.0,0.0,1.0,2.0,0.0,-1.0,0.0,0.44171829200470825,1.8126740428851977,b88f34e0-58dc-48cd-a61a-48dc0e132c60
1.0,37.47746,25.5,36.5,0.0,2.0,1.0,0.0,0.0,1.0,0.0,0.0,1.0,0.0,0.0,1.0,1.0,4.0,3.0,2.0,-2.9917943085667025,0.6339367749808177,3f722291-557c-4ff3-8cbe-93c698825e8c
1.0,45.348537,77.8,30.099999999999994,0.0,4.0,1.0,0.0,0.0,0.0,0.0,0.0,0.0,0.0,0.0,2.0,0.0,1.0,-1.0,2.0,3.37734338717672,0.9288117467160846,223b9715-592e-49df-80d3-27336a4fb450
1.0,35.034267,32.900000000000006,12.5,0.0,5.0,1.0,0.0,0.0,0.0,0.0,0.0,0.0,0.0,0.0,2.0,2.0,1.0,2.0,-1.0,7.335658264300435,0.9696669402766555,bc377ae2-eec0-414f-a516-d10d3e155a5c
1.0,10.971326,39.2,31.900000000000006,0.0,1.0,1.0,0.0,0.0,0.0,0.0,0.0,0.0,0.0,0.0,2.0,1.0,0.0,1.0,0.0,3.012308581332449,0.22889659890999955,32167b16-b6db-4f14-ba67-bbff5daa72ee
1.0,59.124447,112.6,5.5,0.0,4.0,1.0,0.0,0.0,0.0,0.0,0.0,0.0,0.0,0.0,0.0,0.0,-1.0,0.0,-2.0,2.148723052049278,0.037214781847531034,0819a334-c2c2-409d-9b6a-7d345a8ffee0
1.0,26.990368,110.2,40.0,1.0,2.0,1.0,0.0,0.0,0.0,0.0,0.0,0.0,0.0,0.0,-3.0,0.0,-2.0,-3.0,1.0,-4.395915330363276,0.09578688711830183,afe7f669-ec3b-4001-8b67-66365b6aa5ca
1.0,8.542833,50.900000000000006,26.599999999999994,0.0,3.0,1.0,0.0,0.0,0.0,0.0,0.0,0.0,0.0,0.0,0.0,1.0,-1.0,0.0,0.0,-4.914324189998456,0.06365639958649942,0e2184d8-8989-43b5-8a07-cd1c08086f9c
1.0,10.080674,103.8,17.700000000000003,1.0,2.0,1.0,0.0,0.0,0.0,0.0,0.0,0.0,0.0,1.0,-2.0,1.0,-1.0,-1.0,-1.0,-1.6835376440143266,0.07007269748813155,e92448ef-5ae1-4464-a18a-e4b9614b5651
1.0,4.016217,14.299999999999997,7.799999999999997,0.0,1.0,1.0,0.0,0.0,0.0,0.0,0.0,0.0,0.0,1.0,2.0,-1.0,2.0,2.0,0.0,2.4179393974610575,0.561651432592107,aaedf579-a311-41f7-8010-0e465b879775
0.0,,,,,,,,,,,,,,,,,,,,,,ed2818a4-c60b-405a-934d-a97c5879a207
1.0,54.72586,56.7,25.799999999999997,1.0,2.0,1.0,0.0,0.0,0.0,0.0,0.0,1.0,0.0,0.0,-1.0,-3.0,-2.0,1.0,-3.0,5.296514238230192,0.44229822208409875,ae76b57b-f5df-4cbe-ae66-d3a610849d33
1.0,15.988121,20.700000000000003,8.399999999999999,0.0,2.0,1.0,0.0,0.0,0.0,0.0,0.0,0.0,0.0,1.0,-1.0,1.0,0.0,-1.0,1.0,-0.7368302651363967,0.5800425341757725,d7a83fe1-e08d-4122-b7d9-8a6138fa341c
1.0,60.42392,104.8,6.200000000000003,0.0,5.0,1.0,0.0,0.0,0.0,0.0,0.0,0.0,0.0,0.0,-1.0,-2.0,-2.0,1.0,-4.0,1.6048935262998505,0.22911336558382353,2276ae12-7870-4f64-9374-ecf54aea54ce
1.0,53.20761,109.9,6.399999999999999,0.0,3.0,1.0,0.0,0.0,0.0,0.0,0.0,0.0,0.0,0.0,2.0,0.0,2.0,1.0,1.0,6.338137035947396,0.04952580012490511,bc63fa01-3428-4c68-ac7f-e7d51ecc31b8
0.0,,,,,,,,,,,,,,,,,,,,,,733a54ec-421b-4bb8-a8da-6af042de7da8
1.0,35.75262,68.9,17.4,1.0,2.0,1.0,0.0,0.0,0.0,0.0,0.0,0.0,0.0,0.0,-1.0,-4.0,-2.0,0.0,-3.0,4.677517203588508,0.8208306749312653,59bf0548-5a3a-46f9-9415-02e30be2fdff
1.0,52.737556,110.5,11.799999999999997,0.0,3.0,1.0,0.0,0.0,0.0,0.0,0.0,0.0,0.0,0.0,2.0,-2.0,0.0,1.0,-1.0,8.39358486608964,1.5857095244315105,c359f5f8-ccaf-4c3c-ae8d-6b044459de4d
1.0,13.978555,61.9,16.9,0.0,2.0,1.0,0.0,0.0,0.0,0.0,0.0,0.0,0.0,1.0,0.0,-1.0,-1.0,0.0,-1.0,3.760762994430215,0.5946871862343763,42adfac3-728f-4c2a-b1b5-9994da8cb2f0
1.0,56.908524,114.1,10.200000000000003,0.0,3.0,1.0,0.0,0.0,0.0,0.0,0.0,0.0,0.0,1.0,2.0,-1.0,0.0,0.0,-2.0,7.865368585460261,0.30656150652110215,2f413f32-b1a7-4771-a76e-b19db5876255
1.0,51.344814,81.0,10.600000000000001,0.0,3.0,1.0,0.0,0.0,0.0,0.0,0.0,0.0,0.0,0.0,2.0,-2.0,0.0,1.0,-1.0,11.080943219187889,1.3337438867483882,00e0a470-9268-486c-a9e0-8fe98523c618
1.0,63.883957,7.0,3.8999999999999986,1.0,3.0,1.0,0.0,0.0,0.0,0.0,1.0,0.0,0.0,0.0,-1.0,3.0,-2.0,-1.0,0.0,-6.309398105927576,0.3590525563981845,aa54d171-6167-4267-9721-658d11e6fe8e
1.0,41.44611,3.0,36.400000000000006,1.0,3.0,1.0,0.0,0.0,0.0,0.0,0.0,0.0,0.0,0.0,0.0,3.0,0.0,-1.0,2.0,-2.312485335136735,0.14264718288698852,664efa1d-86b4-4b3f-a72c-2162e6f9b63f
1.0,9.767292,68.7,10.2,1.0,3.0,1.0,0.0,0.0,0.0,0.0,0.0,0.0,0.0,1.0,1.0,-1.0,0.0,0.0,-1.0,2.612158190761262,0.5898562511433075,b13b77b9-e9e8-4ef2-bbe1-7ffe1e4d6e39
1.0,56.446877,109.1,3.700000000000003,0.0,3.0,1.0,0.0,0.0,0.0,0.0,0.0,0.0,0.0,0.0,2.0,0.0,1.0,0.0,0.0,4.367771620287577,0.2880497319343924,190917b7-de98-48c6-b9b0-b80d546de283
1.0,26.37821,95.6,9.100000000000001,0.0,2.0,1.0,0.0,0.0,0.0,0.0,0.0,0.0,0.0,0.0,0.0,0.0,-1.0,0.0,0.0,8.01170683720532,0.49807514146229226,3ed4f255-af99-40ee-b88b-fc08e7ab408b
1.0,23.971024,45.099999999999994,1.1000000000000014,0.0,2.0,1.0,0.0,0.0,0.0,0.0,0.0,0.0,0.0,0.0,1.0,1.0,0.0,-1.0,1.0,6.285500904444438,0.5157962769170219,08a9fbcb-cc52-41b8-82ab-2e3c2b771ac0
1.0,26.88215,22.4,11.299999999999997,1.0,5.0,0.0,1.0,0.0,0.0,0.0,0.0,0.0,0.0,0.0,-2.0,1.0,-1.0,-2.0,0.0,-6.85163524637107,0.5332938085285792,12617fa9-ffe4-4f0c-bd6c-642bbac3531e
1.0,44.57275,52.7,15.100000000000001,0.0,2.0,1.0,0.0,0.0,0.0,0.0,0.0,0.0,0.0,0.0,1.0,0.0,0.0,0.0,0.0,7.835985051998831,1.2506463961300267,b0ef2fbf-2c38-4ab0-bcf4-422892b857a4
1.0,26.08927,32.7,33.099999999999994,0.0,2.0,1.0,0.0,0.0,0.0,0.0,0.0,0.0,0.0,0.0,1.0,1.0,2.0,1.0,1.0,1.342112139639978,0.07232734055009633,44183e36-0036-48a6-9f18-375f7f9d3af0
0.0,,,,,,,,,,,,,,,,,,,,,,01b936c5-858e-4776-90a6-2b8858af5b2a
0.0,,,,,,,,,,,,,,,,,,,,,,d3d88a6b-27b3-40cb-8d61-6cf70e4cae23
1.0,83.459274,7.0,3.8999999999999986,1.0,5.0,1.0,0.0,0.0,0.0,0.0,1.0,0.0,0.0,0.0,-1.0,-1.0,0.0,-1.0,1.0,-4.919583907972099,0.35839146531065663,7675e847-c0bf-42c5-9fd0-84227f272571
1.0,42.714165,0.0,40.0,0.0,2.0,1.0,0.0,0.0,0.0,1.0,0.0,0.0,1.0,0.0,0.0,4.0,1.0,-1.0,2.0,0.6870237137853934,0.16494655114482132,bf3aebcd-c680-4b6c-8184-e92b4fe90294
1.0,48.914722,71.7,34.5,0.0,2.0,1.0,0.0,0.0,0.0,0.0,0.0,1.0,0.0,0.0,3.0,1.0,0.0,0.0,1.0,4.448683734490263,1.4583873630281967,28616b2d-0dc2-4c95-bc62-70fdcbfcc0a0
1.0,16.801191,16.0,22.299999999999997,1.0,4.0,0.0,0.0,1.0,0.0,0.0,0.0,0.0,0.0,0.0,-1.0,0.0,0.0,0.0,0.0,-3.941606499833082,0.08985431856030415,b45157c3-ca34-4a8a-8911-9032aeeef988
1.0,53.707542,33.6,24.799999999999997,1.0,2.0,1.0,0.0,0.0,0.0,0.0,0.0,0.0,0.0,1.0,-1.0,0.0,-1.0,0.0,0.0,-10.2525421778097,0.5937555620190181,655cf536-4880-4759-8b3b-0b5284366dac
1.0,35.764927,20.900000000000006,35.3,0.0,2.0,1.0,0.0,0.0,1.0,0.0,0.0,0.0,0.0,0.0,0.0,3.0,4.0,2.0,3.0,-5.9735228937663045,1.4693833152774773,1c15ed70-b9ad-45ae-89ae-98c22b7af00d
1.0,20.518284,29.0,40.0,1.0,1.0,1.0,0.0,0.0,0.0,0.0,0.0,0.0,0.0,0.0,0.0,3.0,0.0,-2.0,0.0,-3.3646586121624016,1.7111836601370907,7d74f83c-228f-4b21-9ac9-df779a119e45
1.0,56.09715,10.3,14.399999999999999,1.0,2.0,1.0,0.0,0.0,0.0,0.0,0.0,0.0,0.0,0.0,-1.0,1.0,1.0,0.0,0.0,-5.046086682679013,0.14406481653224193,564e6761-c1cf-4072-ad63-fde1e60c208f
1.0,28.839209,15.599999999999994,33.5,0.0,4.0,0.0,1.0,0.0,1.0,0.0,0.0,0.0,0.0,0.0,2.0,0.0,3.0,3.0,0.0,2.4076046333552763,0.6690622510322581,7dbda998-bce6-4edf-ad93-80e98c6fa68a
1.0,76.005325,113.0,4.100000000000001,0.0,5.0,1.0,0.0,0.0,0.0,0.0,1.0,0.0,0.0,0.0,0.0,1.0,-1.0,1.0,-1.0,2.523301312764744,0.15239695313149712,d146d0b5-9496-49d4-886e-e15a0f12bb36
1.0,72.44874,113.0,3.8999999999999986,0.0,3.0,1.0,0.0,0.0,0.0,0.0,1.0,0.0,0.0,0.0,3.0,-2.0,-1.0,1.0,-2.0,6.628320903721972,0.13446478852350868,b1a2a599-9912-48a3-893a-f4c2c2144c50
1.0,47.397152,82.8,5.899999999999999,0.0,3.0,1.0,0.0,0.0,0.0,0.0,0.0,0.0,0.0,0.0,-2.0,3.0,-2.0,-1.0,0.0,-3.6136413115213504,0.1731941484014693,0ee121f3-0451-4d89-bd53-d064579565ee
1.0,20.155643,11.299999999999997,40.0,0.0,1.0,1.0,0.0,0.0,0.0,0.0,0.0,0.0,0.0,0.0,3.0,0.0,0.0,1.0,0.0,2.906187122577368,1.0173742790541513,05ef4024-070e-42ca-a363-4de11035f519
1.0,22.287441,95.8,26.200000000000003,0.0,2.0,1.0,0.0,0.0,0.0,0.0,0.0,0.0,0.0,0.0,1.0,-1.0,-1.0,1.0,-2.0,4.92388145707211,0.07688454928441091,27476704-2b57-41ac-8765-551e49eec237
1.0,22.99239,32.599999999999994,39.900000000000006,0.0,3.0,1.0,0.0,0.0,0.0,0.0,0.0,0.0,0.0,0.0,1.0,3.0,4.0,2.0,2.0,4.238242857244723,0.34016680167967894,af923531-373d-472f-9ea7-37dbc29ce74b
1.0,37.26473,54.8,32.8,0.0,2.0,1.0,0.0,0.0,0.0,0.0,0.0,1.0,0.0,0.0,2.0,0.0,1.0,1.0,0.0,9.612785733758805,0.1846323041029027,d01f3202-6ab4-4a14-b9b1-b29bb576ac5c
1.0,38.084774,16.3,36.9,1.0,2.0,1.0,0.0,0.0,0.0,0.0,0.0,0.0,0.0,0.0,-1.0,0.0,-1.0,0.0,-1.0,-3.043237676768396,0.4725738172238012,1fcb1b93-89b4-45d8-83c0-b96a784ce44f
1.0,33.81198,75.8,23.1,0.0,2.0,1.0,0.0,0.0,0.0,0.0,0.0,0.0,0.0,1.0,2.0,-2.0,-2.0,0.0,-2.0,5.909513777514746,0.15315832127359194,7ee17bd5-f420-46d1-8a2b-7e536b9a4e2e
1.0,16.500303,61.8,17.1,0.0,2.0,1.0,0.0,0.0,0.0,0.0,0.0,0.0,0.0,0.0,0.0,-3.0,1.0,-1.0,2.0,5.469963977106396,0.5969933714765832,cca5354b-2eed-459f-b7d4-a9bf030a15b1
0.0,,,,,,,,,,,,,,,,,,,,,,ec7c5753-0a02-483d-a340-d18f85f5d675
1.0,21.300234,62.8,24.7,1.0,2.0,1.0,0.0,0.0,0.0,0.0,0.0,0.0,0.0,0.0,-3.0,3.0,0.0,-3.0,1.0,-6.414630214464652,0.4800377874556942,8776d5e4-fc4b-49db-9b36-b37e62e8bd31
1.0,64.70132,22.9,22.9,1.0,4.0,1.0,0.0,0.0,0.0,0.0,0.0,1.0,0.0,0.0,-2.0,3.0,2.0,-1.0,2.0,-8.983985535259837,0.6231053307314975,89bf5f98-565d-4505-8220-4d8848822e7a
1.0,41.81196,0.0,39.900000000000006,0.0,1.0,1.0,0.0,0.0,0.0,1.0,0.0,0.0,1.0,0.0,-1.0,2.0,3.0,2.0,1.0,1.299596184887825,0.12938262329007408,a5ae3ca8-244c-463d-a3c6-c1602927017d
1.0,41.81196,0.0,39.900000000000006,0.0,3.0,1.0,0.0,0.0,0.0,1.0,0.0,0.0,1.0,0.0,-1.0,1.0,4.0,4.0,1.0,1.4403014046254121,0.7539041195378907,2929dea8-bb59-4b4d-8eac-223c97d8048d
0.0,,,,,,,,,,,,,,,,,,,,,,cb644553-cfca-48ed-81b4-85fccbadb79f
1.0,12.408464,21.799999999999997,12.5,0.0,2.0,1.0,0.0,0.0,0.0,0.0,0.0,0.0,0.0,0.0,3.0,0.0,1.0,1.0,0.0,1.908593727805383,0.07277504545804016,0ffd003b-2485-49d1-a118-18670c9744f3
1.0,41.33207,57.1,9.0,0.0,7.0,1.0,0.0,0.0,0.0,0.0,0.0,1.0,0.0,0.0,1.0,0.0,-1.0,-1.0,0.0,2.074518937492027,0.5501065196068939,982d7167-61c9-4078-89d5-22b4d11863ca
1.0,64.17928,7.0,3.8999999999999986,1.0,4.0,1.0,0.0,0.0,0.0,0.0,1.0,0.0,0.0,0.0,-2.0,0.0,2.0,-1.0,2.0,-5.309315312141444,0.08154412348162819,19d09ef1-427d-43b8-8d2c-a2646eea6551
1.0,67.81888,114.0,4.0,0.0,6.0,1.0,0.0,0.0,0.0,0.0,1.0,0.0,0.0,0.0,2.0,-2.0,0.0,0.0,-1.0,5.605608243436617,0.7474101328824639,269cebca-4357-41cd-a387-9f5dc2faefac
1.0,37.769035,38.900000000000006,30.599999999999994,0.0,2.0,1.0,0.0,0.0,0.0,0.0,0.0,1.0,0.0,0.0,4.0,1.0,4.0,3.0,1.0,-1.2673853611018375,0.5102798406205103,f0c6246b-9d2b-4e06-83b2-2cfbb19d2c21
1.0,64.93666,74.7,37.900000000000006,0.0,4.0,1.0,0.0,0.0,0.0,1.0,0.0,0.0,0.0,0.0,0.0,2.0,1.0,-1.0,1.0,-2.57226308752092,0.9506022436949305,4fbde7d4-d8af-42f4-a75a-1ea17797dba4
1.0,32.409874,17.299999999999997,36.3,0.0,1.0,1.0,0.0,0.0,1.0,0.0,0.0,0.0,0.0,0.0,1.0,2.0,2.0,1.0,2.0,-0.7642577102120942,0.610769533868155,054f7094-b0a8-4a63-86c2-98d9d12446d5
1.0,31.054308,20.599999999999994,25.200000000000003,0.0,2.0,1.0,0.0,0.0,1.0,0.0,0.0,0.0,0.0,0.0,0.0,1.0,1.0,0.0,2.0,-2.476247128598837,0.5868536134289507,e912ee4c-6fe9-4d8e-a2b4-ee80ddf87380
1.0,50.07764,93.6,34.7,0.0,2.0,1.0,0.0,0.0,0.0,0.0,0.0,0.0,0.0,0.0,1.0,0.0,1.0,1.0,0.0,3.0633655227302725,3.020776817495207,5018b001-8a05-4f11-a9a5-c60fce40c3a8
1.0,24.290945,44.599999999999994,40.0,0.0,1.0,1.0,0.0,0.0,0.0,0.0,0.0,0.0,0.0,0.0,0.0,0.0,1.0,1.0,0.0,2.124747424443826,1.6567693120924645,dc07dd67-fdf5-4ec0-be55-7aff865f937a
1.0,11.360018,94.8,21.299999999999997,0.0,3.0,0.0,1.0,0.0,0.0,0.0,0.0,0.0,0.0,1.0,1.0,-1.0,0.0,0.0,0.0,2.9325871427336203,1.7463000152391013,fee2f112-fa0a-443d-ae79-811bc3b8b235
1.0,34.565445,0.0,40.0,0.0,1.0,1.0,0.0,0.0,0.0,0.0,0.0,0.0,1.0,0.0,0.0,1.0,4.0,1.0,2.0,-2.1964662264478365,0.35303018056170987,0e73c98f-f390-4299-8e9e-7053bbd415f8
1.0,30.476385,40.7,15.299999999999997,0.0,1.0,1.0,0.0,0.0,0.0,0.0,0.0,1.0,0.0,0.0,0.0,3.0,3.0,0.0,3.0,-1.5324335376130254,0.5110764163609168,cc561914-ace0-4696-bf63-c4c9eb31f508
1.0,48.24987,72.5,24.099999999999994,1.0,3.0,1.0,0.0,0.0,0.0,1.0,0.0,0.0,0.0,0.0,0.0,-3.0,0.0,0.0,0.0,0.47644420448114566,0.6324154426885497,8cfc145e-93cc-4ebb-aa77-9864b9c635ee
1.0,18.179384,23.400000000000006,17.700000000000003,0.0,2.0,1.0,0.0,0.0,0.0,0.0,0.0,0.0,0.0,1.0,2.0,2.0,1.0,3.0,0.0,6.234374996283292,0.5750342147169599,b5892730-92bb-42c4-8001-b11117b203d6
1.0,33.286633,19.700000000000003,27.400000000000006,0.0,1.0,1.0,0.0,0.0,1.0,0.0,0.0,0.0,0.0,0.0,0.0,4.0,1.0,0.0,1.0,1.7463181237679226,0.5324977128876373,1de29ee2-14bb-4322-ac64-4da17c47a5d0
0.0,,,,,,,,,,,,,,,,,,,,,,08afe059-eac3-4066-8e5e-47cec7e520f0
1.0,23.343094,27.200000000000003,15.600000000000001,0.0,2.0,1.0,0.0,0.0,0.0,0.0,0.0,0.0,0.0,0.0,3.0,0.0,1.0,0.0,0.0,7.048164920728786,0.8517172437575556,dbc24387-7084-4c52-a5e3-ce04447b1db3
1.0,36.06619,34.1,40.0,1.0,2.0,1.0,0.0,0.0,0.0,0.0,0.0,0.0,0.0,0.0,-2.0,-1.0,0.0,0.0,0.0,-7.057669986178615,0.04850222587062126,6a0cb513-da29-46c7-a4ac-bbf52c23e6de
1.0,28.401585,31.599999999999994,19.700000000000003,0.0,2.0,1.0,0.0,0.0,0.0,0.0,0.0,0.0,0.0,0.0,1.0,1.0,0.0,-1.0,2.0,-1.4707533867873988,0.7156201529969092,26c77034-7710-473f-ad99-00704989b1b6
1.0,44.5539,98.3,29.400000000000006,0.0,2.0,1.0,0.0,0.0,0.0,0.0,0.0,1.0,0.0,0.0,3.0,1.0,2.0,0.0,2.0,1.5100940813857193,1.4209432729407419,55d1a500-c0d5-4b5c-87df-ba576ea7fddb
1.0,35.610252,57.1,6.100000000000001,0.0,3.0,1.0,0.0,0.0,0.0,0.0,0.0,0.0,0.0,1.0,0.0,1.0,0.0,-1.0,1.0,1.486573291796958,0.6475177631705293,8a99a590-66ab-4dba-a7b7-88d524b72311
0.0,,,,,,,,,,,,,,,,,,,,,,23049c6e-a15a-4022-92e0-851344e97ef0
1.0,29.03274,27.5,40.0,0.0,4.0,1.0,0.0,0.0,0.0,0.0,0.0,0.0,0.0,0.0,4.0,-1.0,1.0,1.0,0.0,8.672661136744754,0.28306385496424064,3cc95c58-22b0-45eb-841e-84b5f700fd81
1.0,71.24865,6.0,4.0,1.0,3.0,1.0,0.0,0.0,0.0,0.0,1.0,0.0,0.0,0.0,-1.0,1.0,0.0,-1.0,2.0,-2.37858679074623,0.05162552025157925,5c67cc6c-683f-4d95-ba82-e7eed8a171b4
1.0,68.64547,104.5,4.299999999999997,0.0,4.0,1.0,0.0,0.0,0.0,0.0,0.0,1.0,0.0,0.0,3.0,0.0,-1.0,-1.0,0.0,3.776819810746586,0.31183452132388034,f0755c91-a25a-4574-be36-4f213c64e68e
1.0,43.969307,0.0,39.900000000000006,0.0,2.0,1.0,0.0,0.0,0.0,1.0,0.0,0.0,1.0,0.0,-1.0,4.0,3.0,-1.0,4.0,-0.7970931506244741,0.07679967326388012,42166441-49e8-4c18-9cf5-23cb6cd18879
1.0,43.969307,0.0,39.900000000000006,0.0,4.0,1.0,0.0,0.0,0.0,1.0,0.0,0.0,1.0,0.0,-1.0,4.0,4.0,-1.0,5.0,-3.821354748350518,0.9891862279750424,5faa3868-9aaa-4afb-9eef-7e8ceb975366
0.0,,,,,,,,,,,,,,,,,,,,,,ea6a3094-680b-4e9d-9ff0-9e86a6857fc0
1.0,27.190071,96.8,39.900000000000006,0.0,3.0,1.0,0.0,0.0,0.0,0.0,0.0,0.0,0.0,0.0,1.0,0.0,2.0,0.0,1.0,5.171735634071464,4.080943618460554,842f3b67-b8d2-41d4-b6cc-e467a183c56b
1.0,38.251404,117.2,26.900000000000006,0.0,2.0,1.0,0.0,0.0,0.0,0.0,0.0,0.0,0.0,1.0,1.0,-4.0,1.0,1.0,1.0,6.598322779805493,0.8149182269579371,5b212de8-a2c3-4db5-b2b9-a6dda224a538
1.0,40.41089,0.0,39.900000000000006,0.0,2.0,1.0,0.0,0.0,0.0,0.0,0.0,0.0,1.0,0.0,2.0,0.0,2.0,1.0,0.0,0.9878334462153908,0.5815773232626024,366527a5-b532-4953-8a73-5e8d1d68ec24
1.0,54.168995,8.7,14.100000000000001,1.0,3.0,1.0,0.0,0.0,0.0,0.0,0.0,0.0,0.0,0.0,0.0,1.0,0.0,0.0,0.0,-3.6694113092153215,1.0344860034994108,235bda66-d45c-4ece-afc8-f9ffdf650d48
1.0,61.190277,108.6,30.599999999999994,0.0,3.0,1.0,0.0,0.0,0.0,0.0,0.0,0.0,0.0,0.0,1.0,-3.0,1.0,0.0,1.0,4.007067028170417,0.6547427861869778,6f477c84-c1cf-4382-ae08-2d5cac88cf17
1.0,54.8208,116.9,2.5,0.0,3.0,1.0,0.0,0.0,0.0,0.0,0.0,0.0,0.0,1.0,0.0,-1.0,0.0,0.0,-1.0,1.1315182841724383,0.25251252837505767,1b3b5af5-5f0a-4e50-bbc2-1afebaaa6f8c
0.0,,,,,,,,,,,,,,,,,,,,,,3d3e0f4e-1d4c-4d80-85ec-be3c9e056c32
0.0,,,,,,,,,,,,,,,,,,,,,,28afe98b-932d-4fb3-af1a-b08f235bc544
1.0,3.8910153,57.0,36.900000000000006,1.0,3.0,0.0,1.0,0.0,0.0,0.0,0.0,0.0,0.0,0.0,-1.0,-1.0,-2.0,-3.0,0.0,6.057211028044147,0.4055325847630975,b35bc062-a8b9-492f-8f62-a482205ad4fc
1.0,19.723083,76.0,19.6,0.0,2.0,1.0,0.0,0.0,0.0,0.0,0.0,0.0,0.0,0.0,0.0,-1.0,0.0,2.0,-1.0,3.901539529542684,0.5407397182624437,a92d1c0c-9be5-46bc-bb0e-2146561a683f
1.0,70.48645,6.0,4.0,1.0,4.0,1.0,0.0,0.0,0.0,0.0,1.0,0.0,0.0,0.0,-1.0,-2.0,0.0,-1.0,1.0,-0.39512578478984217,0.5794589618958726,2d5b9ede-704d-4f40-bf4c-3b4754ca631e
1.0,29.614355,91.7,22.5,0.0,3.0,1.0,0.0,0.0,0.0,0.0,0.0,0.0,0.0,0.0,1.0,-2.0,0.0,2.0,-2.0,4.164318739909107,0.5449165917285844,4fbdc53f-db5f-4994-95f9-07d1b3e14f3c
1.0,51.17431,0.0,39.900000000000006,0.0,2.0,1.0,0.0,0.0,0.0,1.0,0.0,0.0,1.0,0.0,-1.0,2.0,1.0,-1.0,1.0,3.3006258324572695,0.21343782731486516,242e85fa-eccc-4b2b-aa8a-0575ef131073
1.0,42.381363,80.3,16.9,1.0,2.0,1.0,0.0,0.0,0.0,0.0,0.0,0.0,0.0,0.0,0.0,-3.0,0.0,0.0,0.0,1.2577744288521142,0.42027915803077176,774b4129-8dcb-4cc7-b40e-6305bfcb21da
1.0,24.558908,8.3,14.7,1.0,3.0,1.0,0.0,0.0,0.0,0.0,0.0,0.0,0.0,0.0,0.0,2.0,1.0,-1.0,0.0,-1.7872196486391978,0.5681548147126653,46c66a93-f97f-41c9-bf8c-6e9822388804
1.0,23.034105,74.5,7.700000000000003,0.0,2.0,1.0,0.0,0.0,0.0,0.0,0.0,0.0,0.0,0.0,1.0,-1.0,1.0,1.0,1.0,4.204555327422709,0.34986692929967866,a8bd7d84-7a9a-48b0-b998-4e1b2af2ffcb
1.0,29.427198,20.400000000000006,30.0,0.0,0.0,1.0,0.0,0.0,1.0,0.0,0.0,0.0,0.0,0.0,2.0,1.0,5.0,2.0,1.0,2.491992080414711,0.5479006164544993,1a10cb5a-0c91-4012-aed0-5e2c83c45d88
1.0,51.037437,53.3,6.299999999999997,1.0,3.0,1.0,0.0,0.0,0.0,0.0,0.0,1.0,0.0,0.0,-1.0,-2.0,0.0,-1.0,1.0,-1.3552766377538923,0.2093539663146528,c92e9b14-54ed-4e8c-b71d-953a24dddd64
1.0,19.7,81.9,27.700000000000003,0.0,1.0,1.0,0.0,0.0,0.0,0.0,0.0,0.0,0.0,1.0,2.0,-2.0,1.0,1.0,-1.0,9.223236151995813,0.04771303866530374,32751ce2-1bd0-41ae-a4cb-08c4c303b93d
1.0,20.838905,3.200000000000003,19.200000000000003,0.0,2.0,1.0,0.0,0.0,1.0,0.0,0.0,0.0,0.0,0.0,-2.0,1.0,3.0,1.0,3.0,-1.6815198292759694,0.1878558734503354,a8bdfcd0-d7b9-4543-aea2-88c51a010434
1.0,52.690132,78.7,20.1,0.0,3.0,1.0,0.0,0.0,0.0,0.0,0.0,0.0,0.0,0.0,1.0,1.0,0.0,-1.0,1.0,4.333867063163603,2.8356633985441517,4fb1288d-179a-47af-a85b-9b871f0f8375
1.0,10.553673,29.5,15.100000000000001,1.0,1.0,1.0,0.0,0.0,0.0,0.0,0.0,0.0,0.0,0.0,0.0,3.0,2.0,-2.0,3.0,-1.3032971338965442,0.4010802168412691,d1c2807b-8f69-4888-b614-f503a4a75589
1.0,60.524788,9.1,4.399999999999999,1.0,3.0,1.0,0.0,0.0,0.0,0.0,0.0,0.0,0.0,1.0,-1.0,1.0,0.0,-1.0,1.0,-5.200076280768306,0.1648839019850545,8f559c92-ad81-4613-b3c9-c3d0a4c9fec9
1.0,47.283928,111.7,34.5,0.0,3.0,1.0,0.0,0.0,0.0,0.0,0.0,0.0,0.0,0.0,1.0,0.0,1.0,0.0,2.0,6.0236038854351275,0.4470513599140264,64ec3243-500b-49ea-82a4-dcfd1f7bf892
1.0,42.515408,63.0,30.5,0.0,2.0,1.0,0.0,0.0,0.0,0.0,0.0,1.0,0.0,0.0,1.0,0.0,2.0,0.0,2.0,6.591216640990982,0.7721566007451288,967b5fe1-0dd5-4718-9222-85c5e36ec5a2
1.0,51.38025,10.4,16.1,1.0,4.0,1.0,0.0,0.0,0.0,0.0,0.0,0.0,0.0,0.0,-3.0,2.0,-2.0,-1.0,0.0,-7.347579821444608,0.7208689588155224,3f6f57d4-0093-4253-a4db-b3d11cd5f950
1.0,83.0533,113.0,4.100000000000001,0.0,4.0,1.0,0.0,0.0,0.0,0.0,1.0,0.0,0.0,0.0,0.0,1.0,-1.0,-1.0,-1.0,1.4010915377002622,1.5228356345439538,206624d0-5b8d-42fb-a9ba-acaf0d80ff4f
1.0,49.940964,97.6,23.6,0.0,3.0,1.0,0.0,0.0,0.0,0.0,0.0,0.0,0.0,0.0,1.0,3.0,2.0,1.0,1.0,3.2325999997294304,0.7792444048984637,b836f366-777c-4375-9d29-2782f880f7e1
1.0,32.126312,75.1,7.399999999999999,0.0,2.0,1.0,0.0,0.0,0.0,0.0,0.0,0.0,0.0,0.0,0.0,3.0,0.0,1.0,-1.0,-3.366526660663136,0.06603835778141298,dbc23150-eeba-426f-a146-3bfc8064d683
1.0,19.362076,14.8,6.899999999999999,1.0,2.0,1.0,0.0,0.0,0.0,0.0,0.0,0.0,0.0,0.0,-1.0,4.0,1.0,-1.0,2.0,-5.955032259758572,0.6437205555376554,1ec3c44f-5a39-4bf7-8842-85489bc38bb5
1.0,35.784355,40.5,37.099999999999994,1.0,2.0,1.0,0.0,0.0,0.0,0.0,0.0,0.0,0.0,0.0,0.0,0.0,-1.0,-1.0,0.0,-3.6003328004887054,0.589188367354598,05c11f58-eed3-4b6a-b782-2fa0db00c474
1.0,19.620653,47.5,22.5,0.0,2.0,1.0,0.0,0.0,0.0,0.0,0.0,0.0,0.0,0.0,0.0,3.0,-1.0,0.0,-1.0,-3.4215867063119116,0.42810242258756176,29a49fa2-5099-4be4-a388-130ebd539d18
1.0,58.58882,25.9,21.4,1.0,3.0,1.0,0.0,0.0,0.0,0.0,0.0,0.0,0.0,0.0,-1.0,1.0,0.0,0.0,0.0,-5.053567379033553,1.3637006880601394,c5d6929c-585a-4520-aca0-f6135fc2d7d9
1.0,21.388315,32.2,40.0,1.0,2.0,1.0,0.0,0.0,0.0,0.0,0.0,0.0,0.0,0.0,-3.0,3.0,-1.0,-1.0,0.0,-7.880974157096292,0.6538522961246708,2bef4e57-48ca-475f-af8f-b160336d00f7
1.0,12.461541,86.0,19.4,0.0,2.0,1.0,0.0,0.0,0.0,0.0,0.0,0.0,0.0,0.0,2.0,-3.0,0.0,0.0,-3.0,5.114269281208131,0.892860968661952,813bb1e4-0ae0-41c7-ba3c-4c41d9d56ef1
1.0,74.21819,114.0,4.0,0.0,3.0,1.0,0.0,0.0,0.0,0.0,1.0,0.0,0.0,0.0,1.0,0.0,1.0,1.0,0.0,7.063663115485369,0.5106891724465578,be6af5ab-9905-450c-82e7-5b5f15f25ddc
1.0,56.820507,86.4,9.899999999999999,0.0,3.0,1.0,0.0,0.0,0.0,0.0,0.0,0.0,0.0,0.0,0.0,-1.0,2.0,1.0,0.0,2.3486572545678497,1.5171231870535136,108304da-110c-4205-9b81-83341ae684bc
1.0,51.3077,108.6,3.8999999999999986,0.0,4.0,1.0,0.0,0.0,0.0,0.0,0.0,0.0,0.0,0.0,3.0,-2.0,0.0,0.0,0.0,8.508451263753075,0.4552663061115704,42e89997-057f-48d0-8878-b0385adf870e
1.0,48.299587,29.799999999999997,35.5,0.0,2.0,1.0,0.0,0.0,1.0,1.0,0.0,0.0,0.0,0.0,-2.0,5.0,4.0,0.0,4.0,-5.320872400290101,1.3235666401054842,e9113074-9a5a-48ca-bd95-40a10b4179a8
0.0,,,,,,,,,,,,,,,,,,,,,,fc7aa1a8-5993-47de-aac8-5927c1fcd90f
1.0,41.576557,0.0,39.900000000000006,0.0,2.0,1.0,0.0,0.0,0.0,1.0,0.0,0.0,1.0,0.0,-3.0,1.0,3.0,1.0,2.0,-0.06981034005057304,0.37286313872535926,1aadc307-050a-49cf-9f10-0674aadfef27
1.0,63.920105,113.8,5.600000000000001,0.0,3.0,1.0,0.0,0.0,0.0,0.0,0.0,1.0,0.0,0.0,1.0,-2.0,1.0,0.0,1.0,4.831355703236145,1.2719499647049495,2ed4857f-f6af-4f42-bd2b-d27e2d188a4f
1.0,32.345943,37.2,19.1,0.0,2.0,1.0,0.0,0.0,0.0,0.0,0.0,1.0,0.0,0.0,1.0,3.0,2.0,2.0,1.0,-1.8345873715933165,1.1258040421478117,20fef869-57ca-487f-b0df-9006230365ac
1.0,69.054474,109.5,1.1000000000000014,0.0,4.0,1.0,0.0,0.0,0.0,0.0,0.0,1.0,0.0,0.0,0.0,0.0,0.0,-1.0,1.0,6.417910124924742,1.1605045157263434,1d3ecfb5-8c79-4164-956e-f6c1adde0e75
1.0,68.06416,114.0,4.0,0.0,3.0,1.0,0.0,0.0,0.0,0.0,1.0,0.0,0.0,0.0,2.0,-1.0,-1.0,1.0,-1.0,4.264507444069072,1.0610896839189259,abb0f463-a386-47aa-8006-190b02ffcaf5
1.0,2.6172504,21.299999999999997,8.100000000000001,0.0,3.0,0.0,1.0,0.0,0.0,0.0,0.0,0.0,0.0,0.0,1.0,0.0,3.0,1.0,2.0,10.514071241285425,0.024424878812526096,e0c7c958-f131-4228-b8bc-bcb296afcb5d
1.0,65.83168,113.0,4.100000000000001,0.0,3.0,1.0,0.0,0.0,0.0,0.0,1.0,0.0,0.0,0.0,2.0,0.0,1.0,2.0,-1.0,4.386375115119677,0.5586197531269137,08f97086-b398-44fa-99b0-3314f3c2481f
1.0,47.295876,57.1,12.100000000000001,0.0,2.0,1.0,0.0,0.0,0.0,0.0,0.0,0.0,0.0,0.0,1.0,1.0,3.0,1.0,2.0,-0.050752181998232615,0.15416061126411784,58d4f80c-cc1d-4b83-be66-ce580621a4fe
1.0,60.65311,113.0,3.8999999999999986,0.0,4.0,1.0,0.0,0.0,0.0,0.0,1.0,0.0,0.0,0.0,1.0,1.0,0.0,-1.0,1.0,7.233244663562234,1.3547582646664313,720f64db-3244-4565-9aa5-545072dd4635
1.0,31.264196,12.099999999999994,39.900000000000006,0.0,2.0,1.0,0.0,0.0,1.0,0.0,0.0,0.0,0.0,0.0,4.0,0.0,3.0,2.0,1.0,4.175740382907094,0.4833271546017883,4d8cac2d-1007-43b4-8887-d9b1bd65d067
0.0,,,,,,,,,,,,,,,,,,,,,,9cc14ca1-b1fd-4b2e-90cd-99abdb42fe56
1.0,21.683403,85.2,24.5,1.0,3.0,0.0,0.0,1.0,0.0,0.0,0.0,0.0,0.0,0.0,0.0,-1.0,-2.0,0.0,-2.0,-2.2916595894500857,0.04083413752005553,562a9441-3cd5-49e7-adf5-60b27019de8e
1.0,32.8032,12.099999999999994,39.900000000000006,0.0,2.0,1.0,0.0,0.0,1.0,0.0,0.0,0.0,0.0,0.0,2.0,1.0,3.0,4.0,1.0,2.426221193937592,0.2011295303229036,60142ee4-1c32-42e2-861a-87135144d050
1.0,32.8032,107.9,39.9,1.0,4.0,1.0,0.0,0.0,1.0,0.0,0.0,0.0,0.0,0.0,-2.0,0.0,-2.0,-2.0,0.0,-2.863984660325026,0.5380826463386498,4d8220b7-4868-41b0-b796-1a3d968cea7c
1.0,34.15333,32.0,40.0,0.0,2.0,1.0,0.0,0.0,0.0,0.0,0.0,0.0,0.0,0.0,1.0,2.0,4.0,3.0,1.0,0.9070815268319415,0.18312182094615598,a6dae17e-9a5d-4afe-ad16-41eddb3d58d0
1.0,68.38786,113.0,3.8999999999999986,0.0,4.0,1.0,0.0,0.0,0.0,0.0,1.0,0.0,0.0,0.0,2.0,0.0,0.0,0.0,0.0,6.593584376610385,0.38378691436567364,dc0ad6b8-31f0-44d2-8cb8-b6e8d3b59722
1.0,45.783184,113.4,3.5,0.0,4.0,1.0,0.0,0.0,0.0,0.0,0.0,0.0,0.0,1.0,-1.0,-3.0,-1.0,-1.0,-1.0,0.6123291453544164,0.378928998479958,873642d4-4105-4154-a1c6-8dce2f0bbd35
1.0,58.40976,81.9,32.0,0.0,3.0,1.0,0.0,0.0,0.0,0.0,0.0,0.0,0.0,0.0,0.0,1.0,-1.0,0.0,0.0,5.09802416541312,0.7152711035951613,a7684121-4a9c-4371-b25b-25b0a4d61a32
1.0,23.078344,33.400000000000006,27.400000000000006,0.0,0.0,1.0,0.0,0.0,0.0,0.0,0.0,0.0,0.0,0.0,3.0,-1.0,2.0,2.0,0.0,5.104817976974996,0.22400201935056271,a387cd7d-fb3d-4f4a-9fdd-0af7ff6f4639
0.0,,,,,,,,,,,,,,,,,,,,,,34a82318-642c-449c-880a-baefa0c80467
1.0,62.269253,25.3,0.29999999999999716,1.0,4.0,1.0,0.0,0.0,0.0,0.0,0.0,0.0,0.0,0.0,-2.0,-2.0,0.0,0.0,0.0,-4.239895464822761,0.8500240618315331,b9ba5f25-2173-4fb5-82b7-e305be4c2e00
1.0,34.645924,87.0,40.0,1.0,2.0,1.0,0.0,0.0,0.0,0.0,0.0,0.0,0.0,0.0,-4.0,0.0,-4.0,-3.0,-1.0,-4.981638732186268,0.14901391331798575,4978c510-6baa-4d2a-92e2-70207a67577d
1.0,68.52744,10.1,9.0,1.0,3.0,1.0,0.0,0.0,0.0,0.0,0.0,0.0,0.0,0.0,-1.0,-1.0,0.0,0.0,-1.0,-5.535786622788297,0.10606242010801935,f35e7752-668f-48a9-8df5-edd58f2dc186
1.0,30.827423,39.2,9.5,1.0,4.0,1.0,0.0,0.0,0.0,0.0,0.0,0.0,0.0,0.0,-1.0,2.0,1.0,-1.0,2.0,-10.41772233344351,0.7923700785108897,31fbaedf-7e1a-4c94-a1d7-2dbdecb94dd4
1.0,67.81983,113.0,4.100000000000001,0.0,4.0,1.0,0.0,0.0,0.0,0.0,1.0,0.0,0.0,0.0,-1.0,-1.0,0.0,1.0,-1.0,4.808069195651289,0.21649497417407543,dc959415-5404-4127-ac13-f87d268c636e
1.0,68.05505,7.0,4.100000000000001,1.0,3.0,1.0,0.0,0.0,0.0,0.0,1.0,0.0,0.0,0.0,1.0,1.0,0.0,0.0,-2.0,-3.2960020507242076,0.10520760915478429,cf92334c-1a82-4b2d-a2c2-306c8c637898
1.0,24.370474,104.6,40.0,0.0,2.0,1.0,0.0,0.0,0.0,0.0,0.0,0.0,0.0,0.0,0.0,-3.0,0.0,0.0,0.0,4.485462747073187,0.31556320893140616,669253ad-5a52-49f8-8699-46e64e8ce3dc
1.0,72.11775,113.0,4.100000000000001,0.0,3.0,1.0,0.0,0.0,0.0,0.0,1.0,0.0,0.0,0.0,2.0,0.0,1.0,0.0,2.0,3.1191001879504237,0.8779206688660337,0058d654-a567-4528-b133-8e6680bc5b1b
1.0,32.794056,58.8,40.0,1.0,3.0,1.0,0.0,0.0,0.0,0.0,0.0,0.0,0.0,0.0,-2.0,-1.0,-1.0,-4.0,1.0,-4.826325096117171,0.46407821612667116,6d4d0881-692d-4ea9-906e-23d06f40afd8
1.0,34.224697,9.400000000000006,40.0,0.0,2.0,1.0,0.0,0.0,0.0,0.0,0.0,0.0,0.0,0.0,3.0,-1.0,5.0,4.0,1.0,3.7234526843739335,1.1872815910419967,88c3811c-5f02-4a38-b52f-b5a4ced04aa4
1.0,41.015728,92.7,26.0,1.0,2.0,1.0,0.0,0.0,1.0,0.0,0.0,0.0,0.0,0.0,0.0,-5.0,-2.0,0.0,-5.0,-0.4298132678462867,0.06649253112389733,e7c4c3c3-13a9-4f07-95a6-5fb9bcc80552
1.0,54.91102,81.0,31.799999999999997,0.0,3.0,1.0,0.0,0.0,0.0,0.0,0.0,0.0,0.0,0.0,0.0,1.0,1.0,-1.0,1.0,4.541027214510418,0.42350764407420016,ec2aa708-ae18-4e3b-94ad-ab7316d56162
1.0,35.74759,92.8,4.0,0.0,4.0,1.0,0.0,0.0,0.0,0.0,0.0,0.0,0.0,0.0,0.0,1.0,0.0,1.0,-1.0,4.182184242665661,0.34255602583968053,6dec1285-b6b5-4268-b7c3-f5f106c7b62d
1.0,10.423532,105.2,9.700000000000003,1.0,1.0,1.0,0.0,0.0,0.0,0.0,0.0,0.0,0.0,1.0,0.0,-1.0,-4.0,0.0,-3.0,0.37076494123152504,0.3569188224142493,26c857d3-234c-4e85-b14c-caa68604b089
1.0,29.77331,34.7,18.200000000000003,0.0,2.0,1.0,0.0,0.0,0.0,0.0,0.0,0.0,0.0,0.0,0.0,1.0,2.0,1.0,1.0,-0.8000498690281264,0.1462341807516363,df760df1-35c6-4cfc-8468-52115d9fff08
1.0,46.95913,105.0,2.6000000000000014,0.0,3.0,1.0,0.0,0.0,0.0,0.0,0.0,0.0,0.0,0.0,0.0,1.0,0.0,0.0,1.0,3.5209292540604338,0.45930126786675723,24ce3698-7d50-4624-92c6-1a826c480e42
1.0,47.275894,3.7,11.0,1.0,3.0,1.0,0.0,0.0,0.0,0.0,0.0,0.0,0.0,0.0,-1.0,0.0,0.0,0.0,0.0,-4.227642698135956,0.12483697840400154,574c9f8e-a2e5-4c80-a2f1-1f1b3537f0bc
1.0,27.515268,2.299999999999997,17.9,0.0,2.0,1.0,0.0,0.0,1.0,0.0,0.0,0.0,0.0,0.0,-1.0,4.0,2.0,1.0,1.0,-1.135816153636691,2.0557172614060057,3915e97e-8bc9-4d3e-a3e6-c5c4862caf96
1.0,70.61161,113.0,3.8999999999999986,0.0,4.0,1.0,0.0,0.0,0.0,0.0,1.0,0.0,0.0,0.0,2.0,2.0,3.0,2.0,-1.0,-1.0826926187470804,0.28706298707386674,e136e3f1-a45f-4820-a77e-a8387fd39b1e
1.0,18.539957,88.0,12.5,1.0,3.0,1.0,0.0,0.0,0.0,0.0,0.0,0.0,0.0,0.0,-3.0,0.0,1.0,0.0,-1.0,-2.9847501279094817,0.5706866367875522,22153b81-e152-4fce-9b50-c9fad9d42790
1.0,47.22711,9.9,2.299999999999997,1.0,2.0,1.0,0.0,0.0,0.0,0.0,0.0,0.0,0.0,1.0,-1.0,0.0,0.0,-1.0,1.0,-2.306882615637676,0.24333147303792882,01b39a97-7042-4306-84e4-44c5ff46a13e
1.0,69.50453,113.0,4.100000000000001,0.0,3.0,1.0,0.0,0.0,0.0,0.0,1.0,0.0,0.0,0.0,1.0,-2.0,0.0,1.0,-1.0,6.115923393064902,0.19934946331178235,92c9cf20-eb80-4c61-a099-8c8211a79ffb
1.0,66.237526,7.0,3.8999999999999986,1.0,3.0,1.0,0.0,0.0,0.0,0.0,1.0,0.0,0.0,0.0,-1.0,2.0,0.0,-1.0,1.0,-6.138148511367866,0.19931681246232336,e674c68d-a7f6-45e2-b3cc-23e5d31533c5
1.0,22.033611,74.6,22.6,0.0,2.0,1.0,0.0,0.0,0.0,0.0,0.0,0.0,0.0,0.0,0.0,-1.0,1.0,-1.0,2.0,5.797023739839285,0.5844201875759089,50ef35a4-0e26-439b-86d2-001a14dcb4e1
1.0,50.7279,116.2,5.200000000000003,0.0,2.0,1.0,0.0,0.0,0.0,0.0,0.0,0.0,0.0,0.0,1.0,-2.0,0.0,0.0,-1.0,6.688976752486081,0.17561990224260032,b68c5dc1-3715-4a8d-a0dd-4a9c76f43caa
1.0,38.71976,0.0,39.900000000000006,0.0,2.0,1.0,0.0,0.0,0.0,0.0,0.0,0.0,1.0,0.0,2.0,-2.0,1.0,1.0,0.0,3.906168632863417,0.20260825506381622,2deda279-7f34-4264-803c-c47861bc6dbc
1.0,23.434164,21.400000000000006,24.5,0.0,2.0,1.0,0.0,0.0,1.0,0.0,0.0,0.0,0.0,0.0,1.0,1.0,2.0,2.0,0.0,-0.31832688621803396,1.3120997296050645,503a5be1-0732-430b-847d-8db83fcf59c0
1.0,51.305458,105.0,32.3,0.0,3.0,1.0,0.0,0.0,0.0,0.0,0.0,0.0,0.0,0.0,0.0,0.0,0.0,1.0,-1.0,4.1774660365908725,0.39565940204467825,e068b374-281f-4056-b458-8ca328ebbf8c
1.0,72.155525,113.0,4.100000000000001,0.0,4.0,1.0,0.0,0.0,0.0,0.0,1.0,0.0,0.0,0.0,1.0,-2.0,1.0,0.0,1.0,6.270442401593756,0.6506233064404171,735e827e-ad4d-4a6c-a879-5c8131fd5f37
1.0,59.57793,117.7,33.2,0.0,3.0,1.0,0.0,0.0,0.0,0.0,0.0,0.0,0.0,0.0,3.0,0.0,0.0,1.0,0.0,-1.731554204342558,0.6014719251626571,eed664c3-ab87-43fd-ad75-c08475e219dd
1.0,75.78555,113.0,3.8999999999999986,0.0,5.0,1.0,0.0,0.0,0.0,0.0,1.0,0.0,0.0,0.0,3.0,3.0,2.0,1.0,1.0,-0.9311371812673297,2.2730205991550374,d875b6b8-cb4c-4b40-92d8-06d134d33353
1.0,53.757324,85.2,16.6,0.0,3.0,1.0,0.0,0.0,0.0,0.0,0.0,0.0,0.0,0.0,1.0,0.0,-1.0,1.0,-2.0,0.5281864618787395,1.8477201990277312,a48f8120-f3cd-4551-aa1a-d0934fa7ca83
0.0,,,,,,,,,,,,,,,,,,,,,,0e007f2f-e88a-432d-81d7-c4d13741a227
1.0,77.988335,114.8,5.799999999999997,0.0,4.0,1.0,0.0,0.0,0.0,0.0,0.0,0.0,0.0,0.0,1.0,0.0,1.0,0.0,0.0,7.670494877809354,0.36911718523409304,0c1dd981-395c-493e-a107-36cb9c6a9e9c
1.0,80.72131,7.2,0.29999999999999716,1.0,4.0,1.0,0.0,0.0,0.0,0.0,0.0,0.0,0.0,0.0,0.0,0.0,-1.0,0.0,-1.0,-4.3582767148188175,0.9154424874299528,9e65cc2f-ab78-40d7-b94f-d0e0fe5a623c
0.0,,,,,,,,,,,,,,,,,,,,,,4038853d-9264-4ffb-8ee6-3246c6dacd48
1.0,24.401844,54.2,40.0,0.0,1.0,1.0,0.0,0.0,0.0,0.0,0.0,0.0,0.0,0.0,2.0,-1.0,2.0,3.0,0.0,6.9152474872348755,0.06217668192056097,d80f4cf5-fd92-4810-9161-fcb9d8898a02
1.0,62.753883,105.9,3.6000000000000014,0.0,4.0,1.0,0.0,0.0,0.0,0.0,0.0,0.0,0.0,0.0,1.0,-1.0,0.0,0.0,0.0,7.562268514891915,0.6362796029989538,8a3bfcdd-ce5a-46a7-8fb5-22a7dea6a132
0.0,,,,,,,,,,,,,,,,,,,,,,af70c018-2b33-49bb-aea2-7b26a44a5adf
1.0,32.86944,103.7,15.700000000000003,0.0,4.0,1.0,0.0,0.0,0.0,0.0,0.0,0.0,0.0,0.0,1.0,-1.0,1.0,1.0,0.0,3.021913199885283,0.5915588670434102,c3768cbb-9ed6-4693-a875-6f64933a912e
1.0,47.887474,82.9,35.099999999999994,0.0,3.0,1.0,0.0,0.0,0.0,0.0,0.0,0.0,0.0,0.0,2.0,-1.0,2.0,1.0,1.0,5.1733280715352805,0.4206936388200737,0dec225a-db58-47c8-863e-c06c13a7faf5
0.0,,,,,,,,,,,,,,,,,,,,,,5a2e06a0-d2f1-4878-8ff2-0138865cbbb7
1.0,44.27968,112.3,7.399999999999999,0.0,2.0,1.0,0.0,0.0,0.0,0.0,0.0,0.0,0.0,1.0,-1.0,-2.0,1.0,1.0,0.0,0.7751181948414629,0.5718175314237064,0bdebc81-7ce5-45e4-838b-e343005a298b
1.0,35.2098,17.799999999999997,29.0,0.0,2.0,1.0,0.0,0.0,1.0,0.0,0.0,0.0,0.0,0.0,-1.0,6.0,2.0,-1.0,2.0,0.9522686414061656,0.117520808223153,8be4cf4c-1219-448a-8d54-a22a92023ec1
1.0,15.973103,25.3,20.0,1.0,8.0,0.0,1.0,0.0,0.0,0.0,0.0,0.0,0.0,0.0,1.0,2.0,2.0,0.0,3.0,-3.82408667445908,0.38372332504530676,5b94f481-b986-410e-9eef-53f366eb0c63
1.0,35.388416,7.1,18.7,1.0,2.0,1.0,0.0,0.0,0.0,0.0,0.0,0.0,0.0,1.0,-2.0,0.0,0.0,0.0,-1.0,-3.6687739497413396,2.0619819125846237,f9389d64-eece-4833-b27c-5a5c3e24baa4
1.0,6.6309876,27.700000000000003,11.700000000000003,0.0,2.0,1.0,0.0,0.0,0.0,0.0,0.0,0.0,0.0,0.0,-1.0,2.0,1.0,1.0,0.0,-4.090390629850252,0.7438882959205017,abe5f41b-1b9a-4d1a-bce0-9bd1667d5116
1.0,29.463537,53.0,40.0,1.0,1.0,1.0,0.0,0.0,0.0,0.0,0.0,0.0,0.0,0.0,-1.0,1.0,1.0,-1.0,1.0,-5.092228407690176,0.5745546594767299,2402aca5-0e64-44ef-9869-111a4d905d56
1.0,25.037971,50.4,29.9,1.0,3.0,1.0,0.0,0.0,0.0,0.0,0.0,0.0,0.0,0.0,-1.0,1.0,1.0,-1.0,1.0,-2.606492547977599,0.24252391436725337,82ce5c73-6304-4bc8-a0d7-1db46232ef78
0.0,,,,,,,,,,,,,,,,,,,,,,2eaf72c2-5e19-4466-ae87-cc5ba9e5ae9a
1.0,28.171085,100.1,24.5,0.0,1.0,1.0,0.0,0.0,0.0,0.0,0.0,0.0,0.0,0.0,2.0,-1.0,1.0,1.0,1.0,6.336170309732031,0.6092584087352506,abc10a72-8b9e-4fc6-b8cf-931f452bbe31
1.0,43.798744,0.0,40.0,0.0,2.0,1.0,0.0,0.0,0.0,1.0,0.0,0.0,1.0,0.0,-1.0,0.0,2.0,0.0,3.0,2.653734437961154,0.2011926532194158,8848e6ee-6d35-4b95-8aa6-08030e6fe9f6
1.0,63.07646,44.4,33.9,1.0,4.0,1.0,0.0,0.0,0.0,1.0,0.0,0.0,0.0,0.0,-3.0,0.0,-1.0,-1.0,1.0,-6.763522539435404,0.412638511832889,d9f61d39-c871-4e70-a66f-80f4109aeff0
1.0,48.139484,100.9,7.100000000000001,0.0,2.0,1.0,0.0,0.0,0.0,0.0,0.0,0.0,0.0,1.0,0.0,-2.0,0.0,1.0,0.0,6.731162975593141,0.47763633137970507,34500e95-8d8b-4c43-95c0-3a5c5d2d6af6
1.0,18.73019,52.099999999999994,13.299999999999997,0.0,11.0,0.0,0.0,1.0,0.0,0.0,0.0,0.0,0.0,1.0,0.0,-3.0,-1.0,-1.0,1.0,-2.7966099974543894,0.0752445850755727,4b846980-047c-4ca4-8d3e-d20f8d38460a
1.0,47.28266,76.5,37.0,1.0,3.0,1.0,0.0,0.0,0.0,1.0,0.0,0.0,0.0,0.0,0.0,-4.0,0.0,2.0,-2.0,9.01566751555996,0.7478023058759766,47263558-db68-4433-914e-99b6e36c84dc
1.0,4.2011905,16.799999999999997,3.3999999999999986,0.0,1.0,1.0,0.0,0.0,0.0,0.0,0.0,0.0,0.0,1.0,0.0,2.0,0.0,1.0,-1.0,0.8620940322443067,0.3147949557706833,eee191e9-df86-4fec-9bd2-8da1c1f0ddec
1.0,24.257164,17.900000000000006,18.299999999999997,0.0,1.0,1.0,0.0,0.0,0.0,0.0,0.0,0.0,0.0,0.0,1.0,3.0,3.0,1.0,2.0,2.387243005399843,0.7274129152794415,e8615146-b8a3-491d-af67-c47358de9ba8
1.0,64.12628,70.6,17.799999999999997,0.0,3.0,1.0,0.0,0.0,0.0,1.0,0.0,0.0,0.0,0.0,0.0,4.0,0.0,-1.0,1.0,-8.964842646526787,2.071626135330858,047e3d64-c1d3-4f91-9a27-d1e817f0837f
1.0,17.230787,111.1,11.200000000000003,0.0,3.0,1.0,0.0,0.0,0.0,0.0,0.0,0.0,0.0,1.0,1.0,-3.0,-1.0,1.0,-2.0,3.03001591313285,0.12685634214811656,e20314ce-04eb-4cd9-a4e8-d7c3a7d22919
1.0,30.042137,24.400000000000006,35.5,0.0,1.0,1.0,0.0,0.0,0.0,0.0,0.0,1.0,0.0,0.0,1.0,0.0,6.0,2.0,1.0,2.2268457367159793,0.029594507381413705,144fbb92-4f04-466e-a7cd-3488f633b5d7
0.0,,,,,,,,,,,,,,,,,,,,,,ddf656e0-37c7-42a9-96b3-3ed3a6825fc8
1.0,9.035485,73.1,26.700000000000003,0.0,2.0,1.0,0.0,0.0,0.0,0.0,0.0,0.0,0.0,0.0,0.0,-1.0,-2.0,0.0,-2.0,2.996867994838091,0.6125980292911848,30e5fc4e-0f2b-4305-ae77-09622cd214e8
1.0,21.455536,55.8,27.400000000000006,0.0,1.0,1.0,0.0,0.0,0.0,0.0,0.0,0.0,0.0,1.0,1.0,0.0,0.0,0.0,0.0,2.9003808706559973,0.38874713647919157,a829f868-0252-4e9e-ba76-22fdb2d092ff
1.0,11.813974,71.2,20.799999999999997,0.0,2.0,1.0,0.0,0.0,0.0,0.0,0.0,0.0,0.0,1.0,1.0,-2.0,-1.0,0.0,0.0,7.436157145819315,0.9759488495284339,41840bf0-baca-4aea-84ec-beba00b2ae04
1.0,78.410774,105.7,7.5,0.0,4.0,1.0,0.0,0.0,0.0,0.0,0.0,0.0,0.0,0.0,0.0,0.0,1.0,1.0,0.0,3.7725596689966867,1.8469291313126446,ac6c987b-44a2-46c5-b607-515e3031e8d8
1.0,81.434265,7.0,4.100000000000001,1.0,4.0,1.0,0.0,0.0,0.0,0.0,1.0,0.0,0.0,0.0,-1.0,1.0,-1.0,0.0,-1.0,-5.437332936905019,1.451025351818775,db05188f-08db-4d26-91ab-71dd97eed4a6
1.0,73.577446,111.1,0.10000000000000142,0.0,4.0,1.0,0.0,0.0,0.0,0.0,0.0,1.0,0.0,0.0,2.0,1.0,2.0,1.0,1.0,3.05995370567209,0.6079180592616478,1e4799f5-43ce-4da3-97f6-09a55d88bd4a
1.0,23.61292,60.7,15.2,1.0,2.0,1.0,0.0,0.0,0.0,0.0,0.0,0.0,0.0,1.0,0.0,-2.0,0.0,0.0,-1.0,1.7873009818994863,0.838396368094333,e8546380-a578-4a20-b11a-aad4c5726170
1.0,67.02313,41.7,17.0,1.0,3.0,1.0,0.0,0.0,0.0,0.0,0.0,1.0,0.0,0.0,0.0,-1.0,-1.0,-2.0,1.0,-5.766195523908822,0.011750035338454411,7ae9c17c-f058-4143-9a17-4dcfbe8267ee
0.0,,,,,,,,,,,,,,,,,,,,,,341a1fb3-c9e9-4fde-a4c3-b97a3e77ead8
1.0,69.81468,109.1,8.399999999999999,0.0,4.0,1.0,0.0,0.0,0.0,0.0,0.0,0.0,0.0,0.0,1.0,-1.0,0.0,0.0,-1.0,3.149999482269177,0.4560120816820866,287e83dc-8fb6-4d04-b605-e5073c3c84f2
1.0,71.7,7.0,4.100000000000001,1.0,4.0,1.0,0.0,0.0,0.0,0.0,1.0,0.0,0.0,0.0,-1.0,1.0,2.0,-1.0,2.0,-5.810575490981056,0.5081260790842492,630410f7-67f6-4be9-b48b-9bb9912763ca
1.0,18.06765,41.3,4.100000000000001,0.0,1.0,0.0,1.0,0.0,0.0,0.0,0.0,0.0,0.0,1.0,0.0,0.0,-1.0,1.0,-2.0,3.0643624513612213,0.8961851062972827,f6b38931-aba7-40c7-ac88-c85505807812
1.0,5.5946403,36.400000000000006,0.7999999999999972,0.0,3.0,0.0,1.0,0.0,0.0,0.0,0.0,0.0,0.0,0.0,1.0,0.0,0.0,-1.0,0.0,2.74437064050777,0.3739816122951928,8d566bd3-ace0-4813-878d-abaeb5c5730f
1.0,67.339516,10.2,7.200000000000003,1.0,3.0,1.0,0.0,0.0,0.0,0.0,0.0,0.0,0.0,1.0,0.0,-1.0,0.0,-1.0,1.0,-4.273544733394806,1.1879311705796214,d5369ae8-7a8a-4e85-8679-1f6ca3de818e
1.0,14.847559,34.400000000000006,27.400000000000006,0.0,2.0,1.0,0.0,0.0,0.0,0.0,0.0,0.0,0.0,0.0,3.0,1.0,-1.0,-1.0,0.0,7.000956342915325,1.1328878639264848,188acbac-c604-4a35-83a8-91c2465c98d2
1.0,65.62751,7.0,4.100000000000001,1.0,3.0,1.0,0.0,0.0,0.0,0.0,1.0,0.0,0.0,0.0,-2.0,-2.0,-1.0,-1.0,0.0,2.2333190446369615,0.732760080904898,8bf9fb29-7574-4520-a433-18ac599d63b4
1.0,67.876434,113.6,4.700000000000003,0.0,4.0,1.0,0.0,0.0,0.0,0.0,0.0,0.0,0.0,1.0,1.0,1.0,0.0,0.0,0.0,-0.19848750355677414,0.27254180043847714,8f66b65d-cd63-4ca7-bd55-12c26f75fe15
1.0,57.83848,113.0,14.700000000000003,0.0,4.0,1.0,0.0,0.0,0.0,0.0,0.0,0.0,0.0,1.0,0.0,-1.0,-1.0,0.0,-1.0,5.028316801053269,0.08885840419479073,bbf3b207-095a-48fd-a440-76ffddd1dbfa
1.0,10.846659,4.200000000000003,12.5,0.0,1.0,1.0,0.0,0.0,0.0,0.0,0.0,0.0,0.0,0.0,0.0,-1.0,2.0,1.0,2.0,3.495286161532161,3.4085353023086444,946d168a-14b7-4c67-9fbb-ebd9bbf7d8cb
1.0,41.61454,7.200000000000003,32.8,0.0,2.0,1.0,0.0,0.0,1.0,1.0,0.0,0.0,0.0,0.0,0.0,2.0,2.0,0.0,2.0,3.0978500485288087,0.43585943713452735,b27ab156-21d3-4636-a2dc-333ff07d1589
1.0,46.999786,92.7,14.299999999999997,0.0,4.0,1.0,0.0,0.0,0.0,0.0,0.0,0.0,0.0,0.0,2.0,0.0,1.0,1.0,0.0,4.296141195406447,1.7599643013563668,1a36dd14-067c-4a47-b50b-e32212af19a0
1.0,36.108864,13.900000000000006,34.2,0.0,1.0,1.0,0.0,0.0,1.0,0.0,0.0,1.0,0.0,0.0,1.0,1.0,3.0,0.0,3.0,-1.2342929912676048,0.260472608890971,56b897db-2e51-45ef-a833-cb8df3510dc8
1.0,9.963935,65.8,15.7,1.0,3.0,1.0,0.0,0.0,0.0,0.0,0.0,0.0,0.0,0.0,-2.0,0.0,1.0,-2.0,2.0,-2.0367481186665994,0.4861616115949406,e857db7f-85ae-45e4-9539-23963b8c8ed2
1.0,4.4,111.2,15.899999999999999,1.0,5.0,0.0,1.0,0.0,0.0,0.0,0.0,0.0,0.0,0.0,-1.0,-1.0,-4.0,-1.0,-2.0,-0.18061344118354783,0.1071569160602337,5566e6be-63e1-447d-9637-709b643ab7f0
1.0,52.659378,63.5,27.5,0.0,3.0,1.0,0.0,0.0,0.0,0.0,0.0,0.0,0.0,0.0,1.0,0.0,-1.0,1.0,-2.0,4.4075301381573695,0.2704964329938093,30d5a259-9769-4376-89fc-2fadd52818d0
1.0,66.287254,6.0,4.0,1.0,4.0,1.0,0.0,0.0,0.0,0.0,1.0,0.0,0.0,0.0,-2.0,2.0,2.0,-2.0,3.0,-7.645228049418758,0.41967228624750436,9cf4c1a7-beff-4b2b-97eb-acb4857dd9a7
1.0,55.52441,60.1,16.299999999999997,0.0,3.0,1.0,0.0,0.0,0.0,0.0,0.0,0.0,0.0,0.0,1.0,1.0,0.0,-1.0,1.0,5.043808189224004,0.055474662631787575,e6dc7d8a-d75f-4049-8284-1bffdff679b4
1.0,16.840427,63.4,11.399999999999999,1.0,1.0,1.0,0.0,0.0,0.0,0.0,0.0,0.0,0.0,0.0,-3.0,0.0,-2.0,-2.0,0.0,-3.2252651948297295,0.29843654137028963,fac77a70-7fbe-4aa4-9897-82fae69764a8
0.0,,,,,,,,,,,,,,,,,,,,,,a7d097c5-3625-4610-8434-55b31cf1ab08
0.0,,,,,,,,,,,,,,,,,,,,,,18b6c3c4-0ed6-4f97-882f-442de5d14e2e
1.0,74.07901,7.0,3.8999999999999986,1.0,3.0,1.0,0.0,0.0,0.0,0.0,1.0,0.0,0.0,0.0,-2.0,1.0,-2.0,0.0,-1.0,-9.07824681592526,0.14473459760913449,6490381f-411a-484c-b0e7-fb885d1324d7
1.0,27.821754,40.400000000000006,0.10000000000000142,0.0,2.0,1.0,0.0,0.0,0.0,0.0,0.0,0.0,0.0,0.0,2.0,-2.0,1.0,1.0,0.0,1.1330096423472833,1.2924416007898634,1426c2a8-4529-4392-9f15-3a714fe07ba5
1.0,66.35918,7.0,3.8999999999999986,1.0,4.0,1.0,0.0,0.0,0.0,0.0,1.0,0.0,0.0,0.0,-4.0,4.0,1.0,-2.0,2.0,-10.581791678453506,0.3267289602472138,2cb0ee91-5ad9-4409-833e-a0d2d6e52be5
1.0,72.88299,114.0,4.0,0.0,3.0,1.0,0.0,0.0,0.0,0.0,1.0,0.0,0.0,0.0,1.0,0.0,0.0,2.0,-1.0,7.382647231428768,0.033267910826806316,c520c2ef-6d95-4115-aa6f-36b706e88acd
1.0,31.304472,89.3,40.0,0.0,3.0,1.0,0.0,0.0,0.0,0.0,0.0,0.0,0.0,0.0,1.0,1.0,1.0,0.0,1.0,5.536672836065751,2.734557387116681,068513e5-6ac2-4d8d-a00d-cead88217cf8
0.0,,,,,,,,,,,,,,,,,,,,,,9b22def3-10ce-47be-a585-3045ac117516
1.0,78.37806,113.0,4.100000000000001,0.0,3.0,1.0,0.0,0.0,0.0,0.0,1.0,0.0,0.0,0.0,0.0,0.0,0.0,0.0,0.0,6.101029613622952,0.6084758453826801,6fad1ddd-bd29-40bb-ab02-3c0695763040
1.0,9.507892,67.0,16.5,1.0,2.0,1.0,0.0,0.0,0.0,0.0,0.0,0.0,0.0,1.0,-2.0,1.0,1.0,-1.0,1.0,-6.121137686521691,0.3878274691685056,4280aea6-11b3-4d7e-a659-49d748344b23
1.0,26.046112,38.5,39.900000000000006,0.0,2.0,1.0,0.0,0.0,0.0,0.0,0.0,0.0,0.0,0.0,2.0,-1.0,0.0,1.0,0.0,6.750759830261763,0.28646258878089276,f39e843a-ee80-4254-a6d0-246fd0411152
1.0,37.119404,42.5,23.1,0.0,1.0,1.0,0.0,0.0,0.0,0.0,0.0,1.0,0.0,0.0,1.0,2.0,2.0,0.0,3.0,-0.44087821808455985,0.536738259693179,8239afe2-d435-420e-a41e-cff46a6a7ec3
1.0,63.082485,7.0,4.100000000000001,1.0,2.0,1.0,0.0,0.0,0.0,0.0,1.0,0.0,0.0,0.0,-1.0,1.0,2.0,-1.0,2.0,-6.54413337143189,0.5542703232033446,cc3a011b-6742-4df2-a6da-8c06fd29ae27
1.0,14.524806,55.8,30.700000000000003,0.0,2.0,1.0,0.0,0.0,0.0,0.0,0.0,0.0,0.0,1.0,1.0,1.0,0.0,1.0,-1.0,3.606017125353043,1.0365716793368822,fc1ff593-1181-403f-82d7-a14bcf5ab6bb
1.0,42.718147,112.8,31.0,0.0,3.0,1.0,0.0,0.0,0.0,0.0,0.0,0.0,0.0,0.0,3.0,0.0,2.0,0.0,3.0,6.066153198456923,0.8161762731266198,d54ed379-6fd2-4ad7-8401-bdad31e18c0e
1.0,33.427086,23.200000000000003,28.0,0.0,2.0,1.0,0.0,0.0,1.0,0.0,0.0,0.0,0.0,0.0,1.0,3.0,2.0,2.0,2.0,1.4451774488955387,0.42212554638426797,4f953f2e-65a2-4a04-b416-ea50abed6a59
1.0,34.864452,89.6,37.7,0.0,3.0,1.0,0.0,0.0,0.0,0.0,0.0,0.0,0.0,0.0,2.0,0.0,2.0,0.0,2.0,3.2409188646728255,0.519093568488558,b9499a7b-3d27-439b-a59e-976d038e3c36
1.0,26.38977,42.4,2.8999999999999986,1.0,3.0,1.0,0.0,0.0,0.0,0.0,0.0,0.0,0.0,0.0,-2.0,2.0,2.0,-1.0,1.0,-4.907629997288456,0.03468410007787315,83ba0aef-ca0e-44e3-ac66-6d634c2601f1
1.0,66.8757,7.0,3.8999999999999986,1.0,2.0,1.0,0.0,0.0,0.0,0.0,1.0,0.0,0.0,0.0,-3.0,2.0,0.0,-2.0,2.0,-7.273862976073434,0.6088143888274451,435ed373-6698-401a-bf51-a856e1adf3f0
1.0,63.6737,113.3,7.299999999999997,0.0,3.0,1.0,0.0,0.0,0.0,0.0,0.0,0.0,0.0,1.0,1.0,-1.0,1.0,0.0,1.0,5.856116877193893,0.276026547572999,bd295f0c-b8ff-4f38-a362-d7c5858c42fe
1.0,72.52379,109.3,9.899999999999999,0.0,6.0,1.0,0.0,0.0,0.0,0.0,0.0,0.0,0.0,0.0,0.0,2.0,0.0,0.0,0.0,-1.6056866202087363,0.20626213038862676,536501ec-0822-47bc-af78-73989cda77fb
1.0,25.071497,7.900000000000006,40.0,0.0,3.0,1.0,0.0,0.0,0.0,0.0,0.0,0.0,0.0,0.0,5.0,0.0,2.0,3.0,0.0,4.92280339960966,0.44859506970770613,b2570717-89e3-4066-a789-5c1b44cb2ea4
1.0,46.327637,86.2,36.5,0.0,2.0,1.0,0.0,0.0,0.0,0.0,0.0,0.0,0.0,0.0,1.0,2.0,0.0,0.0,0.0,-4.277337441063294,0.6434252502799014,eb5fcdd5-a3b4-4a88-9b3e-877e9f2b0910
1.0,25.712448,50.7,8.200000000000003,0.0,2.0,1.0,0.0,0.0,0.0,0.0,0.0,0.0,0.0,0.0,0.0,0.0,-1.0,0.0,-1.0,1.654854935412211,0.4063205131000527,76cab884-c51d-44b3-ab83-a90fb8c6cd81
1.0,48.526386,98.0,24.700000000000003,0.0,2.0,1.0,0.0,0.0,0.0,0.0,0.0,0.0,0.0,1.0,2.0,0.0,-1.0,1.0,-1.0,2.056478394471249,1.4924114363990846,8ec8d9a2-db27-4a58-aea0-f0ad402b04a7
1.0,69.664986,7.0,4.100000000000001,1.0,4.0,1.0,0.0,0.0,0.0,0.0,1.0,0.0,0.0,0.0,-1.0,2.0,2.0,0.0,1.0,-5.797323762304447,0.9498969790706182,932e2dd2-f791-4b3a-ba14-d456124aadff
1.0,61.000328,15.7,10.899999999999999,1.0,4.0,1.0,0.0,0.0,0.0,0.0,0.0,1.0,0.0,0.0,-2.0,1.0,1.0,0.0,1.0,-5.538864659365936,1.0499349962562845,0222761a-240e-4eba-a797-c5719b023c1c
1.0,30.07607,43.7,30.099999999999994,0.0,2.0,1.0,0.0,0.0,0.0,0.0,0.0,1.0,0.0,0.0,4.0,0.0,2.0,1.0,1.0,4.347108874911125,0.9251498786564039,885bfd8f-f6a7-4c98-929d-b353c03c76a7
1.0,58.067547,28.1,6.100000000000001,1.0,4.0,1.0,0.0,0.0,0.0,0.0,0.0,1.0,0.0,0.0,-1.0,1.0,-1.0,-3.0,1.0,-4.70849782347041,0.9166207333967538,2d4242c8-85fc-4d55-a103-969206b81f82
1.0,60.180145,14.1,2.299999999999997,1.0,6.0,1.0,0.0,0.0,0.0,0.0,0.0,0.0,0.0,0.0,-1.0,-1.0,-1.0,-1.0,-1.0,-0.6867957190063656,0.8702580174059114,3dd00261-a86f-4358-89ec-f4a19aa6e1f2
1.0,73.68236,9.0,1.7999999999999972,1.0,4.0,1.0,0.0,0.0,0.0,0.0,0.0,1.0,0.0,0.0,-2.0,1.0,2.0,0.0,1.0,-6.048352107586614,0.9322140725788187,4a9bb124-9586-47b9-91ea-f36b8f84fbd0
1.0,14.840822,45.7,18.299999999999997,0.0,1.0,0.0,1.0,0.0,0.0,0.0,0.0,0.0,0.0,1.0,0.0,-2.0,0.0,1.0,-2.0,7.8029389355492444,0.1555009089489812,2f828f48-9e9f-4305-9dde-8a20ba48391d
1.0,7.964923,52.5,16.4,1.0,2.0,1.0,0.0,0.0,0.0,0.0,0.0,0.0,0.0,0.0,-1.0,1.0,-1.0,0.0,-1.0,-3.852646911513905,0.6526389133844599,a13637f8-0311-41c1-a5e0-043a5d7539f2
1.0,64.431206,91.7,1.2000000000000028,0.0,3.0,1.0,0.0,0.0,0.0,0.0,0.0,1.0,0.0,0.0,1.0,0.0,0.0,0.0,1.0,6.506078980000876,0.321408547955384,a2890655-03a2-4098-b820-03133790f716
1.0,12.1938505,31.9,19.9,1.0,2.0,1.0,0.0,0.0,0.0,0.0,0.0,0.0,0.0,1.0,-3.0,4.0,1.0,-1.0,1.0,-11.843745716087383,0.31144240860361017,f6facad1-92eb-4fa8-95cd-1aa1f20bec49
1.0,25.691244,79.4,40.0,1.0,2.0,1.0,0.0,0.0,0.0,0.0,0.0,0.0,0.0,0.0,-2.0,2.0,0.0,-1.0,0.0,-7.142749496941909,0.3388467333472081,974a316a-e759-4389-8eb3-ae7c7fc37c4f
1.0,7.510659,47.5,17.8,1.0,1.0,1.0,0.0,0.0,0.0,0.0,0.0,0.0,0.0,0.0,2.0,3.0,1.0,1.0,0.0,-5.714085125811429,2.876882822975063,23b5f45d-7557-46df-9be0-7bf98e232b97
1.0,68.31178,113.0,3.8999999999999986,0.0,2.0,1.0,0.0,0.0,0.0,0.0,1.0,0.0,0.0,0.0,3.0,-4.0,-1.0,1.0,-3.0,7.2126389110281135,1.1809672336515173,472c13d2-1d5c-403d-8d40-422df81964d8
1.0,75.871605,114.0,4.0,0.0,4.0,1.0,0.0,0.0,0.0,0.0,1.0,0.0,0.0,0.0,2.0,-2.0,1.0,1.0,-1.0,8.11082955816063,0.3904976209108067,d025f93d-7829-442e-9df3-4450bd0b487e
1.0,69.13241,113.0,4.100000000000001,0.0,3.0,1.0,0.0,0.0,0.0,0.0,1.0,0.0,0.0,0.0,3.0,-2.0,0.0,-1.0,1.0,8.96725569162841,1.5392837641926589,61e41a6a-9bc5-4f55-966f-bc7d14496bf3
1.0,57.74816,23.4,10.3,1.0,3.0,1.0,0.0,0.0,0.0,0.0,0.0,0.0,0.0,0.0,-1.0,1.0,-1.0,0.0,-1.0,-4.896844611600839,0.7666674945507169,d98e3862-2d25-4b7c-92e7-0eeb3525a6e9
0.0,,,,,,,,,,,,,,,,,,,,,,8dcd6421-1848-4935-ae2e-a355ca7491b0
1.0,38.175648,30.299999999999997,36.2,0.0,2.0,1.0,0.0,0.0,1.0,0.0,0.0,0.0,0.0,0.0,2.0,2.0,2.0,2.0,1.0,6.999138420811437,1.4556104391539917,c8097998-0708-4718-8d1f-f35f045f916c
1.0,12.788276,101.4,4.799999999999997,1.0,3.0,1.0,0.0,0.0,0.0,0.0,0.0,0.0,0.0,0.0,0.0,-2.0,-1.0,1.0,-3.0,-4.577150000435341,0.16645977369908893,45809e76-264f-4355-9afe-404e59110c66
1.0,70.89351,12.2,10.200000000000003,1.0,3.0,1.0,0.0,0.0,0.0,0.0,0.0,0.0,0.0,0.0,-1.0,-1.0,1.0,-1.0,2.0,-2.2304212512978765,0.7846333815217182,01c6e5ae-c1bd-40ff-bfb1-e03d6b3f751d
1.0,31.343899,8.900000000000006,33.8,0.0,2.0,1.0,0.0,0.0,1.0,0.0,0.0,1.0,0.0,0.0,-2.0,1.0,2.0,-1.0,4.0,-5.6671538764007,1.0790529241773608,8f2f8b79-9f53-434c-9489-75053b94de4d
1.0,47.20519,42.099999999999994,26.200000000000003,0.0,2.0,1.0,0.0,0.0,0.0,0.0,0.0,1.0,0.0,0.0,1.0,-1.0,2.0,0.0,3.0,4.832479765118461,0.4886233156498201,c33ce821-3746-4c39-8550-9684e066f61a
1.0,44.42353,0.0,40.0,0.0,1.0,1.0,0.0,0.0,0.0,1.0,0.0,0.0,1.0,0.0,-1.0,4.0,4.0,-1.0,3.0,-1.473053361424105,0.2667644639333923,d8d81581-599b-4e57-9126-234b4f8fe5ac
1.0,67.23094,95.5,15.200000000000003,0.0,3.0,1.0,0.0,0.0,0.0,0.0,0.0,0.0,0.0,0.0,0.0,0.0,0.0,1.0,-1.0,5.584400115763087,0.3738487353460592,681cd5a4-5494-4bd3-b533-c1d7519b2a2e
1.0,35.82806,0.0,39.900000000000006,0.0,2.0,1.0,0.0,0.0,0.0,0.0,0.0,0.0,1.0,0.0,3.0,0.0,3.0,3.0,0.0,0.7196689339088049,0.9544564663563633,a6839ab7-3e0a-4b32-b04e-9ce367c15fb0
1.0,44.68747,113.0,4.100000000000001,0.0,3.0,1.0,0.0,0.0,0.0,0.0,1.0,0.0,0.0,0.0,0.0,1.0,0.0,1.0,-1.0,0.17983789188887034,0.5548361694939532,5b944b2a-78dc-4ed2-bc5d-bde7495a4f5a
1.0,63.713264,9.4,9.8,1.0,4.0,1.0,0.0,0.0,0.0,0.0,0.0,0.0,0.0,0.0,0.0,-2.0,0.0,-1.0,1.0,0.0929511546095314,2.5353022307333943,04189262-0a3b-475c-a815-eb46e649c0bd
1.0,22.98369,77.6,24.799999999999997,0.0,3.0,1.0,0.0,0.0,0.0,0.0,0.0,0.0,0.0,0.0,1.0,-2.0,0.0,1.0,0.0,7.136773471780065,0.2620647631639148,be938d86-49f7-4d45-8693-db42682113d6
1.0,12.649111,60.6,18.200000000000003,0.0,2.0,1.0,0.0,0.0,0.0,0.0,0.0,0.0,0.0,0.0,2.0,-3.0,0.0,0.0,0.0,8.799903402856637,0.03478629680919361,13625adf-7d4e-4a65-918c-a114838dcaa9
1.0,38.8973,20.8,36.3,1.0,1.0,1.0,0.0,0.0,0.0,0.0,0.0,0.0,0.0,0.0,0.0,-3.0,1.0,-1.0,1.0,2.931742169669594,0.46186309971937356,f3fec1ae-388b-4a1b-a675-32d5b38e1742
1.0,63.677074,12.0,3.299999999999997,1.0,4.0,1.0,0.0,0.0,0.0,0.0,0.0,0.0,0.0,0.0,-1.0,1.0,0.0,1.0,0.0,-4.847117999432412,0.2903075841235708,61bf980f-09ee-45f7-9046-67df111efe77
1.0,55.2077,4.6,5.700000000000003,1.0,2.0,1.0,0.0,0.0,0.0,0.0,0.0,0.0,0.0,0.0,-1.0,0.0,1.0,-1.0,2.0,-5.557539810065993,3.076440477490062,5cb948bc-4d7b-4a95-868c-6bfff91c3018
0.0,,,,,,,,,,,,,,,,,,,,,,0dedd4e6-bf99-4e6d-9359-cb0eb362e50b
1.0,16.956709,30.900000000000006,21.4,0.0,2.0,1.0,0.0,0.0,0.0,0.0,0.0,0.0,0.0,1.0,0.0,1.0,4.0,0.0,3.0,3.4135076180484933,0.17866208052202415,7884ce1f-53f2-4143-97c6-607d876c1b95
1.0,22.138203,57.5,13.799999999999997,0.0,3.0,1.0,0.0,0.0,0.0,0.0,0.0,0.0,0.0,0.0,3.0,2.0,1.0,2.0,1.0,1.7498303825695944,0.18662690349190766,5c0be0cc-6acb-410a-98bd-982a756c4e70
1.0,19.46484,109.9,24.599999999999994,0.0,3.0,1.0,0.0,0.0,0.0,0.0,0.0,0.0,0.0,0.0,2.0,0.0,-2.0,1.0,-2.0,4.864890853967802,0.0452159493026122,bda0c30a-507a-455e-a50b-2e4c3cf355ab
1.0,32.907448,57.8,7.299999999999997,0.0,3.0,1.0,0.0,0.0,0.0,0.0,0.0,0.0,0.0,0.0,1.0,0.0,-1.0,0.0,-1.0,1.2861004453681666,0.2527580005333728,c4688711-42c6-4385-a44f-bbb51d477777
1.0,25.75131,87.9,33.5,0.0,5.0,1.0,0.0,0.0,0.0,0.0,0.0,0.0,0.0,0.0,1.0,-1.0,0.0,0.0,0.0,4.612181716899817,0.039234758417874584,54b60497-d690-4053-bf65-f931cbc6345b
1.0,28.709057,11.099999999999994,24.200000000000003,0.0,2.0,1.0,0.0,0.0,1.0,0.0,0.0,0.0,0.0,0.0,0.0,4.0,2.0,-1.0,4.0,-4.272322484720126,0.1032619854781259,44e60faa-0917-46d4-94c1-3a03ed969652
1.0,7.528612,26.799999999999997,21.4,0.0,1.0,1.0,0.0,0.0,0.0,0.0,0.0,0.0,0.0,0.0,0.0,1.0,-2.0,1.0,-3.0,2.08263973020874,0.18202649019875963,5bc87cbd-db36-4bd5-a4d7-c07ed5435238
1.0,11.869709,90.4,22.700000000000003,1.0,6.0,0.0,0.0,1.0,0.0,0.0,0.0,0.0,0.0,0.0,0.0,-3.0,0.0,2.0,-2.0,-1.958441034709665,1.2328923993931997,14022cd3-9728-4cd7-98bf-0f2f9d427d25
1.0,62.58706,111.2,3.0,0.0,2.0,1.0,0.0,0.0,0.0,0.0,0.0,0.0,0.0,0.0,0.0,1.0,0.0,1.0,0.0,8.723016476016486,0.5339462684678642,1e3d2cbf-b9a0-43fb-9835-69821e6187af
1.0,62.311558,7.4,28.799999999999997,1.0,3.0,1.0,0.0,0.0,0.0,0.0,0.0,1.0,0.0,0.0,-3.0,3.0,1.0,-1.0,0.0,-6.9252543301266005,0.8203542377429511,12032632-440e-43e3-b77c-4d1b637d223e
1.0,14.877164,41.900000000000006,13.0,0.0,2.0,1.0,0.0,0.0,0.0,0.0,0.0,0.0,0.0,0.0,0.0,3.0,1.0,1.0,0.0,-6.98921489730699,0.48606227039333855,721dbf0c-a4a6-477b-aeeb-7a35b74ea48d
1.0,12.865458,51.3,30.700000000000003,0.0,2.0,1.0,0.0,0.0,0.0,0.0,0.0,0.0,0.0,0.0,3.0,-2.0,0.0,3.0,-1.0,7.74342411670306,0.05566939896713313,fee18b35-b7e9-4b88-becc-ffe086391ed2
1.0,7.7897367,30.799999999999997,34.5,0.0,10.0,1.0,0.0,0.0,0.0,0.0,0.0,0.0,0.0,0.0,3.0,-1.0,1.0,1.0,0.0,-0.45715919994271026,0.5214363922485956,a8aa1263-3b1e-4640-89e7-434c09d27f53
1.0,45.30618,37.3,26.0,0.0,2.0,1.0,0.0,0.0,0.0,0.0,0.0,1.0,0.0,0.0,0.0,1.0,3.0,-1.0,1.0,5.784011967036191,0.39002248110812154,87adc7d5-af93-461c-8e37-44fb0e8dd4ae
0.0,,,,,,,,,,,,,,,,,,,,,,aa159657-303f-469b-bf5f-6995d7849a0f
0.0,,,,,,,,,,,,,,,,,,,,,,2da5d3ff-deec-4d16-b866-8a7d1fbb93e9
0.0,,,,,,,,,,,,,,,,,,,,,,d0c874f5-c964-4141-8b5a-b4603dc98153
1.0,41.086372,0.0,40.0,0.0,2.0,1.0,0.0,0.0,0.0,1.0,0.0,0.0,1.0,0.0,-2.0,0.0,2.0,2.0,0.0,2.348487024390079,0.4666811426793734,adc6b847-abc1-4e9e-a5a6-ad44f825f339
1.0,64.412735,5.8,4.899999999999999,1.0,3.0,1.0,0.0,0.0,0.0,0.0,0.0,0.0,0.0,0.0,-2.0,-3.0,1.0,-1.0,1.0,2.6019321974421663,0.1736017901519025,82660486-852c-4364-a51f-2391d50fa19c
1.0,29.426859,8.4,10.899999999999999,1.0,3.0,1.0,0.0,0.0,0.0,0.0,0.0,0.0,0.0,0.0,0.0,1.0,0.0,-2.0,2.0,-1.066830652201693,0.4855325429460645,89be9981-038a-4943-83fc-9fa363d16c17
1.0,17.00735,92.6,21.6,0.0,2.0,1.0,0.0,0.0,0.0,0.0,0.0,0.0,0.0,0.0,0.0,-2.0,-1.0,0.0,-2.0,1.499845994773974,1.9745283743457882,e7cdba66-17bb-4b20-b6b5-bb88749b2cf6
1.0,31.24244,22.400000000000006,26.599999999999994,0.0,2.0,1.0,0.0,0.0,1.0,0.0,0.0,0.0,0.0,0.0,-2.0,3.0,4.0,0.0,4.0,-1.443895312471612,0.1709703846791628,7b27d54d-2844-4a7d-b66b-5f11e720c9b3
1.0,43.02383,0.0,39.900000000000006,0.0,2.0,1.0,0.0,0.0,0.0,1.0,0.0,0.0,1.0,0.0,-2.0,3.0,3.0,1.0,1.0,-1.027260968194116,0.3650971724164422,114f7913-a9e1-4102-90fd-82354bb18142
1.0,17.98249,42.5,6.5,1.0,2.0,1.0,0.0,0.0,0.0,0.0,0.0,0.0,0.0,1.0,-2.0,2.0,1.0,0.0,1.0,-5.701938390823947,0.18553309750962957,c8095c62-7453-463a-8f11-f45a07e2d6a1
1.0,53.143013,15.5,0.3999999999999986,1.0,3.0,1.0,0.0,0.0,0.0,0.0,0.0,0.0,0.0,0.0,-1.0,2.0,1.0,0.0,1.0,-6.971840835784853,0.12379625564535872,d53c3462-aa56-4d95-ab95-6ee2d4f78636
1.0,41.101337,0.0,40.0,0.0,2.0,1.0,0.0,0.0,0.0,1.0,0.0,0.0,1.0,0.0,-2.0,1.0,5.0,0.0,4.0,-0.26083107720431453,0.32860299194428705,52986c02-91fb-42f4-b028-11b2249bc4c3
1.0,69.60065,113.0,4.100000000000001,0.0,2.0,1.0,0.0,0.0,0.0,0.0,1.0,0.0,0.0,0.0,0.0,1.0,1.0,0.0,1.0,3.0782443872794047,0.6626009273077277,9336ebff-4431-482f-82f1-87c0b5d537d6
1.0,46.95796,77.5,30.599999999999994,0.0,3.0,1.0,0.0,0.0,0.0,0.0,0.0,0.0,0.0,1.0,2.0,0.0,1.0,1.0,0.0,4.012777417303192,1.0865800415866997,197b6b1c-7042-4533-88e8-5925aa9009b7
1.0,73.37575,113.5,27.099999999999994,0.0,2.0,1.0,0.0,0.0,0.0,0.0,0.0,1.0,0.0,0.0,2.0,-2.0,-1.0,0.0,0.0,6.28562103225924,0.31506975397818093,3e32b46d-319e-4f22-b480-4c451554d3b6
1.0,65.37928,114.0,4.0,0.0,4.0,1.0,0.0,0.0,0.0,0.0,1.0,0.0,0.0,0.0,1.0,-1.0,1.0,0.0,0.0,6.822976055448205,0.02501770813324589,92be6eb9-d6b2-4e4d-a22d-ce52ca29f207
1.0,65.19609,114.0,4.0,0.0,3.0,1.0,0.0,0.0,0.0,0.0,1.0,0.0,0.0,0.0,2.0,-2.0,0.0,2.0,-2.0,7.17863096937502,0.27731594857035063,05f4b123-540f-4b43-a68b-46fc44a2574b
1.0,41.8336,0.0,40.0,0.0,3.0,1.0,0.0,0.0,0.0,1.0,0.0,0.0,1.0,0.0,-1.0,3.0,2.0,3.0,1.0,-1.8499233786232416,2.6269747585851158,caf9d3b6-4396-4fd3-ade3-59f5ebb3242e
0.0,,,,,,,,,,,,,,,,,,,,,,e2d7850e-5c42-4d79-ab4a-91e3e16f1963
1.0,39.275692,0.0,40.0,0.0,1.0,1.0,0.0,0.0,0.0,0.0,0.0,0.0,1.0,0.0,1.0,0.0,2.0,0.0,2.0,-1.0852108488986396,0.614839580415127,9f078c9f-f9c8-4c61-a0f8-76c785b1505e
1.0,34.85183,0.0,39.900000000000006,0.0,2.0,1.0,0.0,0.0,0.0,0.0,0.0,0.0,1.0,0.0,3.0,-1.0,2.0,2.0,1.0,3.066378295250397,0.0822450339522785,0f453a95-33f6-4317-824c-8e9bb80d9372
0.0,,,,,,,,,,,,,,,,,,,,,,9dc77579-156c-46b7-909a-a8baeaa53ba9
1.0,37.238823,117.4,19.0,1.0,7.0,1.0,0.0,0.0,1.0,0.0,0.0,0.0,0.0,0.0,0.0,-4.0,-1.0,0.0,-2.0,0.5100956329302937,0.2375329856839113,fed69d20-832f-4646-bc1e-3061d0ee2808
1.0,39.47822,0.0,39.900000000000006,0.0,1.0,1.0,0.0,0.0,0.0,0.0,0.0,0.0,1.0,0.0,-1.0,0.0,4.0,1.0,2.0,2.5028033356912323,0.23167993116532357,569b9cdd-bd9b-4cdd-ae8c-90341b882a94
0.0,,,,,,,,,,,,,,,,,,,,,,99e0c535-eb27-4263-bf0d-fd14f94b5f6b
1.0,31.30016,43.9,21.299999999999997,1.0,1.0,1.0,0.0,0.0,0.0,0.0,0.0,0.0,0.0,0.0,-1.0,-1.0,-1.0,0.0,-1.0,-5.34063237317144,1.9648111767112113,d0793566-ef87-45a9-b8df-39566408c616
1.0,50.222904,18.5,1.1000000000000014,1.0,3.0,1.0,0.0,0.0,0.0,0.0,0.0,0.0,0.0,1.0,-1.0,0.0,1.0,-1.0,2.0,-3.9541584601458535,0.9013919861049419,204ce650-e358-4dae-8133-812385cafcf8
1.0,51.382195,74.1,24.700000000000003,0.0,3.0,1.0,0.0,0.0,0.0,0.0,0.0,1.0,0.0,0.0,0.0,2.0,0.0,0.0,-1.0,-4.238294413439242,0.007695360517062433,c66252f8-1a6e-4614-b93f-db30aa11e1cf
1.0,15.098676,90.6,13.600000000000001,0.0,2.0,1.0,0.0,0.0,0.0,0.0,0.0,0.0,0.0,0.0,-1.0,-3.0,-3.0,0.0,-3.0,6.473533819318289,0.5196916462779856,d8bd1268-8bda-4ecc-b304-7e242affda6a
1.0,44.864685,113.3,15.899999999999999,0.0,2.0,1.0,0.0,0.0,0.0,0.0,0.0,0.0,0.0,0.0,2.0,-1.0,0.0,0.0,1.0,4.9865224103538885,0.07379763122492329,84aab3d0-f43e-48d5-b000-4d4db6186b5f
1.0,61.934483,6.0,4.0,1.0,3.0,1.0,0.0,0.0,0.0,0.0,1.0,0.0,0.0,0.0,-2.0,2.0,0.0,0.0,0.0,-6.130514124260703,0.005543854861951985,94646ef6-2409-4c0b-a3fc-764b2a57547d
1.0,61.9616,14.8,4.399999999999999,1.0,3.0,1.0,0.0,0.0,0.0,0.0,0.0,1.0,0.0,0.0,-2.0,0.0,0.0,-2.0,3.0,-6.865441670241128,0.27756898082973547,51220982-70d9-48ff-aa37-46923f081464
1.0,71.7867,97.2,17.5,0.0,4.0,1.0,0.0,0.0,0.0,0.0,0.0,1.0,0.0,0.0,-1.0,3.0,1.0,0.0,1.0,0.7715646791367856,0.3718412559233493,48ae3e9b-f068-4b72-8c89-64d3fd6673db
1.0,5.8821764,104.1,7.200000000000003,1.0,1.0,1.0,0.0,0.0,0.0,0.0,0.0,0.0,0.0,1.0,-1.0,0.0,0.0,-1.0,1.0,-4.140519140890071,1.2958932162915215,0f08928d-929c-417d-9c32-4b22b7ff172f
1.0,48.711807,112.7,23.5,0.0,3.0,1.0,0.0,0.0,0.0,0.0,0.0,0.0,0.0,1.0,2.0,-2.0,1.0,1.0,0.0,10.507538947654673,0.5737625166192627,4e4fcbbe-c87b-441d-ac67-ee53c16fd4f3
1.0,61.9,114.0,4.0,0.0,2.0,1.0,0.0,0.0,0.0,0.0,1.0,0.0,0.0,0.0,1.0,3.0,1.0,0.0,1.0,-2.2447192512461545,0.6951039523711984,98c5c877-343b-48be-9024-22a2bc3081dd
1.0,40.485058,65.7,20.7,1.0,2.0,1.0,0.0,0.0,0.0,0.0,0.0,1.0,0.0,0.0,-2.0,-1.0,-4.0,-2.0,-2.0,-3.7916461377515933,0.31543787284799074,893e6d7a-38d0-4b64-ba6a-fe71c2701a6d
1.0,30.68876,100.8,26.099999999999994,0.0,5.0,1.0,0.0,0.0,0.0,0.0,0.0,0.0,0.0,0.0,0.0,-2.0,0.0,2.0,-3.0,4.688562622276684,0.1267931643543263,0be15f0d-8183-41b6-9d8b-22050d364103
1.0,31.969048,7.799999999999997,40.0,0.0,2.0,1.0,0.0,0.0,0.0,0.0,0.0,0.0,0.0,0.0,0.0,1.0,3.0,1.0,1.0,-1.0736947542099828,0.018102221977491312,4191e82f-8c26-43a3-93a6-19ea2f767262
1.0,66.780014,10.7,21.4,1.0,3.0,1.0,0.0,0.0,0.0,0.0,0.0,1.0,0.0,0.0,-2.0,0.0,0.0,-1.0,0.0,-4.583364161323853,1.018222557645114,5c0360d8-451e-4fcd-8858-cc8d37ebff14
1.0,39.066353,31.900000000000006,40.0,0.0,2.0,1.0,0.0,0.0,0.0,0.0,0.0,0.0,0.0,0.0,2.0,-1.0,5.0,3.0,2.0,8.673746786418402,0.12079948404089441,74dcb29f-ff4f-47d2-80ce-81c7021aebff
1.0,20.578873,14.200000000000003,39.900000000000006,0.0,2.0,1.0,0.0,0.0,0.0,0.0,0.0,0.0,0.0,0.0,2.0,0.0,3.0,2.0,-1.0,2.238359777581075,0.5154845750930495,10dc32aa-1350-4762-85af-d1a6430c6eae
1.0,13.482581,113.5,17.0,1.0,1.0,1.0,0.0,0.0,1.0,0.0,0.0,0.0,0.0,0.0,-2.0,0.0,-3.0,-3.0,0.0,-2.490767884580751,0.5222752129910824,57032d0a-fc7c-4ad4-a505-cbfdc996b10b
1.0,57.44258,7.0,3.8999999999999986,1.0,3.0,1.0,0.0,0.0,0.0,0.0,1.0,0.0,0.0,0.0,-1.0,2.0,0.0,-1.0,1.0,-8.802576630515482,0.5414233202747716,242f77a6-c15f-4648-a036-6a5dc7af67aa
1.0,36.034706,42.2,16.6,0.0,2.0,1.0,0.0,0.0,0.0,0.0,0.0,1.0,0.0,0.0,1.0,-1.0,-2.0,-1.0,-2.0,5.307752909793619,0.031480369675319204,20619fe5-acd9-4561-b937-977ea2e815a4
1.0,34.74766,0.0,39.900000000000006,0.0,4.0,1.0,0.0,0.0,0.0,0.0,0.0,0.0,1.0,0.0,-1.0,4.0,2.0,1.0,2.0,0.593702979403604,0.06781935061190955,44d96b24-c305-47a9-824d-c1f6a1a2103f
1.0,36.281677,0.0,40.0,0.0,1.0,1.0,0.0,0.0,0.0,0.0,0.0,0.0,1.0,0.0,1.0,0.0,4.0,4.0,0.0,-2.050029584497983,0.3792899671994006,046f7eb2-5db8-4b97-be22-ec582ea685a6
1.0,17.17469,70.7,30.299999999999997,0.0,2.0,0.0,1.0,0.0,0.0,0.0,0.0,0.0,0.0,1.0,1.0,1.0,1.0,-1.0,2.0,4.368348869080155,0.5664408756671121,4d5b7fe0-e201-44e0-ab8c-2eb1d49f5caa
1.0,22.766861,88.4,10.299999999999997,0.0,2.0,1.0,0.0,0.0,0.0,0.0,0.0,0.0,0.0,1.0,1.0,-3.0,0.0,1.0,-1.0,5.363940861774191,0.5911833705739401,62a5dbde-e7ca-440e-b34f-c0d5cfefdeb9
1.0,47.8787,117.5,29.5,1.0,3.0,1.0,0.0,0.0,1.0,1.0,0.0,0.0,0.0,0.0,0.0,-2.0,-4.0,0.0,-4.0,3.7359960176222167,0.011436673958790028,a8ac3088-18ce-4640-b22a-9cafa45ed967
1.0,18.60027,51.0,22.9,1.0,2.0,1.0,0.0,0.0,0.0,0.0,0.0,0.0,0.0,0.0,2.0,-1.0,1.0,0.0,1.0,5.2558785450051575,0.12674413890419367,42fd20cc-f6c6-4675-8f36-f414728f7590
1.0,70.04891,114.0,4.0,0.0,10.0,1.0,0.0,0.0,0.0,0.0,1.0,0.0,0.0,0.0,3.0,-4.0,0.0,0.0,-3.0,8.04359106787004,0.38038784993575125,5b4be5da-e353-47d1-9aa2-e412034a7cc9
1.0,73.543526,6.0,4.0,1.0,3.0,1.0,0.0,0.0,0.0,0.0,1.0,0.0,0.0,0.0,-2.0,1.0,1.0,1.0,1.0,-8.679022983862321,0.9848670622969187,aa38c8ab-3054-4feb-b80a-3a75252713eb
1.0,32.720024,47.3,2.700000000000003,0.0,2.0,1.0,0.0,0.0,0.0,0.0,0.0,0.0,0.0,0.0,1.0,2.0,1.0,0.0,1.0,2.125152946146179,0.6036920226211011,ce0e27d4-cb12-49dd-bcec-2b7a7064b20e
1.0,30.620255,34.4,40.0,1.0,3.0,1.0,0.0,0.0,0.0,0.0,0.0,0.0,0.0,0.0,-1.0,0.0,-3.0,-2.0,-1.0,-0.35633552580075856,0.6148586145297351,d7a20bc3-a51b-4203-ab8b-281a905619be
1.0,3.8327537,83.1,18.0,0.0,1.0,1.0,0.0,0.0,0.0,0.0,0.0,0.0,0.0,0.0,-1.0,-1.0,0.0,-2.0,0.0,-0.08610561394028071,0.8559421194065986,1c7fccce-97c1-42f4-8541-d17e602d15c3
1.0,11.727745,45.3,35.2,0.0,7.0,0.0,0.0,1.0,0.0,0.0,0.0,0.0,0.0,1.0,3.0,-2.0,1.0,2.0,-1.0,4.207700945990574,0.49882430360693775,7097c48f-7a8a-4eef-b86a-feeb1d06acd0
1.0,15.339492,21.8,24.099999999999994,1.0,2.0,1.0,0.0,0.0,0.0,0.0,0.0,0.0,0.0,0.0,-2.0,4.0,-1.0,-1.0,1.0,-9.06796037864226,0.0633987513542141,3c36f9b4-3d08-4f2e-acc8-9404d96a48e1
1.0,34.302334,30.900000000000006,40.0,0.0,2.0,1.0,0.0,0.0,0.0,0.0,0.0,0.0,0.0,0.0,3.0,-2.0,1.0,1.0,2.0,6.01772588308517,2.0777090747993254,12017c27-c9b5-4e7a-b211-9da43f6d49c6
1.0,34.302334,30.900000000000006,40.0,0.0,4.0,1.0,0.0,0.0,0.0,0.0,0.0,0.0,0.0,0.0,3.0,-1.0,4.0,4.0,1.0,4.927711823223774,1.2522884704663573,3713f8c8-de47-4479-8cf5-a35212fe779d
1.0,32.255543,36.3,11.0,1.0,3.0,1.0,0.0,0.0,0.0,0.0,0.0,0.0,0.0,0.0,0.0,0.0,-2.0,-1.0,-2.0,-6.13592457487591,1.007928672718141,5f063e61-cafb-4a6e-b4c6-b4b231b04fed
1.0,9.822932,12.700000000000003,13.799999999999997,0.0,2.0,1.0,0.0,0.0,0.0,0.0,0.0,0.0,0.0,0.0,0.0,1.0,3.0,2.0,0.0,2.1834378718152734,0.2595659005364389,216c0326-a3c3-4eab-a94e-6e85508af9e1
1.0,34.112316,40.900000000000006,35.7,0.0,3.0,1.0,0.0,0.0,0.0,0.0,0.0,0.0,0.0,0.0,2.0,2.0,2.0,2.0,1.0,-3.7450553084735416,0.08539859931915982,586b4154-fd61-4091-a39b-93eeb1389895
1.0,76.70202,93.5,11.299999999999997,0.0,6.0,1.0,0.0,0.0,0.0,0.0,0.0,0.0,0.0,0.0,2.0,-3.0,1.0,3.0,-2.0,7.792269407477813,0.05647373245737583,acdc0884-057f-471b-b7ae-59efb6ef7510
0.0,,,,,,,,,,,,,,,,,,,,,,b4e490f4-44a5-48ff-948a-3787e7530c83
1.0,40.929817,0.0,40.0,0.0,2.0,1.0,0.0,0.0,0.0,1.0,0.0,0.0,1.0,0.0,-2.0,0.0,-1.0,-3.0,2.0,1.3553265974969264,0.292431585603778,925c5048-5747-4943-a736-6f40178770c4
1.0,29.952797,100.6,39.9,1.0,2.0,1.0,0.0,0.0,0.0,0.0,0.0,0.0,0.0,0.0,-2.0,1.0,-3.0,-3.0,0.0,-6.553494072121389,0.199558335978668,7386b9eb-f0bf-4fc7-a31e-ac1f37f80811
1.0,62.587936,6.0,4.0,1.0,4.0,1.0,0.0,0.0,0.0,0.0,1.0,0.0,0.0,0.0,-2.0,2.0,0.0,-1.0,1.0,-6.303653007680674,1.1677721038605506,a409b937-5973-497b-a10f-bb047f089954
1.0,48.500412,117.0,16.4,0.0,4.0,1.0,0.0,0.0,0.0,0.0,0.0,0.0,0.0,1.0,1.0,-2.0,-2.0,0.0,-1.0,5.393096545744033,0.31752596377153647,4f0f9b3d-3bb1-486d-bb22-809466ef54b1
1.0,26.665522,82.2,4.200000000000003,1.0,3.0,1.0,0.0,0.0,0.0,0.0,0.0,0.0,0.0,0.0,-1.0,-4.0,-3.0,-1.0,-3.0,0.737850491656106,0.1050990243463073,27dee45d-5bac-4f7d-9878-7e63ba1cd287
1.0,53.535034,116.2,11.0,0.0,4.0,1.0,0.0,0.0,0.0,0.0,0.0,0.0,0.0,0.0,1.0,-1.0,0.0,0.0,0.0,5.911126386934898,0.6053641542134417,303a74dd-c324-4ce1-9811-265f5310ff29
0.0,,,,,,,,,,,,,,,,,,,,,,1efae366-46a1-419e-a8cb-143287216232
1.0,37.120613,90.3,15.399999999999999,0.0,3.0,1.0,0.0,0.0,0.0,0.0,0.0,0.0,0.0,1.0,1.0,-1.0,0.0,0.0,1.0,4.0758435910528785,0.3766382101566364,91608f55-9433-46b2-9561-ded1f812efd4
1.0,17.230787,32.7,10.399999999999999,0.0,1.0,1.0,0.0,0.0,0.0,0.0,0.0,1.0,0.0,0.0,1.0,0.0,4.0,2.0,2.0,2.938894491975745,0.379501085987382,c63318db-5d9d-49ed-98b8-3b7ed707746d
1.0,45.951824,64.1,30.099999999999994,0.0,2.0,1.0,0.0,0.0,0.0,0.0,0.0,1.0,0.0,0.0,3.0,-2.0,0.0,1.0,-2.0,10.835373562736283,1.0390216583356067,dcdfdd24-c6a3-41ce-bc50-bb9a0abd68ab
1.0,38.6576,10.4,4.5,1.0,3.0,1.0,0.0,0.0,0.0,0.0,0.0,0.0,0.0,1.0,0.0,2.0,-2.0,-1.0,-1.0,-4.574419558505811,1.0113034151566154,c82bab5f-58f4-44a9-a5f9-e59c2ce51aeb
1.0,40.867714,110.5,36.099999999999994,1.0,6.0,1.0,0.0,0.0,1.0,0.0,0.0,0.0,0.0,1.0,0.0,-4.0,-2.0,0.0,-1.0,4.14419992334173,0.214241554355729,0e94103e-2cb7-496b-a203-66ab77857e02
1.0,28.185812,32.599999999999994,16.200000000000003,0.0,2.0,1.0,0.0,0.0,0.0,0.0,0.0,0.0,0.0,0.0,2.0,-2.0,1.0,2.0,-1.0,9.827617241332884,0.5647611687909805,32ba1a79-5c7a-4bff-8a13-3363f6a5f0c9
1.0,28.185812,32.599999999999994,16.200000000000003,0.0,3.0,1.0,0.0,0.0,0.0,0.0,0.0,0.0,0.0,0.0,0.0,3.0,2.0,0.0,2.0,3.760350814588362,0.8480387948697568,f5966cba-1a34-449f-8bb5-84e451eaec71
1.0,31.705204,20.799999999999997,21.700000000000003,0.0,2.0,1.0,0.0,0.0,0.0,0.0,0.0,0.0,0.0,0.0,0.0,3.0,2.0,0.0,2.0,1.3693077821005275,0.5362541215891796,c68ffad7-fbe6-4b3d-9f57-3f622a95456d
1.0,31.506983,27.099999999999994,32.3,0.0,1.0,1.0,0.0,0.0,1.0,0.0,0.0,1.0,0.0,0.0,3.0,-1.0,2.0,5.0,-2.0,6.899289825721595,0.27333155075721266,df080d16-539e-4e7a-b2f7-6c9e8739b8f1
1.0,49.168793,114.0,4.0,0.0,3.0,1.0,0.0,0.0,0.0,0.0,1.0,0.0,0.0,0.0,-1.0,-2.0,1.0,0.0,1.0,2.393446943056837,1.328049988716763,1dcea3e5-7abf-48e4-9526-17a9e583892f
1.0,44.777897,79.4,1.2000000000000028,0.0,2.0,1.0,0.0,0.0,0.0,0.0,0.0,0.0,0.0,0.0,0.0,-4.0,0.0,1.0,-1.0,8.665979032871423,1.2192289628108486,db189770-c03a-42c5-816f-20d724609380
1.0,9.80867,45.3,14.899999999999999,1.0,2.0,1.0,0.0,0.0,0.0,0.0,0.0,0.0,0.0,0.0,-4.0,3.0,2.0,-2.0,3.0,-8.001060690940015,1.1494538919084882,3de9513a-e580-4a07-b59a-21963c43f037
1.0,8.309633,12.400000000000006,17.1,0.0,4.0,0.0,0.0,1.0,0.0,0.0,0.0,0.0,0.0,0.0,-4.0,2.0,3.0,2.0,1.0,-6.941299351927128,0.9574833833140888,dc885762-99fd-45ec-a1ea-fc6e889a2394
1.0,41.63568,0.0,39.900000000000006,0.0,2.0,1.0,0.0,0.0,0.0,1.0,0.0,0.0,1.0,0.0,1.0,0.0,2.0,0.0,2.0,1.1937642729818982,0.08710244662983789,010f5e91-ac23-4435-82fa-e1ff63d55460
1.0,57.090893,2.4,19.8,1.0,3.0,1.0,0.0,0.0,0.0,0.0,0.0,0.0,0.0,0.0,0.0,-1.0,-2.0,-1.0,-1.0,-3.156761066602062,0.03652417987315451,693280ec-581f-4a62-a9da-11cae82e3ded
1.0,43.060192,110.8,5.399999999999999,0.0,2.0,1.0,0.0,0.0,0.0,0.0,0.0,0.0,0.0,1.0,1.0,0.0,0.0,0.0,0.0,2.494128948255536,0.8015957338284768,fcf7febd-fb70-48a2-973e-36543e8ec4fc
1.0,21.440617,49.599999999999994,12.100000000000001,0.0,3.0,1.0,0.0,0.0,0.0,0.0,0.0,0.0,0.0,0.0,0.0,0.0,-1.0,1.0,-2.0,3.6149332318901646,0.6060537203596675,013acbb0-f2fc-4b82-af4d-ff430d287a07
1.0,11.111256,21.700000000000003,8.0,0.0,1.0,1.0,0.0,0.0,0.0,0.0,0.0,0.0,0.0,0.0,0.0,2.0,1.0,3.0,1.0,0.5656946872930217,1.2305754131128226,e42a8a00-3c42-4a31-80af-b4f7a65ab9b8
0.0,,,,,,,,,,,,,,,,,,,,,,3c98ad48-5857-4e99-b599-90fb9161080e
1.0,34.64823,0.0,40.0,0.0,4.0,1.0,0.0,0.0,0.0,0.0,0.0,0.0,1.0,0.0,0.0,-1.0,3.0,1.0,2.0,1.9775901770765811,1.3415618889354795,f7f191bb-10cc-4a53-91ce-57136f592ee7
1.0,65.445015,6.0,7.399999999999999,1.0,3.0,1.0,0.0,0.0,0.0,0.0,1.0,0.0,0.0,0.0,-1.0,2.0,-1.0,-1.0,1.0,-6.744648999827202,0.5534252402407381,7e3e65d3-90f0-4213-833a-6b23417a1b50
1.0,29.224989,120.0,40.0,1.0,3.0,1.0,0.0,0.0,0.0,0.0,0.0,0.0,1.0,0.0,-2.0,1.0,-2.0,-4.0,0.0,-1.7813197708977446,0.5767102805765063,4a665e5f-7478-472a-bdbc-9a2b0269462a
1.0,54.886246,107.5,26.099999999999994,0.0,4.0,1.0,0.0,0.0,0.0,0.0,0.0,1.0,0.0,0.0,2.0,-1.0,0.0,1.0,-1.0,4.849664387178337,0.17610313498424449,f1c90805-ac3d-4640-9506-843054a9788d
1.0,36.710354,0.0,40.0,0.0,1.0,1.0,0.0,0.0,0.0,0.0,0.0,0.0,1.0,0.0,3.0,-1.0,3.0,3.0,1.0,2.19278602497884,0.18672411249374798,43488035-b330-4e9b-9f41-d30b86e37c63
1.0,59.253437,108.3,4.399999999999999,0.0,3.0,1.0,0.0,0.0,0.0,0.0,0.0,0.0,0.0,1.0,1.0,0.0,-1.0,1.0,-2.0,5.803007063295762,1.9972966681935231,0697560d-422e-4c73-8b14-5376a83faa08
1.0,12.4,24.0,12.0,0.0,1.0,1.0,0.0,0.0,0.0,0.0,0.0,0.0,0.0,0.0,1.0,5.0,1.0,1.0,1.0,2.4516298717746503,0.2940026337022772,0a243a50-e792-4413-b44c-ef1385f0c7fd
1.0,14.665947,31.200000000000003,9.700000000000003,0.0,2.0,1.0,0.0,0.0,0.0,0.0,0.0,0.0,0.0,0.0,2.0,0.0,0.0,2.0,-1.0,3.9875968784014866,0.11617595605161771,02cc7cb4-99d5-4560-8c07-cb09fe21ddc4
1.0,8.44334,30.900000000000006,17.9,0.0,12.0,0.0,0.0,1.0,0.0,0.0,0.0,0.0,0.0,0.0,1.0,-1.0,-1.0,1.0,-1.0,3.0511510234680417,0.2908025659564709,0d51a239-ccfe-4385-835b-6ef6b5405b75
1.0,18.242807,65.2,17.6,0.0,2.0,1.0,0.0,0.0,0.0,0.0,0.0,0.0,0.0,0.0,3.0,-2.0,-2.0,1.0,-2.0,5.9739808975731385,0.7320562094784265,522e3e78-e8ca-4e4e-920d-504c9c66bf7b
1.0,51.412937,4.0,0.29999999999999716,1.0,3.0,1.0,0.0,0.0,0.0,0.0,0.0,0.0,0.0,0.0,0.0,2.0,0.0,-1.0,0.0,-5.923868598786651,0.3951436429559848,4bd400fe-547e-4d83-9dd4-5406110d9e8f
1.0,49.463116,4.9,12.5,1.0,3.0,1.0,0.0,0.0,0.0,0.0,0.0,0.0,0.0,0.0,0.0,-2.0,-1.0,1.0,-1.0,-3.6150471960313872,0.13874674291268904,040c6151-3c50-492b-b940-6c65f18fa4d9
1.0,40.17412,116.2,7.299999999999997,0.0,3.0,1.0,0.0,0.0,0.0,0.0,0.0,0.0,0.0,1.0,0.0,0.0,0.0,-1.0,1.0,2.55273460765431,1.6792652300920927,d96696a5-da1c-4569-b595-0fd036a59783
1.0,32.268406,88.8,39.9,1.0,2.0,1.0,0.0,0.0,0.0,0.0,0.0,0.0,0.0,0.0,-3.0,3.0,-1.0,-3.0,1.0,-7.554766103316711,0.07314700029376614,06b79f05-dd87-48ba-a7f9-e290da2ea8ed
0.0,,,,,,,,,,,,,,,,,,,,,,17e409fd-ee43-40c4-aeab-cb230f0081a9
1.0,58.141636,112.0,0.3999999999999986,0.0,3.0,1.0,0.0,0.0,0.0,0.0,0.0,0.0,0.0,0.0,0.0,0.0,2.0,0.0,1.0,3.1354645879514376,1.1959720283285729,ea9aa5a1-52b3-49cc-b5c7-6362b84c5aea
1.0,31.136152,109.1,39.9,1.0,2.0,1.0,0.0,0.0,1.0,0.0,0.0,0.0,0.0,0.0,-3.0,0.0,-2.0,-2.0,-1.0,-3.0685263594991543,0.142239641161665,3b26138f-476f-4bbf-a69a-58d174910d21
1.0,16.577394,80.4,27.200000000000003,0.0,2.0,1.0,0.0,0.0,0.0,0.0,0.0,0.0,0.0,0.0,1.0,-1.0,1.0,0.0,-1.0,4.0013595747347095,0.21820969362894413,f9edbecb-49be-42c9-95b2-954c14168f43
0.0,,,,,,,,,,,,,,,,,,,,,,4ab8b0e6-d4e4-4bb8-9116-98fb750fa5e8
1.0,21.272753,54.900000000000006,39.900000000000006,0.0,2.0,1.0,0.0,0.0,0.0,0.0,0.0,0.0,0.0,0.0,2.0,-1.0,-1.0,1.0,-1.0,6.220038808875064,0.25781155439312514,7b2e10d5-88a9-483b-af3e-16c77dfe3d38
1.0,15.376931,20.900000000000006,29.299999999999997,0.0,5.0,0.0,0.0,1.0,0.0,0.0,0.0,0.0,0.0,0.0,2.0,2.0,2.0,1.0,1.0,-0.07729685617767457,0.3352254303616299,11fa74b6-b0c4-4cd4-bcbd-f573d212df1f
0.0,,,,,,,,,,,,,,,,,,,,,,367d4448-5a41-4161-aece-f6d009c5b9b4
1.0,32.2605,75.2,23.5,1.0,2.0,1.0,0.0,0.0,0.0,0.0,0.0,0.0,0.0,0.0,-1.0,1.0,-3.0,-1.0,-2.0,-5.444488501675416,0.006007662781885999,3033c0bb-5844-4a64-823f-36a50d79c2ff
0.0,,,,,,,,,,,,,,,,,,,,,,b1806844-52f3-44b9-94ce-aa01430f3119
0.0,,,,,,,,,,,,,,,,,,,,,,7b523f44-e735-4ab6-b9fe-39b93b9cfaf5
1.0,30.207615,18.200000000000003,31.799999999999997,0.0,2.0,1.0,0.0,0.0,1.0,0.0,0.0,0.0,0.0,0.0,1.0,0.0,2.0,3.0,0.0,1.8483430499295377,0.07134407430152774,ff4179df-5d2e-421f-b058-8f312853d3ca
1.0,9.732934,12.5,20.299999999999997,0.0,4.0,0.0,0.0,1.0,0.0,0.0,0.0,0.0,0.0,0.0,-1.0,0.0,3.0,1.0,2.0,-1.1228088356630914,0.6838266371916921,bc2251f7-4866-4272-9bd3-94bbc641a442
1.0,63.266422,96.2,21.4,0.0,4.0,1.0,0.0,0.0,0.0,0.0,0.0,1.0,0.0,0.0,2.0,1.0,1.0,1.0,1.0,6.582908843086845,0.2543497414012114,5bbb36f6-e023-4c82-b044-4d19e83dd625
1.0,68.84664,117.4,14.200000000000003,0.0,3.0,1.0,0.0,0.0,0.0,0.0,0.0,0.0,0.0,0.0,1.0,0.0,-1.0,0.0,0.0,3.2017509631310226,0.1057886821181312,51abf663-d175-4cd3-ad50-acff233d9cab
1.0,42.47964,105.1,35.0,0.0,3.0,1.0,0.0,0.0,0.0,0.0,0.0,0.0,0.0,0.0,0.0,1.0,0.0,1.0,-1.0,2.344907423653062,0.04663062343478104,7be2a652-970e-4e61-9826-6ee2e2824991
1.0,56.292095,12.0,35.8,1.0,3.0,1.0,0.0,0.0,0.0,0.0,0.0,1.0,0.0,0.0,-4.0,3.0,0.0,-1.0,1.0,-8.010872209181631,1.1809879370033742,7518493d-29f7-4005-97ac-aa343406f767
1.0,39.462894,43.099999999999994,25.0,0.0,1.0,1.0,0.0,0.0,0.0,0.0,0.0,1.0,0.0,0.0,3.0,1.0,3.0,1.0,3.0,-0.1504680939484926,0.040893375649103406,2f501eb9-8032-4718-bcfe-3c50be85764d
1.0,68.51606,68.9,33.900000000000006,1.0,3.0,1.0,0.0,0.0,0.0,1.0,0.0,1.0,0.0,0.0,0.0,-5.0,-1.0,0.0,-1.0,2.188303274341189,0.24430746928718783,dfe13ecb-b22e-4cba-a5e5-dd964a1b2132
1.0,17.664654,20.5,22.700000000000003,0.0,4.0,0.0,0.0,1.0,0.0,0.0,0.0,0.0,0.0,0.0,3.0,0.0,2.0,3.0,1.0,3.905313852384944,0.4363247906872873,2216eb37-8f42-4fb2-bead-d60f1df66639
1.0,11.98207,6.400000000000006,4.299999999999997,0.0,2.0,1.0,0.0,0.0,0.0,0.0,0.0,0.0,0.0,0.0,0.0,5.0,4.0,-1.0,4.0,-1.5483431560157426,0.050869636805388356,b4c8e4a4-5c4c-465c-9bb7-841c2d5ab4eb
1.0,36.799183,9.599999999999994,31.599999999999994,0.0,1.0,1.0,0.0,0.0,1.0,0.0,0.0,0.0,0.0,0.0,-1.0,4.0,1.0,1.0,1.0,-4.973893193725507,0.022103971073386332,63c52f5e-cbcc-4880-9d65-06e303334691
1.0,56.272285,103.5,13.399999999999999,0.0,4.0,1.0,0.0,0.0,0.0,0.0,0.0,0.0,0.0,0.0,1.0,-3.0,1.0,1.0,-1.0,4.709518729540377,0.8918629358954558,a261dd01-d8ab-40c6-90a2-30ec05216d83
1.0,57.312653,10.5,13.799999999999997,1.0,3.0,1.0,0.0,0.0,0.0,0.0,0.0,0.0,0.0,0.0,0.0,1.0,0.0,-1.0,0.0,-5.983319927835344,1.3905186882282858,b6c31316-0bd6-4219-84a5-be73951928e4
1.0,5.5226803,24.0,16.9,0.0,9.0,0.0,1.0,0.0,0.0,0.0,0.0,0.0,0.0,1.0,5.0,1.0,-1.0,0.0,-2.0,1.4872388860716215,1.2041146513499,a1ab19f5-eb05-46e1-b12a-7310cb9e57b9
0.0,,,,,,,,,,,,,,,,,,,,,,fab32b06-a32b-4dcb-a64d-ae581da69fd1
1.0,39.562737,22.299999999999997,35.599999999999994,0.0,4.0,1.0,0.0,0.0,1.0,0.0,0.0,0.0,0.0,0.0,1.0,1.0,3.0,2.0,2.0,1.5223627606123389,0.13523334884499255,2084c580-8ac6-471b-bd31-2b4107c52a20
1.0,58.789116,93.0,21.4,0.0,4.0,1.0,0.0,0.0,0.0,0.0,0.0,0.0,0.0,0.0,1.0,-3.0,0.0,0.0,0.0,9.275387075378532,0.26349731662118786,0d836875-f935-4718-9157-8154105f4dfb
1.0,63.35203,92.7,36.5,0.0,3.0,1.0,0.0,0.0,0.0,0.0,0.0,1.0,0.0,0.0,1.0,-3.0,1.0,0.0,1.0,7.6254628997669025,0.6338700141534342,eaee9b02-79d1-4741-882d-2854b7de7760
1.0,66.99493,7.0,0.3999999999999986,1.0,3.0,1.0,0.0,0.0,0.0,0.0,1.0,0.0,0.0,0.0,-1.0,-1.0,0.0,-1.0,0.0,-11.29296337692359,0.6087087525041331,668d7391-4aa3-4b69-bcf9-07659c2e0438
1.0,21.980219,30.9,15.100000000000001,1.0,1.0,1.0,0.0,0.0,0.0,0.0,0.0,0.0,0.0,0.0,-1.0,0.0,2.0,0.0,2.0,-2.2394089535973976,1.610434546037556,355faf6a-7103-4e2b-b9c6-31d682595cd4
1.0,51.28294,70.4,26.0,1.0,3.0,1.0,0.0,0.0,0.0,1.0,0.0,0.0,0.0,0.0,1.0,-4.0,0.0,-1.0,1.0,5.539866422127007,0.7128199660540954,dfbde916-1857-4567-9638-b7fe2a70d609
1.0,37.04821,57.4,33.5,0.0,2.0,1.0,0.0,0.0,0.0,0.0,0.0,1.0,0.0,0.0,1.0,4.0,2.0,1.0,1.0,-4.828589636038702,0.3235463734320464,c06afdff-4c42-4283-be73-4f49e6194cfb
1.0,58.178432,92.2,7.600000000000001,0.0,3.0,1.0,0.0,0.0,0.0,0.0,0.0,0.0,0.0,1.0,0.0,-2.0,-2.0,-1.0,-2.0,9.740191871515652,1.5323294794346716,1e83a8d2-f6c6-4672-8156-713b711f17ab
1.0,35.82206,26.5,34.2,0.0,1.0,1.0,0.0,0.0,1.0,0.0,0.0,1.0,0.0,0.0,3.0,1.0,4.0,3.0,2.0,2.9984263376752587,0.11171900321332316,663ab44f-7446-403a-be1e-e25a5e457925
1.0,7.615773,94.1,4.100000000000001,1.0,1.0,1.0,0.0,0.0,0.0,0.0,0.0,0.0,0.0,0.0,-1.0,2.0,-2.0,-2.0,0.0,-5.373632679907217,0.40332718018317293,cc006bd0-32cc-4bf5-bd3a-2e2d069592dc
1.0,29.108418,92.3,25.400000000000006,0.0,2.0,1.0,0.0,0.0,0.0,0.0,0.0,0.0,0.0,1.0,0.0,2.0,1.0,1.0,0.0,-4.246480485779054,0.45741927347673966,b05ebbeb-50f1-4970-8a25-449376edadda
1.0,59.205406,102.3,13.299999999999997,0.0,4.0,1.0,0.0,0.0,0.0,0.0,0.0,1.0,0.0,0.0,1.0,-2.0,1.0,1.0,-1.0,4.499207451049896,0.7841466958123717,ebb4bde0-b250-479c-8d24-7494b1eff242
1.0,64.18863,113.0,1.1000000000000014,0.0,3.0,1.0,0.0,0.0,0.0,0.0,1.0,0.0,0.0,0.0,1.0,-1.0,-1.0,1.0,-2.0,3.729595861954146,0.18970966615583224,3505e3ea-60d8-483b-9fb8-4443abca2791
1.0,39.537956,0.0,40.0,0.0,2.0,1.0,0.0,0.0,0.0,0.0,0.0,0.0,1.0,0.0,-2.0,3.0,4.0,0.0,4.0,-2.3714559206369454,2.050825027861397,89e2c8dc-1c0b-4205-bbc4-ccee8161149c
1.0,62.26026,113.0,4.600000000000001,0.0,4.0,1.0,0.0,0.0,0.0,0.0,1.0,0.0,0.0,0.0,3.0,-1.0,-1.0,1.0,-2.0,5.283458901257456,0.7018145325224209,78fcaddc-66db-4850-a884-a8b3e084936e
1.0,12.681088,59.1,16.299999999999997,1.0,3.0,1.0,0.0,0.0,0.0,0.0,0.0,0.0,0.0,1.0,-1.0,-1.0,-1.0,-1.0,1.0,-2.8916574579044036,0.015575966264297072,fbc1d13b-da4a-402e-86f5-5ac1a3ded49d
1.0,23.505318,74.7,40.0,0.0,4.0,1.0,0.0,0.0,0.0,0.0,0.0,0.0,0.0,0.0,1.0,-1.0,0.0,2.0,-1.0,4.207538107279374,0.331910952778821,b78ff4bf-5dd8-45ef-8bab-dc2ef2138ff4
1.0,65.17699,105.5,15.100000000000001,0.0,3.0,1.0,0.0,0.0,0.0,0.0,0.0,0.0,0.0,0.0,0.0,1.0,0.0,1.0,-1.0,3.846844137570182,0.5633954730945216,90c3eaa6-8989-46ce-9b80-b8af7537461e
1.0,18.660118,110.4,6.5,1.0,2.0,1.0,0.0,0.0,0.0,0.0,0.0,0.0,0.0,1.0,0.0,-1.0,0.0,-1.0,0.0,1.1527080183829526,0.7320349045662443,d6da3b6b-ca29-41e0-8c8c-45561d0e335d
1.0,21.914606,15.200000000000003,24.299999999999997,0.0,1.0,1.0,0.0,0.0,1.0,0.0,0.0,0.0,0.0,1.0,0.0,0.0,2.0,0.0,0.0,-0.2968371916471422,1.7234986702684607,edac5f49-1557-4191-a31e-93caa426f318
1.0,58.141636,94.4,14.399999999999999,0.0,3.0,1.0,0.0,0.0,0.0,0.0,0.0,0.0,0.0,0.0,0.0,-1.0,-3.0,-1.0,-1.0,5.02178044272664,0.8065322975653159,fdd8324e-5e99-4719-a353-306d72058809
1.0,61.693596,19.8,0.7999999999999972,1.0,3.0,1.0,0.0,0.0,0.0,0.0,0.0,0.0,0.0,1.0,0.0,1.0,-1.0,0.0,0.0,-2.6354155917566935,0.1548329293068758,157cf2e0-3e03-4ddc-94f1-26136ba1c8a0
1.0,12.757743,47.3,18.6,1.0,2.0,1.0,0.0,0.0,0.0,0.0,0.0,0.0,0.0,0.0,0.0,2.0,0.0,1.0,-2.0,-0.3847610005387061,1.3207268640600005,7d647040-72bb-4b5d-8e9e-4de22e9bf791
1.0,53.8,91.9,34.099999999999994,0.0,3.0,1.0,0.0,0.0,0.0,0.0,0.0,0.0,0.0,1.0,1.0,-1.0,1.0,0.0,1.0,3.7855276894443075,3.1483530662768957,b773f060-eb42-4ab9-88b7-f0a364282401
1.0,67.4003,114.2,2.1000000000000014,0.0,3.0,1.0,0.0,0.0,0.0,0.0,1.0,0.0,0.0,0.0,2.0,-2.0,0.0,1.0,1.0,6.763157186112169,0.24299084046417577,b7200984-5325-4a4f-82de-4a381e119be7
1.0,57.975945,31.5,31.599999999999994,1.0,4.0,1.0,0.0,0.0,0.0,0.0,0.0,1.0,0.0,0.0,-3.0,2.0,2.0,0.0,0.0,-4.35062102419293,4.264547326576743,c0063b8e-06bb-4f1c-bc91-3031c435d4fd
1.0,36.84196,101.8,32.5,0.0,4.0,1.0,0.0,0.0,0.0,0.0,0.0,0.0,0.0,1.0,2.0,-1.0,0.0,3.0,-1.0,9.979046570035239,0.19681465402964823,9c706be8-d05f-4440-9259-d441fccc6026
1.0,50.719326,45.0,29.599999999999994,0.0,3.0,1.0,0.0,0.0,0.0,1.0,0.0,1.0,0.0,0.0,1.0,2.0,2.0,1.0,2.0,-0.15506096233993993,1.2185410494791584,c1505717-b205-4b35-ac27-c9950f06499a
1.0,74.9283,110.4,10.399999999999999,0.0,5.0,1.0,0.0,0.0,0.0,0.0,0.0,1.0,0.0,0.0,0.0,-1.0,0.0,0.0,0.0,6.179758773640293,0.6776052526290581,1aeddd22-4222-4e60-91ec-df84efdce10d
1.0,21.731314,21.1,16.3,1.0,1.0,1.0,0.0,0.0,0.0,0.0,0.0,0.0,0.0,0.0,0.0,4.0,1.0,0.0,1.0,-6.550080125982046,0.7459853254746048,05eefb1c-e5df-4d91-9c8b-20d926e4e208
1.0,13.3,50.900000000000006,15.399999999999999,0.0,3.0,1.0,0.0,0.0,0.0,0.0,0.0,0.0,0.0,1.0,3.0,0.0,0.0,1.0,-1.0,1.3703139718673478,0.2535315524394548,4763d3e2-8070-4579-8895-fdaed0dfcf72
1.0,35.12848,7.099999999999994,33.7,0.0,4.0,1.0,0.0,0.0,1.0,0.0,0.0,0.0,0.0,0.0,-1.0,1.0,3.0,-1.0,3.0,-1.849482592772536,0.20891162307854283,3c74d163-12a7-467a-a561-7041527663f7
1.0,7.0491133,29.7,5.399999999999999,1.0,2.0,0.0,0.0,1.0,0.0,0.0,0.0,0.0,0.0,0.0,3.0,0.0,-2.0,0.0,-2.0,-0.7961603197782439,1.9649632603955596,ef137d06-acd3-46f4-8d77-edba7cb89520
1.0,67.590904,95.0,31.5,0.0,4.0,1.0,0.0,0.0,0.0,0.0,0.0,1.0,0.0,0.0,1.0,-1.0,-2.0,0.0,-2.0,6.068323194061893,0.08292179928548903,cb43adb5-99a7-42a8-b795-20298caf45c9
1.0,17.79101,23.3,40.0,1.0,2.0,1.0,0.0,0.0,0.0,0.0,0.0,0.0,0.0,0.0,-1.0,4.0,0.0,-2.0,0.0,-7.821490025480484,0.23244704515825224,5d501587-5c20-4e67-a1f0-202dfa63115f
1.0,41.072132,62.6,10.799999999999997,0.0,2.0,1.0,0.0,0.0,0.0,0.0,0.0,1.0,0.0,0.0,0.0,2.0,0.0,1.0,-2.0,1.0639110305394084,0.1297671814452568,f4b14b32-0941-47fd-a157-8fbe11d3ba70
1.0,17.980545,28.900000000000006,4.700000000000003,0.0,2.0,1.0,0.0,0.0,0.0,0.0,0.0,0.0,0.0,0.0,1.0,0.0,3.0,3.0,1.0,3.935663522690718,0.5037677749996236,1de17e36-12b5-47cf-b48e-0b7ce8d8f20b
1.0,61.73046,111.7,9.200000000000003,0.0,3.0,1.0,0.0,0.0,0.0,0.0,0.0,1.0,0.0,0.0,3.0,-2.0,-1.0,0.0,-1.0,7.176399754703297,1.9224141526810128,23379fae-fbb1-4b1d-92b0-5ee5dbcd05be
1.0,51.48058,117.3,22.6,0.0,3.0,1.0,0.0,0.0,0.0,0.0,0.0,0.0,0.0,0.0,0.0,-1.0,1.0,0.0,1.0,7.836590825420897,0.35408594147726247,e086a1cf-6362-4fec-baf5-be33f2c06662
1.0,31.10402,87.1,27.900000000000006,0.0,3.0,1.0,0.0,0.0,0.0,0.0,0.0,0.0,0.0,0.0,1.0,-1.0,2.0,2.0,0.0,5.7965671567156605,0.6047097351526118,c140e2d3-81dd-43d2-8c64-8842dc96b2c8
1.0,60.870766,114.0,4.299999999999997,0.0,4.0,1.0,0.0,0.0,0.0,0.0,1.0,0.0,0.0,0.0,2.0,-4.0,0.0,0.0,0.0,7.527574058944317,1.2200387827350254,90692c94-dccf-47e4-b7b0-a6c3e693102e
1.0,56.02901,107.8,10.0,0.0,4.0,1.0,0.0,0.0,0.0,0.0,0.0,0.0,0.0,0.0,1.0,0.0,1.0,2.0,-2.0,5.549538351294814,0.21211489595738398,cf694685-f2dd-471a-87a9-5e20595271c8
0.0,,,,,,,,,,,,,,,,,,,,,,01609da8-1d43-4124-9be6-5dead82513d5
1.0,58.903057,92.5,28.400000000000006,0.0,3.0,1.0,0.0,0.0,0.0,0.0,0.0,1.0,0.0,0.0,0.0,0.0,0.0,0.0,0.0,6.8056707114876005,0.006147296813442104,876cdc2d-e44a-4e3f-8ce3-b24fc5669239
1.0,11.764778,41.7,15.399999999999999,0.0,2.0,1.0,0.0,0.0,0.0,0.0,0.0,0.0,0.0,0.0,1.0,-3.0,-3.0,1.0,-5.0,6.442684615509594,0.9834688497889925,6ce57c33-d731-4885-8304-378fe12d686f
1.0,32.268406,25.799999999999997,16.1,0.0,1.0,1.0,0.0,0.0,0.0,0.0,0.0,0.0,0.0,1.0,0.0,2.0,0.0,0.0,-1.0,1.1592476175212827,0.2919422676916388,1501823c-abd0-4e3b-af9a-7a31812fe6a8
1.0,40.9132,8.7,16.6,1.0,2.0,0.0,1.0,0.0,0.0,0.0,0.0,0.0,0.0,0.0,0.0,2.0,1.0,0.0,1.0,-6.418871365415555,0.599730567430791,5fa1a5c5-0feb-4d31-a38c-f7bad47d7065
1.0,59.367077,6.5,4.399999999999999,1.0,3.0,1.0,0.0,0.0,0.0,0.0,1.0,0.0,0.0,0.0,-1.0,-3.0,-1.0,0.0,-1.0,-4.067918872965559,0.19352519355924258,57774ec4-8475-4a2f-8a1b-1a6f2d8abf74
1.0,16.956709,93.6,7.299999999999997,0.0,2.0,1.0,0.0,0.0,0.0,0.0,0.0,0.0,0.0,0.0,1.0,-3.0,-1.0,0.0,0.0,6.0201841970499315,0.0004378312249689523,514b0134-ec04-48af-959d-0eef4bccbce2
1.0,70.51674,26.2,4.299999999999997,1.0,3.0,1.0,0.0,0.0,0.0,0.0,0.0,0.0,0.0,0.0,-1.0,0.0,-1.0,-1.0,0.0,-2.6251960235558314,0.19562916210354075,514842f9-e86f-4213-ad65-53fe7521eb13
1.0,12.185237,24.400000000000006,8.200000000000003,0.0,1.0,1.0,0.0,0.0,0.0,0.0,0.0,0.0,0.0,1.0,2.0,0.0,0.0,2.0,-2.0,5.526269013855462,0.3750363600774432,dbfef837-17f9-4031-b4d0-ef96cc1b3a36
1.0,25.41535,35.9,40.0,1.0,3.0,1.0,0.0,0.0,0.0,0.0,0.0,0.0,0.0,0.0,-1.0,-1.0,-2.0,-1.0,-1.0,-1.3397818125111338,0.2893245769426064,c2762cf2-6d74-491c-a060-388cac90c2c4
1.0,24.070728,89.2,40.0,0.0,2.0,1.0,0.0,0.0,0.0,0.0,0.0,0.0,0.0,0.0,0.0,2.0,1.0,1.0,1.0,-0.9087389099135037,0.08467980957569268,8267c10e-7406-4eb1-8acf-fb2187840d80
1.0,10.532331,91.0,9.0,1.0,1.0,1.0,0.0,0.0,0.0,0.0,0.0,0.0,0.0,0.0,-2.0,0.0,-2.0,-2.0,-1.0,-6.405287145322432,0.30017516724006915,8e2dad16-b0ba-4900-a2e8-04a9f8eb9e16
1.0,62.877422,114.0,0.0,0.0,3.0,1.0,0.0,0.0,0.0,0.0,1.0,0.0,0.0,0.0,2.0,-2.0,1.0,0.0,1.0,1.1348903607845873,0.26529167960361877,651e025c-009a-406e-ae38-e298f20e41d4
1.0,31.68296,6.299999999999997,40.0,0.0,2.0,1.0,0.0,0.0,0.0,0.0,0.0,0.0,0.0,0.0,2.0,1.0,2.0,2.0,2.0,0.5850301369577485,0.21942138614065101,5c769c5e-e5b5-4562-a235-142ff9f95ab9
1.0,10.493808,99.2,11.399999999999999,1.0,3.0,0.0,0.0,1.0,0.0,0.0,0.0,0.0,0.0,0.0,0.0,-1.0,1.0,0.0,1.0,-1.2400550069193899,0.3886066295469314,7ff7ad03-d574-484e-abb1-da86a481eaf4
1.0,23.139793,79.0,18.5,1.0,2.0,1.0,0.0,0.0,0.0,0.0,0.0,0.0,0.0,0.0,-3.0,1.0,0.0,-3.0,2.0,-3.9590576734496135,0.23670958925373117,767e39da-86d4-40a4-878e-fd67a099f791
1.0,49.20498,84.0,24.700000000000003,0.0,2.0,1.0,0.0,0.0,0.0,0.0,0.0,0.0,0.0,0.0,1.0,0.0,-1.0,0.0,-1.0,6.8611307600298925,0.14212896508811576,ecfc9719-e58f-4cc2-a42a-72587be4b413
1.0,63.32851,105.4,3.3999999999999986,0.0,3.0,1.0,0.0,0.0,0.0,0.0,0.0,0.0,0.0,0.0,1.0,0.0,1.0,2.0,-1.0,1.977526223221398,0.050604424640458084,bbedf337-1e1e-4b29-9cca-55b208e92e79
1.0,16.122034,59.9,31.099999999999994,0.0,2.0,1.0,0.0,0.0,0.0,0.0,0.0,0.0,0.0,0.0,1.0,0.0,0.0,2.0,-2.0,6.505259913155114,0.6462032167842514,e31a7be7-0764-4fcd-8232-73aabdb44f42
1.0,56.786617,86.8,29.099999999999994,0.0,4.0,1.0,0.0,0.0,0.0,0.0,0.0,0.0,0.0,0.0,2.0,0.0,1.0,2.0,0.0,3.166074557609969,0.5586228958177184,2934efe7-d2a8-4f48-81b6-fdb6cb4c4c02
0.0,,,,,,,,,,,,,,,,,,,,,,597a8edc-314b-4df4-a34d-fd987928ef7f
1.0,37.00338,56.3,7.299999999999997,0.0,2.0,1.0,0.0,0.0,0.0,0.0,0.0,0.0,0.0,0.0,1.0,2.0,0.0,-1.0,2.0,4.576054506121885,0.4867179303012737,562ae31d-783a-4005-91f3-275c6ebd35cb
1.0,24.186773,86.5,0.20000000000000284,1.0,2.0,1.0,0.0,0.0,0.0,0.0,0.0,0.0,0.0,0.0,0.0,-1.0,1.0,1.0,-1.0,-4.509127955865026,0.7681085566997219,925cf8e7-5945-4bba-8b40-9e2016a539e2
1.0,39.91804,104.8,30.599999999999994,1.0,2.0,1.0,0.0,0.0,1.0,0.0,0.0,0.0,0.0,0.0,2.0,-4.0,-2.0,0.0,-3.0,2.7692139318027866,0.36110480495717756,127a2ce7-8170-42e3-bd43-6e3800f29837
1.0,63.272427,9.3,0.29999999999999716,1.0,4.0,1.0,0.0,0.0,0.0,0.0,0.0,1.0,0.0,0.0,-1.0,1.0,-1.0,-1.0,1.0,-2.875912490111997,0.0046825977490609965,a779be1a-2be9-4ad0-8cfa-794359642808
1.0,22.810743,70.3,29.0,0.0,3.0,1.0,0.0,0.0,0.0,0.0,0.0,0.0,0.0,0.0,1.0,0.0,0.0,0.0,0.0,5.120003589022802,0.1791654868409818,fdf66722-c65e-4837-a73f-a541b87e180f
1.0,28.393309,106.9,40.0,1.0,2.0,1.0,0.0,0.0,0.0,0.0,0.0,0.0,0.0,0.0,-2.0,0.0,-4.0,-5.0,1.0,-1.6123196369138872,0.18300379018417906,aabf2917-ad03-408f-bd4b-1dc2b11cd541
1.0,63.00349,96.7,15.799999999999997,0.0,4.0,1.0,0.0,0.0,0.0,0.0,0.0,1.0,0.0,0.0,1.0,-1.0,1.0,1.0,-1.0,8.350430772022863,0.08159192307468446,13894f82-069e-4df0-b751-7bb17df756fd
1.0,57.36288,111.6,2.3999999999999986,0.0,3.0,1.0,0.0,0.0,0.0,0.0,0.0,1.0,0.0,0.0,2.0,-2.0,0.0,1.0,0.0,7.041847399667346,0.0456840618009257,8ceefcc3-1231-4623-af29-9cd62a2c6573
1.0,72.10111,111.0,1.2000000000000028,0.0,4.0,1.0,0.0,0.0,0.0,0.0,0.0,0.0,0.0,0.0,-2.0,1.0,0.0,0.0,1.0,-4.114002070094159,1.7736940760937259,0b00d7fb-b225-4270-9a00-c3edad0602ba
1.0,36.266376,18.700000000000003,27.799999999999997,0.0,2.0,1.0,0.0,0.0,1.0,0.0,0.0,0.0,0.0,0.0,0.0,1.0,3.0,0.0,1.0,2.7443043539162826,0.42472996114416256,756e38ba-f109-4ae1-993e-232221a3c7b9
1.0,3.026549,63.1,13.299999999999997,0.0,3.0,0.0,1.0,0.0,0.0,0.0,0.0,0.0,0.0,0.0,2.0,-2.0,0.0,0.0,1.0,5.848275626526721,0.3526213767320897,90d68c41-f368-4ae0-a381-e1a0d6eafc1c
1.0,66.565155,92.9,25.700000000000003,0.0,4.0,1.0,0.0,0.0,0.0,0.0,0.0,1.0,0.0,0.0,2.0,-1.0,-1.0,0.0,0.0,7.299883230518565,0.08474400940363848,744594b6-1950-4a53-97fe-bb2b02cffd36
1.0,3.8209946,20.400000000000006,15.399999999999999,0.0,3.0,0.0,0.0,1.0,0.0,0.0,0.0,0.0,0.0,1.0,2.0,3.0,2.0,0.0,3.0,0.0601866676378815,0.29111739880318876,840b8f90-5bea-45c4-82ab-7905db24f0a1
1.0,5.3814497,107.7,2.700000000000003,1.0,0.0,0.0,1.0,0.0,0.0,0.0,0.0,0.0,0.0,1.0,-2.0,-2.0,-2.0,-2.0,-2.0,-0.5641751861083566,0.0441083880251202,8624c0cf-c057-4e91-a3f4-2b6892686125
1.0,24.068443,98.2,32.599999999999994,0.0,2.0,1.0,0.0,0.0,0.0,0.0,0.0,0.0,0.0,1.0,2.0,0.0,1.0,1.0,0.0,4.0942628634910765,0.5696951116554223,2e814c7f-2df9-4bec-9bad-2dffe8239518
1.0,11.682466,50.900000000000006,29.700000000000003,0.0,2.0,1.0,0.0,0.0,0.0,0.0,0.0,0.0,0.0,0.0,-1.0,-1.0,0.0,1.0,-1.0,-0.6271747604801958,1.3358285611107916,d980706a-ef51-4c56-9cd3-d70b0a776083
1.0,36.169876,28.900000000000006,35.0,0.0,2.0,1.0,0.0,0.0,0.0,0.0,0.0,0.0,0.0,0.0,0.0,2.0,1.0,-1.0,2.0,-2.6289264299812087,0.0016296411838558004,f3a230d8-986a-4197-b169-f8cb0221f866
1.0,33.713055,0.0,40.0,0.0,2.0,1.0,0.0,0.0,0.0,0.0,0.0,0.0,1.0,0.0,4.0,-1.0,2.0,3.0,-1.0,3.08870697366,0.025117219368127677,4b5572e8-bfeb-4cdb-9141-00c3be59e01f
1.0,70.857956,114.2,0.29999999999999716,0.0,3.0,1.0,0.0,0.0,0.0,0.0,1.0,0.0,0.0,0.0,1.0,-1.0,0.0,0.0,0.0,4.337756407342734,0.26095469175713193,d7d5c29c-3398-4d2c-95e1-82beaea83686
1.0,25.393896,75.1,13.899999999999999,0.0,2.0,1.0,0.0,0.0,0.0,0.0,0.0,0.0,0.0,1.0,0.0,-1.0,0.0,0.0,1.0,5.545540609346057,0.13811994772596867,bc314377-a11f-40e8-95c4-8c3e116c57ef
1.0,45.6572,110.5,5.700000000000003,0.0,2.0,1.0,0.0,0.0,0.0,0.0,0.0,0.0,0.0,1.0,2.0,-1.0,-1.0,0.0,0.0,6.611750886404188,0.21785075690232303,4ba1d361-45f4-4cee-9c1d-0688c30f9d1f
1.0,66.92623,17.3,1.1000000000000014,1.0,3.0,1.0,0.0,0.0,0.0,0.0,0.0,0.0,0.0,0.0,0.0,-1.0,1.0,0.0,0.0,0.13128423014494572,0.2986685482401146,68796266-8322-4971-98a5-8dfa293a0b50
1.0,15.147607,28.4,18.1,1.0,2.0,1.0,0.0,0.0,0.0,0.0,0.0,0.0,0.0,0.0,-2.0,3.0,-1.0,-3.0,1.0,-8.357637525939325,0.9259286534976097,12b495b2-ef68-4b0e-b4ec-aa1b732307e2
1.0,49.369728,111.8,1.1000000000000014,0.0,4.0,1.0,0.0,0.0,0.0,0.0,0.0,0.0,0.0,0.0,0.0,-1.0,-1.0,-1.0,2.0,2.905222005354169,0.11892281223351503,f2bed22c-228a-422b-95e3-c86dfa2a75c4
1.0,5.80517,17.400000000000006,3.799999999999997,0.0,1.0,0.0,1.0,0.0,0.0,0.0,0.0,0.0,0.0,0.0,2.0,-1.0,2.0,2.0,0.0,5.814870905164858,0.30195975944561537,ebc78cb3-4406-434c-b33f-3d6938db4883
0.0,,,,,,,,,,,,,,,,,,,,,,732cde21-259f-4fd0-b1af-9d1772ce9ee8
1.0,56.608833,7.7,1.2999999999999972,1.0,4.0,1.0,0.0,0.0,0.0,0.0,0.0,0.0,0.0,0.0,-1.0,1.0,-1.0,0.0,-2.0,-3.4575091101699904,0.14276581640747416,61852f9f-47a3-492a-84f6-b24b06da52dd
1.0,23.68396,56.3,40.0,1.0,3.0,1.0,0.0,0.0,0.0,0.0,0.0,0.0,0.0,0.0,-1.0,3.0,-1.0,-1.0,0.0,-4.078768393006826,0.5665457252606059,14e353f5-1e29-4387-97e6-e6cee1205bc0
1.0,35.858612,0.0,40.0,0.0,1.0,1.0,0.0,0.0,0.0,0.0,0.0,0.0,1.0,0.0,1.0,-1.0,3.0,2.0,0.0,3.948844581874065,0.3371298731166246,60cd30b2-fb17-4e41-ac7a-0a99caf8bc51
1.0,7.1449285,72.2,29.2,1.0,1.0,1.0,0.0,0.0,0.0,0.0,0.0,0.0,0.0,0.0,-2.0,3.0,0.0,0.0,0.0,-7.866715172834487,0.3396004969667685,42f96706-6b30-4c39-b42a-17a1ee6a0aec
1.0,24.560537,55.8,3.5,0.0,2.0,1.0,0.0,0.0,0.0,0.0,0.0,0.0,0.0,0.0,1.0,0.0,2.0,1.0,0.0,6.1511508652319,0.030811995452550506,47deeaa9-a8e2-48d5-8064-a0f8e75cad81
1.0,46.44136,0.0,40.0,0.0,2.0,1.0,0.0,0.0,0.0,1.0,0.0,0.0,1.0,0.0,-2.0,5.0,3.0,0.0,3.0,0.21219828890804138,0.6403900857571921,2304c583-6d69-4763-95dc-0ddc610d9c08
1.0,18.623104,50.3,18.200000000000003,0.0,2.0,1.0,0.0,0.0,0.0,0.0,0.0,0.0,0.0,0.0,2.0,1.0,-2.0,0.0,-2.0,3.947718755109655,0.015295543494439123,baf79937-0dae-4de1-8e68-b052e1ccfc92
1.0,38.453217,37.599999999999994,38.599999999999994,0.0,1.0,1.0,0.0,0.0,0.0,0.0,0.0,0.0,0.0,0.0,0.0,2.0,-1.0,0.0,-2.0,-0.4809748393252473,0.2914536291816325,c297df22-162f-4c23-96f5-77b5e606fad2
1.0,53.586937,113.3,5.100000000000001,0.0,3.0,1.0,0.0,0.0,0.0,0.0,1.0,0.0,0.0,0.0,0.0,2.0,0.0,0.0,-1.0,4.726811472762538,0.1277467263380784,2880ef44-0530-46fb-9e73-ada6aceed0d6
1.0,64.7472,6.9,3.700000000000003,1.0,4.0,1.0,0.0,0.0,0.0,0.0,1.0,0.0,0.0,0.0,-2.0,2.0,1.0,0.0,1.0,-5.413541617268077,0.6096599234020272,6dad95e6-8096-4cf5-91f7-9113b3c9c1db
1.0,32.728733,110.3,35.099999999999994,0.0,3.0,1.0,0.0,0.0,0.0,0.0,0.0,0.0,0.0,0.0,0.0,-1.0,0.0,-1.0,1.0,-0.31977248785351087,2.0881088467437547,1b7291c5-7b7b-4cca-8ef1-26445ece5441
1.0,19.091883,107.3,13.399999999999999,1.0,2.0,0.0,1.0,0.0,0.0,0.0,0.0,0.0,0.0,0.0,2.0,0.0,-2.0,1.0,-3.0,2.8151458702900145,0.08277553011710409,72eac4aa-31bc-4251-8fea-6ccece18ac7c
1.0,14.102837,29.200000000000003,10.399999999999999,0.0,5.0,1.0,0.0,0.0,0.0,0.0,0.0,0.0,0.0,1.0,0.0,-1.0,-4.0,-1.0,-2.0,2.1637790445594254,0.47379333558304104,ec1b0617-4720-458f-a2f2-65329e26e6c0
1.0,23.90753,14.700000000000003,24.5,0.0,1.0,1.0,0.0,0.0,1.0,0.0,0.0,0.0,0.0,0.0,-1.0,2.0,0.0,1.0,1.0,4.354442910703869,0.6522026756130939,ccf76c64-842f-4265-a107-f35b603de19b
1.0,39.853985,50.3,3.799999999999997,0.0,2.0,1.0,0.0,0.0,0.0,0.0,0.0,0.0,0.0,0.0,0.0,2.0,0.0,-1.0,0.0,2.235626303052989,1.4087240255202613,c8e9029e-15e9-47ae-b5b3-f32f217abbe1
1.0,66.23745,113.2,5.5,0.0,4.0,1.0,0.0,0.0,0.0,0.0,1.0,0.0,0.0,0.0,2.0,-3.0,0.0,2.0,-2.0,7.476201538567056,1.1019059529167514,301bfb5c-e0f7-4254-af19-c7530d1e8478
0.0,,,,,,,,,,,,,,,,,,,,,,b3870177-1ada-4b38-9e73-dc0cf2fb6c6a
1.0,76.94414,118.1,8.100000000000001,0.0,4.0,1.0,0.0,0.0,0.0,0.0,0.0,0.0,0.0,0.0,0.0,0.0,1.0,-1.0,0.0,2.2430717588951077,0.6597760864617843,fec4f89b-8edb-458c-89c3-b1217b565bab
1.0,31.783329,39.099999999999994,27.599999999999994,0.0,2.0,1.0,0.0,0.0,0.0,0.0,0.0,0.0,0.0,0.0,1.0,1.0,1.0,0.0,0.0,5.77068727396054,1.0573289769480927,f7c07b9b-2c90-493b-8d49-6e6b48d614c3
1.0,66.88087,7.0,1.5,1.0,2.0,1.0,0.0,0.0,0.0,0.0,1.0,0.0,0.0,0.0,-2.0,1.0,-2.0,1.0,-2.0,-6.1113194672081566,0.029116772971255082,9d39f6a0-4f03-4695-b5be-a05d6a65b70d
1.0,10.778219,25.700000000000003,20.9,0.0,1.0,1.0,0.0,0.0,0.0,0.0,0.0,0.0,0.0,0.0,3.0,0.0,2.0,1.0,2.0,6.978698670534798,0.3958113189933947,c0d09f57-7cf9-475e-bf21-539a41f00e4d
1.0,75.11225,113.0,0.10000000000000142,0.0,3.0,1.0,0.0,0.0,0.0,0.0,1.0,0.0,0.0,0.0,0.0,-1.0,0.0,1.0,-1.0,5.322086961529261,0.2940926793647475,295caefb-105c-4230-aaba-b79d3b7b9253
1.0,20.690336,64.4,6.600000000000001,0.0,9.0,0.0,0.0,1.0,0.0,0.0,0.0,0.0,0.0,1.0,-1.0,-1.0,0.0,-2.0,2.0,3.5128712478424147,0.5861428775249554,f2637177-437f-4e2b-a261-68c274d222e4
1.0,75.76385,97.8,22.6,0.0,1.0,1.0,0.0,0.0,0.0,0.0,0.0,1.0,0.0,0.0,0.0,-1.0,0.0,0.0,-1.0,6.236739916464407,0.27753280031364136,c389fcd0-c11f-469d-aca0-12dbfa86abf9
1.0,18.844893,57.3,25.200000000000003,0.0,3.0,1.0,0.0,0.0,0.0,0.0,0.0,0.0,0.0,0.0,2.0,-1.0,0.0,1.0,0.0,5.560601638650991,0.05415073362421374,f2189c6e-c9af-4a53-a28f-750113c13157
1.0,65.88915,7.7,2.799999999999997,1.0,3.0,1.0,0.0,0.0,0.0,0.0,0.0,0.0,0.0,0.0,-1.0,0.0,0.0,1.0,-1.0,-4.227253428208858,2.964694184323959,0d68a088-38b1-417c-b061-4053398b4031
0.0,,,,,,,,,,,,,,,,,,,,,,f45cd73d-a4c5-408f-b3f0-aac35dff8909
1.0,35.216614,78.8,27.099999999999994,0.0,3.0,1.0,0.0,0.0,0.0,0.0,0.0,0.0,0.0,0.0,1.0,1.0,1.0,0.0,1.0,-0.2977669421693925,0.3661632276039126,5de8d802-cd5d-45d4-88e8-9c3882223562
1.0,56.872665,77.0,27.400000000000006,0.0,3.0,1.0,0.0,0.0,0.0,0.0,0.0,0.0,0.0,0.0,1.0,0.0,0.0,1.0,-1.0,6.810620998138358,0.276880112842768,85ad660a-e185-48ba-8ef2-07b585f040bd
1.0,42.515408,0.0,39.900000000000006,0.0,2.0,1.0,0.0,0.0,0.0,1.0,0.0,0.0,1.0,0.0,-2.0,1.0,3.0,-1.0,4.0,-2.0614213317009047,0.3629761824512256,80ae0b4c-ecf7-4cba-b958-e1656fc6ff52
1.0,33.43785,120.0,40.0,1.0,1.0,1.0,0.0,0.0,0.0,0.0,0.0,0.0,1.0,0.0,-2.0,0.0,1.0,-1.0,1.0,0.8491046724243736,0.09855358147726292,ef98887b-5517-4028-b05b-24076e659d78
1.0,27.283695,32.1,40.0,1.0,2.0,1.0,0.0,0.0,0.0,0.0,0.0,0.0,0.0,0.0,-2.0,1.0,-2.0,0.0,-1.0,-3.292771400035943,0.9179561941960025,8c694827-0f25-477f-b0d4-1e9532e6f221
1.0,4.8703184,62.1,27.599999999999994,0.0,2.0,1.0,0.0,0.0,0.0,0.0,0.0,0.0,0.0,1.0,0.0,-1.0,2.0,2.0,1.0,2.7767331923119354,0.5558381241829227,ca11809e-c132-4579-a1a6-c6e4ca6d3956
1.0,39.24296,0.0,39.900000000000006,0.0,1.0,1.0,0.0,0.0,0.0,0.0,0.0,0.0,1.0,0.0,1.0,2.0,3.0,0.0,3.0,-1.982289952792324,0.25085342299441976,afdeae2a-de4e-4edc-a745-d6ab7a19ac95
1.0,23.505318,87.1,19.299999999999997,1.0,1.0,1.0,0.0,0.0,0.0,0.0,0.0,0.0,0.0,0.0,1.0,-2.0,-2.0,-1.0,-2.0,-0.4298106028858122,0.5859751684961159,c4ac0165-7761-4f4d-8d9a-ad93374b8fdf
1.0,55.657883,71.6,20.6,1.0,3.0,1.0,0.0,0.0,0.0,0.0,0.0,1.0,0.0,0.0,0.0,-4.0,-2.0,1.0,-3.0,2.0489586939922475,0.2959062073630833,c4b88ebd-10ee-40ce-b1c2-88e83bfd50a7
1.0,49.204166,95.7,0.29999999999999716,0.0,3.0,1.0,0.0,0.0,0.0,0.0,0.0,0.0,0.0,0.0,1.0,0.0,-1.0,0.0,0.0,4.840162847609247,0.013096732383824895,4759cebe-e58d-4bb5-80c7-8bec232ab77d
1.0,70.57854,7.0,4.200000000000003,1.0,3.0,1.0,0.0,0.0,0.0,0.0,1.0,0.0,0.0,0.0,-1.0,0.0,-1.0,0.0,-1.0,-6.477198020234507,1.1084429119062305,d80b5a88-59a4-47bc-bca7-0fa51d7537d9
0.0,,,,,,,,,,,,,,,,,,,,,,6a746bb5-1d3c-4f79-8e29-8b9e76ba27db
1.0,19.638992,4.1,2.0,1.0,6.0,0.0,0.0,1.0,0.0,0.0,0.0,0.0,0.0,0.0,0.0,0.0,1.0,0.0,2.0,-2.970798751258277,0.2271952088820741,8e898655-c23a-4d4f-8d87-d1f0c8dcdebf
1.0,45.479336,49.2,34.2,0.0,2.0,1.0,0.0,0.0,0.0,0.0,0.0,1.0,0.0,0.0,2.0,-2.0,-1.0,0.0,1.0,8.9689001338015,0.27179011399736097,455f5889-1e09-4da8-8c47-9b0dbda50eb2
1.0,16.82201,56.6,9.5,0.0,2.0,1.0,0.0,0.0,0.0,0.0,0.0,0.0,0.0,0.0,1.0,-1.0,2.0,1.0,1.0,4.19972556202619,0.022471160387570126,b4f5fa7b-ad04-4275-962e-14dec26b968a
1.0,29.811743,29.9,36.3,1.0,4.0,1.0,0.0,0.0,0.0,0.0,0.0,0.0,0.0,0.0,-2.0,2.0,-1.0,0.0,2.0,-6.4190096970867065,0.7730101218308522,4db5698b-60ac-433d-bebf-4c4cd9869811
1.0,41.976303,91.2,38.7,0.0,3.0,1.0,0.0,0.0,0.0,0.0,0.0,0.0,0.0,0.0,0.0,1.0,0.0,1.0,-1.0,3.341442677014948,0.23398336073102677,176f3ddb-7c91-4f1c-bad3-615963b0b146
1.0,57.51956,19.8,0.7000000000000028,1.0,4.0,1.0,0.0,0.0,0.0,0.0,0.0,0.0,0.0,0.0,-2.0,0.0,0.0,-2.0,1.0,-3.928687704483387,0.5385820351567275,1bd31edc-1330-4ede-80af-6afa2a22a54c
1.0,30.797565,41.8,37.9,1.0,2.0,1.0,0.0,0.0,0.0,0.0,0.0,0.0,0.0,1.0,-1.0,0.0,-1.0,-2.0,1.0,-2.2182258943356388,0.07540419608473585,96db74be-129d-4d08-8b13-703ebb6a4566
1.0,37.609173,22.7,2.6000000000000014,1.0,2.0,1.0,0.0,0.0,0.0,0.0,0.0,0.0,0.0,0.0,0.0,0.0,-3.0,-2.0,-1.0,-5.291829509955626,0.16184888999649108,47633993-e87c-42bd-8844-594ecf0a70a8
0.0,,,,,,,,,,,,,,,,,,,,,,3c89bbb1-0e6b-4547-b58c-a7e50bfbed9d
1.0,61.36522,117.1,1.7000000000000028,0.0,4.0,1.0,0.0,0.0,0.0,0.0,0.0,0.0,0.0,0.0,2.0,-1.0,-1.0,-1.0,0.0,6.1463152030644315,0.9422429370569452,b869e663-4b2d-4db9-a0af-4373558942d4
1.0,42.60634,110.5,22.799999999999997,0.0,1.0,1.0,0.0,0.0,0.0,0.0,0.0,0.0,0.0,0.0,0.0,1.0,3.0,0.0,3.0,1.82691913095554,0.008015575003314136,56d6635a-bfc0-4410-8796-5dc7ac17eb2b
1.0,30.304125,43.4,37.8,1.0,2.0,1.0,0.0,0.0,0.0,0.0,0.0,0.0,0.0,0.0,0.0,-3.0,-2.0,0.0,-1.0,3.8298452871441055,0.16215201805490304,9f8996b9-17f5-47af-b267-65915a542ec8
1.0,44.135475,42.8,36.3,0.0,2.0,1.0,0.0,0.0,0.0,0.0,0.0,1.0,0.0,0.0,2.0,0.0,2.0,1.0,2.0,2.240518726520155,0.28710333160599905,b463a140-738d-4960-b8cb-3e9fa22fc4ad
1.0,13.485177,56.5,11.899999999999999,0.0,1.0,1.0,0.0,0.0,0.0,0.0,0.0,0.0,0.0,0.0,2.0,-2.0,1.0,1.0,-1.0,4.35026812134984,0.40480742793655367,56db71c0-d275-4403-b988-fbafd7c2a0c5
1.0,36.71757,27.799999999999997,36.900000000000006,0.0,2.0,1.0,0.0,0.0,1.0,0.0,0.0,0.0,0.0,0.0,1.0,2.0,3.0,1.0,2.0,-7.01538304927298,0.3552101522443692,a11b3f68-779e-4119-b61e-96a2f3f184ac
1.0,17.67088,33.0,40.0,1.0,2.0,1.0,0.0,0.0,0.0,0.0,0.0,0.0,0.0,0.0,-3.0,3.0,-3.0,-4.0,1.0,-5.238606372464983,0.13490737528535598,7fdb6753-1044-401d-8ebe-185db3dab512
1.0,23.880535,71.5,18.0,0.0,3.0,1.0,0.0,0.0,0.0,0.0,0.0,0.0,0.0,1.0,-1.0,2.0,2.0,0.0,2.0,0.1493705229188329,0.8692184599602801,1ec623cf-bb30-444f-bdcd-1f58b5c0b158
1.0,39.193493,77.1,0.3999999999999986,0.0,3.0,1.0,0.0,0.0,0.0,0.0,0.0,0.0,0.0,0.0,0.0,1.0,-1.0,1.0,-2.0,2.435040652982998,0.24561814490965883,aa9c3b4f-2238-49d1-9bd0-678aac808dda
1.0,69.318756,7.0,3.6000000000000014,1.0,4.0,1.0,0.0,0.0,0.0,0.0,1.0,0.0,0.0,0.0,-1.0,0.0,1.0,0.0,1.0,-3.4670653365791892,1.2789637343171927,3874da99-0276-42e7-8291-973d15c5ced7
0.0,,,,,,,,,,,,,,,,,,,,,,64a81c0c-c3f7-4356-aad2-f1dce38584ef
1.0,54.454567,84.0,33.3,0.0,2.0,1.0,0.0,0.0,0.0,0.0,0.0,0.0,0.0,0.0,0.0,2.0,0.0,0.0,1.0,-3.4780591696697414,0.1842364882692765,9913a5bb-0568-4c0e-ab66-0227ba54b2fd
1.0,60.418953,116.4,8.5,0.0,4.0,1.0,0.0,0.0,0.0,0.0,0.0,0.0,0.0,1.0,1.0,0.0,1.0,0.0,1.0,3.2037629517638617,0.1611159695852792,a305f833-041f-4515-a424-b5df6f484a60
1.0,15.685024,85.3,24.5,0.0,3.0,1.0,0.0,0.0,0.0,0.0,0.0,0.0,0.0,0.0,3.0,-3.0,1.0,2.0,-2.0,5.984229170738294,0.9497438803360527,971884c8-02f8-45d4-af2e-10a8e7c90370
1.0,39.328617,28.200000000000003,30.299999999999997,0.0,2.0,1.0,0.0,0.0,1.0,0.0,0.0,0.0,0.0,0.0,0.0,2.0,1.0,0.0,2.0,-2.939659953665849,0.7668014071423193,ee322355-3ec5-49ea-9fb2-8aa44e6eb848
1.0,50.688263,109.4,17.5,0.0,4.0,1.0,0.0,0.0,0.0,0.0,0.0,0.0,0.0,1.0,2.0,-2.0,0.0,1.0,-1.0,5.374664308536799,0.3580140240654921,6418978a-cc4d-4d45-80c9-c6941a3f5490
0.0,,,,,,,,,,,,,,,,,,,,,,85acf046-5935-4900-ac45-1772a1e97802
1.0,28.821173,83.2,3.3999999999999986,1.0,2.0,1.0,0.0,0.0,0.0,0.0,0.0,0.0,0.0,0.0,-1.0,-1.0,1.0,1.0,-1.0,-0.8586562956333896,0.856356059564155,d4ed4d31-9bfd-4915-8fed-5f4029f0cee3
1.0,5.7801385,98.8,36.099999999999994,1.0,2.0,0.0,1.0,0.0,0.0,0.0,0.0,0.0,0.0,0.0,-5.0,-1.0,-2.0,-1.0,-2.0,0.6728438882204006,0.4957320238707486,c6772020-0247-4852-96e8-a880f575ed0c
1.0,6.8963757,57.5,14.799999999999997,0.0,3.0,1.0,0.0,0.0,0.0,0.0,0.0,0.0,0.0,0.0,2.0,0.0,-1.0,0.0,-1.0,2.4191475169554786,0.04213670975033127,34f74e79-0c0d-402e-bd3a-cc338b63b02d
0.0,,,,,,,,,,,,,,,,,,,,,,b74848de-e2c6-4623-b3c4-25cdc28f0d83
1.0,11.128792,92.1,33.1,1.0,1.0,1.0,0.0,0.0,0.0,0.0,0.0,0.0,0.0,0.0,-2.0,1.0,-1.0,-1.0,0.0,-6.665989908349797,0.10978806031940268,ac251821-bc2f-478f-af7d-99da2bcc89b2
1.0,61.371655,100.9,9.600000000000001,0.0,4.0,1.0,0.0,0.0,0.0,0.0,0.0,0.0,0.0,0.0,1.0,-2.0,-3.0,-1.0,-2.0,7.6358023302016225,0.16753142772769455,0e984600-b734-4dc6-8b0c-cd1fd5a2df2c
1.0,57.878925,91.8,33.400000000000006,0.0,3.0,1.0,0.0,0.0,0.0,0.0,0.0,0.0,0.0,0.0,0.0,-1.0,1.0,0.0,0.0,4.756895643262217,1.2493326270797054,1a502d51-c693-47e1-b0ed-7e9d721b140d
1.0,25.849178,55.5,0.29999999999999716,0.0,3.0,1.0,0.0,0.0,0.0,0.0,0.0,0.0,0.0,0.0,3.0,-2.0,0.0,1.0,-2.0,10.44209471425669,0.7427794361216268,c90e8f78-8217-408d-a4bb-4b6eff1fbf3f
1.0,27.224438,82.7,9.600000000000001,0.0,2.0,1.0,0.0,0.0,0.0,0.0,0.0,0.0,0.0,0.0,1.0,-2.0,1.0,1.0,1.0,7.160076156470119,0.05709989376554611,9bb215ad-592a-4391-8c52-554e6ae52149
1.0,33.234318,0.0,40.0,0.0,1.0,1.0,0.0,0.0,0.0,0.0,0.0,0.0,1.0,0.0,2.0,-1.0,1.0,0.0,0.0,3.530386601339815,0.11611716262456212,6cc7f653-9509-45c8-9f01-2dafae037882
1.0,45.407047,95.6,33.7,0.0,2.0,1.0,0.0,0.0,0.0,0.0,0.0,0.0,0.0,0.0,-1.0,1.0,0.0,0.0,0.0,-0.7096814054406033,0.7572004660403702,fb9d590d-4eb1-4004-97ab-a3505eeb5b29
1.0,53.926804,10.8,26.700000000000003,1.0,3.0,1.0,0.0,0.0,0.0,0.0,0.0,0.0,0.0,1.0,-2.0,1.0,0.0,-1.0,3.0,-3.2576727853930567,0.34985111411011033,59f5824e-49aa-4dc5-b379-04744c13cf31
1.0,59.435764,65.8,8.299999999999997,0.0,3.0,1.0,0.0,0.0,0.0,0.0,0.0,0.0,0.0,0.0,0.0,2.0,0.0,-1.0,1.0,-0.6677264292191545,0.674603806796371,cfc6f1da-e8ba-439f-b3f4-bf57cf40896e
1.0,32.314857,116.7,27.700000000000003,1.0,1.0,1.0,0.0,0.0,1.0,0.0,0.0,0.0,0.0,0.0,0.0,-4.0,-4.0,0.0,-3.0,-2.297844517132157,0.4502449440321725,697bdf01-cc1a-4e2a-a239-126080cef15f
1.0,39.53859,36.8,15.0,0.0,2.0,1.0,0.0,0.0,0.0,0.0,0.0,0.0,0.0,0.0,0.0,3.0,1.0,0.0,2.0,6.9480638533102095,0.13772248597992615,b364dee7-ca9e-4c01-8632-14835725e3fc
1.0,41.346462,0.0,40.0,0.0,1.0,1.0,0.0,0.0,0.0,1.0,0.0,0.0,1.0,0.0,1.0,1.0,3.0,1.0,2.0,0.6935246758995426,0.29228238448176463,dbebc3a0-d393-4610-bbd1-8e0cc3c9fd63
1.0,43.76528,37.5,27.900000000000006,0.0,1.0,1.0,0.0,0.0,0.0,0.0,0.0,0.0,0.0,0.0,-1.0,2.0,0.0,1.0,-1.0,3.450558625431226,0.3800603081519937,43712024-5429-47e0-b46b-ab2f06ecb077
1.0,54.10841,70.5,35.8,0.0,3.0,1.0,0.0,0.0,0.0,0.0,0.0,0.0,0.0,0.0,2.0,3.0,2.0,0.0,1.0,-0.7535008285979359,0.04852648496677504,592306c8-2c71-4e8c-bcc6-3b89d8a59654
1.0,36.501232,108.0,40.0,1.0,2.0,1.0,0.0,0.0,0.0,0.0,0.0,0.0,0.0,0.0,-2.0,-1.0,-3.0,-1.0,-2.0,-4.132427260372604,0.7190299044903351,306090df-c3e6-4ab0-8f97-e79d6977dd56
1.0,6.511528,51.6,20.200000000000003,1.0,2.0,1.0,0.0,0.0,0.0,0.0,0.0,0.0,0.0,0.0,-1.0,3.0,-2.0,-1.0,0.0,-4.352032089677901,1.0010553888612448,fd0ba11e-818b-45bf-9ba3-cdd824978001
1.0,65.762985,113.0,5.5,0.0,4.0,1.0,0.0,0.0,0.0,0.0,1.0,0.0,0.0,0.0,3.0,0.0,0.0,1.0,-1.0,5.8188247329749405,0.9540526794788877,838dfd32-3a46-42a6-9775-6eab0e297c39
1.0,52.27925,4.2,32.3,1.0,3.0,1.0,0.0,0.0,0.0,0.0,0.0,0.0,0.0,0.0,-1.0,0.0,-3.0,0.0,0.0,-8.789828746445002,0.3814165077218777,08c1733e-cb33-4a0f-a0f6-9543b67b35e8
1.0,87.450325,103.7,14.299999999999997,0.0,5.0,1.0,0.0,0.0,0.0,1.0,0.0,1.0,0.0,0.0,0.0,1.0,0.0,0.0,0.0,4.062596531729003,0.8840415055977938,9b6f1f81-10fb-41b8-8e83-8c9c03bce7d9
1.0,62.272305,114.1,6.700000000000003,0.0,4.0,1.0,0.0,0.0,0.0,0.0,0.0,0.0,0.0,1.0,1.0,1.0,2.0,0.0,1.0,1.9936273711503905,0.9475986431061484,56eca593-3abe-445a-b065-c62c4de08c3c
1.0,35.21775,20.900000000000006,32.3,0.0,2.0,1.0,0.0,0.0,1.0,0.0,0.0,0.0,0.0,0.0,0.0,3.0,3.0,1.0,4.0,-2.848619441365692,0.6195250839634502,6570e76b-eb9b-4fe9-8449-0cd2a558e7c4
1.0,34.57427,29.299999999999997,33.8,0.0,2.0,1.0,0.0,0.0,1.0,0.0,0.0,0.0,0.0,0.0,2.0,2.0,4.0,3.0,1.0,-3.319977509396654,0.49823955749628857,9e0ab80a-2bc0-462b-bfb9-895d348ba599
1.0,30.004166,35.2,13.5,0.0,2.0,1.0,0.0,0.0,0.0,0.0,0.0,0.0,0.0,0.0,1.0,3.0,2.0,-1.0,3.0,0.43722412655719545,1.1587085138396782,ef0116e1-54a3-4c17-990b-4d7b26297cd1
1.0,40.701965,16.6,12.3,1.0,2.0,1.0,0.0,0.0,0.0,0.0,0.0,0.0,0.0,0.0,0.0,-1.0,-1.0,-1.0,-1.0,2.372617136478795,0.5745208787907563,6e8ff901-53be-425c-ac92-b23282af2ea4
1.0,1.3038405,49.4,11.600000000000001,1.0,2.0,1.0,0.0,0.0,0.0,0.0,0.0,0.0,0.0,1.0,-3.0,-1.0,-2.0,-1.0,0.0,-4.394452420555147,1.6406907895093883,65b728ad-8df1-451d-a79e-2144ce3b8c2b
1.0,37.01959,49.599999999999994,16.1,0.0,2.0,1.0,0.0,0.0,0.0,0.0,0.0,0.0,0.0,0.0,1.0,0.0,2.0,2.0,0.0,4.924730168362951,0.560706861306124,1145dff9-af9d-4eba-861d-35363f53f842
1.0,8.860023,49.9,28.9,1.0,3.0,1.0,0.0,0.0,0.0,0.0,0.0,0.0,0.0,0.0,0.0,0.0,-1.0,-1.0,0.0,-2.1690805948286442,1.2749058504985193,68285816-2221-4383-944d-a5c13deec311
0.0,,,,,,,,,,,,,,,,,,,,,,5d8ee061-cbf6-41ce-a3e7-e21b1504bb66
1.0,52.275043,111.3,23.4,0.0,4.0,1.0,0.0,0.0,0.0,0.0,0.0,0.0,0.0,0.0,2.0,-1.0,1.0,-1.0,1.0,4.5085765947841505,0.10285110529666196,e42bb842-cd71-4c88-acf3-f1ba3ea1de6b
1.0,26.236044,86.9,14.600000000000001,0.0,2.0,1.0,0.0,0.0,0.0,0.0,0.0,0.0,0.0,0.0,0.0,-1.0,0.0,0.0,0.0,3.0203783171048695,0.45865748040774074,7e056686-5e7a-440d-bef1-4eac143c6642
1.0,20.052431,51.3,4.299999999999997,0.0,2.0,1.0,0.0,0.0,0.0,0.0,0.0,0.0,0.0,1.0,0.0,-1.0,-1.0,0.0,-2.0,2.3213305672073705,0.6657847589184397,de0107c8-c74d-4e96-9535-71164d1fff4e
1.0,51.03577,114.0,2.8999999999999986,0.0,1.0,1.0,0.0,0.0,0.0,0.0,1.0,0.0,0.0,0.0,0.0,-1.0,0.0,0.0,0.0,4.576020177604329,0.22404575162237636,b0d1818f-b749-47a6-a361-a6a7ecac7a1b
1.0,46.277424,14.5,9.200000000000003,1.0,2.0,1.0,0.0,0.0,0.0,0.0,0.0,0.0,0.0,0.0,-1.0,3.0,0.0,0.0,0.0,-7.529086438760787,0.9061052507443217,f1b48c3c-458c-42c1-96e6-f6c1cfaf0b26
1.0,64.8785,92.8,18.299999999999997,0.0,6.0,1.0,0.0,0.0,0.0,0.0,0.0,1.0,0.0,0.0,1.0,0.0,-1.0,2.0,-3.0,6.945680693234598,1.1037504015055135,6dd1acbc-6f7b-4955-a6c3-a374b6704c37
1.0,53.5609,115.2,11.5,0.0,3.0,1.0,0.0,0.0,0.0,0.0,0.0,0.0,0.0,1.0,1.0,-2.0,0.0,0.0,-1.0,8.802579961613187,0.2834655517079941,716065b8-d212-4847-83e4-fd39408612c9
1.0,20.890429,13.0,10.3,1.0,2.0,1.0,0.0,0.0,0.0,0.0,0.0,0.0,0.0,0.0,0.0,3.0,2.0,0.0,1.0,-6.20189489060825,0.7096925460215187,efbb1b62-8977-486b-af69-2e63b00492f2
1.0,33.78535,8.599999999999994,25.900000000000006,0.0,2.0,1.0,0.0,0.0,1.0,0.0,0.0,0.0,0.0,0.0,-2.0,3.0,3.0,2.0,2.0,-2.7473262040726114,1.4919764235272062,f78a52c3-e227-4772-98a9-6527f35c5eb4
1.0,54.533844,113.6,6.899999999999999,0.0,4.0,1.0,0.0,0.0,0.0,0.0,0.0,0.0,0.0,1.0,3.0,-2.0,1.0,1.0,-1.0,6.101598258888732,0.6078331831225214,2cc092d7-97f6-481c-9feb-ad1fe04a394e
1.0,73.24514,7.0,7.200000000000003,1.0,4.0,1.0,0.0,0.0,0.0,0.0,1.0,0.0,0.0,0.0,-1.0,2.0,1.0,-1.0,1.0,-4.641142672625337,0.21980100065072988,21d5bf8d-9b24-4fc4-b67b-5569bc308c10
1.0,44.956535,105.6,1.2000000000000028,0.0,2.0,1.0,0.0,0.0,0.0,0.0,0.0,0.0,0.0,0.0,2.0,-1.0,0.0,1.0,-1.0,4.912875083601803,0.10660380241011955,38a9cd7d-5fdc-4b60-a858-8da16583f749
1.0,33.56784,22.599999999999994,26.400000000000006,0.0,2.0,1.0,0.0,0.0,1.0,0.0,0.0,0.0,0.0,0.0,0.0,2.0,1.0,-1.0,3.0,2.3518662213766586,0.38624374977312853,19ec4cbe-a7a8-452c-ab9f-0d5e83d024e0
1.0,17.964409,4.700000000000003,25.799999999999997,0.0,4.0,1.0,0.0,0.0,1.0,0.0,0.0,0.0,0.0,0.0,2.0,-1.0,2.0,2.0,1.0,-1.6123458412141232,0.13917671755852876,ebf88626-b722-41ab-aaab-6c3d0a47da59
1.0,38.321926,23.099999999999994,30.099999999999994,0.0,1.0,1.0,0.0,0.0,1.0,0.0,0.0,0.0,0.0,0.0,0.0,3.0,1.0,0.0,1.0,0.31516820072222007,0.2224533937093129,d1c7bf9a-bc9c-4c3c-89a7-1318e089225b
0.0,,,,,,,,,,,,,,,,,,,,,,376eb9d5-9f56-4ca6-a091-77bc66fee6fe
0.0,,,,,,,,,,,,,,,,,,,,,,95b58ea5-b084-4b19-9d63-60ea63e21c3c
1.0,32.288853,25.2,20.5,1.0,3.0,1.0,0.0,0.0,0.0,0.0,0.0,0.0,0.0,0.0,-2.0,1.0,-1.0,-2.0,2.0,-6.037008244849211,0.15601713779574522,1a4c7cd3-436f-495b-aa65-8cbad880597d
1.0,4.248529,75.3,22.2,1.0,2.0,1.0,0.0,0.0,0.0,0.0,0.0,0.0,0.0,1.0,1.0,-2.0,0.0,0.0,0.0,4.297155922922598,0.6377339881566593,9b21e8b3-85a6-48e0-b65c-e8d4713a2909
1.0,29.20428,34.8,16.5,0.0,1.0,1.0,0.0,0.0,0.0,0.0,0.0,0.0,0.0,0.0,1.0,-1.0,1.0,2.0,2.0,8.22937524945204,0.15120450344522876,e20a165c-7b40-4c81-9cf6-91e5835ab94c
1.0,37.473324,71.6,38.900000000000006,1.0,2.0,1.0,0.0,0.0,0.0,0.0,0.0,0.0,0.0,0.0,-1.0,-2.0,0.0,-2.0,2.0,-1.3116596481917449,0.4376505581621968,d62e5c04-5f84-4b86-a2c1-a78ffdc6cbd2
1.0,25.89614,23.0,16.4,0.0,1.0,1.0,0.0,0.0,0.0,0.0,0.0,0.0,0.0,0.0,-1.0,5.0,2.0,-1.0,3.0,-2.400239494564583,0.13304333847262664,81da97ad-d9a0-4b35-86c0-4ff9946a0e3a
0.0,,,,,,,,,,,,,,,,,,,,,,ba28a318-cfa5-4b26-a9ca-86a3f38743d5
1.0,60.360336,117.0,12.200000000000003,0.0,3.0,1.0,0.0,0.0,0.0,0.0,0.0,0.0,0.0,1.0,1.0,-3.0,0.0,2.0,-2.0,14.15756986960706,2.9290740843567704,6ec77eda-41f9-47b3-94c6-d402f829fbc9
1.0,60.360336,117.0,12.200000000000003,0.0,5.0,1.0,0.0,0.0,0.0,0.0,0.0,0.0,0.0,1.0,1.0,2.0,1.0,2.0,-1.0,1.2355778363370717,2.709508403904112,aeb0adcd-7a1f-41ac-8dfb-dd21d0158918
1.0,70.029854,114.0,1.6000000000000014,0.0,4.0,1.0,0.0,0.0,0.0,0.0,1.0,0.0,0.0,0.0,1.0,-3.0,2.0,2.0,0.0,5.888025183230587,0.05571238062421493,06660113-d037-4075-9b59-b2add9eabd5a
0.0,,,,,,,,,,,,,,,,,,,,,,46e76e45-1c11-4ce9-a163-d2ee3562efde
0.0,,,,,,,,,,,,,,,,,,,,,,e3a8d392-6e53-434f-a7be-848f928282f1
1.0,34.311806,9.900000000000006,32.5,0.0,2.0,1.0,0.0,0.0,1.0,0.0,0.0,0.0,0.0,0.0,1.0,1.0,2.0,1.0,0.0,6.311964188375969,0.021140607776488112,dbf83a6d-d32d-4b8c-a7c2-a3c7e2992b39
1.0,15.76642,21.4,19.7,1.0,2.0,1.0,0.0,0.0,0.0,0.0,0.0,0.0,0.0,0.0,-2.0,3.0,2.0,-1.0,2.0,-8.725310342758938,1.6202476122494127,919da44e-606a-466c-8b5b-976105f857e2
1.0,70.728775,7.0,6.600000000000001,1.0,4.0,1.0,0.0,0.0,0.0,0.0,1.0,0.0,0.0,0.0,-2.0,1.0,0.0,0.0,-1.0,-4.867050593815163,1.3606888349729171,94247803-e9ac-467b-bb68-b9168b13a54a
1.0,14.424978,89.1,21.299999999999997,0.0,1.0,1.0,0.0,0.0,0.0,0.0,0.0,0.0,0.0,0.0,2.0,0.0,0.0,0.0,1.0,6.5890151504030054,0.25846780236517025,0270794c-b94a-4f3b-8671-9e0d999801b2
1.0,28.546453,22.4,39.9,1.0,2.0,1.0,0.0,0.0,0.0,0.0,0.0,0.0,0.0,0.0,-2.0,0.0,0.0,0.0,1.0,-7.275393333882866,0.3580202249618583,dc0fa7dc-4d2b-49c6-bab9-e7cc6eeb073b
1.0,15.657906,44.3,31.400000000000006,0.0,2.0,1.0,0.0,0.0,0.0,0.0,0.0,0.0,0.0,0.0,3.0,0.0,1.0,1.0,-1.0,7.6775885423678245,0.21222549233887628,7c6f732e-6c58-418a-8994-5b408ac837c5
1.0,75.87108,109.2,7.399999999999999,0.0,4.0,1.0,0.0,0.0,0.0,0.0,0.0,1.0,0.0,0.0,-1.0,-3.0,-1.0,0.0,-3.0,8.67598909003706,0.007798731313433184,b71bcd74-b9c6-4703-92c3-cb4d3797b61b
1.0,15.633938,88.7,30.5,0.0,3.0,1.0,0.0,0.0,0.0,0.0,0.0,0.0,0.0,0.0,-1.0,-3.0,1.0,0.0,-1.0,4.640089681168086,1.264730346973017,a7c443b8-f623-49a4-8891-6ef7f10bb09e
0.0,,,,,,,,,,,,,,,,,,,,,,bcb23c21-41fc-4bca-956e-61a12ddc63d7
1.0,20.088305,85.3,0.6000000000000014,1.0,2.0,1.0,0.0,0.0,0.0,0.0,0.0,0.0,0.0,0.0,0.0,-3.0,-2.0,1.0,-1.0,-1.587049936258044,0.49608011197467633,d8d9a855-8742-4437-a689-f796110708dc
1.0,68.35123,114.3,4.100000000000001,0.0,4.0,1.0,0.0,0.0,0.0,0.0,1.0,0.0,0.0,0.0,2.0,0.0,-1.0,1.0,-1.0,5.500974850127488,0.8242427482825,5869629e-f9cf-4f2b-a824-3d6dde7ab0bd
1.0,29.37567,29.599999999999994,30.700000000000003,0.0,2.0,1.0,0.0,0.0,1.0,0.0,0.0,0.0,0.0,0.0,1.0,4.0,2.0,2.0,1.0,-3.7477962146659194,0.3183051668790551,b52ad4a7-8a2c-4584-983c-79b88a1ad9a6
1.0,36.34116,85.3,15.5,1.0,3.0,1.0,0.0,0.0,0.0,0.0,0.0,0.0,0.0,0.0,0.0,-2.0,0.0,-1.0,0.0,-1.9268963522970672,0.5749763946106509,120ae5e3-c999-4d7d-9cf6-8679d857d59b
1.0,54.392094,17.1,0.3999999999999986,1.0,4.0,1.0,0.0,0.0,0.0,0.0,0.0,0.0,0.0,0.0,-2.0,3.0,0.0,-3.0,2.0,-8.54856748552266,0.5964750746700569,ba1d81fb-6678-46e1-98cf-31bae91f70cd
1.0,42.73266,49.0,29.0,0.0,2.0,1.0,0.0,0.0,0.0,0.0,0.0,0.0,0.0,0.0,1.0,2.0,-1.0,0.0,0.0,5.128521218999433,0.25488083469645695,db150176-92e5-414b-895f-1f6011e51bd6
1.0,70.841866,5.9,2.799999999999997,1.0,4.0,1.0,0.0,0.0,0.0,0.0,0.0,1.0,0.0,0.0,-3.0,3.0,-2.0,-2.0,0.0,-6.825764001321839,0.4912778658280531,a51698cd-4b06-4579-b608-7d85d8fa4bc3
1.0,14.303146,82.7,16.1,0.0,2.0,1.0,0.0,0.0,0.0,0.0,0.0,0.0,0.0,0.0,2.0,-2.0,-1.0,0.0,-2.0,4.690934338084813,0.018509487533104562,cc72d7a0-6623-41ec-98f1-405dfc65ac18
1.0,36.170708,54.7,37.8,0.0,3.0,1.0,0.0,0.0,0.0,0.0,0.0,0.0,0.0,1.0,2.0,-2.0,1.0,0.0,2.0,6.725512737506154,1.4715824781576419,ef2a634e-13db-4a10-b293-6d335956a44d
1.0,54.800365,27.2,19.5,1.0,3.0,1.0,0.0,0.0,0.0,0.0,0.0,1.0,0.0,0.0,-3.0,4.0,0.0,-1.0,2.0,-7.50731937642548,0.32662958745702725,29dee8fe-be1a-4910-ba4a-2389e313b355
1.0,48.6621,5.7,0.7999999999999972,1.0,3.0,1.0,0.0,0.0,0.0,0.0,0.0,0.0,0.0,0.0,-2.0,1.0,0.0,-2.0,1.0,-6.519022339747215,0.25700236073204846,702be352-51f0-470e-af1f-aab6b13a8920
1.0,35.003143,0.0,40.0,0.0,1.0,1.0,0.0,0.0,0.0,0.0,0.0,0.0,1.0,0.0,1.0,1.0,3.0,2.0,1.0,1.365073275213876,0.9864172110173045,e0e93447-ad6d-4849-8c00-0d2d7ab40c33
1.0,16.834488,19.7,23.5,1.0,1.0,1.0,0.0,0.0,0.0,0.0,0.0,0.0,0.0,1.0,-2.0,3.0,1.0,-1.0,2.0,-4.904365032710746,0.5730377139432651,ad9e5bf1-d900-4cab-ac85-ea2d26f04eb7
1.0,9.76166,84.5,14.600000000000001,0.0,1.0,1.0,0.0,0.0,0.0,0.0,0.0,0.0,0.0,0.0,1.0,-3.0,2.0,0.0,2.0,5.677788361686161,1.2881348831939425,3c8361ad-d934-4753-8462-becc94bfa76d
1.0,46.215366,0.0,40.0,0.0,2.0,1.0,0.0,0.0,0.0,1.0,0.0,0.0,1.0,0.0,-1.0,4.0,4.0,1.0,4.0,1.6743261212808251,0.2927669761893216,d52fb405-360f-4e3c-b849-50368a4a4e75
1.0,49.22489,8.8,25.0,1.0,3.0,1.0,0.0,0.0,0.0,0.0,0.0,0.0,0.0,0.0,-3.0,1.0,-1.0,-1.0,1.0,-10.477839465632005,0.6773173885904957,d0fc0b19-c568-4d02-ae9e-8df6fba662f5
1.0,15.511608,99.8,33.400000000000006,1.0,8.0,0.0,0.0,1.0,0.0,0.0,0.0,0.0,0.0,0.0,-3.0,0.0,-1.0,0.0,-1.0,0.8784796520230209,0.4706409635633572,90685a71-41b5-44e7-97ef-c7570d77b9d1
0.0,,,,,,,,,,,,,,,,,,,,,,aa77bc76-44b8-4f84-888e-0ee8f9ba2290
1.0,61.411724,102.0,25.400000000000006,0.0,4.0,1.0,0.0,0.0,0.0,0.0,0.0,1.0,0.0,0.0,2.0,-2.0,1.0,0.0,-1.0,6.810836655158092,1.699480614565057,2dcdf7b2-ae9d-4678-bdc5-d750a787f3fa
1.0,61.705105,56.1,33.8,1.0,3.0,1.0,0.0,0.0,0.0,1.0,0.0,1.0,0.0,0.0,0.0,0.0,0.0,-2.0,2.0,-5.530817907617199,0.459654910367803,8330bee8-cb47-4b84-a312-4b57f771e5e0
1.0,17.080105,21.900000000000006,29.200000000000003,0.0,3.0,1.0,0.0,0.0,0.0,0.0,0.0,0.0,0.0,1.0,1.0,3.0,1.0,3.0,-3.0,2.405570219477112,0.2734595960639857,5b9b43d8-1aed-4d5d-af01-3defa17178cc
1.0,54.960533,111.4,2.0,0.0,5.0,1.0,0.0,0.0,0.0,0.0,0.0,0.0,0.0,0.0,2.0,-3.0,-2.0,0.0,-2.0,7.3874752762249125,0.6719295638768881,da03e59b-c12c-4833-a5c2-6881742b1e94
1.0,15.041609,63.0,5.0,0.0,1.0,1.0,0.0,0.0,0.0,0.0,0.0,0.0,0.0,1.0,0.0,0.0,1.0,1.0,1.0,3.1431126406664216,0.5801505182047388,7d3e367d-9b99-443e-ba18-62d9d269226f
1.0,23.880535,61.6,35.8,1.0,2.0,1.0,0.0,0.0,0.0,0.0,0.0,0.0,0.0,0.0,-2.0,2.0,-2.0,-2.0,0.0,-6.465255521927293,0.1931523167099201,44384760-74c6-4a6d-bd0d-a1dd1f7e38d8
0.0,,,,,,,,,,,,,,,,,,,,,,7807e25c-2b2e-477a-b4ad-b70bbc837266
1.0,54.94816,105.4,33.8,0.0,2.0,1.0,0.0,0.0,0.0,0.0,0.0,0.0,0.0,0.0,1.0,0.0,0.0,1.0,-1.0,0.8707377304064678,0.16338391002482858,1dfb7d30-19aa-44af-bcd6-d9560cd35382
1.0,58.66856,40.1,0.7999999999999972,1.0,4.0,1.0,0.0,0.0,0.0,0.0,0.0,1.0,0.0,0.0,0.0,1.0,1.0,1.0,-1.0,-4.695756570036613,2.0796945557382704,68123277-f60c-49bf-a7ca-6c297e9d9e82
0.0,,,,,,,,,,,,,,,,,,,,,,9dea0ed7-a88e-4ff0-b853-7885228197d4
1.0,41.370644,52.0,7.600000000000001,0.0,2.0,1.0,0.0,0.0,0.0,0.0,0.0,1.0,0.0,0.0,0.0,2.0,-1.0,0.0,-2.0,6.014192347142739,0.15000593201466264,c387d5a8-c1ba-489a-9ef4-daef512af7f1
1.0,33.2453,35.2,17.6,0.0,1.0,1.0,0.0,0.0,0.0,0.0,0.0,0.0,0.0,0.0,-1.0,2.0,2.0,1.0,0.0,-0.5838566597070951,0.5220730244063527,1f2678a8-37c7-4e93-a593-ede6f3a56275
1.0,17.361164,21.8,14.899999999999999,1.0,2.0,1.0,0.0,0.0,0.0,0.0,0.0,0.0,0.0,0.0,-2.0,3.0,1.0,-1.0,3.0,-6.260169161166627,0.5679413151818984,1132d918-5f67-40fe-b0d8-0a085351e076
1.0,14.32236,71.0,14.899999999999999,0.0,2.0,1.0,0.0,0.0,0.0,0.0,0.0,0.0,0.0,0.0,0.0,-1.0,-1.0,0.0,-1.0,6.606662203217194,0.08989350112743288,fb02d113-b3ea-4b05-b401-4bc8255cff86
1.0,31.06445,21.400000000000006,21.200000000000003,0.0,2.0,1.0,0.0,0.0,0.0,0.0,0.0,0.0,0.0,0.0,1.0,1.0,1.0,0.0,2.0,0.2908892230814706,1.0956561252438926,7d799f9d-cbe4-4ed9-aadf-89d7be180af2
1.0,6.395311,98.8,34.6,1.0,9.0,0.0,1.0,0.0,0.0,0.0,0.0,0.0,0.0,0.0,-2.0,1.0,3.0,2.0,2.0,1.4749400067874894,0.35318456648893876,ceccdaa4-4e8e-4819-a4a8-1672d6ed4700
1.0,35.01914,28.400000000000006,30.299999999999997,0.0,2.0,1.0,0.0,0.0,1.0,0.0,0.0,0.0,0.0,0.0,2.0,2.0,1.0,-1.0,2.0,0.8188021310685847,1.5447680852992065,3e690917-7f79-43f9-988e-6fe4955bd0c9
1.0,57.1253,113.7,6.100000000000001,0.0,4.0,1.0,0.0,0.0,0.0,0.0,0.0,0.0,0.0,0.0,1.0,0.0,1.0,0.0,1.0,3.221178520370828,0.9701432832401015,6b8ac496-1b32-48c3-8d1c-752c16940f7a
0.0,,,,,,,,,,,,,,,,,,,,,,04367b2b-88b9-434d-9f18-ac4438ffa7b5
1.0,35.64337,13.799999999999997,39.900000000000006,0.0,2.0,1.0,0.0,0.0,1.0,0.0,0.0,0.0,0.0,0.0,1.0,0.0,3.0,1.0,2.0,3.8460909032259556,0.09452677583275326,d4945513-768d-404d-92ab-1489fc2bf763
1.0,22.111761,47.3,40.0,1.0,2.0,1.0,0.0,0.0,0.0,0.0,0.0,0.0,0.0,0.0,-1.0,-2.0,1.0,0.0,1.0,-2.4188958888526315,0.47983141584264427,5bc7423c-6956-4163-b326-b4ab31bef97c
1.0,56.21539,73.0,2.200000000000003,0.0,3.0,1.0,0.0,0.0,0.0,0.0,0.0,0.0,0.0,0.0,1.0,1.0,1.0,0.0,1.0,4.089265103082139,1.0323568093198896,8f270e72-a87b-49bb-b801-3de71fcac02c
1.0,42.38915,78.3,22.1,1.0,2.0,1.0,0.0,0.0,0.0,0.0,0.0,1.0,0.0,0.0,0.0,-4.0,0.0,1.0,-1.0,0.47203313511462586,1.5954984652942799,4ff04f14-f90d-452e-988d-2df16a891e26
1.0,64.00031,8.2,6.899999999999999,1.0,4.0,1.0,0.0,0.0,0.0,0.0,0.0,0.0,0.0,1.0,-1.0,3.0,0.0,1.0,-1.0,-7.838326191220241,3.3723919677594743,262bcb04-2ed6-4883-b23c-6867770c00b1
1.0,64.00031,111.8,6.899999999999999,0.0,6.0,1.0,0.0,0.0,0.0,0.0,0.0,0.0,0.0,1.0,1.0,-2.0,1.0,2.0,-1.0,2.6496164334127683,0.6093290637191426,77d30f36-e233-4f9e-891f-c5a3a605c95f
1.0,36.26403,52.099999999999994,36.3,0.0,2.0,1.0,0.0,0.0,0.0,0.0,0.0,0.0,0.0,0.0,-1.0,1.0,1.0,0.0,1.0,-3.846067611194642,3.357796326807433,4c1a16fb-5a87-4fde-8fd6-832781de4c3c
1.0,41.334248,94.9,21.799999999999997,0.0,3.0,1.0,0.0,0.0,0.0,0.0,0.0,0.0,0.0,0.0,1.0,1.0,-1.0,0.0,-2.0,4.437535781494633,0.4147118738423604,ba1f7f42-bf14-4591-b82e-f952edeefffa
1.0,19.168985,30.5,4.200000000000003,1.0,2.0,1.0,0.0,0.0,0.0,0.0,0.0,0.0,0.0,0.0,-1.0,1.0,0.0,1.0,1.0,-7.136037986525567,0.45558585010666597,1642d00f-865f-47dc-9af5-a4f47bc2ea64
1.0,29.39932,34.099999999999994,26.599999999999994,0.0,2.0,1.0,0.0,0.0,0.0,0.0,0.0,0.0,0.0,0.0,0.0,2.0,3.0,2.0,2.0,-0.9149131624589106,0.18245637870508863,b8b82317-260e-4be8-8ab8-a972464b6acd
1.0,66.50601,54.5,30.8,1.0,3.0,1.0,0.0,0.0,0.0,1.0,0.0,0.0,0.0,0.0,0.0,-3.0,0.0,1.0,0.0,3.7540565815680242,3.3677695509106638,eaeedccf-d76d-4f9c-bad7-bd62f1791b4b
1.0,48.1399,105.2,34.2,1.0,3.0,1.0,0.0,0.0,1.0,1.0,0.0,0.0,0.0,0.0,-1.0,-1.0,-1.0,0.0,0.0,-1.7239467200949559,0.11258051081143486,946e55f6-a00d-4008-bf02-0249625377c2
0.0,,,,,,,,,,,,,,,,,,,,,,dbe23dc4-a3c9-4243-bb2f-92b83e9daf8f
0.0,,,,,,,,,,,,,,,,,,,,,,abffd5cd-01d5-408d-8445-43a6f61de52b
1.0,62.973408,15.3,13.600000000000001,1.0,4.0,1.0,0.0,0.0,0.0,0.0,0.0,0.0,0.0,0.0,-2.0,1.0,0.0,-2.0,2.0,-4.355034838088017,0.07371027239534764,c1b3841e-1a70-4ea9-b7db-b92210d5f315
1.0,40.341667,54.400000000000006,4.899999999999999,0.0,3.0,1.0,0.0,0.0,0.0,0.0,0.0,0.0,0.0,1.0,1.0,0.0,2.0,2.0,0.0,4.586334152859929,0.4960567097906818,0907e9dd-ab45-4f59-bf2a-2cf33ad11640
1.0,32.742786,85.7,40.0,0.0,3.0,1.0,0.0,0.0,0.0,0.0,0.0,0.0,0.0,0.0,1.0,-1.0,1.0,1.0,0.0,8.537103710616082,0.3284321288905969,457427ae-416f-480f-8e97-50ae33d8a2f3
1.0,55.76818,57.5,18.1,1.0,3.0,1.0,0.0,0.0,0.0,1.0,0.0,0.0,0.0,0.0,0.0,-4.0,0.0,-1.0,1.0,2.161631178595094,0.004656668208205522,a99e7388-7db2-415d-afd4-e8e8cea51a3d
0.0,,,,,,,,,,,,,,,,,,,,,,7c6e2343-53b4-420a-8ffc-48e11ce52e70
1.0,73.32783,6.6,6.600000000000001,1.0,4.0,1.0,0.0,0.0,0.0,0.0,1.0,0.0,0.0,0.0,-2.0,1.0,2.0,1.0,2.0,-6.98702188935213,0.4163755520858258,a7eec006-1a16-4a5c-b403-0da5f92557bb
1.0,33.988823,24.099999999999994,35.7,0.0,1.0,1.0,0.0,0.0,1.0,0.0,0.0,0.0,0.0,0.0,2.0,1.0,1.0,3.0,-1.0,0.9671157612150831,0.29416810647791153,772f38ab-e216-4af5-a115-4cc26a9a5c69
1.0,31.05946,106.8,35.3,0.0,2.0,1.0,0.0,0.0,0.0,0.0,0.0,0.0,0.0,0.0,-1.0,-1.0,0.0,-1.0,1.0,1.8926888053086177,0.5508818134246924,8c71814c-7477-4a14-b50d-0bdf5621c9d8
1.0,52.49038,116.4,4.100000000000001,0.0,3.0,1.0,0.0,0.0,0.0,0.0,0.0,0.0,0.0,0.0,0.0,-3.0,0.0,-1.0,0.0,3.187767525782478,2.35012899100349,3ad633ce-517e-42de-83c1-062dad9e5b41
1.0,53.706238,120.0,40.0,1.0,4.0,1.0,0.0,0.0,0.0,1.0,0.0,0.0,1.0,0.0,0.0,-4.0,-2.0,0.0,-1.0,0.3023898838660042,0.05606530413167539,4cd9c320-a8cf-4fc8-8d78-487a6d6e3bcc
1.0,73.01212,7.0,1.0,1.0,4.0,1.0,0.0,0.0,0.0,0.0,1.0,0.0,0.0,0.0,-2.0,0.0,-1.0,-1.0,1.0,-11.199828222676466,0.5264826103549675,235e76da-7877-42cb-af27-7246ef88941e
1.0,73.375336,7.0,3.799999999999997,1.0,4.0,1.0,0.0,0.0,0.0,0.0,1.0,0.0,0.0,0.0,-3.0,3.0,1.0,-1.0,1.0,-10.448730041402737,1.5065141613855837,753440de-44f3-4565-b026-7cf475ab7151
1.0,44.351776,25.0,33.8,1.0,4.0,1.0,0.0,0.0,0.0,0.0,0.0,0.0,0.0,0.0,-2.0,3.0,0.0,1.0,-1.0,-5.291200138179282,1.2236757991085059,b6d1574b-670a-49b8-be6b-8a4cc0cf8da6
1.0,11.677756,34.2,7.0,1.0,2.0,1.0,0.0,0.0,0.0,0.0,0.0,0.0,0.0,1.0,2.0,2.0,2.0,0.0,1.0,2.656026228640611,0.04283397885240025,9765d99e-b496-4087-9496-07c405bdebad
1.0,71.53083,6.0,5.299999999999997,1.0,3.0,1.0,0.0,0.0,0.0,0.0,1.0,0.0,0.0,0.0,0.0,2.0,1.0,-1.0,0.0,-7.008748759248793,0.31186678886261077,742a5e95-2224-49a0-85d9-2240949ac135
1.0,64.693275,106.6,4.600000000000001,0.0,3.0,1.0,0.0,0.0,0.0,0.0,0.0,0.0,0.0,1.0,1.0,-1.0,1.0,2.0,-3.0,10.517185275174995,1.1277279605966195,cbcff34d-c133-44f6-9d7a-bfa299cb9000
1.0,51.3928,14.4,10.200000000000003,1.0,3.0,1.0,0.0,0.0,0.0,0.0,0.0,0.0,0.0,1.0,-1.0,0.0,-1.0,0.0,-1.0,-5.736875285756682,0.6204475131542458,a0cee522-2323-4812-8e8f-39d9cbb506b1
1.0,64.02164,7.0,7.600000000000001,1.0,3.0,1.0,0.0,0.0,0.0,0.0,1.0,0.0,0.0,0.0,0.0,-2.0,1.0,0.0,1.0,0.5623791967125538,0.4565290668981081,d521671a-b933-4431-82b1-1b5ed53b5b95
1.0,46.48548,107.4,2.700000000000003,0.0,2.0,1.0,0.0,0.0,0.0,0.0,0.0,0.0,0.0,0.0,1.0,0.0,1.0,-1.0,2.0,4.265911501729942,0.9532473019393645,dafc5a87-6787-4a4c-a08f-358aeda4284f
1.0,71.52398,113.6,8.399999999999999,0.0,3.0,1.0,0.0,0.0,0.0,0.0,1.0,0.0,0.0,0.0,1.0,-1.0,2.0,1.0,1.0,5.4165200063545935,0.13382205697268096,c8bd3fd7-656f-4baf-96d0-d44a76903448
0.0,,,,,,,,,,,,,,,,,,,,,,c73e60c7-bdfc-47f2-8721-f14041cf6054
0.0,,,,,,,,,,,,,,,,,,,,,,eaa0db43-8e7f-42ad-b9ea-bd8c8fa99153
1.0,48.397625,0.0,39.900000000000006,0.0,1.0,1.0,0.0,0.0,0.0,1.0,0.0,0.0,1.0,0.0,0.0,1.0,2.0,2.0,0.0,3.3450455694743475,0.2531008821078871,5e9d35bc-2f5a-4f5f-bca7-74b234f5a8e1
1.0,16.84399,63.3,24.900000000000006,0.0,2.0,1.0,0.0,0.0,0.0,0.0,0.0,0.0,0.0,0.0,1.0,-1.0,-1.0,1.0,-3.0,6.49868755658607,0.39449780788728955,41780cf9-526d-4402-ba62-c975b0dffec3
1.0,32.136116,105.6,7.399999999999999,0.0,2.0,1.0,0.0,0.0,0.0,0.0,0.0,0.0,0.0,1.0,2.0,-1.0,1.0,0.0,0.0,1.2481979389122622,1.3666021856357013,c0733ac0-bf5e-4fd5-93e0-4b3c451e16ff
0.0,,,,,,,,,,,,,,,,,,,,,,1e4328ec-177f-4a4d-89b6-ff35e4fd490a
1.0,56.35113,93.6,4.200000000000003,0.0,3.0,1.0,0.0,0.0,0.0,0.0,0.0,0.0,0.0,1.0,0.0,-2.0,0.0,0.0,0.0,7.883277119434801,0.11362206446308602,df94c10b-325b-4679-96bd-bb96f12336af
1.0,28.058867,47.8,27.400000000000006,1.0,5.0,1.0,0.0,0.0,0.0,0.0,0.0,0.0,0.0,0.0,0.0,0.0,-2.0,0.0,-2.0,1.5744699392451889,0.8171008760300666,b3da2122-672d-4984-8aec-f799a89bd36d
1.0,13.929106,2.200000000000003,18.4,0.0,5.0,0.0,0.0,1.0,1.0,0.0,0.0,0.0,0.0,0.0,-1.0,1.0,1.0,1.0,2.0,0.2277083687616499,0.31912880611429695,c01cf4bd-7f8b-43e6-a79f-a9903a366396
1.0,60.93546,16.1,0.3999999999999986,1.0,4.0,1.0,0.0,0.0,0.0,0.0,0.0,0.0,0.0,0.0,-1.0,1.0,-1.0,-1.0,0.0,-5.470362469260522,1.035120951674328,389fa4f7-ad86-4113-9557-db4a35649473
1.0,14.738385,49.8,28.799999999999997,0.0,1.0,1.0,0.0,0.0,0.0,0.0,0.0,0.0,0.0,1.0,2.0,-1.0,1.0,1.0,1.0,5.334736026531624,0.7023920025517417,66591df6-6599-4d36-a580-da43543210e5
1.0,52.814014,108.0,3.8999999999999986,0.0,3.0,1.0,0.0,0.0,0.0,0.0,0.0,0.0,0.0,1.0,0.0,0.0,0.0,0.0,-1.0,3.899511753409188,0.4185187118718226,10c9ef00-4963-4c47-8189-52a99f432823
1.0,62.523594,113.5,3.0,0.0,3.0,1.0,0.0,0.0,0.0,0.0,1.0,0.0,0.0,0.0,2.0,-1.0,1.0,0.0,1.0,9.012867296447546,1.0677354309381473,2c1f29c6-ffdc-46f9-ae74-c0ac383d401f
1.0,22.98369,63.2,24.099999999999994,1.0,2.0,1.0,0.0,0.0,0.0,0.0,0.0,0.0,0.0,0.0,0.0,1.0,1.0,0.0,1.0,-5.197163457348282,0.09558122008057214,908c84b4-06ad-45a3-9a71-dce14aefc226
1.0,51.409725,10.9,19.0,1.0,2.0,1.0,0.0,0.0,0.0,0.0,0.0,0.0,0.0,0.0,-2.0,-1.0,-1.0,-2.0,0.0,-1.0789343323811442,0.01240931867767049,d56a9a8d-0f68-4d74-b158-2b7a29cd916b
1.0,43.416588,65.8,11.700000000000003,0.0,2.0,1.0,0.0,0.0,0.0,0.0,0.0,0.0,0.0,0.0,1.0,-2.0,0.0,1.0,-1.0,9.256394442669539,0.13401788070117335,ccb81f31-bad6-407b-8db5-29f136df7871
1.0,70.563805,7.0,3.799999999999997,1.0,4.0,1.0,0.0,0.0,0.0,0.0,1.0,0.0,0.0,0.0,-2.0,1.0,-1.0,-2.0,2.0,-5.442719387082484,0.17942608571303892,fc1f591a-5d92-4e1f-a593-97a1310c2a1d
1.0,59.086716,20.8,26.1,1.0,3.0,1.0,0.0,0.0,0.0,0.0,0.0,0.0,0.0,0.0,0.0,-2.0,-1.0,0.0,-1.0,1.5759963370647068,0.5262364262738015,6e2be166-e146-4155-b763-861a7f5efd8b
1.0,64.109436,107.7,26.900000000000006,0.0,3.0,1.0,0.0,0.0,0.0,0.0,0.0,1.0,0.0,0.0,1.0,-2.0,-1.0,0.0,0.0,6.211296221255804,0.8293014210469642,fe8759fe-c7ce-41df-8fc9-e2900170e99e
1.0,62.03225,5.6,1.6000000000000014,1.0,4.0,1.0,0.0,0.0,0.0,0.0,1.0,0.0,0.0,0.0,0.0,1.0,1.0,-1.0,2.0,-3.000763310423059,0.1313431251147,126cee5c-efa6-48ab-93e0-9193769548e0
1.0,25.2549,69.3,40.0,1.0,2.0,1.0,0.0,0.0,0.0,0.0,0.0,0.0,0.0,0.0,-2.0,0.0,-1.0,-1.0,0.0,-5.5515883135667945,0.7349331946438104,1749e604-4e2a-47ee-941c-eaa0d820dd4f
1.0,63.473854,73.5,29.200000000000003,0.0,3.0,1.0,0.0,0.0,0.0,1.0,0.0,0.0,0.0,0.0,0.0,2.0,0.0,1.0,-1.0,-0.36254162398589607,0.188208962598675,36510ba3-45ed-4b03-80a2-3a907707320f
1.0,17.381887,50.2,11.799999999999997,1.0,2.0,1.0,0.0,0.0,0.0,0.0,0.0,0.0,0.0,1.0,-1.0,2.0,1.0,0.0,1.0,-5.244908067691807,0.10758101940277721,8dc4c8d3-ab27-4bc9-807f-043174a7b3d3
1.0,47.706604,112.9,16.1,0.0,4.0,1.0,0.0,0.0,0.0,0.0,0.0,0.0,0.0,1.0,3.0,-3.0,0.0,2.0,-2.0,7.933408903551643,0.18661155203723337,4705d18a-0900-4c5a-987e-1e1d2f14cbdd
1.0,37.866344,0.0,40.0,0.0,1.0,1.0,0.0,0.0,0.0,0.0,0.0,0.0,1.0,0.0,1.0,0.0,1.0,1.0,0.0,1.4748745791567202,0.06048982273042221,32ffd2a3-9e4c-491b-bc86-1ecd6b1bff3b
1.0,32.834282,22.099999999999994,26.799999999999997,0.0,2.0,1.0,0.0,0.0,1.0,0.0,0.0,0.0,0.0,0.0,0.0,1.0,2.0,0.0,3.0,1.9942830077914593,0.13496075914931246,2468322e-87ba-4e72-b376-ed0f60aa093a
1.0,8.5,96.7,5.700000000000003,1.0,3.0,1.0,0.0,0.0,0.0,0.0,0.0,0.0,0.0,1.0,-2.0,2.0,0.0,-2.0,2.0,-5.022842849462085,0.8918308474612856,7d066596-0c6e-4568-9d41-2bf677f06fdb
1.0,43.286255,0.0,40.0,0.0,2.0,1.0,0.0,0.0,0.0,1.0,0.0,0.0,1.0,0.0,0.0,0.0,1.0,0.0,1.0,-0.5790982049791915,0.053724691874882546,c8d9b234-590b-420d-b5fd-a689ebfc69a2
1.0,73.63871,85.5,12.600000000000001,0.0,4.0,1.0,0.0,0.0,0.0,0.0,0.0,0.0,0.0,0.0,1.0,1.0,1.0,0.0,1.0,2.2668270626408376,0.6504667368988645,70b01463-9e1c-4d8c-ae15-15335ff4f587
1.0,27.877232,16.9,39.9,1.0,3.0,1.0,0.0,0.0,0.0,0.0,0.0,0.0,0.0,0.0,-2.0,0.0,1.0,-2.0,2.0,-3.3095165089487786,0.46584414470281077,8c1253a6-80a7-4168-8584-1598d4d5e716
0.0,,,,,,,,,,,,,,,,,,,,,,01776784-eb37-4d6a-9cd3-cc6d2c16558c
1.0,62.61318,110.2,33.0,0.0,3.0,1.0,0.0,0.0,0.0,0.0,0.0,0.0,0.0,0.0,1.0,2.0,0.0,0.0,0.0,-0.46953943615729754,1.5496610979894183,5454f49c-a1d9-45a1-abfb-e7950c1b20c4
1.0,57.6629,109.9,0.29999999999999716,0.0,4.0,1.0,0.0,0.0,0.0,0.0,0.0,0.0,0.0,1.0,1.0,0.0,1.0,0.0,0.0,6.851451118121956,1.5162067514634472,ea6415cf-f515-4e1a-9ec8-6efbdd8eab0b
1.0,51.2247,15.4,2.8999999999999986,1.0,3.0,1.0,0.0,0.0,0.0,0.0,0.0,0.0,0.0,1.0,-1.0,-2.0,-1.0,0.0,-1.0,-1.364977339352869,0.10781338909681497,8eeb815c-7562-4a29-ba58-459e432b5dff
1.0,37.54704,15.700000000000003,33.7,0.0,2.0,1.0,0.0,0.0,1.0,0.0,0.0,0.0,0.0,0.0,1.0,0.0,2.0,0.0,1.0,4.593024025208725,0.04685736743257095,8265f9cf-9488-4834-9a69-d727720ac555
1.0,51.81515,54.900000000000006,32.8,0.0,3.0,1.0,0.0,0.0,0.0,0.0,0.0,1.0,0.0,0.0,1.0,3.0,5.0,2.0,4.0,2.8151502459837854,0.7435673507731647,ec8728f0-e886-486a-9414-2365524caf6f
1.0,66.34832,56.4,31.7,1.0,3.0,1.0,0.0,0.0,0.0,1.0,0.0,1.0,0.0,0.0,0.0,-4.0,0.0,1.0,-1.0,-1.3861254649846995,1.1435842695403777,a24d855a-d659-4d23-b67f-62ab68df187d
1.0,13.431679,85.3,11.299999999999997,0.0,1.0,1.0,0.0,0.0,0.0,0.0,0.0,0.0,0.0,0.0,1.0,-1.0,1.0,0.0,0.0,4.214848227584514,0.2947487421229257,642f7a69-7970-4cf4-ba9a-353f2f1690f9
1.0,27.04071,83.4,1.7999999999999972,0.0,2.0,1.0,0.0,0.0,0.0,0.0,0.0,0.0,0.0,0.0,1.0,-1.0,0.0,-1.0,1.0,5.153282262195706,0.08134637905880908,6945677b-e993-4dcd-9bca-8d244976058b
1.0,56.635853,112.3,1.5,0.0,3.0,1.0,0.0,0.0,0.0,0.0,0.0,0.0,0.0,0.0,1.0,-1.0,1.0,1.0,-1.0,5.959810658311687,1.1583734679078241,27e14dcc-847f-4faf-b490-863bbc3ce323
1.0,34.345596,76.5,35.400000000000006,0.0,3.0,1.0,0.0,0.0,0.0,0.0,0.0,0.0,0.0,0.0,1.0,3.0,1.0,0.0,1.0,-1.0324248327809302,0.8946893334077317,65f5ddb1-7255-4808-87a4-ef4b7055fbf0
1.0,65.812614,112.3,2.6000000000000014,0.0,4.0,1.0,0.0,0.0,0.0,0.0,0.0,0.0,0.0,1.0,1.0,-1.0,-1.0,1.0,-1.0,3.1362144835090326,1.0425547762476086,7dcdc137-4129-4a62-bdb1-58f5c08a6c30
1.0,74.12186,105.5,14.899999999999999,0.0,2.0,1.0,0.0,0.0,0.0,0.0,0.0,1.0,0.0,0.0,1.0,3.0,0.0,1.0,0.0,-0.20306677673146734,0.7557137874827234,804dd0e9-57dc-40a2-8239-75d2afd15b4f
1.0,56.310745,110.9,4.200000000000003,0.0,4.0,1.0,0.0,0.0,0.0,0.0,0.0,0.0,0.0,0.0,1.0,-2.0,2.0,1.0,1.0,7.937567879473395,0.7424140051897173,df3c4f4a-96e3-4180-b031-c5917adc428a
1.0,43.42004,19.5,37.5,0.0,1.0,1.0,0.0,0.0,1.0,1.0,0.0,0.0,0.0,0.0,0.0,4.0,2.0,-1.0,4.0,-2.782653638770072,0.1633622617703709,14175771-befd-4a26-8938-74dbb74895b2
1.0,67.088005,7.0,6.100000000000001,1.0,4.0,1.0,0.0,0.0,0.0,0.0,1.0,0.0,0.0,0.0,-3.0,3.0,-1.0,-1.0,1.0,-5.948731706201718,0.19809382564269215,997ba92a-a94a-46a1-ae60-505a7ad9706f
1.0,42.576286,0.0,40.0,0.0,2.0,1.0,0.0,0.0,0.0,1.0,0.0,0.0,1.0,0.0,-1.0,4.0,3.0,0.0,4.0,-3.0020795750154687,0.2050494129068492,6186444a-1d7e-4012-9f79-5bb0121d0c3d
1.0,54.024067,93.6,16.6,0.0,4.0,1.0,0.0,0.0,0.0,0.0,0.0,0.0,0.0,1.0,0.0,-3.0,-1.0,0.0,-1.0,7.313623940506993,2.104920244831287,cb2aa55a-77f8-4c16-a39e-1dae5428f692
1.0,69.4072,111.1,1.0,0.0,3.0,1.0,0.0,0.0,0.0,0.0,0.0,1.0,0.0,0.0,1.0,4.0,1.0,2.0,0.0,-3.790269112977191,0.7344466281971727,8ff999e7-6a05-4952-84a8-00b1805e33ff
1.0,8.755569,42.0,8.799999999999997,0.0,1.0,1.0,0.0,0.0,0.0,0.0,0.0,0.0,0.0,0.0,1.0,-1.0,0.0,2.0,-2.0,2.3606800045425906,1.1144190176488122,105036a1-b722-4f17-9d9e-cb4829c50aa2
1.0,61.871155,106.5,4.899999999999999,0.0,3.0,1.0,0.0,0.0,0.0,0.0,0.0,0.0,0.0,0.0,0.0,-3.0,1.0,1.0,0.0,1.8925143239573288,0.8861065517520625,887b9a5f-527c-444d-a422-92c7689fde4a
1.0,40.73328,26.0,21.5,1.0,3.0,1.0,0.0,0.0,0.0,0.0,0.0,0.0,0.0,0.0,0.0,-1.0,1.0,0.0,1.0,-2.340494421784383,0.5124744015884168,70c4dc0c-6a93-45f1-8c89-dd4df9b5c14b
1.0,56.51,109.3,37.3,0.0,4.0,1.0,0.0,0.0,0.0,0.0,0.0,0.0,0.0,1.0,0.0,-2.0,0.0,-1.0,2.0,1.6946054541328817,1.4463368297797974,cfde01f3-3046-49fa-a544-7ee21d2ba5c9
1.0,36.857155,95.8,36.599999999999994,0.0,2.0,1.0,0.0,0.0,0.0,0.0,0.0,0.0,0.0,1.0,2.0,0.0,2.0,2.0,0.0,5.328280815305975,0.14382111448751947,dba76990-2cec-4d2e-bbf4-29c3cc363478
1.0,39.069168,16.5,36.0,0.0,2.0,1.0,0.0,0.0,1.0,0.0,0.0,1.0,0.0,0.0,0.0,0.0,2.0,0.0,2.0,-1.254832914162952,0.6320176426461624,5ea7958a-1912-4988-8aed-4e564dd5eea3
1.0,25.0,13.299999999999997,32.5,0.0,1.0,1.0,0.0,0.0,1.0,0.0,0.0,0.0,0.0,0.0,3.0,0.0,1.0,2.0,0.0,1.9848400132030766,0.17300328576171609,aca0bd30-478e-4454-a88c-e4769755bc4c
1.0,61.511787,10.6,34.3,1.0,3.0,1.0,0.0,0.0,0.0,0.0,0.0,1.0,0.0,0.0,0.0,-2.0,0.0,0.0,0.0,-1.2431159328668668,0.883557819056804,f52799b6-8e68-4fab-a970-332b9564af2a
0.0,,,,,,,,,,,,,,,,,,,,,,366b03a3-3a59-48d1-82d3-8a617feb986d
1.0,41.789234,0.0,39.900000000000006,0.0,6.0,1.0,0.0,0.0,0.0,1.0,0.0,0.0,1.0,0.0,2.0,0.0,3.0,0.0,3.0,1.751580881290469,0.0712412460844767,04c52bf7-d988-4898-9974-fdad96adb4fa
1.0,31.045933,2.5,30.5,0.0,2.0,1.0,0.0,0.0,1.0,0.0,0.0,0.0,0.0,0.0,0.0,3.0,3.0,1.0,3.0,-5.035383908062855,0.20266546026626467,4bcf25bd-e527-4608-9b22-52b06abc1d7a
1.0,36.101246,7.900000000000006,36.0,0.0,2.0,1.0,0.0,0.0,1.0,0.0,0.0,0.0,0.0,0.0,1.0,1.0,3.0,1.0,2.0,3.307660423821557,0.8355112052373712,dcd1f3eb-c529-4b20-96fc-f57c63aa0c12
0.0,,,,,,,,,,,,,,,,,,,,,,6ce1d2ac-d85f-4d14-9243-60eb56625c5f
1.0,18.928286,12.599999999999994,20.299999999999997,0.0,1.0,1.0,0.0,0.0,1.0,0.0,0.0,0.0,0.0,1.0,-1.0,0.0,1.0,0.0,0.0,0.343208547246743,0.12464789550805477,cbb32a39-692a-4bda-8075-9dc3a280d95d
1.0,24.750353,4.0,18.200000000000003,0.0,2.0,1.0,0.0,0.0,1.0,0.0,0.0,0.0,0.0,0.0,0.0,1.0,0.0,0.0,4.0,-0.35974064012608675,0.05660852603774611,e0e5cb63-95f4-4fa3-905f-bfa41fd45aa8
1.0,16.241306,61.4,33.5,1.0,2.0,1.0,0.0,0.0,0.0,0.0,0.0,0.0,0.0,0.0,1.0,3.0,-1.0,-3.0,1.0,-0.26739949749751624,1.6362967518057545,3067933f-ed28-4542-a675-8602c1f4fceb
1.0,16.708382,26.2,16.5,1.0,2.0,1.0,0.0,0.0,0.0,0.0,0.0,0.0,0.0,0.0,0.0,0.0,1.0,0.0,2.0,1.7639834719511533,0.6047212125197886,a4530695-00fe-4427-a809-4cbddc6b4d2b
1.0,13.366002,70.6,4.799999999999997,0.0,2.0,1.0,0.0,0.0,0.0,0.0,0.0,0.0,0.0,0.0,1.0,-2.0,3.0,0.0,0.0,4.819077246657132,0.24754724012717455,6c22252f-f8d7-4781-9711-a11835585a14
1.0,16.62438,85.8,14.299999999999997,0.0,2.0,1.0,0.0,0.0,0.0,0.0,0.0,0.0,0.0,0.0,1.0,-1.0,0.0,-2.0,0.0,5.003644465600647,1.9000462940762068,968ba808-7de3-45bb-899e-e84831a94c56
1.0,60.4494,8.9,2.299999999999997,1.0,3.0,1.0,0.0,0.0,0.0,0.0,0.0,0.0,0.0,0.0,-1.0,0.0,0.0,-1.0,1.0,-0.8938367795785425,0.8306146840977255,d038009e-c37c-483f-90f4-c534ecc4c2cd
1.0,17.700283,47.400000000000006,19.1,0.0,2.0,1.0,0.0,0.0,0.0,0.0,0.0,0.0,0.0,0.0,2.0,0.0,0.0,0.0,1.0,3.116179003090428,0.3223950723738868,83f0f86c-1128-4ce5-bb12-9c1f3a93ea42
1.0,22.777182,91.4,39.900000000000006,0.0,2.0,1.0,0.0,0.0,0.0,0.0,0.0,0.0,0.0,0.0,0.0,-2.0,2.0,2.0,0.0,1.7862148982601402,1.8639255705356554,56205f98-3ea5-4a53-8fc4-39a49d6a0e75
1.0,46.341557,86.4,32.7,0.0,3.0,1.0,0.0,0.0,0.0,0.0,0.0,0.0,0.0,1.0,0.0,0.0,1.0,-1.0,1.0,2.1807312965869627,0.8078964379975894,171ba71c-b61b-4b37-b390-be4dc3ece88e
1.0,15.570806,83.3,16.5,0.0,1.0,1.0,0.0,0.0,0.0,0.0,0.0,0.0,0.0,0.0,0.0,-3.0,-2.0,0.0,0.0,3.9415035828546854,0.7167441606433558,75c79e44-4611-4ad1-a5f2-4178563e22ab
1.0,10.704205,63.2,33.1,1.0,2.0,1.0,0.0,0.0,0.0,0.0,0.0,0.0,0.0,1.0,-1.0,-1.0,0.0,1.0,-2.0,-1.2608715881907784,0.6056077999351996,0e95a886-57aa-45d7-89e4-d7ae0da33a16
1.0,38.5161,84.2,21.5,1.0,2.0,1.0,0.0,0.0,0.0,0.0,0.0,0.0,0.0,0.0,-1.0,-3.0,-3.0,-2.0,-1.0,3.425374782165924,0.12348057871970892,b6406253-fddf-43a7-b55e-282db6156490
1.0,10.840664,63.6,19.5,1.0,2.0,1.0,0.0,0.0,0.0,0.0,0.0,0.0,0.0,0.0,0.0,0.0,2.0,1.0,1.0,-0.9314965522875989,1.0311384224768503,4514546e-6724-457b-8ec8-6aa8425787fc
1.0,9.610411,81.7,2.6000000000000014,1.0,3.0,0.0,1.0,0.0,0.0,0.0,0.0,0.0,0.0,1.0,-1.0,-2.0,0.0,-1.0,1.0,0.50813040371654,1.4088988127391064,6075af66-b44e-45b7-b3bf-008108eb3290
1.0,31.164242,117.6,27.200000000000003,0.0,2.0,1.0,0.0,0.0,0.0,0.0,0.0,0.0,0.0,0.0,-1.0,-2.0,1.0,1.0,0.0,1.7898972386944276,0.4317529187309682,14a591f4-ca4f-4110-868f-1095642aa4c1
1.0,13.080137,77.6,35.8,1.0,2.0,1.0,0.0,0.0,0.0,0.0,0.0,0.0,0.0,0.0,-3.0,3.0,-1.0,-2.0,0.0,-6.124251994358968,0.02686268360684817,2b594c80-ccd8-4da7-9fdf-4c6e89c99b80
1.0,18.4808,48.3,17.5,1.0,2.0,1.0,0.0,0.0,0.0,0.0,0.0,0.0,0.0,0.0,-2.0,1.0,0.0,-1.0,2.0,-3.3964445497526468,1.1278578641645352,2014dc71-cc03-432c-89f7-97bfb591db2d
1.0,43.976925,47.7,27.299999999999997,1.0,4.0,1.0,0.0,0.0,0.0,0.0,0.0,0.0,0.0,0.0,-2.0,1.0,-1.0,0.0,0.0,-4.836194102761995,0.1519707955206516,068eb0a7-4586-468e-9787-44f2973f60f6
1.0,25.397047,78.7,5.700000000000003,1.0,2.0,1.0,0.0,0.0,0.0,0.0,0.0,0.0,0.0,0.0,-2.0,-1.0,-2.0,-3.0,2.0,-4.5308157201720425,0.13967217934425685,b42e14c6-a51b-4092-8c2c-d3f824e6668e
1.0,40.703438,84.8,22.1,1.0,2.0,1.0,0.0,0.0,1.0,0.0,0.0,0.0,0.0,0.0,1.0,-2.0,-2.0,1.0,-3.0,-0.10673047306298056,0.20552998460701605,a1048239-2255-4a3c-84a8-68a71578c21a
1.0,10.688779,59.8,21.9,0.0,2.0,1.0,0.0,0.0,0.0,0.0,0.0,0.0,0.0,0.0,0.0,-1.0,-1.0,-1.0,1.0,5.083773485026256,1.1423347514712734,a289e616-b856-4209-bcd0-57b1cbbc2dcc
1.0,34.688328,12.099999999999994,36.2,0.0,2.0,1.0,0.0,0.0,1.0,0.0,0.0,1.0,0.0,0.0,3.0,0.0,4.0,2.0,3.0,2.5340188573084315,0.02430641149791934,7b9a1c4b-f9bc-44b4-b5cd-ef26327fb9c7
1.0,53.26162,2.2,13.100000000000001,1.0,3.0,1.0,0.0,0.0,0.0,0.0,0.0,0.0,0.0,1.0,-2.0,2.0,1.0,0.0,0.0,-9.16468764045603,0.44719904177390724,5d6d3f3c-202f-41ff-8715-1500d46bc915
1.0,22.751703,20.5,40.0,0.0,4.0,1.0,0.0,0.0,0.0,0.0,0.0,0.0,0.0,0.0,2.0,-1.0,2.0,5.0,-1.0,1.0972732136819783,0.9646903012917691,2a7dae40-3e14-4817-9a94-9126522f93d4
1.0,11.462984,4.299999999999997,5.100000000000001,0.0,4.0,1.0,0.0,0.0,0.0,0.0,0.0,0.0,0.0,1.0,-2.0,4.0,2.0,0.0,3.0,-2.35097701351339,0.29413267954756306,db4612df-17ce-46bf-bf65-99c4cf877d4c
1.0,33.22845,36.9,18.6,1.0,3.0,1.0,0.0,0.0,0.0,0.0,0.0,0.0,0.0,0.0,-1.0,0.0,-1.0,-1.0,0.0,-0.9333249470764704,1.989411027336314,1a6d820f-3abc-44e4-8cd7-01088c5dbec1
1.0,61.07209,115.9,12.200000000000003,0.0,3.0,1.0,0.0,0.0,0.0,0.0,0.0,0.0,0.0,1.0,1.0,1.0,0.0,2.0,-1.0,0.12448892940210321,1.6376990688937882,79cbea0e-d5e2-4c9c-a793-df1412463baf
1.0,20.85042,86.5,29.0,0.0,3.0,1.0,0.0,0.0,0.0,0.0,0.0,0.0,0.0,0.0,3.0,1.0,0.0,-1.0,1.0,4.517550437732649,0.49315906313927743,c3e2bb89-961b-4393-9cb7-10aa1bedaa5d
1.0,52.903023,103.7,11.100000000000001,0.0,2.0,1.0,0.0,0.0,0.0,0.0,0.0,0.0,0.0,0.0,1.0,-1.0,1.0,0.0,0.0,3.577508379074274,0.6670919854035327,6368dcb8-703d-4a75-89f3-c072e42937a3
0.0,,,,,,,,,,,,,,,,,,,,,,2ae38e33-1c73-4c2e-a929-02b723d549c2
1.0,25.428331,79.6,24.900000000000006,0.0,3.0,1.0,0.0,0.0,0.0,0.0,0.0,0.0,0.0,0.0,2.0,1.0,-1.0,1.0,-2.0,3.827180418022555,0.7837359891854553,1c96b753-f462-4522-871c-ab9720dce173
1.0,46.376072,116.1,7.600000000000001,0.0,3.0,1.0,0.0,0.0,0.0,0.0,0.0,0.0,0.0,1.0,1.0,0.0,1.0,1.0,-1.0,3.488445360806148,1.630505874695599,9d9ba429-fd22-4a09-b09b-c97009ad1e58
1.0,13.42386,68.1,8.0,0.0,2.0,1.0,0.0,0.0,0.0,0.0,0.0,0.0,0.0,0.0,2.0,-5.0,-1.0,0.0,1.0,7.031494795386672,1.0990434854571824,9227cb32-0edc-4384-a819-7c55542dd557
1.0,9.617692,73.5,19.200000000000003,1.0,2.0,1.0,0.0,0.0,0.0,0.0,0.0,0.0,0.0,1.0,-2.0,-1.0,-1.0,-1.0,1.0,-3.604752620168896,0.31354652324898247,0b9010d7-e80f-4f7d-b045-3d8b96d3cb63
1.0,36.580048,35.400000000000006,30.0,0.0,2.0,1.0,0.0,0.0,1.0,0.0,0.0,0.0,0.0,0.0,2.0,3.0,2.0,1.0,1.0,-3.830400334838008,0.6124362627413823,4f3daea1-49f0-4901-ac83-72e2a91eece0
1.0,61.000736,4.1,18.6,1.0,3.0,1.0,0.0,0.0,0.0,0.0,0.0,0.0,0.0,1.0,-3.0,3.0,1.0,-2.0,3.0,-9.606601237365432,1.4243305066974385,aaa34627-3b91-40cf-9132-df53ecbe61bf
1.0,48.28882,22.3,37.0,1.0,3.0,1.0,0.0,0.0,0.0,0.0,0.0,0.0,0.0,0.0,-2.0,0.0,-2.0,-2.0,0.0,-5.843876456022567,0.2947533914462361,24562d42-35cf-4284-92c8-192031e033cd
1.0,76.23647,111.3,3.3999999999999986,0.0,4.0,1.0,0.0,0.0,0.0,0.0,0.0,1.0,0.0,0.0,1.0,-2.0,0.0,0.0,0.0,6.74159144715729,0.2606470098874729,1af4302f-3584-42c4-8872-49957a52489b
1.0,23.789494,41.1,19.2,1.0,3.0,1.0,0.0,0.0,0.0,0.0,0.0,0.0,0.0,0.0,-2.0,2.0,0.0,-2.0,1.0,-6.305658710220047,1.4145840315787765,6e328145-1cff-4464-aa9f-e8eb1155d316
1.0,38.160843,13.7,28.2,1.0,3.0,1.0,0.0,0.0,0.0,0.0,0.0,0.0,0.0,0.0,-1.0,0.0,-2.0,0.0,-1.0,-2.0341156117792902,0.7796172075798108,e6360505-9efa-4b4c-a9df-a3f1b55aa66a
1.0,51.842262,62.2,12.200000000000003,1.0,3.0,1.0,0.0,0.0,0.0,0.0,0.0,0.0,0.0,0.0,1.0,-2.0,-1.0,0.0,-1.0,-2.0618672560166527,0.2688858518400117,6906bb52-353f-4f53-b8b3-083e77c91008
1.0,36.34185,12.200000000000003,26.900000000000006,0.0,4.0,1.0,0.0,0.0,1.0,0.0,0.0,0.0,0.0,0.0,-1.0,3.0,-2.0,-1.0,-1.0,2.3102871686649493,0.4124685623599563,92cbeb5c-4360-453c-8b6c-13b9ba92c6ea
1.0,5.3712196,87.7,15.700000000000003,0.0,2.0,1.0,0.0,0.0,0.0,0.0,0.0,0.0,0.0,0.0,1.0,-1.0,-1.0,1.0,-2.0,4.893178239385502,0.4686972780830578,d1f47da2-1684-469b-b39d-ed94fcfc672d
1.0,18.518099,88.1,1.0,0.0,4.0,1.0,0.0,0.0,0.0,0.0,0.0,0.0,0.0,0.0,2.0,-3.0,0.0,1.0,-1.0,6.265151867792222,0.7877946069055013,03c17eae-893e-4a80-a3c4-3b3ceacc59ec
1.0,12.586501,100.8,19.8,1.0,1.0,1.0,0.0,0.0,0.0,0.0,0.0,0.0,0.0,0.0,-3.0,-1.0,-2.0,-3.0,0.0,-1.2939275518074005,0.0015377461713395847,ef333fad-f901-4507-8454-6d0be7515c1d
1.0,30.417923,82.0,31.200000000000003,0.0,3.0,1.0,0.0,0.0,0.0,0.0,0.0,0.0,0.0,0.0,2.0,-2.0,1.0,2.0,-1.0,6.5732033252613356,0.18783750699516313,89cf49d1-045b-4825-8459-18c34fbb212b
1.0,13.7411785,48.9,22.9,1.0,3.0,1.0,0.0,0.0,0.0,0.0,0.0,0.0,0.0,0.0,-2.0,3.0,-1.0,-2.0,1.0,-5.51251010778468,0.943581342374995,cbf613c4-910d-4ba0-b3e6-4a0e39363d8a
1.0,61.971928,94.5,12.799999999999997,0.0,4.0,1.0,0.0,0.0,0.0,0.0,0.0,0.0,0.0,0.0,3.0,0.0,0.0,-1.0,1.0,11.244174402382558,1.3746599727522628,dbebd86f-455e-4f4d-b3ae-ab87d94bdaf2
1.0,52.438152,38.0,32.5,1.0,3.0,1.0,0.0,0.0,0.0,0.0,0.0,1.0,0.0,0.0,-5.0,2.0,-1.0,0.0,0.0,-12.097129468901757,0.7893769424221804,c15aa0e7-7274-4109-8c70-bdb93d336313
1.0,45.178425,0.0,40.0,0.0,2.0,1.0,0.0,0.0,0.0,1.0,0.0,0.0,1.0,0.0,0.0,3.0,3.0,1.0,3.0,4.939627685534035,0.14133523569357848,426dd1a1-e917-40e1-9a38-783456e3c7c6
1.0,25.453094,99.7,40.0,0.0,2.0,1.0,0.0,0.0,0.0,0.0,0.0,0.0,0.0,0.0,6.0,-5.0,0.0,3.0,-1.0,12.743099200255182,1.3822479468113138,13b5f011-2e56-4230-88dd-127b9a896bee
1.0,65.68478,114.5,4.0,0.0,4.0,1.0,0.0,0.0,0.0,0.0,1.0,0.0,0.0,0.0,2.0,-4.0,-1.0,0.0,-1.0,10.475891894662292,0.2239174272199676,0fccd748-d902-46c6-a17f-795fcc2227cf
1.0,70.71987,6.0,3.1000000000000014,1.0,4.0,1.0,0.0,0.0,0.0,0.0,1.0,0.0,0.0,0.0,-1.0,0.0,0.0,0.0,1.0,-5.773338771724909,0.2549065820171118,68fe7fdd-93d2-4b6e-8a7e-8c5ec2c0b43b
1.0,43.237946,0.0,39.900000000000006,0.0,1.0,1.0,0.0,0.0,0.0,1.0,0.0,0.0,1.0,0.0,1.0,1.0,3.0,1.0,3.0,4.90382015227887,8.66446546818894e-05,a78fbaae-ab9f-4c29-850a-eb20f1162f41
1.0,34.229958,0.0,40.0,0.0,1.0,1.0,0.0,0.0,0.0,0.0,0.0,0.0,1.0,0.0,4.0,-1.0,2.0,3.0,0.0,1.3085428201953344,1.5443287618300612,45944de7-3fcb-4a65-88a9-4d5c9a84ceb3
1.0,60.31401,84.1,12.5,0.0,3.0,1.0,0.0,0.0,0.0,0.0,0.0,0.0,0.0,0.0,5.0,-1.0,0.0,2.0,0.0,8.963749863215943,0.8752082750547087,7ce8baa0-4425-4be5-9e71-c25b6db24c20
1.0,30.778727,63.0,40.0,0.0,2.0,1.0,0.0,0.0,0.0,0.0,0.0,0.0,0.0,0.0,2.0,1.0,1.0,1.0,0.0,5.052432587908498,0.7053482902987507,35763cb9-d4df-4df1-b855-0f42bef1fb26
1.0,35.465054,90.6,40.0,1.0,2.0,1.0,0.0,0.0,0.0,0.0,0.0,0.0,0.0,0.0,-3.0,-1.0,-3.0,-3.0,0.0,0.909722421952309,0.19698112564175807,a3a95d08-3b2f-4288-b588-b24b31b2882d
1.0,45.38557,57.9,34.8,1.0,2.0,1.0,0.0,0.0,0.0,0.0,0.0,0.0,0.0,0.0,-2.0,-4.0,-3.0,0.0,-2.0,-1.1132976794603966,0.7552972618485668,03f67930-7709-419b-88fc-63da9e3b73e3
1.0,29.973656,11.5,39.900000000000006,0.0,2.0,1.0,0.0,0.0,1.0,0.0,0.0,0.0,0.0,0.0,3.0,0.0,3.0,3.0,0.0,-1.3457632544878875,0.11651432345580306,5852a17f-e8b9-4c76-9ac7-905e2b667a5d
1.0,50.866493,57.4,13.3,1.0,3.0,1.0,0.0,0.0,0.0,0.0,0.0,0.0,0.0,0.0,1.0,-2.0,-1.0,-1.0,0.0,6.2738760957808655,0.36228751237324797,f3477107-61e7-4471-9ceb-feee140f7f94
1.0,69.39575,7.0,5.600000000000001,1.0,4.0,1.0,0.0,0.0,0.0,0.0,1.0,0.0,0.0,0.0,-2.0,2.0,-2.0,-2.0,0.0,-7.22935668138992,1.6440659217127997,40216536-0378-40c7-9bfa-dd977d4c81b3
1.0,46.33897,51.8,29.900000000000006,0.0,2.0,1.0,0.0,0.0,0.0,0.0,0.0,0.0,0.0,0.0,1.0,2.0,1.0,-1.0,1.0,0.2011185846132011,1.5622233907810208,94e1481d-7a4f-4cde-a07c-830e13dc2dc2
1.0,65.63688,100.8,7.100000000000001,0.0,3.0,1.0,0.0,0.0,0.0,0.0,0.0,0.0,0.0,0.0,0.0,0.0,1.0,1.0,0.0,3.339555811286271,0.3420130925469922,bb801a48-4522-44c4-b8b5-e850799d1eb6
1.0,32.950874,24.200000000000003,22.4,0.0,2.0,1.0,0.0,0.0,1.0,0.0,0.0,0.0,0.0,0.0,0.0,2.0,3.0,0.0,3.0,5.438263162371671,0.083838243943266,13fe08aa-78b5-4fa9-8a11-ef6bb7cd048a
1.0,33.988968,84.7,0.5,0.0,3.0,1.0,0.0,0.0,0.0,0.0,0.0,0.0,0.0,0.0,0.0,0.0,1.0,1.0,0.0,2.2901538999257873,0.19714265208710136,48d2c5b4-7420-4650-adb5-bd512f861685
1.0,48.71981,77.5,1.2000000000000028,0.0,3.0,1.0,0.0,0.0,0.0,0.0,0.0,0.0,0.0,0.0,1.0,-1.0,2.0,0.0,2.0,11.679275276305452,0.0008493692249731998,d94b072e-37b6-404e-b66c-341ade52c411
1.0,41.44804,10.0,35.0,0.0,2.0,1.0,0.0,0.0,1.0,1.0,0.0,0.0,0.0,0.0,0.0,4.0,2.0,-1.0,4.0,-5.292504310421888,0.2793182585114007,fcc56f55-bdb1-4186-8d1c-30ddc3d0a1a3
1.0,50.434315,116.6,1.3999999999999986,0.0,4.0,1.0,0.0,0.0,0.0,0.0,0.0,0.0,0.0,0.0,1.0,-1.0,-2.0,-1.0,-2.0,0.3929990719469494,0.6769537936235316,9b2279eb-f41b-4d69-8757-d12cb859537c
0.0,,,,,,,,,,,,,,,,,,,,,,cbaf4ead-ac33-41b5-9c85-693fd785d290
1.0,39.725685,116.7,29.099999999999994,1.0,2.0,1.0,0.0,0.0,1.0,0.0,0.0,0.0,0.0,0.0,0.0,-6.0,-1.0,1.0,-4.0,4.546066921126429,0.0874244222006868,7185348d-7baa-42c2-aea9-745796c1f9ce
1.0,58.984745,15.3,1.7999999999999972,1.0,3.0,1.0,0.0,0.0,0.0,0.0,0.0,0.0,0.0,0.0,-1.0,2.0,0.0,0.0,-1.0,-8.118627484917067,0.0432016566156059,3a72ad18-3bee-4164-8131-6a5e5b5a341d
1.0,16.697605,31.7,40.0,1.0,1.0,1.0,0.0,0.0,0.0,0.0,0.0,0.0,0.0,0.0,0.0,1.0,-1.0,-2.0,0.0,0.32313824667816116,1.0319982140215278,2d80e327-d914-43b7-8559-ef793bbc0f20
1.0,10.890363,83.5,34.6,1.0,2.0,1.0,0.0,0.0,0.0,0.0,0.0,0.0,0.0,1.0,-1.0,0.0,2.0,-1.0,2.0,-0.8173528928563654,1.783944836273682,cbac53d3-bcc7-406e-969e-64c705811058
1.0,5.255473,43.7,27.0,0.0,1.0,1.0,0.0,0.0,0.0,0.0,0.0,0.0,0.0,1.0,0.0,2.0,-1.0,0.0,-2.0,2.353427607313405,0.2778486576728356,78928d9b-5191-4d71-a652-dc37e89e2995
1.0,61.705914,70.1,25.099999999999994,0.0,4.0,1.0,0.0,0.0,0.0,1.0,0.0,0.0,0.0,0.0,0.0,1.0,1.0,1.0,1.0,4.78459740917441,0.33140605134219864,44c03eda-86b1-47a9-97be-24f94f7d000f
0.0,,,,,,,,,,,,,,,,,,,,,,62335348-02ae-4faa-a9f8-60d4c536f556
1.0,51.312767,14.0,12.0,1.0,3.0,1.0,0.0,0.0,0.0,0.0,0.0,0.0,0.0,0.0,-1.0,3.0,-1.0,0.0,0.0,-8.289762098766698,0.06574380480873593,05067cc5-734b-41e7-96d3-ae3d41289121
1.0,7.5292764,57.8,29.599999999999994,0.0,2.0,1.0,0.0,0.0,0.0,0.0,0.0,0.0,0.0,1.0,0.0,0.0,3.0,3.0,-1.0,2.268834938943482,0.41963802365488256,aed74af1-dce7-4e82-8d26-7ee30b79d889
1.0,62.70287,81.4,19.4,0.0,3.0,1.0,0.0,0.0,0.0,0.0,0.0,1.0,0.0,0.0,1.0,-3.0,0.0,1.0,-1.0,9.371929725901262,2.202419666175871,a80138e9-2ef3-4fea-8661-c0f5dd142556
1.0,67.675476,4.4,1.7999999999999972,1.0,3.0,1.0,0.0,0.0,0.0,0.0,1.0,0.0,0.0,0.0,-2.0,3.0,2.0,2.0,1.0,-8.562114542429065,3.67875089806558,393a2165-861b-410e-a3d4-c4a23365ae78
1.0,30.210098,48.8,40.0,1.0,2.0,1.0,0.0,0.0,0.0,0.0,0.0,0.0,0.0,0.0,-2.0,-1.0,-2.0,0.0,-2.0,-3.490280267302344,1.1853227606531251,b488858b-164e-40b7-bbae-a2d2e19ffe1b
1.0,57.969994,6.0,0.8999999999999986,1.0,3.0,1.0,0.0,0.0,0.0,0.0,1.0,0.0,0.0,0.0,-1.0,1.0,1.0,-1.0,2.0,-6.088831090581193,0.38327859041214923,8717b842-df4b-4773-ae80-f77d4367120b
1.0,28.578663,50.7,26.0,0.0,2.0,1.0,0.0,0.0,0.0,0.0,0.0,0.0,0.0,1.0,2.0,1.0,1.0,-1.0,2.0,6.83695035598861,1.4880348992037207,79961fcc-b479-4fd9-b067-8dcca6b20ed8
0.0,,,,,,,,,,,,,,,,,,,,,,2ed06c72-ed1a-439f-b60e-1dcdef17f59b
1.0,13.892444,47.6,20.9,1.0,2.0,1.0,0.0,0.0,0.0,0.0,0.0,0.0,0.0,0.0,-3.0,3.0,0.0,-2.0,1.0,-6.476192205758542,0.7393320455522745,0d8177e1-5871-488a-a1be-ef1458006bca
1.0,13.461798,79.6,7.299999999999997,1.0,9.0,0.0,0.0,1.0,0.0,0.0,0.0,0.0,0.0,0.0,1.0,-3.0,-1.0,0.0,0.0,4.969446581043032,0.2881781858863599,8df0ed7c-0dfd-4f3a-b662-8ac463d202b9
1.0,48.21338,62.7,3.299999999999997,1.0,2.0,1.0,0.0,0.0,0.0,0.0,0.0,0.0,0.0,0.0,0.0,-5.0,0.0,1.0,-2.0,-2.9997221599297674,1.682289122102691,ff4783cb-777b-48c3-bceb-bc2e387a5b22
1.0,28.683968,27.799999999999997,18.299999999999997,0.0,2.0,1.0,0.0,0.0,0.0,0.0,0.0,1.0,0.0,0.0,1.0,1.0,0.0,1.0,0.0,-0.8427360998600486,1.1524205660930331,8f8c69bf-b7ba-40bf-be95-8944e515ecf8
1.0,32.3736,30.299999999999997,34.099999999999994,0.0,1.0,1.0,0.0,0.0,1.0,0.0,0.0,1.0,0.0,0.0,0.0,1.0,3.0,1.0,3.0,-2.212597508814003,0.0513750062727609,33d5cab7-e7b7-467f-9755-8bfd0f325c8a
1.0,36.57882,8.900000000000006,36.900000000000006,0.0,1.0,1.0,0.0,0.0,1.0,0.0,0.0,0.0,0.0,0.0,-1.0,3.0,4.0,2.0,2.0,-3.394520002407973,1.0980213581033031,c8e36e52-8ad8-457c-8fca-04f19a3607e7
1.0,8.13941,38.7,8.899999999999999,0.0,2.0,1.0,0.0,0.0,0.0,0.0,0.0,0.0,0.0,0.0,3.0,-5.0,0.0,0.0,0.0,11.22010391416895,0.11152827246417663,b87900f3-fab7-429f-b687-8f021fa817bb
1.0,60.914776,116.7,28.799999999999997,0.0,2.0,1.0,0.0,0.0,0.0,0.0,0.0,0.0,0.0,0.0,0.0,2.0,0.0,-1.0,1.0,4.273641246381402,0.7776442686840906,0c1c7ba5-031f-4072-b4cb-e7a67cbe825c
1.0,32.008904,1.9000000000000057,32.099999999999994,0.0,2.0,1.0,0.0,0.0,1.0,0.0,0.0,0.0,0.0,0.0,1.0,5.0,3.0,0.0,4.0,-4.799456705034104,0.30267249299321497,8cb51118-9f15-4f72-a9b3-a5f5097908dc
1.0,21.571278,2.700000000000003,17.700000000000003,0.0,4.0,1.0,0.0,0.0,1.0,0.0,0.0,0.0,0.0,0.0,-2.0,2.0,-1.0,-2.0,3.0,-5.183362040093536,0.16684563403419966,004f20b5-dae5-4cd7-bf0b-401e61fce48e
1.0,73.28936,6.0,6.700000000000003,1.0,4.0,1.0,0.0,0.0,0.0,0.0,1.0,0.0,0.0,0.0,-2.0,1.0,1.0,0.0,2.0,-5.666833848550805,0.2523326368463601,93ed5add-c3ab-420f-8bac-a3bff9260098
0.0,,,,,,,,,,,,,,,,,,,,,,0a82295c-9f2d-4032-81f8-7ed6f0624cd7
0.0,,,,,,,,,,,,,,,,,,,,,,5215f396-d53a-4db1-82de-abe6c09f9f6b
1.0,54.725224,42.8,21.0,1.0,3.0,1.0,0.0,0.0,0.0,0.0,0.0,0.0,0.0,0.0,0.0,-1.0,1.0,0.0,0.0,-2.9284564624552427,0.08716735534080376,5900c59e-586e-4697-b0c2-e9bca5c83177
1.0,57.89309,71.7,7.399999999999999,0.0,3.0,1.0,0.0,0.0,0.0,0.0,0.0,0.0,0.0,0.0,0.0,4.0,4.0,1.0,3.0,-0.6711093197406566,1.8839967328737348,5436c65a-88a0-42e8-8f1e-3a315fc11b8a
1.0,71.46944,114.0,4.799999999999997,0.0,4.0,1.0,0.0,0.0,0.0,0.0,1.0,0.0,0.0,0.0,4.0,-3.0,2.0,2.0,0.0,10.884894255990472,0.4731969433841246,2ec4eeb2-bb24-488a-bfbd-023b63bf9664
1.0,26.506226,77.1,10.899999999999999,0.0,2.0,1.0,0.0,0.0,0.0,0.0,0.0,0.0,0.0,1.0,0.0,-1.0,1.0,0.0,1.0,6.636247097806283,0.6991994624885031,bcc8ce5a-4504-4d6d-9fcf-7b788f0b58a0
1.0,34.16036,41.0,27.0,0.0,1.0,1.0,0.0,0.0,0.0,0.0,0.0,1.0,0.0,0.0,3.0,0.0,1.0,1.0,1.0,1.4499490712572987,2.333491766168378,e22bcc45-7e42-421d-9c83-5d91b638d9eb
1.0,52.5884,92.2,36.7,0.0,3.0,1.0,0.0,0.0,0.0,0.0,0.0,0.0,0.0,0.0,2.0,1.0,-1.0,-1.0,1.0,3.19278724500057,0.29629421308240556,04a2fe14-9e14-42a7-a133-22514ca34a2d
0.0,,,,,,,,,,,,,,,,,,,,,,63ba9970-dd25-463b-978b-86999216c39e
1.0,51.81515,0.0,40.0,0.0,1.0,1.0,0.0,0.0,0.0,1.0,0.0,0.0,1.0,0.0,0.0,5.0,1.0,-1.0,3.0,-2.646613379429816,0.48182504289119366,c64fdc5d-b470-45a6-bb8e-a68a5f608cfb
1.0,44.473137,22.5,31.0,0.0,3.0,1.0,0.0,0.0,1.0,1.0,0.0,0.0,0.0,0.0,-1.0,2.0,-2.0,-1.0,0.0,0.7463722255349996,0.08701006534015154,c3f65c10-b81d-49c1-b965-29757286221d
1.0,69.58736,27.0,1.0,1.0,3.0,1.0,0.0,0.0,0.0,0.0,0.0,0.0,0.0,0.0,-1.0,0.0,1.0,1.0,0.0,-8.985934479425481,0.3260996831307322,7162a745-a57b-42d6-b919-6bddc439960f
1.0,53.75872,108.4,10.100000000000001,0.0,3.0,1.0,0.0,0.0,0.0,0.0,0.0,0.0,0.0,0.0,0.0,1.0,2.0,0.0,1.0,-1.5008155569444401,1.2404488560455573,923be010-0cf2-4d7d-8490-27e3e5110a5c
1.0,64.87781,114.7,2.0,0.0,4.0,1.0,0.0,0.0,0.0,0.0,1.0,0.0,0.0,0.0,2.0,-2.0,1.0,2.0,0.0,6.179130866085517,1.664427217663132,42e71eda-da29-4fdd-9c3e-6aa28a257273
1.0,19.714462,75.9,6.399999999999999,1.0,4.0,1.0,0.0,0.0,0.0,0.0,0.0,0.0,0.0,0.0,-4.0,2.0,-1.0,-3.0,2.0,-3.0553161218415017,0.33133046122691195,980c4f50-d22f-4b17-a811-5fc65d05641b
1.0,29.790098,1.4000000000000057,32.099999999999994,0.0,1.0,1.0,0.0,0.0,1.0,0.0,0.0,0.0,0.0,1.0,1.0,1.0,2.0,1.0,1.0,2.410241528699934,0.16464384748137537,d62cf474-061b-466a-bb37-867507df0184
1.0,46.052254,44.8,35.8,0.0,3.0,1.0,0.0,0.0,0.0,0.0,0.0,0.0,0.0,0.0,2.0,1.0,0.0,2.0,-2.0,3.2256345774811077,0.5302681621570108,53763840-e230-4894-9c6d-2cf38d3fa7c7
1.0,39.31272,15.900000000000006,40.0,0.0,2.0,1.0,0.0,0.0,0.0,0.0,0.0,0.0,0.0,0.0,0.0,0.0,3.0,1.0,2.0,4.0084011849274095,1.1701242415191673,35c8a326-2de3-49ff-8ec8-55add0066f40
1.0,24.607315,30.299999999999997,23.5,0.0,1.0,1.0,0.0,0.0,1.0,0.0,0.0,0.0,0.0,0.0,1.0,2.0,3.0,2.0,2.0,-0.896781465904533,1.0263981938741848,34e9ebc5-2dd8-4cd9-b305-299cb5526131
1.0,25.927784,25.599999999999994,27.400000000000006,0.0,1.0,1.0,0.0,0.0,1.0,0.0,0.0,0.0,0.0,0.0,1.0,1.0,3.0,3.0,2.0,2.0185146522429616,0.3629128230392791,c1c7b270-d225-4888-a8d0-10a4ea8d1ad3
1.0,37.648506,35.599999999999994,34.0,0.0,1.0,1.0,0.0,0.0,1.0,0.0,0.0,1.0,0.0,0.0,2.0,0.0,2.0,1.0,1.0,0.6607003143711481,0.17717220517945464,0488fc9f-00a5-4149-8a03-fee2314577c3
1.0,32.23321,0.0,39.900000000000006,0.0,1.0,1.0,0.0,0.0,0.0,0.0,0.0,0.0,1.0,0.0,2.0,-1.0,3.0,1.0,2.0,1.7302010802368155,0.8259185871303008,fa3f54a6-75cd-4d7d-a7eb-b1d1f40dfb52
1.0,19.26759,38.400000000000006,36.900000000000006,0.0,3.0,1.0,0.0,0.0,0.0,0.0,0.0,0.0,0.0,0.0,4.0,-3.0,-1.0,1.0,-2.0,10.478399338664174,1.0929018516360087,2dc0c7f6-94da-43fd-8ae2-3894133caebf
1.0,40.008,0.0,40.0,0.0,2.0,1.0,0.0,0.0,0.0,0.0,0.0,0.0,1.0,0.0,3.0,1.0,1.0,2.0,2.0,1.7512792320071435,1.251221532762785,3be25a73-5529-4e7c-92bb-83252fd71ca5
1.0,37.82724,14.0,40.0,0.0,2.0,1.0,0.0,0.0,0.0,0.0,0.0,0.0,0.0,0.0,1.0,1.0,1.0,-1.0,3.0,1.3996313067888677,0.12187654313306596,44f86539-c58c-49f6-a454-e0e09a428262
1.0,69.82843,114.0,5.899999999999999,0.0,1.0,1.0,0.0,0.0,0.0,0.0,1.0,0.0,0.0,0.0,0.0,0.0,-1.0,0.0,0.0,3.4403292598406487,0.07636285134285722,4e0df8c8-0ad4-43a4-aa99-826c11fc2f87
1.0,40.9695,0.0,40.0,0.0,2.0,1.0,0.0,0.0,0.0,0.0,0.0,0.0,1.0,0.0,-1.0,-1.0,1.0,-1.0,1.0,2.0722012198841067,0.7284028082592375,48a195ed-568a-487a-9fac-6799923ddffc
1.0,31.893887,14.799999999999997,29.799999999999997,0.0,1.0,1.0,0.0,0.0,1.0,0.0,0.0,0.0,0.0,0.0,0.0,1.0,0.0,0.0,-1.0,-0.12209422252453273,0.8049572717187095,bce5589b-0166-485b-92f2-9670069516b3
0.0,,,,,,,,,,,,,,,,,,,,,,48644015-08dd-4eb6-aae8-4bea6f1a30d5
1.0,76.11373,107.3,23.799999999999997,0.0,4.0,1.0,0.0,0.0,0.0,0.0,0.0,1.0,0.0,0.0,1.0,-2.0,-1.0,1.0,-1.0,10.783515893616048,0.5048403270720506,d0375c52-0d6e-4f76-b029-4f9d8782ec1a
1.0,47.264893,13.0,21.6,1.0,2.0,1.0,0.0,0.0,0.0,0.0,0.0,0.0,0.0,0.0,0.0,-1.0,-1.0,-1.0,-1.0,-6.7324730593582665,0.27113691593955574,c0da310a-1795-4840-a47c-d03c34d4b069
0.0,,,,,,,,,,,,,,,,,,,,,,389d6424-d20c-4f04-8729-493d5f857b0a
1.0,47.594326,0.0,39.900000000000006,0.0,2.0,1.0,0.0,0.0,0.0,1.0,0.0,0.0,1.0,0.0,-1.0,2.0,3.0,1.0,2.0,-0.19168521271800643,0.003541631605007993,7032e077-bc7d-4adf-a5d5-b6338fd4354b
1.0,39.590405,0.0,40.0,0.0,2.0,1.0,0.0,0.0,0.0,0.0,0.0,0.0,1.0,0.0,0.0,2.0,2.0,0.0,3.0,-1.1125053424367937,0.017919166624087858,786cbab4-104b-47ca-a4ea-02cb74c4b6cc
0.0,,,,,,,,,,,,,,,,,,,,,,416ea0e5-30eb-4f37-8dbb-92a73b34e3df
1.0,39.62941,115.9,24.700000000000003,0.0,2.0,1.0,0.0,0.0,0.0,0.0,0.0,0.0,0.0,1.0,2.0,-1.0,1.0,1.0,0.0,7.351645884565096,0.15966005991661208,f9ef8b29-96a7-422f-aca9-3c3ec6401b6b
1.0,55.58867,97.3,7.5,0.0,3.0,1.0,0.0,0.0,0.0,0.0,0.0,1.0,0.0,0.0,2.0,-1.0,2.0,0.0,1.0,3.9168737865639116,0.6037944905819307,5d269541-ef89-4702-8580-3950bbe72af2
1.0,27.723816,34.400000000000006,20.0,0.0,1.0,1.0,0.0,0.0,0.0,0.0,0.0,0.0,0.0,0.0,0.0,0.0,0.0,1.0,1.0,2.5541847745813557,0.17107263204158832,0a90a57a-0554-43b5-9cc7-804192b32aed
1.0,9.962429,62.6,37.2,0.0,2.0,1.0,0.0,0.0,0.0,0.0,0.0,0.0,0.0,1.0,2.0,0.0,0.0,1.0,-1.0,2.8447881159641546,0.2973174287822331,7cea6100-2b02-40f4-9410-a1ad5263150f
1.0,30.569265,22.400000000000006,33.099999999999994,0.0,1.0,1.0,0.0,0.0,1.0,0.0,0.0,0.0,0.0,0.0,0.0,2.0,4.0,2.0,1.0,-0.4226224911546641,0.2806886780711812,30e49030-9dd4-4db6-9fe4-7dae0036b391
0.0,,,,,,,,,,,,,,,,,,,,,,15e98114-a558-48a3-b53d-925a226d1aba
1.0,11.029053,92.0,19.700000000000003,0.0,1.0,1.0,0.0,0.0,0.0,0.0,0.0,0.0,0.0,1.0,2.0,-2.0,1.0,2.0,-1.0,11.055811524049666,0.9698771648618216,80c09aba-aa09-45ed-a2d6-026072e7c9f6
1.0,46.703854,6.2,1.7999999999999972,1.0,2.0,1.0,0.0,0.0,0.0,0.0,0.0,0.0,0.0,0.0,-2.0,-1.0,0.0,-1.0,1.0,-4.423261618045983,0.019996294237478025,af5f93de-a07b-4c14-a810-65f6b63eefb0
1.0,72.80069,114.4,0.7999999999999972,0.0,3.0,1.0,0.0,0.0,0.0,0.0,1.0,0.0,0.0,0.0,3.0,-3.0,2.0,0.0,1.0,7.791068638629169,1.6472930201784406,571fc473-b123-47c4-a6b4-5b2faba9d1a5
1.0,70.20456,6.0,2.1000000000000014,1.0,3.0,1.0,0.0,0.0,0.0,0.0,1.0,0.0,0.0,0.0,-3.0,3.0,0.0,-1.0,1.0,-7.0390514699365605,0.017880875225098992,1e9013c3-47d8-4b1e-a98e-56fb2d727173
1.0,23.605295,108.2,40.0,1.0,1.0,1.0,0.0,0.0,0.0,0.0,0.0,0.0,0.0,0.0,-2.0,1.0,-4.0,-3.0,0.0,-3.9452325906159107,0.037636697292605714,dd94020e-229b-463b-a4c1-7250eedc4e3a
1.0,62.30289,96.5,28.0,0.0,3.0,1.0,0.0,0.0,0.0,0.0,0.0,1.0,0.0,0.0,5.0,0.0,1.0,4.0,-1.0,6.093830047026541,0.3806250259535648,9b16988d-6bbf-4859-b836-27cafd7e7707
1.0,16.500303,79.7,24.700000000000003,0.0,1.0,0.0,1.0,0.0,0.0,0.0,0.0,0.0,0.0,0.0,1.0,-3.0,1.0,1.0,0.0,6.460603690115102,0.2884236315207224,e9073c8b-8024-4b89-91a8-f073e6e3ae59
0.0,,,,,,,,,,,,,,,,,,,,,,6a116c8d-4b3d-4b97-adfe-5328ce2d79c8
0.0,,,,,,,,,,,,,,,,,,,,,,bab7f3bf-3bdd-49bd-9e11-092316b04f54
1.0,61.803722,14.9,5.700000000000003,1.0,4.0,1.0,0.0,0.0,0.0,0.0,0.0,0.0,0.0,0.0,-1.0,-3.0,-1.0,-2.0,0.0,3.2241073370211177,0.2359430278857444,7316aafe-f45e-4c55-ab23-b235d4555038
1.0,24.10083,10.200000000000003,30.299999999999997,0.0,5.0,1.0,0.0,0.0,1.0,0.0,0.0,0.0,0.0,0.0,-1.0,1.0,3.0,0.0,3.0,-2.1648740954640386,1.0189298906759927,f3e63c1c-93f7-4cf5-9d03-6e667967827e
1.0,32.26918,116.6,11.799999999999997,0.0,4.0,1.0,0.0,0.0,0.0,0.0,0.0,0.0,0.0,0.0,1.0,0.0,-2.0,0.0,-2.0,4.022048727291395,0.006639203450706513,59c9b4ad-40ff-4539-bcb1-2ba151b58f76
1.0,10.427847,38.5,4.799999999999997,0.0,3.0,1.0,0.0,0.0,0.0,0.0,0.0,0.0,0.0,0.0,0.0,1.0,0.0,-1.0,1.0,1.4081062823799493,0.9573525139785114,f468a9b4-75c3-4216-bbdd-0107aa8fb931
1.0,28.991379,35.099999999999994,1.6000000000000014,0.0,2.0,1.0,0.0,0.0,0.0,0.0,0.0,0.0,0.0,0.0,0.0,2.0,1.0,0.0,1.0,1.8475754088984084,0.06371236771871272,d0bda493-4944-47f5-a1dc-023c46f6ac4c
1.0,51.13443,104.9,5.5,0.0,2.0,1.0,0.0,0.0,0.0,0.0,0.0,0.0,0.0,1.0,0.0,0.0,1.0,0.0,1.0,1.7785027658461576,1.3065635379241418,7e6be3f0-9fe1-445c-a283-dc3b2b9e86a2
1.0,28.622543,16.700000000000003,32.2,0.0,1.0,1.0,0.0,0.0,1.0,0.0,0.0,0.0,0.0,0.0,2.0,2.0,3.0,3.0,-1.0,-0.046608093471020635,0.42889660378401845,3321220e-fe8e-4cd3-b6d2-0df435bba0b1
1.0,70.178345,6.0,4.100000000000001,1.0,4.0,1.0,0.0,0.0,0.0,0.0,1.0,0.0,0.0,0.0,-1.0,3.0,0.0,-3.0,3.0,-9.577664400434545,0.5300402398876674,ae8162a0-2f1f-4215-abdf-7bc8430d0f87
1.0,27.806475,42.8,35.900000000000006,0.0,2.0,1.0,0.0,0.0,0.0,0.0,0.0,0.0,0.0,1.0,0.0,1.0,0.0,-1.0,1.0,-2.382111590082677,0.13867922744591865,84416ce2-06a5-4774-91af-56cccfe028c5
1.0,21.338463,51.2,40.0,0.0,1.0,1.0,0.0,0.0,0.0,0.0,0.0,0.0,0.0,0.0,3.0,-3.0,-1.0,1.0,-1.0,10.935293069849424,0.3176068291826466,87f3087e-2980-4904-ab64-379a43c2c660
1.0,2.7,55.2,4.600000000000001,0.0,2.0,1.0,0.0,0.0,0.0,0.0,0.0,0.0,0.0,0.0,-3.0,3.0,0.0,-1.0,2.0,-4.22244292088338,0.5918063095832196,d44d4b76-ff8a-488f-b102-a03b76f58188
1.0,34.14396,0.0,40.0,0.0,1.0,1.0,0.0,0.0,0.0,0.0,0.0,0.0,1.0,0.0,2.0,1.0,2.0,2.0,1.0,-3.5420571052300724,0.4784982834268996,c9b8931b-3fda-406d-9560-672cb28f7fff
1.0,47.480206,49.5,34.5,0.0,3.0,1.0,0.0,0.0,0.0,1.0,0.0,0.0,0.0,0.0,0.0,3.0,-1.0,-1.0,0.0,-0.03757767126032263,0.3721055065626959,d7649bc3-717c-4dac-a6ac-540f37f9ef49
1.0,58.02801,10.1,23.5,1.0,3.0,1.0,0.0,0.0,0.0,0.0,0.0,0.0,0.0,1.0,-1.0,-1.0,0.0,0.0,0.0,-6.147255785467806,0.3449852431273548,7fb1183e-3f08-44cd-a371-b7e7f4130351
1.0,67.87547,88.3,18.700000000000003,0.0,4.0,1.0,0.0,0.0,0.0,0.0,0.0,0.0,0.0,0.0,2.0,0.0,1.0,0.0,1.0,2.6594042962236752,0.749965580462428,4a6db59a-b849-4f08-972e-eeb484590faf
0.0,,,,,,,,,,,,,,,,,,,,,,3f65ed20-3771-44b3-afdc-ae9099584abe
1.0,34.739746,3.4,17.5,1.0,2.0,1.0,0.0,0.0,0.0,0.0,0.0,0.0,0.0,0.0,0.0,1.0,2.0,0.0,1.0,-3.0491411487510955,0.3938517647539827,880bda4c-29d5-4b95-a789-7ba3f9d357a3
1.0,61.52089,58.5,21.5,0.0,3.0,1.0,0.0,0.0,0.0,1.0,0.0,0.0,0.0,0.0,0.0,4.0,1.0,-1.0,2.0,1.4724314390412765,1.183944823563259,412e6a11-24ae-4e81-8498-5e31ecf4f14f
1.0,31.412895,15.099999999999994,30.900000000000006,0.0,4.0,1.0,0.0,0.0,1.0,0.0,0.0,0.0,0.0,0.0,0.0,1.0,0.0,0.0,3.0,2.9582194530471684,0.6423669683912386,25cfa59b-a30a-448e-9dfb-5e9d879e7e51
1.0,59.573315,103.7,14.799999999999997,0.0,3.0,1.0,0.0,0.0,0.0,0.0,0.0,0.0,0.0,0.0,1.0,-3.0,-2.0,-1.0,0.0,7.623979481754396,0.03520059820265075,7d10efab-cbb8-4ccc-b7cb-37ed10e33737
1.0,34.354767,21.5,34.7,0.0,1.0,1.0,0.0,0.0,1.0,0.0,0.0,1.0,0.0,0.0,3.0,1.0,4.0,2.0,2.0,1.0308597877541419,0.18713624183256994,92f595ac-46df-4302-bbe9-8557f680d21b
1.0,23.0,9.599999999999994,25.799999999999997,0.0,1.0,1.0,0.0,0.0,1.0,0.0,0.0,0.0,0.0,0.0,0.0,1.0,2.0,1.0,1.0,0.06570682393889271,0.5389731477546036,1f0e9fcd-07ea-4cab-8358-6aa117e3d5fd
1.0,25.83815,26.200000000000003,40.0,0.0,6.0,1.0,0.0,0.0,0.0,0.0,0.0,0.0,0.0,0.0,4.0,0.0,2.0,3.0,0.0,-1.2620983895922642,0.4984863788026949,a686033e-f76c-4244-831d-4056669db4d5
1.0,34.176014,27.799999999999997,21.299999999999997,0.0,2.0,1.0,0.0,0.0,0.0,0.0,0.0,0.0,0.0,0.0,0.0,3.0,2.0,0.0,2.0,-1.9908043401788271,0.7585754354594867,a9a434b3-3c30-4674-ab3d-5355e2c4fa96
1.0,24.531204,73.7,33.3,0.0,2.0,1.0,0.0,0.0,0.0,0.0,0.0,0.0,0.0,0.0,1.0,-3.0,0.0,1.0,0.0,5.22225325083048,0.7342272370152659,47e1cef4-008b-44a8-92b0-eb7ddcda6cfb
0.0,,,,,,,,,,,,,,,,,,,,,,ab1b1403-a21c-42c8-b5af-8ea10da0b1bd
1.0,8.998889,49.5,21.3,1.0,2.0,1.0,0.0,0.0,0.0,0.0,0.0,0.0,0.0,0.0,-2.0,3.0,0.0,-1.0,1.0,-9.553584495250458,0.18466739587531766,c3c97bc3-3c1b-46b5-99d3-805de137d6af
1.0,67.67038,6.0,7.5,1.0,4.0,1.0,0.0,0.0,0.0,0.0,1.0,0.0,0.0,0.0,-2.0,0.0,1.0,1.0,-1.0,-4.2972927169444795,0.39808502495479237,5306c103-f45e-4d53-9c4d-7dffc1d3160c
1.0,56.423843,105.1,1.0,0.0,5.0,1.0,0.0,0.0,0.0,0.0,0.0,0.0,0.0,0.0,3.0,-2.0,0.0,1.0,0.0,7.077580439158738,0.9392164321088465,1e6297d1-2695-4f39-b84f-28ac959871de
1.0,39.069298,53.3,29.599999999999994,0.0,2.0,1.0,0.0,0.0,0.0,0.0,0.0,1.0,0.0,0.0,1.0,1.0,2.0,1.0,1.0,7.880627990334333,0.5924851504185162,3db86c24-aace-45c5-a47a-2b2660431090
1.0,38.105774,0.0,40.0,0.0,2.0,1.0,0.0,0.0,0.0,0.0,0.0,0.0,1.0,0.0,0.0,1.0,2.0,3.0,0.0,-2.574398608020514,0.5609598805961633,3e063dce-978e-4d17-b750-dcd59c0b8dc4
1.0,33.359406,40.0,30.0,1.0,2.0,1.0,0.0,0.0,0.0,0.0,0.0,0.0,0.0,0.0,-1.0,0.0,0.0,-1.0,1.0,-5.906732722076923,0.7271687821061203,029f7c22-48fd-462c-aef4-6b13fd0e96cf
1.0,35.007713,21.900000000000006,32.0,0.0,1.0,1.0,0.0,0.0,1.0,0.0,0.0,0.0,0.0,0.0,-2.0,1.0,1.0,2.0,0.0,2.0953851557562064,0.3070092661313851,a2b2b5a4-b189-4658-9221-a7a89ecdd656
1.0,11.593533,21.900000000000006,11.600000000000001,0.0,1.0,1.0,0.0,0.0,0.0,0.0,0.0,0.0,0.0,0.0,2.0,0.0,0.0,1.0,-1.0,6.287436990985149,0.3487008012256553,cf998028-ab0c-457d-b30e-c634c80f815b
1.0,23.943684,15.0,14.5,1.0,2.0,1.0,0.0,0.0,0.0,0.0,0.0,0.0,0.0,0.0,0.0,0.0,1.0,1.0,0.0,-1.250491421292331,0.38135273733263425,59084c7f-8f6b-4f21-a9d5-3705becc09b1
1.0,25.153131,56.2,18.299999999999997,1.0,2.0,1.0,0.0,0.0,0.0,0.0,0.0,0.0,0.0,0.0,-1.0,1.0,0.0,0.0,1.0,-5.227445901461088,0.34478885654931757,4a8118c6-0000-49b4-b0f5-67efef1b9c84
1.0,61.06472,5.8,3.799999999999997,1.0,3.0,1.0,0.0,0.0,0.0,0.0,1.0,0.0,0.0,0.0,0.0,-1.0,0.0,0.0,0.0,-3.154824532842051,0.41870178829459603,5b78776a-1bce-4b58-8864-a1aebfa6b13f
1.0,22.077137,94.0,18.6,0.0,2.0,1.0,0.0,0.0,0.0,0.0,0.0,0.0,0.0,0.0,1.0,-4.0,-1.0,1.0,-1.0,10.507777502572752,0.15647835776804855,c36ec74a-ea2b-4cd6-ae7d-f7cbe226f5e7
1.0,28.798784,91.4,11.799999999999997,1.0,2.0,1.0,0.0,0.0,0.0,0.0,0.0,0.0,0.0,0.0,1.0,-3.0,-3.0,-1.0,-2.0,-5.02701541577105,0.49088527436909885,1722d372-5384-4d1a-a27d-82c78526481b
1.0,40.827076,0.0,40.0,0.0,1.0,1.0,0.0,0.0,0.0,0.0,0.0,0.0,1.0,0.0,-2.0,1.0,2.0,2.0,0.0,0.4732968312132788,0.14916584772003463,5f949a14-4594-4f7c-bb27-2a376aa0ab83
1.0,50.81663,108.8,28.599999999999994,0.0,4.0,1.0,0.0,0.0,0.0,0.0,0.0,0.0,0.0,1.0,2.0,0.0,2.0,2.0,0.0,1.3540962098140779,0.4315648610006142,35176991-15ae-4f6a-8406-e88d805d394d
1.0,44.925827,43.7,10.200000000000003,0.0,2.0,1.0,0.0,0.0,0.0,0.0,0.0,0.0,0.0,0.0,0.0,3.0,0.0,-1.0,1.0,6.385860327496129,0.2500967616267096,935223cc-0632-4931-9a50-40def29906ae
1.0,34.94939,61.6,37.8,0.0,3.0,1.0,0.0,0.0,0.0,0.0,0.0,0.0,0.0,0.0,0.0,2.0,0.0,-1.0,2.0,-0.21254318501589964,1.993693031128214,7286269f-31c3-4f43-be00-4a12d1884b34
1.0,46.245,0.0,39.900000000000006,0.0,2.0,1.0,0.0,0.0,0.0,1.0,0.0,0.0,1.0,0.0,-1.0,3.0,2.0,-1.0,4.0,0.6447736934564219,0.19953621292604698,15a7077b-c93a-47e4-bbfd-b7d407d1a728
1.0,46.870033,114.8,31.799999999999997,0.0,3.0,1.0,0.0,0.0,0.0,0.0,0.0,0.0,0.0,1.0,2.0,-3.0,0.0,2.0,-2.0,9.263274779387007,0.3018224308165007,e193bb54-361d-4e47-b937-7fbc520ed841
1.0,10.720541,65.2,4.100000000000001,1.0,2.0,1.0,0.0,0.0,0.0,0.0,0.0,0.0,0.0,0.0,-2.0,3.0,0.0,-1.0,1.0,-10.531091772524414,0.03317084432861976,2700de32-97cd-4889-9587-111b25c07a23
1.0,68.845406,111.0,16.9,0.0,3.0,1.0,0.0,0.0,0.0,0.0,0.0,1.0,0.0,0.0,3.0,-4.0,0.0,3.0,-2.0,9.265235102768772,0.4494138496417615,46dc7275-5ac4-43a2-84ae-86d34ad34994
1.0,70.86614,114.0,1.0,0.0,2.0,1.0,0.0,0.0,0.0,0.0,1.0,0.0,0.0,0.0,2.0,-1.0,0.0,1.0,0.0,6.986737395541642,0.14078739500683102,1c078545-e863-47aa-9221-52833725220c
1.0,50.94193,77.6,20.0,0.0,3.0,1.0,0.0,0.0,0.0,0.0,0.0,0.0,0.0,0.0,1.0,4.0,1.0,0.0,1.0,0.5885319186021238,0.7276882646461624,c29f71aa-66d6-44a7-a42c-c4d9d580496c
1.0,55.503872,95.0,33.0,0.0,3.0,1.0,0.0,0.0,0.0,0.0,0.0,1.0,0.0,0.0,1.0,-1.0,-1.0,0.0,-1.0,9.498280705052176,0.39747005720597006,5768068d-2f7e-4ec5-9008-f029b2bd1ecc
1.0,41.376926,107.1,3.6000000000000014,0.0,2.0,1.0,0.0,0.0,0.0,0.0,0.0,0.0,0.0,0.0,2.0,1.0,1.0,1.0,0.0,2.572298935065575,0.648594114674456,9c3fc6ec-446b-4c7f-8711-3af9b76ed4e6
1.0,63.200317,15.7,5.200000000000003,1.0,4.0,1.0,0.0,0.0,0.0,0.0,0.0,0.0,0.0,0.0,-1.0,3.0,-1.0,-1.0,0.0,-8.858649186680887,0.7072568411843152,8d888d2b-ed04-4e0b-b15f-981e0265f8d4
1.0,40.64702,71.1,24.0,0.0,2.0,1.0,0.0,0.0,0.0,0.0,0.0,1.0,0.0,0.0,2.0,-1.0,1.0,2.0,0.0,9.14971487149169,1.0098905740811188,eb39faf1-17a4-4c6b-a108-f45c475ca45d
1.0,22.987171,19.200000000000003,25.299999999999997,0.0,2.0,1.0,0.0,0.0,1.0,0.0,0.0,0.0,0.0,0.0,0.0,0.0,3.0,0.0,2.0,4.034724965934808,0.07273786174756192,e823ecae-7294-44b2-9042-b952150063e9
1.0,72.63229,38.0,25.299999999999997,1.0,3.0,1.0,0.0,0.0,0.0,1.0,0.0,1.0,0.0,0.0,0.0,-1.0,0.0,0.0,0.0,-6.4582922433994465,0.02767603427314702,1e76a4d9-4dd1-4d76-a538-3ff598a3fc57
1.0,13.416408,56.1,27.5,1.0,11.0,0.0,0.0,1.0,0.0,0.0,0.0,0.0,0.0,0.0,-2.0,1.0,-2.0,-2.0,0.0,-4.6456033331118824,1.8656040226199384,7ef61f30-f53f-4d16-b0ee-b10402b69039
0.0,,,,,,,,,,,,,,,,,,,,,,1bda5004-1ca4-426d-a5de-2546ee613171
1.0,58.44382,8.4,14.899999999999999,1.0,4.0,1.0,0.0,0.0,0.0,0.0,0.0,0.0,0.0,0.0,-1.0,4.0,-1.0,-2.0,1.0,-10.872161988391468,0.09752844362722503,93b972e4-2cb7-4946-b002-5053c487dee8
1.0,60.27545,6.0,5.799999999999997,1.0,4.0,1.0,0.0,0.0,0.0,0.0,1.0,0.0,0.0,0.0,-1.0,2.0,0.0,-1.0,1.0,-8.734768048007268,0.3429026129350139,75f4f0e3-8171-4088-a1cf-c211a951a16e
1.0,59.501343,104.3,8.899999999999999,0.0,3.0,1.0,0.0,0.0,0.0,0.0,0.0,0.0,0.0,0.0,4.0,-3.0,-1.0,0.0,0.0,13.784883097081595,0.6935938980519704,673e5264-8d6f-4e33-b410-65818655f6be
1.0,10.46948,65.8,30.0,0.0,2.0,1.0,0.0,0.0,0.0,0.0,0.0,0.0,0.0,0.0,3.0,-2.0,1.0,-1.0,1.0,4.900962659602157,0.5146955109446708,22e26042-04b1-43f6-9e78-952b133c71c5
1.0,64.5664,9.9,5.700000000000003,1.0,2.0,1.0,0.0,0.0,0.0,0.0,0.0,1.0,0.0,0.0,-1.0,2.0,0.0,-1.0,1.0,-7.103480190024227,0.6582724926083744,98ef9a46-fa3f-4690-8923-2853df051976
1.0,49.21179,44.7,20.299999999999997,1.0,3.0,1.0,0.0,0.0,0.0,0.0,0.0,0.0,0.0,0.0,-3.0,-1.0,-1.0,-1.0,0.0,-0.16190719224477945,0.7189545882282226,1e720b39-4b66-4635-ae6e-ac3e66ac4996
1.0,52.05862,15.9,1.7999999999999972,1.0,2.0,1.0,0.0,0.0,0.0,0.0,0.0,0.0,0.0,0.0,-1.0,0.0,0.0,-1.0,0.0,-3.645100421001784,0.038553915242809385,1d363bab-b41c-480f-9048-bae2c7e132c5
0.0,,,,,,,,,,,,,,,,,,,,,,d93335c9-a75c-4088-9d9f-d18357965b1b
1.0,28.880444,66.8,9.600000000000001,0.0,2.0,1.0,0.0,0.0,0.0,0.0,0.0,0.0,0.0,0.0,0.0,0.0,0.0,1.0,-2.0,5.3162038348789835,0.5013326892541518,4f1cddf8-2a2b-47de-b125-055d3fb2ade4
1.0,7.102816,56.0,21.6,0.0,1.0,1.0,0.0,0.0,0.0,0.0,0.0,0.0,0.0,0.0,1.0,-2.0,1.0,2.0,-1.0,4.7826612853203825,0.7151102486180633,5cdecf0e-3585-4497-b8c1-65bb21af921e
1.0,32.112614,8.099999999999994,29.700000000000003,0.0,1.0,1.0,0.0,0.0,1.0,0.0,0.0,0.0,0.0,0.0,0.0,2.0,3.0,-1.0,4.0,2.0545563864396463,0.803126575582926,0ef39a89-c1bc-4006-9c19-cb7d98040a47
1.0,56.008305,96.9,4.799999999999997,0.0,3.0,1.0,0.0,0.0,0.0,0.0,0.0,0.0,0.0,0.0,1.0,0.0,0.0,1.0,-1.0,4.494056024494651,1.1386662904258336,9aa25060-7865-4199-b00f-c78da6c96f66
1.0,31.401434,14.6,40.0,1.0,2.0,1.0,0.0,0.0,0.0,0.0,0.0,0.0,0.0,0.0,0.0,2.0,-1.0,0.0,-3.0,-3.796484727127309,1.6626284626508387,f36e56f2-2a49-4028-b9c7-465f574d20de
1.0,47.122074,102.6,5.100000000000001,0.0,5.0,1.0,0.0,0.0,0.0,0.0,0.0,0.0,0.0,0.0,2.0,-1.0,-1.0,0.0,0.0,4.247213704489058,0.014850505801833629,f5f127d4-c6bc-4bd6-a7c4-55eef3d5ff09
1.0,54.69232,77.9,0.7999999999999972,0.0,3.0,1.0,0.0,0.0,0.0,0.0,0.0,0.0,0.0,0.0,1.0,0.0,2.0,2.0,0.0,8.882299030517604,1.0117127004293847,590d5673-6760-4542-973a-b2b608d34535
1.0,66.32677,114.3,8.399999999999999,0.0,5.0,1.0,0.0,0.0,0.0,0.0,1.0,0.0,0.0,0.0,0.0,-2.0,0.0,0.0,0.0,4.460788062315704,0.4499475978603755,c42a7a18-b2f2-4e78-8cea-21935c5d2bd9
0.0,,,,,,,,,,,,,,,,,,,,,,b9b524f1-02dd-4377-9492-fca060ac2cd1
1.0,20.80024,85.8,28.799999999999997,0.0,2.0,1.0,0.0,0.0,0.0,0.0,0.0,0.0,0.0,0.0,-2.0,0.0,1.0,0.0,2.0,-1.7724043073820925,3.7332915910855062,8e4b5efb-eef8-48ff-8abd-5fc87ef63a65
1.0,31.621037,36.8,17.700000000000003,0.0,1.0,1.0,0.0,0.0,0.0,0.0,0.0,0.0,0.0,0.0,0.0,1.0,2.0,-1.0,3.0,1.7893734615359822,0.1291157836216356,cedda43c-c8b7-4aa1-aa2e-4e3a87b5e0d0
1.0,29.54539,12.299999999999997,40.0,0.0,2.0,1.0,0.0,0.0,0.0,0.0,0.0,0.0,0.0,0.0,0.0,-1.0,1.0,1.0,1.0,2.352756972465517,0.36954772712945505,02ea9109-8354-4134-a4cc-ac984df6852c
0.0,,,,,,,,,,,,,,,,,,,,,,7039ff4b-4e0e-4e3c-8419-c3af4ce71787
1.0,13.720787,94.8,0.29999999999999716,0.0,3.0,1.0,0.0,0.0,0.0,0.0,0.0,0.0,0.0,1.0,2.0,-3.0,0.0,0.0,-1.0,4.8744835621108304,0.6280946780482031,bb11c954-2c17-48f7-9f30-d90eae554bcf
1.0,54.775906,5.3,2.700000000000003,1.0,3.0,1.0,0.0,0.0,0.0,0.0,0.0,0.0,0.0,1.0,1.0,2.0,1.0,1.0,0.0,-2.86128179937627,0.2819444601745122,03f17a10-cf54-4d3d-955b-08842781c59e
1.0,25.23886,108.5,40.0,1.0,2.0,1.0,0.0,0.0,0.0,0.0,0.0,0.0,0.0,0.0,-2.0,2.0,-2.0,-3.0,1.0,-1.4732642835974707,0.3237927603367234,25a41ce5-0882-4100-a04d-164d42feaeae
1.0,11.894957,10.400000000000006,13.0,0.0,1.0,1.0,0.0,0.0,0.0,0.0,0.0,0.0,0.0,1.0,-1.0,0.0,1.0,0.0,3.0,1.8057282312172198,0.41836507487126984,1d99d5a5-cb82-4735-bf09-5b36ddf975e0
1.0,67.95771,113.7,1.6000000000000014,0.0,3.0,1.0,0.0,0.0,0.0,0.0,0.0,0.0,0.0,0.0,2.0,-3.0,1.0,1.0,0.0,8.549752036353734,0.22125168302054923,aff5c9ed-f60f-42c0-af01-c1f217d8e619
1.0,28.858622,35.3,20.4,0.0,7.0,1.0,0.0,0.0,0.0,0.0,0.0,0.0,0.0,0.0,0.0,2.0,2.0,0.0,1.0,1.650152670155208,0.34056701803305883,42616641-43e5-42ae-9b38-73914034bf54
1.0,30.332985,93.6,35.3,1.0,2.0,1.0,0.0,0.0,1.0,0.0,0.0,0.0,0.0,0.0,-2.0,-1.0,-2.0,-2.0,-1.0,2.817853301451318,0.2241878986483953,6f1301af-66dd-4475-8d6f-808db1304471
1.0,8.614523,6.200000000000003,18.700000000000003,0.0,3.0,1.0,0.0,0.0,0.0,0.0,0.0,0.0,0.0,1.0,3.0,-1.0,2.0,3.0,-1.0,1.7402136071600738,0.02574972517258133,b6c4a0f0-8f52-4f9f-bb25-5b517957bac7
1.0,26.600752,28.799999999999997,12.799999999999997,0.0,1.0,1.0,0.0,0.0,0.0,0.0,0.0,0.0,0.0,0.0,0.0,1.0,2.0,0.0,1.0,3.1395266240076953,0.7112148825536172,a5af5f35-c759-4517-bda3-8234be74cbdf
0.0,,,,,,,,,,,,,,,,,,,,,,1d94cd7e-e97d-4482-9826-a8c7d701d39f
1.0,43.33613,63.9,8.5,0.0,2.0,1.0,0.0,0.0,0.0,0.0,0.0,0.0,0.0,0.0,2.0,1.0,1.0,0.0,1.0,4.289077934081064,0.015510861476713336,d3dbdefc-6699-417a-9e6c-dbdb8f97c08e
1.0,36.596176,45.900000000000006,20.1,0.0,3.0,1.0,0.0,0.0,0.0,0.0,0.0,0.0,0.0,0.0,2.0,-1.0,3.0,1.0,2.0,3.4505432593283825,0.040997451649339524,598f33ea-cf9b-4303-8b9d-7529da3a1856
1.0,8.993887,37.900000000000006,5.899999999999999,0.0,2.0,1.0,0.0,0.0,0.0,0.0,0.0,0.0,0.0,0.0,2.0,-2.0,3.0,1.0,2.0,7.402475532949025,1.2337450817377666,f99df16b-dc76-42be-9690-2689c7937c4a
1.0,59.25749,15.3,2.799999999999997,1.0,3.0,1.0,0.0,0.0,0.0,0.0,0.0,0.0,0.0,0.0,0.0,-1.0,0.0,-1.0,1.0,-6.833685939694838,0.2491412827966042,8c2aa051-5ab8-43d2-a334-e27e1074dc98
1.0,24.480604,31.3,34.2,1.0,2.0,1.0,0.0,0.0,0.0,0.0,0.0,0.0,0.0,0.0,-1.0,-1.0,-1.0,0.0,-1.0,-1.2274406248027727,0.42625718277114844,23d70f48-45f3-42b4-8f4f-ffa0eb9b6732
1.0,40.557735,21.200000000000003,36.7,0.0,2.0,1.0,0.0,0.0,1.0,0.0,0.0,1.0,0.0,0.0,0.0,3.0,5.0,2.0,4.0,-2.0252233980905814,0.2841702889462965,d8f7a15c-532b-4666-9bee-88fd2b7f9584
1.0,40.557735,21.200000000000003,36.7,0.0,3.0,1.0,0.0,0.0,1.0,0.0,0.0,1.0,0.0,0.0,1.0,-1.0,3.0,3.0,1.0,2.1771082931053876,0.06643390823918931,408f6d02-9476-45b6-89fd-4cdebd7e5cf2
1.0,17.686718,61.7,17.799999999999997,0.0,3.0,1.0,0.0,0.0,0.0,0.0,0.0,0.0,0.0,0.0,0.0,-2.0,-1.0,1.0,0.0,3.1095170283838405,0.5451767838433524,0fb8a5d1-60a2-4d02-b450-9785f84bb6f8
1.0,18.420097,76.8,9.100000000000001,1.0,2.0,1.0,0.0,0.0,0.0,0.0,0.0,0.0,0.0,0.0,-2.0,-3.0,-1.0,0.0,-1.0,1.8024635355411975,0.11218908418270387,a648aa81-c6b4-4150-8d0a-d4f9d4edbc3f
1.0,31.967796,84.1,5.899999999999999,1.0,2.0,1.0,0.0,0.0,0.0,0.0,0.0,1.0,0.0,0.0,1.0,-4.0,-3.0,-1.0,-3.0,3.6184099957237876,0.008435656817856347,48df6fa1-7164-44b1-8d68-df046e21476c
1.0,12.509996,1.9000000000000057,9.299999999999997,0.0,2.0,1.0,0.0,0.0,0.0,0.0,0.0,0.0,0.0,0.0,0.0,4.0,1.0,0.0,1.0,-2.8186682773935887,0.5395709465499536,f43e0b47-85b6-4f13-9662-86c629bd624b
1.0,75.70535,6.0,1.7999999999999972,1.0,2.0,1.0,0.0,0.0,0.0,0.0,1.0,0.0,0.0,0.0,-1.0,-1.0,1.0,-1.0,1.0,-2.184123136571573,0.05700633750334427,baff0f3a-2b7e-4853-91c1-6619a0d758ef
1.0,44.348732,27.0,1.1000000000000014,1.0,2.0,1.0,0.0,0.0,0.0,0.0,0.0,0.0,0.0,0.0,1.0,2.0,0.0,0.0,0.0,-3.4975544039530977,1.978469129129859,ef1e3e72-a218-4bc4-a0ba-0cdef0d0def3
1.0,13.44061,15.6,12.5,1.0,2.0,1.0,0.0,0.0,0.0,0.0,0.0,0.0,0.0,0.0,-1.0,2.0,0.0,-1.0,1.0,-5.270027226002591,0.919446180653901,496ca10b-0974-4a9b-9757-f67f6b5da589
1.0,79.71813,4.1,4.600000000000001,1.0,4.0,1.0,0.0,0.0,0.0,0.0,1.0,0.0,0.0,0.0,0.0,-1.0,-1.0,-1.0,-1.0,-3.9417731924626906,1.0323537187885656,e823f939-ee43-4ca9-a1e9-3faddcc453f5
1.0,53.61539,113.9,36.099999999999994,0.0,3.0,1.0,0.0,0.0,0.0,0.0,0.0,0.0,0.0,0.0,1.0,1.0,2.0,1.0,0.0,-0.42371413682320025,0.43942844686954274,eeb8cba4-4917-478b-9c03-1ca7e782d252
1.0,30.389801,17.200000000000003,25.700000000000003,0.0,4.0,1.0,0.0,0.0,1.0,0.0,0.0,0.0,0.0,0.0,3.0,0.0,3.0,3.0,1.0,0.7607691531511849,0.47760966963800205,7eacd1b2-35cb-469c-8756-ab28bc7467a0
1.0,21.317833,60.7,29.200000000000003,1.0,3.0,1.0,0.0,0.0,0.0,0.0,0.0,0.0,0.0,0.0,0.0,0.0,2.0,2.0,-1.0,5.788574913357175,0.5600666040339857,c5f38b37-c926-4cc4-b9cd-aa55ff68c006
1.0,57.6092,34.1,1.2000000000000028,1.0,4.0,1.0,0.0,0.0,0.0,0.0,0.0,0.0,0.0,0.0,-4.0,5.0,0.0,-3.0,4.0,-14.00593913668688,0.09619915820236848,c4a27b4c-050c-4bb0-ab22-dfb672864c84
1.0,43.20185,110.2,28.5,1.0,2.0,1.0,0.0,0.0,1.0,1.0,0.0,0.0,0.0,0.0,1.0,-3.0,-2.0,1.0,-3.0,1.286434723081232,0.22364220063828286,cb02a4f5-2f6c-4eed-82e8-a33ad0ea6268
1.0,9.276314,58.2,21.9,1.0,1.0,1.0,0.0,0.0,0.0,0.0,0.0,0.0,0.0,0.0,-2.0,1.0,-1.0,-2.0,0.0,-3.204102805418959,0.7161372842598169,ee44a083-cbc4-4826-a627-35ad96d9859a
0.0,,,,,,,,,,,,,,,,,,,,,,7e9f93d3-d0ae-476e-93b5-e2158ad6d487
1.0,68.0909,7.0,7.399999999999999,1.0,4.0,1.0,0.0,0.0,0.0,0.0,1.0,0.0,0.0,0.0,-1.0,3.0,-1.0,-1.0,1.0,-7.495264223300226,0.9365451952484422,030fd2a5-e0b4-4abe-b80e-f6075b41d795
1.0,61.308727,91.1,3.700000000000003,0.0,4.0,1.0,0.0,0.0,0.0,0.0,0.0,0.0,0.0,0.0,1.0,-1.0,0.0,1.0,-1.0,5.872226252648943,0.4395010586240243,3facb3ec-3321-4d41-9fce-5bed831bfdaf
1.0,28.860006,3.4000000000000057,20.299999999999997,0.0,2.0,1.0,0.0,0.0,1.0,0.0,0.0,0.0,0.0,1.0,0.0,4.0,6.0,0.0,5.0,-1.8070630770556733,0.5749040456038292,8881200c-72c0-4c55-9902-79d5c4433b11
1.0,27.247019,11.200000000000003,32.7,0.0,1.0,1.0,0.0,0.0,1.0,0.0,0.0,0.0,0.0,0.0,2.0,1.0,1.0,1.0,0.0,4.184199195418482,0.43655222993168147,61f3192d-4a3c-46af-a649-1d936b06cde0
1.0,51.212986,108.6,17.299999999999997,0.0,3.0,1.0,0.0,0.0,0.0,0.0,0.0,0.0,0.0,1.0,2.0,0.0,1.0,2.0,-2.0,2.8101989428205485,0.1543300614504127,a455e45f-9275-4fc6-8de8-6ba46cc96195
1.0,49.57459,30.6,13.600000000000001,1.0,3.0,1.0,0.0,0.0,0.0,0.0,0.0,0.0,0.0,1.0,0.0,1.0,0.0,0.0,0.0,-3.6430140508355855,0.22259196954679628,a76eb650-557b-4962-a4be-9cd3c8062c22
1.0,64.18793,104.1,10.5,0.0,4.0,1.0,0.0,0.0,0.0,0.0,0.0,0.0,0.0,0.0,0.0,0.0,1.0,0.0,1.0,3.8441268337831467,2.19407515891545,bb8d2725-0682-44aa-84a7-eeebcac2f3ef
1.0,75.1996,105.5,3.1000000000000014,0.0,3.0,1.0,0.0,0.0,0.0,0.0,0.0,1.0,0.0,0.0,2.0,1.0,1.0,1.0,2.0,5.194243609845113,0.3250717105714561,6b1caa0e-ad37-4c50-8005-ebb49a17fe5c
1.0,44.704475,114.0,18.200000000000003,0.0,2.0,1.0,0.0,0.0,0.0,0.0,0.0,0.0,0.0,1.0,1.0,-1.0,-1.0,0.0,0.0,5.173439229948115,0.0985301651472765,5c9de7ea-e3ca-41a4-8971-7abd129f3a0b
1.0,23.23123,50.1,40.0,1.0,2.0,1.0,0.0,0.0,0.0,0.0,0.0,0.0,0.0,0.0,-2.0,1.0,0.0,0.0,1.0,-3.7760393932090617,0.10994944642552705,8cfcdf07-6106-495f-aec9-c6f1ac03defc
0.0,,,,,,,,,,,,,,,,,,,,,,b4b18f1d-d615-4890-99f4-c8569604bc62
1.0,26.923595,33.7,7.100000000000001,0.0,2.0,1.0,0.0,0.0,0.0,0.0,0.0,0.0,0.0,0.0,1.0,4.0,-1.0,0.0,0.0,1.4189393598245648,0.9899716146494691,63232790-89f3-426b-97a4-1083a6b8f277
1.0,35.663425,0.0,40.0,0.0,2.0,1.0,0.0,0.0,0.0,0.0,0.0,0.0,1.0,0.0,2.0,-2.0,2.0,4.0,0.0,0.7014928206451136,0.31309315861431786,2d83dc4e-2d7e-4b7f-a66c-e9f446cf0199
1.0,71.14949,6.0,8.600000000000001,1.0,4.0,1.0,0.0,0.0,0.0,0.0,1.0,0.0,0.0,0.0,-1.0,2.0,1.0,0.0,1.0,-4.165702712781538,0.5802049403450199,852276ad-595a-47cf-9c76-67a7c3870991
0.0,,,,,,,,,,,,,,,,,,,,,,bef4dc4b-484f-42ca-ada4-4b033a1e75fd
1.0,40.261272,0.0,40.0,0.0,2.0,1.0,0.0,0.0,0.0,0.0,0.0,0.0,1.0,0.0,1.0,2.0,0.0,-1.0,4.0,-0.9922146468294093,0.3326212773595351,86e460f4-76ce-47c1-9f2c-b78283ca5f16
1.0,42.385845,24.700000000000003,34.900000000000006,0.0,4.0,1.0,0.0,0.0,1.0,0.0,0.0,1.0,0.0,0.0,0.0,0.0,1.0,1.0,-1.0,4.113796462165437,0.13643316709283332,62b44fff-83f2-41a2-b215-d8d9d5a66cd5
1.0,50.447994,0.0,40.0,0.0,2.0,1.0,0.0,0.0,0.0,1.0,0.0,0.0,1.0,0.0,0.0,4.0,2.0,0.0,3.0,-0.9615790064973044,1.443279606023527,020527a2-efe0-4121-b82b-b95a814616dc
0.0,,,,,,,,,,,,,,,,,,,,,,d8b081f2-6d72-40fc-b5d9-0ef4196764ad
1.0,58.315777,111.6,2.1000000000000014,0.0,3.0,1.0,0.0,0.0,0.0,0.0,0.0,0.0,0.0,0.0,0.0,0.0,0.0,0.0,0.0,5.494599807631289,0.4501082246152327,07a4ae90-f8cc-4fa5-a154-853ae6ce46f2
1.0,11.903781,91.7,28.3,1.0,1.0,1.0,0.0,0.0,0.0,0.0,0.0,0.0,0.0,1.0,-2.0,-1.0,-1.0,1.0,-1.0,-3.1579000966163826,0.5166622110087687,c6e8695b-134c-4193-a66c-b180ece4bb55
1.0,71.26991,113.0,2.700000000000003,0.0,2.0,1.0,0.0,0.0,0.0,0.0,1.0,0.0,0.0,0.0,2.0,1.0,1.0,1.0,-1.0,0.9507814455229591,0.28142893681647424,0ab88e90-f765-426d-bf4c-b7a21f569597
1.0,30.28531,49.900000000000006,2.6000000000000014,0.0,2.0,1.0,0.0,0.0,0.0,0.0,0.0,0.0,0.0,0.0,0.0,2.0,3.0,1.0,2.0,1.6844304219422632,0.39140798256614306,71decc13-a4ae-4a3e-a92c-514487b5a7cb
1.0,43.990566,68.0,10.600000000000001,0.0,3.0,1.0,0.0,0.0,0.0,0.0,0.0,0.0,0.0,0.0,1.0,0.0,-1.0,-1.0,1.0,5.943335706312099,1.6497287254296813,b81de908-4a35-4f85-a776-2f28cc4550cb
1.0,66.581154,112.4,9.399999999999999,0.0,4.0,1.0,0.0,0.0,0.0,0.0,0.0,0.0,0.0,0.0,0.0,1.0,0.0,1.0,0.0,-0.1208463061703462,0.2730499927073358,a881898e-6334-40a9-97c3-81eaae624c09
1.0,31.093409,102.9,39.900000000000006,0.0,2.0,1.0,0.0,0.0,0.0,0.0,0.0,0.0,0.0,0.0,0.0,-1.0,1.0,0.0,1.0,4.06133300150141,0.09759903217095836,e2627570-af7c-4f19-978d-030256fcdb6e
1.0,70.61346,5.8,2.799999999999997,1.0,3.0,1.0,0.0,0.0,0.0,0.0,1.0,0.0,0.0,0.0,-2.0,3.0,1.0,1.0,0.0,-5.897304761143303,0.555376866613372,c2c38da0-de11-4031-b03f-0d8f08014946
1.0,67.56345,113.0,3.5,0.0,4.0,1.0,0.0,0.0,0.0,0.0,1.0,0.0,0.0,0.0,1.0,-2.0,2.0,0.0,0.0,8.349011581476056,0.23150310042294972,398047ac-8a8e-486e-8193-715040e0f233
1.0,59.21123,90.5,14.600000000000001,0.0,3.0,1.0,0.0,0.0,0.0,0.0,0.0,0.0,0.0,0.0,2.0,-4.0,1.0,0.0,1.0,5.57954617959552,1.2114905759805727,79586a5f-2bcb-4e92-8810-20269807339f
1.0,50.54434,101.9,35.7,1.0,3.0,1.0,0.0,0.0,1.0,1.0,0.0,0.0,0.0,0.0,0.0,-1.0,-1.0,-1.0,0.0,-4.643051764222628,0.24675546668916287,3b688676-04a8-4b8a-a2cd-7e75e53e28ed
1.0,52.798676,110.8,32.5,0.0,3.0,1.0,0.0,0.0,0.0,0.0,0.0,0.0,0.0,0.0,0.0,0.0,1.0,1.0,-1.0,3.3323791223481174,1.5016412141507025,303f41e3-3754-436c-af0c-48eb82e116d4
1.0,35.506054,28.599999999999994,28.5,0.0,3.0,1.0,0.0,0.0,1.0,0.0,0.0,0.0,0.0,0.0,-1.0,2.0,1.0,0.0,2.0,-3.272836241531121,1.87419855771881,96139fb2-efda-4bfe-bfb5-83ad1a3eb509
1.0,35.072067,11.8,40.0,1.0,3.0,1.0,0.0,0.0,0.0,0.0,0.0,0.0,0.0,0.0,-1.0,2.0,0.0,-2.0,1.0,-4.213613728289742,0.3637646979832367,38403df3-75a7-490a-bc98-bd1b20a74fd4
1.0,71.437035,99.9,32.5,0.0,4.0,1.0,0.0,0.0,0.0,0.0,0.0,1.0,0.0,0.0,0.0,0.0,2.0,1.0,0.0,3.0143571876650848,0.663102028476282,d4906489-3b0b-4cdd-9f4a-3be0ee122b9f
1.0,11.6068945,87.9,10.200000000000003,0.0,2.0,1.0,0.0,0.0,0.0,0.0,0.0,0.0,0.0,1.0,0.0,-1.0,1.0,0.0,0.0,2.319490658861744,0.2564535444360015,fe2e280e-921c-402b-bc6b-bc6f65c8fd79
1.0,15.246311,83.3,7.5,0.0,2.0,1.0,0.0,0.0,0.0,0.0,0.0,0.0,0.0,0.0,0.0,-3.0,1.0,0.0,0.0,2.817060771200003,0.13610712286152593,ffc8e1cb-8af2-4377-92c3-300ab0b603c2
1.0,15.057224,86.5,5.700000000000003,0.0,2.0,1.0,0.0,0.0,0.0,0.0,0.0,0.0,0.0,0.0,0.0,-3.0,-2.0,0.0,-2.0,3.7451926014627936,0.01598263022221508,c03b1e1b-9203-4afa-b026-f8bee12947e8
1.0,14.903691,65.2,37.8,1.0,2.0,1.0,0.0,0.0,0.0,0.0,0.0,0.0,0.0,0.0,-1.0,0.0,-1.0,1.0,-1.0,-5.395086493555356,0.5790574138283385,ee293a76-bfe1-40bc-8fbc-08c1c4fd3766
1.0,32.250427,28.900000000000006,22.700000000000003,0.0,2.0,1.0,0.0,0.0,1.0,0.0,0.0,1.0,0.0,0.0,-1.0,2.0,2.0,1.0,2.0,-3.9401070599962926,0.3640089122941686,60317334-c45e-488b-91cc-bb32de938350
1.0,46.989574,109.3,6.200000000000003,0.0,2.0,1.0,0.0,0.0,0.0,0.0,0.0,0.0,0.0,0.0,1.0,-2.0,1.0,2.0,-1.0,5.042605104703508,0.411202911787651,087dfdad-4e76-41dc-b63b-55d34a9c3554
0.0,,,,,,,,,,,,,,,,,,,,,,bb717e83-0a26-4ffe-a390-f2e7eb01af09
1.0,36.84807,3.799999999999997,29.700000000000003,0.0,2.0,1.0,0.0,0.0,1.0,0.0,0.0,0.0,0.0,0.0,1.0,5.0,1.0,0.0,3.0,4.4711181179786035,0.2335723964209142,e72ce8fe-0754-4ea1-9990-2fb5fe55e227
1.0,42.8118,35.1,0.20000000000000284,1.0,2.0,1.0,0.0,0.0,0.0,0.0,0.0,0.0,0.0,0.0,-2.0,2.0,0.0,1.0,-1.0,-7.078605212675411,2.1475394629591813,eb9dc193-69a1-4bc8-8237-0cb1d1884251
1.0,53.496635,62.5,4.0,0.0,3.0,1.0,0.0,0.0,0.0,0.0,0.0,1.0,0.0,0.0,0.0,-1.0,0.0,1.0,0.0,2.555949735793704,1.6803827225895471,7d8c980a-3feb-4980-8623-3c1a99105ee0
