match_id,winner_event_id,winner_event_type,target,p_prior,p_location_only,p_setup_geometry,p_setup_plus_incoming,p_plus_contact_type,p_plus_outgoing_touch,p_plus_landing_zone
3764440,aa436187-a199-4a19-8fa8-44836e64e36e,Pass,0,0.21288515406162464,0.05571410432457924,0.11184900999069214,0.08918333053588867,0.0632885992527008,0.02981799654662609,0.018113141879439354
3764440,4a40f0ca-9d7c-4659-9f8a-3a16751ef3a0,Clearance,0,0.21288515406162464,0.2908482551574707,0.46246442198753357,0.3348159193992615,0.345607191324234,0.29454275965690613,0.28920847177505493
3764440,c6778011-e687-4076-ba0e-10ba2cf82c24,Clearance,0,0.21288515406162464,0.13687294721603394,0.0980173796415329,0.12299327552318573,0.23931707441806793,0.29277634620666504,0.24601790308952332
3764440,616f5ce8-67c3-48c1-bff6-eda55d4b09ce,Pass,0,0.21288515406162464,0.1764133870601654,0.13475941121578217,0.08691202104091644,0.09982596337795258,0.09918755292892456,0.0718034878373146
3764661,940138f9-c95e-40a8-901a-e3e8f3649aff,Pass,0,0.2135877152163797,0.10225602239370346,0.09937667101621628,0.07443850487470627,0.09564243257045746,0.04461876302957535,0.07966535538434982
3764661,cb65248c-2cb2-44ab-9bde-f7de1de71e93,Pass,0,0.2135877152163797,0.16042745113372803,0.05482630059123039,0.09455597400665283,0.053722430020570755,0.06008601933717728,0.09917984157800674
3764661,dd9f533c-4405-4163-aec3-81c426b9c645,Clearance,0,0.2135877152163797,0.3594138026237488,0.349272757768631,0.3839092254638672,0.31955209374427795,0.33270809054374695,0.3031176030635834
3764661,e0e3b6d0-7e59-4709-92aa-d77359446d17,Pass,0,0.2135877152163797,0.13735899329185486,0.2845262885093689,0.34035441279411316,0.10420764982700348,0.11245221644639969,0.10634300112724304
3764661,c4626dae-5af1-4c46-9279-46045bb439ec,Pass,0,0.2135877152163797,0.17887163162231445,0.12692484259605408,0.14037585258483887,0.13967230916023254,0.1159546971321106,0.1594078093767166
3764661,2d69069f-d976-4b84-8f96-245bcd5c41e0,Pass,0,0.2135877152163797,0.23958995938301086,0.18970346450805664,0.15390148758888245,0.2493109107017517,0.15201450884342194,0.08026192337274551
3764661,bc9bebd8-24c5-4856-9811-09d3fac8d07f,Clearance,0,0.2135877152163797,0.3205133378505707,0.21229521930217743,0.12125111371278763,0.3416263163089752,0.3067762553691864,0.24759361147880554
3764661,94c81e29-9380-4c31-860e-e41d08e5b09a,Clearance,0,0.2135877152163797,0.19484522938728333,0.1757536232471466,0.1540280133485794,0.2667290270328522,0.2370799332857132,0.28505632281303406
3773369,3f22ad23-8849-4cdc-bf2c-a3198786d8d8,Pass,0,0.21302325581395348,0.16864316165447235,0.05164451152086258,0.052776750177145004,0.03507399559020996,0.018950078636407852,0.04799145832657814
3773369,0ede2a5a-14ca-4fad-975f-631ec61e3db8,Pass,0,0.21302325581395348,0.06099294126033783,0.05347329005599022,0.07449041306972504,0.062388040125370026,0.0441838763654232,0.014405052177608013
3773369,688d5b2e-3000-472f-bf79-8cfe5505b0ae,Pass,0,0.21302325581395348,0.14667214453220367,0.1798338145017624,0.2343672811985016,0.10790013521909714,0.05905129760503769,0.039304330945014954
3773369,fc80d7b4-a1f9-4457-bdb9-3d9b28644eec,Pass,0,0.21302325581395348,0.13412632048130035,0.03202623128890991,0.044056154787540436,0.05927019193768501,0.10991741716861725,0.06206868961453438
3773369,a1b87f23-832f-4597-8c5a-057da606e967,Clearance,1,0.21302325581395348,0.3100511133670807,0.27739205956459045,0.2836380898952484,0.4110598564147949,0.5512844920158386,0.46561798453330994
3773372,c0694b7c-b58e-43f9-941e-af8a41b0cc67,Clearance,1,0.21378667908709828,0.4503301680088043,0.5721932053565979,0.47639450430870056,0.5502321124076843,0.5349944233894348,0.4467869997024536
3773372,4d8b90ec-6ea2-4c47-a593-9f42741c60b6,Clearance,0,0.21378667908709828,0.29868215322494507,0.20799243450164795,0.2593749761581421,0.2562728822231293,0.24514050781726837,0.2615976333618164
3773372,8ae292f0-8e58-42bd-9fa4-37a4b2cd210a,Pass,1,0.21378667908709828,0.15045306086540222,0.1078977957367897,0.09957069158554077,0.1452237069606781,0.16755013167858124,0.2080976516008377
3773372,f491764d-dba5-4b9e-a9a1-aaa3879cd38f,Clearance,1,0.21378667908709828,0.211349219083786,0.31880804896354675,0.20779167115688324,0.30277323722839355,0.37426045536994934,0.4127236306667328
3773372,45f81e0d-75d0-4ee0-9a4c-caa747e131cb,Pass,1,0.21378667908709828,0.2365940809249878,0.18112322688102722,0.19552968442440033,0.0986737385392189,0.1458439826965332,0.09132955223321915
3773372,38c1eec1-b1fc-4d08-a3f0-21344db43e43,Pass,0,0.21378667908709828,0.2822597324848175,0.2987879812717438,0.17635478079319,0.1836114525794983,0.2509966492652893,0.1274057924747467
3773372,261334c4-7479-4c38-be61-36d30c2a4ef4,Pass,0,0.21378667908709828,0.3087446987628937,0.15124325454235077,0.16954673826694489,0.08546875417232513,0.051138028502464294,0.07218874990940094
3773377,3571f1b0-7354-45cd-bd6a-fe343a62b1d3,Clearance,0,0.21378667908709828,0.3652820289134979,0.1778341680765152,0.2274213582277298,0.16491729021072388,0.203325092792511,0.25417637825012207
3773377,80bdeaae-517f-44e0-969f-99291ad0c8bc,Pass,0,0.21378667908709828,0.2358102947473526,0.2397228479385376,0.2864276170730591,0.08627142012119293,0.04169222712516785,0.05479254573583603
3773377,9d9c0a9e-4ba9-4ba7-a441-014178340991,Pass,0,0.21378667908709828,0.1712440848350525,0.11501392722129822,0.09240008145570755,0.09770167618989944,0.17633628845214844,0.21561308205127716
3773377,4ce2ff6f-7168-4526-9561-0192877ff410,Clearance,1,0.21378667908709828,0.21462124586105347,0.1546846479177475,0.19315069913864136,0.3523053824901581,0.4769689738750458,0.4478181302547455
3773377,71fdcceb-f8fc-481b-b109-d192e8de1124,Pass,0,0.21378667908709828,0.09451521933078766,0.1385307013988495,0.10611292719841003,0.15060286223888397,0.07954594492912292,0.08179027587175369
3773386,775e98af-274b-4c51-a1d4-e8b556abcb93,Pass,0,0.21288515406162464,0.17306768894195557,0.10806776583194733,0.12773221731185913,0.07915849983692169,0.04884294793009758,0.04230087250471115
3773386,56d60039-44f0-46d5-b588-6ab913980867,Pass,0,0.21288515406162464,0.1487409919500351,0.38056817650794983,0.3779144585132599,0.2653224766254425,0.06757072359323502,0.09101363271474838
3773386,c60e395a-a13f-4ece-b384-ffe686118665,Clearance,0,0.21288515406162464,0.17030009627342224,0.3132442235946655,0.4684056341648102,0.5278764367103577,0.5375269651412964,0.5289852619171143
3773386,4499fee0-2db7-4699-9576-9999d0e92627,Clearance,0,0.21288515406162464,0.314243882894516,0.07741808146238327,0.08970527350902557,0.12109943479299545,0.12800033390522003,0.09766904264688492
3773386,ddb5c2bf-12c6-4778-85d2-f6bf366cc1b8,Pass,0,0.21288515406162464,0.055743537843227386,0.108708456158638,0.09118301421403885,0.08739441633224487,0.034496888518333435,0.10595884919166565
3773386,b5ab6aaa-b599-47d8-9b95-25c14d1c2340,Pass,0,0.21288515406162464,0.2211819887161255,0.16780604422092438,0.29681500792503357,0.0825500637292862,0.18402770161628723,0.1906001716852188
3773386,e1364409-6232-4ff2-aacc-62f8aa04b4bc,Pass,0,0.21288515406162464,0.1492495983839035,0.19419355690479279,0.25974041223526,0.1590380221605301,0.064859539270401,0.12955762445926666
3773386,8d0021ab-96e1-4e73-9437-386f1048595e,Pass,0,0.21288515406162464,0.1157527044415474,0.05874699354171753,0.1104239746928215,0.0994315892457962,0.13814665377140045,0.09636558592319489
3773386,f0a910c0-6cbf-4add-b26b-a32e5ac8844f,Pass,0,0.21288515406162464,0.12436800450086594,0.13653503358364105,0.1577092856168747,0.11678781360387802,0.0827493742108345,0.10909298062324524
3773387,9ace9e2e-5cb7-4b63-96d3-581186711fca,Clearance,0,0.2126865671641791,0.44724610447883606,0.16071531176567078,0.18981212377548218,0.14655128121376038,0.17604611814022064,0.14445500075817108
3773387,a0fcee32-76ef-4bab-805a-70e286e16ca7,Pass,0,0.2126865671641791,0.09565093368291855,0.15730489790439606,0.1279967725276947,0.09080638736486435,0.08782373368740082,0.17419575154781342
3773387,e8fb9793-90bf-4ea9-a740-c2898ba4e29b,Pass,0,0.2126865671641791,0.1838551163673401,0.12886467576026917,0.28508955240249634,0.15320442616939545,0.13983003795146942,0.10705320537090302
3773387,ef020f7b-7753-4878-a1b9-f5c92c80c9f3,Clearance,0,0.2126865671641791,0.1989390254020691,0.29939886927604675,0.42342525720596313,0.3995131254196167,0.340303510427475,0.28657376766204834
3773387,77d4b509-4206-4036-9c19-727b563a2719,Pass,0,0.2126865671641791,0.05436982959508896,0.0625327080488205,0.07963566482067108,0.05795224756002426,0.06288396567106247,0.037353187799453735
3773387,21ecf069-6f01-4d10-9ce5-7a9782da8151,Clearance,0,0.2126865671641791,0.2622857391834259,0.22072723507881165,0.2669298052787781,0.27767032384872437,0.31790095567703247,0.40612512826919556
3773403,f1df8e1a-334e-4d22-a057-7b481b493ad2,Clearance,1,0.21288515406162464,0.28427854180336,0.2123936116695404,0.22161705791950226,0.25797587633132935,0.2102704793214798,0.23562145233154297
3773403,7ae8e519-4800-40f0-b7c3-245767fdde54,Clearance,0,0.21288515406162464,0.323186993598938,0.24327069520950317,0.3293130695819855,0.3839583992958069,0.31798383593559265,0.3344559669494629
3773403,0649ad23-37f8-4461-8f8b-aa4733ed4864,Pass,0,0.21288515406162464,0.19412288069725037,0.11665597558021545,0.09434196352958679,0.0916251540184021,0.15357030928134918,0.20585300028324127
3773403,70aca46d-0bd0-40e5-b6ea-fe2336cd9750,Pass,0,0.21288515406162464,0.21091151237487793,0.19576525688171387,0.13023680448532104,0.08698023855686188,0.08435654640197754,0.04710797220468521
3773403,f29a38e2-625d-4aa5-a22d-fac08fb2427e,Clearance,0,0.21288515406162464,0.20372578501701355,0.2326505482196808,0.13724440336227417,0.21676303446292877,0.2138173133134842,0.2228957563638687
3773403,ccdbd3d2-7994-4805-8db2-c68c23cca1da,Clearance,0,0.21288515406162464,0.28194093704223633,0.3589112162590027,0.35011160373687744,0.34797775745391846,0.3303731381893158,0.37626004219055176
3773403,98417e3c-ad89-40cb-a447-09425951698f,Clearance,0,0.21288515406162464,0.27911537885665894,0.2516983151435852,0.23242726922035217,0.2583063244819641,0.32846587896347046,0.32025155425071716
3773415,b3bc3b0c-0bc2-42ec-b654-ed46e252c18b,Clearance,0,0.21288515406162464,0.18395760655403137,0.21737542748451233,0.28923991322517395,0.18382802605628967,0.22095398604869843,0.2591581642627716
3773415,aff0df7d-c4a4-4013-aa89-e510e2b9c1a3,Pass,0,0.21288515406162464,0.20831869542598724,0.23403146862983704,0.18048246204853058,0.1417633295059204,0.13415925204753876,0.13922181725502014
3773415,bbb19143-b100-487d-979b-36f66e5cdff3,Clearance,0,0.21288515406162464,0.23585288226604462,0.15990814566612244,0.16333068907260895,0.19370238482952118,0.1780422329902649,0.18439781665802002
3773415,908f2137-a79d-4fd7-9f29-a3ef2d6119b4,Pass,0,0.21288515406162464,0.10445307195186615,0.07964174449443817,0.08953604102134705,0.08786946535110474,0.11774756759405136,0.19057226181030273
3773415,d4a220ce-abcc-4566-b57c-2c94704be0b1,Pass,0,0.21288515406162464,0.2633780837059021,0.17659537494182587,0.185191810131073,0.0865434780716896,0.051605530083179474,0.05782916024327278
3773415,16dd3a50-6c75-448e-8afb-e32f49082ee6,Clearance,1,0.21288515406162464,0.23750677704811096,0.2890414893627167,0.3282678425312042,0.4483032822608948,0.4476305842399597,0.4791477918624878
3773415,ac5ea7ab-b994-44dc-aa3d-c02f50ab7d78,Pass,0,0.21288515406162464,0.22469277679920197,0.10778441280126572,0.0924583226442337,0.048756565898656845,0.1226578801870346,0.16959801316261292
3773415,aaa3a0f2-f53e-42bb-a2e3-8df57551dd9c,Pass,0,0.21288515406162464,0.31541359424591064,0.08235739916563034,0.193665012717247,0.06995699554681778,0.03544269874691963,0.05314918980002403
3773415,d3763726-44a0-4101-9eee-fb741a4eae9d,Pass,0,0.21288515406162464,0.24667683243751526,0.4490680992603302,0.3359510600566864,0.2557156980037689,0.09844883531332016,0.1738143116235733
3773415,ea5832b9-7ab1-45fe-a792-4e8bc3e2b85e,Pass,0,0.21288515406162464,0.28536441922187805,0.4262992739677429,0.49894964694976807,0.15787124633789062,0.07033700495958328,0.0994541123509407
3773415,c47495c0-bbcd-47c3-bec5-a5c786278d4b,Clearance,0,0.21288515406162464,0.15251696109771729,0.27676981687545776,0.31762704253196716,0.5002179741859436,0.5686533451080322,0.5746361613273621
3773415,35bd2b7c-a817-4fa8-b6c4-85fc4c57b15d,Clearance,1,0.21288515406162464,0.35823294520378113,0.20770041644573212,0.20060661435127258,0.2669733166694641,0.2873879075050354,0.27706947922706604
3773428,d263c522-36cd-4beb-999d-c05d36200d02,Pass,0,0.2126865671641791,0.15984585881233215,0.14774078130722046,0.19428735971450806,0.09827384352684021,0.031488239765167236,0.06313563138246536
3773428,edc6642a-bd00-429d-a591-5e79c533531b,Pass,0,0.2126865671641791,0.1504216194152832,0.0995865985751152,0.09382116794586182,0.06757363677024841,0.06152959167957306,0.05598558112978935
3773428,1b3e5088-f636-4a24-8292-ba5f0313365c,Pass,0,0.2126865671641791,0.25075089931488037,0.16131405532360077,0.36909058690071106,0.13079269230365753,0.13093498349189758,0.07876953482627869
3773428,8a006f4c-ab05-4ec0-bd0f-f30b29368082,Pass,0,0.2126865671641791,0.11843300610780716,0.2046344131231308,0.2462356984615326,0.1896059364080429,0.08536980301141739,0.0567028634250164
3773428,e4fcdd5a-7740-46b4-a663-ef6c0b1c8e6a,Clearance,0,0.2126865671641791,0.2512987554073334,0.13508738577365875,0.12584188580513,0.14937713742256165,0.1438540667295456,0.1583857238292694
3773428,15671c59-65dc-4d59-bb8d-1d5c913dd82e,Clearance,0,0.2126865671641791,0.29456856846809387,0.4684237837791443,0.5392149090766907,0.5186042785644531,0.5396184325218201,0.44488823413848877
3773428,3a1b61b2-534d-4def-a6db-816489f9cfe8,Pass,0,0.2126865671641791,0.05938180163502693,0.08666019886732101,0.128716841340065,0.08676998317241669,0.04820128530263901,0.021711047738790512
3773428,48402acc-6500-4ccc-bcc8-061093e17ade,Clearance,1,0.2126865671641791,0.40994974970817566,0.18517561256885529,0.19655844569206238,0.14821666479110718,0.21450114250183105,0.18963667750358582
3773428,48d5d3e0-aa2b-4a50-9bfb-cfab62c88e2f,Clearance,1,0.2126865671641791,0.1041993722319603,0.2579658329486847,0.3801704943180084,0.5909585952758789,0.6119130253791809,0.624251663684845
3773428,fa74d0fa-667b-48c6-a60e-a8a563b7a328,Pass,0,0.2126865671641791,0.16918596625328064,0.1271028071641922,0.13013997673988342,0.07594329863786697,0.026840219274163246,0.06305541098117828
3773428,0e132039-d33c-49fa-b0d6-e19029bc655d,Clearance,0,0.2126865671641791,0.18185780942440033,0.063567616045475,0.06821823120117188,0.07529734820127487,0.09319700300693512,0.13398265838623047
3773428,571cc8aa-6717-4bdf-b585-abf2eade6b30,Clearance,1,0.2126865671641791,0.19825667142868042,0.26548144221305847,0.35664746165275574,0.38471564650535583,0.5028607845306396,0.3883938491344452
3773457,00c78720-4fb3-48f7-9d06-2b5af206365f,Clearance,1,0.2126865671641791,0.17835479974746704,0.09584182500839233,0.07553025335073471,0.11543039977550507,0.10869134217500687,0.11614517867565155
3773457,afacbc32-d63a-4639-b28e-2af090610cf1,Clearance,1,0.2126865671641791,0.15286414325237274,0.12191879749298096,0.22621895372867584,0.36358460783958435,0.4238871932029724,0.3964517414569855
3773457,960f3f47-1b95-4470-b35b-181723539cf9,Pass,0,0.2126865671641791,0.12294018268585205,0.11470029503107071,0.06866180151700974,0.056925561279058456,0.04741659015417099,0.07080613076686859
3773457,ea65f2f2-41d6-4e4a-8173-68131e58b1ef,Pass,0,0.2126865671641791,0.14380903542041779,0.16147203743457794,0.15299014747142792,0.07878299802541733,0.09719479829072952,0.06385326385498047
3773466,67b9c5a1-1703-4189-a95a-81b2a8606c8b,Pass,0,0.21378667908709828,0.24459098279476166,0.23246826231479645,0.19373591244220734,0.1434202939271927,0.25061357021331787,0.20795683562755585
3773466,b52a5b16-a7a3-4863-917c-806fdf86e934,Pass,0,0.21378667908709828,0.08771470934152603,0.1243576779961586,0.1932792216539383,0.13913573324680328,0.08750949054956436,0.10299988090991974
3773466,a69dcdfa-1b25-4182-b465-b7a0b27ce4e2,Pass,0,0.21378667908709828,0.14662468433380127,0.1824742555618286,0.23742981255054474,0.11397993564605713,0.07691767811775208,0.08719433099031448
3773466,e4bbbdc7-8524-41db-baf1-7e8b574ff80c,Pass,0,0.21378667908709828,0.18567773699760437,0.3986324667930603,0.4189775586128235,0.24074292182922363,0.1967792510986328,0.17146767675876617
3773466,88cfa140-7cc7-476c-8efc-cbe9868c0067,Pass,0,0.21378667908709828,0.17488031089305878,0.10760469734668732,0.10501264780759811,0.0737515315413475,0.04501914978027344,0.06284157931804657
3773466,81b000e5-044d-4258-a7c2-a67af271ec4f,Pass,0,0.21378667908709828,0.22907501459121704,0.1909572184085846,0.33919936418533325,0.1317501962184906,0.09609513729810715,0.1159864291548729
3773466,50e0b58d-3025-4a93-ac19-c7b7b88b2139,Pass,0,0.21378667908709828,0.14103224873542786,0.353642076253891,0.40450239181518555,0.20008485019207,0.10958684235811234,0.1570960283279419
3773474,971abd1e-4745-4454-9270-7c36c2acdf0b,Pass,0,0.21378667908709828,0.12398142367601395,0.13119275867938995,0.09898944944143295,0.08991845697164536,0.06933797150850296,0.060964372009038925
3773474,fe844449-8c84-4d71-87e2-b0b873bde687,Pass,0,0.21378667908709828,0.17966033518314362,0.10519462078809738,0.1439393311738968,0.1220211461186409,0.10737203806638718,0.12469079345464706
3773474,abbbfee6-304b-49b9-a690-f9ec5dea0785,Clearance,1,0.21378667908709828,0.14886656403541565,0.2583545744419098,0.2005268931388855,0.2786024212837219,0.30218592286109924,0.3365514874458313
3773474,ab027e27-5cd7-4f06-8f18-458adac59703,Clearance,1,0.21378667908709828,0.3588474690914154,0.3593817353248596,0.33083364367485046,0.4616962969303131,0.43608006834983826,0.4097630977630615
3773474,ebcfb7e1-d86f-40d5-aab9-20d520f6d5d6,Pass,0,0.21378667908709828,0.15650776028633118,0.08804968744516373,0.13507038354873657,0.08660818636417389,0.05149956792593002,0.02136976085603237
3773474,22271697-e400-4565-8ce4-fbb0f00680bf,Pass,0,0.21378667908709828,0.23606134951114655,0.18364372849464417,0.15063530206680298,0.06561767309904099,0.043002668768167496,0.05921632796525955
3773474,5f904e20-4b2e-44f9-8c33-b9fdb4a05a31,Pass,0,0.21378667908709828,0.10455428808927536,0.0798323005437851,0.06829390674829483,0.06293262541294098,0.02569308504462242,0.012094219215214252
3773477,6ac51f92-0fde-44f0-a136-69364dc2acc8,Pass,0,0.21288515406162464,0.2149072289466858,0.2922326922416687,0.1989346593618393,0.14514607191085815,0.04892522841691971,0.03850512579083443
3773477,91c0e410-bcb4-4a50-ab70-43add86e590e,Pass,0,0.21288515406162464,0.2911234200000763,0.3079952895641327,0.3104363679885864,0.1167643666267395,0.07412952184677124,0.06395380198955536
3773477,590bf310-a47c-498c-9fed-dc42b433baa9,Clearance,1,0.21288515406162464,0.24920867383480072,0.1985751986503601,0.2434125542640686,0.23625041544437408,0.27962249517440796,0.21624372899532318
3773497,b3752a9b-9908-4619-be59-9763215faf37,Clearance,0,0.21288515406162464,0.20239366590976715,0.17266248166561127,0.24925798177719116,0.4506145417690277,0.4684559106826782,0.5476800203323364
3773497,ddcf3127-a165-4606-ac18-3db263cbc8a6,Clearance,0,0.21288515406162464,0.2338557094335556,0.3617970645427704,0.376968115568161,0.5332258343696594,0.5640619993209839,0.6081990003585815
3773497,98c37f6a-b67b-4aa0-8ead-8f70e9ece5b8,Pass,0,0.21288515406162464,0.09546750783920288,0.09246884286403656,0.08733419328927994,0.08330585062503815,0.03968425467610359,0.037234265357255936
3773523,3dabe86e-1e54-47bc-b18a-5ba69b7e3d94,Pass,0,0.2126865671641791,0.10607165098190308,0.1230463907122612,0.08836402744054794,0.06605906039476395,0.07483921945095062,0.08257095515727997
3773523,47c30fd0-e166-4b5f-bb10-24e297618215,Pass,0,0.2126865671641791,0.16456633806228638,0.09960653632879257,0.04882229119539261,0.04123558849096298,0.2217087298631668,0.14080649614334106
3773523,54c50412-dac6-4c60-a07d-2898f888d526,Clearance,0,0.2126865671641791,0.3765990436077118,0.22164388000965118,0.22968047857284546,0.33495572209358215,0.25756195187568665,0.22865097224712372
3773523,c77489b0-9a1e-4950-99f9-b26d5bd593ed,Pass,0,0.2126865671641791,0.12486546486616135,0.06984766572713852,0.04634472727775574,0.04090601205825806,0.04572470113635063,0.03721814975142479
3773523,4450e16e-5df6-4941-8ae0-e2d3434975fd,Pass,0,0.2126865671641791,0.5700437426567078,0.31888869404792786,0.3230763077735901,0.2790524661540985,0.3467096984386444,0.38087838888168335
3773523,da77b443-e083-4c59-862f-4f46329a9201,Pass,0,0.2126865671641791,0.10931672900915146,0.10625099390745163,0.1048702597618103,0.05519454926252365,0.09032155573368073,0.19559144973754883
3773523,88b65e00-b530-415f-8971-dd6636b38512,Pass,0,0.2126865671641791,0.056037407368421555,0.08563326299190521,0.04838969558477402,0.06118856742978096,0.05991462245583534,0.040255237370729446
3773526,a26d0120-a686-42bd-b9ea-db35d8fb4305,Pass,0,0.2126865671641791,0.11110974848270416,0.15776196122169495,0.09477371722459793,0.1207350566983223,0.07494263350963593,0.04275893047451973
3773526,7999fb35-32a0-4cfc-b4d1-ad67dd6422bb,Clearance,1,0.2126865671641791,0.34674134850502014,0.45611292123794556,0.48399606347084045,0.4375864863395691,0.5406486392021179,0.46062329411506653
3773526,4f2fb303-091b-44f0-8dab-c82e11990391,Pass,0,0.2126865671641791,0.11477839946746826,0.05851367115974426,0.044758256524801254,0.04886113479733467,0.020999012514948845,0.025791218504309654
3773526,6dc26e59-4f8b-4169-8d12-d9f76f1b7234,Clearance,1,0.2126865671641791,0.21959660947322845,0.19001899659633636,0.2310357540845871,0.2334526628255844,0.19863133132457733,0.1885845959186554
3773526,d1e7a98f-bca7-4884-bd4d-c8d76acbecc8,Pass,0,0.2126865671641791,0.14180175960063934,0.09683103114366531,0.12329785525798798,0.13195963203907013,0.1080891415476799,0.14592255651950836
3773526,da871896-2869-4b8c-9555-218979bc35ed,Pass,1,0.2126865671641791,0.47101354598999023,0.4198170602321625,0.32583823800086975,0.37743163108825684,0.309172660112381,0.5239786505699158
3773526,effadaac-f84f-4112-9a15-a8cf2d836cbd,Pass,0,0.2126865671641791,0.12039554864168167,0.02994520775973797,0.03260486200451851,0.03900518640875816,0.01895318180322647,0.016816649585962296
3773526,ff34d868-9775-492f-af59-870e31c2d297,Clearance,0,0.2126865671641791,0.342663437128067,0.17421695590019226,0.1859443038702011,0.23029422760009766,0.23048318922519684,0.2524147927761078
3773526,4f3e29ed-01eb-4be8-9b3b-d67247047324,Pass,1,0.2126865671641791,0.29651013016700745,0.3369423747062683,0.4825581908226013,0.6013811826705933,0.39724791049957275,0.29872676730155945
3773526,86ccd188-1a06-4efe-96cd-8a548b96e62d,Clearance,1,0.2126865671641791,0.43478184938430786,0.29496538639068604,0.375058650970459,0.42364251613616943,0.4913836121559143,0.4064561426639557
3773526,aba8908b-b636-498d-974e-b9bd884f0dad,Clearance,1,0.2126865671641791,0.19640909135341644,0.11370240896940231,0.1414337307214737,0.3014141023159027,0.3620777726173401,0.3140200078487396
3773526,f788f223-30a3-4bb1-bd96-9622d43e8585,Pass,0,0.2126865671641791,0.17842818796634674,0.07346829026937485,0.0573742538690567,0.02816099114716053,0.025723706930875778,0.02241664007306099
3773526,674a451a-118b-4bc5-a436-fe7015cf0d74,Pass,0,0.2126865671641791,0.10887773334980011,0.14344538748264313,0.10620149224996567,0.07352550327777863,0.05518034100532532,0.1167212650179863
3773526,226470dd-6e28-48ba-8a71-29db4c13efbe,Pass,0,0.2126865671641791,0.18435199558734894,0.3003857731819153,0.24560870230197906,0.14749747514724731,0.34999653697013855,0.43243297934532166
3773526,c5855215-ea18-4f9f-8850-4e0c3b8879e8,Clearance,0,0.2126865671641791,0.1694495677947998,0.3726167678833008,0.252505898475647,0.36472392082214355,0.32696056365966797,0.3313770592212677
3773547,ce8f4504-1b43-4377-a637-df11ba24d969,Pass,0,0.2135877152163797,0.11670765280723572,0.11053234338760376,0.10792433470487595,0.10445141047239304,0.05956710875034332,0.048689160495996475
3773547,1ad65e45-025f-4c00-ba0a-b703b08470e0,Pass,1,0.2135877152163797,0.1391163319349289,0.326913982629776,0.17029531300067902,0.12531784176826477,0.12761932611465454,0.07293100655078888
3773547,46430c6a-a25e-472c-998d-b23fb7ad6cf2,Pass,0,0.2135877152163797,0.17897717654705048,0.18090645968914032,0.26176539063453674,0.1153290867805481,0.04613397642970085,0.027038997039198875
3773547,fb50d2d2-db41-4eb9-a5d5-b007fba3516e,Pass,0,0.2135877152163797,0.1947220116853714,0.1000593826174736,0.09537628293037415,0.10205890238285065,0.02657749131321907,0.013315515592694283
3773547,209ff6d5-c8e7-4c0c-b169-356cba8aeefa,Pass,0,0.2135877152163797,0.1409820318222046,0.18239255249500275,0.30537742376327515,0.11314570158720016,0.0631018653512001,0.017895182594656944
3773547,04295459-bea1-4e4f-be52-f7bb08b2901d,Clearance,0,0.2135877152163797,0.23063471913337708,0.17243680357933044,0.11569186300039291,0.1440589278936386,0.1728205680847168,0.20976407825946808
3773552,50104f0c-9312-4411-96da-065aa88a5fd9,Pass,0,0.21302325581395348,0.12407750636339188,0.24151983857154846,0.3336234390735626,0.12532824277877808,0.08733388781547546,0.04127344861626625
3773552,feff9f88-0593-48ba-8985-a2cddc6f0ad8,Pass,0,0.21302325581395348,0.2121526151895523,0.05687378719449043,0.06525953859090805,0.044008538126945496,0.07459697872400284,0.07312618941068649
3773552,f40d1bec-1e88-4c89-a8bc-e5de19ebbd93,Pass,0,0.21302325581395348,0.09963268041610718,0.09659074246883392,0.13963784277439117,0.09042958915233612,0.04984411969780922,0.027984898537397385
3773565,38b8ea03-7e0c-4442-b94b-d6d85cbbcf9d,Clearance,0,0.21288515406162464,0.12563247978687286,0.09533118456602097,0.14539165794849396,0.22387297451496124,0.27328789234161377,0.2762899696826935
3773565,41dbc26f-4b41-4553-b935-cb749965cd16,Clearance,0,0.21288515406162464,0.29409366846084595,0.22579020261764526,0.3337521553039551,0.359895795583725,0.4805372357368469,0.4728409945964813
3773565,71b1bd34-4e24-46b6-a4f4-ce08f4989376,Clearance,1,0.21288515406162464,0.36554598808288574,0.39584583044052124,0.4781992733478546,0.4844183027744293,0.4757373332977295,0.44023972749710083
3773565,960b587b-ce84-49ca-9eea-dcad406bcb38,Pass,1,0.21288515406162464,0.16084593534469604,0.20627693831920624,0.12494783848524094,0.07252228260040283,0.05715593323111534,0.05034676194190979
3773565,ea6ab8b9-6291-4c0c-b659-195ee3a96b49,Clearance,0,0.21288515406162464,0.09646479040384293,0.140285924077034,0.21237310767173767,0.26752614974975586,0.33217325806617737,0.35431233048439026
3773565,eb143927-9f31-4228-af57-d4b2629c0fac,Clearance,0,0.21288515406162464,0.12951338291168213,0.12397067993879318,0.12476073205471039,0.3509162664413452,0.30936199426651,0.38237664103507996
3773565,d106d3ef-fde8-471d-bab5-059ba54d757b,Pass,0,0.21288515406162464,0.10261224955320358,0.18556520342826843,0.23959669470787048,0.10275227576494217,0.06866347789764404,0.06398987770080566
3773565,a38963c5-a23a-41d8-bea9-f63e82b983a4,Clearance,1,0.21288515406162464,0.14120851457118988,0.089699886739254,0.17737345397472382,0.2742966413497925,0.33230215311050415,0.35355693101882935
3773565,179e6961-4cb6-47be-a6df-be0e0ff5da87,Clearance,0,0.21288515406162464,0.16656365990638733,0.08870690315961838,0.10466033965349197,0.26490357518196106,0.23037196695804596,0.23737843334674835
3773565,dc848ad5-6fe5-490a-b19e-30566b10fd6d,Pass,0,0.21288515406162464,0.17299628257751465,0.22256556153297424,0.10409055650234222,0.09627760946750641,0.04631640017032623,0.034366924315690994
3773571,1cf426ad-e8f1-4081-bd14-23b223cf4950,Pass,0,0.2126865671641791,0.11901849508285522,0.11552069336175919,0.32095155119895935,0.15224091708660126,0.13069280982017517,0.050144217908382416
3773571,77b6c46b-3cf4-4c7e-b795-9692fa1e51eb,Clearance,0,0.2126865671641791,0.2553695738315582,0.3999325931072235,0.556098222732544,0.39753422141075134,0.4507339298725128,0.39161521196365356
3773571,c0e6a41b-ec23-42a2-88c5-2b9f51a30dda,Clearance,0,0.2126865671641791,0.12607109546661377,0.1012348011136055,0.1517365425825119,0.4419785439968109,0.4952996075153351,0.45421284437179565
3773571,bf845c50-8c44-4489-95da-47445273faae,Clearance,1,0.2126865671641791,0.13893871009349823,0.16910625994205475,0.1478872299194336,0.14580535888671875,0.14594514667987823,0.17930880188941956
3773571,88d781b3-5bca-4c9e-84ad-c76f76a9b9ba,Pass,0,0.2126865671641791,0.2051197588443756,0.17764678597450256,0.116109699010849,0.08075597882270813,0.06326501816511154,0.07382839173078537
3773571,15b994c2-fb3d-48b7-bb06-5f091dd2b590,Pass,0,0.2126865671641791,0.22157013416290283,0.19118715822696686,0.07848495990037918,0.0622185543179512,0.08499300479888916,0.12169525772333145
3773571,6cf8748d-174a-4e69-95b7-4d8bb8b727cb,Pass,0,0.2126865671641791,0.09754608571529388,0.09104515612125397,0.08943069726228714,0.07326538115739822,0.040309369564056396,0.03406873717904091
3773571,72c7cab3-adcb-4fe8-a4af-14489b961231,Pass,0,0.2126865671641791,0.11897900700569153,0.1857054978609085,0.13398605585098267,0.11016161739826202,0.07312360405921936,0.028952745720744133
3773585,71f7f932-25b2-48a9-bb82-761eab65973a,Pass,0,0.2126865671641791,0.2863727807998657,0.19187232851982117,0.22013404965400696,0.1874842494726181,0.4584447741508484,0.5238223671913147
3773585,7e2090f9-0c06-457b-9368-af6b919575a3,Clearance,0,0.2126865671641791,0.48994895815849304,0.3624119758605957,0.3641691207885742,0.3425145149230957,0.28642797470092773,0.3411494493484497
3773585,c3bef5b0-127e-496c-b659-7996fd51da81,Clearance,0,0.2126865671641791,0.36663544178009033,0.17961597442626953,0.1991599053144455,0.23621529340744019,0.2396911084651947,0.21578650176525116
3773585,40591a32-e934-4762-8384-ba9fe75c0781,Clearance,1,0.2126865671641791,0.1548982560634613,0.5415793657302856,0.4783099889755249,0.5111984014511108,0.4418584704399109,0.4204266369342804
3773585,c6223ac5-4d03-4cad-a21c-3322221db636,Clearance,1,0.2126865671641791,0.3865976631641388,0.34602561593055725,0.37253332138061523,0.4524816870689392,0.39296749234199524,0.37637612223625183
3773585,8c2a9ca4-5d99-4c83-8729-f26dc5bca57d,Clearance,1,0.2126865671641791,0.31519994139671326,0.2356036901473999,0.18479716777801514,0.19550922513008118,0.22264741361141205,0.18771450221538544
3773586,cf04b21f-f682-404d-881e-9ce0eab325c6,Clearance,1,0.21378667908709828,0.2685658037662506,0.5655137896537781,0.5472196340560913,0.4906216561794281,0.47136932611465454,0.4008781313896179
3773586,7096eab2-d666-4333-862b-3993fca4b362,Pass,0,0.21378667908709828,0.20236290991306305,0.25228050351142883,0.18634150922298431,0.14224396646022797,0.42780017852783203,0.44499146938323975
3773586,30bdb7fa-3a37-4804-8c1e-013184808a6b,Pass,0,0.21378667908709828,0.23682816326618195,0.11721879988908768,0.10637631267309189,0.05951083451509476,0.04372914135456085,0.039514049887657166
3773586,4b755b7f-8887-4908-847f-8557abeec4c3,Clearance,1,0.21378667908709828,0.13566714525222778,0.1838664561510086,0.2977087199687958,0.5568442940711975,0.5520378947257996,0.47053152322769165
3773586,ae3bbe69-9e31-4036-a8c4-1bfb2f4265b1,Pass,0,0.21378667908709828,0.11713967472314835,0.2634854018688202,0.15986992418766022,0.2101505845785141,0.15428981184959412,0.24648725986480713
3773586,0562ce6f-d878-487b-a956-8497b79c6a9f,Clearance,0,0.21378667908709828,0.28021833300590515,0.5688287019729614,0.4171494245529175,0.5504897236824036,0.5142799019813538,0.6236464381217957
3773586,a68f389a-78c3-4f3d-93ab-352459f11d06,Clearance,0,0.21378667908709828,0.13942167162895203,0.11316166073083878,0.10159527510404587,0.2027461975812912,0.26546645164489746,0.270939439535141
3773586,47f21773-5e13-4d19-ad55-f8278a458ee5,Clearance,0,0.21378667908709828,0.3100039064884186,0.07243075221776962,0.09191174060106277,0.23998020589351654,0.277413934469223,0.29183563590049744
3773586,4c8ba09e-ba17-488d-ab8f-727f688db199,Clearance,0,0.21378667908709828,0.2044745534658432,0.08686304837465286,0.06548944115638733,0.14764359593391418,0.2285773605108261,0.23482367396354675
3773587,251c3036-aebf-42c9-8b29-9127e796ce4d,Clearance,0,0.2135877152163797,0.19478389620780945,0.23610873520374298,0.24740660190582275,0.5162714123725891,0.5727500915527344,0.4781692326068878
3773587,56f519b4-fb1d-45e9-b386-7f978239fe66,Clearance,0,0.2135877152163797,0.3747575879096985,0.6677116751670837,0.6737174391746521,0.7079771757125854,0.6102753281593323,0.5975551009178162
3773587,20aa68d3-72b9-4337-83e6-7be6e8d8c302,Clearance,1,0.2135877152163797,0.19398440420627594,0.17222020030021667,0.19279129803180695,0.22979697585105896,0.22355996072292328,0.22472035884857178
3773587,b91915c9-edce-4427-a9db-307a181a7f41,Pass,0,0.2135877152163797,0.35585910081863403,0.2925064265727997,0.20999091863632202,0.17956754565238953,0.1397073119878769,0.08447259664535522
3773587,9b0b205b-422c-462e-9a81-4cac78e4a871,Pass,0,0.2135877152163797,0.15654560923576355,0.15967687964439392,0.09159831702709198,0.08311187475919724,0.018074048683047295,0.023286988958716393
3773587,4eb15e3f-f7da-497e-9a56-290198f6eab6,Pass,0,0.2135877152163797,0.27195751667022705,0.29699575901031494,0.27496668696403503,0.15878267586231232,0.07486516982316971,0.04031761735677719
3773587,6a91ad03-a98c-479b-91ad-c3a6b6bad320,Clearance,1,0.2135877152163797,0.36048176884651184,0.32413193583488464,0.36987724900245667,0.42703863978385925,0.4360094964504242,0.4384097754955292
3773587,ac1de793-b5fc-4e4e-b4b0-eefd457bc898,Pass,0,0.2135877152163797,0.15986348688602448,0.10627096891403198,0.22181536257266998,0.09714262187480927,0.13224001228809357,0.2920595109462738
3773593,2b9b39a2-aff8-4bf4-99aa-0448aa87db3e,Pass,0,0.21302325581395348,0.06099294126033783,0.06642244011163712,0.047333285212516785,0.04046741873025894,0.02841298282146454,0.03254694119095802
3773593,e76420ea-22ef-45bb-a49b-7299d135b82b,Pass,1,0.21302325581395348,0.2820993661880493,0.32939255237579346,0.41570210456848145,0.3574238121509552,0.3357425332069397,0.23925310373306274
3773593,adb31b28-2288-454c-b3c9-e1446703080e,Clearance,0,0.21302325581395348,0.33587905764579773,0.1830703467130661,0.19295108318328857,0.21608802676200867,0.1799212396144867,0.21992559731006622
3773593,7abead64-0f23-40a5-8e3a-7c9cce2fe6c1,Pass,0,0.21302325581395348,0.4057428240776062,0.2810196876525879,0.21693973243236542,0.2701980173587799,0.32040974497795105,0.30902883410453796
3773593,dcd5f091-f2e1-4ad6-ada8-02fcde31a665,Pass,0,0.21302325581395348,0.06954757869243622,0.10075998306274414,0.06455416232347488,0.08150613307952881,0.0571102574467659,0.04879206418991089
3773593,5fd30e67-39bf-4974-9c44-af7b5fd8c8e0,Pass,0,0.21302325581395348,0.34742245078086853,0.1249348595738411,0.14756177365779877,0.11034557223320007,0.08650103956460953,0.19434799253940582
3773593,4f42b1e0-92af-4a2e-bdfb-824647e2ec82,Clearance,1,0.21302325581395348,0.37955501675605774,0.43897128105163574,0.32405373454093933,0.32844892144203186,0.29424312710762024,0.33304861187934875
3773597,cb12cb24-19e3-468a-bd67-bad9f08464b1,Clearance,0,0.21288515406162464,0.1691649705171585,0.14628173410892487,0.18542364239692688,0.28246283531188965,0.3182696998119354,0.3999059498310089
3773597,94cdbbed-e998-41c1-a1d1-1ad9a339e360,Pass,0,0.21288515406162464,0.3643459677696228,0.3977033197879791,0.32307326793670654,0.15819266438484192,0.185553640127182,0.2251235842704773
3773597,5e65948c-4f34-4387-bd48-0881497f730f,Pass,0,0.21288515406162464,0.10757347196340561,0.11115576326847076,0.13312672078609467,0.10185793787240982,0.14662717282772064,0.3308657705783844
3773597,005b7688-9d42-4c8b-a482-7c23b47c5c10,Clearance,0,0.21288515406162464,0.07000081241130829,0.17624139785766602,0.19712217152118683,0.4285436272621155,0.4698026478290558,0.46116769313812256
3773597,3b8d9291-f8e1-4285-9fec-364598db769b,Pass,0,0.21288515406162464,0.11755014955997467,0.08338512480258942,0.1046963781118393,0.10513853281736374,0.05710408091545105,0.04539110139012337
3773597,a0fd6ae3-d53a-4580-a994-d477c8d731a2,Pass,0,0.21288515406162464,0.16173553466796875,0.1556379348039627,0.11414945870637894,0.08691994845867157,0.03642062842845917,0.03446027636528015
3773597,c10dd888-c988-4733-8e88-c8ad8c39a7e9,Pass,0,0.21288515406162464,0.2490539401769638,0.1638323962688446,0.16827820241451263,0.21261760592460632,0.12881684303283691,0.045224886387586594
3773597,788d2692-f5bc-456f-8fa0-bccab3c3b4d1,Pass,0,0.21288515406162464,0.07865571975708008,0.19440338015556335,0.19269996881484985,0.1018977239727974,0.03891204670071602,0.020154517143964767
3773625,57f117bb-ea01-4c56-bf8a-cabf21ca8ba5,Clearance,1,0.21378667908709828,0.1352580189704895,0.2758764326572418,0.2964509129524231,0.44079554080963135,0.4889439642429352,0.4966658651828766
3773625,6efcd8b8-c0b1-44af-9cb8-518a8420e764,Clearance,0,0.21378667908709828,0.39971309900283813,0.36548903584480286,0.34229597449302673,0.36399877071380615,0.3858640491962433,0.4082373380661011
3773625,67b527cd-63fb-4891-b762-4fc13649b12d,Clearance,1,0.21378667908709828,0.25408291816711426,0.17569409310817719,0.17422544956207275,0.22549165785312653,0.26800844073295593,0.270751953125
3773625,2880fd54-6463-4cb9-b346-9af77f91aa42,Clearance,1,0.21378667908709828,0.4707506000995636,0.2625340223312378,0.32877591252326965,0.36626580357551575,0.3505309522151947,0.35859012603759766
3773625,ca29e651-ae9f-4f2a-9f82-5afa2895ffe4,Pass,0,0.21378667908709828,0.4151378870010376,0.43439167737960815,0.40213334560394287,0.1739228069782257,0.08317108452320099,0.09188509732484818
3773625,4cd59754-1214-4ac9-90ae-9f523e9d7f4c,Clearance,0,0.21378667908709828,0.32278165221214294,0.5526014566421509,0.5801516771316528,0.4562770426273346,0.4111282527446747,0.44015592336654663
3773631,6830a009-d6c7-4b5a-b6e7-2bed9fa8d3a9,Pass,0,0.2135877152163797,0.21596549451351166,0.11587662994861603,0.2117636799812317,0.1434611976146698,0.14319565892219543,0.06810695677995682
3773631,7a99b096-c80c-44e2-ac8d-0c6ecf86c534,Pass,0,0.2135877152163797,0.25677189230918884,0.13952583074569702,0.09141247719526291,0.06453601270914078,0.054546307772397995,0.04017745703458786
3773631,ed90810d-3f74-4346-9421-746650673ff9,Pass,0,0.2135877152163797,0.3141675889492035,0.13348208367824554,0.12557768821716309,0.06585212051868439,0.0341242291033268,0.030695026740431786
3773631,dfe3442d-6758-4aeb-b944-1758caea3a82,Pass,0,0.2135877152163797,0.16933757066726685,0.30843305587768555,0.2508103549480438,0.1963615119457245,0.20427405834197998,0.12232659757137299
3773631,3352a10b-71a0-4930-b74e-6759acbf710d,Pass,1,0.2135877152163797,0.20248234272003174,0.11037960648536682,0.1177893653512001,0.07597578316926956,0.03895019739866257,0.019457584246993065
3773631,a5383c64-2f2b-490c-b3c4-ba166a29a403,Pass,0,0.2135877152163797,0.15530160069465637,0.19107823073863983,0.2955348789691925,0.12100905179977417,0.04640019312500954,0.09316984564065933
3773656,904f3fef-6e01-41aa-94d8-aa2355a09baf,Clearance,0,0.2126865671641791,0.3118193447589874,0.32128432393074036,0.2694016396999359,0.329818993806839,0.35476329922676086,0.35787978768348694
3773656,aac9bef7-fdbe-4d08-9cd1-005c6cfa0d0e,Clearance,0,0.2126865671641791,0.30182304978370667,0.38555505871772766,0.5328372120857239,0.4851466119289398,0.503473162651062,0.47482356429100037
3773656,4677f0cc-36ba-4ff4-be7a-3f1565acc72e,Clearance,0,0.2126865671641791,0.1934598833322525,0.3166753351688385,0.28993460536003113,0.32194092869758606,0.36898404359817505,0.3396039307117462
3773656,7690e5e0-e816-4e90-9a4a-c9ff299a393c,Pass,0,0.2126865671641791,0.13620248436927795,0.13787834346294403,0.06169954687356949,0.07031137496232986,0.03571132943034172,0.02767551876604557
3773656,5bc080e5-e9ab-4571-9025-f6ce6879c570,Pass,0,0.2126865671641791,0.11276660859584808,0.2703413665294647,0.15560504794120789,0.1347057968378067,0.1112295612692833,0.09856073558330536
3773656,72944bd4-579f-4fa1-b53c-7da783fa8952,Pass,0,0.2126865671641791,0.24618138372898102,0.2196001559495926,0.14811231195926666,0.05765140801668167,0.02494785003364086,0.033952489495277405
3773656,57c92724-22d2-43ba-b6c6-fed377bd003d,Pass,0,0.2126865671641791,0.5173450112342834,0.5299198627471924,0.5821059942245483,0.5539628863334656,0.48401209712028503,0.28433290123939514
3773656,c8a913b3-6bdf-4feb-a4c5-a60ccbf3850a,Pass,0,0.2126865671641791,0.17897458374500275,0.15724998712539673,0.15522931516170502,0.136318176984787,0.06744998693466187,0.07979793846607208
3773660,587cca38-2f80-4f25-8ac4-67f5adf2809e,Pass,0,0.2126865671641791,0.1307174563407898,0.11814657598733902,0.16011762619018555,0.14904263615608215,0.15705347061157227,0.07873719185590744
3773660,da863651-1174-475b-83d5-abe666286376,Pass,0,0.2126865671641791,0.09651321172714233,0.08971516788005829,0.0919993594288826,0.04268381744623184,0.10894697159528732,0.1016245111823082
3773660,e9582368-c10a-4b9d-b27e-3eb17018700a,Pass,0,0.2126865671641791,0.12604407966136932,0.0709177702665329,0.05811012163758278,0.06552079319953918,0.03184303268790245,0.022874198853969574
3773661,4d27d079-c025-4eb6-b810-cbdcca0e52a2,Clearance,0,0.21288515406162464,0.24988947808742523,0.2523461878299713,0.2601557970046997,0.21675439178943634,0.28316861391067505,0.2090200036764145
3773661,fc656abc-a88f-4fab-bdfd-ecd35aa91f75,Clearance,0,0.21288515406162464,0.3457425534725189,0.3437521457672119,0.4190996587276459,0.39245477318763733,0.3095288574695587,0.31302040815353394
3773661,897e968a-908e-435e-a5d4-8edd7a19e237,Clearance,1,0.21288515406162464,0.12207625806331635,0.19241571426391602,0.29246586561203003,0.4958735704421997,0.40563327074050903,0.4230419397354126
3773661,e546c776-a385-449d-aa6e-7ddb571d589c,Clearance,0,0.21288515406162464,0.28263917565345764,0.17160098254680634,0.23226746916770935,0.22774675488471985,0.16283488273620605,0.1726578027009964
3773661,81e781eb-31cc-4a20-8c52-40ecc2da10cf,Pass,1,0.21288515406162464,0.2678551971912384,0.3582117557525635,0.2957000136375427,0.44061508774757385,0.4419460594654083,0.35463136434555054
3773661,7f4b4079-f84d-49cf-b0fd-a36d82509bee,Pass,0,0.21288515406162464,0.1711616963148117,0.35060814023017883,0.15597738325595856,0.10164192318916321,0.11015017330646515,0.0516049824655056
3773661,06edd25d-fa1e-4e81-90be-dcdb44c039e9,Clearance,1,0.21288515406162464,0.15023070573806763,0.13521380722522736,0.11383353173732758,0.22480535507202148,0.22109869122505188,0.22172553837299347
3773661,8124774e-66dc-42bb-b8b2-ac788c8a009d,Clearance,0,0.21288515406162464,0.13250088691711426,0.10733159631490707,0.1657770723104477,0.32980087399482727,0.35170724987983704,0.32899409532546997
3773661,7b9cea1d-7875-471f-99b9-3d5454888c60,Pass,0,0.21288515406162464,0.140084907412529,0.14854970574378967,0.12930414080619812,0.10249989479780197,0.037935126572847366,0.02900543063879013
3773661,bd758bb3-31aa-4df0-9c54-626633db2168,Pass,0,0.21288515406162464,0.22964021563529968,0.2768320143222809,0.17551621794700623,0.15450318157672882,0.07955089956521988,0.037453752011060715
3773661,3c4596b8-bc28-4f22-81f3-f9f559bf0029,Clearance,1,0.21288515406162464,0.23565669357776642,0.39315956830978394,0.38715434074401855,0.4202526807785034,0.4068511426448822,0.465185284614563
3773661,ed501b48-1005-4954-90fb-502d0b661cde,Clearance,0,0.21288515406162464,0.247067391872406,0.1022186428308487,0.15483678877353668,0.13381776213645935,0.14375323057174683,0.1479538232088089
3773661,e812e9f4-3158-4c33-a184-a649c2992b75,Pass,0,0.21288515406162464,0.21876288950443268,0.39190202951431274,0.3364625871181488,0.11423376947641373,0.05240748077630997,0.046952880918979645
3773661,c6d95b91-b456-47b1-8982-a7265691d483,Pass,0,0.21288515406162464,0.1027679443359375,0.13527421653270721,0.1338392198085785,0.053627777844667435,0.04555187746882439,0.0439189188182354
3773661,d33e8bae-8678-4d23-a33d-9ff0aee61cff,Pass,0,0.21288515406162464,0.17227651178836823,0.061014462262392044,0.05744523927569389,0.05373678728938103,0.04367629066109657,0.0177217498421669
3773665,776ed4c6-bb39-41a7-a9f4-58d18f828f30,Pass,0,0.21378667908709828,0.1327088624238968,0.18582437932491302,0.24256297945976257,0.09495802968740463,0.06781329214572906,0.07479194551706314
3773665,2fafffee-e602-4cf9-86dd-d42f13c7db77,Pass,0,0.21378667908709828,0.21571944653987885,0.2717037796974182,0.2753395736217499,0.16792699694633484,0.09428146481513977,0.10136529058218002
3773665,2818f2dc-439a-47c0-a01d-4fcb02d46c76,Clearance,1,0.21378667908709828,0.20481836795806885,0.10864891111850739,0.22982315719127655,0.2542037069797516,0.2578069269657135,0.20257961750030518
3773665,7c806200-c2be-4453-8ee5-424be070898a,Pass,0,0.21378667908709828,0.1606207638978958,0.11648346483707428,0.13017842173576355,0.13003338873386383,0.10405649989843369,0.036223143339157104
3773665,997d99d7-3f53-48e0-8b44-945b66785bfc,Pass,0,0.21378667908709828,0.1050085723400116,0.06694668531417847,0.12402106076478958,0.07205551117658615,0.03498496115207672,0.030059972777962685
3773665,d0a56f9e-1453-4e1f-9262-5e4aeb73e278,Clearance,0,0.21378667908709828,0.17482581734657288,0.1529657542705536,0.14256730675697327,0.27848100662231445,0.29083922505378723,0.29160404205322266
3773665,437ffefa-5a2c-4b2d-b1d5-d029561b6a29,Pass,0,0.21378667908709828,0.06948503851890564,0.08264223486185074,0.09918738156557083,0.0908045768737793,0.028605183586478233,0.02615196257829666
3773665,9634b300-f45e-4c92-8762-3990e35e5fb2,Pass,0,0.21378667908709828,0.20368221402168274,0.29500359296798706,0.2771698534488678,0.3296688199043274,0.2732265591621399,0.10716753453016281
3773672,53adfbd7-23de-48bb-bc54-1a7fd5b56d0f,Clearance,0,0.21288515406162464,0.2324126660823822,0.4320768713951111,0.40914666652679443,0.42460548877716064,0.33809006214141846,0.37522944808006287
3773672,1ec919c6-033e-4e35-a2e5-a7c99718f13c,Pass,0,0.21288515406162464,0.23281700909137726,0.07695179432630539,0.04932745173573494,0.05600201338529587,0.031105803325772285,0.02116994932293892
3773672,15732b98-875c-4ea8-84d1-d704d6331f9b,Pass,0,0.21288515406162464,0.09497716277837753,0.07470956444740295,0.07957782596349716,0.07360377907752991,0.06661677360534668,0.027717920020222664
3773672,91c1ddae-2039-4fff-8a65-86b3a2ed6c06,Clearance,1,0.21288515406162464,0.24024082720279694,0.19048519432544708,0.2744024395942688,0.2413690686225891,0.21272917091846466,0.1905941665172577
3773672,4aac9a1b-9d2d-4a7b-848a-9052e4afd383,Pass,0,0.21288515406162464,0.19545654952526093,0.28621014952659607,0.2946728765964508,0.1567809283733368,0.04036828130483627,0.04242083057761192
3773672,41791865-9b6b-4ac1-94f9-99c2f3b2f8fb,Pass,0,0.21288515406162464,0.24046717584133148,0.13156598806381226,0.11333584785461426,0.06507337838411331,0.08097349852323532,0.13673877716064453
3773689,e0a2f6f5-5c96-4a28-9dca-96a2f058ab35,Pass,0,0.2126865671641791,0.22897812724113464,0.1704026460647583,0.2179422378540039,0.09068381041288376,0.17833741009235382,0.2051951140165329
3773689,46b7b81c-1439-4c72-b85b-d18ceeef4bbd,Pass,0,0.2126865671641791,0.18296805024147034,0.2346610277891159,0.3293922245502472,0.12747938930988312,0.136602982878685,0.07577777653932571
3773689,b04a5446-d892-410c-9285-aa4b9522c23d,Clearance,1,0.2126865671641791,0.2949727177619934,0.24853438138961792,0.2576921880245209,0.3665514290332794,0.5286480188369751,0.45961982011795044
3773689,697c4e57-d50c-404f-8d40-7d7272cee305,Clearance,1,0.2126865671641791,0.26425978541374207,0.3504381477832794,0.33783307671546936,0.33391332626342773,0.3315286338329315,0.31056690216064453
3773689,24fe1f55-d4ec-4491-8a3f-185b5d788197,Pass,0,0.2126865671641791,0.12009727209806442,0.09000236541032791,0.05297088995575905,0.033992916345596313,0.019484559074044228,0.01778154820203781
3773689,c3474f25-a7c0-4f4b-b073-b8395089e350,Clearance,0,0.2126865671641791,0.2705504894256592,0.22699733078479767,0.22264331579208374,0.27691349387168884,0.26469799876213074,0.22889985144138336
3773689,0d0270fa-c52f-4167-a293-ed3ec3ad4dfd,Clearance,0,0.2126865671641791,0.18034835159778595,0.23042577505111694,0.36554068326950073,0.24700167775154114,0.3277607858181,0.3357982933521271
3773689,a40caa56-3e56-46e2-8f57-8e1790b9e1d8,Pass,0,0.2126865671641791,0.11535672098398209,0.08892200887203217,0.16952770948410034,0.08879627287387848,0.059217292815446854,0.08338573575019836
3773689,914ee233-1a2d-45d3-9a4a-8f1944331af6,Clearance,1,0.2126865671641791,0.23020708560943604,0.32000496983528137,0.2118181586265564,0.3567255437374115,0.36887434124946594,0.35648560523986816
3773689,d05bf69d-b84b-4269-8bc5-d56e61e2854b,Clearance,0,0.2126865671641791,0.2086603343486786,0.3676352798938751,0.3519596755504608,0.4518996477127075,0.4310230314731598,0.45802316069602966
3773695,d483aee2-7872-4c01-ba06-a133fdb2b182,Pass,0,0.2135877152163797,0.089262455701828,0.13744349777698517,0.12352505326271057,0.06198347732424736,0.09320618957281113,0.05163923278450966
3773695,de1645d0-cf8e-4d41-8939-6fcf0db988cf,Pass,0,0.2135877152163797,0.14341303706169128,0.10188622027635574,0.06277351081371307,0.03981947526335716,0.041359998285770416,0.05710884556174278
3773695,03244d0b-54a7-4abc-93dd-84ca9c62a7aa,Pass,0,0.2135877152163797,0.15968817472457886,0.32232555747032166,0.3822464644908905,0.24544639885425568,0.08275635540485382,0.09070146083831787
3773695,6a91b084-a6d9-4e86-a389-86dae36d955a,Pass,0,0.2135877152163797,0.22749635577201843,0.1987314671278,0.2156447470188141,0.07568934559822083,0.03780874237418175,0.03835706412792206
3773695,213860da-9bdb-4c60-ab78-c6b2e6b8d8e2,Clearance,0,0.2135877152163797,0.15895552933216095,0.23592421412467957,0.3073820173740387,0.3390475809574127,0.34855982661247253,0.3615306615829468
3773695,28c93e8f-d4d8-49f5-aad4-8b86d3016197,Clearance,1,0.2135877152163797,0.2588297724723816,0.25138983130455017,0.2721119821071625,0.3434995412826538,0.3535516560077667,0.3381059765815735
3773695,4f69a75e-599b-409e-a863-e81e22fc6cb5,Clearance,0,0.2135877152163797,0.18388457596302032,0.086620032787323,0.07802250981330872,0.21505838632583618,0.28252753615379333,0.23968355357646942
3773695,4bb0d451-f9b5-44ad-928f-08ef9116d6ad,Clearance,0,0.2135877152163797,0.19602054357528687,0.2853700816631317,0.21539370715618134,0.22962522506713867,0.21994659304618835,0.20922285318374634
3788741,0f50d5d3-4fea-4511-a22e-affa93f3a6de,Clearance,0,0.21302325581395348,0.2163347452878952,0.13711994886398315,0.07492703199386597,0.20650044083595276,0.1880069375038147,0.16255368292331696
3788741,b4dfd1a3-495a-4438-b454-496f22d7c1ea,Clearance,0,0.21302325581395348,0.186837837100029,0.21847854554653168,0.15217898786067963,0.20978692173957825,0.22430795431137085,0.27098962664604187
3788741,267364d7-1919-4f4b-a62a-53b9a22d4caa,Clearance,1,0.21302325581395348,0.2108433097600937,0.10473104566335678,0.08053459972143173,0.16633711755275726,0.1632106751203537,0.17126458883285522
3788741,b7b4419b-fab3-443c-b47a-98b532c798e3,Pass,0,0.21302325581395348,0.08444498479366302,0.13643816113471985,0.08849277347326279,0.06066961959004402,0.07076571881771088,0.05408676341176033
3788741,97283c0d-44b4-4004-aabe-b993458de629,Pass,0,0.21302325581395348,0.0821274071931839,0.0713469460606575,0.08112122118473053,0.0728565976023674,0.05294758081436157,0.040968842804431915
3788741,ac74c3f0-75e3-4e7b-be07-06bb833f5e9e,Clearance,0,0.21302325581395348,0.18443059921264648,0.27116814255714417,0.3626233637332916,0.44987428188323975,0.5712620615959167,0.4966176450252533
3788741,c4e6dda2-1cdb-4ab8-8480-1d9007af5c09,Clearance,1,0.21302325581395348,0.3228558897972107,0.22166399657726288,0.21848095953464508,0.3988533318042755,0.4390481114387512,0.46430063247680664
3788741,38a4c3f7-1b75-43e0-9f1f-1162fb0a1e02,Clearance,0,0.21302325581395348,0.15436698496341705,0.31063202023506165,0.17179346084594727,0.2778890132904053,0.2586086392402649,0.2702016830444336
3788741,1ba39d1f-7745-49de-bc0f-8a60bb0115f7,Clearance,1,0.21302325581395348,0.26509231328964233,0.3788793981075287,0.2956942915916443,0.34490957856178284,0.2940378189086914,0.27535682916641235
3788741,f8a0814b-69cc-49f5-ad37-51f309ec4b3e,Clearance,0,0.21302325581395348,0.26266857981681824,0.2523508071899414,0.2197633981704712,0.27113619446754456,0.2360728234052658,0.20754392445087433
3788741,f017148c-bc30-453e-92c0-c9649fe9eb4c,Clearance,1,0.21302325581395348,0.05894212797284126,0.14338189363479614,0.11700958013534546,0.22334301471710205,0.2143310159444809,0.2124578207731247
3788741,5e562676-d364-446b-97ca-721ccdd427a5,Clearance,0,0.21302325581395348,0.3425407111644745,0.2456076592206955,0.3117920756340027,0.3435961902141571,0.3166292607784271,0.3153612017631531
3788741,ac3fc61c-c03a-45c7-9835-b0fd27adf2ab,Pass,0,0.21302325581395348,0.08191598951816559,0.16065417230129242,0.11080096662044525,0.06947482377290726,0.21229255199432373,0.17936092615127563
3788741,3e1db397-00e6-478e-aed4-fb0f897e339d,Clearance,1,0.21302325581395348,0.19196675717830658,0.21232247352600098,0.1951046884059906,0.1766962856054306,0.23339633643627167,0.2196512073278427
3788742,adbcf44a-dfeb-4e0c-9bb6-0956bbf93927,Pass,0,0.21302325581395348,0.1610761284828186,0.2924858331680298,0.1440315693616867,0.07685112208127975,0.03304662927985191,0.020082924515008926
3788742,ed56edb5-0c68-49e8-a17c-b44ad34ca84f,Clearance,1,0.21302325581395348,0.130387544631958,0.06315091997385025,0.15794724225997925,0.3590128421783447,0.3813958764076233,0.4456714391708374
3788742,e5c08760-47e6-4b75-8ae0-4aaef490ae05,Pass,0,0.21302325581395348,0.21438035368919373,0.3712907135486603,0.5048432946205139,0.2451031357049942,0.1785431057214737,0.06768783181905746
3788742,9ce5c18e-c2b8-44bf-bfff-0b2efb1e1d93,Pass,0,0.21302325581395348,0.1170910894870758,0.04682867228984833,0.058871079236269,0.06150660291314125,0.18018686771392822,0.11928649246692657
3788742,e5fc1f4b-f966-4ec9-94a9-89d92f9757a0,Pass,0,0.21302325581395348,0.08452185988426208,0.14755654335021973,0.0679113045334816,0.05723720043897629,0.03724107891321182,0.021417703479528427
3788742,902b66d9-ab12-4de1-b860-62bb1f15cc6a,Pass,0,0.21302325581395348,0.13336096704006195,0.09853364527225494,0.08169050514698029,0.10921017080545425,0.08620074391365051,0.08688175678253174
3788742,be437a13-0539-4698-9a55-3d1f2b5ba5a9,Clearance,0,0.21302325581395348,0.29535770416259766,0.1732390969991684,0.18132171034812927,0.48927202820777893,0.5082299113273621,0.5567423701286316
3788742,1639f2c6-a885-4983-8240-4ce4f9c5b4ef,Clearance,0,0.21302325581395348,0.2373342663049698,0.2278849184513092,0.18243998289108276,0.15405429899692535,0.2069903016090393,0.18459029495716095
3788742,831dfb8b-621b-488b-84de-26cad8a53746,Pass,0,0.21302325581395348,0.16370272636413574,0.24962018430233002,0.12814094126224518,0.08922342211008072,0.10181578248739243,0.09395703673362732
3788742,a3eb41a9-f84d-4f73-9293-a7713f714e53,Pass,0,0.21302325581395348,0.09358133375644684,0.1858280897140503,0.14220552146434784,0.09335590153932571,0.16977959871292114,0.1619274914264679
3788742,bc22a0cd-59fc-4f89-bdd5-618a11e7de97,Pass,0,0.21302325581395348,0.15743708610534668,0.21903879940509796,0.2228613942861557,0.1507362574338913,0.08818119019269943,0.05540326237678528
3788742,ae64158a-1a65-4393-91c1-a21550610c82,Pass,0,0.21302325581395348,0.09288383275270462,0.1653461754322052,0.14924860000610352,0.15211600065231323,0.10114994645118713,0.05270255729556084
3788742,84f13e56-acb1-4331-b83c-fb58f9244991,Clearance,1,0.21302325581395348,0.21776099503040314,0.3162854015827179,0.48170924186706543,0.6913992762565613,0.7296438813209534,0.6859169602394104
3788742,519821e5-66af-432c-9aa7-01b19eef3b8f,Pass,0,0.21302325581395348,0.20066429674625397,0.1603195071220398,0.21707522869110107,0.07259629666805267,0.04258310794830322,0.040974345058202744
3788742,313c3490-1ee3-4da8-a65a-da630b9afe66,Pass,1,0.21302325581395348,0.18145661056041718,0.12325098365545273,0.09726354479789734,0.1702229082584381,0.13824480772018433,0.08623459190130234
3788742,db478b75-179d-4eec-8e94-5ec9ee94bfe1,Clearance,1,0.21302325581395348,0.1724347174167633,0.13029856979846954,0.23586583137512207,0.3538160026073456,0.31881117820739746,0.3037663400173187
3788742,9c5abba4-8f13-444a-808c-71b2685156e3,Pass,0,0.21302325581395348,0.23506151139736176,0.0466691218316555,0.058341268450021744,0.035452358424663544,0.02178601361811161,0.018936246633529663
3788743,f8f1f605-fbf0-4f66-98e2-ec50b895af26,Pass,0,0.2126865671641791,0.09026380628347397,0.07373594492673874,0.045808348804712296,0.030517850071191788,0.01936003938317299,0.02407139539718628
3788743,bed8678b-cbc4-45e4-94ec-b08756102bea,Pass,0,0.2126865671641791,0.123685821890831,0.07923105359077454,0.04155641049146652,0.05759832635521889,0.03718595579266548,0.016685087233781815
3788743,8ee9c71e-2dfd-4ba1-a991-2914c8ebc265,Pass,0,0.2126865671641791,0.14807769656181335,0.23011064529418945,0.11758190393447876,0.09740746021270752,0.0387636199593544,0.03696028143167496
3788743,e43a61d7-e036-40a2-b0de-e610cba3ba5c,Clearance,0,0.2126865671641791,0.24644722044467926,0.309195339679718,0.20675748586654663,0.2532055974006653,0.2788112759590149,0.26102715730667114
3788743,7ea9558f-4585-474f-8d4c-f07a8e4deb85,Pass,0,0.2126865671641791,0.10555972903966904,0.1550540030002594,0.10777147859334946,0.08620588481426239,0.037778422236442566,0.031399451196193695
3788744,9aa540b4-46d9-4ca9-9e77-0d8c05feee05,Pass,0,0.2126865671641791,0.098251573741436,0.07895804196596146,0.06240393966436386,0.04777120426297188,0.031893908977508545,0.011392042972147465
3788744,bf87d942-2633-4746-bb2f-281211814785,Clearance,0,0.2126865671641791,0.3014851212501526,0.3962191641330719,0.3259514570236206,0.2888626754283905,0.35283634066581726,0.28530779480934143
3788744,318a1f9f-b08e-472c-b88f-33d4b51831d8,Clearance,0,0.2126865671641791,0.20142437517642975,0.15679891407489777,0.06242058798670769,0.06646467000246048,0.11060075461864471,0.14095568656921387
3788744,8407bf01-c857-45b0-9c18-f4b563db928e,Pass,0,0.2126865671641791,0.28352710604667664,0.18871338665485382,0.1286085993051529,0.07186723500490189,0.04833107069134712,0.059308964759111404
3788744,e3cc2315-95c7-4c28-bf15-d279032da588,Clearance,0,0.2126865671641791,0.2632961571216583,0.4759311378002167,0.29552945494651794,0.32054731249809265,0.26979511976242065,0.26366227865219116
3788744,3dfa1f1a-5349-4af2-bb0a-80b3515f8e61,Pass,1,0.2126865671641791,0.13016574084758759,0.19803942739963531,0.1069539412856102,0.09855429083108902,0.3305957317352295,0.3502131998538971
3788744,fc67d500-3338-4a13-864a-e6448a23cf6d,Pass,0,0.2126865671641791,0.16722819209098816,0.15070688724517822,0.10071246325969696,0.14036023616790771,0.08233736455440521,0.0720113217830658
3788744,86e65927-ee62-4691-9ec4-6e8fab34b344,Pass,0,0.2126865671641791,0.09844263643026352,0.10563617944717407,0.09864335507154465,0.12712055444717407,0.2821752429008484,0.3277387320995331
3788744,e6524d4c-bd59-46c2-827d-5e09f0e8c726,Pass,0,0.2126865671641791,0.26386314630508423,0.057428497821092606,0.07007524371147156,0.04159148037433624,0.04362371191382408,0.034836504608392715
3788744,e4f1d3e3-9b11-48a8-add2-2b3174397a2d,Clearance,1,0.2126865671641791,0.1860823780298233,0.3071397542953491,0.2738613784313202,0.31126996874809265,0.3288564682006836,0.2970314621925354
3788744,b2d562ce-b22a-4cc1-afd0-0e53da51845f,Pass,0,0.2126865671641791,0.48513492941856384,0.5858049988746643,0.4824274182319641,0.33342444896698,0.40962621569633484,0.5277031064033508
3788744,ea711b40-93e1-4135-b931-c1f6993a1368,Clearance,0,0.2126865671641791,0.502682626247406,0.2263028919696808,0.19141052663326263,0.20763112604618073,0.16635175049304962,0.13864053785800934
3788744,04b8632b-f2be-4c71-9790-c8637934f432,Pass,0,0.2126865671641791,0.3480079472064972,0.2123674601316452,0.22862443327903748,0.09704170376062393,0.10870815068483353,0.09765380620956421
3788744,ce38bc5b-fb8b-43a0-b79b-e3e0c06dd16d,Clearance,0,0.2126865671641791,0.23845414817333221,0.3030063211917877,0.4304220378398895,0.5858739018440247,0.5320575833320618,0.5244741439819336
3788744,84315370-d150-4a83-94c8-90da40a829a4,Clearance,0,0.2126865671641791,0.3921979069709778,0.45808497071266174,0.3169538974761963,0.2849908173084259,0.3845203220844269,0.36329108476638794
3788744,6b793f75-5e5c-41ab-8f8f-6b5195b8bd54,Clearance,0,0.2126865671641791,0.4032876789569855,0.1432432234287262,0.10775742679834366,0.11296907067298889,0.14509905874729156,0.13926662504673004
3788744,cf4de2ea-7286-4ac3-a716-7cc7dae5f25b,Clearance,1,0.2126865671641791,0.23036770522594452,0.2501438856124878,0.22386178374290466,0.41045433282852173,0.4285461902618408,0.38968199491500854
3788745,ace3e26f-1026-4c62-a30c-2e79e2033124,Clearance,0,0.2135877152163797,0.39894527196884155,0.2896839380264282,0.27355659008026123,0.34272196888923645,0.3347283899784088,0.350470632314682
3788745,df93d464-d0c8-4f03-805b-cf05f6519d1e,Clearance,0,0.2135877152163797,0.21140918135643005,0.4022446274757385,0.3638385236263275,0.6152979731559753,0.6065337061882019,0.6601322293281555
3788745,6741179d-555b-49e6-b35c-7bb1d2e9cbde,Pass,1,0.2135877152163797,0.13668030500411987,0.06702838838100433,0.09939827024936676,0.06671662628650665,0.09217225760221481,0.07207664102315903
3788745,9328f022-5cec-4ea8-a4f4-89bc8a0f2f70,Clearance,0,0.2135877152163797,0.22940729558467865,0.22756652534008026,0.21852973103523254,0.4941253662109375,0.40941622853279114,0.4226453900337219
3788745,0b1218c1-8e8d-49dd-9510-bfd4c33c2fb5,Clearance,1,0.2135877152163797,0.16487742960453033,0.2568669021129608,0.27295592427253723,0.5570349097251892,0.526999831199646,0.48680204153060913
3788745,4a215247-90eb-4b97-b06e-655bff7caf20,Pass,0,0.2135877152163797,0.3170739710330963,0.19218134880065918,0.1179334744811058,0.14412765204906464,0.09197542071342468,0.07301808893680573
3788745,8290e883-eb72-4fb0-84e0-1724906791c5,Clearance,0,0.2135877152163797,0.31991851329803467,0.15953783690929413,0.18129101395606995,0.17163686454296112,0.166941300034523,0.12187258154153824
3788746,c69ee6a3-8b80-4a22-9874-855d817bf1a2,Pass,0,0.21378667908709828,0.3151553273200989,0.13823401927947998,0.12322778254747391,0.07529813051223755,0.03126077726483345,0.027142412960529327
3788746,06d52f06-d445-4bbe-8e1b-7091617e5cf5,Pass,0,0.21378667908709828,0.21089258790016174,0.06522280722856522,0.08683126419782639,0.06324595957994461,0.03172101825475693,0.03721172735095024
3788746,8e48913e-924d-4324-a982-efaf60fd5e49,Pass,0,0.21378667908709828,0.17028334736824036,0.1527402251958847,0.17125140130519867,0.12248294800519943,0.03159842640161514,0.05705854296684265
3788746,4652d201-fbec-4166-83ad-029ae8148e38,Clearance,1,0.21378667908709828,0.1661948710680008,0.28448960185050964,0.25643977522850037,0.26446181535720825,0.24528878927230835,0.2557107210159302
3788746,fcddc737-f53f-4dd6-8cef-0725f2101082,Pass,0,0.21378667908709828,0.3414883613586426,0.20812417566776276,0.22150135040283203,0.12020011246204376,0.12833087146282196,0.059462931007146835
3788746,eab034e9-ca68-4912-a639-5896e2b6aed5,Pass,0,0.21378667908709828,0.21498604118824005,0.18719792366027832,0.18361875414848328,0.08023392409086227,0.04611625894904137,0.03313663229346275
3788746,c7a19c04-6146-4b80-83be-c1d46d1b896a,Pass,0,0.21378667908709828,0.11677122116088867,0.05762071907520294,0.05710444226861,0.037856023758649826,0.021207792684435844,0.01613609679043293
3788746,ecbcc203-4648-45ac-be1f-f313fd70847f,Pass,0,0.21378667908709828,0.1176760122179985,0.08408870548009872,0.0635174959897995,0.05493168532848358,0.03205188736319542,0.03544151782989502
3788746,a7b2d73d-7511-4191-bf8e-37c30a83c9f4,Pass,0,0.21378667908709828,0.27763986587524414,0.28872373700141907,0.32688087224960327,0.3303684890270233,0.13748690485954285,0.06162483990192413
3788747,1db53ddc-72bb-4ff0-8ce3-a49e27b1600d,Pass,0,0.21378667908709828,0.19528567790985107,0.10100101679563522,0.09103704988956451,0.04545154422521591,0.039402399212121964,0.032388512045145035
3788747,d6e47513-f3c3-4322-9987-bc5ad7c2ba1e,Pass,0,0.21378667908709828,0.10134892165660858,0.11517374962568283,0.12286519259214401,0.0676698237657547,0.04587630182504654,0.030431555584073067
3788747,ec17fce7-b1bc-4d3c-a2f6-42db8cbb45f6,Pass,0,0.21378667908709828,0.12383320927619934,0.16307692229747772,0.1385042369365692,0.09560870379209518,0.23154549300670624,0.27849772572517395
3788747,05625b90-d780-4ce1-abc3-23f869156319,Pass,0,0.21378667908709828,0.2896769940853119,0.2520871162414551,0.1883130669593811,0.20276246964931488,0.1526423841714859,0.11227957159280777
3788747,f3a82be0-d193-4fb4-8d1b-b8082c1b2d44,Pass,0,0.21378667908709828,0.24002975225448608,0.18114452064037323,0.29921114444732666,0.13748078048229218,0.07383042573928833,0.09843964874744415
3788747,e61a1a9b-5515-4a8d-b9cb-8e35de7391c2,Pass,0,0.21378667908709828,0.25206461548805237,0.319267600774765,0.20415620505809784,0.23865514993667603,0.15060457587242126,0.11502447724342346
3788747,58acda76-1d1e-4e67-a0b1-f6f8ccb6c05c,Clearance,0,0.21378667908709828,0.3207114636898041,0.4019615650177002,0.3387775719165802,0.40044352412223816,0.47676631808280945,0.4343242347240448
3788747,9b59db0e-9c3a-460c-9f2d-d6b97d12dc38,Clearance,0,0.21378667908709828,0.24001118540763855,0.3803623914718628,0.37965109944343567,0.3892487585544586,0.41707733273506165,0.42172667384147644
3788747,49ee2f36-8037-423f-865a-481c42df8aa0,Clearance,0,0.21378667908709828,0.2584814131259918,0.12310802191495895,0.10689564049243927,0.12971538305282593,0.1287650465965271,0.13750523328781128
3788747,01e41203-8748-4035-84b4-0afdcc3cf834,Pass,0,0.21378667908709828,0.12104862928390503,0.08364394307136536,0.09711524844169617,0.08338561654090881,0.07787973433732986,0.1441388875246048
3788747,c1a7ae3e-c506-4058-a12a-f1d1ecbad682,Clearance,0,0.21378667908709828,0.3357100784778595,0.5823315978050232,0.5222313404083252,0.5745941996574402,0.5806399583816528,0.5439735054969788
3788747,ca043f79-73d2-42ff-be0e-170c22c2cfcd,Pass,1,0.21378667908709828,0.22289708256721497,0.1286998987197876,0.10862725973129272,0.08809362351894379,0.030891409143805504,0.03566142916679382
3788748,712e03c7-51db-4696-b64d-7fcda7cf7a13,Clearance,0,0.21302325581395348,0.21282438933849335,0.32455381751060486,0.37988361716270447,0.46905437111854553,0.5144943594932556,0.4180830717086792
3788748,c3abf88c-23eb-4136-963d-2f46021ffe1d,Clearance,1,0.21302325581395348,0.11699211597442627,0.21175682544708252,0.19835282862186432,0.4966432750225067,0.49337631464004517,0.5532564520835876
3788748,66b2bc9d-2c62-4ec2-aa66-8847f3b7642e,Clearance,1,0.21302325581395348,0.19356290996074677,0.44722145795822144,0.4699257016181946,0.5340090990066528,0.5409398674964905,0.5041572451591492
3788748,8253ff8a-c78e-4867-93b4-6b6360b9befd,Pass,1,0.21302325581395348,0.21724887192249298,0.19538059830665588,0.10799757391214371,0.05241067707538605,0.33680638670921326,0.31920334696769714
3788748,efcb47ec-36a6-4a41-af9f-cab548f2a507,Clearance,1,0.21302325581395348,0.23952597379684448,0.2821885347366333,0.296291708946228,0.2766207158565521,0.28413909673690796,0.3057308793067932
3788748,2d3bcc28-7f22-42ff-9aa2-345fdf6b7601,Clearance,1,0.21302325581395348,0.37782302498817444,0.1870879977941513,0.25330907106399536,0.4296497404575348,0.4890904724597931,0.5149064660072327
3788748,4c54d76f-3a44-470d-9ce8-07be7e371552,Clearance,0,0.21302325581395348,0.10895995050668716,0.12084045261144638,0.19786348938941956,0.3566468060016632,0.4111088514328003,0.42786821722984314
3788748,863dd3e0-2767-40e9-ab52-b5904e599d5f,Clearance,1,0.21302325581395348,0.12248798459768295,0.3088136911392212,0.2743414342403412,0.49793267250061035,0.5510212779045105,0.6246012449264526
3788748,f5f720d9-7bb9-4ffe-9c85-4b084c521bc7,Pass,0,0.21302325581395348,0.07674003392457962,0.09692566096782684,0.07825057208538055,0.09045606851577759,0.12846390902996063,0.15645363926887512
3788748,c5179fc3-6e74-41ca-a15b-872784bcdbe1,Clearance,1,0.21302325581395348,0.15415287017822266,0.14176128804683685,0.19150014221668243,0.39160141348838806,0.36343035101890564,0.4196188151836395
3788748,528998b2-97f5-490a-a1f6-44cca84b1059,Pass,0,0.21302325581395348,0.15265581011772156,0.19911351799964905,0.3446541130542755,0.13554146885871887,0.11034414172172546,0.0761360377073288
3788748,3d347ef8-5122-430e-b628-b59f1a92c4bd,Clearance,0,0.21302325581395348,0.2094850391149521,0.2227567583322525,0.40811675786972046,0.5683290958404541,0.6194495558738708,0.6005588173866272
3788748,4b0a5686-6bcb-4b3f-91d0-c4a74e8d06d9,Pass,0,0.21302325581395348,0.07877477258443832,0.05066348984837532,0.05082700401544571,0.06876728683710098,0.025821853429079056,0.03474866598844528
3788748,88ed69da-d9d9-4d78-be5e-1b1aafdf6fab,Pass,0,0.21302325581395348,0.12118970602750778,0.13410267233848572,0.08481348305940628,0.04977279528975487,0.04639017581939697,0.06276388466358185
3788748,f1604edc-7aa2-43f3-9720-337b431ec4bb,Pass,0,0.21302325581395348,0.1006985679268837,0.08708158135414124,0.08394306153059006,0.06493701785802841,0.02427297830581665,0.015071501955389977
3788748,fe304c9a-b394-4eff-ad4e-c457de8a8bdb,Clearance,0,0.21302325581395348,0.14104847609996796,0.12154038995504379,0.1191486194729805,0.15845312178134918,0.15578827261924744,0.1636166125535965
3788748,acf0a377-00b3-414c-9bfd-cb6b793dfe22,Pass,1,0.21302325581395348,0.1259070634841919,0.062176790088415146,0.07445654273033142,0.08918040990829468,0.0817963257431984,0.10842727869749069
3788748,6c3318b8-db61-4cef-9aeb-4a99279112b8,Clearance,1,0.21302325581395348,0.20322424173355103,0.32960236072540283,0.16833828389644623,0.2622392475605011,0.2827098071575165,0.2841426134109497
3788748,f2e8495d-afce-4a42-8ef1-8cab90b1b173,Clearance,1,0.21302325581395348,0.16768775880336761,0.25834283232688904,0.460702121257782,0.6156713962554932,0.618741512298584,0.5919676423072815
3788748,2e5702ea-6305-4157-a179-0703ef93fb94,Pass,0,0.21302325581395348,0.16572785377502441,0.19953720271587372,0.11022740602493286,0.056912485510110855,0.039739061146974564,0.0433037169277668
3788748,86a64831-1e2b-4b57-aa05-50776ea98d1e,Pass,0,0.21302325581395348,0.1746920943260193,0.11260471493005753,0.05818071961402893,0.05395979434251785,0.03015337884426117,0.10214344412088394
3788748,8f40f6ad-bd6e-4bcc-8401-cfe0525101fc,Clearance,0,0.21302325581395348,0.39601677656173706,0.22086136043071747,0.20800943672657013,0.24677637219429016,0.21723873913288116,0.24892325699329376
3788748,bfdcaba9-1b6e-4512-a929-498100f6c5b9,Clearance,1,0.21302325581395348,0.23978127539157867,0.3778379559516907,0.20815657079219818,0.3181585967540741,0.3396872580051422,0.3768868148326874
3788748,e33b5a72-b232-4889-93f6-ccdf4c9fc836,Clearance,0,0.21302325581395348,0.28347650170326233,0.19192004203796387,0.2888737916946411,0.4311031103134155,0.543989896774292,0.49214988946914673
3788748,05ea196c-4b91-461f-9e4f-d7888114ade0,Clearance,1,0.21302325581395348,0.2435511201620102,0.24641790986061096,0.2692207098007202,0.41939860582351685,0.5382899045944214,0.46929284930229187
3788748,533951a8-3ee5-40e6-9be0-aaaf8641a279,Pass,0,0.21302325581395348,0.10047408938407898,0.16624309122562408,0.1174999251961708,0.12966124713420868,0.19931918382644653,0.08449570834636688
3788748,8b087d05-3df1-48d6-93f9-43583e1af549,Pass,1,0.21302325581395348,0.08551234006881714,0.09022080153226852,0.0603535957634449,0.04772048071026802,0.038824811577796936,0.057014983147382736
3788748,f78fd3f0-8c59-4735-9e0f-91ae987c023a,Clearance,0,0.21302325581395348,0.316334992647171,0.2917308807373047,0.5005077123641968,0.47867342829704285,0.5591413974761963,0.5387409925460815
3788748,23c2f3c4-cb1d-4dba-92af-2153be7a3edc,Clearance,1,0.21302325581395348,0.19981986284255981,0.20727038383483887,0.20694871246814728,0.4362795054912567,0.43589937686920166,0.4906967282295227
3788748,8af55c3d-3fdd-4dd1-825d-a1f09879e1c0,Pass,0,0.21302325581395348,0.13409015536308289,0.04141131415963173,0.07387178391218185,0.049650534987449646,0.02595861628651619,0.07294367998838425
3788749,d2a30371-23b3-4198-aa7b-3a5e73703c77,Pass,0,0.21378667908709828,0.08701491355895996,0.1502891480922699,0.08588175475597382,0.08021099865436554,0.04225103184580803,0.04399149864912033
3788749,09fe3a02-e03b-412c-894a-499901e3a335,Clearance,1,0.21378667908709828,0.3029816150665283,0.31125521659851074,0.41532811522483826,0.4386763274669647,0.4466874599456787,0.3886208236217499
3788749,538dcd80-d1a2-4c42-ae10-c2b5df3382e6,Pass,1,0.21378667908709828,0.133162260055542,0.11628623306751251,0.21936006844043732,0.07974199205636978,0.044931478798389435,0.05999578535556793
3788749,eec6e87c-13c9-4165-be3a-ef69372cb23d,Pass,0,0.21378667908709828,0.24673932790756226,0.17319820821285248,0.18410000205039978,0.08846427500247955,0.04586874693632126,0.06899770349264145
3788749,47cfe378-fa19-4bbb-9b2d-b5a31bef4650,Pass,1,0.21378667908709828,0.10168085247278214,0.1985931545495987,0.21248318254947662,0.11073964834213257,0.08916392922401428,0.1437416821718216
3788749,1f65a89c-f900-4b3e-9bdc-580f814d87fc,Clearance,0,0.21378667908709828,0.18106620013713837,0.09839598834514618,0.09817104041576385,0.21996831893920898,0.22899454832077026,0.21346138417720795
3788749,2a03de90-16a7-45c3-9b6a-ecfda57d70fc,Clearance,0,0.21378667908709828,0.28525474667549133,0.17899927496910095,0.2048509120941162,0.18765372037887573,0.18210257589817047,0.2063160240650177
3788749,758badf7-a238-428e-8ad0-690073b48782,Pass,0,0.21378667908709828,0.12104862928390503,0.13325698673725128,0.0916631668806076,0.0916159451007843,0.040525589138269424,0.025262724608182907
3788749,5bce97a6-f21b-4ae0-8734-16d8092cfb60,Pass,0,0.21378667908709828,0.09062877297401428,0.1370885968208313,0.09663167595863342,0.1603444367647171,0.13106708228588104,0.12577971816062927
3788750,5e1a3a48-3e09-4aca-8fd2-91cb5dd4ef45,Clearance,0,0.2126865671641791,0.06881892681121826,0.17471598088741302,0.16590861976146698,0.2981283664703369,0.3286367952823639,0.26119399070739746
3788750,040a6f70-4b6a-46c1-8207-c239f11ea429,Clearance,0,0.2126865671641791,0.257839173078537,0.16257868707180023,0.2562609612941742,0.4151489734649658,0.4761838912963867,0.4918076694011688
3788750,89125b4f-4faf-495e-b05b-3eec08039287,Pass,0,0.2126865671641791,0.06270251423120499,0.06991437822580338,0.092109315097332,0.10679984837770462,0.0875655934214592,0.08570659160614014
3788750,c18d72f5-2a0e-4f01-b60e-d0d0ecfe52be,Clearance,1,0.2126865671641791,0.4642140567302704,0.22084340453147888,0.19536300003528595,0.20129653811454773,0.20779265463352203,0.17668145895004272
3788750,e0a51051-83bc-4901-8a1b-8c09778bc222,Clearance,0,0.2126865671641791,0.18696869909763336,0.38754037022590637,0.3881146311759949,0.5595419406890869,0.636512279510498,0.5701104998588562
3788750,518f49c2-2306-4695-9e0f-f551549889dd,Pass,0,0.2126865671641791,0.0763380229473114,0.07943308353424072,0.1022600531578064,0.11632537096738815,0.08081459999084473,0.0850750282406807
3788750,a93c2e66-a5b2-47a7-a697-dd07bd39e88d,Clearance,0,0.2126865671641791,0.31296104192733765,0.27796638011932373,0.1605592668056488,0.23049940168857574,0.21930167078971863,0.2337060123682022
3788750,5883847a-8391-49c0-a0fa-7025c44bf4ee,Clearance,0,0.2126865671641791,0.19972655177116394,0.2531931400299072,0.37249600887298584,0.5235558152198792,0.5615909695625305,0.49169179797172546
3788750,9fe73803-bfbf-4345-86df-baf8f334a9b1,Clearance,1,0.2126865671641791,0.15147745609283447,0.3231531083583832,0.31768226623535156,0.33893951773643494,0.35833120346069336,0.42109373211860657
3788750,dba4e7ef-5fbf-4b53-9e8c-1b1dd920f159,Pass,0,0.2126865671641791,0.10678800940513611,0.14999641478061676,0.10123015940189362,0.05004361271858215,0.05817446485161781,0.06857194751501083
3788750,ddb2b777-bb1b-494c-af87-da6e6623622d,Pass,0,0.2126865671641791,0.3112027645111084,0.2555389106273651,0.28803253173828125,0.3926334083080292,0.17688576877117157,0.05730922520160675
3788751,701b28cd-621d-4a45-99e3-c272e2e93a48,Pass,0,0.2135877152163797,0.09322565793991089,0.10506261140108109,0.06002435460686684,0.06145825982093811,0.03536388650536537,0.029947694391012192
3788751,dbcb87e4-9668-470a-af54-6db30a277b31,Clearance,0,0.2135877152163797,0.19398440420627594,0.32943883538246155,0.33585500717163086,0.3188326060771942,0.33535459637641907,0.32423147559165955
3788751,f42fc0f5-8f9d-4bfc-9bc5-357cd27fe0f4,Clearance,0,0.2135877152163797,0.24364426732063293,0.3677706718444824,0.3321491479873657,0.38979968428611755,0.4466516673564911,0.4697566628456116
3788751,8c1cdf88-da62-4207-9608-4c5977c09a37,Pass,0,0.2135877152163797,0.10851869732141495,0.10272262245416641,0.047438111156225204,0.06206989288330078,0.08210847526788712,0.09812933951616287
3788751,d31a1eae-ba5b-4d3c-94d7-7e5249f28e2c,Pass,0,0.2135877152163797,0.12084191292524338,0.3658568859100342,0.2706518769264221,0.26671481132507324,0.11715113371610641,0.07465896755456924
3788751,ab768030-513a-40cd-8554-56b1327d1e35,Clearance,1,0.2135877152163797,0.26208239793777466,0.16125847399234772,0.2089131474494934,0.20992903411388397,0.2143254280090332,0.20378978550434113
3788751,684ed2f4-f24d-473b-8aca-848db4c5e76c,Clearance,0,0.2135877152163797,0.24719204008579254,0.4981457591056824,0.5483079552650452,0.7322481274604797,0.7257366180419922,0.6934937238693237
3788751,75c6283e-71a3-4e56-abf4-285712054860,Pass,0,0.2135877152163797,0.28798580169677734,0.3199547529220581,0.11158857494592667,0.08025863021612167,0.051101379096508026,0.0233793705701828
3788751,85245a3b-ea46-4132-b8e6-f103660d8a6a,Pass,0,0.2135877152163797,0.1584760546684265,0.2861180007457733,0.201385498046875,0.2188425362110138,0.07794206589460373,0.09179454296827316
3788751,5a9e05ad-209f-437d-b1a7-c9f2b3e7d30c,Clearance,0,0.2135877152163797,0.3263860046863556,0.19074435532093048,0.3296808898448944,0.36365994811058044,0.41094592213630676,0.4334563612937927
3788752,1017a927-7949-47fb-a474-852b0da54fa9,Pass,0,0.2135877152163797,0.05977126955986023,0.05154308304190636,0.042460016906261444,0.041083112359046936,0.1482471525669098,0.14976289868354797
3788752,510bf0ad-9862-4b5d-b7cb-13c43d3d064d,Pass,0,0.2135877152163797,0.23698003590106964,0.20893937349319458,0.22552286088466644,0.2350858598947525,0.29146724939346313,0.4893762767314911
3788752,cd8864bd-d230-42c3-9be7-2007071ed0f5,Pass,0,0.2135877152163797,0.1854023039340973,0.05414712801575661,0.04401684179902077,0.028170285746455193,0.02936425991356373,0.052693843841552734
3788752,77302054-4976-4913-9e63-b033ff8ab0f9,Clearance,1,0.2135877152163797,0.2724556028842926,0.20835940539836884,0.266163170337677,0.2161642462015152,0.23486870527267456,0.25897565484046936
3788752,672dea1f-bf77-4cb1-be19-7d16b3e9a343,Clearance,1,0.2135877152163797,0.20560269057750702,0.3754057288169861,0.40835562348365784,0.36895546317100525,0.3626536428928375,0.3373600244522095
3788752,03c64132-a22e-4427-a600-c8792fef9df4,Clearance,1,0.2135877152163797,0.15639960765838623,0.2448176145553589,0.17539328336715698,0.20563994348049164,0.2457970529794693,0.2628812789916992
3788752,af058f50-d42e-412a-8dfb-c47ddd546978,Clearance,0,0.2135877152163797,0.1283753663301468,0.192495197057724,0.16602948307991028,0.2115839570760727,0.25969642400741577,0.26705238223075867
3788752,053d9f92-21cf-454b-b0b0-710947bebaa4,Clearance,1,0.2135877152163797,0.3299989402294159,0.43196624517440796,0.37256911396980286,0.38981592655181885,0.49132442474365234,0.49786636233329773
3788752,518ac38e-e0eb-446c-a674-a12296c5e4d6,Clearance,0,0.2135877152163797,0.3812063932418823,0.39800989627838135,0.3614536225795746,0.4700726270675659,0.43743759393692017,0.5535044074058533
3788752,372708e3-b472-4b78-9c15-0e0473575a5f,Clearance,1,0.2135877152163797,0.2266959547996521,0.42042967677116394,0.44176608324050903,0.5398415923118591,0.5013934373855591,0.4485762417316437
3788753,eebca104-6a16-4cb3-8f15-23bb92a51a09,Pass,1,0.21288515406162464,0.1866513341665268,0.2569987177848816,0.3586280643939972,0.2164621502161026,0.08145090937614441,0.05897980555891991
3788753,ca763867-dee6-4e5d-98a2-dd80e599400e,Pass,0,0.21288515406162464,0.1991128921508789,0.19436606764793396,0.08385704457759857,0.06549271196126938,0.03037160076200962,0.03748217970132828
3788753,d882d0b6-1b75-4799-ae52-ec761c8c093f,Clearance,0,0.21288515406162464,0.247067391872406,0.2928568720817566,0.33320847153663635,0.33962684869766235,0.38106563687324524,0.4083433747291565
3788753,96f99437-a1c3-44f3-8dbb-b32782215147,Clearance,0,0.21288515406162464,0.27824538946151733,0.4127843976020813,0.37086817622184753,0.5021170973777771,0.49721771478652954,0.48438531160354614
3788753,8d6722aa-a12a-4be7-acd7-971e8feedda8,Clearance,0,0.21288515406162464,0.12136282026767731,0.3294293284416199,0.411026269197464,0.490194708108902,0.5453638434410095,0.5341303944587708
3788753,4f24e676-c30a-48ae-9921-6aed491ed575,Pass,0,0.21288515406162464,0.0863036960363388,0.13835276663303375,0.07752538472414017,0.04955047369003296,0.027297714725136757,0.03640281781554222
3788753,97bc844c-b549-46a2-89fc-b224d5c85e70,Clearance,0,0.21288515406162464,0.292840838432312,0.29397493600845337,0.3743274509906769,0.4540367126464844,0.49562889337539673,0.5493554472923279
3788753,cfc21822-6be6-49e9-a8d1-71750fc0e82c,Clearance,0,0.21288515406162464,0.148015558719635,0.12046008557081223,0.13457857072353363,0.30372583866119385,0.268460750579834,0.3335288465023041
3788753,2692db1f-a48e-41b2-ae67-482dbabe5f87,Clearance,0,0.21288515406162464,0.3117668926715851,0.3019307851791382,0.29982590675354004,0.310872346162796,0.2993210256099701,0.2779504656791687
3788753,1423fb9f-eefd-479c-975e-18082bd08380,Clearance,1,0.21288515406162464,0.08748554438352585,0.23803670704364777,0.41292110085487366,0.6118088364601135,0.6209715008735657,0.563171923160553
3788753,a754aedd-a1dd-44d4-91fc-89ec7949e907,Clearance,0,0.21288515406162464,0.27497565746307373,0.18849706649780273,0.2539999783039093,0.27623575925827026,0.3356865644454956,0.32426294684410095
3788753,8ab20863-db1d-4c55-a15e-4c28ff9cf9da,Clearance,1,0.21288515406162464,0.28741851449012756,0.1271096169948578,0.18051928281784058,0.28985124826431274,0.28912004828453064,0.23955535888671875
3788753,b4f11b06-2b72-4dfd-972f-9a79f0020f14,Pass,0,0.21288515406162464,0.11688479036092758,0.06634070724248886,0.0415632501244545,0.04579794034361839,0.2257480025291443,0.29810166358947754
3788753,8d93a022-5d73-404c-b453-755a6653b62a,Clearance,1,0.21288515406162464,0.34871551394462585,0.2111162543296814,0.26000073552131653,0.3447924256324768,0.2797018885612488,0.3049200773239136
3788753,ac6e16ff-261a-4fd2-b21a-1257aca7232f,Pass,0,0.21288515406162464,0.15803107619285583,0.09558114409446716,0.07375951111316681,0.09411993622779846,0.0354827344417572,0.05843266844749451
3788753,dd6703e4-1c7c-4892-ac85-4dd30eb14b47,Pass,1,0.21288515406162464,0.0950760692358017,0.22255171835422516,0.22082754969596863,0.2019275575876236,0.09862735122442245,0.1371263712644577
3788753,b339a017-440c-4a06-9608-5dccfdb2a9a2,Clearance,0,0.21288515406162464,0.2921581268310547,0.4704168140888214,0.4689246416091919,0.4965037703514099,0.47104063630104065,0.48537108302116394
3788754,6ae223c6-d4a7-4f3d-9c32-ae5cba749a27,Pass,1,0.2126865671641791,0.12738245725631714,0.13086459040641785,0.05323362350463867,0.07331183552742004,0.3035241663455963,0.35867446660995483
3788754,41fffe96-ab40-4d87-a752-b14d1fc766f9,Clearance,1,0.2126865671641791,0.2656363248825073,0.2869369387626648,0.20282134413719177,0.39202356338500977,0.3126043379306793,0.41232922673225403
3788754,f539734c-1267-4049-89a3-79246195b501,Pass,0,0.2126865671641791,0.10464774072170258,0.09367790073156357,0.07756612449884415,0.06707531958818436,0.04094589129090309,0.0348963625729084
3788754,1cd3ebe5-16ce-438a-8886-0d74fe8755d9,Clearance,1,0.2126865671641791,0.3969430923461914,0.2509017884731293,0.32815495133399963,0.5520341396331787,0.561420202255249,0.5775445103645325
3788754,129e7517-a447-473e-bca0-145aed037686,Clearance,0,0.2126865671641791,0.2494318038225174,0.3088921308517456,0.41219085454940796,0.6052250266075134,0.5167341232299805,0.54913729429245
3788754,b6e65c72-7181-4d0e-9f19-4a3b03711ed8,Clearance,0,0.2126865671641791,0.19791977107524872,0.07255131006240845,0.1127677857875824,0.35054945945739746,0.4076484739780426,0.4458703398704529
3788754,ca8df73d-e356-409a-a91b-b02d79bc39ae,Clearance,0,0.2126865671641791,0.17164213955402374,0.16987740993499756,0.21256428956985474,0.3468945324420929,0.3571096956729889,0.37618884444236755
3788755,0ce0b2bf-1683-4afb-be44-dabf309a7ee6,Pass,0,0.2135877152163797,0.10762379318475723,0.21239618957042694,0.1836654096841812,0.1442781239748001,0.15262500941753387,0.2202272117137909
3788755,e49fb902-472a-4284-a8fd-aaeb92d333cf,Clearance,0,0.2135877152163797,0.16198024153709412,0.3089491128921509,0.45108142495155334,0.6305525898933411,0.45598646998405457,0.5449645519256592
3788755,f1bf6c37-402c-41c9-9821-8e2212d43c24,Clearance,0,0.2135877152163797,0.27881956100463867,0.29864299297332764,0.322898268699646,0.3340798616409302,0.3860774338245392,0.34606418013572693
3788755,5494fb97-b2f1-4f30-912a-18da74ada278,Pass,0,0.2135877152163797,0.11112792789936066,0.05808404088020325,0.0662326067686081,0.08404945582151413,0.08917894959449768,0.05738494172692299
3788755,006a4558-b2bc-4975-8b6f-f4b59db71958,Pass,0,0.2135877152163797,0.09579294919967651,0.12179078161716461,0.0990995243191719,0.09717635065317154,0.05472192168235779,0.06398528069257736
3788755,66605730-a949-49a3-841f-0936c6527811,Clearance,1,0.2135877152163797,0.2128194272518158,0.10272078216075897,0.1441526710987091,0.2374597042798996,0.27602460980415344,0.31749939918518066
3788755,b330ccb2-9752-475d-96ae-04e9f59c1337,Clearance,1,0.2135877152163797,0.14532986283302307,0.28392088413238525,0.3923662304878235,0.6235978007316589,0.6452174782752991,0.6070915460586548
3788755,9b54696f-0cc8-49c3-a37b-84b763df0c41,Pass,0,0.2135877152163797,0.16474567353725433,0.04795307666063309,0.028634408488869667,0.02097204700112343,0.015083618462085724,0.031109871342778206
3788755,06c5c0e2-d44e-4694-9f64-bee32a8b5ef0,Clearance,1,0.2135877152163797,0.15316720306873322,0.22149136662483215,0.19236347079277039,0.4867047667503357,0.5139201283454895,0.5434000492095947
3788755,a9e36dbc-bea3-4c2d-8222-a4504d98c376,Pass,0,0.2135877152163797,0.1743590235710144,0.11774418503046036,0.0919455736875534,0.08093655109405518,0.022272350266575813,0.021655308082699776
3788755,ff6cd250-ff35-422f-a6d9-057e4422f3e0,Pass,0,0.2135877152163797,0.26493677496910095,0.2752920687198639,0.3191622793674469,0.30065375566482544,0.31266236305236816,0.3161226809024811
3788755,2b579a8f-b9c0-400c-ae91-f9bebbe4a085,Clearance,0,0.2135877152163797,0.20877620577812195,0.09055614471435547,0.23746277391910553,0.3817254900932312,0.4533884823322296,0.4681883752346039
3788755,7bf4ffb7-8589-4732-9d93-15b7af6f075e,Pass,0,0.2135877152163797,0.15133509039878845,0.10268419981002808,0.12068882584571838,0.05979155749082565,0.035006046295166016,0.06995385140180588
3788755,e1db201d-dd99-463d-ae7e-c65e8e47acbc,Clearance,1,0.2135877152163797,0.21938268840312958,0.23676076531410217,0.35885360836982727,0.4335744082927704,0.5167462825775146,0.4657291769981384
3788755,3979d6f3-8845-43c7-8df5-41b20432de30,Clearance,0,0.2135877152163797,0.14565037190914154,0.500527024269104,0.42731472849845886,0.6415018439292908,0.6757774949073792,0.6662248969078064
3788755,87d07bda-0d27-42df-a48e-2a1dcc7e68f9,Pass,1,0.2135877152163797,0.12680572271347046,0.059152912348508835,0.04585608094930649,0.030730029568076134,0.013467559590935707,0.013940168544650078
3788755,76df3477-8d15-4bf1-a702-9b679681e066,Clearance,0,0.2135877152163797,0.19597284495830536,0.45932427048683167,0.4243689477443695,0.42904672026634216,0.4346332550048828,0.4633646011352539
3788755,8e9f0618-eaa1-4359-836f-3cfb29a74dae,Clearance,1,0.2135877152163797,0.4641962945461273,0.5488088726997375,0.47627854347229004,0.5237776041030884,0.4669315218925476,0.4861273169517517
3788755,bcd782ad-f916-41f6-8a0d-5e854382d379,Clearance,1,0.2135877152163797,0.3404647707939148,0.22276680171489716,0.19485479593276978,0.2038901448249817,0.1792706400156021,0.21320320665836334
3788756,4cc13a83-90b3-4c81-925b-3846aae863ee,Pass,0,0.21302325581395348,0.16391350328922272,0.07429581880569458,0.03930472582578659,0.026692381128668785,0.017186202108860016,0.02286754548549652
3788756,7c07c123-54af-418b-bb83-2b62d10fbe78,Clearance,0,0.21302325581395348,0.28285786509513855,0.2627062499523163,0.3131926655769348,0.4305247664451599,0.47013482451438904,0.482206791639328
3788756,af141133-bf91-4068-91e1-b0bfb72e4028,Clearance,0,0.21302325581395348,0.23971714079380035,0.2871907353401184,0.36407801508903503,0.5669930577278137,0.5068267583847046,0.5292844176292419
3788756,601b31c5-efd3-4a72-86dc-a52c94ed119a,Pass,0,0.21302325581395348,0.3047482669353485,0.15345004200935364,0.14721369743347168,0.16464096307754517,0.15219703316688538,0.04473233222961426
3788756,737b4821-a9ce-4ed2-995d-0ad1919e381e,Clearance,0,0.21302325581395348,0.1976831704378128,0.12281373143196106,0.14978232979774475,0.43615642189979553,0.5167048573493958,0.4998266100883484
3788756,ca19d074-882f-4ef2-8e3b-d978cbd035a9,Pass,1,0.21302325581395348,0.3400501608848572,0.08204992115497589,0.0669388622045517,0.06686539947986603,0.274573415517807,0.10565999150276184
3788756,aa315cf6-7b1f-4f08-a111-b276fc5579cd,Clearance,0,0.21302325581395348,0.26612919569015503,0.3051600158214569,0.25255271792411804,0.3436870872974396,0.37716031074523926,0.33560478687286377
3788756,a8163d9c-794d-4704-9903-220779245321,Clearance,1,0.21302325581395348,0.24287547171115875,0.2746918797492981,0.18913328647613525,0.4631101191043854,0.5511448979377747,0.4895128905773163
3788756,57a4df68-7f27-463e-90c1-dd0596dae69c,Pass,0,0.21302325581395348,0.21517251431941986,0.04474659636616707,0.037387385964393616,0.03410995006561279,0.022118883207440376,0.014724193140864372
3788756,ebb8dc65-2b16-4f82-8ff8-45f883058976,Pass,0,0.21302325581395348,0.3952811658382416,0.16727985441684723,0.1299855262041092,0.12340366840362549,0.09478328377008438,0.1183844730257988
3788757,7f485893-39a1-4282-b1ca-b54b51c861f3,Pass,1,0.2135877152163797,0.10015403479337692,0.1210642009973526,0.15058039128780365,0.07894202321767807,0.02454574592411518,0.023362919688224792
3788757,e419a4dd-d399-4822-9635-201cbc0897f4,Pass,1,0.2135877152163797,0.1525333672761917,0.01967056468129158,0.013773725368082523,0.014714145101606846,0.024758730083703995,0.03753189370036125
3788757,0fc5141f-d620-499f-a499-2a7868fa6419,Clearance,0,0.2135877152163797,0.31112101674079895,0.43166133761405945,0.4037487208843231,0.39670470356941223,0.40250062942504883,0.5117935538291931
3788757,dc4a48f3-4f19-4f70-ab38-bf308831680e,Clearance,1,0.2135877152163797,0.3346826434135437,0.2910234332084656,0.2836533784866333,0.44019371271133423,0.43248388171195984,0.4325309991836548
3788757,9ea91e18-dcd0-467d-a96e-fcb23232f713,Clearance,1,0.2135877152163797,0.4087827801704407,0.5160982608795166,0.37402522563934326,0.37595778703689575,0.356875479221344,0.39005252718925476
3788757,dbe1af99-23fe-4916-ba4d-96e4a3a506e8,Pass,0,0.2135877152163797,0.10679376125335693,0.04566069692373276,0.0515824556350708,0.08359751105308533,0.03480744734406471,0.04147404059767723
3788757,2bca006f-8c6a-411d-9c49-9ef4763121c7,Pass,0,0.2135877152163797,0.20171020925045013,0.31918442249298096,0.29437991976737976,0.22443152964115143,0.1305575668811798,0.15482468903064728
3788757,a358e49a-dd1f-4618-9926-1e669caed35a,Clearance,1,0.2135877152163797,0.32195594906806946,0.23444117605686188,0.3030105531215668,0.1886952519416809,0.22667068243026733,0.1850157082080841
3788758,547d8a3d-64c6-4aa3-906e-30d5bb70dab6,Pass,0,0.21288515406162464,0.17113417387008667,0.1812092661857605,0.10665328800678253,0.09527654200792313,0.11576676368713379,0.08394702523946762
3788758,3c5ff690-ca11-4d78-b685-cafe316b2bc1,Pass,0,0.21288515406162464,0.09741836041212082,0.1375408172607422,0.16298219561576843,0.12856394052505493,0.04950592666864395,0.06979288160800934
3788758,b622eab2-ec69-4f1f-9e81-f20d5342b6c2,Pass,0,0.21288515406162464,0.28795379400253296,0.12107843905687332,0.08564723283052444,0.05337870121002197,0.06306145340204239,0.05038813129067421
3788758,b8437af2-6898-47c4-b822-68111a014770,Clearance,1,0.21288515406162464,0.25144731998443604,0.3449346125125885,0.4864204227924347,0.40899965167045593,0.41773349046707153,0.4239327907562256
3788758,0ca2eb11-fecf-41fa-ade2-df208cb06381,Clearance,1,0.21288515406162464,0.22221556305885315,0.18455469608306885,0.23959986865520477,0.4746062159538269,0.4046221971511841,0.4475253224372864
3788758,56d66bd0-e66d-4189-a0c1-f0b7dd11c417,Clearance,1,0.21288515406162464,0.19720028340816498,0.20776937901973724,0.3427554965019226,0.4246232509613037,0.5016896724700928,0.5571019649505615
3788758,ce057f6a-1426-4a77-a2b1-c6475fc26589,Pass,0,0.21288515406162464,0.05179367586970329,0.10348391532897949,0.1026272401213646,0.1277075856924057,0.03333396837115288,0.03715499863028526
3788758,94f30043-664d-43e3-a812-c950a772666a,Clearance,0,0.21288515406162464,0.05954252555966377,0.09946613758802414,0.1513262242078781,0.3719801604747772,0.41245123744010925,0.4405733346939087
3788758,3f1707e7-ea6d-4423-b191-edcc68701447,Clearance,1,0.21288515406162464,0.1655336320400238,0.2713710069656372,0.3485614061355591,0.40504342317581177,0.4348566234111786,0.3952350616455078
3788758,fc04ec13-6562-4be7-9857-d594b96b402d,Clearance,0,0.21288515406162464,0.22310440242290497,0.22006244957447052,0.2760404646396637,0.3650347888469696,0.39940258860588074,0.4024181365966797
3788759,ac07f0c2-b0d0-4748-b5c0-6aca937c9493,Pass,0,0.21288515406162464,0.12522752583026886,0.13696056604385376,0.09504524618387222,0.09520971775054932,0.05409924313426018,0.05377506837248802
3788759,ca1d9f57-a7e7-4f21-961d-75b91c7a3e5b,Clearance,1,0.21288515406162464,0.16699983179569244,0.18242447078227997,0.29343095421791077,0.3448404371738434,0.36661165952682495,0.3659723103046417
3788759,ba05d6d2-e454-4f4e-93fd-1908b2776581,Pass,0,0.21288515406162464,0.19111846387386322,0.06507977098226547,0.09993435442447662,0.11478176712989807,0.11028729379177094,0.07349436730146408
3788759,098de10e-3c75-4db8-a05f-95a4bea387f4,Clearance,0,0.21288515406162464,0.3214345872402191,0.12465013563632965,0.08531902730464935,0.11972644180059433,0.12762203812599182,0.11579908430576324
3788759,29749bda-a25e-468f-8214-031c893f4f8b,Pass,0,0.21288515406162464,0.21685686707496643,0.10892975330352783,0.11505686491727829,0.10209030658006668,0.05127052590250969,0.03011617623269558
3788759,87f65e3c-6958-4840-a7bc-c532b0e41c66,Clearance,1,0.21288515406162464,0.24735334515571594,0.339749813079834,0.29680928587913513,0.31566864252090454,0.23085477948188782,0.24180766940116882
3788759,a8a12de4-89a7-4961-bc91-7d3e6f471eda,Pass,0,0.21288515406162464,0.25828954577445984,0.20920449495315552,0.31691500544548035,0.16253340244293213,0.07649776339530945,0.09890467673540115
3788759,fff8961b-3a73-4fa5-8b6a-8a248e211470,Clearance,1,0.21288515406162464,0.3711037039756775,0.4711567163467407,0.4636019170284271,0.48627299070358276,0.3460964262485504,0.35563522577285767
3788759,ef13c5a2-d252-4de9-81cd-167e941bea33,Clearance,1,0.21288515406162464,0.18138645589351654,0.30390384793281555,0.30879318714141846,0.3334626853466034,0.35140934586524963,0.2632662057876587
3788759,dca09e2a-0d0b-44da-9905-abef88128a0d,Clearance,1,0.21288515406162464,0.14946413040161133,0.37257906794548035,0.36848899722099304,0.3525371253490448,0.41836971044540405,0.39957091212272644
3788759,b12a1e65-7ac4-46dc-991b-e253af5d6872,Pass,1,0.21288515406162464,0.164021834731102,0.11382167041301727,0.16690494120121002,0.08401326835155487,0.0393713042140007,0.03673718124628067
3788759,8d650dbb-c90c-4d78-8b42-9c8c937f6269,Clearance,1,0.21288515406162464,0.260647177696228,0.204957515001297,0.26908862590789795,0.4177362322807312,0.5011228322982788,0.5329535007476807
3788759,6eee63b4-721c-4d7e-8ced-d295502c4c1d,Pass,1,0.21288515406162464,0.15416456758975983,0.08861466497182846,0.07711803168058395,0.10360583662986755,0.05603421479463577,0.0330745168030262
3788759,859286c6-b311-4f73-a070-cb773bd47387,Clearance,1,0.21288515406162464,0.17362400889396667,0.29694879055023193,0.36106693744659424,0.5253816246986389,0.4606347680091858,0.4596424400806427
3788759,1371b0ae-b584-42b8-8a24-712739ce46fa,Pass,0,0.21288515406162464,0.4034033417701721,0.2433791309595108,0.26559770107269287,0.14875663816928864,0.2088824212551117,0.10626109689474106
3788759,b7a2a714-1f04-4e59-99ee-de9ba23ca934,Clearance,1,0.21288515406162464,0.15687650442123413,0.2596626877784729,0.43181225657463074,0.5760674476623535,0.5930934548377991,0.5658659338951111
3788760,7829878a-ff0e-43c6-9c9e-da4bda72da8e,Clearance,0,0.2135877152163797,0.22773471474647522,0.21930675208568573,0.21625635027885437,0.3788212537765503,0.37593284249305725,0.32749465107917786
3788760,f26d6239-b014-46d8-9a4a-a3b10663aa48,Clearance,0,0.2135877152163797,0.4108554422855377,0.5244227647781372,0.49196359515190125,0.5824421644210815,0.6127078533172607,0.6299024820327759
3788760,8c29d524-6d7a-4c4d-9ab5-fc2afe2c10b9,Pass,0,0.2135877152163797,0.2618962228298187,0.3291498124599457,0.32137995958328247,0.3137214183807373,0.4872201085090637,0.47473934292793274
3788760,607cb474-bd65-448f-b39b-a54dc03acf0a,Pass,0,0.2135877152163797,0.07612615823745728,0.08169573545455933,0.0648360401391983,0.0716017335653305,0.018774596974253654,0.02187151089310646
3788760,cff8585f-3fa1-413b-8c30-beff1bf0e0bb,Pass,0,0.2135877152163797,0.12483975291252136,0.09849626570940018,0.06395799666643143,0.07030335068702698,0.013650561682879925,0.00801538210362196
3788760,779d69c0-d05c-427a-85d2-7591fe8e0bb9,Clearance,1,0.2135877152163797,0.23921719193458557,0.3142009377479553,0.4768584668636322,0.5319505333900452,0.5636225938796997,0.5088258981704712
3788760,352a16d2-3499-40dd-8fd2-994b7b48aae2,Pass,0,0.2135877152163797,0.16724054515361786,0.15773563086986542,0.20980802178382874,0.14820097386837006,0.1262166053056717,0.09071686118841171
3788760,92053cea-46b5-45b2-b636-f54dbcd7c509,Clearance,0,0.2135877152163797,0.3457619249820709,0.1902991682291031,0.1601380556821823,0.1360010951757431,0.14940887689590454,0.1396956443786621
3788760,dd795892-c6b8-46d5-89d7-f5bff4cb3fc5,Clearance,0,0.2135877152163797,0.23687607049942017,0.1396307349205017,0.10877948999404907,0.21702775359153748,0.2091970145702362,0.24723930656909943
3788760,fb49706a-3750-48ba-8bc7-8d64f69e34a9,Clearance,0,0.2135877152163797,0.41236892342567444,0.19624947011470795,0.24566888809204102,0.20239555835723877,0.20518851280212402,0.24383926391601562
3788760,05a24f78-1a9f-4cad-8c39-ec31342281b3,Pass,0,0.2135877152163797,0.16503344476222992,0.09968714416027069,0.09523133933544159,0.1020311564207077,0.048077527433633804,0.025575080886483192
3788760,ce141e81-0207-4829-9c67-7367f303152d,Clearance,1,0.2135877152163797,0.26995348930358887,0.3613584339618683,0.3241581618785858,0.5162965655326843,0.5380580425262451,0.6030347943305969
3788761,f6baa030-c421-4abb-9667-48990e688ab7,Clearance,0,0.2126865671641791,0.372109979391098,0.2705768048763275,0.2408154010772705,0.3561524450778961,0.28330197930336,0.33071625232696533
3788761,94c9d24e-0aec-4333-bdd4-110f89a8155e,Clearance,0,0.2126865671641791,0.2099885642528534,0.12203868478536606,0.19068650901317596,0.25990530848503113,0.2903876304626465,0.2472839057445526
3788761,ac7ecc49-666f-4c0c-9517-e74441741f63,Clearance,0,0.2126865671641791,0.25144141912460327,0.22381004691123962,0.23074154555797577,0.36599594354629517,0.3877101242542267,0.36082205176353455
3788761,0fc897ee-12eb-44d6-be89-7063db5eb9e9,Clearance,1,0.2126865671641791,0.09927888959646225,0.2809705436229706,0.3233821988105774,0.5642015337944031,0.599568784236908,0.5877739191055298
3788761,2f997022-71a6-4b0b-81c0-25c7622e97cb,Clearance,0,0.2126865671641791,0.4334311783313751,0.3969491124153137,0.25680118799209595,0.3105255663394928,0.2350807934999466,0.35231396555900574
3788761,25ddfca0-81d0-418d-81a4-4b86b7f21c01,Pass,1,0.2126865671641791,0.05020308494567871,0.12567369639873505,0.08713389188051224,0.07950850576162338,0.0518680065870285,0.06322970241308212
3788761,3ef84110-6c40-4909-81a1-9efdfe8033e1,Pass,0,0.2126865671641791,0.19589665532112122,0.06769982725381851,0.058702513575553894,0.043670427054166794,0.025982024148106575,0.03144962340593338
3788761,d435b27d-5206-4e81-a302-77ae20f060e1,Clearance,0,0.2126865671641791,0.2928476631641388,0.2387010008096695,0.23809130489826202,0.23811806738376617,0.1849396824836731,0.2114402800798416
3788761,efc5bcfd-78e2-486d-9cb2-b4259a4c3c49,Pass,0,0.2126865671641791,0.09240681678056717,0.1581960767507553,0.10633108019828796,0.09170810133218765,0.04637639969587326,0.05365975573658943
3788761,362bca4d-dd4b-4a46-b7df-7ac7fc65e621,Clearance,1,0.2126865671641791,0.1576036661863327,0.24492734670639038,0.1517040729522705,0.30350378155708313,0.3222137987613678,0.33491191267967224
3788761,7a6ba182-d0c2-4d5c-aa40-4098ead077de,Clearance,0,0.2126865671641791,0.12726996839046478,0.29313331842422485,0.27520689368247986,0.39104703068733215,0.35507655143737793,0.4256676733493805
3788761,96c3dd12-876f-476b-9ef2-a20acc789518,Pass,1,0.2126865671641791,0.30837154388427734,0.26642727851867676,0.24499502778053284,0.206360325217247,0.11613766849040985,0.5400912165641785
3788761,53b3886f-f8e0-4b49-bbd9-4f499ba68b0b,Clearance,1,0.2126865671641791,0.22418442368507385,0.3128869831562042,0.2812599539756775,0.4228757321834564,0.41576674580574036,0.4622858762741089
3788761,b87181ec-868d-4f55-bd01-5a09287166ef,Clearance,0,0.2126865671641791,0.22474676370620728,0.39768144488334656,0.3524661362171173,0.5387683510780334,0.5689004063606262,0.5272925496101379
3788761,8d5ebbd9-1e1b-42db-bdb3-99b8db14bee5,Pass,1,0.2126865671641791,0.24784718453884125,0.26602503657341003,0.16778680682182312,0.14588630199432373,0.08350934088230133,0.17462539672851562
3788761,d34da0b2-99e0-4da8-8228-c1faefd26308,Clearance,0,0.2126865671641791,0.37644654512405396,0.42778924107551575,0.4140494465827942,0.4892728924751282,0.480719655752182,0.4103401303291321
3788761,086b7903-a1a8-4ab3-bdab-697d92fdf5a7,Clearance,0,0.2126865671641791,0.08936992287635803,0.08004528284072876,0.05133144557476044,0.16489630937576294,0.13633857667446136,0.15329650044441223
3788761,a35fa866-2f94-4f2b-a76b-035723ed370c,Clearance,1,0.2126865671641791,0.1578512191772461,0.3263331651687622,0.39371660351753235,0.5498195290565491,0.45949214696884155,0.4538561701774597
3788761,89027e44-ac7a-4fd9-adcb-dfaec5081569,Clearance,0,0.2126865671641791,0.3404075801372528,0.20460084080696106,0.29223141074180603,0.2035226821899414,0.30472588539123535,0.2387840747833252
3788761,f0135be6-2e02-4887-a0a1-2c8892909344,Clearance,0,0.2126865671641791,0.35870733857154846,0.23020410537719727,0.19160792231559753,0.14503934979438782,0.1724148392677307,0.19095368683338165
3788761,b2bf58da-efea-4f04-ad5c-9eb7b0286540,Pass,1,0.2126865671641791,0.19283220171928406,0.1893974244594574,0.1819733828306198,0.2670932114124298,0.3080594539642334,0.4607812762260437
3788762,48a9cbf5-385c-489b-bda2-e4a7948b2012,Pass,0,0.21302325581395348,0.22448833286762238,0.10917730629444122,0.07514575868844986,0.060101985931396484,0.03673354536294937,0.037700872868299484
3788762,7ec1d2ad-969e-48de-bb92-3c80839f329d,Clearance,0,0.21302325581395348,0.2735694646835327,0.4250998795032501,0.4725063741207123,0.489131897687912,0.49180731177330017,0.4754426181316376
3788762,6bf36063-c99f-40a3-8616-acbb5e560e1e,Pass,0,0.21302325581395348,0.15038540959358215,0.11043399572372437,0.10787145048379898,0.07585201412439346,0.23399201035499573,0.366249680519104
3788762,b359ab0e-d8bd-4683-b1d8-7e32d0762a7a,Pass,0,0.21302325581395348,0.1815912127494812,0.27369365096092224,0.2389063835144043,0.1403544843196869,0.0837143287062645,0.06017221882939339
3788762,09a15491-64ae-4d65-959b-07176c9e77ae,Clearance,0,0.21302325581395348,0.18128849565982819,0.43210944533348083,0.40428897738456726,0.28369763493537903,0.3855004906654358,0.32360440492630005
3788762,ddacd3d8-8ea7-44d8-9849-e1876b8d15de,Clearance,0,0.21302325581395348,0.30701637268066406,0.4641167223453522,0.4735470712184906,0.4439333975315094,0.43652480840682983,0.4113139510154724
3788762,67951149-f6a9-4bd1-8048-95799b030739,Pass,0,0.21302325581395348,0.16080127656459808,0.16685016453266144,0.10739454627037048,0.06658074259757996,0.03050946816802025,0.025892123579978943
3788762,c6d36e73-3ac2-4660-985b-b3bf028c7947,Pass,1,0.21302325581395348,0.24149097502231598,0.08799903094768524,0.0707651823759079,0.0660770907998085,0.10559573769569397,0.15699149668216705
3788762,ec8299b4-cd49-4320-9d66-40f191ff340c,Clearance,0,0.21302325581395348,0.13184621930122375,0.2486916482448578,0.1580425649881363,0.1975259929895401,0.20211663842201233,0.23428724706172943
3788762,ec01423a-3a87-4a25-954b-9e51b3d59b02,Clearance,0,0.21302325581395348,0.2331293821334839,0.34421759843826294,0.4401175081729889,0.6123804450035095,0.6968647837638855,0.5915679335594177
3788762,0f440c7e-b21d-45e7-ab53-42a74784699f,Pass,0,0.21302325581395348,0.08189601451158524,0.07960299402475357,0.05821285769343376,0.03957078978419304,0.036779843270778656,0.01537838950753212
3788763,c25eba10-a66b-44af-b76f-930e360f8ee7,Pass,0,0.2126865671641791,0.1376994252204895,0.10568519681692123,0.1093025654554367,0.10908243805170059,0.053772103041410446,0.043190546333789825
3788763,530c66f9-d74f-4802-ba1c-f8efbd8254e6,Pass,0,0.2126865671641791,0.13123996555805206,0.08457426726818085,0.05027015507221222,0.049264274537563324,0.07174856215715408,0.060694124549627304
3788763,4666df94-58d3-40a0-8d0b-b4040ceb14d6,Pass,1,0.2126865671641791,0.1527324765920639,0.20571154356002808,0.06568597257137299,0.1082252562046051,0.22855575382709503,0.1245603859424591
3788763,fb39256c-e72a-4ad7-aebd-ce24541e7e01,Pass,0,0.2126865671641791,0.09512381255626678,0.06837254762649536,0.12974298000335693,0.08924899995326996,0.086069256067276,0.052907511591911316
3788764,5d562c06-4946-4ac9-90ea-2fc02e879105,Clearance,0,0.2135877152163797,0.14905714988708496,0.1252085566520691,0.23459503054618835,0.42000874876976013,0.3903387188911438,0.4282039701938629
3788764,1d7c4dc8-2d2a-44b2-9550-fac4711df6a6,Clearance,0,0.2135877152163797,0.19761592149734497,0.43284085392951965,0.4168129861354828,0.510115921497345,0.46390384435653687,0.39938628673553467
3788764,4b2f5b8a-a7ec-422b-8e5d-1b9ec1f67219,Clearance,0,0.2135877152163797,0.3729815185070038,0.3492904305458069,0.3761703670024872,0.3663507103919983,0.41005024313926697,0.37943732738494873
3788765,27520132-b8a5-48c2-8744-fd1eb18ad506,Clearance,0,0.21378667908709828,0.26684829592704773,0.2149285078048706,0.21616990864276886,0.29584023356437683,0.33388572931289673,0.31233057379722595
3788765,f59b686c-bc8d-4328-979e-76bae4280547,Pass,0,0.21378667908709828,0.10426221042871475,0.11647700518369675,0.06437265127897263,0.040143709629774094,0.03261271491646767,0.03357622027397156
3788765,d2019b57-a923-4c18-8ecb-a30c5671e3b5,Clearance,0,0.21378667908709828,0.373453289270401,0.29578953981399536,0.2725958228111267,0.4500664174556732,0.4130623936653137,0.36666232347488403
3788765,1c3a70db-b355-449b-9ff6-99318ff0d710,Clearance,0,0.21378667908709828,0.07400133460760117,0.18508240580558777,0.18018221855163574,0.41122618317604065,0.4274734854698181,0.4631976783275604
3788765,3495192f-1a17-498e-bada-789931be7fde,Clearance,0,0.21378667908709828,0.20388391613960266,0.1536542922258377,0.21849149465560913,0.2824096977710724,0.40789124369621277,0.45091867446899414
3788765,fc06acb3-7c19-49c9-988e-cd1e5a824f7a,Clearance,0,0.21378667908709828,0.4437587261199951,0.2678212523460388,0.3641294836997986,0.3033598065376282,0.2573254704475403,0.2965010106563568
3788765,55b606df-5459-4df8-8bbe-0836fa251cc0,Pass,0,0.21378667908709828,0.16768716275691986,0.1617177128791809,0.1622064858675003,0.14563097059726715,0.14704281091690063,0.14751660823822021
3788765,1b2ce998-4810-4ead-8091-efd72a49ddfd,Clearance,1,0.21378667908709828,0.37003105878829956,0.2289813756942749,0.28172674775123596,0.3984147906303406,0.5381861925125122,0.44744598865509033
3788765,09d96444-5b85-4075-b175-407c4ced2308,Pass,0,0.21378667908709828,0.13129225373268127,0.11188206821680069,0.06250910460948944,0.04879191145300865,0.04403548687696457,0.05748572200536728
3788765,8d5e25cd-3f6b-4e0f-8e93-daef35edd157,Clearance,0,0.21378667908709828,0.2791810631752014,0.32125720381736755,0.24664606153964996,0.28986990451812744,0.27946022152900696,0.32162633538246155
3788766,eb891ab1-1f08-4026-ac10-8080a52a8aaa,Clearance,0,0.2126865671641791,0.19610881805419922,0.20518174767494202,0.1734296828508377,0.33643507957458496,0.2962086796760559,0.3347078859806061
3788766,2206611e-f168-4d9d-890d-5b8b9cb8999a,Pass,0,0.2126865671641791,0.09852775186300278,0.07480676472187042,0.0771031379699707,0.06856436282396317,0.1282644420862198,0.11451299488544464
3788766,558163ec-00cb-47e6-b0e2-2e8b0bd6fb5a,Clearance,0,0.2126865671641791,0.3143102526664734,0.14677464962005615,0.3265058398246765,0.2760382294654846,0.33582302927970886,0.30360162258148193
3788766,2de64d5f-db9d-4127-8ae0-6470baac4f06,Clearance,0,0.2126865671641791,0.19595977663993835,0.09741030633449554,0.05345051363110542,0.11195041984319687,0.12681445479393005,0.11349867284297943
3788766,79c243e4-4862-4cc1-9679-20b7755776cb,Clearance,0,0.2126865671641791,0.08998364210128784,0.0692579597234726,0.07100522518157959,0.25192081928253174,0.3383842408657074,0.30289608240127563
3788766,2d3cc14c-f61e-446d-97d7-b8eae75db568,Clearance,0,0.2126865671641791,0.44724610447883606,0.16306272149085999,0.3739243745803833,0.2968977689743042,0.32069888710975647,0.24176271259784698
3788766,42cafc01-1a92-4e48-8583-d553c07af4f4,Clearance,1,0.2126865671641791,0.2167356312274933,0.29294630885124207,0.4131377339363098,0.569133460521698,0.5946099758148193,0.6063647270202637
3788767,77c25770-4258-42e0-b0a6-9eb5c811a8f2,Pass,0,0.21302325581395348,0.37957003712654114,0.15221212804317474,0.0884142816066742,0.08086536824703217,0.09500956535339355,0.06479480862617493
3788767,85bfa93c-b663-4024-bb5e-9a398da60263,Pass,0,0.21302325581395348,0.1867310106754303,0.08736012130975723,0.06504075229167938,0.06993965059518814,0.11164656281471252,0.125398650765419
3788767,5e25b3f5-f160-40aa-82a9-fcdf4de94d50,Clearance,0,0.21302325581395348,0.4073207676410675,0.15174169838428497,0.15506400167942047,0.15232986211776733,0.15769514441490173,0.18394210934638977
3788767,a2c16231-bc0f-4bd2-be1c-6a376593d22e,Pass,1,0.21302325581395348,0.10486068576574326,0.08765140920877457,0.09537626802921295,0.07172169536352158,0.040727321058511734,0.11187963932752609
3788767,70ff5cd8-bcf3-40f3-a43b-90747507128a,Clearance,0,0.21302325581395348,0.15743708610534668,0.29934728145599365,0.2587714195251465,0.4497992694377899,0.5055207014083862,0.47377103567123413
3788767,6e1da4d3-ca62-4bb2-a307-31ab8c78fdc7,Pass,0,0.21302325581395348,0.15397344529628754,0.038399361073970795,0.03009713441133499,0.028954125940799713,0.02006279118359089,0.013314970768988132
3788767,2842ca8a-88e7-4f6a-b305-50a7795e7b36,Clearance,0,0.21302325581395348,0.18610268831253052,0.07720990478992462,0.06856968998908997,0.2511749565601349,0.21895544230937958,0.31371358036994934
3788767,2923f901-60bc-437c-a2b1-bfa4dea459e1,Pass,0,0.21302325581395348,0.09198369830846786,0.06444734334945679,0.03570953756570816,0.05541606247425079,0.03298754617571831,0.02803204581141472
3788767,da29a43e-d8b1-459f-90d0-9d044b331c10,Pass,0,0.21302325581395348,0.15687252581119537,0.1821570098400116,0.15495601296424866,0.06096857041120529,0.03607286512851715,0.04332956299185753
3788767,324a94db-29f9-4a5d-97b7-96c8122935bb,Pass,0,0.21302325581395348,0.2164042592048645,0.09158682823181152,0.08867009729146957,0.08814295381307602,0.09090928733348846,0.14632980525493622
3788767,b2c08438-9b0b-4e23-9ed4-57022a023861,Clearance,0,0.21302325581395348,0.24397017061710358,0.15628564357757568,0.18948592245578766,0.17643523216247559,0.2198391854763031,0.19755639135837555
3788767,bba30708-62a7-4ba5-9329-304e7ea491cb,Clearance,0,0.21302325581395348,0.16800877451896667,0.2395869791507721,0.2151944786310196,0.32503005862236023,0.302444189786911,0.3154319226741791
3788767,4c455d46-1909-43a1-b362-e1b117bfe99a,Clearance,0,0.21302325581395348,0.2726171314716339,0.1445215493440628,0.08973277360200882,0.11152268946170807,0.13402777910232544,0.13655157387256622
3788768,bbcd5d91-734f-4ca9-885e-aa00f3c0e59e,Pass,0,0.21288515406162464,0.26001986861228943,0.30038753151893616,0.30076849460601807,0.1380518525838852,0.05947510898113251,0.07484740018844604
3788768,80c98d11-278c-4d42-9ad3-c16da408705c,Clearance,0,0.21288515406162464,0.28795138001441956,0.14530549943447113,0.19096128642559052,0.169612854719162,0.17102503776550293,0.1738198846578598
3788768,8f6dfc36-5855-488f-8c77-f3b3a0a2ac3f,Pass,0,0.21288515406162464,0.06952459365129471,0.11397238075733185,0.13117942214012146,0.10383221507072449,0.1818937212228775,0.15718072652816772
3788768,c8949c0c-bf0c-4a64-bb3d-4a407957947f,Pass,0,0.21288515406162464,0.3172840178012848,0.11544356495141983,0.17399795353412628,0.10855886340141296,0.0464133620262146,0.036351315677165985
3788768,f10308f3-0878-4094-a8f6-cdf5c6b27f2e,Clearance,0,0.21288515406162464,0.2802938222885132,0.39107805490493774,0.3475680649280548,0.37349367141723633,0.42766937613487244,0.3240453898906708
3788768,7c2b401f-d3e1-4135-a337-cb14a86203d6,Clearance,0,0.21288515406162464,0.28466275334358215,0.2308952510356903,0.1830843985080719,0.24937868118286133,0.26435965299606323,0.19766077399253845
3788768,308a27b7-d04b-47d1-8ad7-4479a0a137b3,Clearance,0,0.21288515406162464,0.2990396320819855,0.1549598127603531,0.2716028094291687,0.2924443781375885,0.27700355648994446,0.2864799201488495
3788768,a1f1be8a-c153-439c-b706-f2cc076cb55f,Clearance,1,0.21288515406162464,0.2746380865573883,0.23400621116161346,0.2970559597015381,0.27709662914276123,0.3203732967376709,0.38956964015960693
3788769,0b6840cc-c286-4521-91eb-99e834e7325c,Clearance,0,0.21302325581395348,0.2647324800491333,0.4089498221874237,0.2549925446510315,0.3421593904495239,0.25702059268951416,0.31432977318763733
3788769,e5a14cca-9041-47e7-9321-343ff748e7a0,Pass,0,0.21302325581395348,0.13621017336845398,0.05250106751918793,0.09239903837442398,0.09234479069709778,0.08287926763296127,0.07395690679550171
3788769,304f36d6-c398-4aec-acc5-ce89db9fcfcd,Clearance,1,0.21302325581395348,0.29143333435058594,0.19225050508975983,0.14735904335975647,0.16331279277801514,0.21146482229232788,0.20242488384246826
3788769,12dd7f68-c095-4158-b88a-b1f299cfe187,Pass,0,0.21302325581395348,0.1334228217601776,0.13717710971832275,0.15348367393016815,0.0895710289478302,0.05571166053414345,0.11600227653980255
3788769,bca98e3c-d9de-4d3d-99de-db8aa5a7aff1,Pass,0,0.21302325581395348,0.09843091666698456,0.06826689094305038,0.05978497490286827,0.06436144560575485,0.03439551219344139,0.03932734951376915
3788769,053a8dc3-f90b-428e-ae9c-a147d0944860,Pass,1,0.21302325581395348,0.28625649213790894,0.15752671658992767,0.11921074241399765,0.17076031863689423,0.1494721621274948,0.09492634981870651
3788769,51e9240a-a19c-4cb3-a5cc-b44a5fee3d8b,Clearance,0,0.21302325581395348,0.3007279932498932,0.4247499704360962,0.37420350313186646,0.38992029428482056,0.38516029715538025,0.4220915734767914
3788769,5e3cc708-d2a0-4db4-a237-ee9e188c004e,Clearance,1,0.21302325581395348,0.24058830738067627,0.3169337809085846,0.3801451325416565,0.6407988667488098,0.6340548396110535,0.7064206004142761
3788769,c0ccd35d-bff2-466d-9402-05b71bb18b87,Clearance,0,0.21302325581395348,0.3127731382846832,0.0980864092707634,0.13172617554664612,0.1378869265317917,0.23701359331607819,0.2361844927072525
3788769,62c9347d-d748-4404-84ee-d2d9d4756304,Pass,0,0.21302325581395348,0.18275956809520721,0.1371462643146515,0.11182961612939835,0.0920940637588501,0.07058987021446228,0.06423318386077881
3788769,3205a657-43df-48d8-ba97-a3bed0fb9878,Pass,0,0.21302325581395348,0.17852447926998138,0.14692361652851105,0.08230719715356827,0.07498760521411896,0.13759168982505798,0.08448028564453125
3788769,0b0bd93f-3a67-439f-af8b-d71529b8e631,Clearance,0,0.21302325581395348,0.15196096897125244,0.42154452204704285,0.26004815101623535,0.35420334339141846,0.3354063332080841,0.41054779291152954
3788769,405265bf-8e44-486c-a8a4-0d6f4bc678a4,Clearance,1,0.21302325581395348,0.34662243723869324,0.3851359188556671,0.3759757876396179,0.39925912022590637,0.36018505692481995,0.3402855098247528
3788769,d597c0a3-11bb-443b-9fdf-ea3faf79c1fc,Clearance,1,0.21302325581395348,0.23381467163562775,0.42224088311195374,0.3463674783706665,0.3579501807689667,0.3280780613422394,0.3466961085796356
3788769,d169b8af-aaa1-45f9-bbf7-db4eb3e482f3,Pass,1,0.21302325581395348,0.30643200874328613,0.13191728293895721,0.09811153262853622,0.11013954132795334,0.09200356155633926,0.0671653151512146
3788769,880932b9-4aaf-49ff-a545-a2bfc75b2f3c,Clearance,0,0.21302325581395348,0.1689586639404297,0.21467845141887665,0.18250462412834167,0.25520169734954834,0.30054253339767456,0.24920232594013214
3788769,e2291134-cb65-49fa-8ee8-07b3ebc024cf,Clearance,0,0.21302325581395348,0.1897292584180832,0.26273563504219055,0.3883458077907562,0.5960181951522827,0.6106631755828857,0.6339497566223145
3788770,a41c0e0f-fafd-4607-94ea-ec21e2f5a135,Pass,0,0.21288515406162464,0.1346181035041809,0.17060676217079163,0.07208317518234253,0.06830847263336182,0.04063759371638298,0.01963663101196289
3788770,52668f27-832c-48f4-be4a-1d9e91a89fd8,Pass,0,0.21288515406162464,0.07432577759027481,0.0807638019323349,0.09279946237802505,0.05971744656562805,0.06664469838142395,0.024398645386099815
3788770,5dbb6a9a-5728-456c-9adb-a8e579a82b27,Pass,0,0.21288515406162464,0.20976653695106506,0.0764947459101677,0.08104005455970764,0.03399936854839325,0.053515978157520294,0.054991140961647034
3788771,00d86fc9-7cc6-4612-b58e-7dbd95621444,Clearance,0,0.21302325581395348,0.2071104794740677,0.29041099548339844,0.39296603202819824,0.6279731392860413,0.6115461587905884,0.6580454707145691
3788771,32c3ba8a-dd18-4163-adc3-3f785bf53816,Pass,0,0.21302325581395348,0.228433296084404,0.3761615753173828,0.4026228189468384,0.4430561363697052,0.39748960733413696,0.3226712644100189
3788771,cd67582a-17ad-4c38-bf54-12ba48b1f307,Clearance,0,0.21302325581395348,0.21703411638736725,0.48384714126586914,0.4837406873703003,0.4972824454307556,0.54534912109375,0.48295703530311584
3788771,9765a4e2-eb0f-465a-af01-fcfd0220232c,Pass,0,0.21302325581395348,0.14137303829193115,0.20577247440814972,0.14730216562747955,0.12083413451910019,0.06311260908842087,0.03806713968515396
3788771,94df26fc-ee6b-4d66-955c-ca4515fd6257,Pass,0,0.21302325581395348,0.2238451987504959,0.36672043800354004,0.3836270570755005,0.37674930691719055,0.3818548023700714,0.2727109491825104
3788771,f045de78-391d-4219-9239-d16d19f12970,Clearance,0,0.21302325581395348,0.13012510538101196,0.12981708347797394,0.20086127519607544,0.3199656307697296,0.3985379934310913,0.32483288645744324
3788771,1c4a1897-cd6f-4777-9319-86068450b94e,Clearance,0,0.21302325581395348,0.18716150522232056,0.1470448523759842,0.09289838373661041,0.21274323761463165,0.20251961052417755,0.28607550263404846
3788771,a77a0e8a-4a72-49c2-a5c9-f7ecceb8ffec,Clearance,1,0.21302325581395348,0.22581669688224792,0.28206875920295715,0.2726999819278717,0.3900822401046753,0.38411375880241394,0.3729248642921448
3788771,e9e659c1-f966-4f3a-8735-384dde028cc1,Pass,0,0.21302325581395348,0.24543799459934235,0.3212081789970398,0.17451195418834686,0.10031852126121521,0.05888580530881882,0.05646919831633568
3788771,f691f8b4-0438-4d76-ab1f-b05f361738a3,Clearance,0,0.21302325581395348,0.39228200912475586,0.20348650217056274,0.3799178898334503,0.3054405450820923,0.360960453748703,0.4177023768424988
3788772,025d838f-2b99-49b7-9782-a226116ce98b,Clearance,1,0.21288515406162464,0.3048752546310425,0.24015185236930847,0.25766974687576294,0.37895840406417847,0.3440319895744324,0.4305281639099121
3788772,430c5f05-9db2-4130-9c67-a5c6a7be22fa,Pass,0,0.21288515406162464,0.1583944857120514,0.14322040975093842,0.15918070077896118,0.11104949563741684,0.04227134585380554,0.05153316259384155
3788772,4b753db9-77a2-4523-97f9-0bc81a4afe96,Clearance,0,0.21288515406162464,0.15419700741767883,0.3469223082065582,0.24437779188156128,0.4979129433631897,0.4368349611759186,0.5069580078125
3788772,8a2ca59c-639c-449e-8fa8-a06adc0c0187,Clearance,0,0.21288515406162464,0.23503462970256805,0.1985987424850464,0.2569648027420044,0.3022041320800781,0.2574326694011688,0.2651335895061493
3788772,f7bed4de-99de-4fb3-a4aa-b764f1394de3,Clearance,1,0.21288515406162464,0.15402688086032867,0.13270056247711182,0.19925391674041748,0.31644105911254883,0.27015969157218933,0.30862799286842346
3788772,f71297f8-18ce-4f08-9125-f4281616e181,Clearance,0,0.21288515406162464,0.22053319215774536,0.1846192330121994,0.14535188674926758,0.2700712978839874,0.27885007858276367,0.30854618549346924
3788772,c35388b8-9b19-4a77-aaa7-cb721160b360,Clearance,1,0.21288515406162464,0.1848326027393341,0.12039845436811447,0.1763930320739746,0.31994950771331787,0.3295990824699402,0.2578381896018982
3788772,0ea7cee4-1b0d-490e-a6c9-6a53e0ca0201,Clearance,1,0.21288515406162464,0.2633780837059021,0.22350625693798065,0.3264409005641937,0.3466915190219879,0.3732052445411682,0.4145515561103821
3788772,b079ed04-c009-47f6-a422-5a9c7b0b1b2d,Clearance,0,0.21288515406162464,0.31927287578582764,0.34471839666366577,0.18786083161830902,0.3962867259979248,0.4380619525909424,0.3700491786003113
3788772,ecca168b-0c87-453c-8961-36f311ff10e5,Pass,0,0.21288515406162464,0.13704714179039001,0.23233763873577118,0.2685815095901489,0.14123563468456268,0.07957968860864639,0.11913640797138214
3788772,8ddd49b1-65f5-4ee2-9f57-794dc478da03,Pass,0,0.21288515406162464,0.15023070573806763,0.14329388737678528,0.09685719013214111,0.0771859735250473,0.031351640820503235,0.03027026169002056
3788773,a34eae42-fa87-4972-835a-39fed83e7c49,Clearance,1,0.21302325581395348,0.19771170616149902,0.2940948009490967,0.2851255238056183,0.4395945072174072,0.4712187647819519,0.4863188862800598
3788773,0df42077-30b6-468d-80aa-da72cca7b197,Clearance,1,0.21302325581395348,0.18578051030635834,0.343624085187912,0.3554813265800476,0.5368539690971375,0.5391021370887756,0.5248200297355652
3788773,a6b7e9d6-a507-4edb-9d00-cdf64253500c,Pass,1,0.21302325581395348,0.14257696270942688,0.14862972497940063,0.15483784675598145,0.07471738010644913,0.18481650948524475,0.3046634793281555
3788774,6afabe1b-08e9-4b86-9ab9-38ac8af55c6f,Pass,1,0.21288515406162464,0.5406301617622375,0.15846315026283264,0.16961221396923065,0.19173714518547058,0.1854163557291031,0.24418888986110687
3788774,9e70dc65-e538-47b0-bed0-e6b7b8f6f848,Clearance,1,0.21288515406162464,0.22686560451984406,0.4497411549091339,0.27268186211586,0.3223778009414673,0.2601548135280609,0.3012467622756958
3788774,bec6d320-d754-4f1d-951f-13d49ec9b9e5,Pass,0,0.21288515406162464,0.09158335626125336,0.10564969480037689,0.09190683811903,0.0947481244802475,0.04668590426445007,0.03321787342429161
3788774,481ef884-d056-498d-b5d6-f1ca2b6a5c19,Pass,0,0.21288515406162464,0.22326615452766418,0.12843354046344757,0.12911809980869293,0.09003964811563492,0.23832321166992188,0.27124637365341187
3788774,61164b54-30f9-4b20-9503-a2560960cdd8,Clearance,1,0.21288515406162464,0.2280319333076477,0.3209857642650604,0.46544763445854187,0.4493911862373352,0.48866236209869385,0.4887736439704895
3788774,764e64a6-1b50-4e66-a266-3cbf3885f39f,Clearance,0,0.21288515406162464,0.12672464549541473,0.22399358451366425,0.2568429112434387,0.3378845155239105,0.3716614246368408,0.42579787969589233
3788774,5fb4f527-a2a7-4376-95f1-3aef1afa7749,Clearance,1,0.21288515406162464,0.27403759956359863,0.35469549894332886,0.4675048589706421,0.6443596482276917,0.6938069462776184,0.7220847010612488
3788774,76c65f73-2545-4520-b3ea-b5f13e6ba3b5,Pass,0,0.21288515406162464,0.20533782243728638,0.2402247041463852,0.1986224204301834,0.09542029350996017,0.03753530979156494,0.07161587476730347
3788775,2f757a02-7447-45e2-9c09-7fde2988ceac,Clearance,0,0.21378667908709828,0.23927804827690125,0.19396214187145233,0.12978914380073547,0.29069721698760986,0.2766544222831726,0.24394959211349487
3788775,f02a6a48-6267-4c97-87ec-2083c22328bf,Clearance,0,0.21378667908709828,0.10134892165660858,0.1432706117630005,0.27243876457214355,0.49444282054901123,0.5444833040237427,0.47041523456573486
3788775,a25405eb-438d-4a75-aac4-e31d1f9014a8,Pass,0,0.21378667908709828,0.17667819559574127,0.1432100534439087,0.15549446642398834,0.17026692628860474,0.1463044136762619,0.12483249604701996
3788776,1e87d4a5-5bdb-49e4-b0a4-baf6fafe2c51,Pass,0,0.21378667908709828,0.16179239749908447,0.34685248136520386,0.33845803141593933,0.29814934730529785,0.3227023184299469,0.29947981238365173
3788776,ce7c991d-1be1-4ac2-a6f4-74854533c942,Pass,0,0.21378667908709828,0.10705862939357758,0.21299052238464355,0.2754468619823456,0.21628570556640625,0.31997573375701904,0.29425105452537537
3788776,d75a9a3b-3fa0-49c7-ac24-eb732a43287a,Clearance,0,0.21378667908709828,0.3086702823638916,0.15429435670375824,0.13054217398166656,0.2878783643245697,0.39479032158851624,0.394523948431015
3788776,0e8fb56f-14e1-4916-9256-e507bff32bee,Pass,0,0.21378667908709828,0.47282305359840393,0.6408177614212036,0.5820727348327637,0.6521751880645752,0.6145471334457397,0.5574093461036682
3788776,7e82e738-d3df-43a6-a0b9-85682c354fed,Clearance,0,0.21378667908709828,0.3314051628112793,0.1230061799287796,0.11298219114542007,0.09778732806444168,0.10652058571577072,0.08840873092412949
3788776,1092e8b5-847c-4fd4-8462-1b9e12d2e4bb,Pass,0,0.21378667908709828,0.2815033793449402,0.16690225899219513,0.22704987227916718,0.10778095573186874,0.07470079511404037,0.11793816834688187
3788776,398e3915-1dac-4cda-8a02-e61d1bac0bc3,Clearance,1,0.21378667908709828,0.4170379340648651,0.3343730568885803,0.4255177676677704,0.39083561301231384,0.3826950490474701,0.43783149123191833
3788776,28def1bc-8828-4caf-89a1-c990ea92f8dc,Clearance,0,0.21378667908709828,0.33584609627723694,0.1802302449941635,0.2766139805316925,0.31301915645599365,0.29615339636802673,0.3630172908306122
3788776,b75faeea-b38c-4ddb-9bf8-749ad27879ac,Clearance,0,0.21378667908709828,0.2587621808052063,0.07058585435152054,0.09168015420436859,0.06762024760246277,0.07510662823915482,0.07725386321544647
3788776,571c32d9-fd0a-4fa4-b134-8096161fbe75,Clearance,1,0.21378667908709828,0.18193258345127106,0.15357954800128937,0.15320365130901337,0.22532451152801514,0.267372190952301,0.24598661065101624
3788776,97353f32-1dea-42be-82a9-7e0017caf433,Pass,1,0.21378667908709828,0.14890922605991364,0.054348234087228775,0.1576349139213562,0.07738733291625977,0.2271897941827774,0.2596636712551117
3788776,14527510-9ca4-436d-b04f-a03884cbce63,Pass,0,0.21378667908709828,0.25038841366767883,0.17240630090236664,0.13177935779094696,0.0470462366938591,0.0317547433078289,0.03717205300927162
3788776,26e8688a-96df-4ac9-81bd-020237468d55,Pass,0,0.21378667908709828,0.1412796527147293,0.18965570628643036,0.16269728541374207,0.16881640255451202,0.07595233619213104,0.03811292722821236
3788776,f88ead89-1703-42b7-8fe2-c775b11b1c45,Pass,0,0.21378667908709828,0.16974519193172455,0.16214029490947723,0.08423877507448196,0.06494326889514923,0.03515000268816948,0.029499659314751625
3788776,3d13205c-1cc8-4e2d-9c77-82e842b48fa8,Clearance,0,0.21378667908709828,0.24798044562339783,0.2642016112804413,0.1776924729347229,0.3075988292694092,0.3375701308250427,0.3859892189502716
3788776,60ee1ca2-b2a9-4240-a1d0-322f1d96e2ce,Pass,0,0.21378667908709828,0.1454792022705078,0.2362109273672104,0.32264238595962524,0.10259517282247543,0.0797525942325592,0.0805765688419342
3788776,d49d8682-ae21-4f8a-997d-20b1ae5ab2a8,Pass,0,0.21378667908709828,0.08832455426454544,0.09074874967336655,0.08261138945817947,0.10161508619785309,0.09126901626586914,0.045258015394210815
3788776,cfbaecb4-52ce-4937-ac31-c9382d7bd0b5,Pass,0,0.21378667908709828,0.08692598342895508,0.07167992740869522,0.08570390194654465,0.08805236965417862,0.14485463500022888,0.19850941002368927
3788776,e9358154-421f-4370-a7f2-b12028ce9802,Pass,0,0.21378667908709828,0.113207146525383,0.0672738254070282,0.05568905919790268,0.06130076199769974,0.028485778719186783,0.04049390181899071
3788776,559c1334-4433-46d3-9571-bad1c6eba299,Pass,0,0.21378667908709828,0.3449867367744446,0.18898287415504456,0.15660825371742249,0.15738941729068756,0.23600731790065765,0.177091583609581
3794685,e06f3a09-fb1c-4062-8a06-fb68fea7d743,Pass,0,0.2126865671641791,0.18229912221431732,0.19329890608787537,0.20235978066921234,0.14925429224967957,0.0631766989827156,0.04611822962760925
3794685,73c7432f-8587-46b6-9fb4-00c4929bba3b,Pass,0,0.2126865671641791,0.203692227602005,0.14225901663303375,0.1445731669664383,0.11865818500518799,0.11050843447446823,0.07973198592662811
3794685,a8652cdd-ac86-4756-89ac-6cecd8f90687,Pass,0,0.2126865671641791,0.0763380229473114,0.14277087152004242,0.07375022768974304,0.04086269438266754,0.07084479182958603,0.05397389829158783
3794685,ffbb3c39-01a7-4482-bf99-0bd7ad0aad7c,Pass,0,0.2126865671641791,0.15262942016124725,0.07762502878904343,0.0569407194852829,0.0646970197558403,0.058808326721191406,0.05133069306612015
3794685,62c1d95b-fddc-4737-88ed-9d286b414a70,Pass,0,0.2126865671641791,0.30496737360954285,0.14691771566867828,0.1503424048423767,0.13289909064769745,0.13581636548042297,0.074180968105793
3794685,05cdd9f6-6560-41c1-a2d2-adfba9e3185c,Clearance,0,0.2126865671641791,0.2999112606048584,0.13840128481388092,0.14847752451896667,0.12470028549432755,0.1420067846775055,0.10647693276405334
3794685,3ca36e04-a6e9-4d0b-bda9-69285d19de28,Clearance,0,0.2126865671641791,0.19107772409915924,0.31994083523750305,0.21531277894973755,0.35334765911102295,0.33557894825935364,0.3772071897983551
3794685,52b4bb90-eaa7-4fdb-9e53-4b5d1e4ee569,Clearance,0,0.2126865671641791,0.23834197223186493,0.2393290102481842,0.36634108424186707,0.41268572211265564,0.41618993878364563,0.3931978940963745
3794685,4e109c0d-595f-4df2-b319-4134588d4ea5,Clearance,0,0.2126865671641791,0.09734077751636505,0.17284655570983887,0.19080249965190887,0.36979588866233826,0.4661913514137268,0.4615684151649475
3794685,d88d2bac-d9eb-4690-847d-72a0357b7202,Clearance,1,0.2126865671641791,0.3223556578159332,0.3686850368976593,0.5047072172164917,0.4698313772678375,0.47027313709259033,0.4214164614677429
3794685,a58813fc-8773-4f63-9ed5-32da979d3eb4,Clearance,1,0.2126865671641791,0.28674158453941345,0.2675716280937195,0.21405690908432007,0.20969127118587494,0.23933757841587067,0.252040296792984
3794685,9ecdc7b7-d97f-4b92-bee0-a0635912d141,Pass,0,0.2126865671641791,0.35167405009269714,0.2745901346206665,0.15693965554237366,0.26796698570251465,0.20764823257923126,0.09758063405752182
3794685,1ba0b62c-ffb3-4b91-8ab5-6226b0c34072,Clearance,1,0.2126865671641791,0.3224254846572876,0.30111217498779297,0.4438801109790802,0.49047455191612244,0.5044820308685303,0.4790349006652832
3794685,dcffd908-483d-4955-9e10-cf24f5dc9684,Pass,1,0.2126865671641791,0.5060327053070068,0.3109622001647949,0.22686977684497833,0.22548115253448486,0.20313216745853424,0.311350017786026
3794685,ecd33ce4-f7d1-4caf-8a89-fa39c5e5fcc6,Clearance,0,0.2126865671641791,0.2587934732437134,0.28029024600982666,0.22696779668331146,0.23062945902347565,0.2755207121372223,0.24337363243103027
3794685,2cf16c9a-a44a-4208-9d65-2bd4ada7b731,Clearance,1,0.2126865671641791,0.1768111288547516,0.17257808148860931,0.10662643611431122,0.25003883242607117,0.20265036821365356,0.25242143869400024
3794685,b06ac408-178b-4c6b-ac22-b97f2ea226de,Pass,0,0.2126865671641791,0.24550127983093262,0.14582771062850952,0.08064233511686325,0.0778154656291008,0.09513963758945465,0.06012836471199989
3794685,149c287a-4d34-4a30-94b2-fd349259d9f1,Pass,0,0.2126865671641791,0.1411549150943756,0.11285629123449326,0.10355332493782043,0.10086490958929062,0.364752858877182,0.3853797912597656
3794685,9ceb9769-7a42-484b-b459-e4b3cf662284,Clearance,0,0.2126865671641791,0.2090086191892624,0.4020256996154785,0.3835824728012085,0.45301875472068787,0.49640780687332153,0.44769036769866943
3794686,3c2de83e-9998-4610-bc6b-0403548b1a47,Pass,0,0.21288515406162464,0.09987372159957886,0.08616545796394348,0.06958033889532089,0.09011483192443848,0.031900689005851746,0.045910630375146866
3794686,9fe1032a-8a62-41d9-bb0e-67dd0df9ca98,Clearance,0,0.21288515406162464,0.19749319553375244,0.20754985511302948,0.132608100771904,0.1784306764602661,0.21722155809402466,0.18786045908927917
3794686,9d9a41eb-6c12-4f7e-9c34-d9aa833fea53,Pass,0,0.21288515406162464,0.15402688086032867,0.39889323711395264,0.3718228042125702,0.17871913313865662,0.0561378039419651,0.045373156666755676
3794686,5ce9e696-da34-44ef-ba22-c63c1b104c7a,Clearance,0,0.21288515406162464,0.2678123414516449,0.08067912608385086,0.0960114598274231,0.1064210757613182,0.12976472079753876,0.13089890778064728
3794686,5a4cb529-34f9-4d6f-8f47-2efc3ae3de40,Clearance,1,0.21288515406162464,0.24653898179531097,0.1838620901107788,0.13962788879871368,0.16474765539169312,0.1656702607870102,0.19625069200992584
3794686,d9260414-0ba7-4450-8c08-60b049c46058,Clearance,1,0.21288515406162464,0.1204761266708374,0.19930756092071533,0.2527906000614166,0.5110382437705994,0.5238264203071594,0.5081499814987183
3794686,44cec3a3-0d68-4fa8-81fe-ac8ede21417c,Clearance,1,0.21288515406162464,0.2683209180831909,0.5935221910476685,0.5200213193893433,0.4811750650405884,0.4672691822052002,0.4583790600299835
3794686,db9d8a55-add1-4778-8d08-fa74715b7bc1,Clearance,1,0.21288515406162464,0.2292710542678833,0.24969710409641266,0.23272055387496948,0.3329049348831177,0.31744271516799927,0.289006769657135
3794686,7d612664-98c4-4ed1-bdc2-8417a86582ff,Clearance,0,0.21288515406162464,0.18891139328479767,0.3745281994342804,0.3734002411365509,0.5409989953041077,0.5283082723617554,0.5749468803405762
3794686,873e847d-644d-4591-a431-6d31347e7ae1,Pass,0,0.21288515406162464,0.19556796550750732,0.2581484317779541,0.30968382954597473,0.11057251691818237,0.20907680690288544,0.2527284324169159
3794687,6860f9fd-1d73-442e-b5ae-7365992fbdcf,Clearance,0,0.2135877152163797,0.11190511286258698,0.08333178609609604,0.13740533590316772,0.2647606432437897,0.2785230576992035,0.3332442343235016
3794687,cf3338b4-6f8f-43b1-9b1e-48f3b4417031,Pass,0,0.2135877152163797,0.22940729558467865,0.13183413445949554,0.14740653336048126,0.07466896623373032,0.018684271723031998,0.03245263919234276
3794687,aa88f218-4c7f-4fb8-8cd8-d6cb7d045e15,Clearance,0,0.2135877152163797,0.2068326324224472,0.3617762625217438,0.37570858001708984,0.4188954830169678,0.372496634721756,0.3404623866081238
3794687,890a87cb-7902-4e47-bc19-cc05d01b0e3d,Pass,0,0.2135877152163797,0.13112467527389526,0.1502915769815445,0.09442780166864395,0.05288321524858475,0.01947113126516342,0.007983269169926643
3794687,6f568e48-afc2-4ea3-88c4-0fb83f71700e,Clearance,0,0.2135877152163797,0.2536289393901825,0.3332149088382721,0.2516687512397766,0.3377838432788849,0.30214112997055054,0.3505784273147583
3794687,8f0ecf8c-4f30-4f96-9b38-5a0c181987d1,Clearance,1,0.2135877152163797,0.18093135952949524,0.2821088433265686,0.3330204486846924,0.508662760257721,0.5850976705551147,0.5287904143333435
3794687,7bc8acd4-2630-4c5e-a3bf-814a28f0d642,Clearance,1,0.2135877152163797,0.2838248908519745,0.4829219877719879,0.43431562185287476,0.663490891456604,0.7050800323486328,0.7528079748153687
3794687,7588d8a2-0742-43c7-af5b-bb2f1175095c,Pass,1,0.2135877152163797,0.264243483543396,0.3746858835220337,0.4539722502231598,0.5002222657203674,0.5147340297698975,0.5506434440612793
3794687,7321b10d-24e5-4ecc-b993-04a50ffc2dc2,Clearance,0,0.2135877152163797,0.3098408579826355,0.5788216590881348,0.5301527976989746,0.5605114698410034,0.6180903911590576,0.59476637840271
3794687,ac060f29-3dc6-4fdc-b24c-c0b3305957ad,Pass,0,0.2135877152163797,0.11320684105157852,0.3259127736091614,0.20859205722808838,0.13685502111911774,0.05222959816455841,0.049242425709962845
3794687,340239b6-2cb7-4017-808a-0c9c9d14b9d9,Pass,0,0.2135877152163797,0.10015403479337692,0.08300741761922836,0.1071380004286766,0.07216649502515793,0.09673041850328445,0.10184580832719803
3794687,28ac9c40-a19b-4401-b6aa-feb8f765622e,Clearance,1,0.2135877152163797,0.11994198709726334,0.23813635110855103,0.20780538022518158,0.36689722537994385,0.3392783999443054,0.324130117893219
3794688,4c30bf0a-c592-482d-b4a8-0a08643b959d,Clearance,0,0.2135877152163797,0.16948014497756958,0.24477769434452057,0.17953996360301971,0.5635002255439758,0.5914685130119324,0.5518178939819336
3794688,58676687-1e59-409d-86b9-0dcb49f4dc34,Pass,0,0.2135877152163797,0.36219802498817444,0.17105045914649963,0.21031492948532104,0.21682928502559662,0.11122729629278183,0.19168749451637268
3794688,1322b4f6-4ef1-41ca-b930-dc882a815e9b,Pass,0,0.2135877152163797,0.37792181968688965,0.29317185282707214,0.24299265444278717,0.3442467749118805,0.5354104042053223,0.4830356240272522
3794688,f23446fe-0584-41de-8998-0a416b9ae354,Pass,0,0.2135877152163797,0.0920497328042984,0.15944159030914307,0.24139678478240967,0.20717936754226685,0.08809860050678253,0.12759630382061005
3794688,638d8645-8568-42e4-abbe-b3e72bd5403f,Clearance,0,0.2135877152163797,0.2870369553565979,0.34115874767303467,0.26579833030700684,0.29047173261642456,0.19779960811138153,0.25085973739624023
3794688,c086339b-63a6-421b-85f5-47d657310093,Clearance,1,0.2135877152163797,0.19178268313407898,0.2134268581867218,0.2121322602033615,0.34371185302734375,0.386861652135849,0.3509826362133026
3794688,33f1d0df-3beb-4f4f-b867-76cb6ad9b381,Clearance,0,0.2135877152163797,0.15238560736179352,0.21230192482471466,0.3302060663700104,0.48777708411216736,0.462209552526474,0.5127639174461365
3794688,2c4a4cec-a2b3-4742-8d20-294678a8225c,Clearance,0,0.2135877152163797,0.22254987061023712,0.19818279147148132,0.29927384853363037,0.3061138093471527,0.35194283723831177,0.39456892013549805
3794688,86e352c4-f08e-46da-a1a1-a3a1bd07bdef,Clearance,0,0.2135877152163797,0.35094550251960754,0.378318727016449,0.378433495759964,0.4742545485496521,0.4546612799167633,0.45845460891723633
3794688,d2bcda9d-05d2-4218-91cb-3c2ef137e1aa,Pass,1,0.2135877152163797,0.36114972829818726,0.1832745224237442,0.23958109319210052,0.2412394881248474,0.1415606439113617,0.13967938721179962
3794688,09ed9789-86c5-491f-a827-ec7ab60b01d7,Clearance,0,0.2135877152163797,0.23239286243915558,0.16973653435707092,0.15158820152282715,0.18765921890735626,0.2206367701292038,0.20937179028987885
3794689,4e4267c2-78de-427c-97c2-5057f9bb6dc9,Pass,0,0.21378667908709828,0.09737811237573624,0.2259014993906021,0.1456107348203659,0.15785670280456543,0.06621547788381577,0.04190694913268089
3794689,5ac0ac17-88ef-49b3-93be-7060f9f51083,Pass,1,0.21378667908709828,0.15491075813770294,0.06717043370008469,0.0890723392367363,0.08907847851514816,0.06761016696691513,0.045017242431640625
3794689,e590cfe8-acc8-404f-837b-61a73044da35,Clearance,1,0.21378667908709828,0.31246599555015564,0.38864508271217346,0.22221435606479645,0.40390142798423767,0.3391566872596741,0.28776827454566956
3794689,abdd8bc9-9a37-4493-b000-f57c867a09b0,Clearance,1,0.21378667908709828,0.26041901111602783,0.202365443110466,0.10140428692102432,0.13305041193962097,0.12914252281188965,0.15207546949386597
3794689,f5290ce2-9a0b-4141-b016-22eb250767d2,Pass,0,0.21378667908709828,0.3028273582458496,0.17816156148910522,0.15669772028923035,0.07722824811935425,0.042056865990161896,0.027315976098179817
3794689,4c7742e1-d00d-4ccd-aebe-c1b1ea69ced6,Pass,0,0.21378667908709828,0.27446138858795166,0.2892836332321167,0.18760669231414795,0.07537462562322617,0.033318664878606796,0.031573377549648285
3794689,2c211926-386f-4a63-9ef7-4d8728f997fd,Clearance,1,0.21378667908709828,0.21120800077915192,0.15223754942417145,0.35433873534202576,0.4537501633167267,0.4041885435581207,0.45603883266448975
3794689,ce351268-fde8-413d-a855-cb8b0da69a0e,Clearance,0,0.21378667908709828,0.18709303438663483,0.31882548332214355,0.2808436155319214,0.3014085590839386,0.3333277702331543,0.3094485402107239
3794689,dd972352-b570-48c7-b0ef-3734af09222e,Clearance,1,0.21378667908709828,0.17640423774719238,0.19771847128868103,0.2879156470298767,0.41151759028434753,0.43441665172576904,0.43070390820503235
3794689,3e87c8f6-de71-42bd-91f0-a8d1aac71ddf,Pass,0,0.21378667908709828,0.1402755081653595,0.1277240365743637,0.11147280037403107,0.10907312482595444,0.05287252739071846,0.036454085260629654
3794689,c88d46b6-e516-4b26-9d0f-082695503ba8,Clearance,1,0.21378667908709828,0.19317887723445892,0.13285519182682037,0.1394277811050415,0.28483742475509644,0.2849678099155426,0.27791842818260193
3794689,dda91203-0151-4d08-87be-20c51ff62dd5,Clearance,0,0.21378667908709828,0.31838297843933105,0.4585159420967102,0.4875352084636688,0.5161348581314087,0.49647051095962524,0.547514021396637
3794689,32997dcf-6dc0-4f14-824f-7cc95b5efcc8,Clearance,0,0.21378667908709828,0.35462141036987305,0.35067805647850037,0.3117726147174835,0.3470928370952606,0.35887205600738525,0.34104204177856445
3794689,7d132705-da24-4f97-9dbe-68652854097c,Clearance,1,0.21378667908709828,0.30332791805267334,0.21404612064361572,0.2974492907524109,0.3353017270565033,0.330147922039032,0.3072979748249054
3794689,48165413-70e2-4cd9-ae44-82b2759477db,Pass,0,0.21378667908709828,0.3814378082752228,0.4392467141151428,0.3427753448486328,0.4717005789279938,0.4898618459701538,0.591020405292511
3794690,e8720c7a-d65d-47a9-982b-d07cd6910100,Pass,0,0.2135877152163797,0.1268118917942047,0.11050348728895187,0.08160809427499771,0.04352813959121704,0.026763780042529106,0.016023710370063782
3794690,95addfcd-cf0c-4f9d-ad2b-5ea3b6fbe7e5,Pass,0,0.2135877152163797,0.09242033958435059,0.10237635672092438,0.11918467283248901,0.08333280682563782,0.04846639558672905,0.025246866047382355
3794690,0ea0d020-a227-45da-9ece-bd7d9b61fe42,Clearance,0,0.2135877152163797,0.20999129116535187,0.23877796530723572,0.202537402510643,0.3478773236274719,0.3780980706214905,0.44526582956314087
3794690,b6ff70cb-febd-45da-9ed9-c55c944e6c68,Pass,0,0.2135877152163797,0.18573948740959167,0.141842782497406,0.1263481080532074,0.11201763153076172,0.095181904733181,0.08448584377765656
3794690,49eb5ba6-d3c2-41c2-842f-9c17f7f3a246,Clearance,0,0.2135877152163797,0.2606273293495178,0.30633291602134705,0.4588000178337097,0.45205941796302795,0.4969243109226227,0.4298478364944458
3794690,7c488181-bf8d-4ec6-9b00-f7cce9a3519f,Pass,0,0.2135877152163797,0.08888781070709229,0.08087348937988281,0.06495602428913116,0.043238744139671326,0.048994194716215134,0.11163274943828583
3794690,8d779fc6-03f1-41fd-9b75-9d6c487ea7fe,Clearance,0,0.2135877152163797,0.10632292181253433,0.12466824054718018,0.1108139380812645,0.2957894802093506,0.34234386682510376,0.3165697753429413
3794690,8c5e1a8b-26d0-48da-87a1-9bd40222e3d5,Pass,0,0.2135877152163797,0.12727075815200806,0.14361673593521118,0.10561519116163254,0.04307470843195915,0.015079899691045284,0.012890593148767948
3794690,266d76ca-9485-452b-bd17-4f304131cf15,Clearance,1,0.2135877152163797,0.172398179769516,0.1543613076210022,0.07367021590471268,0.17706136405467987,0.21163274347782135,0.2259354144334793
3794690,23679407-cd3e-4072-8a65-2f2e05494c04,Pass,0,0.2135877152163797,0.16948014497756958,0.16338679194450378,0.1210334300994873,0.09781082719564438,0.04840806499123573,0.016286175698041916
3794690,4cb4ff38-1c19-45f5-8240-4055dd275b94,Clearance,0,0.2135877152163797,0.18936169147491455,0.09559392184019089,0.24941866099834442,0.469123899936676,0.44524839520454407,0.4494326412677765
3794690,79ab2af5-0799-47b5-8a28-9acb158b45d7,Clearance,1,0.2135877152163797,0.21536681056022644,0.1758623719215393,0.15231825411319733,0.1907656192779541,0.24536019563674927,0.20537710189819336
3794690,e70a96a3-3caf-4041-9a74-723f944995e5,Pass,1,0.2135877152163797,0.1655368059873581,0.10984547436237335,0.07940514385700226,0.07176481932401657,0.11212017387151718,0.12966449558734894
3794690,a65fff88-acf4-418a-9e4a-a0b212b35752,Clearance,0,0.2135877152163797,0.15130862593650818,0.17335020005702972,0.10035969316959381,0.2610071301460266,0.19879339635372162,0.22718781232833862
3794690,469e342a-e752-4bfb-86c4-916ec6177e08,Clearance,0,0.2135877152163797,0.215102419257164,0.1682736724615097,0.3029939532279968,0.21108387410640717,0.2684991657733917,0.22503267228603363
3794690,12fb6ba6-49cf-49de-b724-548b886148f2,Clearance,0,0.2135877152163797,0.31268230080604553,0.2697567641735077,0.2728935778141022,0.32354700565338135,0.39951348304748535,0.44525501132011414
3794690,e01c2787-5b12-45d3-8a38-d029dfccf715,Pass,0,0.2135877152163797,0.40310922265052795,0.26187315583229065,0.3344343602657318,0.13174019753932953,0.1611686497926712,0.16118481755256653
3794690,0f697578-1763-4c24-98f9-8a5d9cd0791e,Clearance,0,0.2135877152163797,0.21782232820987701,0.1435060054063797,0.12590330839157104,0.29350581765174866,0.31538063287734985,0.2842104732990265
3794690,c259fb41-d449-40f8-a743-cd3994e9c967,Pass,0,0.2135877152163797,0.0541963092982769,0.05160971358418465,0.042272843420505524,0.040118295699357986,0.013192369602620602,0.0102088563144207
3794690,88fc06bc-6e03-4ff2-93e8-106f3929262d,Clearance,0,0.2135877152163797,0.27491292357444763,0.28017500042915344,0.3125472068786621,0.5311031341552734,0.5449223518371582,0.5556415319442749
3794690,592b99b0-dbf7-4113-8dfb-87ac3d79193a,Pass,0,0.2135877152163797,0.13851776719093323,0.17911291122436523,0.22888490557670593,0.24104996025562286,0.2309475541114807,0.3216986060142517
3794690,f4317c27-2d41-46c7-9d98-1daf25b68ffc,Clearance,0,0.2135877152163797,0.2662559449672699,0.3341487646102905,0.36291319131851196,0.41940346360206604,0.4600188732147217,0.43545541167259216
3794690,f4db476b-4bf4-48cf-980f-5dc3b82c898c,Clearance,1,0.2135877152163797,0.2970994710922241,0.21709607541561127,0.23954124748706818,0.4049738943576813,0.46452346444129944,0.39838892221450806
3794690,e66d0d1f-fd0b-4698-834f-3d6580b5d795,Clearance,0,0.2135877152163797,0.31536585092544556,0.4096316397190094,0.28868910670280457,0.4586719870567322,0.4580754339694977,0.4663923680782318
3794690,cad7d860-fe66-494f-9e1a-694075c7e1cc,Pass,0,0.2135877152163797,0.1400197297334671,0.030167056247591972,0.04133433476090431,0.02298709750175476,0.03126934543251991,0.028624480590224266
3794691,1835eecb-20c5-470b-91f6-3e62f1a4f1cc,Clearance,1,0.2126865671641791,0.3992558419704437,0.20031243562698364,0.2041049301624298,0.20916268229484558,0.16566121578216553,0.2070547342300415
3794691,7e29ada6-09fb-45d2-86db-a7510e8f6593,Pass,0,0.2126865671641791,0.1219470351934433,0.047749098390340805,0.05071596801280975,0.060945019125938416,0.03924522176384926,0.04682911932468414
3794691,c5d38bc0-8ab8-475b-a56d-a55b1c166b45,Pass,1,0.2126865671641791,0.29930150508880615,0.29226335883140564,0.16640588641166687,0.100257009267807,0.3489903211593628,0.3307420015335083
3794691,a86aa2cd-2912-40a1-a41e-399987bca98a,Pass,0,0.2126865671641791,0.09964992851018906,0.17283876240253448,0.1818600744009018,0.1287817358970642,0.40190237760543823,0.5122662782669067
3794691,e181b589-c53c-4ac0-9369-070a3e91ff87,Pass,0,0.2126865671641791,0.19578184187412262,0.10947582870721817,0.06764628738164902,0.0515064038336277,0.02563539147377014,0.04555736482143402
3794691,2b8bb413-0f70-4ec7-a715-f1dda0326b19,Pass,0,0.2126865671641791,0.08715786784887314,0.2098514586687088,0.09321987628936768,0.07143539190292358,0.025202816352248192,0.01996385119855404
3794691,317fce03-2c61-4cef-a8c8-78486954df96,Clearance,1,0.2126865671641791,0.13773973286151886,0.19641117751598358,0.2525842785835266,0.37975165247917175,0.4037873446941376,0.35889753699302673
3794691,3b408e2a-563e-451d-8ca2-9b4988f0c87e,Clearance,1,0.2126865671641791,0.10930927842855453,0.1063021719455719,0.1717943400144577,0.42329731583595276,0.5165159702301025,0.4592570960521698
3794691,7d2c9d1b-c37b-4071-8f4e-1c806a8a27be,Clearance,0,0.2126865671641791,0.2702779769897461,0.22487907111644745,0.2435939610004425,0.3036181926727295,0.289192259311676,0.297712504863739
3794691,5dd40998-44a3-4b90-b2f0-89b73d7c7fd1,Pass,0,0.2126865671641791,0.22243250906467438,0.0947379395365715,0.08130154013633728,0.09306315332651138,0.0564877986907959,0.03479033708572388
3794691,7b56123b-e2ba-4da3-8aa9-a782ed219510,Clearance,1,0.2126865671641791,0.17427785694599152,0.1291179209947586,0.15817679464817047,0.23419347405433655,0.24691711366176605,0.20745831727981567
3794691,0be4afdf-07c6-4653-84da-84ff46a6362d,Pass,0,0.2126865671641791,0.08284464478492737,0.12641248106956482,0.12344149500131607,0.08033106476068497,0.05671891197562218,0.02871423214673996
3794691,1dcf769e-6016-44ad-bd7e-402397211011,Pass,0,0.2126865671641791,0.2074301838874817,0.15653719007968903,0.22400568425655365,0.12934160232543945,0.09052886813879013,0.08266553282737732
3794692,6f4a847b-63ae-44c4-999d-e7143f13e988,Clearance,0,0.2126865671641791,0.24804560840129852,0.26717668771743774,0.2510962188243866,0.3467489182949066,0.413055956363678,0.3927323520183563
3794692,46cb3e8a-621f-4206-b7ff-210e76ee095a,Pass,0,0.2126865671641791,0.11269890516996384,0.12726901471614838,0.20862050354480743,0.09997465461492538,0.06801401078701019,0.11563006788492203
3794692,8376b7fc-4662-4554-8fab-8c304767cda2,Clearance,1,0.2126865671641791,0.09320276230573654,0.27421003580093384,0.3349705636501312,0.5443060994148254,0.6475027799606323,0.6417738795280457
3794692,a49a610b-bcc3-4ae9-8828-ba48b65dc8f5,Pass,0,0.2126865671641791,0.27019158005714417,0.12397648394107819,0.08608194440603256,0.05634862557053566,0.023739326745271683,0.03409510850906372
3794692,1196f6d0-0c6b-46fc-a646-4070089f7fae,Pass,0,0.2126865671641791,0.1209510862827301,0.0900716558098793,0.14197403192520142,0.07452744990587234,0.19879253208637238,0.22975145280361176
3794692,2a25fefc-c004-4ba7-b7a6-076b98078f4c,Clearance,0,0.2126865671641791,0.14581094682216644,0.46869397163391113,0.39637526869773865,0.541405439376831,0.5318477749824524,0.5703162550926208
3794692,4abc35ce-1a68-4123-ba5f-8e7f0a1f4d17,Clearance,0,0.2126865671641791,0.18693293631076813,0.17647422850131989,0.27934905886650085,0.2738704979419708,0.34463271498680115,0.3158488869667053
3794692,9f2a7ff8-c803-4119-8dd9-9aec6192eccc,Clearance,0,0.2126865671641791,0.12750911712646484,0.23594358563423157,0.38632190227508545,0.6083801984786987,0.6767869591712952,0.593515932559967
3794692,11059ed7-a02c-4bf2-87d6-f538256cfdbb,Pass,0,0.2126865671641791,0.4229601323604584,0.600403368473053,0.5232508778572083,0.5566115379333496,0.4914577603340149,0.6414389610290527
3794692,8e8c2779-6c4b-453a-baf5-98517c3ca9ad,Pass,0,0.2126865671641791,0.11725403368473053,0.13983283936977386,0.13535451889038086,0.13554668426513672,0.06857676804065704,0.060201097279787064
3794692,c67c2404-feb1-4a6a-aa2f-05ec14d9ad83,Clearance,0,0.2126865671641791,0.29274335503578186,0.16179700195789337,0.1743832379579544,0.17084982991218567,0.15606088936328888,0.1740204095840454
3794692,e930cbb7-c31d-40df-8fcc-0fae5e5e5b50,Clearance,0,0.2126865671641791,0.30171728134155273,0.24507632851600647,0.2037317156791687,0.3142087459564209,0.3304627239704132,0.3466199040412903
3794692,a7322bbe-f31a-4ee9-9738-ed5252054b8b,Clearance,0,0.2126865671641791,0.29059427976608276,0.21663640439510345,0.30282339453697205,0.462527871131897,0.5197751522064209,0.5283116698265076
3794692,ed434ed2-a30c-4b67-a773-11cc930977e7,Clearance,1,0.2126865671641791,0.12418646365404129,0.41115817427635193,0.38938745856285095,0.5989431142807007,0.465383380651474,0.5411562919616699
3795107,f2c6a26b-dd9e-4c56-a301-58645d1fad69,Pass,0,0.2135877152163797,0.22439397871494293,0.16016292572021484,0.07907705008983612,0.08114569634199142,0.06813865154981613,0.06789592653512955
3795107,0b96f404-2b45-41d3-977c-bf27eb3b80b6,Pass,1,0.2135877152163797,0.14089453220367432,0.06903458386659622,0.1353352665901184,0.057366255670785904,0.07722454518079758,0.0770086795091629
3795107,ee5edfb1-4bf1-4164-a673-0a24e9703de2,Clearance,0,0.2135877152163797,0.16969209909439087,0.16274899244308472,0.09677020460367203,0.2805652618408203,0.26045989990234375,0.2666603624820709
3795107,4238b014-05a3-4626-826b-197a6ee3a723,Pass,0,0.2135877152163797,0.199893057346344,0.14114370942115784,0.0997096598148346,0.053157418966293335,0.015641028061509132,0.012509028427302837
3795107,29835e6c-290f-4200-9e8c-976f08ca3fb7,Clearance,1,0.2135877152163797,0.20528842508792877,0.2559257745742798,0.36186566948890686,0.466779887676239,0.49139752984046936,0.4202914237976074
3795107,480b490a-16f1-471a-ae90-3e7c86cfcf1c,Clearance,0,0.2135877152163797,0.2524551451206207,0.1027752012014389,0.14830152690410614,0.29431620240211487,0.32235628366470337,0.3329693675041199
3795107,fc88e42e-2664-41b8-975a-eaa4c8d70c3d,Clearance,0,0.2135877152163797,0.20581969618797302,0.2878424823284149,0.2775675356388092,0.3751593828201294,0.3950267434120178,0.3508088290691376
3795108,69d13fd0-9aa4-4121-9b14-973cf3be0d42,Clearance,0,0.21378667908709828,0.4075375497341156,0.43063992261886597,0.4040326476097107,0.5470713376998901,0.5459690690040588,0.4653513729572296
3795108,5d846a41-3b27-4815-938f-ed8bc6af804c,Clearance,0,0.21378667908709828,0.09718929976224899,0.14119796454906464,0.1663832813501358,0.24412895739078522,0.25653907656669617,0.27783283591270447
3795108,aa3b8b6a-9023-4b1c-8f84-818a2c562883,Clearance,0,0.21378667908709828,0.3497329652309418,0.2171730101108551,0.26603907346725464,0.22160689532756805,0.2228822410106659,0.1943444013595581
3795108,228f8694-669b-48b1-828a-f8df8e2034b7,Clearance,0,0.21378667908709828,0.3637537658214569,0.3423890471458435,0.24399515986442566,0.2494836449623108,0.24394993484020233,0.27151060104370117
3795108,c9c386d5-91eb-4a64-9383-96fef92903bd,Pass,0,0.21378667908709828,0.07238883525133133,0.18676972389221191,0.3723061978816986,0.1442520171403885,0.1061498150229454,0.10286369919776917
3795108,60e519ec-c8cc-4abe-b953-88f476639d21,Pass,0,0.21378667908709828,0.05345150828361511,0.10641486197710037,0.06761696934700012,0.06856106221675873,0.022661341354250908,0.02828996442258358
3795108,05c67c38-929a-4155-bef8-d72ffe4dec11,Pass,0,0.21378667908709828,0.19383983314037323,0.2765931487083435,0.18861302733421326,0.13446566462516785,0.04009829834103584,0.05378168448805809
3795108,d5d51a4b-d724-4159-9c18-d8c9b71776d6,Clearance,1,0.21378667908709828,0.23156461119651794,0.2187526673078537,0.19563311338424683,0.3431777060031891,0.31945934891700745,0.3219013512134552
3795108,c9c0ca61-67a0-4966-8b32-84588dfe015d,Clearance,0,0.21378667908709828,0.1753873974084854,0.28008511662483215,0.39235907793045044,0.5515557527542114,0.5548595190048218,0.4954119324684143
3795108,de2eb1d5-2e33-4f31-af0d-451ab0250c90,Pass,0,0.21378667908709828,0.1525963842868805,0.2602161467075348,0.21395117044448853,0.20666654407978058,0.12184274941682816,0.07431474328041077
3795108,442c7fdc-3610-464c-9169-1f6f0e711eed,Clearance,1,0.21378667908709828,0.24911491572856903,0.3622995615005493,0.360027939081192,0.584604799747467,0.6429068446159363,0.6042011976242065
3795109,c2b96c2b-bdb9-4716-b087-0ddf41d512be,Clearance,0,0.21302325581395348,0.15540531277656555,0.1755998730659485,0.1796700805425644,0.4135950207710266,0.4114917516708374,0.3897887170314789
3795109,66d62f38-a497-46db-9348-a0d242ca3857,Pass,0,0.21302325581395348,0.20168456435203552,0.06999344378709793,0.10493756085634232,0.06561949849128723,0.08615568280220032,0.053702641278505325
3795109,624d8ab5-c730-4d84-97e2-39b2b8cc10c8,Pass,0,0.21302325581395348,0.24632425606250763,0.21862459182739258,0.2793838083744049,0.16055981814861298,0.09090704470872879,0.08216218650341034
3795109,bbd01fbe-cee7-4e8a-9424-22f4528b6377,Pass,0,0.21302325581395348,0.4477643072605133,0.5217475295066833,0.45861580967903137,0.4111814498901367,0.3404798209667206,0.16634024679660797
3795109,16e564d4-add5-4fd9-903b-9ad1d809614a,Clearance,0,0.21302325581395348,0.12442035973072052,0.11071918159723282,0.08829811960458755,0.29463666677474976,0.2951129972934723,0.3429262340068817
3795109,9e2ae8e9-6ff6-41a7-afa3-d8c800d6784e,Pass,0,0.21302325581395348,0.20322424173355103,0.11924536526203156,0.10439787060022354,0.06902971118688583,0.04741945490241051,0.05021315813064575
3795109,0c67feb1-3966-4169-91ee-3224bde46cb8,Clearance,0,0.21302325581395348,0.1165982261300087,0.045115239918231964,0.06354612112045288,0.21679341793060303,0.25902146100997925,0.3115980625152588
3795109,626a1d59-9d28-4ff7-a7f0-94597fdae9f0,Clearance,0,0.21302325581395348,0.2680794596672058,0.2354447990655899,0.24778765439987183,0.30005472898483276,0.2969514727592468,0.23847585916519165
3795109,3e5c715b-dfb6-481b-8417-23d58dffee94,Clearance,1,0.21302325581395348,0.2691517174243927,0.3749326467514038,0.1783510446548462,0.22859501838684082,0.16727566719055176,0.15427105128765106
3795109,2f849711-3cca-4673-abca-3d10f8c352d4,Pass,0,0.21302325581395348,0.12503917515277863,0.21454021334648132,0.2561512887477875,0.17725512385368347,0.11465532332658768,0.04687792807817459
3795109,9cf16383-5a6c-43ac-af2e-627efbb72e3e,Pass,0,0.21302325581395348,0.17109814286231995,0.218535378575325,0.19614805281162262,0.13641180098056793,0.07694606482982635,0.05774335563182831
3795109,030f4744-eda8-4e50-adff-5b0117e5dbd2,Clearance,0,0.21302325581395348,0.31296926736831665,0.2030375748872757,0.30054497718811035,0.24388401210308075,0.27978840470314026,0.3349617123603821
3795109,7c501eb2-430b-41a0-a03b-66a7e42d3ce5,Clearance,0,0.21302325581395348,0.3122267425060272,0.22347983717918396,0.16830295324325562,0.29545578360557556,0.31265997886657715,0.33574819564819336
3795109,157afc02-1ae7-4b97-bacd-4c15a8bd4c5d,Pass,0,0.21302325581395348,0.11299113184213638,0.08550752699375153,0.0842147246003151,0.09750749170780182,0.03676167502999306,0.026712704449892044
3795109,adeb4f4e-8e9b-48fe-b6c8-be41cde861b8,Clearance,0,0.21302325581395348,0.1656445413827896,0.08907748758792877,0.169085294008255,0.4145856499671936,0.43291062116622925,0.5494920611381531
3795109,ca0ceddc-1358-475f-a31e-ffe180b442cd,Pass,0,0.21302325581395348,0.13812445104122162,0.1486722081899643,0.1963113695383072,0.14208248257637024,0.17148901522159576,0.10473839938640594
3795109,637b07e8-0f65-4bc9-b35f-71368589e65b,Pass,0,0.21302325581395348,0.2627546191215515,0.43037480115890503,0.38994017243385315,0.42662322521209717,0.3953983187675476,0.5119335055351257
3795187,3183cc68-bd9f-47c4-ba58-2758da1767d1,Pass,0,0.21378667908709828,0.37086185812950134,0.19994449615478516,0.19347068667411804,0.10975763946771622,0.049223460257053375,0.034828104078769684
3795187,a93c72c3-e5dd-4c10-888d-47f537a04ae4,Pass,0,0.21378667908709828,0.05525398626923561,0.08038422465324402,0.05134101212024689,0.04480481147766113,0.029826689511537552,0.015949929133057594
3795220,5ca9afc0-2e18-4a25-a037-d52563acaaed,Pass,0,0.2135877152163797,0.18959683179855347,0.2388719618320465,0.11611666530370712,0.11438818275928497,0.10758398473262787,0.0646185353398323
3795220,59eda89e-fb54-49a9-8648-57ea957f0263,Pass,0,0.2135877152163797,0.1281452625989914,0.058382175862789154,0.046777646988630295,0.02967548742890358,0.009220733307301998,0.010870333760976791
3795221,9601c116-05b0-4dd1-8288-1b29487d410f,Clearance,1,0.21378667908709828,0.2935054898262024,0.2792968451976776,0.26928284764289856,0.38856828212738037,0.4721645712852478,0.404645711183548
3795221,d5413ceb-e216-44e0-b1d0-444c52959fe6,Pass,0,0.21378667908709828,0.08925540000200272,0.054842326790094376,0.05584225803613663,0.06693270057439804,0.028641391545534134,0.03402804210782051
3795221,3255fce3-fae3-4440-91c8-89bb19cc4d38,Clearance,0,0.21378667908709828,0.15671303868293762,0.20273295044898987,0.09198153018951416,0.1615230292081833,0.1456771194934845,0.13492757081985474
3795221,b3b1d24f-2921-4f71-9dfe-b30c4e0971b3,Clearance,0,0.21378667908709828,0.2564532160758972,0.1444573551416397,0.23839841783046722,0.2516191005706787,0.21172454953193665,0.20453426241874695
3795221,ad7f7cde-2682-4e9e-8a13-e0ef551d7019,Clearance,1,0.21378667908709828,0.20703256130218506,0.302425354719162,0.29179754853248596,0.4338076114654541,0.46186476945877075,0.5081214904785156
3795221,f57da0d6-7aa9-4d89-817f-319022c7f1f6,Pass,0,0.21378667908709828,0.2361334264278412,0.32583773136138916,0.16398581862449646,0.10580498725175858,0.06493250280618668,0.05165674909949303
3795221,869d75fa-97bd-4b91-8fbf-4c807af4b183,Pass,0,0.21378667908709828,0.18792018294334412,0.05158115178346634,0.06719575822353363,0.08267755806446075,0.06133706495165825,0.053389616310596466
3795221,623d52ef-3d26-40c2-8b9c-55c2400f3be1,Clearance,0,0.21378667908709828,0.20130182802677155,0.10458888858556747,0.12130419164896011,0.33898183703422546,0.32365238666534424,0.38891100883483887
3795221,c7357413-3489-4c49-a588-266d2762b339,Clearance,0,0.21378667908709828,0.24321985244750977,0.31752365827560425,0.41902750730514526,0.4300609529018402,0.377437949180603,0.3838442862033844
3795221,23a96b40-bec3-4897-a53d-79df3457f304,Clearance,0,0.21378667908709828,0.4041355550289154,0.35866862535476685,0.4938701093196869,0.4897657632827759,0.5628652572631836,0.5876960158348083
3795221,6beb4409-54ce-47f7-99b2-542de3b0d799,Clearance,1,0.21378667908709828,0.34588414430618286,0.09969069808721542,0.13202014565467834,0.11395560204982758,0.11388912051916122,0.12688152492046356
3795221,0fe6a0ba-a951-4027-a8ca-8a5500cc8504,Pass,0,0.21378667908709828,0.24846285581588745,0.21908706426620483,0.28600013256073,0.28213930130004883,0.32798996567726135,0.1425202339887619
3795506,6552c53c-d415-497a-9c94-083d23e99923,Clearance,0,0.21288515406162464,0.3069307506084442,0.15018582344055176,0.11299833655357361,0.20802459120750427,0.29770684242248535,0.25439515709877014
3795506,55bfdca6-9e61-439d-a8b1-09713e650232,Pass,0,0.21288515406162464,0.0965259000658989,0.09724830836057663,0.1281946748495102,0.1128707006573677,0.32856231927871704,0.451472669839859
3795506,68fad3e5-d23c-4e80-aaa7-5114b658b0fb,Clearance,0,0.21288515406162464,0.3303302228450775,0.1583578884601593,0.18673944473266602,0.16383491456508636,0.15233977138996124,0.15841425955295563
3795506,4226bbd0-76ee-4bf0-8e83-1ceab3875056,Clearance,0,0.21288515406162464,0.17581301927566528,0.1804802417755127,0.12102494388818741,0.27242210507392883,0.2780340015888214,0.2983945906162262
3795506,ff2e10e4-9d36-4226-8986-645174c1f907,Pass,1,0.21288515406162464,0.13679809868335724,0.2226138710975647,0.304808646440506,0.09830338507890701,0.04208869859576225,0.04269467294216156
3795506,e77af8ce-f32c-478b-bef6-67439e359d29,Clearance,0,0.21288515406162464,0.22260141372680664,0.2248636782169342,0.21352796256542206,0.35442933440208435,0.42233824729919434,0.4489136040210724
3795506,e867c9ab-80a9-4bb7-8dae-5330c02fc946,Pass,0,0.21288515406162464,0.27339863777160645,0.371231347322464,0.3061588406562805,0.15126895904541016,0.06609828770160675,0.06963136792182922
3795506,0688b7b4-cbaf-406e-bc3c-5ef321336822,Clearance,0,0.21288515406162464,0.2907874882221222,0.14288704097270966,0.24948301911354065,0.2557012438774109,0.21198232471942902,0.219879612326622
3795506,f4629bf0-2ccb-4a12-8f31-e5102c2916b7,Pass,0,0.21288515406162464,0.3192324638366699,0.245667964220047,0.309361070394516,0.31121689081192017,0.21439829468727112,0.5763247013092041
3795506,6acb651f-b91d-4e87-bca8-23dd0ec8f0d1,Clearance,1,0.21288515406162464,0.4153173565864563,0.2474639117717743,0.33325129747390747,0.3255597949028015,0.4628717601299286,0.3872196078300476
3795506,3b5f8b5b-a551-4ab8-9ef7-46c04c37b9b0,Pass,0,0.21288515406162464,0.07944187521934509,0.08093782514333725,0.07711939513683319,0.06809902936220169,0.04395249858498573,0.07244851440191269
3795506,9aaebbc2-adac-4953-9cf0-8d707af1a218,Clearance,0,0.21288515406162464,0.4134984612464905,0.31067925691604614,0.18052938580513,0.19192053377628326,0.2928873896598816,0.27301716804504395
3795506,2fea507c-a48f-42a2-b420-386dd2452fe6,Clearance,1,0.21288515406162464,0.12563247978687286,0.22614431381225586,0.2138506919145584,0.2987922132015228,0.3082868754863739,0.337246835231781
3795506,a32d63d7-d372-4d6d-852c-bd035327a90b,Clearance,0,0.21288515406162464,0.38817083835601807,0.46597641706466675,0.3343525230884552,0.4266727566719055,0.43813687562942505,0.4163445234298706
3795506,c9825f9c-7508-4499-9487-7f3d317d1b99,Pass,0,0.21288515406162464,0.07330743223428726,0.15703265368938446,0.16800323128700256,0.1705518364906311,0.09235434234142303,0.10776776820421219
3795506,95545de3-22a8-49f5-b55b-a8678d82b92e,Pass,0,0.21288515406162464,0.3731600344181061,0.37829485535621643,0.3361421823501587,0.12259361147880554,0.13971903920173645,0.27264705300331116
3795506,22f76976-9167-4bc4-9ccb-66560d849b4a,Pass,0,0.21288515406162464,0.13628380000591278,0.1604723185300827,0.15662424266338348,0.1572800874710083,0.061179764568805695,0.05794227495789528
3802643,81ceba69-9fe9-4e67-865c-940972147691,Pass,0,0.21302325581395348,0.2519347667694092,0.29230594635009766,0.17606288194656372,0.06990620493888855,0.21649286150932312,0.05976124852895737
3802643,4cc725a2-8a15-4496-ad92-7388289dca48,Pass,0,0.21302325581395348,0.24130640923976898,0.11670108139514923,0.2583119571208954,0.2280246913433075,0.1936454474925995,0.05142693221569061
3802643,8b2bd71a-2e5d-44cf-bd38-f9dc7ea553e6,Pass,1,0.21302325581395348,0.21244804561138153,0.058222219347953796,0.06850792467594147,0.0869317352771759,0.11903359740972519,0.09521106630563736
3802643,b6e963c1-71a1-4c3a-8d77-59244e5be4ec,Pass,0,0.21302325581395348,0.14570768177509308,0.3448256254196167,0.11446204036474228,0.1334618777036667,0.23155613243579865,0.15156230330467224
3802643,f723d9fe-00eb-459f-af8c-1b1f570af0c1,Clearance,0,0.21302325581395348,0.18043795228004456,0.17052409052848816,0.3213455080986023,0.2505907118320465,0.2385348379611969,0.23269858956336975
3802643,3e7f2c4d-8a44-469f-add9-41ebd173261d,Clearance,0,0.21302325581395348,0.23486270010471344,0.23863659799098969,0.17785844206809998,0.15189005434513092,0.21359987556934357,0.1740834265947342
3802643,357e641e-9812-4f31-ba67-e144b9b3385b,Pass,0,0.21302325581395348,0.19308260083198547,0.10159192979335785,0.11076400429010391,0.05083555728197098,0.040419239550828934,0.03455956652760506
3802643,77b84514-71de-4b99-a692-b69adb3cb28e,Pass,0,0.21302325581395348,0.3099920153617859,0.3628596365451813,0.46394622325897217,0.49645957350730896,0.4686051607131958,0.13946257531642914
3802665,0f836d60-9102-4255-9610-4e2a47ca0555,Pass,1,0.21288515406162464,0.1023573949933052,0.07172401249408722,0.05519108101725578,0.05220678448677063,0.3026432991027832,0.44447827339172363
3802665,f3836ef7-dc10-48c5-a121-1ddb315d3234,Clearance,1,0.21288515406162464,0.3361682891845703,0.45937463641166687,0.427913099527359,0.43899211287498474,0.4701925814151764,0.4799374043941498
3802665,a36a54c2-6ad0-41d0-8c90-661d4a6f8d5a,Pass,0,0.21288515406162464,0.32475417852401733,0.15230943262577057,0.20207588374614716,0.23775020241737366,0.17251722514629364,0.365222692489624
3802676,a1b68cb3-5e7b-4d77-84d8-b9f3655e2fd3,Pass,1,0.2135877152163797,0.08801751583814621,0.20424668490886688,0.2609309256076813,0.10965535044670105,0.3751923143863678,0.4048807621002197
3802683,2eb8d7ba-6847-4771-8525-28f4db900895,Pass,0,0.21302325581395348,0.20789799094200134,0.22522258758544922,0.3024669587612152,0.0947808101773262,0.06157978996634483,0.022772109135985374
3802683,cd248f00-4c4e-407f-805b-784cb9f4a0ad,Clearance,0,0.21302325581395348,0.3498578667640686,0.20144514739513397,0.25903254747390747,0.20760947465896606,0.2581017315387726,0.2625711262226105
3802683,9e13d365-5df7-4a17-be8e-4115b6d7cec7,Pass,0,0.21302325581395348,0.1220642700791359,0.0985557958483696,0.11333653330802917,0.04583609849214554,0.09838367998600006,0.07598315924406052
3802683,0ff28b52-c029-43eb-9bb7-ae3c7c83c981,Pass,0,0.21302325581395348,0.21048147976398468,0.13287141919136047,0.08581925928592682,0.05998292937874794,0.04075426608324051,0.050434332340955734
3802685,05bfe098-f8b1-4556-a1a5-981e9e8aea1e,Clearance,0,0.21302325581395348,0.3991251587867737,0.17552593350410461,0.1597507745027542,0.24704033136367798,0.16616541147232056,0.23203052580356598
3802685,23b6b99f-317b-4843-8f3a-4f523798bdae,Pass,0,0.21302325581395348,0.2331584393978119,0.19896218180656433,0.16850653290748596,0.0968947783112526,0.0450144037604332,0.023325130343437195
3802685,5c67aab6-d308-42a9-b863-8cbd1674b989,Pass,0,0.21302325581395348,0.09557075053453445,0.025381967425346375,0.04007371887564659,0.04445531591773033,0.03494701907038689,0.04910890385508537
3802685,2ac5037f-36a1-4a2d-a123-9a361acead0b,Pass,0,0.21302325581395348,0.24488534033298492,0.22414670884609222,0.16819903254508972,0.10579869151115417,0.03860647976398468,0.025554703548550606
3802685,0dbe3b1d-0524-47bf-9cd6-a57482f9a6fe,Clearance,1,0.21302325581395348,0.30448511242866516,0.3533869981765747,0.43602994084358215,0.45181092619895935,0.5635695457458496,0.5605520606040955
3802690,4a2d227a-cf82-48bb-a40e-c50ca4a3dc19,Pass,0,0.2126865671641791,0.2062760591506958,0.1462782472372055,0.20484605431556702,0.15518103539943695,0.060347821563482285,0.06468893587589264
3802690,be09e373-139a-44e2-8c5e-16ae1659a15b,Pass,1,0.2126865671641791,0.11121822893619537,0.16904932260513306,0.13576652109622955,0.13534493744373322,0.11460711061954498,0.06203409656882286
3802690,5f9e5afc-1837-4c84-b20b-bb8f5bc14b8a,Pass,0,0.2126865671641791,0.1445881873369217,0.2022714465856552,0.2026052176952362,0.1424952894449234,0.06316079199314117,0.17328938841819763
3802690,dc430a6a-f922-4a09-84a7-f8a52b9a0981,Pass,0,0.2126865671641791,0.3536120355129242,0.2400864213705063,0.20698493719100952,0.16303855180740356,0.2849227786064148,0.11656524986028671
3802690,2cea8626-4f80-4a7e-a300-985c7188471c,Pass,0,0.2126865671641791,0.38317665457725525,0.2896256446838379,0.3113340437412262,0.3078109920024872,0.37228092551231384,0.17902904748916626
3802690,1a9ab5f7-5b48-4f0e-aa6d-e424fdeba46d,Pass,0,0.2126865671641791,0.21247217059135437,0.12746353447437286,0.08576792478561401,0.05592237040400505,0.03534279391169548,0.025717154145240784
3802690,6ec32ec5-d919-4657-bc4a-08779dfe7e12,Pass,0,0.2126865671641791,0.1940944790840149,0.19091902673244476,0.22284093499183655,0.1021861806511879,0.06109440699219704,0.03698088973760605
3802690,95d6f6c4-4c63-45df-9461-26db7e15d5a0,Clearance,1,0.2126865671641791,0.3624427616596222,0.3134456276893616,0.5464056134223938,0.5451868772506714,0.5661501288414001,0.43388205766677856
3802690,69e90618-a7ce-4ac4-bdc1-585e69061a9b,Clearance,1,0.2126865671641791,0.35618388652801514,0.46453776955604553,0.4637940227985382,0.5523819923400879,0.4920734167098999,0.4617859721183777
3802690,6abf3951-83e8-46c5-bb6e-82023a946941,Pass,0,0.2126865671641791,0.19364173710346222,0.2126249521970749,0.3579438626766205,0.17229047417640686,0.09691847115755081,0.1022399440407753
3802696,b393b0bf-c64d-4fa7-9c35-bd4ce21df60b,Pass,0,0.21378667908709828,0.07476247102022171,0.15819261968135834,0.11586496978998184,0.09453500807285309,0.07336365431547165,0.03829393535852432
3802696,e0944f48-2c6f-4584-8d06-75adff8fd7bc,Clearance,0,0.21378667908709828,0.17672771215438843,0.07451913505792618,0.07170294970273972,0.06934015452861786,0.0717868059873581,0.08675709366798401
3802696,d6dbd2e8-7f48-45af-9571-f6b0418eb30c,Clearance,0,0.21378667908709828,0.3394586741924286,0.4196397066116333,0.39349567890167236,0.44953107833862305,0.44409507513046265,0.42295461893081665
3802696,bf247800-6d02-4aa2-be86-e96b44935c6c,Clearance,0,0.21378667908709828,0.4290870130062103,0.300815224647522,0.2890882194042206,0.25512027740478516,0.22914332151412964,0.3188106119632721
3802696,5ecd7434-34bd-4248-b5b5-58011ee05995,Pass,0,0.21378667908709828,0.17141824960708618,0.1171969622373581,0.09893565624952316,0.051114700734615326,0.023835809901356697,0.019355708733201027
3802699,cda07cbb-4d8f-4d37-b679-bb2b8d1a46af,Pass,0,0.2126865671641791,0.15984585881233215,0.34639227390289307,0.13658325374126434,0.11999925225973129,0.05361996218562126,0.04110348969697952
3802699,2fbaf3dd-8a34-4895-825e-8996f34a20eb,Clearance,0,0.2126865671641791,0.16698803007602692,0.30070918798446655,0.32308849692344666,0.2800382077693939,0.26409897208213806,0.2908102869987488
3802699,fbbbbef0-d788-431e-aa91-fb9fd00f8c29,Clearance,1,0.2126865671641791,0.29771688580513,0.5025033354759216,0.4865364730358124,0.4980185329914093,0.5651891231536865,0.5330492854118347
3802699,f35410ec-e1cf-45e3-a522-1a77fbdf59a6,Pass,0,0.2126865671641791,0.07238008081912994,0.0842956081032753,0.033579129725694656,0.04137953743338585,0.019356952980160713,0.022598251700401306
3802709,9e594ecd-02dc-4ab5-9b9f-bc90434c2359,Pass,0,0.21288515406162464,0.18087254464626312,0.1135774627327919,0.13023555278778076,0.07854253798723221,0.02505362033843994,0.05626934766769409
3802709,c5bd1f2b-e5cc-428e-83d3-bf83f8a11e10,Pass,0,0.21288515406162464,0.07211185246706009,0.08310918509960175,0.07599203288555145,0.06213180720806122,0.03840889781713486,0.03945240378379822
3802709,77fc1659-8ce0-4cea-b814-3f10a0ff481d,Pass,0,0.21288515406162464,0.22593802213668823,0.20727229118347168,0.1970176249742508,0.08628720790147781,0.11380736529827118,0.13435982167720795
3802709,5c3c9f8d-9ca5-4027-93fd-d3fe439b4d34,Pass,0,0.21288515406162464,0.2673933207988739,0.19039952754974365,0.16798579692840576,0.12798848748207092,0.18332764506340027,0.1265462040901184
3802709,03bb16cb-a1c7-4ee3-861f-25bef6f8dc6a,Clearance,0,0.21288515406162464,0.1933756023645401,0.2902986407279968,0.19634413719177246,0.2534690499305725,0.2712709903717041,0.24835984408855438
3802709,1817f7b6-1e5e-4b1c-a769-107165b4e252,Pass,0,0.21288515406162464,0.17247918248176575,0.1338854283094406,0.13340811431407928,0.06254316121339798,0.03289134427905083,0.025143031030893326
3802709,e6394997-b715-4605-ba53-36b562cef7ba,Clearance,1,0.21288515406162464,0.4024862051010132,0.466524600982666,0.515244722366333,0.4528515338897705,0.4765015244483948,0.45408910512924194
3802752,29dd9275-5267-4504-8d4c-2d2182f8a2fe,Pass,0,0.2135877152163797,0.23226198554039001,0.13302160799503326,0.07498915493488312,0.031131044030189514,0.01452707126736641,0.0064932419918477535
3802752,849d9b48-d148-4b58-ad71-b19b94e3480e,Pass,0,0.2135877152163797,0.15240879356861115,0.13002677261829376,0.08123252540826797,0.04961683973670006,0.0675659328699112,0.02360324002802372
3802752,8f547a5f-910f-4b06-b4f1-7c1a505571cd,Clearance,1,0.2135877152163797,0.1584533154964447,0.11361898481845856,0.1299617737531662,0.41050365567207336,0.4429515600204468,0.3806593418121338
3802752,094ef0b5-5c17-4cef-ba36-0577f2469095,Clearance,0,0.2135877152163797,0.15693578124046326,0.09905785322189331,0.10759498924016953,0.26719650626182556,0.2556614577770233,0.2887989282608032
3802752,7f145750-75ba-4b7d-8812-ad9093c42231,Pass,0,0.2135877152163797,0.20932725071907043,0.3107239902019501,0.3621184229850769,0.12539193034172058,0.06648066639900208,0.02964235097169876
3802752,30cdf578-4941-4b6e-bffa-44649f164192,Clearance,0,0.2135877152163797,0.40143832564353943,0.44936665892601013,0.3851716220378876,0.4224229156970978,0.4740855395793915,0.44952675700187683
3802793,9158d9a3-5329-4981-a85b-08fa1bcf0a8a,Pass,0,0.2135877152163797,0.1312166154384613,0.18481594324111938,0.20537550747394562,0.06538297235965729,0.03954889252781868,0.043305277824401855
3802793,91e44363-0030-4fc7-850d-422c3465194c,Clearance,0,0.2135877152163797,0.3832198679447174,0.3644741475582123,0.40508919954299927,0.4265773594379425,0.4315197169780731,0.36941513419151306
3802793,365fe5a4-9925-4f12-8dc6-fd0a68e9452e,Pass,1,0.2135877152163797,0.18416795134544373,0.2615101933479309,0.24201902747154236,0.2814304828643799,0.296682208776474,0.234869122505188
3802793,ea6a745f-48be-440f-aee3-3530631eaad7,Pass,0,0.2135877152163797,0.15370166301727295,0.11186667531728745,0.12001965939998627,0.04713631048798561,0.05998612940311432,0.04971185699105263
3802795,1babe276-2465-414b-89de-531695886b45,Pass,0,0.2135877152163797,0.11190511286258698,0.20196740329265594,0.18059779703617096,0.08346765488386154,0.059246521443128586,0.118079774081707
3802795,25dfb296-8629-4b5a-8bbe-65e8be999645,Clearance,0,0.2135877152163797,0.17032232880592346,0.25902286171913147,0.2722247242927551,0.28623801469802856,0.30479198694229126,0.44287317991256714
3802795,fb86465c-e539-4d17-8aad-f52bae38be54,Pass,0,0.2135877152163797,0.07612615823745728,0.14993466436862946,0.25328969955444336,0.1288660168647766,0.06945991516113281,0.034988075494766235
3802795,5a63abec-0339-481d-a91b-3a938ca23404,Clearance,0,0.2135877152163797,0.12991096079349518,0.38931703567504883,0.23691436648368835,0.4493789076805115,0.5017430186271667,0.4883277416229248
3802802,2eeb340b-29f4-470e-9b60-a2ea3078b0ca,Clearance,1,0.21288515406162464,0.16585014760494232,0.07185166329145432,0.09916721284389496,0.09729623049497604,0.12771929800510406,0.10587484389543533
3802802,28c72994-b4b8-4e8c-80d8-c8e0c945ed6f,Pass,0,0.21288515406162464,0.17622128129005432,0.1636655181646347,0.08803556114435196,0.07712051272392273,0.05320248752832413,0.03284326568245888
3802802,eb84dcf1-56df-46a1-884f-30c4df57f868,Pass,0,0.21288515406162464,0.15233443677425385,0.0690043494105339,0.09928712248802185,0.10151631385087967,0.030458344146609306,0.027911024168133736
3802805,7f145d84-a6a2-4be3-9c22-dc9da4e8c17a,Clearance,1,0.2135877152163797,0.28813496232032776,0.2752394378185272,0.21341174840927124,0.22431837022304535,0.16842858493328094,0.22998328506946564
3802805,f4591ff1-2440-4718-b8fb-0c8ae55ed294,Clearance,0,0.2135877152163797,0.31874585151672363,0.4745319187641144,0.3589428663253784,0.37275266647338867,0.42307689785957336,0.332832396030426
3802805,2f30c79b-aa95-4ef3-a9c3-8235f8269c7b,Clearance,0,0.2135877152163797,0.46687060594558716,0.23047219216823578,0.2565525770187378,0.30124935507774353,0.28882381319999695,0.28728193044662476
3802805,fe5285f5-c947-4348-86f4-80ea9bc99b12,Pass,0,0.2135877152163797,0.21118272840976715,0.24577933549880981,0.18692520260810852,0.12929634749889374,0.024349093437194824,0.01940501667559147
3802809,d016a6d7-1dbc-4af8-ba3a-ae7caef43e00,Pass,1,0.2126865671641791,0.17485256493091583,0.2261258065700531,0.39456990361213684,0.17766080796718597,0.09959393739700317,0.14774058759212494
3802809,9e4a2ad3-8642-43d4-be2e-dba5a8f87fc4,Clearance,0,0.2126865671641791,0.20374323427677155,0.4040156602859497,0.4829740524291992,0.6489719748497009,0.7460047602653503,0.7089487314224243
3802809,1c61c6c1-468a-44f2-8aa6-0261c3b23e10,Pass,0,0.2126865671641791,0.07926876097917557,0.10874419659376144,0.08979078382253647,0.12515875697135925,0.554631233215332,0.4302399158477783
3802809,197a1279-bc14-4203-9924-1f6df5c72f15,Pass,0,0.2126865671641791,0.1411549150943756,0.11352592706680298,0.06389369815587997,0.05885154753923416,0.05130279064178467,0.023394007235765457
3802809,02c38a6f-df2f-4626-a626-6b0c3915f8ec,Pass,0,0.2126865671641791,0.09730441868305206,0.1054975688457489,0.09034884721040726,0.10406207293272018,0.050989795476198196,0.04414180666208267
3802809,47ba6a71-b1e6-48c9-99cc-59f286764d49,Clearance,0,0.2126865671641791,0.1911289393901825,0.14912296831607819,0.23817507922649384,0.3723256289958954,0.3760190010070801,0.3243979811668396
3802809,df758bcb-d2de-4d5d-a197-94589c21322e,Clearance,0,0.2126865671641791,0.14334118366241455,0.3376065790653229,0.4821270704269409,0.5220164656639099,0.49711471796035767,0.4751933813095093
3802809,c929b94b-ceda-49ac-823f-cd48a9d9cc3c,Pass,0,0.2126865671641791,0.07774924486875534,0.16091349720954895,0.10603151470422745,0.08476978540420532,0.0730019062757492,0.052257414907217026
3802818,6439b4d3-9e54-4aa5-b806-cf61f3c4f59e,Pass,0,0.21288515406162464,0.07322590798139572,0.10129015892744064,0.12245120853185654,0.12550809979438782,0.05498620867729187,0.039785414934158325
3802818,80ce4043-d088-4e0c-a4d0-8638c7b2c73c,Clearance,1,0.21288515406162464,0.24027831852436066,0.4179675877094269,0.40870580077171326,0.48304834961891174,0.39467689394950867,0.3749312460422516
3802837,02ab5d75-ca79-4db9-855a-fd817d5e6946,Pass,0,0.21288515406162464,0.22053319215774536,0.09589458256959915,0.08986114710569382,0.05699246749281883,0.10712859779596329,0.2160615772008896
3802839,0318f465-4cd8-4183-bb5b-aa4a3f1bf2a4,Clearance,0,0.21378667908709828,0.29868215322494507,0.5578917264938354,0.45092904567718506,0.5187416672706604,0.5424989461898804,0.5563176274299622
3802839,dd0f58fb-ab1a-4453-84d7-415bdbf7c15e,Pass,0,0.21378667908709828,0.22355709969997406,0.2241460382938385,0.2011604756116867,0.07824961096048355,0.06795899569988251,0.11065780371427536
3802839,32b432b6-8c55-44d0-91ba-0a176d10140b,Clearance,1,0.21378667908709828,0.09194238483905792,0.1184382513165474,0.13208141922950745,0.28271329402923584,0.2770650386810303,0.2681853771209717
3802839,df3830fc-0ec5-45fc-ac4f-162f2cd763b7,Pass,0,0.21378667908709828,0.17514626681804657,0.1421140432357788,0.08172519505023956,0.07372501492500305,0.08900105208158493,0.12377122789621353
3802839,d62970bc-1083-4d3f-94e6-4c80ef9e4ab2,Pass,0,0.21378667908709828,0.13306929171085358,0.0678638219833374,0.03949032351374626,0.043394312262535095,0.13482116162776947,0.21350958943367004
3802839,a2a13d6b-26e6-4d45-925a-63cf0ba35f34,Clearance,1,0.21378667908709828,0.18554918467998505,0.3531893491744995,0.22700321674346924,0.33957070112228394,0.3528939485549927,0.39244478940963745
3802902,e1383ae0-8798-4477-b91e-10c00f2c5191,Clearance,0,0.21288515406162464,0.2324126660823822,0.351600706577301,0.30305954813957214,0.24058933556079865,0.31043940782546997,0.30219411849975586
3802902,57b284bd-0e80-4c0e-9f4c-f5234a303fdf,Pass,0,0.21288515406162464,0.22509664297103882,0.11741391569375992,0.10636189579963684,0.08679584413766861,0.12507028877735138,0.08837801963090897
3802904,b3644781-6d7f-4d64-9b13-ffeb82fd8396,Clearance,0,0.21302325581395348,0.2670987844467163,0.1655200570821762,0.1424216777086258,0.18624237179756165,0.13953819870948792,0.16375510394573212
3802904,b0894ff2-53b6-4640-aa92-13ba970271bf,Pass,0,0.21302325581395348,0.11431499570608139,0.08847571909427643,0.06059448793530464,0.05657557398080826,0.049035731703042984,0.026631737127900124
3802904,f6137909-8f90-4cec-8ba7-60f27db81be3,Clearance,0,0.21302325581395348,0.17822004854679108,0.35532045364379883,0.36274370551109314,0.45300206542015076,0.36720722913742065,0.40997424721717834
3802907,76ee80c8-3b64-49a4-ab3d-2936db88252f,Clearance,0,0.21302325581395348,0.33316570520401,0.3230329751968384,0.17868240177631378,0.2290613055229187,0.2106684297323227,0.3061705529689789
3802907,286a5a7a-d386-46e3-9911-bf2b71c5058f,Pass,0,0.21302325581395348,0.10244324058294296,0.1734590232372284,0.10569014400243759,0.12097261846065521,0.14385786652565002,0.10257895290851593
3802930,f2f83351-c0bb-4ae1-a3b2-f22acb4b2b73,Pass,0,0.21302325581395348,0.23930959403514862,0.359722375869751,0.37292852997779846,0.19287453591823578,0.12723232805728912,0.07181169837713242
3802930,d2a57003-a966-4da5-9e4f-5bb682f98036,Pass,0,0.21302325581395348,0.11281107366085052,0.15304256975650787,0.150833398103714,0.09597775340080261,0.0960652157664299,0.06259609758853912
3802930,e7d833d2-e5f9-4a20-a739-def74efb8307,Pass,0,0.21302325581395348,0.13741151988506317,0.1666937917470932,0.13920390605926514,0.06407947093248367,0.12989293038845062,0.0942983329296112
3802930,532b5fbc-2c11-42ff-93b1-8d9eecc9ea13,Clearance,0,0.21302325581395348,0.38542070984840393,0.4015847444534302,0.5124831199645996,0.4775416851043701,0.5669679045677185,0.49249058961868286
3802930,a6cdcd36-7e3d-481a-b0ac-7519808836ab,Pass,0,0.21302325581395348,0.06094350293278694,0.1793363094329834,0.23087884485721588,0.13368909060955048,0.07017464935779572,0.11135327070951462
3802930,d50fc5b2-33d7-485c-a8e0-87d9e19994fb,Pass,0,0.21302325581395348,0.1830609291791916,0.11191636323928833,0.062000006437301636,0.04925621300935745,0.042772334069013596,0.051157329231500626
3802930,3d81e406-2250-4189-a5aa-b709cf780bd4,Pass,0,0.21302325581395348,0.23422294855117798,0.3515973687171936,0.30019301176071167,0.1823558509349823,0.19932249188423157,0.17999444901943207
3802948,b254b188-8ac3-4815-aca2-9de662f37144,Pass,0,0.2135877152163797,0.08143576979637146,0.06457611918449402,0.057886604219675064,0.054327625781297684,0.019601082429289818,0.02034161612391472
3802948,353aa97e-0800-4d89-9f09-6817bdc2ae72,Pass,0,0.2135877152163797,0.26357367634773254,0.16047346591949463,0.1380091905593872,0.08437297493219376,0.11160635948181152,0.060506392270326614
3802948,055d386d-8e2a-465e-93e3-7969b8cfbede,Clearance,0,0.2135877152163797,0.2782510817050934,0.36150094866752625,0.39635995030403137,0.3960731625556946,0.43465983867645264,0.41277700662612915
3802948,f22135df-95a2-423b-bbad-ae533cd1023c,Pass,0,0.2135877152163797,0.14117710292339325,0.10752340406179428,0.15305940806865692,0.05477451905608177,0.01923265866935253,0.022068407386541367
3802948,bc682eed-6dce-4c38-a2c8-2ecbeb2ea8d1,Clearance,1,0.2135877152163797,0.1904037892818451,0.18447235226631165,0.14636997878551483,0.21875019371509552,0.22200483083724976,0.2030429244041443
3802983,133ab5d5-f456-4cc9-b381-038fc60471aa,Pass,0,0.21302325581395348,0.12448287010192871,0.13399669528007507,0.2481299340724945,0.12292011827230453,0.06620808690786362,0.02780936099588871
3802984,c7a3a345-72fc-4dae-a0bc-32e711cc11e2,Pass,1,0.21288515406162464,0.26678547263145447,0.25705671310424805,0.1906873732805252,0.12329515814781189,0.04904250428080559,0.1005299761891365
3802984,32932301-0b75-4e5f-ae6b-a9ddf8bb39cd,Pass,0,0.21288515406162464,0.093869648873806,0.061904337257146835,0.08389971405267715,0.09066438674926758,0.06254055351018906,0.06607168167829514
3802984,3eaa1fc8-d6b9-4701-a4c6-1df85a2944b6,Pass,0,0.21288515406162464,0.08233310282230377,0.10504737496376038,0.10498542338609695,0.09538091719150543,0.06134968250989914,0.06437157094478607
3802984,1d14b4bb-7d1e-4f21-8231-f348a688d6a6,Pass,0,0.21288515406162464,0.2213982492685318,0.13431131839752197,0.08371789008378983,0.07692048698663712,0.36430904269218445,0.41542482376098633
3803000,a44a84e4-53af-489e-9364-5d1c5f23adf8,Pass,0,0.21288515406162464,0.2792530357837677,0.1550968438386917,0.11535894125699997,0.07520009577274323,0.10558467358350754,0.04617280885577202
3803000,5922cd57-62ff-4813-b4df-c8055494057b,Pass,0,0.21288515406162464,0.2140337973833084,0.2185501754283905,0.3579613268375397,0.1974356323480606,0.0944254994392395,0.0894574373960495
3803000,2b47b581-dfb5-494b-9375-0588a2d159e8,Pass,0,0.21288515406162464,0.1828146129846573,0.17195065319538116,0.15692557394504547,0.20961043238639832,0.1103510633111,0.037174295634031296
3837650,279cb406-f133-44da-9c01-003fc8db8176,Pass,1,0.21302325581395348,0.2240067571401596,0.15917737782001495,0.14001818001270294,0.09342033416032791,0.3396647572517395,0.26811665296554565
3837650,29fbae5e-3720-40f5-b048-efd93f8618f1,Clearance,1,0.21302325581395348,0.2719978094100952,0.26018473505973816,0.45689764618873596,0.4335728585720062,0.5012342929840088,0.4241960644721985
3837650,fe362fd5-5016-4f96-8c76-e5f622850477,Pass,0,0.21302325581395348,0.3585979640483856,0.32835933566093445,0.3667525053024292,0.36189883947372437,0.3121188282966614,0.2883508801460266
3837659,2d55ca33-3e57-4747-964d-da3e22558108,Pass,0,0.21378667908709828,0.27171921730041504,0.18890231847763062,0.16628167033195496,0.15680032968521118,0.12331083416938782,0.058838553726673126
3837659,10269167-539c-40b8-a36e-2092d4b3181f,Pass,0,0.21378667908709828,0.07729680091142654,0.09260917454957962,0.15068119764328003,0.08733224123716354,0.07785186171531677,0.06649807095527649
3837659,de734c00-cd20-4b05-8772-2371d3815cd2,Clearance,1,0.21378667908709828,0.2720501124858856,0.26291948556900024,0.1684512495994568,0.1823642998933792,0.20864315330982208,0.2466811090707779
3837659,9e2123dd-ff85-468d-a9a7-5593ff4a54b0,Pass,0,0.21378667908709828,0.12164325267076492,0.16239196062088013,0.07822531461715698,0.05078348144888878,0.02592165395617485,0.016678461804986
3837659,4f6c49fe-6a18-4493-9802-269caf55368b,Pass,0,0.21378667908709828,0.13864155113697052,0.16831879317760468,0.16678951680660248,0.14893943071365356,0.11212363839149475,0.07628262788057327
3837662,91cd7df5-d767-4177-8c98-edf88d04a17a,Pass,0,0.21378667908709828,0.07454226911067963,0.09578827023506165,0.14005984365940094,0.05861945450305939,0.05877317488193512,0.04465891420841217
3837662,43c0b0e8-a4fe-4664-8b90-8a677a41c7e4,Clearance,1,0.21378667908709828,0.4191504120826721,0.3799750506877899,0.34239161014556885,0.41298437118530273,0.40190479159355164,0.44798535108566284
3837680,f250df25-d537-4a09-8fa3-f941752f8b05,Pass,1,0.2126865671641791,0.2678389847278595,0.1799258440732956,0.11527688056230545,0.056844428181648254,0.29569321870803833,0.5006521344184875
3837680,010d5d3c-cb92-48ec-95b5-f7e2a087736e,Clearance,0,0.2126865671641791,0.44724610447883606,0.35582399368286133,0.48133906722068787,0.5186281204223633,0.41181883215904236,0.4561830163002014
3837680,27da5014-0f09-4ba4-91ed-1d8c1b1d1ee3,Pass,0,0.2126865671641791,0.10713706165552139,0.10257215052843094,0.10340645909309387,0.16738036274909973,0.14676305651664734,0.08866533637046814
3837680,5e7b617d-10db-4cc1-a056-71333c57d2f0,Pass,0,0.2126865671641791,0.12173600494861603,0.09680315852165222,0.1261162906885147,0.08607400208711624,0.06273780763149261,0.07432537525892258
3837680,ff1affc6-f987-4a71-bbb3-d67fc22d2b28,Clearance,0,0.2126865671641791,0.21413923799991608,0.24666693806648254,0.19144763052463531,0.31900107860565186,0.33162614703178406,0.3282822072505951
3837680,15e8732e-59a2-45da-9cf6-4e1b9c11def1,Pass,0,0.2126865671641791,0.18065574765205383,0.17757843434810638,0.14409589767456055,0.0838136225938797,0.04005207121372223,0.0290816817432642
3837680,bad76648-bdcc-40fc-af1c-44146952c9d9,Pass,0,0.2126865671641791,0.17943619191646576,0.14573617279529572,0.18604300916194916,0.14623306691646576,0.06987020373344421,0.05902504920959473
3837680,536522f3-c36c-4e85-9441-c369aaa0c837,Pass,0,0.2126865671641791,0.2157081812620163,0.08387411385774612,0.07784698158502579,0.06090402975678444,0.04432528838515282,0.022574108093976974
3837683,3324d89e-eed2-4aaf-878a-e0d8e6f5465a,Pass,0,0.2135877152163797,0.27564072608947754,0.1398693025112152,0.1037479117512703,0.09950417280197144,0.10677047073841095,0.09071017801761627
3837683,e0749603-d56b-4859-8d5b-bed77ed98f7d,Pass,0,0.2135877152163797,0.31546515226364136,0.2666458785533905,0.2792142331600189,0.1940660923719406,0.2011195719242096,0.113225556910038
3837683,d49b5b09-3508-4d71-836c-c8ff69b7b855,Clearance,1,0.2135877152163797,0.46027809381484985,0.4744071662425995,0.49068307876586914,0.5309821963310242,0.5792217254638672,0.4769221842288971
3837695,0b75d20c-d888-42d5-b683-ece401a1ceed,Pass,0,0.2135877152163797,0.07098657637834549,0.1668092906475067,0.14641012251377106,0.10981433093547821,0.050122521817684174,0.04187032952904701
3837695,ab3d3501-d851-4215-8194-15a60a97f8b5,Pass,0,0.2135877152163797,0.17916257679462433,0.15749157965183258,0.09219636023044586,0.06757795065641403,0.25232312083244324,0.20279090106487274
3837695,5caca532-850e-4773-a351-b1eaefb97ebd,Clearance,1,0.2135877152163797,0.27476966381073,0.4804914891719818,0.39997589588165283,0.4630494713783264,0.3774060010910034,0.38112664222717285
3837695,bca775b9-7e82-4ecd-a7bf-ee2c851bab76,Clearance,0,0.2135877152163797,0.2905980050563812,0.19385896623134613,0.1740620732307434,0.1970672458410263,0.22101061046123505,0.24375392496585846
3837695,dab78af8-5115-45d4-89af-f33fb20a228f,Pass,0,0.2135877152163797,0.19039468467235565,0.27877360582351685,0.25252464413642883,0.1718975156545639,0.23302356898784637,0.1884985715150833
3837717,d393076b-d40d-4762-9d41-954952218f66,Pass,0,0.21302325581395348,0.08087832480669022,0.04459154233336449,0.052606139332056046,0.0527886338531971,0.03196791559457779,0.024980969727039337
3837727,7f86b85f-a67e-41e3-bc36-7d3b65ee6d18,Pass,0,0.21288515406162464,0.23590733110904694,0.38330933451652527,0.46100685000419617,0.18646761775016785,0.07050029933452606,0.07589741796255112
3837727,c2ef295e-442f-4a51-bbad-516184ef15ab,Pass,0,0.21288515406162464,0.09410952776670456,0.2883533835411072,0.2667928636074066,0.2718502879142761,0.11509589850902557,0.14384989440441132
3837727,b4a93a4d-7a96-4bf9-8d33-307666c76356,Pass,0,0.21288515406162464,0.07000081241130829,0.03590507432818413,0.022224215790629387,0.023961571976542473,0.021925194188952446,0.012422194704413414
3837747,92a611d4-edc1-447f-a043-279bbb6c122b,Pass,1,0.21378667908709828,0.32010966539382935,0.22984930872917175,0.27568939328193665,0.33269378542900085,0.5007275938987732,0.37656354904174805
3837747,abcb507c-e656-4e36-a933-9e450fde4182,Clearance,1,0.21378667908709828,0.2806383967399597,0.24038001894950867,0.19183436036109924,0.1652214378118515,0.1228698268532753,0.1832294911146164
3837747,d3e001f8-4f3a-4770-9152-7983b073bb0b,Pass,0,0.21378667908709828,0.1959189772605896,0.2264624834060669,0.315661758184433,0.1492195576429367,0.07074616849422455,0.05420215427875519
3837747,9fc3c386-c44b-41ab-8d03-3726acd05ac1,Clearance,0,0.21378667908709828,0.18854962289333344,0.22832828760147095,0.260044127702713,0.3025159239768982,0.2955333888530731,0.28778812289237976
3837752,d7e566e2-1b44-47b7-bc81-053b2d386964,Pass,0,0.21288515406162464,0.27339863777160645,0.1345251053571701,0.08182969689369202,0.05143101140856743,0.06378093361854553,0.060578905045986176
3837752,6d62da57-0cad-4c38-912a-6699373a82b8,Clearance,0,0.21288515406162464,0.25223588943481445,0.12224274128675461,0.12025914341211319,0.10801606625318527,0.10857833176851273,0.1483626812696457
3837752,87fa3842-4d65-48a3-9f8b-4c7e23401adf,Pass,0,0.21288515406162464,0.08751613646745682,0.08299952000379562,0.07740259915590286,0.06169988587498665,0.031314998865127563,0.03614405170083046
3837752,2886f48e-cc14-4b9a-8fc6-b3cd50a858b0,Pass,0,0.21288515406162464,0.09962143748998642,0.09645048528909683,0.07111364603042603,0.06635358929634094,0.022437235340476036,0.01767897792160511
3837752,c6e2fda0-6b71-4701-a4bb-9bf9bfb117e2,Clearance,1,0.21288515406162464,0.2733537554740906,0.5345029234886169,0.4950532615184784,0.45059043169021606,0.46066367626190186,0.5144333243370056
3837752,fb0c0372-1cdc-4617-9266-e8d4f39b8b64,Pass,0,0.21288515406162464,0.08230748772621155,0.05155555531382561,0.08502276986837387,0.07908044010400772,0.06679315119981766,0.08162347972393036
3837752,955e7cfd-b017-4f7e-9941-ed736c874a77,Pass,0,0.21288515406162464,0.08239014446735382,0.08734052628278732,0.08167239278554916,0.11104599386453629,0.04538867995142937,0.01816960982978344
3837752,49efa5ef-c185-440e-831b-b33723200d5d,Pass,0,0.21288515406162464,0.20260509848594666,0.11842887103557587,0.06728367507457733,0.053695663809776306,0.02205156721174717,0.04221557453274727
3837771,3b420897-2483-4569-a057-da5622ee5941,Clearance,0,0.21302325581395348,0.2666741907596588,0.2388223111629486,0.2902946174144745,0.4206946790218353,0.2844579517841339,0.31682372093200684
3837785,9e66e705-7600-4944-b0bc-037a10b170c4,Pass,0,0.2135877152163797,0.15002122521400452,0.08155299723148346,0.08869624137878418,0.05126611888408661,0.031185070052742958,0.02090085670351982
3837785,1ad136cc-b653-4d22-88c6-8274fdca3ee6,Pass,0,0.2135877152163797,0.24950043857097626,0.24099142849445343,0.2871357798576355,0.28562676906585693,0.25015172362327576,0.3698923587799072
3837785,f9ab1fa9-8e1f-400b-b7aa-bd6ef24d486a,Pass,0,0.2135877152163797,0.2276618778705597,0.10755380988121033,0.05926051363348961,0.03836018592119217,0.04477624222636223,0.045185208320617676
3837785,bf81226c-3080-4ac8-8ebf-c421e3e5a28f,Pass,0,0.2135877152163797,0.1617336869239807,0.07982883602380753,0.08806238323450089,0.1551101803779602,0.1397654116153717,0.3271387219429016
3837785,ec46efd4-dd71-4e9c-8298-941f5ed04c1c,Pass,0,0.2135877152163797,0.175384521484375,0.13708604872226715,0.08313851803541183,0.08110745251178741,0.07650492340326309,0.07620510458946228
3837785,91aa9706-a618-4f11-bd55-76cc332b59a2,Pass,0,0.2135877152163797,0.08136599510908127,0.05747736617922783,0.11694242060184479,0.05437690019607544,0.022340256720781326,0.04463917389512062
3837785,57129612-fed0-4963-bc64-f8be8fcdc2c1,Pass,0,0.2135877152163797,0.4112452268600464,0.32636696100234985,0.4182860851287842,0.15640370547771454,0.04071873053908348,0.026345493271946907
3837827,f11bd772-13e5-45d8-bba7-6ea7e2ac573c,Pass,0,0.2126865671641791,0.12168169021606445,0.09556679427623749,0.036767031997442245,0.034268710762262344,0.2506720721721649,0.253999799489975
3837827,ae0e6fe0-422d-4031-9404-356bfe24b950,Pass,0,0.2126865671641791,0.16223302483558655,0.07953375577926636,0.05810869112610817,0.04015427455306053,0.026429489254951477,0.01777005009353161
3837827,05228a1b-055f-4417-bae8-5b8bd1b4df2e,Pass,0,0.2126865671641791,0.09821789711713791,0.08432146906852722,0.1145169585943222,0.08112813532352448,0.09150969237089157,0.05574208125472069
3837827,f5c5f271-ba03-4fd5-90b7-e169003625ab,Clearance,1,0.2126865671641791,0.32648006081581116,0.32343316078186035,0.44679394364356995,0.39834216237068176,0.3901621401309967,0.3815854787826538
3837839,b06ac30f-ac79-4965-8af4-a7e50045fffe,Clearance,1,0.2126865671641791,0.26036059856414795,0.33155524730682373,0.2959950566291809,0.3717666566371918,0.470860093832016,0.467146098613739
3837839,69f33c32-3446-436f-ba3a-ca5fcdaff0df,Clearance,0,0.2126865671641791,0.19148477911949158,0.2354286164045334,0.22678832709789276,0.24292248487472534,0.275190532207489,0.20967334508895874
3837839,ac043c14-035e-4a4c-8559-8f40e42f801e,Pass,0,0.2126865671641791,0.1623072624206543,0.08466864377260208,0.05093478038907051,0.057367391884326935,0.07737133651971817,0.10280616581439972
3837839,fff55b6c-d098-4d90-bd8e-d819d92238ac,Clearance,0,0.2126865671641791,0.32233595848083496,0.1959334909915924,0.12370061874389648,0.16825805604457855,0.1861177682876587,0.22661934792995453
3837839,80419515-97a8-4698-8865-a4e816ff60b2,Clearance,0,0.2126865671641791,0.21733005344867706,0.30652710795402527,0.290381520986557,0.25219303369522095,0.2613879442214966,0.24490855634212494
3837844,da8b4f49-87bb-4e31-8ec5-7fce0b1e00be,Pass,0,0.21302325581395348,0.22641383111476898,0.1064126193523407,0.17578920722007751,0.0854724869132042,0.06144322082400322,0.039552588015794754
3837844,750efdc1-a9ed-4086-8418-4c2171a1c32f,Clearance,1,0.21302325581395348,0.23966600000858307,0.35454630851745605,0.38475584983825684,0.3974611461162567,0.3755088448524475,0.2927810549736023
3837844,2c629824-8b73-48f6-83b7-1ee98764e51e,Pass,0,0.21302325581395348,0.14667214453220367,0.11874397099018097,0.0850081518292427,0.08304537087678909,0.060095757246017456,0.03524602949619293
3837859,fcdd0a1e-c3ce-43d8-a939-0cb1d2ce86bd,Pass,0,0.21288515406162464,0.11943211406469345,0.3076820373535156,0.36175304651260376,0.17801007628440857,0.08741413801908493,0.24881120026111603
3837859,287fe156-eaeb-4958-a985-b3cb772f93c9,Pass,0,0.21288515406162464,0.10856238752603531,0.07466278970241547,0.07721316069364548,0.038764793425798416,0.0488164909183979,0.06105581670999527
3837859,6d57a920-fe07-46e6-a22e-eada90fb5089,Clearance,0,0.21288515406162464,0.2486421763896942,0.36099350452423096,0.5120084285736084,0.4057804048061371,0.41623222827911377,0.49138838052749634
3837859,66abe0f0-1b4b-4746-8260-9ec68c51bd01,Pass,0,0.21288515406162464,0.207196444272995,0.16169211268424988,0.2885984182357788,0.3355053961277008,0.40032005310058594,0.4031561017036438
3837859,1b901fe7-8874-42ac-a7b3-d9607df74595,Pass,0,0.21288515406162464,0.08901192992925644,0.05056532099843025,0.052195578813552856,0.03971952944993973,0.030044613406062126,0.03601139411330223
3837859,c3d5e11d-6cc4-489d-bcc9-a5cda58dde90,Clearance,0,0.21288515406162464,0.25550293922424316,0.08750084787607193,0.11949646472930908,0.10658498108386993,0.08111507445573807,0.11100664734840393
3837876,d3818c91-134a-49db-b430-c6424d933f67,Pass,0,0.21302325581395348,0.34648647904396057,0.29848936200141907,0.21732693910598755,0.2420271784067154,0.1966383159160614,0.16974662244319916
3837876,0c67b518-ec7e-48aa-9c53-ff83076d4ad3,Pass,0,0.21302325581395348,0.16686829924583435,0.2150229960680008,0.12185768783092499,0.060785938054323196,0.030871102586388588,0.024137204512953758
3837876,90722113-849d-4ce9-b54c-94a68ebb03ec,Pass,0,0.21302325581395348,0.13344886898994446,0.07698243111371994,0.11596029996871948,0.07218021154403687,0.09742958098649979,0.05386092886328697
3837876,6ee6cc7d-dac3-43b7-abbe-222873f1f677,Pass,0,0.21302325581395348,0.18194186687469482,0.4787504971027374,0.42277172207832336,0.1637500524520874,0.5186778903007507,0.2489553987979889
3837876,c97d3745-3a43-4074-8f1d-a47eb962de87,Clearance,1,0.21302325581395348,0.23575080931186676,0.2648390829563141,0.26509109139442444,0.40297800302505493,0.3779914677143097,0.31391388177871704
3837876,23e520b8-78ee-404c-8f97-3f6ad27be3e8,Pass,0,0.21302325581395348,0.353577196598053,0.29761165380477905,0.3011370897293091,0.28088098764419556,0.27476462721824646,0.31405025720596313
3837885,8d897263-bb66-4708-acea-8facbed69704,Pass,0,0.2126865671641791,0.3394072651863098,0.39351925253868103,0.519379198551178,0.5997594594955444,0.4089604318141937,0.15379978716373444
3837885,9d282261-231d-4f3b-9b01-7d044ec7586f,Clearance,0,0.2126865671641791,0.13880829513072968,0.09436429291963577,0.07889696210622787,0.11298974603414536,0.2074936330318451,0.17990130186080933
3837885,519cfd6f-0e6d-4c9a-b38a-2533e090e880,Pass,0,0.2126865671641791,0.10534712672233582,0.10215164721012115,0.1170048713684082,0.10522371530532837,0.05682263895869255,0.09713122248649597
3837885,0595f9a4-b732-4da0-90f6-712fbbd4ea15,Clearance,0,0.2126865671641791,0.3181312084197998,0.309041291475296,0.3093089461326599,0.3725740313529968,0.3610973358154297,0.3550225794315338
3837885,d4cdc669-9258-490b-b63a-0ea90cec1aef,Clearance,0,0.2126865671641791,0.24895338714122772,0.4854581356048584,0.42980194091796875,0.4751775562763214,0.3339710831642151,0.44088172912597656
3837885,32543be4-353a-41b1-a72d-126ad84139a5,Pass,0,0.2126865671641791,0.07346241921186447,0.07919038087129593,0.11038372665643692,0.07591734826564789,0.029997583478689194,0.01960652694106102
3837885,e12e9a93-3b09-4cef-a9b1-6890757e4683,Pass,0,0.2126865671641791,0.2021721601486206,0.12710803747177124,0.130642369389534,0.08976759761571884,0.1548670530319214,0.18301241099834442
3837885,65430e94-5fdc-493b-b676-a9ee4cf7b35a,Pass,0,0.2126865671641791,0.1823844015598297,0.20954585075378418,0.1627236157655716,0.0821785107254982,0.035412367433309555,0.08741538971662521
3837896,7ce1fec1-0f0a-46a4-a814-9f5a038e1d37,Pass,0,0.2126865671641791,0.2820170223712921,0.15550221502780914,0.18202440440654755,0.11747483164072037,0.07105880975723267,0.05881025269627571
3837896,9928e7a9-8951-446a-a428-c10c08c2ed04,Pass,0,0.2126865671641791,0.14426027238368988,0.1450100988149643,0.12340061366558075,0.05716526135802269,0.09008189290761948,0.07825323939323425
3837896,4b791514-3a06-42d3-8602-6346b76486cf,Pass,0,0.2126865671641791,0.15644115209579468,0.06439651548862457,0.09490299969911575,0.059968095272779465,0.03198743611574173,0.019863685593008995
3837902,138dc5c4-31c1-44ca-85f2-f3ea406e04a1,Clearance,1,0.21302325581395348,0.21291112899780273,0.21810416877269745,0.13425974547863007,0.3574346601963043,0.33368226885795593,0.30357494950294495
3837902,1801f5ed-feeb-4caa-b2d0-633256371457,Clearance,0,0.21302325581395348,0.42440417408943176,0.30020415782928467,0.37558820843696594,0.37607139348983765,0.3110555410385132,0.29831328988075256
3837902,054ec86d-fa83-4c8b-be9e-308949aeda99,Pass,0,0.21302325581395348,0.28096726536750793,0.136223703622818,0.15974220633506775,0.20821453630924225,0.19306230545043945,0.12039286643266678
3837902,b80a0936-53bc-4ed3-a3d5-4ce33ed05daa,Clearance,0,0.21302325581395348,0.22865641117095947,0.13761179149150848,0.23922495543956757,0.22504106163978577,0.2197904884815216,0.23494526743888855
3837902,742cffac-17ae-401e-a23f-930e1162dda1,Clearance,1,0.21302325581395348,0.19786220788955688,0.1598324328660965,0.25989702343940735,0.22156868875026703,0.24991175532341003,0.20157860219478607
3837902,54ceebd2-2a44-4251-a1e0-e2e57615f1f6,Pass,0,0.21302325581395348,0.15442320704460144,0.3502865731716156,0.3062646985054016,0.11164940893650055,0.08060363680124283,0.10779128968715668
3837902,3168818c-95ee-4c5b-81f3-4008965cf352,Clearance,0,0.21302325581395348,0.3723960816860199,0.13168707489967346,0.11642546951770782,0.14504531025886536,0.1604139655828476,0.15174086391925812
3837918,3545c304-421b-4dd8-a0b9-b2b50d033317,Clearance,1,0.2126865671641791,0.22714680433273315,0.14717645943164825,0.18860818445682526,0.34689465165138245,0.3595656156539917,0.3906950056552887
3837918,e5414deb-6e64-4838-9554-aa9df95e4730,Clearance,1,0.2126865671641791,0.28363311290740967,0.15303649008274078,0.10772862285375595,0.12155044078826904,0.11790082603693008,0.11892034858465195
3837918,7b94408c-9f99-4364-8aad-665057796a35,Clearance,1,0.2126865671641791,0.2783966660499573,0.1956484317779541,0.19488677382469177,0.1325232833623886,0.15442921221256256,0.11709072440862656
3837918,3c834666-9f0b-477c-b44e-871bc984a3fb,Pass,0,0.2126865671641791,0.2316664755344391,0.12227484583854675,0.2906116545200348,0.09459629654884338,0.06438690423965454,0.09822089225053787
3837928,28110874-7daa-4a72-8469-19200e758aa1,Clearance,0,0.21378667908709828,0.17642414569854736,0.2841487526893616,0.16587089002132416,0.18582628667354584,0.20155920088291168,0.2938324809074402
3837928,f5dfbec9-3e50-4595-a9ea-ade935b5d3f8,Clearance,0,0.21378667908709828,0.286674827337265,0.14264212548732758,0.1908321976661682,0.1437225639820099,0.15626126527786255,0.18346469104290009
3837928,e0e4688a-68f1-4e5d-8fed-0c57cadd9bc9,Clearance,0,0.21378667908709828,0.1940087229013443,0.23490042984485626,0.12446292489767075,0.24124516546726227,0.17973671853542328,0.23857489228248596
3837928,6679064f-ae91-4535-b171-e776d320ee64,Clearance,0,0.21378667908709828,0.3173743784427643,0.1294703334569931,0.13990874588489532,0.12353743612766266,0.1114097610116005,0.13370278477668762
3837928,6c609b30-8a30-4ce9-af96-ba28f79d4097,Pass,0,0.21378667908709828,0.14863529801368713,0.17993725836277008,0.1561545580625534,0.14541570842266083,0.05087447911500931,0.04379469156265259
3837928,27f8feda-1f59-469c-8001-5e09ac5e2e31,Clearance,1,0.21378667908709828,0.15265165269374847,0.06431630998849869,0.07727877795696259,0.15641625225543976,0.22667302191257477,0.1865287721157074
3837928,91ddfad7-73d0-44b0-89a7-1ef38d0b8b24,Pass,0,0.21378667908709828,0.2556929886341095,0.13881473243236542,0.13038526475429535,0.06227032467722893,0.037532392889261246,0.02935643680393696
3837938,df64e81f-c545-44ed-9311-0a4974c8feb0,Clearance,0,0.2126865671641791,0.333742618560791,0.21301336586475372,0.18675336241722107,0.16343362629413605,0.21877723932266235,0.17100203037261963
3837938,c15d48e0-7a1c-4041-acfd-abc933bba406,Clearance,0,0.2126865671641791,0.24067026376724243,0.30262818932533264,0.21039515733718872,0.24476855993270874,0.273419588804245,0.3149876594543457
3837938,90c5f0b3-ba6c-4a7f-80f3-d1b5b2307a88,Clearance,0,0.2126865671641791,0.4749922454357147,0.33796268701553345,0.28720271587371826,0.30121874809265137,0.30182990431785583,0.32974308729171753
3837947,727bad44-6330-4f32-9ea5-8d5e7ef52b09,Clearance,0,0.21288515406162464,0.4242140054702759,0.08038615435361862,0.08145276457071304,0.07968203723430634,0.09211711585521698,0.08726639300584793
3837947,348d16c7-1f22-46ef-999e-7337863b7fd8,Clearance,0,0.21288515406162464,0.21545593440532684,0.22800712287425995,0.2658994793891907,0.3075433075428009,0.2498474419116974,0.2651323676109314
3837947,38895a1e-62ff-408d-99df-e4da0887c006,Pass,0,0.21288515406162464,0.11607173085212708,0.13583163917064667,0.15760599076747894,0.11223515123128891,0.04991934821009636,0.07151227444410324
3837947,f98c6c92-199a-45b4-8a08-805d2e380193,Clearance,0,0.21288515406162464,0.1945609152317047,0.18123045563697815,0.14347252249717712,0.14029395580291748,0.13144832849502563,0.13674189150333405
3837947,ec5519d1-bffe-4d8b-8170-06e2b9f60485,Pass,0,0.21288515406162464,0.05954252555966377,0.16516485810279846,0.12249097228050232,0.07430662214756012,0.04669109359383583,0.04884614422917366
3837947,70f661e4-692a-42aa-a6a0-4ab9bd86d5d8,Clearance,1,0.21288515406162464,0.20460332930088043,0.4285930395126343,0.3249264657497406,0.26356905698776245,0.2694630026817322,0.28273481130599976
3837947,a358a1a1-34c6-4ddf-93fc-1b68e87b2817,Clearance,1,0.21288515406162464,0.25606030225753784,0.2559342384338379,0.23438718914985657,0.19751079380512238,0.2724296450614929,0.2896789610385895
3837947,d6568f57-0b95-4bd0-9f02-e06ab42a7e11,Clearance,1,0.21288515406162464,0.39747703075408936,0.35792362689971924,0.3015803396701813,0.28327903151512146,0.28140580654144287,0.2517178952693939
3837954,3b5d9ce8-6c92-43cd-a675-51a74bf1514f,Clearance,0,0.21288515406162464,0.29123443365097046,0.20261432230472565,0.21622715890407562,0.15435081720352173,0.16937826573848724,0.18216729164123535
3837954,8f08bf6a-50aa-4a26-b7fc-dcc0f6ea75e3,Pass,0,0.21288515406162464,0.26500803232192993,0.17194055020809174,0.182803213596344,0.13530036807060242,0.13277819752693176,0.1689457893371582
3837954,a763b237-7029-498f-a0c1-bfb61a726ef5,Pass,0,0.21288515406162464,0.10758920013904572,0.10211144387722015,0.11247376352548599,0.09731642156839371,0.15064503252506256,0.2060178816318512
3837963,a088276f-f0ec-4867-b5fb-d8bca626828f,Clearance,0,0.21378667908709828,0.20864742994308472,0.13306553661823273,0.1910255253314972,0.15906257927417755,0.1675482541322708,0.1451115608215332
3837963,f9bb74e6-dff1-4a58-a8f2-8c5d0f671633,Clearance,0,0.21378667908709828,0.31214845180511475,0.28171810507774353,0.38706716895103455,0.49281609058380127,0.46350160241127014,0.39473646879196167
3837963,15a83394-7130-47d1-92bb-bf76d6ffdb34,Clearance,0,0.21378667908709828,0.2434280961751938,0.5152348875999451,0.47756049036979675,0.5232322216033936,0.5431463718414307,0.5106720924377441
3837963,25d2525c-181b-487b-b960-35fe209dd9a3,Pass,0,0.21378667908709828,0.21571944653987885,0.3128136396408081,0.24903805553913116,0.2148224115371704,0.12112900614738464,0.05241541191935539
3837987,658d049f-b58d-497d-a74e-5fe4e24f0673,Pass,0,0.21302325581395348,0.09890414774417877,0.10929492861032486,0.0721546858549118,0.05910023674368858,0.024718988686800003,0.014056957326829433
3837987,e4349ae8-d89d-4e53-ae64-816523438f23,Pass,0,0.21302325581395348,0.156615749001503,0.1401539146900177,0.10463952273130417,0.11842361837625504,0.04274380952119827,0.06261943280696869
3837987,7f693acb-e483-45c0-91ba-0115b96f04f8,Clearance,0,0.21302325581395348,0.311619371175766,0.15434686839580536,0.1452864706516266,0.1726788580417633,0.1868412345647812,0.20122487843036652
3837987,72571584-0829-4c96-89c7-31b7516f0d4c,Pass,0,0.21302325581395348,0.08931361883878708,0.11437604576349258,0.07923688739538193,0.07939000427722931,0.05138455331325531,0.0417693667113781
3837987,fbd468bf-c416-443f-99c7-9fd5fee70411,Pass,1,0.21302325581395348,0.08945631235837936,0.10176748782396317,0.1134309470653534,0.10718759149312973,0.3542133569717407,0.34666040539741516
3837987,279aadc5-160c-4773-a6e3-ed8aea5b0220,Clearance,0,0.21302325581395348,0.28590166568756104,0.3893705904483795,0.443021297454834,0.5139699578285217,0.4667585492134094,0.4840485453605652
3837987,feb08101-63a7-41ad-9e1f-2a0536355c73,Clearance,0,0.21302325581395348,0.17822004854679108,0.15899613499641418,0.21199122071266174,0.11600682884454727,0.10332303494215012,0.1349451243877411
3837998,12cf889a-abf3-43f4-8c35-d271ab68a415,Clearance,0,0.2135877152163797,0.23881712555885315,0.22690118849277496,0.2228655368089676,0.5423547029495239,0.47753092646598816,0.5674712657928467
3837998,8b98ba47-6d4a-493d-9df4-c8d6e3a10605,Clearance,0,0.2135877152163797,0.29482463002204895,0.39079549908638,0.3588332533836365,0.3742828369140625,0.299437940120697,0.2894463539123535
3837998,389577f2-c68a-4746-99ef-abf43159ae3c,Pass,0,0.2135877152163797,0.1909843236207962,0.15825463831424713,0.17623721063137054,0.2031615674495697,0.16353687644004822,0.39798060059547424
3837998,c7267d0a-f31b-4d7a-8756-22f5e0e52432,Clearance,1,0.2135877152163797,0.1438273787498474,0.29487144947052,0.22421590983867645,0.30600324273109436,0.23181191086769104,0.2483934611082077
3837998,1dc669b9-e41f-44f0-acaa-58dc4ce02777,Clearance,1,0.2135877152163797,0.30115067958831787,0.14308233559131622,0.14795148372650146,0.1511700451374054,0.1716092973947525,0.19281183183193207
3837998,cc64cf80-58dc-42e2-9621-be312f7aff61,Pass,1,0.2135877152163797,0.14827439188957214,0.1487542986869812,0.1424618810415268,0.11307280510663986,0.14795760810375214,0.1795327067375183
3837998,336368b5-edc5-4e61-97a9-d16ea1ce136d,Pass,0,0.2135877152163797,0.1034272313117981,0.12758807837963104,0.13122203946113586,0.11449535936117172,0.12832921743392944,0.06697848439216614
3838004,baa0151d-0879-4a28-b53b-0c547a78307b,Pass,0,0.21288515406162464,0.15762393176555634,0.11695656925439835,0.188685804605484,0.073065385222435,0.068314328789711,0.06169828772544861
3838004,6a41c938-d5b2-45db-8466-b1edf94fb83b,Clearance,0,0.21288515406162464,0.15433482825756073,0.16927717626094818,0.19499240815639496,0.17108462750911713,0.2047387957572937,0.23709093034267426
3838004,08cac2a1-77ed-43a0-b6d3-4890b7993eb8,Clearance,0,0.21288515406162464,0.23364466428756714,0.21679578721523285,0.16103413701057434,0.23908481001853943,0.20864850282669067,0.18767626583576202
3838017,cb3eccf2-c800-476d-b22f-c1ce81f2a90c,Clearance,1,0.21288515406162464,0.2932303547859192,0.34529152512550354,0.23063306510448456,0.2715756297111511,0.27557823061943054,0.3009921908378601
3838017,d4353071-8d3d-4634-8f79-3e862ff7ca6f,Clearance,0,0.21288515406162464,0.27601951360702515,0.08755303919315338,0.12381049990653992,0.11832814663648605,0.1286230981349945,0.16176359355449677
3838017,ca88d839-45db-48b1-a188-179f0a68d0ca,Clearance,0,0.21288515406162464,0.23095408082008362,0.17587199807167053,0.247436061501503,0.36734098196029663,0.3871982991695404,0.37438419461250305
3838017,88f95015-1ae9-4bd3-8e73-e328177b728a,Clearance,1,0.21288515406162464,0.10630204528570175,0.3084307610988617,0.2155066430568695,0.545174777507782,0.5633558630943298,0.6116299033164978
3838017,e8a8d882-627e-4b69-a778-5af89d19cf36,Clearance,0,0.21288515406162464,0.3230421543121338,0.15017038583755493,0.1590297669172287,0.3615629971027374,0.4179261028766632,0.3677668571472168
3857254,f1367206-f8e7-480d-8a8a-326a38c598c2,Pass,0,0.2135877152163797,0.2891639471054077,0.15879404544830322,0.12628886103630066,0.1053369864821434,0.03727884590625763,0.015423624776303768
3857254,6f12c761-3bc5-48ab-818f-cf50b731173b,Pass,0,0.2135877152163797,0.11836384981870651,0.10351450741291046,0.09412471204996109,0.08598005026578903,0.02792172133922577,0.021184377372264862
3857254,e6737838-da7b-495d-a0a6-2b6156bf6674,Pass,0,0.2135877152163797,0.17913159728050232,0.09749473631381989,0.058667056262493134,0.04616958647966385,0.020390043035149574,0.0337611548602581
3857254,48130cc1-6961-4b23-9058-d81fddb985c2,Pass,1,0.2135877152163797,0.295875608921051,0.26313090324401855,0.3532496988773346,0.42798539996147156,0.36533525586128235,0.40182724595069885
3857254,539f84f8-228c-464e-9d5b-f0c3fc0d2d9d,Pass,1,0.2135877152163797,0.4478023052215576,0.4961065351963043,0.4639831781387329,0.46588489413261414,0.39138081669807434,0.39281344413757324
3857254,490b3721-b193-4c3f-8b31-eed9148607dd,Pass,1,0.2135877152163797,0.4037173092365265,0.280658096075058,0.39494016766548157,0.388980895280838,0.4669605493545532,0.40510547161102295
3857254,e430c036-d414-48fe-b4e7-84b99564835f,Pass,0,0.2135877152163797,0.21228951215744019,0.2955586910247803,0.40482667088508606,0.12742678821086884,0.05882536247372627,0.03730607405304909
3857254,8d28b2d8-4d04-44fc-923e-7fa91ec057d3,Pass,0,0.2135877152163797,0.1655368059873581,0.07460207492113113,0.11471017450094223,0.10251295566558838,0.04954088479280472,0.03364650532603264
3857254,54d985ce-9de0-489c-8def-1a0008d496be,Pass,0,0.2135877152163797,0.2248556762933731,0.2665899991989136,0.2887955605983734,0.11952072381973267,0.04972628876566887,0.03987220674753189
3857255,0c7040c8-4cef-40ce-b90f-59f08a664f3e,Pass,0,0.21288515406162464,0.21214337646961212,0.1475791037082672,0.18708953261375427,0.2506415843963623,0.13017618656158447,0.12128345668315887
3857255,c4ac42be-eb1a-4342-af18-9650479b531f,Pass,1,0.21288515406162464,0.34041786193847656,0.31382328271865845,0.22371792793273926,0.2753622829914093,0.32237163186073303,0.2806974947452545
3857255,25fe12e0-ee0b-4b8f-b73b-7fabd05a596f,Pass,1,0.21288515406162464,0.10747168958187103,0.20679207146167755,0.13091471791267395,0.12492182105779648,0.4058447480201721,0.49813881516456604
3857255,bd901b90-3186-4f2c-a003-c74155a4f9ec,Pass,0,0.21288515406162464,0.2200285792350769,0.12088917195796967,0.1151803508400917,0.07199092954397202,0.03780495375394821,0.09174283593893051
3857255,1ed1a176-a72f-47dd-b035-849d2f1c8c7f,Pass,0,0.21288515406162464,0.10570469498634338,0.12128930538892746,0.2141592651605606,0.1355491727590561,0.04418998956680298,0.04134142026305199
3857255,eeacafd4-8eeb-40c2-b197-d24cef8be669,Pass,0,0.21288515406162464,0.17598803341388702,0.10351977497339249,0.16338448226451874,0.06981342285871506,0.028022220358252525,0.07692575454711914
3857255,0a02d9a7-85eb-4367-b65a-cba0adf9b2e4,Clearance,0,0.21288515406162464,0.19717903435230255,0.3288387656211853,0.3330576717853546,0.4116497337818146,0.5007854104042053,0.49496695399284363
3857255,d18f65c2-b568-4240-93f9-bf8383f1ac04,Pass,0,0.21288515406162464,0.2652079164981842,0.10709982365369797,0.10324425250291824,0.07590857148170471,0.04107756167650223,0.04626167193055153
3857255,74cd8a34-5614-454c-b6e0-6fd6fb998454,Pass,0,0.21288515406162464,0.2434767335653305,0.19251680374145508,0.21148240566253662,0.2486758977174759,0.3491196632385254,0.4909268319606781
3857255,1057ca8c-98c7-4df7-90a1-14a16fd7bbaf,Pass,0,0.21288515406162464,0.12785828113555908,0.10068023949861526,0.09363072365522385,0.0696636438369751,0.023903654888272285,0.04149891063570976
3857256,11848712-1d08-451d-b173-f2629fffef08,Pass,0,0.21288515406162464,0.2333935797214508,0.12170746177434921,0.10634837299585342,0.06347337365150452,0.03999795764684677,0.037758830934762955
3857256,555f1cdb-f494-43f7-80ee-2945cce35479,Clearance,1,0.21288515406162464,0.107680544257164,0.19150958955287933,0.1478874683380127,0.22132910788059235,0.24835830926895142,0.2935916781425476
3857256,ca0866a9-6ab8-4bdf-840b-e2eedf782ec2,Pass,0,0.21288515406162464,0.24769099056720734,0.4028053283691406,0.2631101608276367,0.09021205455064774,0.04056911543011665,0.0432823970913887
3857256,daa0030f-6bf0-44c3-b52f-7473f6633734,Pass,0,0.21288515406162464,0.18682804703712463,0.17391613125801086,0.1920730620622635,0.10741464048624039,0.03208455443382263,0.03664753958582878
3857256,4954ad1f-cdd4-44c4-b983-16d7cf441a29,Pass,1,0.21288515406162464,0.25178518891334534,0.2973753809928894,0.2306431382894516,0.11711520701646805,0.2794826030731201,0.3676867187023163
3857256,11b9535e-ebd5-4983-98e2-fcc0912e70fc,Clearance,1,0.21288515406162464,0.24409699440002441,0.1054079681634903,0.16669034957885742,0.28139325976371765,0.2322060465812683,0.3188258111476898
3857256,b140527a-1fea-46d1-87fa-58cdc4f7f81f,Clearance,0,0.21288515406162464,0.16669031977653503,0.12296552956104279,0.17985223233699799,0.3032083213329315,0.27951860427856445,0.26529473066329956
3857256,cd9efe8a-d3cf-42cf-98ff-b5c94cd6f867,Pass,1,0.21288515406162464,0.15183621644973755,0.19458000361919403,0.2330843210220337,0.10415509343147278,0.16401465237140656,0.13086570799350739
3857256,f33df20e-ef34-4a93-b65e-56a2e931864c,Pass,0,0.21288515406162464,0.20945216715335846,0.2118547260761261,0.17314866185188293,0.18663692474365234,0.23746244609355927,0.3163478672504425
3857256,dddcb94c-6cc5-4346-a58c-ad9de7e717ed,Pass,0,0.21288515406162464,0.28998851776123047,0.3097067177295685,0.3190358579158783,0.18867093324661255,0.0732278972864151,0.032025523483753204
3857256,3c6c4107-7bf3-4c37-9ec7-b60018e02745,Pass,0,0.21288515406162464,0.44741013646125793,0.30874937772750854,0.3021567165851593,0.3954015374183655,0.34963667392730713,0.2520975172519684
3857256,7c35ffa8-da9b-4179-ac91-df5f64b6da73,Pass,0,0.21288515406162464,0.3849056661128998,0.2887253761291504,0.29617780447006226,0.2035345882177353,0.19535882771015167,0.17758657038211823
3857256,80003820-e3c8-43a6-b8e0-d6f73a04dc32,Clearance,0,0.21288515406162464,0.23810777068138123,0.3369273245334625,0.4797626733779907,0.43832579255104065,0.4382629096508026,0.40640926361083984
3857257,11c2f882-c57a-4ed2-a671-772e8be2a2c7,Pass,0,0.2126865671641791,0.23452676832675934,0.2905997931957245,0.3284529745578766,0.14473988115787506,0.1255476176738739,0.12780414521694183
3857257,20f6236c-1821-4f47-98f9-ce8b2a8e18c4,Pass,1,0.2126865671641791,0.12486546486616135,0.0767967626452446,0.08156966418027878,0.07326047122478485,0.06933873891830444,0.04522137716412544
3857257,61ede9df-1c3f-408b-b7e9-f6012e39a022,Pass,0,0.2126865671641791,0.11003893613815308,0.16035883128643036,0.11484798789024353,0.10966084152460098,0.048620276153087616,0.06232085078954697
3857257,8aec8980-1f57-40ca-94d1-4f8eb919591e,Pass,0,0.2126865671641791,0.07131549715995789,0.07246021181344986,0.062020961195230484,0.04407662898302078,0.06384631246328354,0.09674832969903946
3857257,1f7fe99b-2c24-4258-aa90-240c992aecfb,Pass,0,0.2126865671641791,0.14892803132534027,0.11481117457151413,0.055527400225400925,0.05806959420442581,0.11262961477041245,0.07777244597673416
3857257,a6920474-471a-4641-927e-8eb147e6a5b6,Pass,0,0.2126865671641791,0.0538380928337574,0.0703686773777008,0.08146931976079941,0.07700709998607635,0.032046668231487274,0.09524770081043243
3857257,ba9984e5-1b4c-48fb-9015-7e172370c559,Pass,1,0.2126865671641791,0.2319422960281372,0.3607703745365143,0.26219692826271057,0.15069492161273956,0.1980772316455841,0.1577073186635971
3857257,5d400a7b-6d06-424c-b8af-0940428b0335,Pass,0,0.2126865671641791,0.13885529339313507,0.2333609163761139,0.3701466917991638,0.16087082028388977,0.17824281752109528,0.17056576907634735
3857257,268a85c9-c084-466e-9a90-8a573b65232b,Clearance,1,0.2126865671641791,0.18771691620349884,0.16766443848609924,0.3408113121986389,0.35008716583251953,0.31886932253837585,0.3682743310928345
3857257,98146b98-a998-49a9-ad86-c16cfef8f5bf,Pass,0,0.2126865671641791,0.055196501314640045,0.07289302349090576,0.04556785896420479,0.05773741006851196,0.017761562019586563,0.060978442430496216
3857257,86a9684b-59a0-4f1b-b7ea-afc14cfb6a5c,Pass,1,0.2126865671641791,0.15474814176559448,0.14631937444210052,0.17867015302181244,0.10742223262786865,0.5073860883712769,0.47847938537597656
3857257,5de220c8-60e5-464f-a92d-fafa793c85e6,Clearance,1,0.2126865671641791,0.22318433225154877,0.2851984202861786,0.38502803444862366,0.31879723072052,0.2951207458972931,0.2996527850627899
3857257,b9b9e1ae-9bff-4204-a5ce-dabb36e56d99,Clearance,1,0.2126865671641791,0.2082228809595108,0.22459405660629272,0.18648701906204224,0.2615620195865631,0.24889707565307617,0.3153553605079651
3857257,40637a26-1d70-4e97-b595-0bf046c85063,Pass,0,0.2126865671641791,0.14910383522510529,0.06224234402179718,0.03398552164435387,0.04340740665793419,0.0176478773355484,0.012131867930293083
3857257,80e72cbc-949c-416d-a682-51f59ad0bb07,Clearance,1,0.2126865671641791,0.1669643223285675,0.07570779323577881,0.12291897088289261,0.2822997570037842,0.29178526997566223,0.3453846871852875
3857257,42a6aef4-0eaf-4c3a-a21c-f862bb9ae8ff,Pass,0,0.2126865671641791,0.09042301774024963,0.09720967710018158,0.1015099436044693,0.10778830945491791,0.062173161655664444,0.09070231020450592
3857257,fd21baf6-8a13-4f7b-b8dc-7ec0b86a86a4,Clearance,1,0.2126865671641791,0.10354437679052353,0.4009438753128052,0.4731149971485138,0.639861524105072,0.5342616438865662,0.5952650904655457
3857257,07bd7f3a-321e-4db2-9106-ab8b66cb2c59,Pass,0,0.2126865671641791,0.16722819209098816,0.18637828528881073,0.10469794273376465,0.15144063532352448,0.15512169897556305,0.17907559871673584
3857257,99ec546a-9322-44ba-92d9-aa6927b25f40,Pass,0,0.2126865671641791,0.29673540592193604,0.2260591834783554,0.1871982365846634,0.23264506459236145,0.1403997838497162,0.15968269109725952
3857257,bf00831f-79da-4277-8d1f-5e08b9d9e8a5,Clearance,1,0.2126865671641791,0.27764245867729187,0.14769534766674042,0.14648723602294922,0.25199225544929504,0.19805790483951569,0.216765359044075
3857258,05f3e514-9d5a-418b-9f2e-9e1403b3037a,Clearance,0,0.21288515406162464,0.09419708698987961,0.22385278344154358,0.2892706096172333,0.49482396245002747,0.48070594668388367,0.45518529415130615
3857258,b0364a71-1679-41a6-9950-6afe949c96dc,Pass,0,0.21288515406162464,0.08734304457902908,0.06542179733514786,0.06900442391633987,0.047807224094867706,0.018522515892982483,0.047145016491413116
3857258,987b7187-e421-4663-94f1-78e4c23c8f35,Clearance,1,0.21288515406162464,0.33091914653778076,0.2360893040895462,0.2625282406806946,0.35117489099502563,0.43281838297843933,0.3618004024028778
3857258,dfc4296f-1180-4228-b2c9-f7b7a1af516d,Pass,0,0.21288515406162464,0.1718255579471588,0.13386274874210358,0.21988900005817413,0.08536826074123383,0.05213645100593567,0.03963404521346092
3857258,05bee11b-1091-4fdd-9554-396e34242d5a,Pass,0,0.21288515406162464,0.1791074275970459,0.23863692581653595,0.20070978999137878,0.1324167102575302,0.08325018733739853,0.05982782691717148
3857258,bf591652-ff4f-4dca-9568-8fac4f69cf5a,Pass,0,0.21288515406162464,0.1023573949933052,0.09190402179956436,0.03532635420560837,0.05216512084007263,0.06433799117803574,0.07452761381864548
3857258,746c2379-ea78-42ba-a26f-abc039b84a97,Pass,1,0.21288515406162464,0.25081178545951843,0.15306739509105682,0.09751353412866592,0.07581891119480133,0.039488162845373154,0.05161314085125923
3857258,2a10f435-b1a5-4117-bd2c-f02778881f7c,Pass,0,0.21288515406162464,0.10664303600788116,0.1098858118057251,0.19005370140075684,0.1412612795829773,0.2035897672176361,0.13681912422180176
3857258,d9c76718-3a95-4957-a71b-8a12dddc7544,Pass,1,0.21288515406162464,0.12126746773719788,0.16949625313282013,0.17547935247421265,0.10163204371929169,0.04872288554906845,0.057421427220106125
3857258,82fec2e3-4601-40c6-89fc-ac824a3470b2,Pass,0,0.21288515406162464,0.0930466577410698,0.10312595218420029,0.10835833102464676,0.07053060084581375,0.03223644942045212,0.03589437156915665
3857258,a0ecc630-cb8e-4bc0-90c8-1ba185cacf50,Pass,0,0.21288515406162464,0.1126188263297081,0.11415591835975647,0.07468056678771973,0.09638327360153198,0.04198042303323746,0.05018405616283417
3857259,d8fd79cc-5144-48f3-afb8-e8506f5dc477,Pass,0,0.2126865671641791,0.232520192861557,0.11923031508922577,0.151223286986351,0.07711610198020935,0.028842544183135033,0.036350224167108536
3857259,1ab5b23e-445c-4e68-be03-efdcbfe11332,Pass,0,0.2126865671641791,0.19501595199108124,0.10158687829971313,0.06328629702329636,0.06752538681030273,0.03943869099020958,0.036051277071237564
3857259,9b2e4c4c-96f7-4e52-8794-8299a659a66c,Clearance,0,0.2126865671641791,0.21627593040466309,0.34140902757644653,0.2993626892566681,0.5163982510566711,0.4167429208755493,0.4968811571598053
3857259,b1c964b1-d8d3-461f-822b-8c4fd88b2d51,Clearance,0,0.2126865671641791,0.32706788182258606,0.3294115960597992,0.23212459683418274,0.32882001996040344,0.3217979967594147,0.30323654413223267
3857259,34aefa79-703b-484d-a584-67f255ee85db,Clearance,1,0.2126865671641791,0.18435199558734894,0.09468119591474533,0.15223482251167297,0.2626762092113495,0.29765835404396057,0.3262103497982025
3857259,5eb7c72f-d404-4ce2-8502-cc0b50f1be75,Pass,0,0.2126865671641791,0.06270251423120499,0.10947763174772263,0.07623400539159775,0.06233430653810501,0.03273037448525429,0.02630492113530636
3857259,3b5ce950-46b5-4f45-8497-aa373ab2b2b9,Pass,0,0.2126865671641791,0.11870607733726501,0.1490257978439331,0.10119639337062836,0.0931595116853714,0.06223766878247261,0.02354297786951065
3857259,90cbbc77-3c7c-4214-aaa6-921fda44fd2c,Clearance,0,0.2126865671641791,0.24402062594890594,0.12448857724666595,0.17255671322345734,0.2789258062839508,0.27708104252815247,0.32835638523101807
3857259,4b92ac50-0218-4169-8f6e-bb3558be3ae6,Pass,0,0.2126865671641791,0.2529555857181549,0.10111195594072342,0.07397580146789551,0.047153715044260025,0.059200938791036606,0.08293243497610092
3857259,bd452d0f-faec-4099-b231-507b979db552,Clearance,1,0.2126865671641791,0.08585141599178314,0.07606859505176544,0.11847712844610214,0.23309879004955292,0.24726419150829315,0.2828260362148285
3857259,985e6193-49d5-4135-a8ec-f3b97ebe8558,Clearance,0,0.2126865671641791,0.10800797492265701,0.10056515038013458,0.12097413837909698,0.2416193187236786,0.25754404067993164,0.2978097200393677
3857259,abd809b8-63af-405d-9638-2cad2f0554d0,Pass,0,0.2126865671641791,0.1635260432958603,0.1908295899629593,0.190375417470932,0.13886885344982147,0.16833436489105225,0.17350949347019196
3857259,02284c4f-5e28-4417-a790-34cc85acb4be,Clearance,1,0.2126865671641791,0.3249877989292145,0.37703824043273926,0.2043866217136383,0.2880704998970032,0.2170286327600479,0.3686360716819763
3857259,0d1c463e-5902-4abe-9aef-3ee1dfcc73ad,Clearance,0,0.2126865671641791,0.21261915564537048,0.21520280838012695,0.20221009850502014,0.2863277792930603,0.294910192489624,0.3153485059738159
3857259,942f47a2-2db7-4336-9d99-8830e1765179,Pass,0,0.2126865671641791,0.10235146433115005,0.1300763636827469,0.17647682130336761,0.11433392763137817,0.07120700180530548,0.18732954561710358
3857259,10d43275-9204-4b99-b4d3-f5d088f75cf0,Pass,0,0.2126865671641791,0.12997789680957794,0.16926684975624084,0.1006946787238121,0.09256632626056671,0.25690436363220215,0.2143726646900177
3857259,acb11895-5901-4dae-bad4-b610d3caf425,Clearance,0,0.2126865671641791,0.18104052543640137,0.2798817455768585,0.29683706164360046,0.5179207921028137,0.4100119471549988,0.45975375175476074
3857259,36243532-f669-4392-a31e-2809afad68bd,Pass,0,0.2126865671641791,0.08508167415857315,0.12200183421373367,0.12258297204971313,0.10723818093538284,0.0816073790192604,0.10518597811460495
3857259,99b4b250-5d03-4ed4-b212-6f919dee5b93,Pass,0,0.2126865671641791,0.12747815251350403,0.12120243906974792,0.17528194189071655,0.10232575237751007,0.1144242212176323,0.06380587071180344
3857260,92f0685a-8b48-4695-9743-96b026f07b85,Clearance,0,0.2135877152163797,0.31720513105392456,0.4126300811767578,0.3236243724822998,0.33107611536979675,0.3642949163913727,0.35192903876304626
3857260,1445928e-72a2-42c8-902a-63f847af0b25,Pass,0,0.2135877152163797,0.16440601646900177,0.23999053239822388,0.12803326547145844,0.07673665136098862,0.04150513559579849,0.11104851216077805
3857260,3e4c0f5a-c752-44b0-bfeb-dc4e5da86779,Pass,0,0.2135877152163797,0.06676667928695679,0.0750943049788475,0.07740025222301483,0.05021345242857933,0.057891570031642914,0.0406273789703846
3857260,6d6069d7-a43e-4f3b-8342-886705b0937f,Clearance,0,0.2135877152163797,0.3269953727722168,0.4233473241329193,0.5545043349266052,0.5667171478271484,0.4984567165374756,0.483344167470932
3857260,d30815e8-488c-4b24-ae01-49961537c002,Pass,0,0.2135877152163797,0.3170739710330963,0.24244637787342072,0.2970413565635681,0.33020317554473877,0.2806759774684906,0.25837263464927673
3857260,8d81f74f-eadb-4afd-bd0a-fff100fee312,Pass,0,0.2135877152163797,0.4454391598701477,0.1993323713541031,0.3312874138355255,0.3525830805301666,0.366748571395874,0.26676589250564575
3857260,6e3cbc7e-b94f-4c77-834b-d1398be7caf6,Pass,0,0.2135877152163797,0.1949765682220459,0.24347899854183197,0.2602125108242035,0.2338467836380005,0.10714227706193924,0.07270003855228424
3857260,af76a08d-a6ea-45fe-8048-f43fe691c4b5,Pass,1,0.2135877152163797,0.1713150143623352,0.21931061148643494,0.10781851410865784,0.062124937772750854,0.4321443438529968,0.4057369828224182
3857260,a13989ab-9fcb-4661-bca2-023d70da9672,Clearance,1,0.2135877152163797,0.10758375376462936,0.15252207219600677,0.10954608768224716,0.40944990515708923,0.4993497133255005,0.5176975727081299
3857260,a0331406-1326-4345-bc2e-fd8c899a467d,Pass,0,0.2135877152163797,0.14452631771564484,0.22339102625846863,0.10149382799863815,0.08634591847658157,0.01969396136701107,0.013173921033740044
3857260,2c691ed3-feb2-4e83-817f-b20a18d2c134,Pass,1,0.2135877152163797,0.43314310908317566,0.5034022927284241,0.5003522038459778,0.44280847907066345,0.43132123351097107,0.5643233060836792
3857260,1fafd2e8-a540-463b-9eef-d2151bcdaeaa,Clearance,0,0.2135877152163797,0.29765406250953674,0.2409832924604416,0.29725193977355957,0.4706628918647766,0.51087886095047,0.42986780405044556
3857260,814b6ada-703c-4b27-b11a-c5257da94b02,Pass,0,0.2135877152163797,0.0541963092982769,0.057462964206933975,0.04708244279026985,0.05306556075811386,0.027705205604434013,0.025035027414560318
3857260,43049323-22e3-44d5-af5f-3885a5627a46,Pass,0,0.2135877152163797,0.327809602022171,0.26748090982437134,0.19800737500190735,0.1529509723186493,0.08685285598039627,0.06691444665193558
3857261,eb811e0f-2b2c-4cef-b385-a5d69384f27b,Clearance,0,0.2126865671641791,0.13021209836006165,0.5127724409103394,0.34635084867477417,0.5690955519676208,0.4995729923248291,0.5297967791557312
3857261,ee69514f-2c65-4fd7-96f9-c5f522138319,Pass,0,0.2126865671641791,0.1890871375799179,0.16112808883190155,0.15391063690185547,0.1348905861377716,0.10357023030519485,0.04941181838512421
3857261,8c6cf9b6-4e78-41c7-af81-b1bcad3198f4,Pass,1,0.2126865671641791,0.10232988744974136,0.09453623741865158,0.0630813017487526,0.038978446274995804,0.2799937129020691,0.41980957984924316
3857261,4fea76a9-236a-4e7a-961e-5c3c821ad875,Pass,0,0.2126865671641791,0.2383074164390564,0.2093760371208191,0.22708287835121155,0.07191610336303711,0.04361388459801674,0.03213556483387947
3857261,dfbdfd42-eddc-41fe-8da1-da08c6cca1dd,Pass,0,0.2126865671641791,0.2157081812620163,0.08615079522132874,0.07979276031255722,0.06691456586122513,0.04228552058339119,0.04409214109182358
3857261,5244dc36-2c11-4541-a816-f3bd0037d8c4,Pass,0,0.2126865671641791,0.12214501947164536,0.1701400876045227,0.18400317430496216,0.10505665838718414,0.04607325419783592,0.04622439295053482
3857261,136fe2e5-567b-46d8-ac96-3691b83ad055,Pass,0,0.2126865671641791,0.0632372722029686,0.06474096328020096,0.0469096302986145,0.04060773923993111,0.02147231437265873,0.032201122492551804
3857262,2a96478b-814b-44e4-be58-a0336e41c10c,Clearance,0,0.2126865671641791,0.2386535108089447,0.39409497380256653,0.4380197525024414,0.6793318390846252,0.6083459258079529,0.5988979935646057
3857262,9425aeac-bbcd-4119-af45-862d6928452a,Pass,0,0.2126865671641791,0.10746727138757706,0.41127708554267883,0.5482497215270996,0.32049059867858887,0.20133310556411743,0.1958378553390503
3857262,ce7b4a99-13e4-4d9e-b5f4-9fa4029e1e95,Pass,0,0.2126865671641791,0.08602681010961533,0.0830627828836441,0.07844758033752441,0.10545580089092255,0.054933588951826096,0.03004434145987034
3857262,0066b904-c8d5-479e-9ae4-e93eef012023,Pass,1,0.2126865671641791,0.15381504595279694,0.12575358152389526,0.06848209351301193,0.09537890553474426,0.04844072833657265,0.06600764393806458
3857262,9b68ca25-e097-44b9-926f-0dc4ee91cc68,Clearance,0,0.2126865671641791,0.1311294138431549,0.33146530389785767,0.2361365705728531,0.401800274848938,0.42059409618377686,0.4606829881668091
3857262,6f4ebea5-09ea-4fde-a585-f6c8e6767b05,Pass,0,0.2126865671641791,0.08115366101264954,0.07072488963603973,0.06531895697116852,0.06086304038763046,0.027604790404438972,0.03729752078652382
3857262,a149214b-882b-4c48-97ca-7fae7fbe0e8d,Clearance,0,0.2126865671641791,0.22112470865249634,0.1864905059337616,0.18973694741725922,0.2579993009567261,0.22317169606685638,0.21465127170085907
3857262,0a51390a-4d4c-46ba-aa42-de8817026451,Clearance,1,0.2126865671641791,0.391903281211853,0.415507435798645,0.4374609589576721,0.433351993560791,0.37108802795410156,0.4379201829433441
3857263,4e59408d-c22a-40bb-b942-4d464eed347f,Pass,0,0.21378667908709828,0.13470162451267242,0.15048307180404663,0.14141006767749786,0.07354921102523804,0.13794991374015808,0.0767790824174881
3857263,ee9feaa3-5da3-474e-bf92-fe432f78426b,Clearance,0,0.21378667908709828,0.18606017529964447,0.20300118625164032,0.3226076364517212,0.5004653334617615,0.44622287154197693,0.472152441740036
3857263,2a734dfa-98b7-4d3f-96a9-3f204c97341b,Clearance,0,0.21378667908709828,0.29908299446105957,0.25255322456359863,0.21117086708545685,0.29473039507865906,0.30933263897895813,0.3793964684009552
3857263,34aad350-522e-4d5f-9c51-23157c1454f7,Pass,1,0.21378667908709828,0.27945223450660706,0.41583335399627686,0.2306908518075943,0.25577443838119507,0.30463770031929016,0.3027503192424774
3857263,088e08b9-07e2-4fda-98ee-4a97b27a4d41,Clearance,0,0.21378667908709828,0.48025673627853394,0.3073350787162781,0.2517191767692566,0.31561222672462463,0.3640921413898468,0.32666298747062683
3857263,051a7d89-5036-4318-80f9-e6a6e51684cd,Pass,0,0.21378667908709828,0.11577870696783066,0.1357904076576233,0.08448139578104019,0.06145663931965828,0.03018828295171261,0.024063030257821083
3857263,a82bbe91-b382-4bea-bbe4-0b73ad001af8,Clearance,0,0.21378667908709828,0.24591144919395447,0.2956942915916443,0.2619997262954712,0.30057284235954285,0.3488155007362366,0.38495156168937683
3857264,d7e61230-f7a7-4e87-96d9-210263b896be,Pass,0,0.21378667908709828,0.14167441427707672,0.04824899137020111,0.04627026617527008,0.0456564724445343,0.07206705212593079,0.12032751739025116
3857264,e0d88187-7c0e-4a4d-b7da-e11228e4c5ea,Pass,1,0.21378667908709828,0.3192029595375061,0.3527810871601105,0.4070894122123718,0.22304090857505798,0.14921323955059052,0.18339429795742035
3857264,f8e7b4eb-4a66-403a-a7df-6003adca05a5,Pass,0,0.21378667908709828,0.08195777237415314,0.08292996883392334,0.0453796423971653,0.03558044880628586,0.016580842435359955,0.024366432800889015
3857264,87209fe4-9459-44f1-80ad-5c5d09fb8c70,Pass,0,0.21378667908709828,0.17746023833751678,0.21076470613479614,0.12916144728660583,0.05898973345756531,0.030665289610624313,0.018009474501013756
3857264,4aeada3f-bbe5-427c-b004-efb39d217196,Pass,0,0.21378667908709828,0.2149738073348999,0.12468346953392029,0.157662034034729,0.06901945173740387,0.04492538049817085,0.051348503679037094
3857264,093fcbdc-8528-498d-a97f-8356353b8a82,Pass,0,0.21378667908709828,0.06996217370033264,0.09507190436124802,0.08276841789484024,0.07614649832248688,0.05268653854727745,0.04647340252995491
3857264,fef300d1-45f6-4128-ac07-bc688e3a101f,Pass,0,0.21378667908709828,0.39036521315574646,0.10146652907133102,0.1318281590938568,0.054647255688905716,0.023103337734937668,0.017206478863954544
3857264,2b551822-5e94-496e-8162-c076563ec461,Clearance,1,0.21378667908709828,0.16257470846176147,0.2546347379684448,0.2405117154121399,0.37985560297966003,0.48408129811286926,0.5241063833236694
3857264,ef57fa17-de7a-4e17-a0da-893a37c5460e,Pass,0,0.21378667908709828,0.053793128579854965,0.12465652078390121,0.1378164142370224,0.12734772264957428,0.08242335915565491,0.12212631106376648
3857264,1a76ccb7-b146-47cb-8ee1-ee6897de2b79,Pass,0,0.21378667908709828,0.18915054202079773,0.12488275021314621,0.0962604358792305,0.0884241983294487,0.07135654985904694,0.03204341232776642
3857265,a588fb81-0e2a-4444-8bed-d5f1247c8003,Pass,0,0.2135877152163797,0.25901299715042114,0.2123667448759079,0.16182087361812592,0.20093947649002075,0.19250082969665527,0.1740306317806244
3857265,1197188f-5f71-43c2-9f57-400bc54f188c,Pass,0,0.2135877152163797,0.10762379318475723,0.0968504250049591,0.08961587399244308,0.07807005196809769,0.06752103567123413,0.05514854937791824
3857265,855b0194-5f10-4405-a9fc-d9ec3e7c83bb,Pass,0,0.2135877152163797,0.08429921418428421,0.06973108649253845,0.06040949746966362,0.052261076867580414,0.024164261296391487,0.020547067746520042
3857265,3e3c7715-1563-4b74-9a2a-1952bdf27387,Pass,0,0.2135877152163797,0.1918037086725235,0.1990947425365448,0.1140911802649498,0.06246188282966614,0.07984640449285507,0.10054850578308105
3857265,54541e9d-0c7c-44df-bcbf-2989d14c7abd,Pass,0,0.2135877152163797,0.19222256541252136,0.1988597959280014,0.2028571218252182,0.09060602635145187,0.07064478099346161,0.1284976750612259
3857265,4437a5e6-5eaa-49da-87ac-8c4132f9fe04,Clearance,0,0.2135877152163797,0.2358715683221817,0.31458520889282227,0.16732798516750336,0.24751341342926025,0.252795934677124,0.2782663106918335
3857265,f52fff32-37f4-4706-bd1e-9d385a5397b8,Pass,1,0.2135877152163797,0.05615276098251343,0.07927706092596054,0.06732207536697388,0.07927785813808441,0.019617309793829918,0.022668682038784027
3857265,a3d6f205-16a4-430f-b360-623b0b15b650,Clearance,1,0.2135877152163797,0.37849390506744385,0.44269096851348877,0.3503735661506653,0.3724721074104309,0.3989805281162262,0.40814435482025146
3857265,fd514d8a-9026-4176-b68b-eb77e6c283ec,Pass,0,0.2135877152163797,0.15122076869010925,0.15789970755577087,0.1920398622751236,0.07570923864841461,0.024806227535009384,0.01912032999098301
3857266,bcc2ac42-cd8b-47d0-828d-c9e624128922,Pass,0,0.2126865671641791,0.2136223465204239,0.2615847587585449,0.1846049427986145,0.10044459998607635,0.05548095703125,0.05153873562812805
3857266,20a2d27b-0f8b-49cc-b412-08313127c159,Clearance,1,0.2126865671641791,0.13945597410202026,0.3869694769382477,0.4972709119319916,0.4521973431110382,0.4362514615058899,0.39555028080940247
3857266,666ab184-a16b-4c70-90c8-1f482fb78a66,Pass,0,0.2126865671641791,0.1594303846359253,0.08243545144796371,0.11163978278636932,0.08602041751146317,0.19203144311904907,0.38160523772239685
3857266,ba926c80-ffcc-4b84-a2a0-dbe363f7e1f5,Pass,0,0.2126865671641791,0.14010557532310486,0.1305231899023056,0.08734577149152756,0.08661163598299026,0.09436890482902527,0.17809772491455078
3857266,69f2c199-16bc-4544-811b-ff792501f428,Pass,0,0.2126865671641791,0.09670897573232651,0.1394331455230713,0.06117447465658188,0.0498947836458683,0.03403323516249657,0.03170476853847504
3857266,0398e2f7-519d-4be7-9ae0-0487b48d192f,Pass,0,0.2126865671641791,0.09565093368291855,0.07791878283023834,0.08341138064861298,0.09254303574562073,0.043023545295000076,0.065249502658844
3857266,b2b0f403-72ee-4463-92d0-e73ec879a07c,Pass,0,0.2126865671641791,0.1492183357477188,0.26385948061943054,0.3634347915649414,0.18208734691143036,0.11826729029417038,0.17851398885250092
3857266,d97ba003-33b2-40c8-aa75-d6d69182a96a,Pass,0,0.2126865671641791,0.2951684892177582,0.42225104570388794,0.37166333198547363,0.48222896456718445,0.3606955409049988,0.5121315717697144
3857266,6a2c9811-d359-411a-8dff-6d076ed40d18,Clearance,0,0.2126865671641791,0.16779260337352753,0.3042462170124054,0.29929909110069275,0.2900790572166443,0.2589484751224518,0.2917095720767975
3857266,7709d512-9b26-46cd-96f4-e6b8ce486cb2,Clearance,0,0.2126865671641791,0.42026230692863464,0.14342893660068512,0.11070908606052399,0.10361415892839432,0.1308555006980896,0.11694514006376266
3857266,a665f406-c436-4f64-96e5-a02c950a3559,Clearance,0,0.2126865671641791,0.4824157655239105,0.24179941415786743,0.21485398709774017,0.1877254694700241,0.21302124857902527,0.18997803330421448
3857266,744dfd75-a154-49a1-812d-4a997c7475ae,Pass,0,0.2126865671641791,0.08864416182041168,0.10853905975818634,0.14116525650024414,0.07827551662921906,0.05539221689105034,0.03762765973806381
3857266,75efa691-3d76-4b13-bd6a-53c08a039e1f,Clearance,0,0.2126865671641791,0.2783115804195404,0.36270806193351746,0.21617825329303741,0.2788068950176239,0.25219061970710754,0.2491685152053833
3857266,95965eb0-8a6f-444b-bd31-774f3aeb2d09,Clearance,0,0.2126865671641791,0.24618354439735413,0.08400917798280716,0.11495526880025864,0.08738195896148682,0.1206449568271637,0.07608429342508316
3857267,bfa24e12-c3a7-43ca-8cac-395f1328aa49,Pass,0,0.2135877152163797,0.22883306443691254,0.21133112907409668,0.32630228996276855,0.08824320137500763,0.05811338871717453,0.040424346923828125
3857267,34a83c3e-f3fb-4ad5-8745-6a7dd9584056,Pass,0,0.2135877152163797,0.1584533154964447,0.10121481120586395,0.19589672982692719,0.07652219384908676,0.023117223754525185,0.03375089541077614
3857267,23793788-b14a-43bf-9e4b-762d8aaa2603,Clearance,0,0.2135877152163797,0.18325495719909668,0.1679406464099884,0.14498813450336456,0.22527958452701569,0.27763450145721436,0.3641536831855774
3857267,12cbb176-bfd1-4424-9f5e-5367571f35b6,Pass,0,0.2135877152163797,0.18781693279743195,0.19563592970371246,0.2046211212873459,0.15345411002635956,0.19680733978748322,0.1667841374874115
3857267,65334da2-e3e1-4e8f-baa4-3878a26f8d0d,Pass,0,0.2135877152163797,0.07714113593101501,0.12484890967607498,0.18543408811092377,0.11458469182252884,0.09241215884685516,0.030648058280348778
3857267,556915af-0ca2-4163-a7af-c23756c5277e,Clearance,1,0.2135877152163797,0.31991851329803467,0.14969904720783234,0.14876221120357513,0.137679785490036,0.12033848464488983,0.1338801383972168
3857267,825be041-0ad6-4582-97be-c0cc78c9b946,Clearance,1,0.2135877152163797,0.35221803188323975,0.146264910697937,0.19078578054904938,0.19628013670444489,0.18295817077159882,0.21066656708717346
3857267,d89fa2d3-66a6-45fb-b003-186754a066e7,Clearance,0,0.2135877152163797,0.11673898994922638,0.30823788046836853,0.46900224685668945,0.5070703029632568,0.4962589144706726,0.5018739104270935
3857267,4bff9161-4ff3-414a-9dc4-a2eb11d2440b,Clearance,0,0.2135877152163797,0.19262512028217316,0.23963972926139832,0.22280599176883698,0.342624694108963,0.4473916292190552,0.35897940397262573
3857267,63c21313-987d-45f0-a4df-1e2f945dbcc6,Clearance,0,0.2135877152163797,0.32295238971710205,0.48529794812202454,0.5249449610710144,0.6226472854614258,0.5172825455665588,0.4773278832435608
3857267,4a048e09-2c98-4c16-99de-d720e87340f8,Pass,0,0.2135877152163797,0.1313866823911667,0.14357241988182068,0.16522468626499176,0.18966969847679138,0.19614051282405853,0.29136836528778076
3857267,1b963ae9-f02e-46c6-9a6a-e091bfdadfc1,Pass,0,0.2135877152163797,0.35733211040496826,0.1095048114657402,0.15823619067668915,0.07188823074102402,0.06131577491760254,0.05226444453001022
3857267,38e835b9-1bbd-4d40-a18f-1dad5cf4e5f2,Pass,0,0.2135877152163797,0.20962800085544586,0.16637066006660461,0.09739139676094055,0.08471057564020157,0.07310615479946136,0.09946443140506744
3857267,322e635f-9c3e-4cb9-a229-72f632a04083,Clearance,1,0.2135877152163797,0.18255531787872314,0.3929019868373871,0.38362064957618713,0.5959745645523071,0.6289869546890259,0.6294135451316833
3857267,1b2f84e3-e385-42b7-a69d-d8a17ee4af66,Clearance,0,0.2135877152163797,0.22543878853321075,0.1457718163728714,0.22506822645664215,0.286607950925827,0.28909623622894287,0.28884199261665344
3857268,b3b4b658-0729-426b-8931-8b6c53fa0fd0,Clearance,0,0.2126865671641791,0.14290419220924377,0.3555397689342499,0.2728303074836731,0.4894576966762543,0.40426066517829895,0.4313167929649353
3857268,0ed4f60f-aee9-49e0-a54c-dfe7168efb74,Pass,0,0.2126865671641791,0.2692258059978485,0.10488235205411911,0.13826021552085876,0.1299176663160324,0.05930195748806,0.11321672797203064
3857268,bf6569cc-0148-4a5e-be7c-d500bc8127a1,Pass,0,0.2126865671641791,0.10931672900915146,0.06432320922613144,0.04807794466614723,0.08224745094776154,0.027643686160445213,0.03305383026599884
3857268,6ffa0fef-4e72-40bb-937d-541e177df565,Clearance,1,0.2126865671641791,0.1816997528076172,0.09409836679697037,0.051392562687397,0.16550587117671967,0.1631632000207901,0.1787368208169937
3857269,3ddf9958-9b6e-4b1e-ba2d-71c8059231ca,Pass,0,0.2126865671641791,0.165891632437706,0.13072773814201355,0.1255641132593155,0.13653811812400818,0.08599776029586792,0.09546588361263275
3857269,62583b56-6320-443b-abaf-17c6ec7f02af,Clearance,0,0.2126865671641791,0.4019564390182495,0.5307363271713257,0.34130990505218506,0.39867767691612244,0.44168636202812195,0.40812334418296814
3857269,4e88ed89-12e5-403a-bee8-e854764ac6f7,Pass,0,0.2126865671641791,0.2793737053871155,0.13853302597999573,0.1567922681570053,0.10767673701047897,0.10779828578233719,0.14977163076400757
3857269,b3e296c9-1d5f-40c5-bf5c-2e9521544cd3,Clearance,1,0.2126865671641791,0.21445056796073914,0.13394495844841003,0.23149646818637848,0.35433682799339294,0.49269214272499084,0.4766317307949066
3857269,d044fcd7-89e5-4314-a7fe-9ab18b048446,Clearance,0,0.2126865671641791,0.14634312689304352,0.19143930077552795,0.19434240460395813,0.19115965068340302,0.19961631298065186,0.1744621843099594
3857269,f4b4d8cf-a20c-43fc-b5aa-ac82ffcb9867,Pass,0,0.2126865671641791,0.1307174563407898,0.11362767964601517,0.11178191006183624,0.11883647739887238,0.05244586616754532,0.06658300012350082
3857269,aae7be9d-62b1-4efd-bc31-2da40afd4137,Pass,0,0.2126865671641791,0.14010557532310486,0.08478434383869171,0.08082325756549835,0.07207366079092026,0.2910750210285187,0.32882148027420044
3857269,0c0ab8d4-50f2-458e-b239-cfee9a5cfc31,Clearance,1,0.2126865671641791,0.19946707785129547,0.19404438138008118,0.26541242003440857,0.23662099242210388,0.25959640741348267,0.2698709964752197
3857270,9d13d01e-a320-4f4f-985e-2d393a42a647,Pass,0,0.21302325581395348,0.13988760113716125,0.07543182373046875,0.054513342678546906,0.04512670263648033,0.02452370896935463,0.026508791372179985
3857270,65960597-28aa-4279-ad8f-a24e2d17dd72,Clearance,0,0.21302325581395348,0.17697790265083313,0.3147081434726715,0.14022581279277802,0.24966606497764587,0.2559196650981903,0.21473756432533264
3857270,15f9264f-b276-49d9-98d2-bde219f69dea,Pass,0,0.21302325581395348,0.15540531277656555,0.18773290514945984,0.1694510132074356,0.1309981793165207,0.23766368627548218,0.1896042376756668
3857270,3e6139ce-f4f8-49be-9af7-e3ca067b2ab4,Clearance,0,0.21302325581395348,0.3112809658050537,0.16209721565246582,0.33616405725479126,0.26042798161506653,0.26214319467544556,0.3119681477546692
3857270,759519ec-b61a-40fa-8737-71d39076b94f,Pass,0,0.21302325581395348,0.1296887844800949,0.14041946828365326,0.17101117968559265,0.039076242595911026,0.046379636973142624,0.026398345828056335
3857270,b1ab2e8c-7935-41a3-a44c-970836bd16f9,Pass,0,0.21302325581395348,0.15124578773975372,0.11873466521501541,0.133868008852005,0.07662155479192734,0.050491876900196075,0.03757484257221222
3857270,99ed7aa2-71bd-401f-aa2d-3facb3f17b30,Pass,0,0.21302325581395348,0.09787771850824356,0.2282802313566208,0.23983977735042572,0.17862653732299805,0.09139932692050934,0.08764869719743729
3857270,156cbc07-022b-4d98-bf2e-8ac6b1214b63,Pass,0,0.21302325581395348,0.06147370859980583,0.09717089682817459,0.09725704044103622,0.08266275376081467,0.03779012709856033,0.027910908684134483
3857270,914b5fbd-df5b-44f8-9e61-c3b4aede13e9,Pass,0,0.21302325581395348,0.15743708610534668,0.08107207715511322,0.06394580751657486,0.05812177062034607,0.036268651485443115,0.02039281092584133
3857270,bfe9f897-4fc1-4a5b-8b1b-09904530791e,Pass,0,0.21302325581395348,0.24630536139011383,0.22461609542369843,0.15981388092041016,0.08280659466981888,0.044703591614961624,0.0680440366268158
3857271,7b785280-21a5-4e4e-ab61-9305e5fa912c,Pass,0,0.21378667908709828,0.0716673955321312,0.12635858356952667,0.07567786425352097,0.06483568251132965,0.03671524301171303,0.04295722395181656
3857271,43cb2132-4dcf-4e73-b237-3738bcbd4b5b,Clearance,0,0.21378667908709828,0.26756149530410767,0.3880092203617096,0.29582491517066956,0.3367134630680084,0.30331185460090637,0.30521678924560547
3857271,1ca0a78b-ec0b-4f1e-858c-75b968c51440,Clearance,0,0.21378667908709828,0.44555702805519104,0.4507918655872345,0.3653886020183563,0.41533923149108887,0.43466848134994507,0.434021919965744
3857271,5fea8273-4c56-46bc-aa88-ed892c1e9244,Pass,1,0.21378667908709828,0.3882671594619751,0.22356590628623962,0.27639952301979065,0.24136123061180115,0.2175416350364685,0.1127690002322197
3857271,f533df63-4943-4338-8b62-cea7e0a38612,Pass,0,0.21378667908709828,0.20207245647907257,0.12176825106143951,0.2087811976671219,0.37838679552078247,0.21152891218662262,0.12156407535076141
3857271,b463c1a2-d9c6-4905-8100-53e6728218a2,Pass,0,0.21378667908709828,0.1341632902622223,0.10862430930137634,0.14754565060138702,0.07928041368722916,0.06192474812269211,0.06675675511360168
3857271,2656a5c5-b80d-4daa-8a73-74a368e10fa3,Pass,0,0.21378667908709828,0.18682081997394562,0.11285354197025299,0.2132187932729721,0.0663290023803711,0.035709768533706665,0.054446861147880554
3857271,ef542316-ebd3-4560-9e8c-2cd0f47388e1,Pass,0,0.21378667908709828,0.2648192346096039,0.10408785939216614,0.14450006186962128,0.16480253636837006,0.10340950638055801,0.0865791067481041
3857271,5f3e6244-4bf4-4dc0-87c3-48b6c1827315,Clearance,0,0.21378667908709828,0.18854962289333344,0.20765528082847595,0.22456128895282745,0.22804142534732819,0.27959758043289185,0.25198811292648315
3857271,2914c51a-07d6-4606-a785-d84781753c13,Pass,0,0.21378667908709828,0.2352343648672104,0.22351570427417755,0.29723167419433594,0.11904130131006241,0.08979729562997818,0.09833728522062302
3857271,c90d2279-f014-4a13-bf2e-8352171aecbe,Clearance,1,0.21378667908709828,0.1437726467847824,0.3025256097316742,0.4239318072795868,0.5627867579460144,0.5688267350196838,0.5190133452415466
3857272,5d4d578c-dae4-4bdc-9e20-4398b8336c9d,Pass,0,0.2135877152163797,0.10932324826717377,0.13535386323928833,0.12871305644512177,0.08459553867578506,0.07068298757076263,0.0767490416765213
3857272,a156ae3b-c674-4255-889a-4ec5b1b747de,Clearance,1,0.2135877152163797,0.2240646332502365,0.3151923418045044,0.3290717303752899,0.4969269633293152,0.5561254024505615,0.5259130001068115
3857272,6325f8f4-9db4-49b8-8844-06d444da046f,Clearance,0,0.2135877152163797,0.2947655916213989,0.29678598046302795,0.18655873835086823,0.15423454344272614,0.20600278675556183,0.23911353945732117
3857272,73290f5f-205d-45bb-b824-00c0e450271a,Pass,0,0.2135877152163797,0.09881103038787842,0.10541556775569916,0.10656560957431793,0.05904802307486534,0.03338593989610672,0.021988773718476295
3857272,0590d16b-0c96-4444-9497-7d2c072af715,Clearance,1,0.2135877152163797,0.28686952590942383,0.32816487550735474,0.27877941727638245,0.5915215015411377,0.6376566290855408,0.5997089743614197
3857272,66a7bcd0-8d0b-4155-8110-bc7c4c887476,Pass,0,0.2135877152163797,0.34333696961402893,0.2842874228954315,0.2651488780975342,0.2598428428173065,0.31285548210144043,0.2127826064825058
3857272,912e739e-c1c9-4965-80f9-023161abb513,Pass,1,0.2135877152163797,0.0659007728099823,0.04774792492389679,0.07861269265413284,0.060336884111166,0.030675774440169334,0.022054364904761314
3857272,e1cd8c8d-fa89-4277-95fb-73a07c5dd757,Pass,0,0.2135877152163797,0.18332932889461517,0.1682393103837967,0.28019681572914124,0.20596717298030853,0.08896204084157944,0.0971740335226059
3857272,35857e6e-63d8-4dbe-a451-c5b50fa57b88,Pass,0,0.2135877152163797,0.1620079129934311,0.2068789303302765,0.11510351300239563,0.08470376580953598,0.03934844210743904,0.030907265841960907
3857272,cba1789d-9ea0-47b3-9809-26a67e814835,Pass,0,0.2135877152163797,0.08890708535909653,0.09199947863817215,0.07506581395864487,0.09685537219047546,0.04639243334531784,0.16883772611618042
3857272,66d7ad1f-ca17-43a3-8813-d945a77737e1,Clearance,1,0.2135877152163797,0.22014755010604858,0.24106404185295105,0.4854900538921356,0.5574803948402405,0.5392000079154968,0.4872820973396301
3857272,e5a5fc0d-5f37-4e2d-bee3-21220d3f0e44,Pass,0,0.2135877152163797,0.2848295271396637,0.1599310040473938,0.2844729721546173,0.1294986605644226,0.027622701600193977,0.05983368679881096
3857273,8233a52d-de2d-4589-bb51-bd1db7c69674,Pass,0,0.2135877152163797,0.27110055088996887,0.39718034863471985,0.3821233808994293,0.09297594428062439,0.05014384165406227,0.05232083052396774
3857273,7ea64346-671e-40fe-8264-4a101961f5b8,Pass,0,0.2135877152163797,0.21962830424308777,0.2959589958190918,0.25510576367378235,0.10342112928628922,0.028796425089240074,0.04016433656215668
3857273,00702eaa-0c0d-4562-8ab3-109b7fa3333b,Pass,0,0.2135877152163797,0.1915549337863922,0.32424405217170715,0.298980176448822,0.09839241206645966,0.05627306550741196,0.04059336334466934
3857273,ad69c599-7aa8-4590-af81-fc95106b6fa0,Pass,0,0.2135877152163797,0.09447591006755829,0.10417076200246811,0.05645498260855675,0.05816515162587166,0.14029203355312347,0.2833634316921234
3857273,3db28285-7b18-4951-8cb7-5b5d2189c7c1,Pass,0,0.2135877152163797,0.07943953573703766,0.07690811157226562,0.05881185084581375,0.04795605689287186,0.032968856394290924,0.022855684161186218
3857273,a044fb87-71d3-4d98-b116-751a5c51f180,Clearance,1,0.2135877152163797,0.1763255000114441,0.28918710350990295,0.26451149582862854,0.6094778180122375,0.5860586166381836,0.6180603504180908
3857273,49d255f7-7a6d-4aca-af22-b5999c9f8edf,Pass,0,0.2135877152163797,0.3512327969074249,0.3648240566253662,0.4032589793205261,0.4037531912326813,0.4298200011253357,0.16555795073509216
3857273,1cdc38c7-7a3c-484d-b27f-ec7559c30ded,Pass,0,0.2135877152163797,0.2450558841228485,0.43862175941467285,0.324576735496521,0.15054914355278015,0.0333956740796566,0.05529140681028366
3857273,db013d36-3a03-48c7-bddf-99a8a4b02f01,Clearance,0,0.2135877152163797,0.16020192205905914,0.13367991149425507,0.15637938678264618,0.35191234946250916,0.3506428301334381,0.370556503534317
3857273,a43982d1-3a20-4062-b5d6-8024470bd4a8,Clearance,1,0.2135877152163797,0.28906598687171936,0.12855477631092072,0.08784683793783188,0.22385428845882416,0.23359739780426025,0.17268645763397217
3857273,fa4b6d93-56db-4d05-9d45-6b469ecd6750,Clearance,1,0.2135877152163797,0.14532986283302307,0.23806487023830414,0.1883847564458847,0.5300636291503906,0.5505297183990479,0.6322306990623474
3857273,9f0d10ac-7833-48e8-a8a5-fb30defacc9a,Clearance,0,0.2135877152163797,0.2585989236831665,0.18440017104148865,0.17311692237854004,0.18897581100463867,0.18277738988399506,0.19799518585205078
3857273,09a25ddc-e1f6-405f-9776-7bf2a3d15ce1,Pass,0,0.2135877152163797,0.08560781180858612,0.0694708600640297,0.08790256828069687,0.039071641862392426,0.060324545949697495,0.042813949286937714
3857273,fb0b6cf7-e20d-4368-9a33-ece46daba954,Pass,1,0.2135877152163797,0.2742142975330353,0.3386199176311493,0.4317333400249481,0.2126471996307373,0.5252496600151062,0.3525595963001251
3857273,a7fc52df-32a0-4f0f-9ff3-c9a706c2c196,Pass,0,0.2135877152163797,0.3315031826496124,0.24146044254302979,0.24858099222183228,0.055370356887578964,0.01854284107685089,0.014676881954073906
3857274,8d8ca95d-ca5b-4109-9239-04bf3327ec56,Pass,0,0.21378667908709828,0.19946308434009552,0.1905827522277832,0.14522698521614075,0.06535595655441284,0.023504767566919327,0.03253265097737312
3857274,aaddb356-d77e-45db-9e4a-abe9f02fadbd,Pass,0,0.21378667908709828,0.152925506234169,0.18678522109985352,0.19386182725429535,0.13391606509685516,0.051869332790374756,0.10468319803476334
3857274,62be1d7b-70d5-401f-8f7d-9a241ecdb423,Pass,0,0.21378667908709828,0.11530724912881851,0.20471329987049103,0.16120736300945282,0.09570904076099396,0.058083824813365936,0.05692657455801964
3857274,703bf2ec-e5aa-4a18-a6dc-e2bede531516,Pass,0,0.21378667908709828,0.1319519430398941,0.16074638068675995,0.14188136160373688,0.17026133835315704,0.10038554668426514,0.05434698611497879
3857274,9444c3a9-27d6-4a5c-95cd-5a83c4424e99,Pass,0,0.21378667908709828,0.12573324143886566,0.11421871185302734,0.17910002171993256,0.10391974449157715,0.05243479833006859,0.03714712709188461
3857274,3ae30a6e-0a5f-4695-bf52-0d0ad883289c,Clearance,0,0.21378667908709828,0.1792571097612381,0.07871223986148834,0.050035472959280014,0.060814935714006424,0.06614360213279724,0.0849158987402916
3857274,3ffc535c-1c1b-48cf-b1ed-a89c12edf50b,Clearance,0,0.21378667908709828,0.2743651270866394,0.366134911775589,0.3236957788467407,0.25329071283340454,0.2860866189002991,0.29300540685653687
3857274,934c3413-8942-48e3-b645-ae9b5a754815,Pass,0,0.21378667908709828,0.09542126953601837,0.05097038298845291,0.10545609146356583,0.04609287530183792,0.031141184270381927,0.016671307384967804
3857274,4d301f50-e053-4af3-93b1-87905c391a58,Pass,0,0.21378667908709828,0.18449321389198303,0.26929590106010437,0.26073700189590454,0.09873668849468231,0.1021500900387764,0.08389914780855179
3857274,510d4c90-a410-42cc-b07c-c890fdff1cc1,Clearance,1,0.21378667908709828,0.2571505010128021,0.30793702602386475,0.22820056974887848,0.24541102349758148,0.3805526793003082,0.31807196140289307
3857274,bf22e13d-a29f-40a6-bd23-04b11171c45c,Pass,0,0.21378667908709828,0.24857942759990692,0.14915214478969574,0.33093345165252686,0.12557436525821686,0.10305338352918625,0.08460013568401337
3857274,abbca836-13f2-40d0-b73a-3b765671230d,Pass,0,0.21378667908709828,0.24052493274211884,0.16493599116802216,0.1663629710674286,0.15351271629333496,0.07833066582679749,0.06000019609928131
3857274,9ad24915-87da-4839-95a2-291f68fe7690,Pass,0,0.21378667908709828,0.2604984939098358,0.15092861652374268,0.16992424428462982,0.06897936761379242,0.04934107884764671,0.052498556673526764
3857274,210b21a0-2e0c-47d7-9dbc-ab78c90534b7,Clearance,0,0.21378667908709828,0.14719925820827484,0.1734989583492279,0.126409649848938,0.20009033381938934,0.2402239888906479,0.22267210483551025
3857274,92c38fda-01c5-413f-bf79-3b3f186c2356,Clearance,0,0.21378667908709828,0.22044570744037628,0.2825359106063843,0.34061312675476074,0.5052525997161865,0.5231373310089111,0.5184670686721802
3857274,7d017eb1-092d-4879-9803-7e27e306e395,Pass,0,0.21378667908709828,0.05525398626923561,0.12783347070217133,0.10220978409051895,0.06317221373319626,0.04327092692255974,0.03723854199051857
3857274,a8b62155-cebc-4b99-889a-d7b305eb2498,Pass,0,0.21378667908709828,0.23178033530712128,0.3757462203502655,0.5327314734458923,0.24911272525787354,0.1417316049337387,0.1530345231294632
3857274,c799dc55-0ab3-444f-b175-80e7684178b9,Clearance,1,0.21378667908709828,0.2154921144247055,0.35624247789382935,0.2755648195743561,0.380694717168808,0.372294157743454,0.40197643637657166
3857274,d1a6de64-27cf-4927-9868-16c902147274,Pass,0,0.21378667908709828,0.2362707555294037,0.23539581894874573,0.33462387323379517,0.2002469003200531,0.10877997428178787,0.10091123729944229
3857274,f38032e6-46d0-4290-b202-f88ba82d3ea6,Pass,0,0.21378667908709828,0.11334933340549469,0.06668876856565475,0.05215862765908241,0.04693964496254921,0.027459710836410522,0.023280812427401543
3857274,466026f1-ccca-486c-beff-18210592a505,Pass,0,0.21378667908709828,0.13099586963653564,0.12767308950424194,0.22920460999011993,0.09241411089897156,0.06094818562269211,0.06258240342140198
3857274,9499e04a-bd07-4a26-aad9-ee2d63a2a78a,Clearance,1,0.21378667908709828,0.4369247853755951,0.44508254528045654,0.5607793927192688,0.49438267946243286,0.47699370980262756,0.4667873680591583
3857274,2012d561-2d89-4379-bfb0-a92c31ad8129,Pass,0,0.21378667908709828,0.25235453248023987,0.466257780790329,0.24397926032543182,0.1290983259677887,0.060394566506147385,0.0864516943693161
3857274,82368ec7-2022-42ab-b61a-29ae98f198b6,Pass,0,0.21378667908709828,0.13707230985164642,0.2673631012439728,0.260893851518631,0.15479204058647156,0.08117865771055222,0.08914164453744888
3857274,1eda31b1-3c06-4576-8c7d-c925d9570018,Clearance,0,0.21378667908709828,0.324444442987442,0.2768906056880951,0.22748269140720367,0.20314137637615204,0.23961448669433594,0.22197215259075165
3857274,31abfef8-19e1-47c3-a166-c77b626a907b,Pass,0,0.21378667908709828,0.2422918826341629,0.16462814807891846,0.12795279920101166,0.17562244832515717,0.18205252289772034,0.17925918102264404
3857275,c0fdef16-2203-422a-ae2f-6a89ac7f30ba,Clearance,1,0.21378667908709828,0.23349331319332123,0.4185020327568054,0.31050100922584534,0.451095312833786,0.4437207281589508,0.37458086013793945
3857275,4fcb593a-9415-4dd3-b952-8dd1277f0ea7,Pass,1,0.21378667908709828,0.3333733379840851,0.3007338345050812,0.324293851852417,0.13594743609428406,0.1068175733089447,0.14356066286563873
3857275,542e5353-0c01-48fa-9aea-b35a1e432858,Pass,0,0.21378667908709828,0.24162057042121887,0.09184002876281738,0.08974110335111618,0.05111854895949364,0.04602092131972313,0.032089944928884506
3857275,cc88e8de-be9d-4fbc-b9cb-0800d2a5199d,Clearance,1,0.21378667908709828,0.3624623417854309,0.2115033119916916,0.20568037033081055,0.176637202501297,0.1744253784418106,0.17300400137901306
3857275,d87349d7-cbd5-4c63-8514-4609ccd2b9a0,Pass,0,0.21378667908709828,0.24857942759990692,0.1057259812951088,0.07393860816955566,0.049774035811424255,0.020054422318935394,0.020418670028448105
3857275,d6f71254-d3d0-41ee-9a72-751b1ae84585,Pass,0,0.21378667908709828,0.1730295866727829,0.21395237743854523,0.12065476179122925,0.1701849102973938,0.12935258448123932,0.04988696426153183
3857275,4bd9c054-37ba-41e9-ad9b-37d77f3b20d3,Pass,0,0.21378667908709828,0.26630592346191406,0.37378743290901184,0.2782129645347595,0.27541303634643555,0.3809526562690735,0.21784043312072754
3857275,81f5e335-3b8b-4588-961a-d9ba9fb30a3c,Pass,0,0.21378667908709828,0.32404664158821106,0.21317045390605927,0.3444778323173523,0.1652315855026245,0.08540655672550201,0.0801713615655899
3857275,90191e0b-5b5d-4f8c-a8fd-38b91f677cf0,Pass,0,0.21378667908709828,0.1918438971042633,0.13810458779335022,0.0878356471657753,0.06896768510341644,0.029137710109353065,0.01687910221517086
3857275,3b4a57d8-3c18-4245-b62a-9ebbca0c8c6a,Pass,0,0.21378667908709828,0.05402618646621704,0.1320784091949463,0.07324924319982529,0.05044270306825638,0.021039851009845734,0.021769268438220024
3857276,e9e11533-0b60-468d-9a69-fb603efe3039,Pass,0,0.21288515406162464,0.25503844022750854,0.21565434336662292,0.18560791015625,0.11899501830339432,0.031170804053544998,0.033415306359529495
3857276,41ff0ca0-f2da-4056-8b8f-9960b474ae60,Pass,0,0.21288515406162464,0.19358544051647186,0.10089706629514694,0.08443184196949005,0.06547877192497253,0.20753461122512817,0.1503286510705948
3857276,5d9b0a5a-9804-465e-9c0d-0057fadf91ac,Clearance,0,0.21288515406162464,0.27826908230781555,0.368349552154541,0.3665967583656311,0.34776413440704346,0.32140544056892395,0.3264561593532562
3857276,d511416f-ad8a-466c-8ad6-e7a3dc98e9fa,Pass,0,0.21288515406162464,0.06443548947572708,0.1728820949792862,0.14182358980178833,0.1257294863462448,0.07336466014385223,0.04696030914783478
3857276,59f320ec-9fdc-4d30-9484-df1469f72de4,Clearance,1,0.21288515406162464,0.16952058672904968,0.21374192833900452,0.20192569494247437,0.44403931498527527,0.47255685925483704,0.4191638231277466
3857276,3c3139b3-cd3b-4389-929d-4a83cab17c00,Pass,0,0.21288515406162464,0.1952560842037201,0.17898234724998474,0.1638777256011963,0.12480422109365463,0.18413926661014557,0.19558562338352203
3857277,7e2c9b51-9014-4c94-a52d-6ce2748be8d0,Clearance,0,0.21378667908709828,0.16868460178375244,0.21154645085334778,0.13628233969211578,0.28811416029930115,0.3459624946117401,0.24566619098186493
3857277,bb56cc57-cb8b-4b9a-ae0c-ea3e52d13fb1,Clearance,0,0.21378667908709828,0.35741424560546875,0.20454439520835876,0.231624037027359,0.1534140259027481,0.1666201651096344,0.16384905576705933
3857277,00dbfd59-f6e2-40ef-aedd-314cce53aee1,Pass,0,0.21378667908709828,0.10163965821266174,0.10272502154111862,0.10431244969367981,0.0818084180355072,0.13061834871768951,0.0699167549610138
3857277,4d34a341-bacd-4b02-b242-8c3b5b0fe09d,Pass,0,0.21378667908709828,0.0979071706533432,0.12454858422279358,0.09681098163127899,0.13272437453269958,0.08455885946750641,0.054288800805807114
3857277,bb36120d-3b29-4e9e-a51a-2fdb37369e81,Pass,0,0.21378667908709828,0.2988353669643402,0.19963490962982178,0.19460736215114594,0.20220154523849487,0.39588212966918945,0.3466631770133972
3857277,0c33ab24-a83d-47cb-8bb8-90bdf5519ae8,Pass,0,0.21378667908709828,0.22118547558784485,0.30387082695961,0.4287518858909607,0.18304654955863953,0.07975178956985474,0.07252106070518494
3857277,d837a345-bb7e-4951-8f07-8aef0fba0d0d,Pass,0,0.21378667908709828,0.09688638895750046,0.09767239540815353,0.20991936326026917,0.08866897970438004,0.07900242507457733,0.06536246836185455
3857277,214c786b-5dfa-478b-80b5-a2c86eb185f2,Pass,0,0.21378667908709828,0.06422601640224457,0.0752342939376831,0.07607673853635788,0.07569806277751923,0.2999248504638672,0.21791575849056244
3857277,8f2fddd9-3213-44e5-90eb-231a2bd5d547,Pass,0,0.21378667908709828,0.24857942759990692,0.18946142494678497,0.11062866449356079,0.062260691076517105,0.029141979292035103,0.025379585102200508
3857277,8f16ba5d-76d5-49a0-82a0-460aa1b8e37f,Clearance,0,0.21378667908709828,0.17491193115711212,0.22686097025871277,0.1538180559873581,0.17322975397109985,0.132754847407341,0.1939961463212967
3857277,9b4dd19e-4f62-4ade-9def-47aa0316ee6c,Pass,0,0.21378667908709828,0.12052438408136368,0.1287611424922943,0.11839674413204193,0.08495129644870758,0.04135109856724739,0.03244795277714729
3857277,9e0623f0-550f-46f0-99ff-c5ba3cbf56a0,Pass,1,0.21378667908709828,0.12360197305679321,0.16933108866214752,0.1642395257949829,0.0975230410695076,0.0482349768280983,0.04803810268640518
3857277,32293f7b-07be-43fd-95a3-534dd4d87c6e,Pass,0,0.21378667908709828,0.2678515911102295,0.13261103630065918,0.12738648056983948,0.15741871297359467,0.11956363916397095,0.06964351236820221
3857277,76a6004f-a7b3-482e-8ad3-a34719894e2f,Clearance,0,0.21378667908709828,0.31981250643730164,0.27262163162231445,0.27924731373786926,0.23405714333057404,0.2896508574485779,0.2703228294849396
3857278,b27d792a-2032-4ec4-b584-b619de1bf4c7,Clearance,0,0.21288515406162464,0.25556373596191406,0.1109301820397377,0.10930781811475754,0.1094457283616066,0.10778728127479553,0.13486303389072418
3857278,b73c61af-1244-49f4-8850-e539e6bf8b61,Pass,0,0.21288515406162464,0.3667409420013428,0.3692227602005005,0.27971166372299194,0.12108546495437622,0.13545016944408417,0.12757577002048492
3857278,df1891e2-b230-4ec6-9e81-ad3e54ac62fb,Pass,1,0.21288515406162464,0.3436484634876251,0.4198780357837677,0.4467509090900421,0.4748747944831848,0.4953528344631195,0.44362714886665344
3857278,c2af91b8-5eb0-47d9-8482-9189b7aba435,Pass,0,0.21288515406162464,0.2408118098974228,0.2192467302083969,0.39100319147109985,0.29725542664527893,0.42924463748931885,0.5117342472076416
3857278,2e78b14e-c501-41ad-9211-a6aefe11a971,Clearance,0,0.21288515406162464,0.2792530357837677,0.15526996552944183,0.2006370574235916,0.4105639159679413,0.33777040243148804,0.3379867374897003
3857278,2f98e511-aa1d-4ca5-b115-6fce7f2d9b3d,Pass,0,0.21288515406162464,0.15272508561611176,0.1492357850074768,0.10260312259197235,0.046020083129405975,0.1997884064912796,0.22353707253932953
3857278,904e48bd-e473-4ba7-817c-99de897cf6e7,Pass,1,0.21288515406162464,0.20311345160007477,0.2632647156715393,0.3452529311180115,0.1931702047586441,0.08209037035703659,0.07352461665868759
3857278,36038dd4-cfae-406b-98d9-be09f24a79a3,Pass,0,0.21288515406162464,0.10402929782867432,0.049465227872133255,0.03582388162612915,0.03843051195144653,0.027969058603048325,0.015983207151293755
3857278,34be2ac7-46ec-489f-ac71-00d6c21dd63d,Clearance,1,0.21288515406162464,0.38173121213912964,0.4800398051738739,0.43720003962516785,0.44780632853507996,0.45341238379478455,0.4191586673259735
3857278,28773160-1599-4600-b915-bfa06b20ddc6,Clearance,0,0.21288515406162464,0.17667360603809357,0.38510245084762573,0.3592672646045685,0.37908080220222473,0.3144127130508423,0.3754262626171112
3857278,3caa49d0-dc96-4ccc-b2be-e919aee8d9df,Pass,0,0.21288515406162464,0.06952459365129471,0.09850920736789703,0.12038692086935043,0.10858220607042313,0.04320746660232544,0.03150815889239311
3857278,2b1da946-a74f-4a86-9418-51d0c582577a,Clearance,0,0.21288515406162464,0.24653898179531097,0.07884794473648071,0.06781527400016785,0.07324768602848053,0.08291161060333252,0.09470672160387039
3857278,5f2b0321-1504-4ecf-8187-df9d24bf6e58,Clearance,0,0.21288515406162464,0.2548527717590332,0.1855514794588089,0.27408668398857117,0.2770141363143921,0.31396612524986267,0.3183145225048065
3857278,5cb3cf73-a920-4e08-9c01-f73ef13dbd3d,Pass,0,0.21288515406162464,0.24885419011116028,0.16649745404720306,0.24449725449085236,0.1234172135591507,0.06550032645463943,0.09361723065376282
3857278,f4d83b4f-a673-4980-8cf8-aac825476ff5,Pass,0,0.21288515406162464,0.0924820676445961,0.04993424564599991,0.0628121942281723,0.051836829632520676,0.03197350725531578,0.03142780810594559
3857278,8b952d76-67e0-42cf-85c9-7c2e88ce9414,Pass,0,0.21288515406162464,0.08239014446735382,0.053039126098155975,0.04355649650096893,0.04406282678246498,0.023112550377845764,0.02281414531171322
3857278,a234f3e6-20bb-4f91-bc6c-bea20685f634,Pass,0,0.21288515406162464,0.25606030225753784,0.14484654366970062,0.2556118965148926,0.11301901936531067,0.03551996871829033,0.03029942326247692
3857278,b1ab477b-93e9-4f26-873e-91513979f38a,Clearance,0,0.21288515406162464,0.22398941218852997,0.2640242874622345,0.34760546684265137,0.42680975794792175,0.48165348172187805,0.39279866218566895
3857278,cefa2d19-2e80-4b5a-bf50-dbdc394ac372,Pass,1,0.21288515406162464,0.2754587233066559,0.2665437161922455,0.3028895854949951,0.2919178009033203,0.23382073640823364,0.30383217334747314
3857278,bae82650-3557-49c8-a721-dd26045cbd98,Pass,0,0.21288515406162464,0.15261024236679077,0.40254098176956177,0.28177714347839355,0.2203601598739624,0.07741426676511765,0.07181467860937119
3857278,9cc9240d-b244-4c62-b758-720cf647b2d5,Pass,0,0.21288515406162464,0.15049518644809723,0.08932920545339584,0.17122837901115417,0.12887710332870483,0.1506761908531189,0.24465148150920868
3857279,fc4bb1a1-a9d0-4341-a7ed-4c5e662d8955,Pass,0,0.21288515406162464,0.37962979078292847,0.4295616149902344,0.3905024528503418,0.3123762607574463,0.14798256754875183,0.09298993647098541
3857279,7529b7ad-172a-49b7-96e5-a51f2947090a,Pass,0,0.21288515406162464,0.2629227638244629,0.20078594982624054,0.27263158559799194,0.17484094202518463,0.10566584765911102,0.12416841089725494
3857279,fae5bc49-488f-4b66-ad0d-1564b5cc43bb,Pass,0,0.21288515406162464,0.14671479165554047,0.4414528012275696,0.4713420867919922,0.3306216895580292,0.18001174926757812,0.10544320195913315
3857279,bbda591e-a441-465a-80a0-056d4588bebc,Pass,0,0.21288515406162464,0.20684346556663513,0.3471861183643341,0.26443052291870117,0.133766308426857,0.07978533953428268,0.05718773975968361
3857279,a1beff41-7bcc-476d-ba7f-0d29e1bb79bf,Pass,0,0.21288515406162464,0.2622777819633484,0.22746053338050842,0.3235323429107666,0.11232659965753555,0.07165515422821045,0.0464850552380085
3857279,9564b5b4-4a97-488a-b550-893f164ba37d,Pass,0,0.21288515406162464,0.08514291793107986,0.14120744168758392,0.08907464146614075,0.07800128310918808,0.027431093156337738,0.03629923611879349
3857279,5e8156a8-c1df-412f-8d60-1e05f4e124e2,Clearance,0,0.21288515406162464,0.20682168006896973,0.26115497946739197,0.26354607939720154,0.27986401319503784,0.27793869376182556,0.3050785958766937
3857279,146decc8-e198-47cd-9e9e-c8785465205d,Clearance,0,0.21288515406162464,0.22643226385116577,0.1807069480419159,0.1650949865579605,0.1709389090538025,0.2091541290283203,0.23007643222808838
3857279,36fad6c1-085b-4ebf-9e90-e03afdcfdc30,Clearance,0,0.21288515406162464,0.26136285066604614,0.27750164270401,0.18060727417469025,0.24961429834365845,0.2861989438533783,0.2842273712158203
3857280,801222c2-6dda-4453-83ae-f5c90a6ca6a4,Clearance,0,0.2135877152163797,0.35849303007125854,0.5716337561607361,0.656934916973114,0.6160951852798462,0.5980491042137146,0.6337913870811462
3857280,df859799-fb94-49c6-adaa-20b48a81fbf1,Pass,0,0.2135877152163797,0.11308640986680984,0.06115017831325531,0.0798153355717659,0.09369222819805145,0.03678322583436966,0.028074275702238083
3857280,cedc058c-9aae-486d-a913-7ff3da833c3a,Pass,0,0.2135877152163797,0.3114658296108246,0.19344596564769745,0.22483468055725098,0.1540115475654602,0.1386427879333496,0.03744867071509361
3857280,b265e079-8ff2-465e-a38c-fbc2e822d915,Clearance,0,0.2135877152163797,0.3276243507862091,0.11726724356412888,0.13350284099578857,0.12362973392009735,0.13440711796283722,0.13289496302604675
3857280,9265c1be-6332-407a-8d0d-886e3c037249,Pass,0,0.2135877152163797,0.1662474125623703,0.21680229902267456,0.18943805992603302,0.07459428906440735,0.04305221140384674,0.0736171081662178
3857280,4609511e-fdd8-4d0a-a9c3-367a6dce30ba,Clearance,0,0.2135877152163797,0.28328603506088257,0.17806260287761688,0.12317492067813873,0.15778376162052155,0.17103742063045502,0.1484612077474594
3857280,203ca274-be29-4c4c-8fcd-99ff2c7e7944,Pass,0,0.2135877152163797,0.26493677496910095,0.21788252890110016,0.20178081095218658,0.2375478744506836,0.16952987015247345,0.1167152151465416
3857280,14cc8960-019d-4284-bdb4-7189ff2ceed3,Clearance,0,0.2135877152163797,0.2471095472574234,0.2257550209760666,0.2527247965335846,0.450834721326828,0.46308791637420654,0.36061999201774597
3857280,27bd7f4d-8aad-4c76-a31b-1ed57f3b0e2e,Pass,0,0.2135877152163797,0.11371540278196335,0.1262209266424179,0.05749242752790451,0.03784214332699776,0.016656547784805298,0.01261359453201294
3857280,23867624-3b70-4451-ba43-2f095431ab2b,Pass,0,0.2135877152163797,0.15576250851154327,0.1302502304315567,0.06033335626125336,0.03987684100866318,0.022229621186852455,0.025184910744428635
3857280,03605d98-c986-4b58-a7ee-45c140511747,Clearance,0,0.2135877152163797,0.3076191842556,0.3842375874519348,0.39342087507247925,0.4574340283870697,0.3766220211982727,0.3531041741371155
3857281,c8e304c4-1133-4344-9566-f6603b6a2735,Pass,0,0.21378667908709828,0.10198553651571274,0.08342348784208298,0.07099835574626923,0.04986663907766342,0.02825758047401905,0.03734562173485756
3857281,b5cac123-1617-42f0-864c-6b3bce02c67c,Pass,0,0.21378667908709828,0.11975938081741333,0.06893128901720047,0.06044580414891243,0.0410621240735054,0.10880488902330399,0.08980748057365417
3857281,72ccc592-d1bd-445c-8ef4-a7155d7a3a10,Pass,0,0.21378667908709828,0.16272883117198944,0.193060964345932,0.20975899696350098,0.14193888008594513,0.051531415432691574,0.05485405772924423
3857281,d10cb453-9702-4062-8cde-9bee97146d40,Clearance,0,0.21378667908709828,0.23105838894844055,0.08971542119979858,0.08214210718870163,0.08137714117765427,0.10158772766590118,0.12129122763872147
3857281,4d5da179-1eb0-44c9-9087-6f03d9bf5fbe,Clearance,0,0.21378667908709828,0.4504055976867676,0.2348213642835617,0.25623130798339844,0.25537338852882385,0.3088529407978058,0.26691123843193054
3857281,7e4edd4e-4961-4e31-a394-5ee5d3d7eba6,Pass,0,0.21378667908709828,0.26497262716293335,0.34743964672088623,0.3232237696647644,0.15373452007770538,0.13608501851558685,0.14322473108768463
3857281,06488d24-5eb7-4d41-a692-c66b0215fe44,Pass,0,0.21378667908709828,0.33030685782432556,0.07193741202354431,0.1948186308145523,0.123834989964962,0.4002082645893097,0.45986413955688477
3857281,7fae868a-2922-481f-b6ce-26ec14d88383,Clearance,0,0.21378667908709828,0.18484169244766235,0.3288528621196747,0.20660071074962616,0.2462276816368103,0.21367599070072174,0.26321646571159363
3857282,ed160276-76ae-4b76-adb3-cfd5f8d2a6fc,Clearance,1,0.21378667908709828,0.16412322223186493,0.44654473662376404,0.44779691100120544,0.5538979172706604,0.48971977829933167,0.5644096732139587
3857282,2cecf0da-5c9a-4c6e-a052-220f644a27d7,Pass,0,0.21378667908709828,0.25215956568717957,0.08975858241319656,0.09175262600183487,0.04393557086586952,0.13503877818584442,0.11674869060516357
3857282,103818a9-7552-416a-bb00-a22051295eb4,Pass,1,0.21378667908709828,0.39803510904312134,0.20161530375480652,0.15672577917575836,0.15945294499397278,0.14373648166656494,0.36540472507476807
3857282,b4cd5efd-431a-4325-9d34-a0b985f1bebd,Pass,0,0.21378667908709828,0.06958475708961487,0.06895118951797485,0.12108943611383438,0.09358108788728714,0.04955275356769562,0.06097682565450668
3857282,6c697f89-9f87-42a6-955c-943187796493,Clearance,1,0.21378667908709828,0.32069769501686096,0.4097653031349182,0.3664909303188324,0.48168301582336426,0.48055508732795715,0.44802701473236084
3857282,13f7631f-9286-44c3-b8e4-01ec69e069e4,Pass,0,0.21378667908709828,0.18548259139060974,0.13693846762180328,0.12916280329227448,0.12411727756261826,0.09984970092773438,0.08795864880084991
3857282,a3ca169a-59b9-4b39-8e88-3a040d82ffe2,Clearance,0,0.21378667908709828,0.20756793022155762,0.05485553666949272,0.12502144277095795,0.23769935965538025,0.24843798577785492,0.2128201425075531
3857282,9118ad29-5310-449e-acdb-ccfb6dafcb76,Clearance,0,0.21378667908709828,0.1866929680109024,0.3792116045951843,0.3967853784561157,0.41110673546791077,0.3851379454135895,0.41281259059906006
3857282,d7d2dcf2-43f4-4f93-b927-87e292564cf2,Clearance,1,0.21378667908709828,0.4001103639602661,0.49039426445961,0.34030255675315857,0.43594086170196533,0.43652743101119995,0.4148326516151428
3857282,33df808f-14af-45c4-9290-648fd7400ddc,Clearance,0,0.21378667908709828,0.27460652589797974,0.1725725680589676,0.278123676776886,0.2880438566207886,0.24903273582458496,0.24174673855304718
3857282,fc698445-0939-4f40-a605-dc06714ced11,Pass,0,0.21378667908709828,0.22907501459121704,0.1440078467130661,0.09261788427829742,0.03584091365337372,0.035832807421684265,0.023318270221352577
3857282,b7c58d15-e9b5-4ebc-bfaa-3f5ae1c6ea83,Clearance,0,0.21378667908709828,0.39548444747924805,0.34440597891807556,0.2736016809940338,0.252793550491333,0.3458484411239624,0.3136376440525055
3857282,3fb063f4-870b-4a6a-a6f2-0d40c9fc42ec,Pass,0,0.21378667908709828,0.16499130427837372,0.1111835464835167,0.18130789697170258,0.1626819521188736,0.26867061853408813,0.16878829896450043
3857283,b236d0e4-7bdc-405b-bfaa-efcf83b3edda,Clearance,0,0.2126865671641791,0.28329741954803467,0.18459759652614594,0.16226667165756226,0.17695735394954681,0.16910932958126068,0.20714253187179565
3857283,c6403922-f223-482e-8f09-00b428fe8289,Clearance,0,0.2126865671641791,0.18034835159778595,0.3225938081741333,0.2822135388851166,0.25339093804359436,0.2016286849975586,0.20705002546310425
3857283,b4beff45-d528-47be-b553-fda7595165d3,Pass,0,0.2126865671641791,0.14645855128765106,0.11904793232679367,0.10992957651615143,0.05930223688483238,0.05476972833275795,0.03276259824633598
3857283,6bcf9745-19bf-438d-ad9a-601b27d0b375,Clearance,0,0.2126865671641791,0.2242426723241806,0.31538939476013184,0.27847322821617126,0.4055972695350647,0.28885599970817566,0.3990628719329834
3857283,71519970-1c9a-4c9d-99e7-83623d2110a7,Pass,0,0.2126865671641791,0.07762731611728668,0.092510886490345,0.0691726952791214,0.051941901445388794,0.12292634695768356,0.2256096750497818
3857283,43128eb9-6ca4-4fa9-9361-6de0f9c5df4e,Clearance,1,0.2126865671641791,0.160251647233963,0.2652658224105835,0.3755321204662323,0.5282631516456604,0.5278429985046387,0.4446890950202942
3857283,237096d1-9a82-401e-8b31-06dd3689c178,Pass,0,0.2126865671641791,0.3258395195007324,0.17374934256076813,0.1673130989074707,0.07010876387357712,0.04619520157575607,0.039776649326086044
3857284,b2982e14-6e3f-4578-8445-8ecdd6ef5b5d,Pass,0,0.21378667908709828,0.24779118597507477,0.1552504301071167,0.1441357582807541,0.13124224543571472,0.24870984256267548,0.1882067769765854
3857284,d72793ee-0126-402a-9e43-b7a38bbac5a7,Pass,1,0.21378667908709828,0.16155187785625458,0.24939917027950287,0.21792364120483398,0.19612878561019897,0.48681551218032837,0.46360325813293457
3857284,f24dfb39-198a-4b85-9bb7-00800d997e53,Pass,0,0.21378667908709828,0.20130182802677155,0.1191396564245224,0.10645826160907745,0.062116798013448715,0.0166391022503376,0.026559745892882347
3857284,90b4ecec-33b9-4159-bf91-4b2d2218b97c,Pass,1,0.21378667908709828,0.1495586484670639,0.19320526719093323,0.15870331227779388,0.06867276132106781,0.3606974482536316,0.5079649686813354
3857284,46bc4f90-a6d7-4292-a447-5b907c092d67,Pass,0,0.21378667908709828,0.16554532945156097,0.16919168829917908,0.18439163267612457,0.12591753900051117,0.0935615748167038,0.06607882678508759
3857284,87e1c2da-b0a4-48c1-9006-4d73f49a815a,Clearance,0,0.21378667908709828,0.3101019263267517,0.2577565312385559,0.18136633932590485,0.16149196028709412,0.1506068855524063,0.17690865695476532
3857284,0d162604-8dd1-425a-ac16-44ae92e2940a,Clearance,1,0.21378667908709828,0.2698201537132263,0.4072195887565613,0.37139052152633667,0.32017719745635986,0.40927937626838684,0.35785287618637085
3857284,69cdd3bc-7f00-4b4a-bd6c-51578a34a847,Clearance,1,0.21378667908709828,0.2564532160758972,0.17269866168498993,0.12638011574745178,0.12972131371498108,0.15759699046611786,0.17886655032634735
3857284,523b6296-e1b9-486d-95b1-3424d76d5b04,Clearance,1,0.21378667908709828,0.29098501801490784,0.17908194661140442,0.23059789836406708,0.23694822192192078,0.2558380365371704,0.2095126211643219
3857284,935d5fc2-edd8-4210-b97d-084e732adfcc,Pass,0,0.21378667908709828,0.07051484286785126,0.2193174958229065,0.28979748487472534,0.1003173291683197,0.06310014426708221,0.04440411925315857
3857284,0f1b8215-d9d1-47bd-b648-18c2644cb801,Clearance,0,0.21378667908709828,0.18004803359508514,0.12757126986980438,0.07208139449357986,0.16298480331897736,0.18752038478851318,0.20928065478801727
3857284,e99b4029-94ae-4575-9631-6e4b09065f6b,Clearance,0,0.21378667908709828,0.32965677976608276,0.1323014795780182,0.17660491168498993,0.1923345923423767,0.17314603924751282,0.18199536204338074
3857284,f0d84393-7911-4529-948e-9fc71c0df366,Pass,0,0.21378667908709828,0.14170201122760773,0.0676320493221283,0.06707233935594559,0.05991030111908913,0.05977240949869156,0.022816525772213936
3857285,f337edea-1653-49cc-93cc-57f050665850,Pass,0,0.21288515406162464,0.24978452920913696,0.27625295519828796,0.18461182713508606,0.16944089531898499,0.18065214157104492,0.17129726707935333
3857285,5d7a070b-b109-4870-97e9-f97a5ce16f8b,Clearance,1,0.21288515406162464,0.22686560451984406,0.2272983193397522,0.14331799745559692,0.1463373452425003,0.13067904114723206,0.18898651003837585
3857285,485be020-60f5-401f-beb0-14e7fbd54c9f,Clearance,1,0.21288515406162464,0.2274264246225357,0.11604281514883041,0.10931703448295593,0.11335133016109467,0.13972344994544983,0.1538960039615631
3857285,b5187ada-e881-4c65-9dc5-db67bc1a557a,Clearance,1,0.21288515406162464,0.3017367124557495,0.11018557846546173,0.13443812727928162,0.22248083353042603,0.2172098457813263,0.21562275290489197
3857285,4c79b613-b76b-4294-9bc5-1fad7160302e,Clearance,0,0.21288515406162464,0.15917004644870758,0.2386135756969452,0.2352820336818695,0.40484559535980225,0.45984891057014465,0.42455339431762695
3857285,1421b4cb-5c61-4295-a8ed-a2ec4fb64adc,Pass,0,0.21288515406162464,0.1189841628074646,0.10398976504802704,0.12852250039577484,0.13811682164669037,0.1641557514667511,0.17213961482048035
3857285,9430c604-5b25-48e9-8a79-63af0ba089f9,Clearance,0,0.21288515406162464,0.20709539949893951,0.2671642601490021,0.224863201379776,0.2405243217945099,0.20890198647975922,0.18937313556671143
3857285,a75b9e87-48ff-4a7f-8887-b53f1bc22418,Pass,1,0.21288515406162464,0.3620077073574066,0.380515992641449,0.456923246383667,0.48364874720573425,0.4338935911655426,0.41867169737815857
3857285,7260e6c0-ef3c-4bb0-8b43-7ff3e9c70d4c,Pass,0,0.21288515406162464,0.22074522078037262,0.12491479516029358,0.09271302819252014,0.06073340028524399,0.08448775112628937,0.09713651239871979
3857285,e5641e31-afcc-47fc-8fc0-66d634e3a806,Pass,0,0.21288515406162464,0.20424403250217438,0.11938970535993576,0.15130969882011414,0.06997975707054138,0.028736848384141922,0.055914558470249176
3857285,07354f60-82d2-4f87-ad3d-f14f7034b372,Pass,0,0.21288515406162464,0.21144196391105652,0.114173024892807,0.17057253420352936,0.07259751856327057,0.037399861961603165,0.05088376998901367
3857286,968e8236-8df7-41e1-87b4-222cff60f99f,Pass,1,0.2135877152163797,0.28686952590942383,0.21900565922260284,0.14156457781791687,0.0716656818985939,0.14086715877056122,0.1338927447795868
3857286,2a2739b4-3654-4fce-b687-65f3a054ce78,Clearance,0,0.2135877152163797,0.19856159389019012,0.1370922476053238,0.14560778439044952,0.21624304354190826,0.19608235359191895,0.22106650471687317
3857286,1ed7e5d2-9028-4d50-b67a-058b174ccb1c,Pass,0,0.2135877152163797,0.1280837059020996,0.0852094292640686,0.10667262226343155,0.0782112404704094,0.05476765334606171,0.0855334997177124
3857286,8d89b413-73ad-4162-91a9-55660195e7a8,Pass,0,0.2135877152163797,0.22853931784629822,0.2736802101135254,0.223333477973938,0.2634536325931549,0.32052505016326904,0.3000293970108032
3857286,ee182d9d-64f8-4651-a578-9ab24d4f3ac4,Pass,0,0.2135877152163797,0.18803296983242035,0.28531113266944885,0.1613185852766037,0.14042997360229492,0.124299556016922,0.11192981898784637
3857286,777240b8-4e6e-4043-aafd-cdca163d4707,Clearance,0,0.2135877152163797,0.3802660405635834,0.30477777123451233,0.3695981502532959,0.3508729338645935,0.3821248412132263,0.5086438059806824
3857286,c4116e33-4aea-4ca3-a347-237a54c0ac35,Pass,0,0.2135877152163797,0.13395032286643982,0.262429416179657,0.2941901385784149,0.13576874136924744,0.06041194871068001,0.04573390632867813
3857286,9f2126fd-3c16-4402-9448-ab5559b399e1,Pass,0,0.2135877152163797,0.18542703986167908,0.24615898728370667,0.26280757784843445,0.16359153389930725,0.1276455521583557,0.11206942796707153
3857286,c07875f7-22af-409b-bada-847d0c91990a,Pass,0,0.2135877152163797,0.0541963092982769,0.09044650942087173,0.05439262464642525,0.045460883527994156,0.02389821596443653,0.03199927136301994
3857286,6bcf46ef-060c-4b0b-b83a-ff7a0950cd5d,Pass,0,0.2135877152163797,0.3045286238193512,0.18192355334758759,0.20146121084690094,0.0940374806523323,0.10884882509708405,0.19869336485862732
3857286,a59217c7-0870-4733-945f-5060ef0027f7,Pass,0,0.2135877152163797,0.13645590841770172,0.07604651153087616,0.08607375621795654,0.0384008064866066,0.030328961089253426,0.027406025677919388
3857286,06321a9d-ce50-4076-a015-61edc107d35c,Pass,0,0.2135877152163797,0.14071494340896606,0.20902810990810394,0.2319348305463791,0.29162415862083435,0.24187502264976501,0.15806689858436584
3857286,5697c2d2-01b2-431b-8a8e-243fdbc51747,Clearance,1,0.2135877152163797,0.13508620858192444,0.5089077353477478,0.3880060911178589,0.4470174014568329,0.4972114861011505,0.5011050701141357
3857286,764ac27f-655f-46fa-ba43-ca6effc8a08d,Clearance,0,0.2135877152163797,0.1512458771467209,0.3499392867088318,0.2736128866672516,0.29782575368881226,0.30639374256134033,0.29627108573913574
3857287,09e6a654-c4be-4912-ba09-0efe682f86db,Pass,0,0.21302325581395348,0.0827292874455452,0.04319000616669655,0.052443474531173706,0.054587870836257935,0.03023039922118187,0.04339611530303955
3857287,d18e1e13-6c46-4bf5-ba75-f9469ce1e54b,Pass,0,0.21302325581395348,0.09666696190834045,0.0994330570101738,0.09001520276069641,0.08782271295785904,0.07233630120754242,0.03049319237470627
3857287,41cbdb44-be01-4e08-8888-ff9158d96e64,Clearance,0,0.21302325581395348,0.28262820839881897,0.1719263195991516,0.3155244290828705,0.40657490491867065,0.44180983304977417,0.5130670070648193
3857287,efc77800-014d-4176-8552-976b69927e50,Pass,0,0.21302325581395348,0.125286266207695,0.062226735055446625,0.15034553408622742,0.11362924426794052,0.08068162202835083,0.07667779177427292
3857287,fbc9cd21-b5df-4bfd-bc1c-659ed6a1ede3,Clearance,0,0.21302325581395348,0.2602997422218323,0.21709491312503815,0.252104252576828,0.3234173357486725,0.29455995559692383,0.2391701489686966
3857287,8ad1efbc-79f5-4b22-8aa9-d65173c79799,Pass,0,0.21302325581395348,0.21964941918849945,0.2874925136566162,0.3130084276199341,0.1747330278158188,0.08057770133018494,0.08374936878681183
3857287,01c3403a-d70d-44b6-9eb9-fbbc6e944890,Pass,1,0.21302325581395348,0.19910311698913574,0.33614927530288696,0.24977608025074005,0.052506156265735626,0.03776875138282776,0.037100374698638916
3857287,df679290-b59b-4156-934d-1b76699b40c4,Clearance,0,0.21302325581395348,0.24179944396018982,0.294940322637558,0.27471110224723816,0.23532059788703918,0.29007604718208313,0.29150712490081787
3857287,cc48aef4-83c5-4640-8627-fc5d1c4363fd,Clearance,0,0.21302325581395348,0.22383727133274078,0.30384811758995056,0.35403531789779663,0.3608999252319336,0.2718937397003174,0.4253295361995697
3857287,d75c67f2-1306-42c6-8b49-262417e7c029,Pass,0,0.21302325581395348,0.09506689757108688,0.14356495440006256,0.15006591379642487,0.09543173760175705,0.5283881425857544,0.5839276313781738
3857287,5c3ee644-ac2f-469e-b80b-2577110a222c,Clearance,0,0.21302325581395348,0.16219475865364075,0.25741061568260193,0.20212852954864502,0.15500220656394958,0.15964153409004211,0.15045861899852753
3857287,8a1dacaf-54b4-4223-ba04-fd3029b98b9e,Pass,0,0.21302325581395348,0.2018122673034668,0.20879949629306793,0.2213096171617508,0.10061391443014145,0.05096648633480072,0.027087116613984108
3857287,d4bcf6b0-b772-4722-bc9b-4cb543aa5895,Clearance,0,0.21302325581395348,0.2161993682384491,0.2947285771369934,0.2523980736732483,0.2584705650806427,0.29056647419929504,0.2577206492424011
3857287,94cd2156-b46b-4411-a362-09a634f958c8,Pass,0,0.21302325581395348,0.14053061604499817,0.09880654513835907,0.07656794041395187,0.058904509991407394,0.06417643278837204,0.11255186796188354
3857287,8196a47c-d0f4-4f3c-8bc8-6541fffb5719,Pass,0,0.21302325581395348,0.33585572242736816,0.2996836304664612,0.2958787977695465,0.1786169707775116,0.06542886793613434,0.12813447415828705
3857287,e09eb703-ac3a-4d09-803d-2c6c62fcdc7c,Clearance,1,0.21302325581395348,0.24296580255031586,0.48890623450279236,0.6629595756530762,0.6201035380363464,0.6230389475822449,0.6101891398429871
3857287,ee12468b-0b49-4e68-9802-5ba2a6e2c402,Pass,0,0.21302325581395348,0.13296197354793549,0.04346636310219765,0.050898052752017975,0.04839802905917168,0.0716988742351532,0.08779281377792358
3857287,a9c54685-ca88-4158-addc-fb174e7bec78,Pass,0,0.21302325581395348,0.12586310505867004,0.07405750453472137,0.0695401281118393,0.05515088886022568,0.03699309378862381,0.035448648035526276
3857287,418c68cc-fae1-4a60-b14c-f0f343563903,Pass,0,0.21302325581395348,0.2185952365398407,0.19847269356250763,0.129682257771492,0.07814569026231766,0.07591599971055984,0.028847521170973778
3857287,068de13a-217c-4463-b72e-28fc10554eeb,Pass,1,0.21302325581395348,0.1913962960243225,0.03414861857891083,0.040699552744627,0.055572498589754105,0.04149657115340233,0.051605988293886185
3857287,f5b93095-be20-48eb-8bae-b352e6899f9b,Clearance,0,0.21302325581395348,0.32942405343055725,0.2751712501049042,0.3848218321800232,0.6449849605560303,0.5480843782424927,0.5497068762779236
3857287,6858f904-6e4a-4717-83bb-67c1d24a4f09,Pass,0,0.21302325581395348,0.09341798722743988,0.1619166135787964,0.2147185355424881,0.13209320604801178,0.10940206050872803,0.09429096430540085
3857288,c37e09b9-2a0c-4ad9-9b04-1cbb3f9eacbc,Pass,0,0.21302325581395348,0.05015411972999573,0.03370578959584236,0.046792130917310715,0.058503832668066025,0.02206217125058174,0.022499362006783485
3857288,37db5810-6666-475e-94ad-93eba4fcc934,Clearance,0,0.21302325581395348,0.24667391180992126,0.20440851151943207,0.4121607840061188,0.26507899165153503,0.2455725222826004,0.27158108353614807
3857288,04031da5-90e7-4f89-83ec-dfd20ec0724a,Pass,0,0.21302325581395348,0.15442320704460144,0.37534818053245544,0.16577056050300598,0.07571875303983688,0.04189646616578102,0.03490050137042999
3857288,29272085-ba90-4517-8937-f27f81986715,Pass,1,0.21302325581395348,0.3852367103099823,0.1730930209159851,0.42635664343833923,0.37028998136520386,0.3272959589958191,0.2665274143218994
3857288,ff558a0f-7eee-4407-a49b-2a135e30a3b5,Clearance,1,0.21302325581395348,0.4567956328392029,0.41389963030815125,0.5497676730155945,0.5362724661827087,0.4645983874797821,0.4823673665523529
3857288,bef709ad-f8ab-4a9f-9300-d20834c769f3,Pass,0,0.21302325581395348,0.1375972330570221,0.07821479439735413,0.08222468942403793,0.10418359190225601,0.0669865608215332,0.03984718769788742
3857288,271b2664-c272-45f0-bd9f-8f5a2e2a1367,Pass,0,0.21302325581395348,0.17978209257125854,0.11910738050937653,0.09381773322820663,0.048894044011831284,0.029622746631503105,0.014670759439468384
3857288,9941ef78-19ad-42ed-a6c1-13250a9afac8,Pass,0,0.21302325581395348,0.20920564234256744,0.08610013127326965,0.05798148363828659,0.08212485164403915,0.2308173030614853,0.20766040682792664
3857288,b8405f62-dd8d-4f6e-82a0-bb08d9bb50be,Pass,1,0.21302325581395348,0.06709857285022736,0.0729883685708046,0.13883231580257416,0.08290283381938934,0.4909902811050415,0.3214903175830841
3857288,6add9fe4-032d-49fb-933f-5b1d2bd9bbf9,Pass,0,0.21302325581395348,0.25064870715141296,0.16638457775115967,0.21429909765720367,0.11680713295936584,0.05584492161870003,0.04175490140914917
3857288,b45119fa-dc4f-40cc-8d71-1422dc7c5e50,Pass,0,0.21302325581395348,0.08768817782402039,0.11004006117582321,0.07536600530147552,0.08692608028650284,0.08948395401239395,0.08183746784925461
3857288,259eeb67-0e92-4143-9c1b-45388670f837,Pass,0,0.21302325581395348,0.10274585336446762,0.0652289167046547,0.07495073229074478,0.06935669481754303,0.03374658152461052,0.019067931920289993
3857288,8ea2df5c-87d9-4027-a50b-04ee9f0dbe53,Clearance,0,0.21302325581395348,0.3496473431587219,0.2418162077665329,0.2329823523759842,0.27726468443870544,0.25950631499290466,0.24138684570789337
3857288,5efda140-70cb-489b-9f28-aa60b00ddb7b,Pass,0,0.21302325581395348,0.20160719752311707,0.15488028526306152,0.14020372927188873,0.09968507289886475,0.032337795943021774,0.043094415217638016
3857288,21f56c9a-b87c-4200-84df-fd7e59e6dfbe,Clearance,1,0.21302325581395348,0.38810059428215027,0.3187674283981323,0.4730912446975708,0.3185487389564514,0.33994626998901367,0.4057613015174866
3857288,a9721ff8-f85f-474b-9b44-b0e62f40491e,Pass,0,0.21302325581395348,0.13531924784183502,0.16443751752376556,0.25974029302597046,0.11295386403799057,0.08121222257614136,0.06529282033443451
3857288,8ae4f2ac-95fd-4db1-9343-cb4c2b8fa1ed,Clearance,1,0.21302325581395348,0.24179944396018982,0.15756654739379883,0.1037939116358757,0.1498972326517105,0.1472860872745514,0.19476331770420074
3857288,0a3e23c7-e437-4e12-a4ee-8298ea57b604,Pass,0,0.21302325581395348,0.17267581820487976,0.28489962220191956,0.31114834547042847,0.2053004652261734,0.13010822236537933,0.11532071977853775
3857288,b0dfff90-1a7a-40cc-ae75-4fd186a7e4e5,Pass,1,0.21302325581395348,0.2848231792449951,0.3018152117729187,0.2878888249397278,0.27177345752716064,0.29841887950897217,0.23208782076835632
3857289,6dc0c3df-fb1f-400f-a4a7-4a5291e210b3,Pass,0,0.21302325581395348,0.09716150164604187,0.05804426223039627,0.0507657490670681,0.05690693110227585,0.031367309391498566,0.03293989226222038
3857289,8eae3200-9ff8-47c1-9e1a-cba41050df79,Clearance,0,0.21302325581395348,0.1451135277748108,0.24723808467388153,0.25267648696899414,0.4652319848537445,0.4773799777030945,0.5383554100990295
3857289,53dac3bb-af4e-4515-b69b-fb6d1deb3d5e,Clearance,1,0.21302325581395348,0.19786220788955688,0.32747432589530945,0.30100300908088684,0.34505730867385864,0.38399648666381836,0.3849848210811615
3857289,5a0783d8-8b72-487e-ac22-b52decac15e1,Pass,0,0.21302325581395348,0.1797574758529663,0.15383054316043854,0.14991188049316406,0.06289368867874146,0.038789745420217514,0.05473529174923897
3857289,ab59d1b1-4e1a-4fc4-a4f1-880fb964cf59,Clearance,0,0.21302325581395348,0.2182283252477646,0.3290339708328247,0.3288894295692444,0.4137393832206726,0.3419647216796875,0.34808623790740967
3857289,6339fb4a-817c-4d0c-8390-01f31e7e07b4,Clearance,0,0.21302325581395348,0.2122173011302948,0.1790044605731964,0.1509355902671814,0.22715212404727936,0.27228084206581116,0.26981475949287415
3857289,026190d9-45b2-4307-95d1-ff334e04bcb6,Clearance,0,0.21302325581395348,0.360409140586853,0.3979590833187103,0.3906553089618683,0.4826670289039612,0.4639720916748047,0.43892210721969604
3857289,a79ce62d-fff8-4fd5-84dd-a4f71644be3b,Pass,0,0.21302325581395348,0.28261977434158325,0.1549994945526123,0.17108100652694702,0.08816324919462204,0.05171128362417221,0.11362945288419724
3857289,688d8588-4e4b-4554-9b6e-61d0f476f60b,Pass,0,0.21302325581395348,0.27546632289886475,0.24941450357437134,0.20991919934749603,0.11212259531021118,0.05459931492805481,0.10287255048751831
3857289,984a9a9b-0b9d-41f9-81ac-7a3a0aff2aac,Pass,0,0.21302325581395348,0.15636701881885529,0.07416082173585892,0.06546195596456528,0.09291481226682663,0.06307092308998108,0.04580128565430641
3857289,87801efd-8e75-46eb-9e0a-0c10b2b344f0,Clearance,0,0.21302325581395348,0.2150929570198059,0.33880001306533813,0.1814820021390915,0.15674874186515808,0.18191567063331604,0.19709593057632446
3857289,7d8e084f-777f-42f3-ac88-56f41688d11b,Pass,0,0.21302325581395348,0.2641521096229553,0.30707553029060364,0.3532125651836395,0.18990862369537354,0.12551754713058472,0.0826302096247673
3857289,d1f795c1-b428-4ae5-9891-61c255b1cfcc,Pass,0,0.21302325581395348,0.17850086092948914,0.0609244741499424,0.06703618168830872,0.07223211973905563,0.0731000304222107,0.046021685004234314
3857289,f4dc937d-4c4c-44ef-b965-9aff4875943e,Pass,0,0.21302325581395348,0.24578236043453217,0.3931281566619873,0.5749216079711914,0.2110351026058197,0.13912338018417358,0.10853765904903412
3857290,6c44744d-9b30-41a8-b28c-a77fbe87f4b1,Pass,0,0.21378667908709828,0.1642899066209793,0.25369757413864136,0.17226628959178925,0.13474571704864502,0.05634411424398422,0.040837254375219345
3857290,ef1098cb-ff44-4eb8-ae46-cb7b911c2203,Clearance,0,0.21378667908709828,0.10198553651571274,0.1381441354751587,0.13390566408634186,0.22304916381835938,0.23598600924015045,0.26674604415893555
3857290,1172f0c9-7075-482b-ac73-aa2371781a8a,Clearance,0,0.21378667908709828,0.3123653829097748,0.21485772728919983,0.19863413274288177,0.22037450969219208,0.2062336504459381,0.17786143720149994
3857290,e84708ab-e57b-48ae-9510-2847ca38226d,Pass,0,0.21378667908709828,0.055666130036115646,0.12522466480731964,0.07086164504289627,0.05672907829284668,0.10871776193380356,0.08228495717048645
3857290,c4e565ef-c84d-4ccb-b115-7907a65db526,Pass,0,0.21378667908709828,0.19018593430519104,0.17339400947093964,0.11425179243087769,0.062426622956991196,0.03891822695732117,0.028020653873682022
3857290,aae57faa-1ec7-491c-92ee-9fcdc4ffcaf8,Pass,0,0.21378667908709828,0.12309964746236801,0.10935833305120468,0.08702261745929718,0.10592281073331833,0.10246960073709488,0.07049042731523514
3857290,da2d17de-967e-4d9b-9ef7-763345e19b49,Pass,0,0.21378667908709828,0.21744394302368164,0.17384079098701477,0.13040859997272491,0.09640026092529297,0.057769421488046646,0.03685695305466652
3857290,6faa70f5-2a33-47d1-abd8-dfb87c83bbcf,Clearance,0,0.21378667908709828,0.07335467636585236,0.1858782023191452,0.10293123871088028,0.24025879800319672,0.284893274307251,0.3185892403125763
3857290,0f6dfbc3-a9b0-46ab-9979-6aea74707f6f,Pass,0,0.21378667908709828,0.07051484286785126,0.22131894528865814,0.28053081035614014,0.127332866191864,0.06578675657510757,0.05799568444490433
3857290,a78e9954-5f4e-472a-a8dd-9c93602193c9,Pass,0,0.21378667908709828,0.32699254155158997,0.30236345529556274,0.31148213148117065,0.14276060461997986,0.07339487224817276,0.046650487929582596
3857290,1cb8b961-f5c9-461b-b676-6159ded97f23,Clearance,1,0.21378667908709828,0.2919040620326996,0.4062041938304901,0.44638410210609436,0.4923798143863678,0.5310004353523254,0.5359554886817932
3857290,beca7e79-f999-47db-ba7c-14c41c880bb1,Clearance,0,0.21378667908709828,0.17595867812633514,0.24651935696601868,0.2003098577260971,0.26872512698173523,0.348197877407074,0.36779576539993286
3857290,8b77b0cc-0882-40ca-b4ed-1bcd05dbc085,Clearance,0,0.21378667908709828,0.2976325452327728,0.19115567207336426,0.15253153443336487,0.1553768813610077,0.10940081626176834,0.15639345347881317
3857290,2a06a105-139c-4198-81fe-0fa51ee084bd,Pass,0,0.21378667908709828,0.25227004289627075,0.10333048552274704,0.12980523705482483,0.06279068440198898,0.038014136254787445,0.06297563016414642
3857291,d3aefc7d-84f8-4f80-9cf6-22a8673014c8,Pass,1,0.2126865671641791,0.1227433830499649,0.18105900287628174,0.21107931435108185,0.14109009504318237,0.6418138146400452,0.6256557106971741
3857291,efd21cce-60c2-497d-9cf8-1ff78165315f,Pass,1,0.2126865671641791,0.21076932549476624,0.11070091277360916,0.12256628274917603,0.1030506044626236,0.3479316234588623,0.31021782755851746
3857291,bd0a6e58-6773-40da-a330-cad0661302ab,Clearance,1,0.2126865671641791,0.2412623167037964,0.13756565749645233,0.20462867617607117,0.29832443594932556,0.2670944631099701,0.2806723713874817
3857291,284e2dff-2660-4553-aa9a-af69aa5beb31,Clearance,1,0.2126865671641791,0.22155973315238953,0.12245117872953415,0.13413120806217194,0.26900678873062134,0.27071720361709595,0.25132763385772705
3857291,a16c20e3-a776-464d-9121-7b223833921b,Pass,0,0.2126865671641791,0.23580631613731384,0.10643577575683594,0.11907121539115906,0.100433848798275,0.043723758310079575,0.03735649958252907
3857291,d9e77643-2a2e-4d8e-886e-8f7ca15cda82,Pass,0,0.2126865671641791,0.22803764045238495,0.3153208792209625,0.21394436061382294,0.06427133083343506,0.03988847881555557,0.05986660346388817
3857291,308bdf9e-39d4-4474-a40c-8eeb9a705892,Pass,0,0.2126865671641791,0.26189136505126953,0.10315187275409698,0.05753437802195549,0.03367313742637634,0.020582301542162895,0.013175936415791512
3857291,48df4109-30b8-4d15-8a81-ea17f4bcbdf4,Clearance,1,0.2126865671641791,0.30240610241889954,0.12656782567501068,0.14332760870456696,0.2667238712310791,0.3266335427761078,0.4513165056705475
3857291,d09ac5fd-4218-499f-9312-9cdfbe2605c3,Pass,0,0.2126865671641791,0.18233388662338257,0.2775285243988037,0.18458697199821472,0.08338645100593567,0.03771519660949707,0.054991163313388824
3857291,b908d22f-5bbe-4a7b-96bc-e246fcb5f78e,Pass,0,0.2126865671641791,0.1133275032043457,0.12138976901769638,0.11544213443994522,0.11653514206409454,0.058831728994846344,0.05421271175146103
3857291,d66eed59-da9c-4b36-a084-8ea841ecbc32,Clearance,1,0.2126865671641791,0.1538507640361786,0.24673987925052643,0.22793467342853546,0.41083189845085144,0.43408048152923584,0.40176111459732056
3857292,69198424-fb64-449c-9157-62d5980411fe,Clearance,1,0.21378667908709828,0.2988576292991638,0.2577075660228729,0.26468753814697266,0.3409278988838196,0.33959344029426575,0.320943146944046
3857292,6189f617-3bb8-4f0f-9013-e5a3fb303bf0,Pass,0,0.21378667908709828,0.07810688018798828,0.07613395154476166,0.1428118646144867,0.07074921578168869,0.08867267519235611,0.0640776976943016
3857292,977f2672-c301-412f-8120-a7c063acb473,Pass,0,0.21378667908709828,0.11303741484880447,0.31225159764289856,0.3137741982936859,0.17110322415828705,0.5324695110321045,0.3704730272293091
3857292,89406d33-4ec6-4eb4-b91e-595cb7e60b41,Pass,0,0.21378667908709828,0.1285102516412735,0.1512337476015091,0.12603460252285004,0.13639327883720398,0.5163788795471191,0.46107006072998047
3857292,4c620809-acf8-4e37-9216-6fb7fbeff298,Pass,1,0.21378667908709828,0.19443655014038086,0.36541464924812317,0.34895896911621094,0.07170525193214417,0.3824974298477173,0.4549763798713684
3857292,c9d705ed-03c0-4af2-b8f7-4687a4dcb68d,Pass,0,0.21378667908709828,0.1601259410381317,0.15517984330654144,0.11346471309661865,0.11624704301357269,0.0377175509929657,0.05963076651096344
3857292,1443cbbc-c47d-44dc-8315-7d9b9c77d813,Pass,0,0.21378667908709828,0.16407659649848938,0.17684346437454224,0.13843104243278503,0.0883898213505745,0.07341461628675461,0.08374307304620743
3857292,cef906ed-6afb-45d7-ae29-16a8920c852d,Pass,0,0.21378667908709828,0.23809832334518433,0.22035036981105804,0.2159733772277832,0.13376815617084503,0.041787415742874146,0.02745496854186058
3857292,dc6fef50-90bb-4403-aa75-81724da83915,Pass,0,0.21378667908709828,0.10988282412290573,0.07624245434999466,0.050402406603097916,0.04170022904872894,0.10360977798700333,0.1545160412788391
3857292,45ae402d-b43d-4089-b6f7-2f4f8badb795,Pass,1,0.21378667908709828,0.2437502145767212,0.16138362884521484,0.15876434743404388,0.12402751296758652,0.11391758173704147,0.29743924736976624
3857292,17971a5b-bb49-4fbc-8bcb-c9e16ebda517,Clearance,0,0.21378667908709828,0.31954941153526306,0.23116709291934967,0.22467517852783203,0.1750803291797638,0.20670947432518005,0.18972399830818176
3857292,dbf2369b-5111-4986-ac43-51f10ae84fb8,Pass,0,0.21378667908709828,0.44721508026123047,0.14176490902900696,0.13752582669258118,0.12480601668357849,0.22069388628005981,0.21287985146045685
3857292,aa4e5855-279a-490a-bb29-770fd1304f46,Clearance,0,0.21378667908709828,0.3186050355434418,0.15674999356269836,0.19981680810451508,0.20159995555877686,0.20215275883674622,0.25221753120422363
3857293,1e1a0282-bb38-42c8-8f29-0b6a716f5834,Clearance,0,0.2126865671641791,0.3241226077079773,0.09806665033102036,0.15500342845916748,0.2135622203350067,0.22707056999206543,0.23706062138080597
3857293,68dc58ed-0e57-49d3-9d25-630612ecfcf2,Pass,0,0.2126865671641791,0.24537940323352814,0.2659030258655548,0.24312558770179749,0.12240541726350784,0.04920889437198639,0.06790007650852203
3857293,2d70ace8-b441-47a6-9d4d-88c2e1ba915a,Pass,1,0.2126865671641791,0.1487603485584259,0.24684326350688934,0.3062099516391754,0.17391948401927948,0.0478338859975338,0.03667953982949257
3857293,a67c913b-4e10-4ec2-a061-90add50246d8,Pass,0,0.2126865671641791,0.1406339555978775,0.17844873666763306,0.21959835290908813,0.11533825099468231,0.26596713066101074,0.2203623354434967
3857293,37252f97-54a3-4bc1-92be-426c8cdb0d69,Clearance,0,0.2126865671641791,0.20624686777591705,0.2386651337146759,0.22579772770404816,0.22589358687400818,0.25070273876190186,0.25104448199272156
3857293,b88f34e0-58dc-48cd-a61a-48dc0e132c60,Clearance,0,0.2126865671641791,0.2604469656944275,0.41536152362823486,0.3043966293334961,0.3938392698764801,0.4155691862106323,0.38148432970046997
3857293,3f722291-557c-4ff3-8cbe-93c698825e8c,Clearance,0,0.2126865671641791,0.39808470010757446,0.1276961863040924,0.20316775143146515,0.18737685680389404,0.18738791346549988,0.1741005927324295
3857293,223b9715-592e-49df-80d3-27336a4fb450,Clearance,0,0.2126865671641791,0.22581641376018524,0.2921959459781647,0.3129716217517853,0.43847060203552246,0.4450834393501282,0.37736403942108154
3857293,bc377ae2-eec0-414f-a516-d10d3e155a5c,Clearance,1,0.2126865671641791,0.21959660947322845,0.3053462505340576,0.42964881658554077,0.46346214413642883,0.422288715839386,0.39767178893089294
3857293,32167b16-b6db-4f14-ba67-bbff5daa72ee,Pass,0,0.2126865671641791,0.19972655177116394,0.1517123579978943,0.14903375506401062,0.06581081449985504,0.07767926156520844,0.08707993477582932
3857293,0819a334-c2c2-409d-9b6a-7d345a8ffee0,Pass,0,0.2126865671641791,0.1053089126944542,0.23654592037200928,0.2399703562259674,0.10613834112882614,0.032769180834293365,0.030985871329903603
3857293,afe7f669-ec3b-4001-8b67-66365b6aa5ca,Pass,1,0.2126865671641791,0.40278053283691406,0.31765079498291016,0.332572340965271,0.3128403127193451,0.3658331334590912,0.45138970017433167
3857293,0e2184d8-8989-43b5-8a07-cd1c08086f9c,Pass,0,0.2126865671641791,0.27512022852897644,0.1814507097005844,0.1607016772031784,0.09125961363315582,0.0368189811706543,0.043276816606521606
3857293,e92448ef-5ae1-4464-a18a-e4b9614b5651,Pass,0,0.2126865671641791,0.3050628900527954,0.36133238673210144,0.3268921673297882,0.3187064230442047,0.3521980047225952,0.5494519472122192
3857293,aaedf579-a311-41f7-8010-0e465b879775,Clearance,1,0.2126865671641791,0.3249877989292145,0.44438567757606506,0.25811123847961426,0.3349265158176422,0.31763267517089844,0.3251557946205139
3857293,ed2818a4-c60b-405a-934d-a97c5879a207,Pass,0,0.2126865671641791,0.3086680471897125,0.07919872552156448,0.075105220079422,0.061868637800216675,0.031102433800697327,0.022197389975190163
3857293,ae76b57b-f5df-4cbe-ae66-d3a610849d33,Pass,1,0.2126865671641791,0.22623004019260406,0.3578542470932007,0.3365020751953125,0.506305992603302,0.3979141414165497,0.32138460874557495
3857293,d7a83fe1-e08d-4122-b7d9-8a6138fa341c,Clearance,0,0.2126865671641791,0.33368533849716187,0.466004878282547,0.34622323513031006,0.4850192070007324,0.4584828317165375,0.4185752868652344
3857293,2276ae12-7870-4f64-9374-ecf54aea54ce,Pass,0,0.2126865671641791,0.24662703275680542,0.19737310707569122,0.16493965685367584,0.08065474778413773,0.04051936790347099,0.07550438493490219
3857294,bc63fa01-3428-4c68-ac7f-e7d51ecc31b8,Pass,0,0.21378667908709828,0.06743703037500381,0.18817387521266937,0.2016475647687912,0.058694884181022644,0.031770970672369,0.027759486809372902
3857294,733a54ec-421b-4bb8-a8da-6af042de7da8,Pass,0,0.21378667908709828,0.1674433946609497,0.25985264778137207,0.15764959156513214,0.05920253321528435,0.06545263528823853,0.09857967495918274
3857294,59bf0548-5a3a-46f9-9415-02e30be2fdff,Pass,0,0.21378667908709828,0.20687341690063477,0.1646413803100586,0.27526551485061646,0.2342936396598816,0.21363867819309235,0.15428228676319122
3857294,c359f5f8-ccaf-4c3c-ae8d-6b044459de4d,Pass,0,0.21378667908709828,0.06743703037500381,0.28865134716033936,0.36376211047172546,0.12123844027519226,0.12384955585002899,0.13021820783615112
3857294,42adfac3-728f-4c2a-b1b5-9994da8cb2f0,Pass,0,0.21378667908709828,0.10163965821266174,0.15648974478244781,0.14746177196502686,0.062063295394182205,0.16045624017715454,0.14284272491931915
3857294,2f413f32-b1a7-4771-a76e-b19db5876255,Pass,0,0.21378667908709828,0.18954713642597198,0.23977020382881165,0.35044339299201965,0.1536637246608734,0.10140478610992432,0.06214204803109169
3857295,00e0a470-9268-486c-a9e0-8fe98523c618,Pass,0,0.21302325581395348,0.15494464337825775,0.14240418374538422,0.1033882275223732,0.04940395802259445,0.033793531358242035,0.02184959501028061
3857295,aa54d171-6167-4267-9721-658d11e6fe8e,Pass,0,0.21302325581395348,0.16249647736549377,0.11520513892173767,0.05980341136455536,0.04334736615419388,0.032125405967235565,0.04320713132619858
3857295,664efa1d-86b4-4b3f-a72c-2162e6f9b63f,Pass,1,0.21302325581395348,0.35861313343048096,0.4206242561340332,0.3544900417327881,0.1963823139667511,0.5262110829353333,0.5515709519386292
3857295,b13b77b9-e9e8-4ef2-bbe1-7ffe1e4d6e39,Pass,0,0.21302325581395348,0.10138525813817978,0.2929267883300781,0.2803332805633545,0.19023260474205017,0.1873459815979004,0.17911188304424286
3857295,190917b7-de98-48c6-b9b0-b80d546de283,Pass,0,0.21302325581395348,0.196247860789299,0.15860982239246368,0.18272259831428528,0.09000205993652344,0.044690314680337906,0.023355847224593163
3857295,3ed4f255-af99-40ee-b88b-fc08e7ab408b,Pass,1,0.21302325581395348,0.3139732778072357,0.23928165435791016,0.2595076262950897,0.21371017396450043,0.0892995223402977,0.11490233987569809
3857295,08a9fbcb-cc52-41b8-82ab-2e3c2b771ac0,Pass,0,0.21302325581395348,0.20098979771137238,0.24506793916225433,0.2527450621128082,0.12459525465965271,0.04268643632531166,0.06304030120372772
3857295,12617fa9-ffe4-4f0c-bd6c-642bbac3531e,Pass,0,0.21302325581395348,0.1899978518486023,0.07567501068115234,0.05130172148346901,0.045814841985702515,0.02904651314020157,0.049286533147096634
3857295,b0ef2fbf-2c38-4ab0-bcf4-422892b857a4,Clearance,1,0.21302325581395348,0.3368910849094391,0.3179640471935272,0.28472188115119934,0.32199451327323914,0.34490692615509033,0.3236217200756073
3857295,44183e36-0036-48a6-9f18-375f7f9d3af0,Clearance,0,0.21302325581395348,0.1968604177236557,0.3500942289829254,0.24913649260997772,0.29904085397720337,0.3078618049621582,0.32808443903923035
3857296,01b936c5-858e-4776-90a6-2b8858af5b2a,Pass,1,0.21302325581395348,0.33975252509117126,0.3948037922382355,0.36065924167633057,0.29102835059165955,0.30680525302886963,0.2805403769016266
3857296,d3d88a6b-27b3-40cb-8d61-6cf70e4cae23,Pass,0,0.21302325581395348,0.11932903528213501,0.09859921783208847,0.09439549595117569,0.06370320171117783,0.03329666331410408,0.029817664995789528
3857296,7675e847-c0bf-42c5-9fd0-84227f272571,Pass,0,0.21302325581395348,0.12738068401813507,0.07081006467342377,0.06848151981830597,0.11167925596237183,0.16516384482383728,0.0825197622179985
3857296,bf3aebcd-c680-4b6c-8184-e92b4fe90294,Clearance,1,0.21302325581395348,0.3425576388835907,0.2907561957836151,0.35104355216026306,0.3220237195491791,0.29925915598869324,0.3900529444217682
3857296,28616b2d-0dc2-4c95-bc62-70fdcbfcc0a0,Clearance,1,0.21302325581395348,0.2216765135526657,0.38851240277290344,0.47550272941589355,0.4358787536621094,0.39771997928619385,0.38368698954582214
3857297,b45157c3-ca34-4a8a-8911-9032aeeef988,Pass,0,0.21378667908709828,0.2254476100206375,0.16271358728408813,0.09875629097223282,0.04496986046433449,0.01957961544394493,0.01891811564564705
3857297,655cf536-4880-4759-8b3b-0b5284366dac,Pass,0,0.21378667908709828,0.15408837795257568,0.08576719462871552,0.11419875174760818,0.11280976235866547,0.056318268179893494,0.045220427215099335
3857297,1c15ed70-b9ad-45ae-89ae-98c22b7af00d,Clearance,0,0.21378667908709828,0.3601841926574707,0.36316001415252686,0.4392993748188019,0.40754321217536926,0.4138827621936798,0.3988731801509857
3857297,7d74f83c-228f-4b21-9ac9-df779a119e45,Pass,0,0.21378667908709828,0.21514393389225006,0.11485778540372849,0.13800549507141113,0.10040940344333649,0.04928605630993843,0.0549570731818676
3857297,564e6761-c1cf-4072-ad63-fde1e60c208f,Pass,0,0.21378667908709828,0.13276830315589905,0.12084894627332687,0.09863860160112381,0.07836383581161499,0.03604720160365105,0.03296121209859848
3857297,7dbda998-bce6-4edf-ad93-80e98c6fa68a,Clearance,0,0.21378667908709828,0.2982955873012543,0.4334448277950287,0.3337804675102234,0.37846639752388,0.3672962784767151,0.392124205827713
3857297,d146d0b5-9496-49d4-886e-e15a0f12bb36,Clearance,0,0.21378667908709828,0.18994945287704468,0.16394953429698944,0.22203724086284637,0.3071293234825134,0.3943418264389038,0.4203368127346039
3857297,b1a2a599-9912-48a3-893a-f4c2c2144c50,Clearance,0,0.21378667908709828,0.21759293973445892,0.10676869750022888,0.14627039432525635,0.21204009652137756,0.387151300907135,0.40137779712677
3857297,0ee121f3-0451-4d89-bd53-d064579565ee,Clearance,0,0.21378667908709828,0.19518724083900452,0.2476208508014679,0.11445517092943192,0.25855836272239685,0.3353535234928131,0.44672539830207825
3857297,05ef4024-070e-42ca-a363-4de11035f519,Clearance,1,0.21378667908709828,0.16941902041435242,0.2513813078403473,0.14675764739513397,0.1478423774242401,0.16785892844200134,0.19739621877670288
3857297,27476704-2b57-41ac-8765-551e49eec237,Clearance,1,0.21378667908709828,0.049039606004953384,0.07695303112268448,0.07196980714797974,0.12188982963562012,0.14715415239334106,0.20444922149181366
3857297,af923531-373d-472f-9ea7-37dbc29ce74b,Clearance,0,0.21378667908709828,0.14886656403541565,0.27187398076057434,0.2564074993133545,0.38035646080970764,0.4709923267364502,0.3583836257457733
3857298,d01f3202-6ab4-4a14-b9b1-b29bb576ac5c,Clearance,0,0.2126865671641791,0.24537940323352814,0.1320486217737198,0.13950705528259277,0.18938884139060974,0.2080104649066925,0.24450920522212982
3857298,1fcb1b93-89b4-45d8-83c0-b96a784ce44f,Pass,0,0.2126865671641791,0.08285567909479141,0.16601517796516418,0.08918778598308563,0.059194281697273254,0.04505505785346031,0.041978564113378525
3857298,7ee17bd5-f420-46d1-8a2b-7e536b9a4e2e,Pass,0,0.2126865671641791,0.2902236878871918,0.1636173278093338,0.17447234690189362,0.07198362052440643,0.031161952763795853,0.035585228353738785
3857298,cca5354b-2eed-459f-b7d4-a9bf030a15b1,Pass,0,0.2126865671641791,0.15984585881233215,0.13249307870864868,0.14653155207633972,0.07120378315448761,0.1508050411939621,0.2721085250377655
3857298,ec7c5753-0a02-483d-a340-d18f85f5d675,Pass,0,0.2126865671641791,0.10709191113710403,0.13901624083518982,0.10252530127763748,0.06268001347780228,0.03586823493242264,0.043469008058309555
3857298,8776d5e4-fc4b-49db-9b36-b37e62e8bd31,Pass,0,0.2126865671641791,0.10002785176038742,0.08272143453359604,0.07852626591920853,0.06289885938167572,0.04998515546321869,0.024118579924106598
3857298,89bf5f98-565d-4505-8220-4d8848822e7a,Pass,0,0.2126865671641791,0.08999771624803543,0.11040784418582916,0.07884109765291214,0.10873804986476898,0.0785927101969719,0.037578143179416656
3857298,a5ae3ca8-244c-463d-a3c6-c1602927017d,Clearance,0,0.2126865671641791,0.3924931287765503,0.26771244406700134,0.20197297632694244,0.14920945465564728,0.15990321338176727,0.1726132035255432
3857298,2929dea8-bb59-4b4d-8eac-223c97d8048d,Clearance,0,0.2126865671641791,0.27240145206451416,0.13544142246246338,0.13113050162792206,0.13339079916477203,0.1478091925382614,0.1225171610713005
3857298,cb644553-cfca-48ed-81b4-85fccbadb79f,Clearance,0,0.2126865671641791,0.3667883574962616,0.08234614133834839,0.05529529228806496,0.040196437388658524,0.0487222895026207,0.07783199101686478
3857298,0ffd003b-2485-49d1-a118-18670c9744f3,Clearance,0,0.2126865671641791,0.28922128677368164,0.2091117799282074,0.19760777056217194,0.20364926755428314,0.2174374759197235,0.23111271858215332
3857298,982d7167-61c9-4078-89d5-22b4d11863ca,Clearance,0,0.2126865671641791,0.23732072114944458,0.18646061420440674,0.21426787972450256,0.28311508893966675,0.2513617277145386,0.3525121510028839
3857298,19d09ef1-427d-43b8-8d2c-a2646eea6551,Pass,0,0.2126865671641791,0.12195242941379547,0.046705178916454315,0.038537267595529556,0.027624325826764107,0.01579749956727028,0.016259238123893738
3857298,269cebca-4357-41cd-a387-9f5dc2faefac,Pass,0,0.2126865671641791,0.12687012553215027,0.13315936923027039,0.20633408427238464,0.11480911821126938,0.08772417157888412,0.036082275211811066
3857299,f0c6246b-9d2b-4e06-83b2-2cfbb19d2c21,Clearance,1,0.21302325581395348,0.35972660779953003,0.22381623089313507,0.3509339392185211,0.278329074382782,0.36882683634757996,0.33914715051651
3857299,4fbde7d4-d8af-42f4-a75a-1ea17797dba4,Clearance,0,0.21302325581395348,0.15824297070503235,0.19645778834819794,0.13301043212413788,0.2631380558013916,0.2162216603755951,0.21411216259002686
3857299,054f7094-b0a8-4a63-86c2-98d9d12446d5,Clearance,1,0.21302325581395348,0.3562270402908325,0.4765580892562866,0.4846143126487732,0.5996447801589966,0.6100367307662964,0.5186122059822083
3857299,e912ee4c-6fe9-4d8e-a2b4-ee80ddf87380,Clearance,1,0.21302325581395348,0.27073076367378235,0.41704484820365906,0.5557461380958557,0.4989677667617798,0.5296698212623596,0.5128718018531799
3857299,5018b001-8a05-4f11-a9a5-c60fce40c3a8,Pass,1,0.21302325581395348,0.1731821894645691,0.2727770507335663,0.24755865335464478,0.11805150657892227,0.0647580549120903,0.056859347969293594
3857299,dc07dd67-fdf5-4ec0-be55-7aff865f937a,Clearance,0,0.21302325581395348,0.22958670556545258,0.39756497740745544,0.283836305141449,0.34044063091278076,0.3909488022327423,0.3729611039161682
3857299,fee2f112-fa0a-443d-ae79-811bc3b8b235,Pass,1,0.21302325581395348,0.13759945333003998,0.11285661906003952,0.1618080586194992,0.15430976450443268,0.4189375638961792,0.32047829031944275
3857299,0e73c98f-f390-4299-8e9e-7053bbd415f8,Clearance,0,0.21302325581395348,0.32042714953422546,0.27015015482902527,0.3558139204978943,0.31802210211753845,0.35401520133018494,0.31700050830841064
3857299,cc561914-ace0-4696-bf63-c4c9eb31f508,Clearance,0,0.21302325581395348,0.30317050218582153,0.2540381848812103,0.47881296277046204,0.44566357135772705,0.40252235531806946,0.43772318959236145
3857299,8cfc145e-93cc-4ebb-aa77-9864b9c635ee,Pass,1,0.21302325581395348,0.21463902294635773,0.25711122155189514,0.24109232425689697,0.20312033593654633,0.20512498915195465,0.13238953053951263
3857299,b5892730-92bb-42c4-8001-b11117b203d6,Clearance,0,0.21302325581395348,0.3444877862930298,0.5342338681221008,0.49392983317375183,0.44682905077934265,0.4588567614555359,0.4253603518009186
3857299,1de29ee2-14bb-4322-ac64-4da17c47a5d0,Clearance,0,0.21302325581395348,0.4087555706501007,0.32349660992622375,0.41909244656562805,0.3727770745754242,0.31169798970222473,0.3351535201072693
3857299,08afe059-eac3-4066-8e5e-47cec7e520f0,Pass,0,0.21302325581395348,0.13356521725654602,0.2142404019832611,0.13000814616680145,0.07723727077245712,0.041377607733011246,0.05363951995968819
3857300,dbc24387-7084-4c52-a5e3-ce04447b1db3,Clearance,1,0.2135877152163797,0.2405455857515335,0.3677379786968231,0.3191049098968506,0.38170865178108215,0.44176042079925537,0.4485580623149872
3857300,6a0cb513-da29-46c7-a4ac-bbf52c23e6de,Pass,1,0.2135877152163797,0.188544362783432,0.11485808342695236,0.09051057696342468,0.11257480829954147,0.14794127643108368,0.14759334921836853
3857300,26c77034-7710-473f-ad99-00704989b1b6,Clearance,1,0.2135877152163797,0.20662476122379303,0.40345659852027893,0.45167648792266846,0.4698916971683502,0.3900265097618103,0.4026455581188202
3857300,55d1a500-c0d5-4b5c-87df-ba576ea7fddb,Pass,1,0.2135877152163797,0.15130703151226044,0.13038349151611328,0.2561485767364502,0.08446481823921204,0.03934677690267563,0.018493225798010826
3857300,8a99a590-66ab-4dba-a7b7-88d524b72311,Pass,0,0.2135877152163797,0.14575181901454926,0.26672250032424927,0.20195530354976654,0.13679464161396027,0.08812714368104935,0.09251543134450912
3857300,23049c6e-a15a-4022-92e0-851344e97ef0,Pass,0,0.2135877152163797,0.18388457596302032,0.14226007461547852,0.09962748736143112,0.0955667793750763,0.0190200824290514,0.024814072996377945
3857300,3cc95c58-22b0-45eb-841e-84b5f700fd81,Clearance,0,0.2135877152163797,0.27513185143470764,0.36933135986328125,0.3544982373714447,0.3683495819568634,0.3865032494068146,0.414076566696167
3857300,5c67cc6c-683f-4d95-ba82-e7eed8a171b4,Pass,0,0.2135877152163797,0.1075330525636673,0.15572549402713776,0.09393789619207382,0.07970216125249863,0.03254854679107666,0.01950930804014206
3857300,f0755c91-a25a-4574-be36-4f213c64e68e,Pass,0,0.2135877152163797,0.1965484768152237,0.34658220410346985,0.21792228519916534,0.09734585136175156,0.14536407589912415,0.09765870124101639
3857300,42166441-49e8-4c18-9cf5-23cb6cd18879,Clearance,0,0.2135877152163797,0.24558529257774353,0.18524833023548126,0.21291637420654297,0.20872941613197327,0.19117465615272522,0.2361105978488922
3857300,5faa3868-9aaa-4afb-9eef-7e8ceb975366,Clearance,0,0.2135877152163797,0.25634923577308655,0.12977588176727295,0.11508360505104065,0.14054864645004272,0.18027353286743164,0.21153677999973297
3857301,ea6a3094-680b-4e9d-9ff0-9e86a6857fc0,Pass,0,0.21302325581395348,0.24740555882453918,0.17379318177700043,0.12214474380016327,0.07663033902645111,0.03477618470788002,0.014351188205182552
3857301,842f3b67-b8d2-41d4-b6cc-e467a183c56b,Clearance,0,0.21302325581395348,0.33642229437828064,0.10559743642807007,0.3220556676387787,0.6148368716239929,0.704938530921936,0.6296119689941406
3857301,5b212de8-a2c3-4db5-b2b9-a6dda224a538,Pass,0,0.21302325581395348,0.10736004263162613,0.19659879803657532,0.2859916388988495,0.22318589687347412,0.16807377338409424,0.12703752517700195
3857301,366527a5-b532-4953-8a73-5e8d1d68ec24,Clearance,0,0.21302325581395348,0.2948019206523895,0.21792617440223694,0.18422110378742218,0.23875124752521515,0.28062084317207336,0.2502668797969818
3869117,235bda66-d45c-4ece-afc8-f9ffdf650d48,Pass,0,0.2135877152163797,0.12696047127246857,0.12580476701259613,0.06778156757354736,0.058375436812639236,0.03853800892829895,0.030635355040431023
3869117,6f477c84-c1cf-4382-ae08-2d5cac88cf17,Clearance,0,0.2135877152163797,0.13112467527389526,0.2394554764032364,0.2495424747467041,0.4265287220478058,0.44526559114456177,0.45575013756752014
3869117,1b3b5af5-5f0a-4e50-bbc2-1afebaaa6f8c,Clearance,0,0.2135877152163797,0.0915570929646492,0.10203111171722412,0.13459430634975433,0.43503203988075256,0.4143233299255371,0.45717668533325195
3869117,3d3e0f4e-1d4c-4d80-85ec-be3c9e056c32,Pass,0,0.2135877152163797,0.24937517940998077,0.18482396006584167,0.1315964013338089,0.07901831716299057,0.04008546099066734,0.02999778278172016
3869117,28afe98b-932d-4fb3-af1a-b08f235bc544,Pass,0,0.2135877152163797,0.32747596502304077,0.181477889418602,0.12388789653778076,0.09938159584999084,0.10275480151176453,0.1255808174610138
3869117,b35bc062-a8b9-492f-8f62-a482205ad4fc,Pass,0,0.2135877152163797,0.15512846410274506,0.29657766222953796,0.14444728195667267,0.12383817881345749,0.10802195221185684,0.04667024686932564
3869117,a92d1c0c-9be5-46bc-bb0e-2146561a683f,Pass,0,0.2135877152163797,0.180012509226799,0.1569216400384903,0.1855984628200531,0.12354700267314911,0.13391219079494476,0.07913891971111298
3869117,2d5b9ede-704d-4f40-bf4c-3b4754ca631e,Pass,0,0.2135877152163797,0.10344032198190689,0.07914767414331436,0.04622508957982063,0.034495364874601364,0.03155643865466118,0.050399139523506165
3869117,4fbdc53f-db5f-4994-95f9-07d1b3e14f3c,Pass,0,0.2135877152163797,0.1047593429684639,0.1365678310394287,0.17714646458625793,0.11606263369321823,0.42632925510406494,0.369151771068573
3869117,242e85fa-eccc-4b2b-aa8a-0575ef131073,Clearance,0,0.2135877152163797,0.24266065657138824,0.3107759952545166,0.28771746158599854,0.3151151239871979,0.2909203767776489,0.27542048692703247
3869117,774b4129-8dcb-4cc7-b40e-6305bfcb21da,Pass,0,0.2135877152163797,0.16917823255062103,0.10104956477880478,0.11328597366809845,0.13552825152873993,0.1538173407316208,0.16709646582603455
3869117,46c66a93-f97f-41c9-bf8c-6e9822388804,Pass,0,0.2135877152163797,0.1703149378299713,0.17534039914608002,0.09900977462530136,0.06643553823232651,0.03876339644193649,0.035444069653749466
3869117,a8bd7d84-7a9a-48b0-b998-4e1b2af2ffcb,Pass,0,0.2135877152163797,0.37051284313201904,0.20113150775432587,0.18720446527004242,0.10709141194820404,0.05635569989681244,0.07237254828214645
3869117,1a10cb5a-0c91-4012-aed0-5e2c83c45d88,Clearance,0,0.2135877152163797,0.20297622680664062,0.31722182035446167,0.25787097215652466,0.32047829031944275,0.26891112327575684,0.234938845038414
3869117,c92e9b14-54ed-4e8c-b71d-953a24dddd64,Pass,0,0.2135877152163797,0.30947810411453247,0.29593411087989807,0.3591993451118469,0.31972211599349976,0.11880817264318466,0.08865934610366821
3869118,32751ce2-1bd0-41ae-a4cb-08c4c303b93d,Clearance,0,0.21302325581395348,0.11607175320386887,0.11938774585723877,0.1307615339756012,0.35828039050102234,0.3367024064064026,0.33310753107070923
3869118,a8bdfcd0-d7b9-4543-aea2-88c51a010434,Clearance,0,0.21302325581395348,0.30701637268066406,0.17757607996463776,0.180264413356781,0.2813799977302551,0.22184443473815918,0.27266165614128113
3869118,4fb1288d-179a-47af-a85b-9b871f0f8375,Clearance,0,0.21302325581395348,0.2560606300830841,0.290385365486145,0.27133989334106445,0.42018958926200867,0.39057183265686035,0.37211427092552185
3869118,d1c2807b-8f69-4888-b614-f503a4a75589,Pass,0,0.21302325581395348,0.27580276131629944,0.2823418974876404,0.27736639976501465,0.13334406912326813,0.17983894050121307,0.2539597749710083
3869118,8f559c92-ad81-4613-b3c9-c3d0a4c9fec9,Pass,0,0.21302325581395348,0.07221268117427826,0.07193776220083237,0.039187125861644745,0.059278544038534164,0.024011924862861633,0.019184568896889687
3869118,64ec3243-500b-49ea-82a4-dcfd1f7bf892,Clearance,1,0.21302325581395348,0.14301028847694397,0.33711501955986023,0.44644150137901306,0.7013596296310425,0.732791543006897,0.6174161434173584
3869118,967b5fe1-0dd5-4718-9222-85c5e36ec5a2,Clearance,0,0.21302325581395348,0.25293007493019104,0.16534951329231262,0.2293451726436615,0.3688337802886963,0.36918896436691284,0.34853827953338623
3869118,3f6f57d4-0093-4253-a4db-b3d11cd5f950,Pass,0,0.21302325581395348,0.08081281185150146,0.026334045454859734,0.02181764505803585,0.0179428867995739,0.014491597190499306,0.011772138066589832
3869118,206624d0-5b8d-42fb-a9ba-acaf0d80ff4f,Clearance,0,0.21302325581395348,0.3398485481739044,0.27959778904914856,0.4641510248184204,0.7055386900901794,0.6228318214416504,0.600081205368042
3869151,b836f366-777c-4375-9d29-2782f880f7e1,Clearance,1,0.21288515406162464,0.22731782495975494,0.33725470304489136,0.40272974967956543,0.441647469997406,0.5335238575935364,0.5209818482398987
3869151,dbc23150-eeba-426f-a146-3bfc8064d683,Clearance,0,0.21288515406162464,0.2762737572193146,0.2054016888141632,0.280070036649704,0.35081180930137634,0.38318151235580444,0.30371803045272827
3869151,1ec3c44f-5a39-4bf7-8842-85489bc38bb5,Pass,0,0.21288515406162464,0.271004855632782,0.27816951274871826,0.17412824928760529,0.1366138756275177,0.1191406324505806,0.10297543555498123
3869151,05c11f58-eed3-4b6a-b782-2fa0db00c474,Pass,0,0.21288515406162464,0.18971043825149536,0.11523783206939697,0.11878817528486252,0.12332421541213989,0.06916368752717972,0.04846871644258499
3869151,29a49fa2-5099-4be4-a388-130ebd539d18,Pass,0,0.21288515406162464,0.15116991102695465,0.1569330394268036,0.16547891497612,0.12154906988143921,0.05260192230343819,0.07012543082237244
3869151,c5d6929c-585a-4520-aca0-f6135fc2d7d9,Pass,0,0.21288515406162464,0.11302737891674042,0.07994245737791061,0.07897330075502396,0.10313010215759277,0.057828716933727264,0.07342761754989624
3869151,2bef4e57-48ca-475f-af8f-b160336d00f7,Pass,0,0.21288515406162464,0.2709124982357025,0.26507845520973206,0.2218397706747055,0.1745462864637375,0.14085635542869568,0.11545099318027496
3869151,813bb1e4-0ae0-41c7-ba3c-4c41d9d56ef1,Pass,0,0.21288515406162464,0.09420959651470184,0.1977546066045761,0.2085290253162384,0.16382724046707153,0.09280040860176086,0.14148923754692078
3869151,be6af5ab-9905-450c-82e7-5b5f15f25ddc,Pass,0,0.21288515406162464,0.2563742995262146,0.19720558822155,0.34068456292152405,0.1670040637254715,0.08844765275716782,0.051716193556785583
3869151,108304da-110c-4205-9b81-83341ae684bc,Clearance,0,0.21288515406162464,0.26137974858283997,0.14824455976486206,0.24235031008720398,0.22200259566307068,0.3041718304157257,0.2913907766342163
3869152,42e89997-057f-48d0-8878-b0385adf870e,Clearance,0,0.21302325581395348,0.10652661323547363,0.06650294363498688,0.11412465572357178,0.23201841115951538,0.2795661985874176,0.2955210208892822
3869152,e9113074-9a5a-48ca-bd95-40a10b4179a8,Clearance,0,0.21302325581395348,0.3228920102119446,0.2388511747121811,0.3664258122444153,0.24975170195102692,0.2865043878555298,0.3529016375541687
3869152,fc7aa1a8-5993-47de-aac8-5927c1fcd90f,Pass,0,0.21302325581395348,0.29709360003471375,0.32419297099113464,0.28755271434783936,0.23652631044387817,0.281240314245224,0.06902970373630524
3869152,1aadc307-050a-49cf-9f10-0674aadfef27,Clearance,0,0.21302325581395348,0.2835807204246521,0.1972253918647766,0.18135537207126617,0.2173992246389389,0.16902388632297516,0.19859185814857483
3869152,2ed4857f-f6af-4f42-bd2b-d27e2d188a4f,Pass,0,0.21302325581395348,0.15914765000343323,0.15718252956867218,0.16264653205871582,0.13638007640838623,0.09630441665649414,0.043861690908670425
3869152,20fef869-57ca-487f-b0df-9006230365ac,Clearance,0,0.21302325581395348,0.2690909504890442,0.2586402893066406,0.3394251763820648,0.4038061797618866,0.40834659337997437,0.3470619320869446
3869152,1d3ecfb5-8c79-4164-956e-f6c1adde0e75,Pass,0,0.21302325581395348,0.1992693990468979,0.12672118842601776,0.23829618096351624,0.09076867997646332,0.04603836312890053,0.03147459402680397
3869152,abb0f463-a386-47aa-8006-190b02ffcaf5,Clearance,1,0.21302325581395348,0.19621296226978302,0.07747460156679153,0.15687470138072968,0.3657133877277374,0.3533734381198883,0.39491063356399536
3869152,e0c7c958-f131-4228-b8bc-bcb296afcb5d,Clearance,1,0.21302325581395348,0.2716171145439148,0.37591809034347534,0.34194549918174744,0.41036590933799744,0.37043777108192444,0.4564332067966461
3869152,08f97086-b398-44fa-99b0-3314f3c2481f,Clearance,0,0.21302325581395348,0.1649717092514038,0.09718894213438034,0.09900308400392532,0.2196645587682724,0.21905557811260223,0.21472622454166412
3869152,58d4f80c-cc1d-4b83-be66-ce580621a4fe,Clearance,0,0.21302325581395348,0.30230897665023804,0.27998805046081543,0.279912531375885,0.31218263506889343,0.29868483543395996,0.269925057888031
3869219,720f64db-3244-4565-9aa5-545072dd4635,Clearance,0,0.21288515406162464,0.24046717584133148,0.3732123374938965,0.3602113723754883,0.6513887643814087,0.616191029548645,0.599362313747406
3869219,4d8cac2d-1007-43b4-8887-d9b1bd65d067,Clearance,0,0.21288515406162464,0.23402078449726105,0.3363737463951111,0.2909879982471466,0.20600397884845734,0.3119550943374634,0.3023035526275635
3869219,9cc14ca1-b1fd-4b2e-90cd-99abdb42fe56,Clearance,0,0.21288515406162464,0.22184614837169647,0.12849998474121094,0.1145734041929245,0.15499238669872284,0.21053446829319,0.19921791553497314
3869219,562a9441-3cd5-49e7-adf5-60b27019de8e,Pass,0,0.21288515406162464,0.39015036821365356,0.1028003990650177,0.11993075907230377,0.13197916746139526,0.34600695967674255,0.3604215979576111
3869219,60142ee4-1c32-42e2-861a-87135144d050,Clearance,0,0.21288515406162464,0.29327699542045593,0.2674933075904846,0.22058135271072388,0.18404047191143036,0.18878936767578125,0.1831996589899063
3869219,4d8220b7-4868-41b0-b796-1a3d968cea7c,Pass,0,0.21288515406162464,0.46290862560272217,0.33422181010246277,0.46950551867485046,0.4863643944263458,0.45480766892433167,0.4094429016113281
3869219,a6dae17e-9a5d-4afe-ad16-41eddb3d58d0,Clearance,0,0.21288515406162464,0.3122631907463074,0.18365003168582916,0.21536464989185333,0.2291981428861618,0.21250078082084656,0.20663468539714813
3869219,dc0ad6b8-31f0-44d2-8cb8-b6e8d3b59722,Clearance,1,0.21288515406162464,0.117258720099926,0.1191386803984642,0.16770797967910767,0.36236461997032166,0.352372944355011,0.35652822256088257
3869219,873642d4-4105-4154-a1c6-8dce2f0bbd35,Pass,1,0.21288515406162464,0.17927971482276917,0.1568191945552826,0.1111811175942421,0.08797083050012589,0.03559444472193718,0.0958244726061821
3869219,a7684121-4a9c-4371-b25b-25b0a4d61a32,Clearance,0,0.21288515406162464,0.3029252290725708,0.41171735525131226,0.30687156319618225,0.42820772528648376,0.45657962560653687,0.5080208778381348
3869219,a387cd7d-fb3d-4f4a-9fdd-0af7ff6f4639,Clearance,0,0.21288515406162464,0.27345240116119385,0.18036742508411407,0.1353820115327835,0.18165633082389832,0.19832462072372437,0.19128015637397766
3869219,34a82318-642c-449c-880a-baefa0c80467,Clearance,0,0.21288515406162464,0.2016785442829132,0.20768100023269653,0.15152747929096222,0.38027656078338623,0.40997323393821716,0.41534724831581116
3869219,b9ba5f25-2173-4fb5-82b7-e305be4c2e00,Pass,0,0.21288515406162464,0.13108447194099426,0.06426245719194412,0.05837620794773102,0.05177998170256615,0.056182265281677246,0.10520832985639572
3869219,4978c510-6baa-4d2a-92e2-70207a67577d,Pass,0,0.21288515406162464,0.44008868932724,0.4131902754306793,0.40475916862487793,0.36473971605300903,0.3307710289955139,0.10112827271223068
3869219,f35e7752-668f-48a9-8df5-edd58f2dc186,Pass,0,0.21288515406162464,0.10445307195186615,0.0655088946223259,0.0860103890299797,0.0850118100643158,0.04481302946805954,0.031882286071777344
3869219,31fbaedf-7e1a-4c94-a1d7-2dbdecb94dd4,Pass,0,0.21288515406162464,0.05571410432457924,0.10453709959983826,0.08987786620855331,0.08821655809879303,0.05407288670539856,0.04682788625359535
3869219,dc959415-5404-4127-ac13-f87d268c636e,Pass,0,0.21288515406162464,0.1773127168416977,0.2962353229522705,0.23746120929718018,0.1251850426197052,0.08762016147375107,0.07164006680250168
3869219,cf92334c-1a82-4b2d-a2c2-306c8c637898,Pass,1,0.21288515406162464,0.26286381483078003,0.14151661098003387,0.14905717968940735,0.18791240453720093,0.5268650650978088,0.5682222247123718
3869219,669253ad-5a52-49f8-8699-46e64e8ce3dc,Pass,0,0.21288515406162464,0.08729564398527145,0.12507903575897217,0.22382186353206635,0.10660034418106079,0.03729122132062912,0.019520174711942673
3869219,0058d654-a567-4528-b133-8e6680bc5b1b,Pass,0,0.21288515406162464,0.214021697640419,0.35810357332229614,0.40663382411003113,0.16631895303726196,0.09291849285364151,0.08559025079011917
3869219,6d4d0881-692d-4ea9-906e-23d06f40afd8,Pass,0,0.21288515406162464,0.1023573949933052,0.11736221611499786,0.06951098889112473,0.08051770180463791,0.04284209758043289,0.020714186131954193
3869219,88c3811c-5f02-4a38-b52f-b5a4ced04aa4,Clearance,0,0.21288515406162464,0.28723329305648804,0.1531304270029068,0.11318160593509674,0.11645036190748215,0.11908512562513351,0.11553560942411423
3869219,e7c4c3c3-13a9-4f07-95a6-5fb9bcc80552,Pass,0,0.21288515406162464,0.4553884267807007,0.5371825098991394,0.5425116419792175,0.6006560325622559,0.5206340551376343,0.7499736547470093
3869219,ec2aa708-ae18-4e3b-94ad-ab7316d56162,Clearance,0,0.21288515406162464,0.32699304819107056,0.2572391927242279,0.3279340863227844,0.321685254573822,0.372322142124176,0.38649600744247437
3869219,6dec1285-b6b5-4268-b7c3-f5f106c7b62d,Pass,0,0.21288515406162464,0.08729849755764008,0.12071031332015991,0.2017957717180252,0.09465484321117401,0.34601283073425293,0.4257136285305023
3869219,26c857d3-234c-4e85-b14c-caa68604b089,Pass,0,0.21288515406162464,0.3369626998901367,0.5656052231788635,0.3824034035205841,0.433517187833786,0.4705215096473694,0.29264381527900696
3869219,df760df1-35c6-4cfc-8468-52115d9fff08,Clearance,0,0.21288515406162464,0.3352384865283966,0.4138477146625519,0.48529672622680664,0.4649476110935211,0.42682352662086487,0.45509234070777893
3869220,24ce3698-7d50-4624-92c6-1a826c480e42,Pass,0,0.21302325581395348,0.11067841202020645,0.19927266240119934,0.2608073353767395,0.17798592150211334,0.08633895963430405,0.04708680510520935
3869220,574c9f8e-a2e5-4c80-a2f1-1f1b3537f0bc,Pass,0,0.21302325581395348,0.1581316441297531,0.12280048429965973,0.05548984184861183,0.038864243775606155,0.1433291882276535,0.202472984790802
3869220,3915e97e-8bc9-4d3e-a3e6-c5c4862caf96,Clearance,1,0.21302325581395348,0.15325693786144257,0.3284759223461151,0.2568519711494446,0.3439500629901886,0.29387056827545166,0.2993202209472656
3869220,e136e3f1-a45f-4820-a77e-a8387fd39b1e,Pass,0,0.21302325581395348,0.1334228217601776,0.11868343502283096,0.18409746885299683,0.07043503224849701,0.037187688052654266,0.034505512565374374
3869220,22153b81-e152-4fce-9b50-c9fad9d42790,Pass,0,0.21302325581395348,0.15969476103782654,0.35438793897628784,0.38285398483276367,0.4447728395462036,0.3628809154033661,0.10669438540935516
3869220,01b39a97-7042-4306-84e4-44c5ff46a13e,Pass,0,0.21302325581395348,0.2066013067960739,0.15393511950969696,0.07666473090648651,0.07311885058879852,0.03395929932594299,0.0832735002040863
3869220,92c9cf20-eb80-4c61-a099-8c8211a79ffb,Pass,0,0.21302325581395348,0.2576288878917694,0.09431087970733643,0.14206254482269287,0.09065213799476624,0.043239787220954895,0.026633117347955704
3869220,e674c68d-a7f6-45e2-b3cc-23e5d31533c5,Pass,0,0.21302325581395348,0.1371714323759079,0.10271997004747391,0.08776076138019562,0.09736338257789612,0.04247843474149704,0.03024197742342949
3869253,50ef35a4-0e26-439b-86d2-001a14dcb4e1,Pass,0,0.21288515406162464,0.10226952284574509,0.1214781403541565,0.1290549784898758,0.10298270732164383,0.03702529892325401,0.051149994134902954
3869253,b68c5dc1-3715-4a8d-a0dd-4a9c76f43caa,Pass,0,0.21288515406162464,0.10407353937625885,0.24565254151821136,0.22226595878601074,0.15392057597637177,0.05106152221560478,0.06274829059839249
3869253,2deda279-7f34-4264-803c-c47861bc6dbc,Clearance,0,0.21288515406162464,0.2908482551574707,0.2006652057170868,0.12638232111930847,0.13447119295597076,0.1285669356584549,0.1342921406030655
3869253,503a5be1-0732-430b-847d-8db83fcf59c0,Clearance,0,0.21288515406162464,0.30961933732032776,0.1708434522151947,0.1573931723833084,0.16595621407032013,0.1953553706407547,0.1702406108379364
3869253,e068b374-281f-4056-b458-8ca328ebbf8c,Pass,0,0.21288515406162464,0.14366181194782257,0.28386223316192627,0.4093204438686371,0.238717183470726,0.08660562336444855,0.07967434078454971
3869253,735e827e-ad4d-4a6c-a879-5c8131fd5f37,Pass,0,0.21288515406162464,0.2776530683040619,0.2077595740556717,0.23561425507068634,0.12281835824251175,0.06828060001134872,0.038470398634672165
3869253,eed664c3-ab87-43fd-ad75-c08475e219dd,Pass,0,0.21288515406162464,0.08398980647325516,0.2106592059135437,0.29828396439552307,0.15002992749214172,0.1090129017829895,0.05937550961971283
3869253,d875b6b8-cb4c-4b40-92d8-06d134d33353,Clearance,1,0.21288515406162464,0.2683894634246826,0.46075496077537537,0.4425656497478485,0.612880289554596,0.6031345725059509,0.564317524433136
3869254,a48f8120-f3cd-4551-aa1a-d0934fa7ca83,Clearance,0,0.21378667908709828,0.28129148483276367,0.26246675848960876,0.3477528691291809,0.3684528172016144,0.37277984619140625,0.39443615078926086
3869254,0e007f2f-e88a-432d-81d7-c4d13741a227,Pass,0,0.21378667908709828,0.07051484286785126,0.17658230662345886,0.12645971775054932,0.09280634671449661,0.04086298868060112,0.03166180104017258
3869254,0c1dd981-395c-493e-a107-36cb9c6a9e9c,Pass,0,0.21378667908709828,0.22237662971019745,0.15987470746040344,0.20735447108745575,0.09137881547212601,0.07614019513130188,0.08304233849048615
3869254,9e65cc2f-ab78-40d7-b94f-d0e0fe5a623c,Pass,0,0.21378667908709828,0.16696621477603912,0.14669200778007507,0.17825165390968323,0.1835971623659134,0.29236888885498047,0.3236297369003296
3869254,4038853d-9264-4ffb-8ee6-3246c6dacd48,Pass,0,0.21378667908709828,0.17181339859962463,0.1609082818031311,0.10903080552816391,0.10606206953525543,0.06692467629909515,0.033543750643730164
3869254,d80f4cf5-fd92-4810-9161-fcb9d8898a02,Clearance,0,0.21378667908709828,0.2816748321056366,0.08787378668785095,0.10796838253736496,0.1762223243713379,0.18435630202293396,0.1489931344985962
3869254,8a3bfcdd-ce5a-46a7-8fb5-22a7dea6a132,Pass,0,0.21378667908709828,0.20280253887176514,0.12084431201219559,0.1645326018333435,0.05878204479813576,0.10234914720058441,0.1014799103140831
3869254,af70c018-2b33-49bb-aea2-7b26a44a5adf,Pass,0,0.21378667908709828,0.21486268937587738,0.2682616114616394,0.25877660512924194,0.17477542161941528,0.15091639757156372,0.10196605324745178
3869254,c3768cbb-9ed6-4693-a875-6f64933a912e,Clearance,1,0.21378667908709828,0.09512383490800858,0.09426258504390717,0.13772988319396973,0.3923850357532501,0.45966678857803345,0.4074423909187317
3869254,0dec225a-db58-47c8-863e-c06c13a7faf5,Clearance,0,0.21378667908709828,0.229676753282547,0.2924797832965851,0.21229201555252075,0.3659808039665222,0.34807243943214417,0.399097740650177
3869254,5a2e06a0-d2f1-4878-8ff2-0138865cbbb7,Pass,0,0.21378667908709828,0.12773042917251587,0.17942070960998535,0.07599082589149475,0.03645931929349899,0.032915566116571426,0.02904745563864708
3869321,0bdebc81-7ce5-45e4-838b-e343005a298b,Pass,1,0.2126865671641791,0.16193805634975433,0.08641630411148071,0.11993300914764404,0.07794618606567383,0.03255287930369377,0.058605797588825226
3869321,8be4cf4c-1219-448a-8d54-a22a92023ec1,Clearance,0,0.2126865671641791,0.4101848602294922,0.45312049984931946,0.4872092008590698,0.5109644532203674,0.4768133759498596,0.46080052852630615
3869321,5b94f481-b986-410e-9eef-53f366eb0c63,Pass,0,0.2126865671641791,0.19972655177116394,0.09850272536277771,0.1324697732925415,0.06473725289106369,0.14356927573680878,0.2457038313150406
3869321,f9389d64-eece-4833-b27c-5a5c3e24baa4,Pass,0,0.2126865671641791,0.27432578802108765,0.15332141518592834,0.12712320685386658,0.06513512879610062,0.02388760633766651,0.02468205615878105
3869321,abe5f41b-1b9a-4d1a-bce0-9bd1667d5116,Clearance,0,0.2126865671641791,0.1459379941225052,0.23201638460159302,0.17754682898521423,0.3480176627635956,0.3764822781085968,0.4172093868255615
3869321,2402aca5-0e64-44ef-9869-111a4d905d56,Pass,0,0.2126865671641791,0.1208261251449585,0.1126689612865448,0.07735797017812729,0.07067634165287018,0.049520380795001984,0.03908140957355499
3869321,82ce5c73-6304-4bc8-a0d7-1db46232ef78,Pass,0,0.2126865671641791,0.14581529796123505,0.11925666034221649,0.09772046655416489,0.07208660244941711,0.031688813120126724,0.03263143077492714
3869321,2eaf72c2-5e19-4466-ae87-cc5ba9e5ae9a,Clearance,0,0.2126865671641791,0.23453783988952637,0.3525397479534149,0.248529314994812,0.332847535610199,0.38218411803245544,0.38608330488204956
3869321,abc10a72-8b9e-4fc6-b8cf-931f452bbe31,Pass,0,0.2126865671641791,0.11072950810194016,0.12081088125705719,0.1565317064523697,0.12128188461065292,0.05859844386577606,0.06785178929567337
3869321,8848e6ee-6d35-4b95-8aa6-08030e6fe9f6,Clearance,0,0.2126865671641791,0.16496999561786652,0.13859738409519196,0.13581421971321106,0.17067372798919678,0.15950816869735718,0.1361972689628601
3869321,d9f61d39-c871-4e70-a66f-80f4109aeff0,Pass,0,0.2126865671641791,0.13588577508926392,0.12511704862117767,0.07137748599052429,0.08829435706138611,0.05871344730257988,0.048306796699762344
3869321,34500e95-8d8b-4c43-95c0-3a5c5d2d6af6,Clearance,1,0.2126865671641791,0.16558584570884705,0.14377139508724213,0.15655507147312164,0.36463814973831177,0.3389453887939453,0.3917815387248993
3869321,4b846980-047c-4ca4-8d3e-d20f8d38460a,Pass,0,0.2126865671641791,0.11075358092784882,0.2003154307603836,0.10721056163311005,0.13806581497192383,0.07574015110731125,0.061638157814741135
3869321,47263558-db68-4433-914e-99b6e36c84dc,Pass,1,0.2126865671641791,0.11127307265996933,0.12141397595405579,0.1581883430480957,0.154892697930336,0.1586344689130783,0.1492910534143448
3869321,eee191e9-df86-4fec-9bd2-8da1c1f0ddec,Clearance,1,0.2126865671641791,0.31296104192733765,0.22064706683158875,0.2304985672235489,0.22653216123580933,0.15731701254844666,0.2197096198797226
3869354,e8615146-b8a3-491d-af67-c47358de9ba8,Clearance,1,0.21288515406162464,0.34811830520629883,0.31392741203308105,0.27167725563049316,0.29920291900634766,0.2544177770614624,0.31945887207984924
3869354,047e3d64-c1d3-4f91-9a27-d1e817f0837f,Pass,0,0.21288515406162464,0.14729072153568268,0.192190021276474,0.15811865031719208,0.07023216784000397,0.03717288002371788,0.04643797501921654
3869354,e20314ce-04eb-4cd9-a4e8-d7c3a7d22919,Pass,0,0.21288515406162464,0.12611231207847595,0.2157486528158188,0.2151002734899521,0.18744511902332306,0.6267359852790833,0.6527670621871948
3869354,144fbb92-4f04-466e-a7cd-3488f633b5d7,Clearance,1,0.21288515406162464,0.1873568445444107,0.22645333409309387,0.20906704664230347,0.14062261581420898,0.20081885159015656,0.17653223872184753
3869354,ddf656e0-37c7-42a9-96b3-3ed3a6825fc8,Pass,0,0.21288515406162464,0.32358577847480774,0.10692287236452103,0.1628011167049408,0.04947170615196228,0.02673104777932167,0.021746452897787094
3869354,30e5fc4e-0f2b-4305-ae77-09622cd214e8,Pass,0,0.21288515406162464,0.08884500712156296,0.16763374209403992,0.14159606397151947,0.08508989214897156,0.04615607485175133,0.020401958376169205
3869354,a829f868-0252-4e9e-ba76-22fdb2d092ff,Pass,0,0.21288515406162464,0.12259682267904282,0.23622308671474457,0.20411354303359985,0.07053966820240021,0.09766983240842819,0.12088415771722794
3869354,41840bf0-baca-4aea-84ec-beba00b2ae04,Pass,0,0.21288515406162464,0.11229448020458221,0.07578153163194656,0.08502119034528732,0.06908293068408966,0.09104751795530319,0.03748335689306259
3869354,ac6c987b-44a2-46c5-b607-515e3031e8d8,Pass,0,0.21288515406162464,0.2495652288198471,0.2404099702835083,0.4437673091888428,0.13756178319454193,0.10991983860731125,0.0912211537361145
3869354,db05188f-08db-4d26-91ab-71dd97eed4a6,Pass,0,0.21288515406162464,0.10172533243894577,0.09630852192640305,0.10282176733016968,0.08363209664821625,0.04481586441397667,0.03157128393650055
3869354,1e4799f5-43ce-4da3-97f6-09a55d88bd4a,Pass,0,0.21288515406162464,0.2519587576389313,0.2809475064277649,0.3818718194961548,0.15745510160923004,0.0916215032339096,0.1558845490217209
3869354,e8546380-a578-4a20-b11a-aad4c5726170,Pass,0,0.21288515406162464,0.17113417387008667,0.13724765181541443,0.163777694106102,0.13572506606578827,0.06607165187597275,0.09669871628284454
3869354,7ae9c17c-f058-4143-9a17-4dcfbe8267ee,Pass,1,0.21288515406162464,0.3553854525089264,0.23971210420131683,0.23163160681724548,0.21840237081050873,0.1551658809185028,0.07237112522125244
3869354,341a1fb3-c9e9-4fde-a4c3-b97a3e77ead8,Pass,0,0.21288515406162464,0.1037694439291954,0.14618965983390808,0.09304209053516388,0.07461485266685486,0.024577001109719276,0.022289324551820755
3869354,287e83dc-8fb6-4d04-b605-e5073c3c84f2,Pass,0,0.21288515406162464,0.3662574291229248,0.19856645166873932,0.2430577129125595,0.09687971323728561,0.07362475991249084,0.24354597926139832
3869354,630410f7-67f6-4be9-b48b-9bb9912763ca,Pass,0,0.21288515406162464,0.15368936955928802,0.22628584504127502,0.16966745257377625,0.1805909425020218,0.09969277679920197,0.1295582801103592
3869354,f6b38931-aba7-40c7-ac88-c85505807812,Pass,0,0.21288515406162464,0.3649989366531372,0.3945530354976654,0.381976455450058,0.16030986607074738,0.05902223289012909,0.11620484292507172
3869354,8d566bd3-ace0-4813-878d-abaeb5c5730f,Pass,0,0.21288515406162464,0.3208102583885193,0.2744458317756653,0.19571512937545776,0.18737831711769104,0.2317826747894287,0.26173946261405945
3869420,d5369ae8-7a8a-4e85-8679-1f6ca3de818e,Pass,0,0.21302325581395348,0.062058836221694946,0.037685055285692215,0.038398321717977524,0.05196539685130119,0.038696903735399246,0.02898426726460457
3869420,188acbac-c604-4a35-83a8-91c2465c98d2,Pass,0,0.21302325581395348,0.2007104456424713,0.2832050621509552,0.280072957277298,0.11039423197507858,0.0922086089849472,0.06925530731678009
3869420,8bf9fb29-7574-4520-a433-18ac599d63b4,Pass,0,0.21302325581395348,0.1368655413389206,0.07736723124980927,0.03773290663957596,0.03229846432805061,0.024514608085155487,0.029738424345850945
3869420,8f66b65d-cd63-4ca7-bd55-12c26f75fe15,Pass,0,0.21302325581395348,0.15743708610534668,0.0860305204987526,0.16817158460617065,0.10308313369750977,0.06015476584434509,0.06130754202604294
3869420,bbf3b207-095a-48fd-a440-76ffddd1dbfa,Pass,0,0.21302325581395348,0.2107737958431244,0.26942211389541626,0.2542102634906769,0.09488604217767715,0.05529732629656792,0.022062525153160095
3869420,946d168a-14b7-4c67-9fbb-ebd9bbf7d8cb,Clearance,0,0.21302325581395348,0.2885434627532959,0.43545767664909363,0.5111709833145142,0.4906669557094574,0.5262904763221741,0.4981377124786377
3869420,b27ab156-21d3-4636-a2dc-333ff07d1589,Clearance,1,0.21302325581395348,0.1991785615682602,0.3258160352706909,0.4661165475845337,0.3797588050365448,0.35827070474624634,0.3695724606513977
3869420,1a36dd14-067c-4a47-b50b-e32212af19a0,Clearance,1,0.21302325581395348,0.2580137252807617,0.20894038677215576,0.191803440451622,0.25573477149009705,0.28341495990753174,0.2916436791419983
3869420,56b897db-2e51-45ef-a833-cb8df3510dc8,Clearance,0,0.21302325581395348,0.3101016879081726,0.36283937096595764,0.32175150513648987,0.22780951857566833,0.316084623336792,0.31452539563179016
3869486,e857db7f-85ae-45e4-9539-23963b8c8ed2,Pass,0,0.21302325581395348,0.062058836221694946,0.11804231256246567,0.0925619974732399,0.11696398258209229,0.3058086931705475,0.2787969410419464
3869486,5566e6be-63e1-447d-9637-709b643ab7f0,Pass,1,0.21302325581395348,0.36521902680397034,0.3389313817024231,0.29831668734550476,0.31074824929237366,0.2677885591983795,0.4081340730190277
3869486,30d5a259-9769-4376-89fc-2fadd52818d0,Pass,1,0.21302325581395348,0.2539215385913849,0.36969679594039917,0.23447175323963165,0.05482110008597374,0.04278891161084175,0.03326953947544098
3869486,9cf4c1a7-beff-4b2b-97eb-acb4857dd9a7,Pass,0,0.21302325581395348,0.23365455865859985,0.0625084638595581,0.06837116181850433,0.06530654430389404,0.026875777170062065,0.14479389786720276
3869486,e6dc7d8a-d75f-4049-8284-1bffdff679b4,Clearance,0,0.21302325581395348,0.4040895104408264,0.3686976730823517,0.32544198632240295,0.2913527190685272,0.2717495560646057,0.22140781581401825
3869486,fac77a70-7fbe-4aa4-9897-82fae69764a8,Pass,0,0.21302325581395348,0.07025770097970963,0.06303853541612625,0.051598869264125824,0.06821530312299728,0.033816177397966385,0.0471239872276783
3869486,a7d097c5-3625-4610-8434-55b31cf1ab08,Pass,0,0.21302325581395348,0.22685058414936066,0.3157256543636322,0.1441955417394638,0.11821909993886948,0.052723478525877,0.049223776906728745
3869486,18b6c3c4-0ed6-4f97-882f-442de5d14e2e,Pass,0,0.21302325581395348,0.24428753554821014,0.2564646601676941,0.13984274864196777,0.06765349209308624,0.025001179426908493,0.0185549259185791
3869486,6490381f-411a-484c-b0e7-fb885d1324d7,Pass,0,0.21302325581395348,0.0872044712305069,0.05000798776745796,0.050960179418325424,0.05622198432683945,0.03032821975648403,0.022500820457935333
3869486,1426c2a8-4529-4392-9f15-3a714fe07ba5,Clearance,0,0.21302325581395348,0.27718544006347656,0.2593185603618622,0.3089010715484619,0.43581143021583557,0.37133949995040894,0.4170590937137604
3869486,2cb0ee91-5ad9-4409-833e-a0d2d6e52be5,Pass,0,0.21302325581395348,0.16059307754039764,0.10036183893680573,0.07286548614501953,0.07229345291852951,0.03179759532213211,0.022785916924476624
3869519,c520c2ef-6d95-4115-aa6f-36b706e88acd,Pass,0,0.21302325581395348,0.28093260526657104,0.2486468255519867,0.2272614687681198,0.08338586986064911,0.039831049740314484,0.04705014079809189
3869519,068513e5-6ac2-4d8d-a00d-cead88217cf8,Pass,0,0.21302325581395348,0.13673758506774902,0.15997865796089172,0.23994699120521545,0.21532820165157318,0.08238890022039413,0.13331209123134613
3869519,9b22def3-10ce-47be-a585-3045ac117516,Clearance,1,0.21302325581395348,0.33928945660591125,0.409183144569397,0.3893129229545593,0.34464752674102783,0.35810163617134094,0.4157125949859619
3869519,6fad1ddd-bd29-40bb-ab02-3c0695763040,Clearance,0,0.21302325581395348,0.19527526199817657,0.35131970047950745,0.45178839564323425,0.49138325452804565,0.6127867102622986,0.5342609286308289
3869519,4280aea6-11b3-4d7e-a659-49d748344b23,Pass,0,0.21302325581395348,0.05859001353383064,0.06392291188240051,0.06615381687879562,0.09881582856178284,0.05788661539554596,0.034960899502038956
3869519,f39e843a-ee80-4254-a6d0-246fd0411152,Clearance,0,0.21302325581395348,0.2649020254611969,0.19794662296772003,0.16276958584785461,0.14415998756885529,0.2139936238527298,0.2683558464050293
3869552,8239afe2-d435-420e-a41e-cff46a6a7ec3,Clearance,1,0.21378667908709828,0.26731154322624207,0.32463282346725464,0.4668090045452118,0.43184730410575867,0.5000281929969788,0.4879644215106964
3869552,cc3a011b-6742-4df2-a6da-8c06fd29ae27,Pass,0,0.21378667908709828,0.14949548244476318,0.13400650024414062,0.09278450906276703,0.06657847762107849,0.04363270476460457,0.029687633737921715
3869552,fc1ff593-1181-403f-82d7-a14bcf5ab6bb,Pass,0,0.21378667908709828,0.23156461119651794,0.52428138256073,0.35359880328178406,0.14232295751571655,0.11492270231246948,0.08248836547136307
3869552,d54ed379-6fd2-4ad7-8401-bdad31e18c0e,Clearance,1,0.21378667908709828,0.18575726449489594,0.22735001146793365,0.38901466131210327,0.543022096157074,0.5176066756248474,0.5601485967636108
3869552,4f953f2e-65a2-4a04-b416-ea50abed6a59,Clearance,1,0.21378667908709828,0.18709303438663483,0.6061117649078369,0.5497052669525146,0.48378872871398926,0.54518723487854,0.48509156703948975
3869552,b9499a7b-3d27-439b-a59e-976d038e3c36,Pass,0,0.21378667908709828,0.11729177087545395,0.15525464713573456,0.1762472689151764,0.08545321971178055,0.07235370576381683,0.0554642416536808
3869552,83ba0aef-ca0e-44e3-ac66-6d634c2601f1,Pass,0,0.21378667908709828,0.11475451290607452,0.11944566667079926,0.04433745890855789,0.03761208802461624,0.01806393824517727,0.011938887648284435
3869552,435ed373-6698-401a-bf51-a856e1adf3f0,Pass,0,0.21378667908709828,0.06966415047645569,0.06974109262228012,0.0694621354341507,0.0928443893790245,0.10395529121160507,0.07904047518968582
3869552,bd295f0c-b8ff-4f38-a362-d7c5858c42fe,Clearance,0,0.21378667908709828,0.19178323447704315,0.31179505586624146,0.36811473965644836,0.5477635860443115,0.5642135143280029,0.5705171227455139
3869552,536501ec-0822-47bc-af78-73989cda77fb,Clearance,1,0.21378667908709828,0.26054513454437256,0.37759336829185486,0.4238384962081909,0.5641220211982727,0.606435239315033,0.5751541256904602
3869684,b2570717-89e3-4066-a789-5c1b44cb2ea4,Clearance,0,0.2135877152163797,0.23838722705841064,0.2520810067653656,0.19386433064937592,0.1815340667963028,0.18649058043956757,0.22193320095539093
3869684,eb5fcdd5-a3b4-4a88-9b3e-877e9f2b0910,Clearance,1,0.2135877152163797,0.16811668872833252,0.2031840682029724,0.1655922532081604,0.3683869540691376,0.3969072997570038,0.38020119071006775
3869684,76cab884-c51d-44b3-ab83-a90fb8c6cd81,Clearance,0,0.2135877152163797,0.212022602558136,0.28618910908699036,0.23960211873054504,0.3221626877784729,0.34328335523605347,0.381324827671051
3869684,8ec8d9a2-db27-4a58-aea0-f0ad402b04a7,Clearance,1,0.2135877152163797,0.1756623536348343,0.18431974947452545,0.30406832695007324,0.42367470264434814,0.404545396566391,0.4463767409324646
3869684,932e2dd2-f791-4b3a-ba14-d456124aadff,Pass,0,0.2135877152163797,0.07051914185285568,0.06442257761955261,0.07786405086517334,0.06449306011199951,0.03889335319399834,0.02495078556239605
3869684,0222761a-240e-4eba-a797-c5719b023c1c,Pass,0,0.2135877152163797,0.09556388854980469,0.04467398300766945,0.03993004932999611,0.04876445233821869,0.027297871187329292,0.024284252896904945
3869684,885bfd8f-f6a7-4c98-929d-b353c03c76a7,Clearance,0,0.2135877152163797,0.2035496085882187,0.24537837505340576,0.33109545707702637,0.28240299224853516,0.22069717943668365,0.24129840731620789
3869684,2d4242c8-85fc-4d55-a103-969206b81f82,Pass,0,0.2135877152163797,0.1094883531332016,0.08441873639822006,0.08394918590784073,0.11112060397863388,0.036480147391557693,0.046228449791669846
3869684,3dd00261-a86f-4358-89ec-f4a19aa6e1f2,Pass,0,0.2135877152163797,0.12445101886987686,0.13083073496818542,0.1091051995754242,0.12148000299930573,0.058595672249794006,0.049316514283418655
3869685,4a9bb124-9586-47b9-91ea-f36b8f84fbd0,Pass,0,0.21302325581395348,0.06096770614385605,0.042068373411893845,0.06418751180171967,0.06117572262883186,0.03459832817316055,0.0578545443713665
3869685,2f828f48-9e9f-4305-9dde-8a20ba48391d,Pass,0,0.21302325581395348,0.2897157073020935,0.23907242715358734,0.17782729864120483,0.09028800576925278,0.029619649052619934,0.04942220821976662
3869685,a13637f8-0311-41c1-a5e0-043a5d7539f2,Pass,1,0.21302325581395348,0.1395939141511917,0.044432006776332855,0.07890976965427399,0.060189928859472275,0.11118120700120926,0.1387140452861786
3869685,a2890655-03a2-4098-b820-03133790f716,Pass,0,0.21302325581395348,0.24471023678779602,0.5467090606689453,0.43465739488601685,0.20000284910202026,0.061066512018442154,0.05601463094353676
3869685,f6facad1-92eb-4fa8-95cd-1aa1f20bec49,Pass,0,0.21302325581395348,0.2312808632850647,0.1066770926117897,0.07633739709854126,0.0779920220375061,0.06569978594779968,0.049379587173461914
3869685,974a316a-e759-4389-8eb3-ae7c7fc37c4f,Pass,0,0.21302325581395348,0.30092349648475647,0.2634008228778839,0.17622843384742737,0.19893400371074677,0.19504591822624207,0.1164107471704483
3869685,23b5f45d-7557-46df-9be0-7bf98e232b97,Pass,0,0.21302325581395348,0.15243737399578094,0.2562416195869446,0.20325642824172974,0.1567085087299347,0.07224082946777344,0.07676911354064941
3869685,472c13d2-1d5c-403d-8d40-422df81964d8,Pass,0,0.21302325581395348,0.20964264869689941,0.14229018986225128,0.21901586651802063,0.09244827926158905,0.059728916734457016,0.03451157361268997
3869685,d025f93d-7829-442e-9df3-4450bd0b487e,Pass,0,0.21302325581395348,0.24108149111270905,0.18949852883815765,0.3446939289569855,0.14240998029708862,0.08558674156665802,0.032595328986644745
3869685,61e41a6a-9bc5-4f55-966f-bc7d14496bf3,Pass,0,0.21302325581395348,0.1341107338666916,0.18378394842147827,0.22343474626541138,0.13710302114486694,0.09822040796279907,0.03682341054081917
3869685,d98e3862-2d25-4b7c-92e7-0eeb3525a6e9,Pass,0,0.21302325581395348,0.07823318988084793,0.12003803253173828,0.11697692424058914,0.11004206538200378,0.07064708322286606,0.06766242533922195
3869685,8dcd6421-1848-4935-ae2e-a355ca7491b0,Pass,1,0.21302325581395348,0.3214944899082184,0.4570179283618927,0.40708497166633606,0.43709444999694824,0.3583718240261078,0.18447814881801605
3869685,c8097998-0708-4718-8d1f-f35f045f916c,Clearance,1,0.21302325581395348,0.3586772084236145,0.3561748266220093,0.43737947940826416,0.4308025538921356,0.4533231854438782,0.3872009217739105
3869685,45809e76-264f-4355-9afe-404e59110c66,Pass,0,0.21302325581395348,0.38351336121559143,0.45841652154922485,0.2982131540775299,0.36926358938217163,0.29537850618362427,0.5955451130867004
3869685,01c6e5ae-c1bd-40ff-bfb1-e03d6b3f751d,Pass,0,0.21302325581395348,0.052484575659036636,0.07036630064249039,0.07882006466388702,0.06838078051805496,0.03813692927360535,0.07865142077207565
3869685,8f2f8b79-9f53-434c-9489-75053b94de4d,Clearance,0,0.21302325581395348,0.20744742453098297,0.09602516144514084,0.09901713579893112,0.12392360717058182,0.15125179290771484,0.13290980458259583
3869685,c33ce821-3746-4c39-8550-9684e066f61a,Clearance,0,0.21302325581395348,0.2551942765712738,0.17620132863521576,0.23080159723758698,0.24349041283130646,0.28447777032852173,0.32667437195777893
3869685,d8d81581-599b-4e57-9126-234b4f8fe5ac,Clearance,0,0.21302325581395348,0.2177160531282425,0.16002631187438965,0.09452568739652634,0.12129437178373337,0.11435507237911224,0.13627319037914276
3877060,681cd5a4-5494-4bd3-b533-c1d7519b2a2e,Pass,0,0.21302325581395348,0.28431180119514465,0.2860212028026581,0.4157748222351074,0.20873720943927765,0.07921691238880157,0.05244580656290054
3877060,a6839ab7-3e0a-4b32-b04e-9ce367c15fb0,Clearance,0,0.21302325581395348,0.34782013297080994,0.26052916049957275,0.23477761447429657,0.21985362470149994,0.24281682074069977,0.2213069200515747
3877060,5b944b2a-78dc-4ed2-bc5d-bde7495a4f5a,Pass,1,0.21302325581395348,0.07796493917703629,0.1341480165719986,0.19880908727645874,0.11975555121898651,0.06582135707139969,0.05454002693295479
3877060,04189262-0a3b-475c-a815-eb46e649c0bd,Pass,0,0.21302325581395348,0.056572459638118744,0.11570040881633759,0.07479614019393921,0.07764169573783875,0.049723539501428604,0.066380076110363
3877060,be938d86-49f7-4d45-8693-db42682113d6,Pass,0,0.21302325581395348,0.15125909447669983,0.18434563279151917,0.1262989342212677,0.061896611005067825,0.13135746121406555,0.0871284157037735
3877072,13625adf-7d4e-4a65-918c-a114838dcaa9,Clearance,0,0.21288515406162464,0.1839941293001175,0.17456868290901184,0.0954747423529625,0.18019679188728333,0.1959182322025299,0.22964423894882202
3877072,f3fec1ae-388b-4a1b-a675-32d5b38e1742,Pass,0,0.21288515406162464,0.12146404385566711,0.2267143875360489,0.15650366246700287,0.09811165928840637,0.5401933789253235,0.2601211667060852
3877072,61bf980f-09ee-45f7-9046-67df111efe77,Pass,0,0.21288515406162464,0.1399868130683899,0.061248842626810074,0.052839312702417374,0.05801774933934212,0.025590205565094948,0.01950542815029621
3877072,5cb948bc-4d7b-4a95-868c-6bfff91c3018,Pass,0,0.21288515406162464,0.1014261245727539,0.09581414610147476,0.06340841203927994,0.07281525433063507,0.03468092530965805,0.016804009675979614
3877072,0dedd4e6-bf99-4e6d-9359-cb0eb362e50b,Pass,0,0.21288515406162464,0.16766145825386047,0.15854711830615997,0.17500415444374084,0.08523266017436981,0.18743062019348145,0.28025323152542114
3877090,7884ce1f-53f2-4143-97c6-607d876c1b95,Clearance,0,0.21378667908709828,0.34819120168685913,0.27423956990242004,0.2818525433540344,0.421501487493515,0.46692249178886414,0.4386974573135376
3877090,5c0be0cc-6acb-410a-98bd-982a756c4e70,Pass,1,0.21378667908709828,0.22527559101581573,0.09518151730298996,0.08647606521844864,0.05792587995529175,0.04388953745365143,0.03383728489279747
3877090,bda0c30a-507a-455e-a50b-2e4c3cf355ab,Pass,0,0.21378667908709828,0.15989477932453156,0.10889383405447006,0.1310507357120514,0.12806430459022522,0.09076250344514847,0.031386978924274445
3877090,c4688711-42c6-4385-a44f-bbb51d477777,Pass,0,0.21378667908709828,0.2704053521156311,0.25417909026145935,0.21115195751190186,0.1145961657166481,0.05733601748943329,0.1017042025923729
3877090,54b60497-d690-4053-bf65-f931cbc6345b,Pass,0,0.21378667908709828,0.2521129846572876,0.11947228759527206,0.09250397980213165,0.05963144451379776,0.13965201377868652,0.10386563092470169
3877090,44e60faa-0917-46d4-94c1-3a03ed969652,Clearance,0,0.21378667908709828,0.4402243196964264,0.3303201496601105,0.4788447916507721,0.34468644857406616,0.3652723431587219,0.4036560356616974
3895052,5bc87cbd-db36-4bd5-a4d7-c07ed5435238,Clearance,1,0.21288515406162464,0.20805983245372772,0.1005241870880127,0.07797789573669434,0.15296149253845215,0.17764320969581604,0.19399084150791168
3895052,14022cd3-9728-4cd7-98bf-0f2f9d427d25,Pass,1,0.21288515406162464,0.13688182830810547,0.3274689018726349,0.2506508231163025,0.20593950152397156,0.09219849854707718,0.08659256994724274
3895052,1e3d2cbf-b9a0-43fb-9835-69821e6187af,Clearance,1,0.21288515406162464,0.23932982981204987,0.10243117809295654,0.16640914976596832,0.3491777181625366,0.34704840183258057,0.32157963514328003
3895052,12032632-440e-43e3-b77c-4d1b637d223e,Pass,0,0.21288515406162464,0.10376518964767456,0.12546075880527496,0.09173530340194702,0.07212187349796295,0.04066658392548561,0.020924117416143417
3895052,721dbf0c-a4a6-477b-aeeb-7a35b74ea48d,Clearance,0,0.21288515406162464,0.16830024123191833,0.09844136983156204,0.11110171675682068,0.19435040652751923,0.1798403263092041,0.19834665954113007
3895052,fee18b35-b7e9-4b88-becc-ffe086391ed2,Clearance,1,0.21288515406162464,0.1873175948858261,0.14640434086322784,0.05455796420574188,0.14189837872982025,0.14304567873477936,0.13433459401130676
3895052,a8aa1263-3b1e-4640-89e7-434c09d27f53,Pass,0,0.21288515406162464,0.10621532052755356,0.27384844422340393,0.21666386723518372,0.07834198325872421,0.03629867359995842,0.06491582840681076
3895052,87adc7d5-af93-461c-8e37-44fb0e8dd4ae,Clearance,1,0.21288515406162464,0.19763223826885223,0.1466449499130249,0.20890069007873535,0.23657363653182983,0.2817487418651581,0.25681808590888977
3895052,aa159657-303f-469b-bf5f-6995d7849a0f,Pass,0,0.21288515406162464,0.1771886646747589,0.30890992283821106,0.3109741806983948,0.17611931264400482,0.0872158333659172,0.09141764044761658
3895060,2da5d3ff-deec-4d16-b866-8a7d1fbb93e9,Clearance,0,0.2135877152163797,0.22625815868377686,0.20569178462028503,0.13604505360126495,0.28753170371055603,0.2947291433811188,0.33148521184921265
3895060,d0c874f5-c964-4141-8b5a-b4603dc98153,Pass,0,0.2135877152163797,0.22569184005260468,0.1900632381439209,0.1627688705921173,0.15185901522636414,0.21083472669124603,0.27251553535461426
3895060,adc6b847-abc1-4e9e-a5a6-ad44f825f339,Clearance,0,0.2135877152163797,0.4240560531616211,0.11054708063602448,0.14147786796092987,0.11549653857946396,0.1145266741514206,0.12990707159042358
3895060,82660486-852c-4364-a51f-2391d50fa19c,Pass,0,0.2135877152163797,0.15576250851154327,0.05158546566963196,0.03824572637677193,0.036940377205610275,0.020534494891762733,0.014813830144703388
3895060,89be9981-038a-4943-83fc-9fa363d16c17,Pass,1,0.2135877152163797,0.15654560923576355,0.09841660410165787,0.07069066911935806,0.05106021836400032,0.03042731061577797,0.047818057239055634
3895060,e7cdba66-17bb-4b20-b6b5-bb88749b2cf6,Pass,0,0.2135877152163797,0.07554348558187485,0.1084967777132988,0.15692152082920074,0.09390544891357422,0.09981841593980789,0.1408529430627823
3895060,7b27d54d-2844-4a7d-b66b-5f11e720c9b3,Clearance,0,0.2135877152163797,0.43788081407546997,0.4906769394874573,0.3642454445362091,0.387857586145401,0.3397941589355469,0.37887829542160034
3895060,114f7913-a9e1-4102-90fd-82354bb18142,Clearance,0,0.2135877152163797,0.2633485496044159,0.19023673236370087,0.2091531604528427,0.1808844655752182,0.14059698581695557,0.19167831540107727
3895067,c8095c62-7453-463a-8f11-f45a07e2d6a1,Pass,0,0.21288515406162464,0.133774071931839,0.09714540094137192,0.06753920018672943,0.050978537648916245,0.04230609908699989,0.03025662712752819
3895067,d53c3462-aa56-4d95-ab95-6ee2d4f78636,Pass,0,0.21288515406162464,0.16923297941684723,0.09094440937042236,0.06843000650405884,0.06997112929821014,0.08425113558769226,0.051032185554504395
3895067,52986c02-91fb-42f4-b028-11b2249bc4c3,Clearance,0,0.21288515406162464,0.208590567111969,0.1631825715303421,0.15053659677505493,0.1489376276731491,0.14134526252746582,0.16390496492385864
3895067,9336ebff-4431-482f-82f1-87c0b5d537d6,Clearance,1,0.21288515406162464,0.20050184428691864,0.1285141557455063,0.18742269277572632,0.3154068887233734,0.34245237708091736,0.3396938741207123
3895067,197b6b1c-7042-4533-88e8-5925aa9009b7,Pass,0,0.21288515406162464,0.19413650035858154,0.32489585876464844,0.28800904750823975,0.1022108793258667,0.1680341213941574,0.11685813963413239
3895067,3e32b46d-319e-4f22-b480-4c451554d3b6,Pass,0,0.21288515406162464,0.16503889858722687,0.19795960187911987,0.2586835026741028,0.13734562695026398,0.04945995286107063,0.039636317640542984
3895067,92be6eb9-d6b2-4e4d-a22d-ce52ca29f207,Pass,0,0.21288515406162464,0.17728643119335175,0.10454026609659195,0.09979339689016342,0.04095717519521713,0.016678454354405403,0.009983627125620842
3895074,05f4b123-540f-4b43-a68b-46fc44a2574b,Pass,0,0.2126865671641791,0.12698358297348022,0.24095351994037628,0.35307615995407104,0.16013169288635254,0.06282397359609604,0.06804217398166656
3895074,caf9d3b6-4396-4fd3-ade3-59f5ebb3242e,Clearance,0,0.2126865671641791,0.3827989101409912,0.3689616024494171,0.30337363481521606,0.25108644366264343,0.32130467891693115,0.26082295179367065
3895074,e2d7850e-5c42-4d79-ab4a-91e3e16f1963,Clearance,0,0.2126865671641791,0.1768588423728943,0.1671464741230011,0.09951849281787872,0.28509214520454407,0.3409615755081177,0.25194382667541504
3895074,9f078c9f-f9c8-4c61-a0f8-76c785b1505e,Clearance,0,0.2126865671641791,0.2900514006614685,0.10560213029384613,0.09905450791120529,0.07572883367538452,0.08516184240579605,0.07532582432031631
3895074,0f453a95-33f6-4317-824c-8e9bb80d9372,Clearance,0,0.2126865671641791,0.25225332379341125,0.23427818715572357,0.2834334969520569,0.23978815972805023,0.33035537600517273,0.3263406455516815
3895074,9dc77579-156c-46b7-909a-a8baeaa53ba9,Pass,0,0.2126865671641791,0.2825968265533447,0.27959778904914856,0.29258739948272705,0.24963486194610596,0.3557393252849579,0.40899378061294556
3895074,fed69d20-832f-4646-bc1e-3061d0ee2808,Pass,0,0.2126865671641791,0.28049659729003906,0.25704196095466614,0.33312591910362244,0.31154772639274597,0.344674676656723,0.4592776894569397
3895074,569b9cdd-bd9b-4cdd-ae8c-90341b882a94,Clearance,0,0.2126865671641791,0.39893394708633423,0.1160866767168045,0.12747398018836975,0.08419212698936462,0.12751156091690063,0.12108176946640015
3895086,99e0c535-eb27-4263-bf0d-fd14f94b5f6b,Pass,0,0.21302325581395348,0.06513825803995132,0.13851812481880188,0.08862756192684174,0.058941736817359924,0.11395759135484695,0.07851073890924454
3895086,d0793566-ef87-45a9-b8df-39566408c616,Pass,1,0.21302325581395348,0.18177710473537445,0.040976282209157944,0.04893490672111511,0.03619564324617386,0.08266902714967728,0.05381493642926216
3895086,204ce650-e358-4dae-8133-812385cafcf8,Pass,0,0.21302325581395348,0.07636480778455734,0.06436065584421158,0.043635040521621704,0.040238071233034134,0.020088864490389824,0.03772580623626709
3895086,c66252f8-1a6e-4614-b93f-db30aa11e1cf,Pass,0,0.21302325581395348,0.1427064687013626,0.23865747451782227,0.21273644268512726,0.07094652205705643,0.02718425914645195,0.013600734062492847
3895086,d8bd1268-8bda-4ecc-b304-7e242affda6a,Pass,1,0.21302325581395348,0.05859001353383064,0.06187984347343445,0.09076444804668427,0.10580507665872574,0.050470493733882904,0.07073213160037994
3895086,84aab3d0-f43e-48d5-b000-4d4db6186b5f,Clearance,0,0.21302325581395348,0.1918606013059616,0.050985272973775864,0.08807121217250824,0.18705134093761444,0.22673073410987854,0.24371959269046783
3895086,94646ef6-2409-4c0b-a3fc-764b2a57547d,Pass,0,0.21302325581395348,0.10836678743362427,0.06890574097633362,0.04881352558732033,0.04804633557796478,0.12490300834178925,0.1659543216228485
3895086,51220982-70d9-48ff-aa37-46923f081464,Pass,0,0.21302325581395348,0.14671237766742706,0.08406426757574081,0.05893702805042267,0.044657252728939056,0.02281700074672699,0.018015440553426743
3895095,48ae3e9b-f068-4b72-8c89-64d3fd6673db,Pass,0,0.21378667908709828,0.2767210900783539,0.2509744167327881,0.26896992325782776,0.12240664660930634,0.1073777973651886,0.11651118844747543
3895095,0f08928d-929c-417d-9c32-4b22b7ff172f,Pass,0,0.21378667908709828,0.5315283536911011,0.42790520191192627,0.3607359230518341,0.42904132604599,0.39666083455085754,0.35004591941833496
3895095,4e4fcbbe-c87b-441d-ac67-ee53c16fd4f3,Clearance,0,0.21378667908709828,0.08376415073871613,0.10832259058952332,0.21256285905838013,0.33894747495651245,0.3419916033744812,0.40606245398521423
3895095,98c5c877-343b-48be-9024-22a2bc3081dd,Pass,1,0.21378667908709828,0.28079530596733093,0.2030891329050064,0.28447338938713074,0.12640777230262756,0.10269340127706528,0.11373301595449448
3895095,893e6d7a-38d0-4b64-ba6a-fe71c2701a6d,Pass,1,0.21378667908709828,0.2327842116355896,0.6361258625984192,0.5925284624099731,0.5190258622169495,0.6020994782447815,0.5997839570045471
3895095,0be15f0d-8183-41b6-9d8b-22050d364103,Pass,1,0.21378667908709828,0.0846022218465805,0.12214548885822296,0.09445534646511078,0.06411823630332947,0.40256062150001526,0.42659419775009155
3895095,4191e82f-8c26-43a3-93a6-19ea2f767262,Clearance,1,0.21378667908709828,0.24959023296833038,0.1629403978586197,0.10846295207738876,0.11496202647686005,0.10376192629337311,0.10838189721107483
3895095,5c0360d8-451e-4fcd-8858-cc8d37ebff14,Pass,0,0.21378667908709828,0.10182644426822662,0.15500061213970184,0.08062200993299484,0.061027560383081436,0.05052553862333298,0.056649621576070786
3895095,74dcb29f-ff4f-47d2-80ce-81c7021aebff,Clearance,0,0.21378667908709828,0.3704026937484741,0.44598379731178284,0.4292084574699402,0.41463175415992737,0.43416470289230347,0.41664981842041016
3895095,10dc32aa-1350-4762-85af-d1a6430c6eae,Clearance,0,0.21378667908709828,0.17297513782978058,0.23387564718723297,0.19597460329532623,0.23043428361415863,0.2276076227426529,0.2652420103549957
3895095,57032d0a-fc7c-4ad4-a505-cbfdc996b10b,Pass,0,0.21378667908709828,0.30742719769477844,0.48890167474746704,0.5443777441978455,0.46369078755378723,0.5460468530654907,0.564284086227417
3895095,242f77a6-c15f-4648-a036-6a5dc7af67aa,Pass,0,0.21378667908709828,0.07240195572376251,0.04389963299036026,0.05090397223830223,0.039769332855939865,0.038371726870536804,0.04679720476269722
3895107,20619fe5-acd9-4561-b937-977ea2e815a4,Clearance,1,0.21378667908709828,0.3054400384426117,0.25792255997657776,0.3821312487125397,0.29341354966163635,0.3063840866088867,0.316167950630188
3895107,44d96b24-c305-47a9-824d-c1f6a1a2103f,Clearance,0,0.21378667908709828,0.30679965019226074,0.15569071471691132,0.24886493384838104,0.2154361456632614,0.19693171977996826,0.20024389028549194
3895107,046f7eb2-5db8-4b97-be22-ec582ea685a6,Clearance,0,0.21378667908709828,0.3550522029399872,0.14146512746810913,0.11678106337785721,0.13622094690799713,0.11464781314134598,0.15475702285766602
3895113,4d5b7fe0-e201-44e0-ab8c-2eb1d49f5caa,Pass,0,0.21378667908709828,0.30596011877059937,0.2003689855337143,0.1730547398328781,0.1139153242111206,0.08476857841014862,0.07562681287527084
3895113,62a5dbde-e7ca-440e-b34f-c0d5cfefdeb9,Pass,0,0.21378667908709828,0.19768500328063965,0.2633821368217468,0.3391985595226288,0.2813752591609955,0.10741806775331497,0.16274628043174744
3895113,a8ac3088-18ce-4640-b22a-9cafa45ed967,Pass,1,0.21378667908709828,0.2722129821777344,0.24198280274868011,0.18206137418746948,0.17883194983005524,0.20860159397125244,0.35115164518356323
3895113,42fd20cc-f6c6-4675-8f36-f414728f7590,Pass,0,0.21378667908709828,0.16515064239501953,0.20932762324810028,0.1900993138551712,0.10811986774206161,0.04466675966978073,0.061805590987205505
3895121,5b4be5da-e353-47d1-9aa2-e412034a7cc9,Pass,1,0.21302325581395348,0.15106834471225739,0.047222886234521866,0.12009879946708679,0.10672374814748764,0.05422421917319298,0.10247533768415451
3895121,aa38c8ab-3054-4feb-b80a-3a75252713eb,Pass,0,0.21302325581395348,0.062058836221694946,0.15421651303768158,0.12893956899642944,0.16033056378364563,0.08969686180353165,0.08007747679948807
3895121,ce0e27d4-cb12-49dd-bcec-2b7a7064b20e,Pass,0,0.21302325581395348,0.23412317037582397,0.39347755908966064,0.3429652452468872,0.16454993188381195,0.14036670327186584,0.16736741364002228
3895121,d7a20bc3-a51b-4203-ab8b-281a905619be,Pass,0,0.21302325581395348,0.1440337747335434,0.08074668794870377,0.086119145154953,0.10518762469291687,0.04064713045954704,0.03950267657637596
3895121,1c7fccce-97c1-42f4-8541-d17e602d15c3,Pass,0,0.21302325581395348,0.057580042630434036,0.1418251395225525,0.10817284882068634,0.1255147010087967,0.07677488774061203,0.1583748459815979
3895121,7097c48f-7a8a-4eef-b86a-feeb1d06acd0,Clearance,1,0.21302325581395348,0.2566339671611786,0.13067634403705597,0.16886600852012634,0.3761274516582489,0.41462603211402893,0.3851425051689148
3895121,3c36f9b4-3d08-4f2e-acc8-9404d96a48e1,Pass,0,0.21302325581395348,0.22018666565418243,0.10392835736274719,0.05955859646201134,0.04879004880785942,0.02561868540942669,0.013411442749202251
3895121,12017c27-c9b5-4e7a-b211-9da43f6d49c6,Clearance,0,0.21302325581395348,0.2888389527797699,0.2488924115896225,0.3875332474708557,0.2702326774597168,0.2848147749900818,0.3127076029777527
3895121,3713f8c8-de47-4479-8cf5-a35212fe779d,Clearance,0,0.21302325581395348,0.26934003829956055,0.22325265407562256,0.2539876699447632,0.2868475019931793,0.2921983301639557,0.3145384192466736
3895121,5f063e61-cafb-4a6e-b4c6-b4b231b04fed,Pass,0,0.21302325581395348,0.16424709558486938,0.03748779371380806,0.06307345628738403,0.04713158681988716,0.06797421723604202,0.05764606222510338
3895121,216c0326-a3c3-4eab-a94e-6e85508af9e1,Clearance,1,0.21302325581395348,0.17500276863574982,0.22238729894161224,0.16573463380336761,0.23124325275421143,0.22294588387012482,0.21766696870326996
3895121,586b4154-fd61-4091-a39b-93eeb1389895,Clearance,1,0.21302325581395348,0.15196096897125244,0.22580379247665405,0.10902142524719238,0.21644696593284607,0.21743731200695038,0.1452687680721283
3895121,acdc0884-057f-471b-b7ae-59efb6ef7510,Clearance,1,0.21302325581395348,0.30756741762161255,0.19341088831424713,0.252685010433197,0.2683039605617523,0.3366795778274536,0.3908095359802246
3895121,b4e490f4-44a5-48ff-948a-3787e7530c83,Pass,0,0.21302325581395348,0.25127652287483215,0.14150914549827576,0.11149200052022934,0.06749045848846436,0.030736040323972702,0.022446341812610626
3895121,925c5048-5747-4943-a736-6f40178770c4,Clearance,0,0.21302325581395348,0.3772696256637573,0.13627789914608002,0.13527093827724457,0.14419984817504883,0.1436711847782135,0.1506311595439911
3895121,7386b9eb-f0bf-4fc7-a31e-ac1f37f80811,Pass,1,0.21302325581395348,0.3938235640525818,0.1772173047065735,0.18708747625350952,0.17843087017536163,0.12397601455450058,0.11177123337984085
3895121,a409b937-5973-497b-a10f-bb047f089954,Pass,0,0.21302325581395348,0.1512497067451477,0.07395210862159729,0.04980550333857536,0.06357941776514053,0.0400845967233181,0.03542385995388031
3895134,4f0f9b3d-3bb1-486d-bb22-809466ef54b1,Pass,0,0.21302325581395348,0.1586596518754959,0.12464505434036255,0.13937900960445404,0.10090035945177078,0.06221790239214897,0.05728868022561073
3895134,27dee45d-5bac-4f7d-9878-7e63ba1cd287,Pass,0,0.21302325581395348,0.2689943313598633,0.24782679975032806,0.19822877645492554,0.18817590177059174,0.15668487548828125,0.11691601574420929
3895134,303a74dd-c324-4ce1-9811-265f5310ff29,Clearance,0,0.21302325581395348,0.10487239062786102,0.16795741021633148,0.2541988492012024,0.5060627460479736,0.5231571793556213,0.5751433372497559
3895134,1efae366-46a1-419e-a8cb-143287216232,Pass,0,0.21302325581395348,0.21190941333770752,0.2165629267692566,0.1577679067850113,0.07941832393407822,0.05005662143230438,0.015950504690408707
3895134,91608f55-9433-46b2-9561-ded1f812efd4,Clearance,0,0.21302325581395348,0.187270849943161,0.33630627393722534,0.23134712874889374,0.34531328082084656,0.4500327706336975,0.4043422341346741
3895139,c63318db-5d9d-49ed-98b8-3b7ed707746d,Clearance,0,0.2135877152163797,0.15846307575702667,0.1297578513622284,0.16871687769889832,0.19736234843730927,0.17748351395130157,0.22923602163791656
3895139,dcdfdd24-c6a3-41ce-bc50-bb9a0abd68ab,Clearance,1,0.2135877152163797,0.23226198554039001,0.2640917897224426,0.28286537528038025,0.3568757176399231,0.3917789161205292,0.4096379280090332
3895139,c82bab5f-58f4-44a9-a5f9-e59c2ce51aeb,Pass,0,0.2135877152163797,0.15089887380599976,0.22882097959518433,0.1180059015750885,0.11800707876682281,0.09194858372211456,0.06186014786362648
3895139,0e94103e-2cb7-496b-a203-66ab77857e02,Pass,0,0.2135877152163797,0.3176249861717224,0.21859803795814514,0.2360466718673706,0.2642502188682556,0.170854389667511,0.04328441992402077
3895139,32ba1a79-5c7a-4bff-8a13-3363f6a5f0c9,Clearance,1,0.2135877152163797,0.35094550251960754,0.4101015031337738,0.2903082072734833,0.36106738448143005,0.4398709237575531,0.40589478611946106
3895139,f5966cba-1a34-449f-8bb5-84e451eaec71,Clearance,1,0.2135877152163797,0.26208239793777466,0.2900100350379944,0.40714243054389954,0.33241915702819824,0.3721882998943329,0.32463058829307556
3895139,c68ffad7-fbe6-4b3d-9f57-3f622a95456d,Clearance,1,0.2135877152163797,0.1458558440208435,0.12535177171230316,0.16558633744716644,0.20612670481204987,0.2240661382675171,0.2472868263721466
3895153,df080d16-539e-4e7a-b2f7-6c9e8739b8f1,Clearance,0,0.2126865671641791,0.295793741941452,0.2823159992694855,0.26534804701805115,0.26165124773979187,0.1970609575510025,0.27026623487472534
3895153,1dcea3e5-7abf-48e4-9526-17a9e583892f,Clearance,0,0.2126865671641791,0.1590658575296402,0.05227778106927872,0.08068620413541794,0.1908775269985199,0.19641898572444916,0.28293824195861816
3895153,db189770-c03a-42c5-816f-20d724609380,Pass,0,0.2126865671641791,0.30270418524742126,0.2369377315044403,0.23487015068531036,0.08268620073795319,0.045874278992414474,0.06062854453921318
3895153,3de9513a-e580-4a07-b59a-21963c43f037,Pass,0,0.2126865671641791,0.1949845403432846,0.09387319535017014,0.06708807498216629,0.06282680481672287,0.1360393613576889,0.15616953372955322
3895153,dc885762-99fd-45ec-a1ea-fc6e889a2394,Clearance,0,0.2126865671641791,0.23453783988952637,0.10063415765762329,0.0844038650393486,0.06088728457689285,0.07505767047405243,0.0864822193980217
3895167,010f5e91-ac23-4435-82fa-e1ff63d55460,Clearance,1,0.21302325581395348,0.2997148334980011,0.22410716116428375,0.30355721712112427,0.33443036675453186,0.29343748092651367,0.22293950617313385
3895167,693280ec-581f-4a62-a9da-11cae82e3ded,Pass,0,0.21302325581395348,0.14621463418006897,0.08227629959583282,0.08932075649499893,0.1024513766169548,0.13014337420463562,0.06175302341580391
3895167,fcf7febd-fb70-48a2-973e-36543e8ec4fc,Pass,0,0.21302325581395348,0.14625217020511627,0.11794188618659973,0.11740074306726456,0.07864294946193695,0.07852663099765778,0.04179490730166435
3895167,013acbb0-f2fc-4b82-af4d-ff430d287a07,Pass,0,0.21302325581395348,0.2667180895805359,0.2845323085784912,0.21078094840049744,0.1291341632604599,0.08362224698066711,0.06565475463867188
3895167,e42a8a00-3c42-4a31-80af-b4f7a65ab9b8,Clearance,0,0.21302325581395348,0.2957393229007721,0.26778364181518555,0.26258936524391174,0.3027190566062927,0.2734997570514679,0.22510598599910736
3895167,3c98ad48-5857-4e99-b599-90fb9161080e,Clearance,0,0.21302325581395348,0.24088378250598907,0.18182066082954407,0.11084706336259842,0.13899105787277222,0.15431442856788635,0.15897825360298157
3895167,f7f191bb-10cc-4a53-91ce-57136f592ee7,Clearance,0,0.21302325581395348,0.3183189034461975,0.14604143798351288,0.16821445524692535,0.15937776863574982,0.18589822947978973,0.2049378752708435
3895167,7e3e65d3-90f0-4213-833a-6b23417a1b50,Pass,0,0.21302325581395348,0.2083888053894043,0.09579794853925705,0.05085822567343712,0.06074237823486328,0.03895442932844162,0.02549494244158268
3895180,4a665e5f-7478-472a-bdbc-9a2b0269462a,Clearance,1,0.2126865671641791,0.3471565544605255,0.3658736050128937,0.44021686911582947,0.3433747887611389,0.3709827661514282,0.4102378785610199
3895180,f1c90805-ac3d-4640-9506-843054a9788d,Pass,0,0.2126865671641791,0.09253604710102081,0.16602729260921478,0.15686263144016266,0.08021172136068344,0.03254586085677147,0.031727831810712814
3895180,43488035-b330-4e9b-9f41-d30b86e37c63,Clearance,0,0.2126865671641791,0.2654868960380554,0.21535168588161469,0.1612955927848816,0.20622968673706055,0.23130112886428833,0.255592405796051
3895180,0697560d-422e-4c73-8b14-5376a83faa08,Clearance,1,0.2126865671641791,0.08285567909479141,0.165270134806633,0.19643566012382507,0.31199225783348083,0.326545387506485,0.3787260055541992
3895180,0a243a50-e792-4413-b44c-ef1385f0c7fd,Clearance,0,0.2126865671641791,0.26874932646751404,0.22453758120536804,0.2587521970272064,0.2647140920162201,0.2626243829727173,0.25900426506996155
3895180,02cc7cb4-99d5-4560-8c07-cb09fe21ddc4,Clearance,1,0.2126865671641791,0.26184630393981934,0.23508645594120026,0.2577938139438629,0.2791707515716553,0.2986506521701813,0.2592134475708008
3895180,0d51a239-ccfe-4385-835b-6ef6b5405b75,Pass,0,0.2126865671641791,0.19573429226875305,0.17120252549648285,0.16001904010772705,0.08604210615158081,0.043960556387901306,0.035735853016376495
3895180,522e3e78-e8ca-4e4e-920d-504c9c66bf7b,Pass,0,0.2126865671641791,0.25215134024620056,0.1427837759256363,0.14172999560832977,0.08225538581609726,0.057325366884469986,0.045053932815790176
3895180,4bd400fe-547e-4d83-9dd4-5406110d9e8f,Pass,0,0.2126865671641791,0.3870096802711487,0.14664742350578308,0.10717684030532837,0.07764075696468353,0.2156417965888977,0.1314818114042282
3895180,040c6151-3c50-492b-b940-6c65f18fa4d9,Pass,1,0.2126865671641791,0.16490349173545837,0.13683968782424927,0.06511922925710678,0.053825534880161285,0.11325104534626007,0.10894782841205597
3895180,d96696a5-da1c-4569-b595-0fd036a59783,Clearance,0,0.2126865671641791,0.08239689469337463,0.15987634658813477,0.14111053943634033,0.30652421712875366,0.26095113158226013,0.37897929549217224
3895182,06b79f05-dd87-48ba-a7f9-e290da2ea8ed,Pass,1,0.21302325581395348,0.314628541469574,0.29454484581947327,0.2319108247756958,0.2701708674430847,0.29649487137794495,0.35661494731903076
3895182,17e409fd-ee43-40c4-aeab-cb230f0081a9,Pass,0,0.21302325581395348,0.1902066171169281,0.18793050944805145,0.10543488711118698,0.11077729612588882,0.08628489822149277,0.1660466194152832
3895182,ea9aa5a1-52b3-49cc-b5c7-6362b84c5aea,Pass,0,0.21302325581395348,0.219755157828331,0.08127786964178085,0.11428369581699371,0.062417156994342804,0.044995252043008804,0.048541754484176636
3895182,3b26138f-476f-4bbf-a69a-58d174910d21,Pass,1,0.21302325581395348,0.2544237971305847,0.5408844947814941,0.3310076594352722,0.34890300035476685,0.45303234457969666,0.44151580333709717
3895182,f9edbecb-49be-42c9-95b2-954c14168f43,Pass,0,0.21302325581395348,0.12707169353961945,0.1681389957666397,0.15062196552753448,0.08223224431276321,0.04467782750725746,0.04882873594760895
3895182,4ab8b0e6-d4e4-4bb8-9116-98fb750fa5e8,Clearance,1,0.21302325581395348,0.12121045589447021,0.13406983017921448,0.10456330329179764,0.2033528983592987,0.1608528047800064,0.15359407663345337
3895194,7b2e10d5-88a9-483b-af3e-16c77dfe3d38,Clearance,1,0.21302325581395348,0.2556940019130707,0.24545881152153015,0.18250428140163422,0.32280877232551575,0.3739912211894989,0.33588314056396484
3895194,11fa74b6-b0c4-4cd4-bcbd-f573d212df1f,Clearance,0,0.21302325581395348,0.37373724579811096,0.10877729207277298,0.1501646339893341,0.1361781358718872,0.14799809455871582,0.15299712121486664
3895194,367d4448-5a41-4161-aece-f6d009c5b9b4,Clearance,0,0.21302325581395348,0.20744742453098297,0.08040456473827362,0.11047592759132385,0.10071158409118652,0.10299964249134064,0.12927936017513275
3895194,3033c0bb-5844-4a64-823f-36a50d79c2ff,Pass,0,0.21302325581395348,0.255769819021225,0.2168521136045456,0.22318489849567413,0.26010432839393616,0.15238057076931,0.0815386101603508
3895194,b1806844-52f3-44b9-94ce-aa01430f3119,Clearance,0,0.21302325581395348,0.2177160531282425,0.19459490478038788,0.2300179898738861,0.21791188418865204,0.19675171375274658,0.21891547739505768
3895194,7b523f44-e735-4ab6-b9fe-39b93b9cfaf5,Clearance,0,0.21302325581395348,0.18952444195747375,0.15104858577251434,0.12591047585010529,0.1255183070898056,0.13521423935890198,0.15584109723567963
3895194,ff4179df-5d2e-421f-b058-8f312853d3ca,Clearance,1,0.21302325581395348,0.3613206148147583,0.24910284578800201,0.09381843358278275,0.15671609342098236,0.120439313352108,0.13092683255672455
3895194,bc2251f7-4866-4272-9bd3-94bbc641a442,Clearance,0,0.21302325581395348,0.20474697649478912,0.24299287796020508,0.3062191903591156,0.3887055218219757,0.3948424458503723,0.3581191599369049
3895194,5bbb36f6-e023-4c82-b044-4d19e83dd625,Pass,0,0.21302325581395348,0.23902881145477295,0.16459423303604126,0.24634404480457306,0.11471419036388397,0.04887187480926514,0.03546597808599472
3895194,51abf663-d175-4cd3-ad50-acff233d9cab,Clearance,0,0.21302325581395348,0.23996755480766296,0.22518853843212128,0.2514660060405731,0.4107392728328705,0.41789525747299194,0.3955872356891632
3895202,7be2a652-970e-4e61-9826-6ee2e2824991,Clearance,1,0.2126865671641791,0.08405107259750366,0.15917760133743286,0.1456788331270218,0.31222355365753174,0.30189263820648193,0.28183141350746155
3895202,7518493d-29f7-4005-97ac-aa343406f767,Pass,0,0.2126865671641791,0.07420766353607178,0.13590450584888458,0.04797208309173584,0.05495307594537735,0.02021491527557373,0.09056595712900162
3895202,2f501eb9-8032-4718-bcfe-3c50be85764d,Clearance,0,0.2126865671641791,0.2646291255950928,0.1289682388305664,0.1522400975227356,0.13852931559085846,0.1335495561361313,0.14020936191082
3895202,dfe13ecb-b22e-4cba-a5e5-dd964a1b2132,Pass,0,0.2126865671641791,0.14669913053512573,0.18416254222393036,0.1874624639749527,0.16310347616672516,0.21536889672279358,0.22709569334983826
3895210,2216eb37-8f42-4fb2-bead-d60f1df66639,Clearance,0,0.2135877152163797,0.29443368315696716,0.11827237159013748,0.10424696654081345,0.1016884595155716,0.11709173023700714,0.11899034678936005
3895210,b4c8e4a4-5c4c-465c-9bb7-841c2d5ab4eb,Clearance,0,0.2135877152163797,0.22630947828292847,0.2569032311439514,0.2074642926454544,0.2697722017765045,0.25968801975250244,0.2488599270582199
3895210,63c52f5e-cbcc-4880-9d65-06e303334691,Clearance,0,0.2135877152163797,0.19519199430942535,0.39238613843917847,0.26483210921287537,0.27912595868110657,0.3035289943218231,0.2615290582180023
3895210,a261dd01-d8ab-40c6-90a2-30ec05216d83,Pass,0,0.2135877152163797,0.14341303706169128,0.18253645300865173,0.21176859736442566,0.08574368059635162,0.043708208948373795,0.023726649582386017
3895210,b6c31316-0bd6-4219-84a5-be73951928e4,Pass,0,0.2135877152163797,0.16761285066604614,0.11214831471443176,0.09725750237703323,0.14239582419395447,0.04064876586198807,0.039782170206308365
3895210,a1ab19f5-eb05-46e1-b12a-7310cb9e57b9,Pass,0,0.2135877152163797,0.4752914011478424,0.28648117184638977,0.2564307451248169,0.1445104479789734,0.14323148131370544,0.11301302909851074
3895210,fab32b06-a32b-4dcb-a64d-ae581da69fd1,Clearance,1,0.2135877152163797,0.19515447318553925,0.3703058958053589,0.3041439652442932,0.3214045763015747,0.3658844530582428,0.2814585566520691
3895210,2084c580-8ac6-471b-bd31-2b4107c52a20,Clearance,0,0.2135877152163797,0.4029823839664459,0.2824676036834717,0.38218823075294495,0.33944082260131836,0.2976922392845154,0.34253308176994324
3895220,0d836875-f935-4718-9157-8154105f4dfb,Clearance,0,0.2126865671641791,0.21400043368339539,0.3055289387702942,0.3120070993900299,0.426454097032547,0.38060301542282104,0.388881653547287
3895220,eaee9b02-79d1-4741-882d-2854b7de7760,Clearance,0,0.2126865671641791,0.1041993722319603,0.18040476739406586,0.18986305594444275,0.3226071894168854,0.27259132266044617,0.31990402936935425
3895220,668d7391-4aa3-4b69-bcf9-07659c2e0438,Pass,0,0.2126865671641791,0.09265109896659851,0.09873814880847931,0.09011170268058777,0.07591988146305084,0.058820534497499466,0.10687622427940369
3895220,355faf6a-7103-4e2b-b9c6-31d682595cd4,Pass,0,0.2126865671641791,0.2931332290172577,0.26934412121772766,0.2984640896320343,0.2198621928691864,0.47215723991394043,0.5039932131767273
3895220,dfbde916-1857-4567-9638-b7fe2a70d609,Pass,0,0.2126865671641791,0.2828633785247803,0.10876522958278656,0.14145532250404358,0.14115309715270996,0.2860843241214752,0.17658841609954834
3895220,c06afdff-4c42-4283-be73-4f49e6194cfb,Clearance,0,0.2126865671641791,0.2421434372663498,0.21640914678573608,0.24646790325641632,0.28291645646095276,0.339559942483902,0.36830800771713257
3895232,1e83a8d2-f6c6-4672-8156-713b711f17ab,Pass,0,0.21302325581395348,0.28029561042785645,0.2097678929567337,0.1738111525774002,0.0935978963971138,0.061254002153873444,0.04767485707998276
3895232,663ab44f-7446-403a-be1e-e25a5e457925,Clearance,0,0.21302325581395348,0.3197768032550812,0.1810993254184723,0.22196848690509796,0.12517032027244568,0.16058912873268127,0.16475780308246613
3895232,cc006bd0-32cc-4bf5-bd3a-2e2d069592dc,Pass,0,0.21302325581395348,0.40973883867263794,0.2637374997138977,0.2153848558664322,0.22885890305042267,0.2857438325881958,0.06654208153486252
3895232,b05ebbeb-50f1-4970-8a25-449376edadda,Pass,0,0.21302325581395348,0.11019003391265869,0.11067084968090057,0.13011658191680908,0.09196466952562332,0.036722782999277115,0.02760692685842514
3895232,ebb4bde0-b250-479c-8d24-7494b1eff242,Clearance,1,0.21302325581395348,0.24080270528793335,0.11908994615077972,0.09137925505638123,0.20091180503368378,0.23423480987548828,0.21456283330917358
3895232,3505e3ea-60d8-483b-9fb8-4443abca2791,Pass,0,0.21302325581395348,0.13184621930122375,0.09484698623418808,0.13744832575321198,0.08109056949615479,0.0528867244720459,0.05891808494925499
3895232,89e2c8dc-1c0b-4205-bbc4-ccee8161149c,Clearance,0,0.21302325581395348,0.2464396357536316,0.2172122746706009,0.19072604179382324,0.18629001080989838,0.18922755122184753,0.21606774628162384
3895232,78fcaddc-66db-4850-a884-a8b3e084936e,Pass,0,0.21302325581395348,0.18041855096817017,0.08266662061214447,0.09946995973587036,0.0380384661257267,0.039118438959121704,0.04968142881989479
3895244,fbc1d13b-da4a-402e-86f5-5ac1a3ded49d,Pass,1,0.2135877152163797,0.10906478762626648,0.12278168648481369,0.08942258358001709,0.09019365906715393,0.027300672605633736,0.01835615746676922
3895244,b78ff4bf-5dd8-45ef-8bab-dc2ef2138ff4,Pass,0,0.2135877152163797,0.19515520334243774,0.18637633323669434,0.2261049598455429,0.14613984525203705,0.1553734838962555,0.14154726266860962
3895244,90c3eaa6-8989-46ce-9b80-b8af7537461e,Pass,0,0.2135877152163797,0.1575286090373993,0.29026156663894653,0.3687158226966858,0.15940555930137634,0.13730259239673615,0.1293807178735733
3895244,d6da3b6b-ca29-41e0-8c8c-45561d0e335d,Pass,1,0.2135877152163797,0.2487155944108963,0.1797325164079666,0.22076919674873352,0.24369047582149506,0.20139026641845703,0.35559624433517456
3895244,edac5f49-1557-4191-a31e-93caa426f318,Clearance,0,0.2135877152163797,0.28646120429039,0.3429471552371979,0.2705838084220886,0.4350508153438568,0.4153076410293579,0.470722496509552
3895244,fdd8324e-5e99-4719-a353-306d72058809,Pass,0,0.2135877152163797,0.14495041966438293,0.16135336458683014,0.15636765956878662,0.08200535923242569,0.0232221782207489,0.03502240777015686
3895244,157cf2e0-3e03-4ddc-94f1-26136ba1c8a0,Pass,0,0.2135877152163797,0.06061806529760361,0.06462125480175018,0.04755772277712822,0.038651470094919205,0.012246407568454742,0.010935728438198566
3895244,7d647040-72bb-4b5d-8e9e-4de22e9bf791,Pass,0,0.2135877152163797,0.1364871859550476,0.2790243327617645,0.17251397669315338,0.06591697782278061,0.04704251512885094,0.019677067175507545
3895244,b773f060-eb42-4ab9-88b7-f0a364282401,Clearance,0,0.2135877152163797,0.14316768944263458,0.24817480146884918,0.20635978877544403,0.2936892807483673,0.30353590846061707,0.36919838190078735
3895244,b7200984-5325-4a4f-82de-4a381e119be7,Pass,1,0.2135877152163797,0.335324227809906,0.19011302292346954,0.22333353757858276,0.10177285224199295,0.2701549232006073,0.3068748116493225
3895244,c0063b8e-06bb-4f1c-bc91-3031c435d4fd,Pass,0,0.2135877152163797,0.12856058776378632,0.11189987510442734,0.09169714897871017,0.12002026289701462,0.08311209082603455,0.2020239531993866
3895244,9c706be8-d05f-4440-9259-d441fccc6026,Pass,0,0.2135877152163797,0.12903673946857452,0.08939342945814133,0.12744833528995514,0.07188035547733307,0.02793928235769272,0.03622908517718315
3895250,c1505717-b205-4b35-ac27-c9950f06499a,Clearance,0,0.21288515406162464,0.28148186206817627,0.09405067563056946,0.12024835497140884,0.1588442474603653,0.184330552816391,0.1711229830980301
3895250,1aeddd22-4222-4e60-91ec-df84efdce10d,Clearance,0,0.21288515406162464,0.135488361120224,0.10930616408586502,0.18216179311275482,0.3432372212409973,0.3614630699157715,0.30566683411598206
3895250,05eefb1c-e5df-4d91-9c8b-20d926e4e208,Pass,0,0.21288515406162464,0.19239918887615204,0.2255380004644394,0.11959461122751236,0.1324073225259781,0.11234056949615479,0.12331444025039673
3895250,4763d3e2-8070-4579-8895-fdaed0dfcf72,Pass,0,0.21288515406162464,0.24461306631565094,0.08005455136299133,0.07072152942419052,0.04970787093043327,0.02289738692343235,0.036203496158123016
3895250,3c74d163-12a7-467a-a561-7041527663f7,Clearance,1,0.21288515406162464,0.22117923200130463,0.15307320654392242,0.18777604401111603,0.1836400181055069,0.16159947216510773,0.18659578263759613
3895250,ef137d06-acd3-46f4-8d77-edba7cb89520,Clearance,0,0.21288515406162464,0.23491516709327698,0.3248746693134308,0.35105186700820923,0.36681023240089417,0.4084930419921875,0.3797595798969269
3895250,cb43adb5-99a7-42a8-b795-20298caf45c9,Clearance,0,0.21288515406162464,0.17648907005786896,0.2575168013572693,0.28299427032470703,0.33742308616638184,0.3798067569732666,0.4182940721511841
3895250,5d501587-5c20-4e67-a1f0-202dfa63115f,Pass,1,0.21288515406162464,0.34200185537338257,0.16833575069904327,0.10793714225292206,0.1006520465016365,0.12269587814807892,0.09228725731372833
3895250,f4b14b32-0941-47fd-a157-8fbe11d3ba70,Clearance,0,0.21288515406162464,0.2749961316585541,0.3383021056652069,0.36328428983688354,0.4572885036468506,0.5122069120407104,0.4653552770614624
3895250,1de17e36-12b5-47cf-b48e-0b7ce8d8f20b,Clearance,1,0.21288515406162464,0.23601900041103363,0.22761087119579315,0.269864559173584,0.24920573830604553,0.22926336526870728,0.2428489476442337
3895250,23379fae-fbb1-4b1d-92b0-5ee5dbcd05be,Clearance,0,0.21288515406162464,0.10801166296005249,0.2629249095916748,0.3884378671646118,0.5448583960533142,0.5938164591789246,0.5147334933280945
3895250,e086a1cf-6362-4fec-baf5-be33f2c06662,Clearance,0,0.21288515406162464,0.16923297941684723,0.18369822204113007,0.32602429389953613,0.4164991080760956,0.5061275959014893,0.4251597821712494
3895250,c140e2d3-81dd-43d2-8c64-8842dc96b2c8,Clearance,1,0.21288515406162464,0.13253091275691986,0.25267529487609863,0.24304740130901337,0.4822525680065155,0.5482967495918274,0.4977169930934906
3895250,90692c94-dccf-47e4-b7b0-a6c3e693102e,Pass,0,0.21288515406162464,0.13687294721603394,0.19812063872814178,0.21588672697544098,0.11750321090221405,0.23611822724342346,0.29304563999176025
3895258,cf694685-f2dd-471a-87a9-5e20595271c8,Pass,0,0.2135877152163797,0.24432344734668732,0.2051503211259842,0.2606930434703827,0.13255849480628967,0.04582669585943222,0.03911621868610382
3895258,01609da8-1d43-4124-9be6-5dead82513d5,Clearance,1,0.2135877152163797,0.24308444559574127,0.3254161775112152,0.31948918104171753,0.37840425968170166,0.41152411699295044,0.3910437822341919
3895258,876cdc2d-e44a-4e3f-8ce3-b24fc5669239,Pass,0,0.2135877152163797,0.23394006490707397,0.15693674981594086,0.16423948109149933,0.07767106592655182,0.10690689086914062,0.10031025856733322
3895258,6ce57c33-d731-4885-8304-378fe12d686f,Pass,0,0.2135877152163797,0.19484522938728333,0.1665520966053009,0.11528380960226059,0.0510050393640995,0.03944506123661995,0.029098058119416237
3895258,1501823c-abd0-4e3b-af9a-7a31812fe6a8,Clearance,0,0.2135877152163797,0.22066420316696167,0.4198431372642517,0.389993816614151,0.4501216411590576,0.41577738523483276,0.42774027585983276
3895258,5fa1a5c5-0feb-4d31-a38c-f7bad47d7065,Pass,0,0.2135877152163797,0.15023623406887054,0.04390139505267143,0.0531284436583519,0.035422857850790024,0.01847240887582302,0.013579768128693104
3895258,57774ec4-8475-4a2f-8a1b-1a6f2d8abf74,Pass,0,0.2135877152163797,0.17246811091899872,0.08023367822170258,0.06304383277893066,0.08426747471094131,0.04059051349759102,0.030400656163692474
3895275,514b0134-ec04-48af-959d-0eef4bccbce2,Pass,0,0.21378667908709828,0.16768716275691986,0.30697503685951233,0.19180364906787872,0.1329757571220398,0.08136069774627686,0.12793555855751038
3895275,514842f9-e86f-4213-ad65-53fe7521eb13,Pass,1,0.21378667908709828,0.11657494306564331,0.07618555426597595,0.1134604662656784,0.12986448407173157,0.10632538795471191,0.07442222535610199
3895275,dbfef837-17f9-4031-b4d0-ef96cc1b3a36,Clearance,0,0.21378667908709828,0.37772902846336365,0.34484487771987915,0.34280717372894287,0.3559567928314209,0.3615085482597351,0.38491934537887573
3895275,c2762cf2-6d74-491c-a060-388cac90c2c4,Pass,0,0.21378667908709828,0.2219129502773285,0.15950468182563782,0.1351497322320938,0.1481361985206604,0.05945081636309624,0.03776485472917557
3895275,8267c10e-7406-4eb1-8acf-fb2187840d80,Pass,0,0.21378667908709828,0.0843699499964714,0.07410779595375061,0.10309217870235443,0.05678268522024155,0.13181547820568085,0.19277989864349365
3895275,8e2dad16-b0ba-4900-a2e8-04a9f8eb9e16,Pass,0,0.21378667908709828,0.24824100732803345,0.1207476258277893,0.1122688576579094,0.12399872392416,0.1358289271593094,0.07425704598426819
3895275,651e025c-009a-406e-ae38-e298f20e41d4,Pass,0,0.21378667908709828,0.19929347932338715,0.3401716947555542,0.37401777505874634,0.18281474709510803,0.17667952179908752,0.11719240248203278
3895275,5c769c5e-e5b5-4562-a235-142ff9f95ab9,Clearance,1,0.21378667908709828,0.1674669086933136,0.1997203528881073,0.1502712219953537,0.14973443746566772,0.1814756542444229,0.16890530288219452
3895275,7ff7ad03-d574-484e-abb1-da86a481eaf4,Pass,0,0.21378667908709828,0.31974732875823975,0.20755089819431305,0.2512436807155609,0.20837721228599548,0.3082483112812042,0.3519849479198456
3895275,767e39da-86d4-40a4-878e-fd67a099f791,Pass,1,0.21378667908709828,0.1602500081062317,0.11682561039924622,0.15180839598178864,0.15359938144683838,0.14188194274902344,0.28819507360458374
3895275,ecfc9719-e58f-4cc2-a42a-72587be4b413,Clearance,0,0.21378667908709828,0.2816748321056366,0.1917407363653183,0.23555338382720947,0.49286049604415894,0.5688356161117554,0.4791167080402374
3895275,bbedf337-1e1e-4b29-9cca-55b208e92e79,Clearance,1,0.21378667908709828,0.27126142382621765,0.25169676542282104,0.23823031783103943,0.3694785237312317,0.3584568202495575,0.36529701948165894
3895275,e31a7be7-0764-4fcd-8232-73aabdb44f42,Pass,0,0.21378667908709828,0.13484221696853638,0.14967867732048035,0.17248961329460144,0.06651827692985535,0.04679807275533676,0.0843464583158493
3895275,2934efe7-d2a8-4f48-81b6-fdb6cb4c4c02,Pass,0,0.21378667908709828,0.19245587289333344,0.2602177560329437,0.29254207015037537,0.12107682228088379,0.09369295835494995,0.0906134694814682
3895286,597a8edc-314b-4df4-a34d-fd987928ef7f,Pass,0,0.21378667908709828,0.24206198751926422,0.15643970668315887,0.12571442127227783,0.07769770920276642,0.02991553209722042,0.05748773738741875
3895286,562ae31d-783a-4005-91f3-275c6ebd35cb,Pass,0,0.21378667908709828,0.28797852993011475,0.11755639314651489,0.1330358386039734,0.03852393105626106,0.0183141827583313,0.02811177633702755
3895286,925cf8e7-5945-4bba-8b40-9e2016a539e2,Pass,1,0.21378667908709828,0.2619808316230774,0.2791760265827179,0.24694956839084625,0.39737045764923096,0.293973833322525,0.3756866157054901
3895286,127a2ce7-8170-42e3-bd43-6e3800f29837,Pass,1,0.21378667908709828,0.18606606125831604,0.2384905368089676,0.24587993323802948,0.29002365469932556,0.2657165825366974,0.39621609449386597
3895286,a779be1a-2be9-4ad0-8cfa-794359642808,Pass,0,0.21378667908709828,0.15200088918209076,0.12833718955516815,0.05935075879096985,0.04523346200585365,0.025773264467716217,0.035402122884988785
3895286,fdf66722-c65e-4837-a73f-a541b87e180f,Pass,0,0.21378667908709828,0.3086702823638916,0.2965048849582672,0.32402876019477844,0.2257438749074936,0.09822697192430496,0.15740717947483063
3895286,aabf2917-ad03-408f-bd4b-1dc2b11cd541,Pass,1,0.21378667908709828,0.29245907068252563,0.2563954293727875,0.32671594619750977,0.3238033950328827,0.3087146580219269,0.5341709852218628
3895292,13894f82-069e-4df0-b751-7bb17df756fd,Pass,0,0.2135877152163797,0.21782232820987701,0.26065102219581604,0.3065890073776245,0.13801530003547668,0.06614179909229279,0.041376858949661255
3895292,8ceefcc3-1231-4623-af29-9cd62a2c6573,Clearance,0,0.2135877152163797,0.12696047127246857,0.08688608556985855,0.0765555202960968,0.25899311900138855,0.276518851518631,0.33772799372673035
3895292,0b00d7fb-b225-4270-9a00-c3edad0602ba,Clearance,1,0.2135877152163797,0.31725573539733887,0.20769935846328735,0.306578665971756,0.411040335893631,0.49556082487106323,0.49974632263183594
3895292,756e38ba-f109-4ae1-993e-232221a3c7b9,Clearance,0,0.2135877152163797,0.3276243507862091,0.1524035483598709,0.22212019562721252,0.1858862191438675,0.21633656322956085,0.19049951434135437
3895292,90d68c41-f368-4ae0-a381-e1a0d6eafc1c,Pass,0,0.2135877152163797,0.13619402050971985,0.05829992890357971,0.05704686790704727,0.05240892246365547,0.02171449176967144,0.03052053600549698
3895292,744594b6-1950-4a53-97fe-bb2b02cffd36,Clearance,0,0.2135877152163797,0.292977899312973,0.38673585653305054,0.444879949092865,0.5063709020614624,0.4978466331958771,0.48365548253059387
3895292,840b8f90-5bea-45c4-82ab-7905db24f0a1,Clearance,1,0.2135877152163797,0.12368160486221313,0.09740249067544937,0.10816777497529984,0.17190350592136383,0.18892192840576172,0.1864422857761383
3895302,8624c0cf-c057-4e91-a3f4-2b6892686125,Pass,0,0.21378667908709828,0.500011146068573,0.5860146880149841,0.37576958537101746,0.4310178756713867,0.41611602902412415,0.4508528709411621
3895302,2e814c7f-2df9-4bec-9bad-2dffe8239518,Pass,0,0.21378667908709828,0.07675708085298538,0.06763952225446701,0.11006829142570496,0.05060403421521187,0.04445366561412811,0.02664664387702942
3895302,d980706a-ef51-4c56-9cd3-d70b0a776083,Pass,0,0.21378667908709828,0.17913858592510223,0.1126624122262001,0.10254796594381332,0.046615369617938995,0.023365819826722145,0.03497922793030739
3895302,f3a230d8-986a-4197-b169-f8cb0221f866,Clearance,0,0.21378667908709828,0.32290253043174744,0.35016876459121704,0.36932119727134705,0.4452633261680603,0.4485612213611603,0.47840654850006104
3895302,4b5572e8-bfeb-4cdb-9141-00c3be59e01f,Clearance,0,0.21378667908709828,0.2451939880847931,0.20761807262897491,0.17590105533599854,0.1685781329870224,0.16016346216201782,0.1396460235118866
3895302,d7d5c29c-3398-4d2c-95e1-82beaea83686,Pass,0,0.21378667908709828,0.17746023833751678,0.11474024504423141,0.17008177936077118,0.09320947527885437,0.028267506510019302,0.01965627633035183
3895302,bc314377-a11f-40e8-95c4-8c3e116c57ef,Pass,1,0.21378667908709828,0.20991306006908417,0.3562241792678833,0.2541325092315674,0.14513590931892395,0.5842238664627075,0.5940273404121399
3895320,4ba1d361-45f4-4cee-9c1d-0688c30f9d1f,Pass,0,0.21378667908709828,0.18404671549797058,0.2285924106836319,0.2906690537929535,0.19824524223804474,0.08635582774877548,0.06095346435904503
3895320,68796266-8322-4971-98a5-8dfa293a0b50,Pass,0,0.21378667908709828,0.14114828407764435,0.0665077194571495,0.07980936020612717,0.06567960232496262,0.024745453149080276,0.033638931810855865
3895320,12b495b2-ef68-4b0e-b4ec-aa1b732307e2,Pass,0,0.21378667908709828,0.17449645698070526,0.21684932708740234,0.12611335515975952,0.09621083736419678,0.08279082179069519,0.04120535030961037
3895320,f2bed22c-228a-422b-95e3-c86dfa2a75c4,Pass,0,0.21378667908709828,0.15463712811470032,0.19499337673187256,0.18791575729846954,0.09696464985609055,0.054548103362321854,0.0430111400783062
3895320,ebc78cb3-4406-434c-b33f-3d6938db4883,Clearance,0,0.21378667908709828,0.18854962289333344,0.3360149562358856,0.3314567804336548,0.29893699288368225,0.2721303403377533,0.30757567286491394
3895320,732cde21-259f-4fd0-b1af-9d1772ce9ee8,Clearance,0,0.21378667908709828,0.28521284461021423,0.11939384788274765,0.06264567375183105,0.1322883814573288,0.12293702363967896,0.13560785353183746
3895320,61852f9f-47a3-492a-84f6-b24b06da52dd,Pass,0,0.21378667908709828,0.11809707432985306,0.09883718937635422,0.07516906410455704,0.05244852229952812,0.03022344596683979,0.028702983632683754
3895320,14e353f5-1e29-4387-97e6-e6cee1205bc0,Pass,0,0.21378667908709828,0.08081121742725372,0.05343111976981163,0.11531955003738403,0.17819394171237946,0.09368818998336792,0.18377375602722168
3895320,60cd30b2-fb17-4e41-ac7a-0a99caf8bc51,Clearance,0,0.21378667908709828,0.4006251096725464,0.24050603806972504,0.17429323494434357,0.23802772164344788,0.22533594071865082,0.24276167154312134
3895333,42f96706-6b30-4c39-b42a-17a1ee6a0aec,Pass,0,0.2135877152163797,0.09328839927911758,0.06366121023893356,0.08931881189346313,0.05316266417503357,0.06532371789216995,0.09438752382993698
3895333,47deeaa9-a8e2-48d5-8064-a0f8e75cad81,Pass,1,0.2135877152163797,0.1620079129934311,0.19681642949581146,0.13636845350265503,0.0438651517033577,0.02686813473701477,0.026845071464776993
3895333,2304c583-6d69-4763-95dc-0ddc610d9c08,Clearance,0,0.2135877152163797,0.2767661213874817,0.3517833650112152,0.38966113328933716,0.3158574402332306,0.31606972217559814,0.26512041687965393
3895333,baf79937-0dae-4de1-8e68-b052e1ccfc92,Pass,0,0.2135877152163797,0.19670934975147247,0.23459315299987793,0.15569069981575012,0.07050346583127975,0.03821927681565285,0.06744106858968735
3895333,c297df22-162f-4c23-96f5-77b5e606fad2,Clearance,0,0.2135877152163797,0.31781938672065735,0.5691931247711182,0.5978763103485107,0.5272920727729797,0.6166849136352539,0.6460500359535217
3895333,2880ef44-0530-46fb-9e73-ada6aceed0d6,Pass,0,0.2135877152163797,0.14241136610507965,0.28075170516967773,0.29412001371383667,0.11129432916641235,0.05923744663596153,0.08109556138515472
3895333,6dad95e6-8096-4cf5-91f7-9113b3c9c1db,Pass,0,0.2135877152163797,0.13733521103858948,0.10184264183044434,0.08296214789152145,0.08362121134996414,0.04833677411079407,0.0517394095659256
3895333,1b7291c5-7b7b-4cca-8ef1-26445ece5441,Pass,0,0.2135877152163797,0.059525489807128906,0.06397008895874023,0.1160082146525383,0.07969120144844055,0.03983417898416519,0.03535215184092522
3895333,72eac4aa-31bc-4251-8fea-6ccece18ac7c,Pass,1,0.2135877152163797,0.4926002621650696,0.4450535476207733,0.4863814413547516,0.4768720269203186,0.4190830588340759,0.37210774421691895
3895333,ec1b0617-4720-458f-a2f2-65329e26e6c0,Clearance,1,0.2135877152163797,0.14448682963848114,0.19491247832775116,0.10051602870225906,0.20341742038726807,0.1988324671983719,0.20320196449756622
3895333,ccf76c64-842f-4265-a107-f35b603de19b,Clearance,0,0.2135877152163797,0.3688848316669464,0.23198853433132172,0.26034852862358093,0.2910500168800354,0.3209986686706543,0.2854265570640564
3895333,c8e9029e-15e9-47ae-b5b3-f32f217abbe1,Clearance,0,0.2135877152163797,0.22493670880794525,0.26245132088661194,0.2843641936779022,0.34197303652763367,0.31561997532844543,0.3378562331199646
3895333,301bfb5c-e0f7-4254-af19-c7530d1e8478,Pass,1,0.2135877152163797,0.2029283046722412,0.14557087421417236,0.1358000785112381,0.07498879730701447,0.276763379573822,0.2306365966796875
3895340,b3870177-1ada-4b38-9e73-dc0cf2fb6c6a,Clearance,0,0.21378667908709828,0.34251105785369873,0.16023984551429749,0.1817505657672882,0.16245165467262268,0.169195756316185,0.19271808862686157
3895340,fec4f89b-8edb-458c-89c3-b1217b565bab,Clearance,1,0.21378667908709828,0.12867023050785065,0.16482824087142944,0.3258116841316223,0.41129860281944275,0.41312000155448914,0.3770195543766022
3895340,f7c07b9b-2c90-493b-8d49-6e6b48d614c3,Clearance,0,0.21378667908709828,0.34251105785369873,0.5546515583992004,0.549139678478241,0.579339861869812,0.503120481967926,0.5396952629089355
3895340,9d39f6a0-4f03-4695-b5be-a05d6a65b70d,Pass,0,0.21378667908709828,0.1247006356716156,0.08611653000116348,0.053572557866573334,0.06130692735314369,0.022860359400510788,0.015074015595018864
3895340,c0d09f57-7cf9-475e-bf21-539a41f00e4d,Clearance,1,0.21378667908709828,0.27447712421417236,0.2717894911766052,0.24940429627895355,0.3587896227836609,0.28433918952941895,0.31246137619018555
3895340,295caefb-105c-4230-aaba-b79d3b7b9253,Clearance,1,0.21378667908709828,0.17913858592510223,0.27103501558303833,0.29632580280303955,0.4644436836242676,0.49847710132598877,0.48000964522361755
3895340,f2637177-437f-4e2b-a261-68c274d222e4,Clearance,0,0.21378667908709828,0.23366859555244446,0.150168776512146,0.138402059674263,0.3768724501132965,0.36812329292297363,0.4366346001625061
3895340,c389fcd0-c11f-469d-aca0-12dbfa86abf9,Clearance,0,0.21378667908709828,0.33983615040779114,0.48448339104652405,0.440340131521225,0.5671333074569702,0.6005328297615051,0.5867578983306885
3895340,f2189c6e-c9af-4a53-a28f-750113c13157,Pass,0,0.21378667908709828,0.13656601309776306,0.12484976649284363,0.0659317895770073,0.02309410460293293,0.010535959154367447,0.023624693974852562
3895340,0d68a088-38b1-417c-b061-4053398b4031,Pass,0,0.21378667908709828,0.12360197305679321,0.29910725355148315,0.18788380920886993,0.17803728580474854,0.11410209536552429,0.08889705687761307
3895348,f45cd73d-a4c5-408f-b3f0-aac35dff8909,Pass,0,0.21378667908709828,0.13858076930046082,0.2942968010902405,0.18776699900627136,0.16736595332622528,0.09533637017011642,0.06804247945547104
3895348,5de8d802-cd5d-45d4-88e8-9c3882223562,Clearance,0,0.21378667908709828,0.19386011362075806,0.19341875612735748,0.16176414489746094,0.27661633491516113,0.30366531014442444,0.3515348732471466
3895348,85ad660a-e185-48ba-8ef2-07b585f040bd,Clearance,0,0.21378667908709828,0.35440585017204285,0.14530272781848907,0.19031670689582825,0.21804894506931305,0.3194023370742798,0.21593965590000153
3895348,80ae0b4c-ecf7-4cba-b958-e1656fc6ff52,Clearance,0,0.21378667908709828,0.3206583559513092,0.09099258482456207,0.14242562651634216,0.12834298610687256,0.12016121298074722,0.12541694939136505
3895348,ef98887b-5517-4028-b05b-24076e659d78,Pass,1,0.21378667908709828,0.39426708221435547,0.39073851704597473,0.3051982522010803,0.3324308395385742,0.3870367407798767,0.5638740658760071
3895348,8c694827-0f25-477f-b0d4-1e9532e6f221,Pass,0,0.21378667908709828,0.10975226759910583,0.14205336570739746,0.14200085401535034,0.12179923802614212,0.23290382325649261,0.2170824557542801
3895348,ca11809e-c132-4579-a1a6-c6e4ca6d3956,Pass,0,0.21378667908709828,0.12847428023815155,0.22218464314937592,0.21087263524532318,0.15299642086029053,0.07448020577430725,0.05106622725725174
3895348,afdeae2a-de4e-4edc-a745-d6ab7a19ac95,Clearance,0,0.21378667908709828,0.2640325427055359,0.10945000499486923,0.15757788717746735,0.136855810880661,0.135019913315773,0.1165153831243515
3930158,c4ac0165-7761-4f4d-8d9a-ad93374b8fdf,Pass,1,0.2126865671641791,0.32038450241088867,0.2677980661392212,0.32961124181747437,0.26637622714042664,0.2907552123069763,0.34315770864486694
3930158,c4b88ebd-10ee-40ce-b1c2-88e83bfd50a7,Pass,0,0.2126865671641791,0.3829960525035858,0.48693010210990906,0.45295456051826477,0.43579402565956116,0.21315158903598785,0.12959128618240356
3930158,4759cebe-e58d-4bb5-80c7-8bec232ab77d,Pass,0,0.2126865671641791,0.15148694813251495,0.2540983557701111,0.20242202281951904,0.06308764219284058,0.027354594320058823,0.030354192480444908
3930158,d80b5a88-59a4-47bc-bca7-0fa51d7537d9,Pass,0,0.2126865671641791,0.05669836327433586,0.05572854354977608,0.06921651214361191,0.05062126740813255,0.03251475840806961,0.04476683959364891
3930158,6a746bb5-1d3c-4f79-8e29-8b9e76ba27db,Clearance,0,0.2126865671641791,0.2209644317626953,0.10008622705936432,0.08617032319307327,0.1297391951084137,0.17715679109096527,0.16896583139896393
3930158,8e898655-c23a-4d4f-8d87-d1f0c8dcdebf,Pass,0,0.2126865671641791,0.2934860587120056,0.4455901086330414,0.32800355553627014,0.08801878243684769,0.04971930757164955,0.038980212062597275
3930158,455f5889-1e09-4da8-8c47-9b0dbda50eb2,Clearance,0,0.2126865671641791,0.13244545459747314,0.2895152270793915,0.3099256753921509,0.3727397620677948,0.3524579703807831,0.37633848190307617
3930159,b4f5fa7b-ad04-4275-962e-14dec26b968a,Pass,0,0.21288515406162464,0.14997868239879608,0.3100266456604004,0.22193747758865356,0.10825396329164505,0.05184894800186157,0.0979156568646431
3930159,4db5698b-60ac-433d-bebf-4c4cd9869811,Pass,0,0.21288515406162464,0.05571410432457924,0.09215421974658966,0.0788097009062767,0.07318957895040512,0.3840794861316681,0.350125789642334
3930159,176f3ddb-7c91-4f1c-bad3-615963b0b146,Pass,0,0.21288515406162464,0.18756099045276642,0.30973532795906067,0.3222156763076782,0.16424500942230225,0.04128726199269295,0.05375145748257637
3930159,1bd31edc-1330-4ede-80af-6afa2a22a54c,Pass,0,0.21288515406162464,0.19711609184741974,0.1935568004846573,0.1423746645450592,0.10286395996809006,0.05104244127869606,0.06834324449300766
3930159,96db74be-129d-4d08-8b13-703ebb6a4566,Pass,0,0.21288515406162464,0.10741251707077026,0.14762648940086365,0.14088816940784454,0.0963849276304245,0.08826428651809692,0.049930330365896225
3930159,47633993-e87c-42bd-8844-594ecf0a70a8,Pass,0,0.21288515406162464,0.09563035517930984,0.041082385927438736,0.03184253349900246,0.028333378955721855,0.10512260347604752,0.07312005013227463
3930159,3c89bbb1-0e6b-4547-b58c-a7e50bfbed9d,Pass,0,0.21288515406162464,0.16039256751537323,0.16063176095485687,0.13697968423366547,0.07990048825740814,0.04452934116125107,0.020799225196242332
3930159,b869e663-4b2d-4db9-a0af-4373558942d4,Pass,0,0.21288515406162464,0.2188487946987152,0.11019621044397354,0.15715067088603973,0.09303935617208481,0.05755681172013283,0.04718855395913124
3930159,56d6635a-bfc0-4410-8796-5dc7ac17eb2b,Pass,0,0.21288515406162464,0.1023530587553978,0.182233065366745,0.226230189204216,0.15638045966625214,0.08199065923690796,0.07869363576173782
3930159,9f8996b9-17f5-47af-b267-65915a542ec8,Pass,0,0.21288515406162464,0.09823056310415268,0.06062896549701691,0.09174680709838867,0.04750832915306091,0.018035318702459335,0.011471781879663467
3930159,b463a140-738d-4960-b8cb-3e9fa22fc4ad,Clearance,0,0.21288515406162464,0.2932898700237274,0.08101659268140793,0.1689697951078415,0.11186027526855469,0.11802776157855988,0.12881305813789368
3930159,56db71c0-d275-4403-b988-fbafd7c2a0c5,Pass,0,0.21288515406162464,0.19787900149822235,0.11725892871618271,0.12209078669548035,0.08811210840940475,0.11016406863927841,0.028320187702775
3930159,a11b3f68-779e-4119-b61e-96a2f3f184ac,Clearance,1,0.21288515406162464,0.334577739238739,0.26717621088027954,0.33496588468551636,0.27120962738990784,0.35679686069488525,0.3628304898738861
3930160,7fdb6753-1044-401d-8ebe-185db3dab512,Pass,0,0.21302325581395348,0.18852151930332184,0.09803187847137451,0.0886649340391159,0.10519842058420181,0.04789965599775314,0.029124654829502106
3930160,1ec623cf-bb30-444f-bdcd-1f58b5c0b158,Pass,0,0.21302325581395348,0.1948816329240799,0.1515626311302185,0.3043045699596405,0.13615958392620087,0.10293221473693848,0.14637291431427002
3930160,aa9c3b4f-2238-49d1-9bd0-678aac808dda,Pass,1,0.21302325581395348,0.236606627702713,0.10948590934276581,0.1236741840839386,0.08220799267292023,0.30549031496047974,0.10675746947526932
3930160,3874da99-0276-42e7-8291-973d15c5ced7,Pass,0,0.21302325581395348,0.2311788648366928,0.17507334053516388,0.14510945975780487,0.10416603833436966,0.09082113206386566,0.07225081324577332
3930160,64a81c0c-c3f7-4356-aad2-f1dce38584ef,Pass,0,0.21302325581395348,0.12369361519813538,0.29302099347114563,0.21859778463840485,0.15071217715740204,0.08572319895029068,0.06537046283483505
3930160,9913a5bb-0568-4c0e-ab66-0227ba54b2fd,Clearance,1,0.21302325581395348,0.2921574115753174,0.29788142442703247,0.3218693137168884,0.3611941337585449,0.43029919266700745,0.503012478351593
3930160,a305f833-041f-4515-a424-b5df6f484a60,Pass,0,0.21302325581395348,0.17623719573020935,0.22606167197227478,0.2869606912136078,0.13018766045570374,0.08382988721132278,0.06457400321960449
3930160,971884c8-02f8-45d4-af2e-10a8e7c90370,Pass,0,0.21302325581395348,0.1778281182050705,0.1029309406876564,0.12413543462753296,0.08984175324440002,0.054327115416526794,0.04907209053635597
3930160,ee322355-3ec5-49ea-9fb2-8aa44e6eb848,Clearance,0,0.21302325581395348,0.3370269238948822,0.22061072289943695,0.3984422981739044,0.34202098846435547,0.33202558755874634,0.2691704332828522
3930160,6418978a-cc4d-4d45-80c9-c6941a3f5490,Pass,0,0.21302325581395348,0.1205834448337555,0.07812867313623428,0.09828538447618484,0.047095347195863724,0.028252623975276947,0.010963944718241692
3930160,85acf046-5935-4900-ac45-1772a1e97802,Pass,0,0.21302325581395348,0.1689073145389557,0.22769682109355927,0.1591993272304535,0.10446735471487045,0.06547984480857849,0.02519037388265133
3930160,d4ed4d31-9bfd-4915-8fed-5f4029f0cee3,Pass,0,0.21302325581395348,0.3108934164047241,0.34246307611465454,0.38082560896873474,0.3724070191383362,0.29636406898498535,0.12771402299404144
3930160,c6772020-0247-4852-96e8-a880f575ed0c,Pass,0,0.21302325581395348,0.3076637387275696,0.17161041498184204,0.25723156332969666,0.2054196298122406,0.20609712600708008,0.17194992303848267
3930161,34f74e79-0c0d-402e-bd3a-cc338b63b02d,Pass,0,0.2126865671641791,0.14862452447414398,0.10073888301849365,0.07712160050868988,0.055309396237134933,0.2694104313850403,0.32743826508522034
3930161,b74848de-e2c6-4623-b3c4-25cdc28f0d83,Pass,0,0.2126865671641791,0.11943051218986511,0.11648787558078766,0.12710967659950256,0.11867102980613708,0.07458002865314484,0.05865049734711647
3930161,ac251821-bc2f-478f-af7d-99da2bcc89b2,Pass,0,0.2126865671641791,0.2730802297592163,0.20965783298015594,0.11356204003095627,0.16124925017356873,0.14437656104564667,0.12013059854507446
3930161,0e984600-b734-4dc6-8b0c-cd1fd5a2df2c,Pass,0,0.2126865671641791,0.4477519690990448,0.4712136685848236,0.3513796627521515,0.1729341298341751,0.1557772308588028,0.14112910628318787
3930161,1a502d51-c693-47e1-b0ed-7e9d721b140d,Clearance,0,0.2126865671641791,0.2099885642528534,0.2577371597290039,0.1918814331293106,0.24398118257522583,0.30784764885902405,0.2552366554737091
3930161,c90e8f78-8217-408d-a4bb-4b6eff1fbf3f,Pass,0,0.2126865671641791,0.30471161007881165,0.32328420877456665,0.2605423629283905,0.13309569656848907,0.13449183106422424,0.11758742481470108
3930162,9bb215ad-592a-4391-8c52-554e6ae52149,Pass,0,0.21378667908709828,0.2686801254749298,0.2701607644557953,0.21534602344036102,0.12279468774795532,0.0696326494216919,0.05738835781812668
3930162,6cc7f653-9509-45c8-9f01-2dafae037882,Clearance,0,0.21378667908709828,0.22540844976902008,0.12244704365730286,0.13630311191082,0.10502250492572784,0.0939294695854187,0.0782657042145729
3930162,fb9d590d-4eb1-4004-97ab-a3505eeb5b29,Clearance,1,0.21378667908709828,0.2394554167985916,0.16706454753875732,0.22082822024822235,0.38440436124801636,0.46081697940826416,0.38670623302459717
3930162,59f5824e-49aa-4dc5-b379-04744c13cf31,Pass,0,0.21378667908709828,0.12514038383960724,0.10636896640062332,0.058567676693201065,0.05497567355632782,0.019199833273887634,0.01139417476952076
3930162,cfc6f1da-e8ba-439f-b3f4-bf57cf40896e,Clearance,0,0.21378667908709828,0.27436771988868713,0.28763818740844727,0.27612704038619995,0.37683114409446716,0.33160021901130676,0.3619057536125183
3930162,697bdf01-cc1a-4e2a-a239-126080cef15f,Pass,1,0.21378667908709828,0.5871621966362,0.4169076979160309,0.41166847944259644,0.462337851524353,0.41603535413742065,0.2486451119184494
3930162,b364dee7-ca9e-4c01-8632-14835725e3fc,Clearance,0,0.21378667908709828,0.2850220501422882,0.34352532029151917,0.5471463203430176,0.4360811412334442,0.437844842672348,0.4615118205547333
3930162,dbebc3a0-d393-4610-bbd1-8e0cc3c9fd63,Clearance,0,0.21378667908709828,0.2378762811422348,0.20008864998817444,0.286561518907547,0.3083936870098114,0.25795039534568787,0.3078525960445404
3930162,43712024-5429-47e0-b46b-ab2f06ecb077,Clearance,1,0.21378667908709828,0.31351327896118164,0.28014302253723145,0.2988770306110382,0.3201030194759369,0.3234555423259735,0.29621270298957825
3930162,592306c8-2c71-4e8c-bcc6-3b89d8a59654,Clearance,0,0.21378667908709828,0.35440585017204285,0.5444167256355286,0.5068202018737793,0.5286657214164734,0.4780578911304474,0.4438403844833374
3930162,306090df-c3e6-4ab0-8f97-e79d6977dd56,Pass,1,0.21378667908709828,0.31128594279289246,0.3503529727458954,0.372586190700531,0.3322705626487732,0.33082520961761475,0.37613412737846375
3930162,fd0ba11e-818b-45bf-9ba3-cdd824978001,Pass,0,0.21378667908709828,0.1888449490070343,0.1747806817293167,0.10021514445543289,0.07464271783828735,0.039169833064079285,0.046169258654117584
3930162,838dfd32-3a46-42a6-9775-6eab0e297c39,Clearance,0,0.21378667908709828,0.26681381464004517,0.09179873764514923,0.12677283585071564,0.2005196511745453,0.25295552611351013,0.31554266810417175
3930163,08c1733e-cb33-4a0f-a0f6-9543b67b35e8,Pass,1,0.2126865671641791,0.16558584570884705,0.09127723425626755,0.058454811573028564,0.06271770596504211,0.04654146730899811,0.02311733178794384
3930163,9b6f1f81-10fb-41b8-8e83-8c9c03bce7d9,Clearance,0,0.2126865671641791,0.3010250926017761,0.33084362745285034,0.4830281436443329,0.5423542857170105,0.5417228937149048,0.5398176908493042
3930163,56eca593-3abe-445a-b065-c62c4de08c3c,Pass,1,0.2126865671641791,0.16918596625328064,0.07078787684440613,0.08851883560419083,0.06893444061279297,0.03527650237083435,0.027635978534817696
3930163,6570e76b-eb9b-4fe9-8449-0cd2a558e7c4,Clearance,1,0.2126865671641791,0.3529582619667053,0.29335319995880127,0.4547182023525238,0.35089680552482605,0.4456411302089691,0.48675453662872314
3930163,9e0ab80a-2bc0-462b-bfb9-895d348ba599,Clearance,0,0.2126865671641791,0.3366903066635132,0.2665102779865265,0.38764476776123047,0.36782434582710266,0.40189534425735474,0.3929111659526825
3930163,ef0116e1-54a3-4c17-990b-4d7b26297cd1,Clearance,0,0.2126865671641791,0.37644654512405396,0.5016331076622009,0.5722583532333374,0.6057600378990173,0.5409892797470093,0.5218333601951599
3930163,6e8ff901-53be-425c-ac92-b23282af2ea4,Pass,1,0.2126865671641791,0.14693927764892578,0.1000886932015419,0.09137657284736633,0.08219883590936661,0.3528163433074951,0.28022947907447815
3930163,65b728ad-8df1-451d-a79e-2144ce3b8c2b,Pass,0,0.2126865671641791,0.08936992287635803,0.0946386307477951,0.09279698878526688,0.06377928704023361,0.0629502683877945,0.09772145003080368
3930163,1145dff9-af9d-4eba-861d-35363f53f842,Pass,0,0.2126865671641791,0.2668876051902771,0.3242024779319763,0.2834149897098541,0.11051182448863983,0.14930684864521027,0.19145046174526215
3930163,68285816-2221-4383-944d-a5c13deec311,Pass,0,0.2126865671641791,0.09734077751636505,0.1824180781841278,0.08150431513786316,0.07889020442962646,0.1423311084508896,0.17075641453266144
3930163,5d8ee061-cbf6-41ce-a3e7-e21b1504bb66,Pass,0,0.2126865671641791,0.12086499482393265,0.10727144032716751,0.07552119344472885,0.0556013360619545,0.08976621180772781,0.0556701198220253
3930163,e42bb842-cd71-4c88-acf3-f1ba3ea1de6b,Pass,0,0.2126865671641791,0.07941992580890656,0.1411546915769577,0.1063823327422142,0.0676695704460144,0.031261444091796875,0.039180804044008255
3930164,7e056686-5e7a-440d-bef1-4eac143c6642,Pass,0,0.21378667908709828,0.3346957862377167,0.06232338398694992,0.0771319642663002,0.059491999447345734,0.02175959199666977,0.02597745694220066
3930164,de0107c8-c74d-4e96-9535-71164d1fff4e,Clearance,1,0.21378667908709828,0.1869235336780548,0.3316164016723633,0.25216880440711975,0.5835859775543213,0.5481414198875427,0.5561597943305969
3930164,b0d1818f-b749-47a6-a361-a6a7ecac7a1b,Pass,0,0.21378667908709828,0.1262866109609604,0.1810310184955597,0.17977747321128845,0.1339210420846939,0.05768177658319473,0.03285316377878189
3930164,f1b48c3c-458c-42c1-96e6-f6c1cfaf0b26,Pass,0,0.21378667908709828,0.19784517586231232,0.12715773284435272,0.11919641494750977,0.09759308397769928,0.06415887922048569,0.047522325068712234
3930164,6dd1acbc-6f7b-4955-a6c3-a374b6704c37,Pass,0,0.21378667908709828,0.2600942850112915,0.36395734548568726,0.38708043098449707,0.11821232736110687,0.28229308128356934,0.42796990275382996
3930164,716065b8-d212-4847-83e4-fd39408612c9,Pass,0,0.21378667908709828,0.11880852282047272,0.2567395269870758,0.2593507468700409,0.11424385011196136,0.06449876725673676,0.05152761936187744
3930164,efbb1b62-8977-486b-af69-2e63b00492f2,Pass,0,0.21378667908709828,0.20108817517757416,0.15532268583774567,0.14987815916538239,0.1255042403936386,0.08393160253763199,0.0748814195394516
3930164,f78a52c3-e227-4772-98a9-6527f35c5eb4,Clearance,0,0.21378667908709828,0.263904869556427,0.10388334095478058,0.08237538486719131,0.1167810782790184,0.13047751784324646,0.16444432735443115
3930164,2cc092d7-97f6-481c-9feb-ad1fe04a394e,Pass,0,0.21378667908709828,0.16186247766017914,0.26843929290771484,0.3686240613460541,0.20614159107208252,0.11514370888471603,0.11117903888225555
3930164,21d5bf8d-9b24-4fc4-b67b-5569bc308c10,Pass,0,0.21378667908709828,0.09591170400381088,0.06518858671188354,0.07680010795593262,0.09280690550804138,0.036754902452230453,0.02172122709453106
3930165,38a9cd7d-5fdc-4b60-a858-8da16583f749,Pass,0,0.21288515406162464,0.10899928957223892,0.1870909482240677,0.15865164995193481,0.08637699484825134,0.031842924654483795,0.02951808087527752
3930165,19ec4cbe-a7a8-452c-ab9f-0d5e83d024e0,Clearance,1,0.21288515406162464,0.36792320013046265,0.3018898069858551,0.28951138257980347,0.4064632058143616,0.3597602844238281,0.3060159385204315
3930165,ebf88626-b722-41ab-aaab-6c3d0a47da59,Clearance,0,0.21288515406162464,0.30080166459083557,0.14152295887470245,0.14280155301094055,0.10264670103788376,0.08873192220926285,0.11720637232065201
3930165,d1c7bf9a-bc9c-4c3c-89a7-1318e089225b,Clearance,0,0.21288515406162464,0.3736107647418976,0.20897135138511658,0.16143599152565002,0.24802879989147186,0.2570202648639679,0.24628722667694092
3930165,376eb9d5-9f56-4ca6-a091-77bc66fee6fe,Clearance,0,0.21288515406162464,0.09546750783920288,0.22049930691719055,0.1707129031419754,0.46138644218444824,0.3368164002895355,0.444137841463089
3930165,95b58ea5-b084-4b19-9d63-60ea63e21c3c,Pass,0,0.21288515406162464,0.2604590952396393,0.320477157831192,0.27281537652015686,0.3368821442127228,0.1926380693912506,0.11823470890522003
3930165,1a4c7cd3-436f-495b-aa65-8cbad880597d,Pass,0,0.21288515406162464,0.22057323157787323,0.26614001393318176,0.14228610694408417,0.1069820299744606,0.1125001534819603,0.03723040223121643
3930165,9b21e8b3-85a6-48e0-b65c-e8d4713a2909,Pass,0,0.21288515406162464,0.07351738959550858,0.07063528150320053,0.06762479990720749,0.10466250032186508,0.13247798383235931,0.1346784085035324
3930165,e20a165c-7b40-4c81-9cf6-91e5835ab94c,Clearance,1,0.21288515406162464,0.4302420914173126,0.19914981722831726,0.2184017300605774,0.26978859305381775,0.2377004325389862,0.26388001441955566
3930165,d62e5c04-5f84-4b86-a2c1-a78ffdc6cbd2,Pass,0,0.21288515406162464,0.23482082784175873,0.15509739518165588,0.16812387108802795,0.21963763236999512,0.2331480234861374,0.2643623948097229
3930165,81da97ad-d9a0-4b35-86c0-4ff9946a0e3a,Clearance,0,0.21288515406162464,0.24574799835681915,0.2307714819908142,0.18320119380950928,0.22243526577949524,0.14112842082977295,0.18105441331863403
3930165,ba28a318-cfa5-4b26-a9ca-86a3f38743d5,Pass,0,0.21288515406162464,0.1864105463027954,0.1489570438861847,0.20123665034770966,0.16920968890190125,0.29796579480171204,0.27535393834114075
3930166,6ec77eda-41f9-47b3-94c6-d402f829fbc9,Clearance,1,0.2126865671641791,0.09878931939601898,0.19029103219509125,0.2722170352935791,0.49007517099380493,0.5995252728462219,0.5491825938224792
3930166,aeb0adcd-7a1f-41ac-8dfb-dd21d0158918,Pass,0,0.2126865671641791,0.08284464478492737,0.2752889394760132,0.3174832761287689,0.18466220796108246,0.18206854164600372,0.14342056214809418
3930166,06660113-d037-4075-9b59-b2add9eabd5a,Pass,0,0.2126865671641791,0.24900458753108978,0.25708284974098206,0.302288293838501,0.11492919921875,0.06387420743703842,0.10058563947677612
3930166,46e76e45-1c11-4ce9-a163-d2ee3562efde,Clearance,0,0.2126865671641791,0.4032876789569855,0.33792752027511597,0.25679177045822144,0.20649173855781555,0.2797670364379883,0.335257351398468
3930166,e3a8d392-6e53-434f-a7be-848f928282f1,Clearance,0,0.2126865671641791,0.18304269015789032,0.13222633302211761,0.07345046103000641,0.1521366685628891,0.13038557767868042,0.18766409158706665
3930166,dbf83a6d-d32d-4b8c-a7c2-a3c7e2992b39,Clearance,1,0.2126865671641791,0.3828630745410919,0.36812782287597656,0.2940806746482849,0.3096328675746918,0.3271358013153076,0.31611183285713196
3930166,919da44e-606a-466c-8b5b-976105f857e2,Pass,0,0.2126865671641791,0.21221500635147095,0.17266026139259338,0.06852459907531738,0.07607563585042953,0.16408327221870422,0.1459854245185852
3930166,94247803-e9ac-467b-bb68-b9168b13a54a,Pass,0,0.2126865671641791,0.11968816071748734,0.11735496670007706,0.09845220297574997,0.13461747765541077,0.10654616355895996,0.09137935191392899
3930166,0270794c-b94a-4f3b-8671-9e0d999801b2,Pass,0,0.2126865671641791,0.10677758604288101,0.18453489243984222,0.20592789351940155,0.16299130022525787,0.053220320492982864,0.028225598856806755
3930166,dc0fa7dc-4d2b-49c6-bab9-e7cc6eeb073b,Pass,0,0.2126865671641791,0.2577351927757263,0.24114325642585754,0.14228811860084534,0.16801509261131287,0.05271352082490921,0.08965220302343369
3930166,7c6f732e-6c58-418a-8994-5b408ac837c5,Pass,0,0.2126865671641791,0.18072347342967987,0.24611727893352509,0.19964821636676788,0.1013549193739891,0.0394241064786911,0.0815468430519104
3930166,b71bcd74-b9c6-4703-92c3-cb4d3797b61b,Pass,1,0.2126865671641791,0.10248156636953354,0.2956104576587677,0.3098105788230896,0.11322847753763199,0.1635066568851471,0.16096167266368866
3930166,a7c443b8-f623-49a4-8891-6ef7f10bb09e,Pass,0,0.2126865671641791,0.07597959786653519,0.14851626753807068,0.14041772484779358,0.10622702538967133,0.052402786910533905,0.04121527075767517
3930167,bcb23c21-41fc-4bca-956e-61a12ddc63d7,Pass,0,0.21288515406162464,0.34506359696388245,0.32317355275154114,0.25601470470428467,0.13923132419586182,0.0704524889588356,0.09532774984836578
3930167,d8d9a855-8742-4437-a689-f796110708dc,Pass,1,0.21288515406162464,0.16123032569885254,0.12791243195533752,0.0873652845621109,0.10086510330438614,0.07968028634786606,0.07348989695310593
3930167,5869629e-f9cf-4f2b-a824-3d6dde7ab0bd,Pass,1,0.21288515406162464,0.1839941293001175,0.23931317031383514,0.382863849401474,0.1971646100282669,0.0880218967795372,0.08823731541633606
3930167,b52ad4a7-8a2c-4584-983c-79b88a1ad9a6,Clearance,0,0.21288515406162464,0.2422739863395691,0.2289469689130783,0.2934786081314087,0.2929583191871643,0.3563331365585327,0.33101388812065125
3930167,120ae5e3-c999-4d7d-9cf6-8679d857d59b,Pass,0,0.21288515406162464,0.3677299916744232,0.19757314026355743,0.19258259236812592,0.19085267186164856,0.1551695615053177,0.10724717378616333
3930167,ba1d81fb-6678-46e1-98cf-31bae91f70cd,Pass,0,0.21288515406162464,0.16948121786117554,0.08110283315181732,0.05122944340109825,0.07114975154399872,0.055988188832998276,0.03631600737571716
3930167,db150176-92e5-414b-895f-1f6011e51bd6,Clearance,1,0.21288515406162464,0.29448017477989197,0.10724183171987534,0.1803109049797058,0.25371310114860535,0.2550967037677765,0.27380505204200745
3930167,a51698cd-4b06-4579-b608-7d85d8fa4bc3,Pass,0,0.21288515406162464,0.1139613538980484,0.09832350164651871,0.059198442846536636,0.07551088184118271,0.04925457015633583,0.021405784413218498
3930167,cc72d7a0-6623-41ec-98f1-405dfc65ac18,Clearance,0,0.21288515406162464,0.14964106678962708,0.25125744938850403,0.1935049295425415,0.49756431579589844,0.44372713565826416,0.435421347618103
3930168,ef2a634e-13db-4a10-b293-6d335956a44d,Clearance,0,0.21302325581395348,0.2344510853290558,0.2501187324523926,0.2274569272994995,0.25582578778266907,0.23582923412322998,0.2352428287267685
3930168,29dee8fe-be1a-4910-ba4a-2389e313b355,Pass,0,0.21302325581395348,0.06782913208007812,0.07087475806474686,0.0625179260969162,0.09798610210418701,0.05326133966445923,0.0310483630746603
3930168,702be352-51f0-470e-af1f-aab6b13a8920,Pass,0,0.21302325581395348,0.22544628381729126,0.151306614279747,0.06334905326366425,0.0744837075471878,0.03825463727116585,0.04083592817187309
3930168,e0e93447-ad6d-4849-8c00-0d2d7ab40c33,Clearance,0,0.21302325581395348,0.23952597379684448,0.16284224390983582,0.16742494702339172,0.1733829230070114,0.1790018379688263,0.16116373240947723
3930168,ad9e5bf1-d900-4cab-ac85-ea2d26f04eb7,Pass,0,0.21302325581395348,0.2331293821334839,0.27210912108421326,0.1890115737915039,0.12540267407894135,0.13017670810222626,0.1018609032034874
3930168,3c8361ad-d934-4753-8462-becc94bfa76d,Pass,0,0.21302325581395348,0.09666696190834045,0.07399119436740875,0.15032842755317688,0.10934194177389145,0.07785831391811371,0.05123442783951759
3930168,d52fb405-360f-4e3c-b849-50368a4a4e75,Clearance,0,0.21302325581395348,0.23513191938400269,0.2801325023174286,0.233735129237175,0.2373596727848053,0.22295218706130981,0.2630571722984314
3930169,d0fc0b19-c568-4d02-ae9e-8df6fba662f5,Pass,0,0.21378667908709828,0.08779473602771759,0.0622946098446846,0.046296700835227966,0.03715307265520096,0.026446854695677757,0.012306928634643555
3930169,90685a71-41b5-44e7-97ef-c7570d77b9d1,Pass,0,0.21378667908709828,0.15465529263019562,0.2323634773492813,0.23064693808555603,0.219160258769989,0.24551185965538025,0.15217620134353638
3930169,aa77bc76-44b8-4f84-888e-0ee8f9ba2290,Pass,0,0.21378667908709828,0.2044081687927246,0.24894990026950836,0.22083541750907898,0.2403653860092163,0.26621803641319275,0.17865638434886932
3930169,2dcdf7b2-ae9d-4678-bdc5-d750a787f3fa,Pass,1,0.21378667908709828,0.20551998913288116,0.18408887088298798,0.15496045351028442,0.059605248272418976,0.16745097935199738,0.2673610746860504
3930169,8330bee8-cb47-4b84-a312-4b57f771e5e0,Pass,0,0.21378667908709828,0.09262552112340927,0.07694564759731293,0.10050779581069946,0.08713283389806747,0.12246045470237732,0.06293617933988571
3930169,5b9b43d8-1aed-4d5d-af01-3defa17178cc,Clearance,0,0.21378667908709828,0.1733221411705017,0.2457471638917923,0.17250360548496246,0.2246626764535904,0.17882660031318665,0.18422946333885193
3930169,da03e59b-c12c-4833-a5c2-6881742b1e94,Pass,1,0.21378667908709828,0.33330801129341125,0.17897088825702667,0.17709095776081085,0.1157887652516365,0.05493805557489395,0.043277934193611145
3930169,7d3e367d-9b99-443e-ba18-62d9d269226f,Clearance,0,0.21378667908709828,0.15815597772598267,0.09569691121578217,0.1077074408531189,0.23160573840141296,0.2542102634906769,0.25477105379104614
3930169,44384760-74c6-4a6d-bd0d-a1dd1f7e38d8,Pass,0,0.21378667908709828,0.12132339179515839,0.12082721292972565,0.08152371644973755,0.10856718569993973,0.0473308265209198,0.05243329331278801
3930169,7807e25c-2b2e-477a-b4ad-b70bbc837266,Clearance,1,0.21378667908709828,0.2201722413301468,0.18735039234161377,0.08029154688119888,0.25618991255760193,0.3109917640686035,0.30953189730644226
3930169,1dfb7d30-19aa-44af-bcd6-d9560cd35382,Pass,0,0.21378667908709828,0.08136160671710968,0.10285290330648422,0.09872118383646011,0.050428953021764755,0.03103954717516899,0.022554127499461174
3930169,68123277-f60c-49bf-a7ca-6c297e9d9e82,Pass,0,0.21378667908709828,0.158885195851326,0.1605989933013916,0.11410759389400482,0.13107286393642426,0.2920949459075928,0.203602597117424
3930169,9dea0ed7-a88e-4ff0-b853-7885228197d4,Clearance,1,0.21378667908709828,0.13559521734714508,0.17348085343837738,0.1476222276687622,0.24824196100234985,0.34605246782302856,0.2943970859050751
3930169,c387d5a8-c1ba-489a-9ef4-daef512af7f1,Clearance,0,0.21378667908709828,0.2584814131259918,0.20668867230415344,0.19671635329723358,0.25231242179870605,0.3336953818798065,0.3239547610282898
3930169,1f2678a8-37c7-4e93-a593-ede6f3a56275,Clearance,0,0.21378667908709828,0.41287851333618164,0.4343307316303253,0.3798789381980896,0.3794998824596405,0.3929412066936493,0.43495678901672363
3930169,1132d918-5f67-40fe-b0d8-0a085351e076,Pass,0,0.21378667908709828,0.19018593430519104,0.14016079902648926,0.06846203655004501,0.05360851064324379,0.2108003795146942,0.24348580837249756
3930169,fb02d113-b3ea-4b05-b401-4bc8255cff86,Pass,0,0.21378667908709828,0.1828213930130005,0.16863945126533508,0.11906284838914871,0.06738535314798355,0.029359346255660057,0.029741160571575165
3930169,7d799f9d-cbe4-4ed9-aadf-89d7be180af2,Clearance,0,0.21378667908709828,0.1958695650100708,0.3067565858364105,0.41710007190704346,0.415397047996521,0.3407336175441742,0.37352487444877625
3930169,ceccdaa4-4e8e-4819-a4a8-1672d6ed4700,Pass,0,0.21378667908709828,0.1565563678741455,0.1052604615688324,0.1291416585445404,0.11166144162416458,0.11725647747516632,0.07685142755508423
3930170,3e690917-7f79-43f9-988e-6fe4955bd0c9,Clearance,1,0.21288515406162464,0.29809918999671936,0.4665813446044922,0.4691479802131653,0.4233902394771576,0.44124215841293335,0.38529837131500244
3930170,6b8ac496-1b32-48c3-8d1c-752c16940f7a,Pass,1,0.21288515406162464,0.2915685772895813,0.1924917995929718,0.26362669467926025,0.14961852133274078,0.1547820270061493,0.11896040290594101
3930170,04367b2b-88b9-434d-9f18-ac4438ffa7b5,Pass,0,0.21288515406162464,0.27403759956359863,0.16465026140213013,0.14282234013080597,0.062153562903404236,0.028620271012187004,0.18239714205265045
3930170,d4945513-768d-404d-92ab-1489fc2bf763,Clearance,0,0.21288515406162464,0.384066104888916,0.14318722486495972,0.14808115363121033,0.15682266652584076,0.1903587281703949,0.18608838319778442
3930170,5bc7423c-6956-4163-b326-b4ab31bef97c,Pass,1,0.21288515406162464,0.08156232535839081,0.06243463605642319,0.07702786475419998,0.06691207736730576,0.3214581608772278,0.44292163848876953
3930170,8f270e72-a87b-49bb-b801-3de71fcac02c,Clearance,0,0.21288515406162464,0.27139991521835327,0.09346143901348114,0.1414462774991989,0.24310971796512604,0.2022949755191803,0.2398272603750229
3930170,4ff04f14-f90d-452e-988d-2df16a891e26,Pass,0,0.21288515406162464,0.25769153237342834,0.2804785370826721,0.3325786292552948,0.36977607011795044,0.25806134939193726,0.45213064551353455
3930170,262bcb04-2ed6-4883-b23c-6867770c00b1,Pass,1,0.21288515406162464,0.2448652982711792,0.15018539130687714,0.1210595890879631,0.14008212089538574,0.27864861488342285,0.2922874391078949
3930170,77d30f36-e233-4f9e-891f-c5a3a605c95f,Clearance,0,0.21288515406162464,0.1972343623638153,0.1310899704694748,0.127201646566391,0.2576141655445099,0.2350100874900818,0.2696111798286438
3930170,4c1a16fb-5a87-4fde-8fd6-832781de4c3c,Clearance,0,0.21288515406162464,0.2702549695968628,0.4575027823448181,0.3973621726036072,0.4453947842121124,0.41042613983154297,0.33638614416122437
3930170,ba1f7f42-bf14-4591-b82e-f952edeefffa,Pass,1,0.21288515406162464,0.1738872081041336,0.3041548728942871,0.3794015049934387,0.23785454034805298,0.08579608798027039,0.08309958130121231
3930170,1642d00f-865f-47dc-9af5-a4f47bc2ea64,Pass,0,0.21288515406162464,0.1453385204076767,0.12590502202510834,0.07856890559196472,0.05441809818148613,0.0784292072057724,0.056310925632715225
3930170,b8b82317-260e-4be8-8ab8-a972464b6acd,Clearance,1,0.21288515406162464,0.17515356838703156,0.28386786580085754,0.3326338827610016,0.32794347405433655,0.3824838399887085,0.3746192753314972
3930170,eaeedccf-d76d-4f9c-bad7-bd62f1791b4b,Pass,0,0.21288515406162464,0.25235164165496826,0.13771088421344757,0.1600266396999359,0.15678803622722626,0.09460953623056412,0.09606029838323593
3930170,946e55f6-a00d-4008-bf02-0249625377c2,Pass,0,0.21288515406162464,0.4123484790325165,0.344883531332016,0.39956238865852356,0.3501211106777191,0.3107607960700989,0.14782848954200745
3930170,dbe23dc4-a3c9-4243-bb2f-92b83e9daf8f,Clearance,1,0.21288515406162464,0.3400087356567383,0.3912314176559448,0.343514621257782,0.4699331820011139,0.5657854676246643,0.508683443069458
3930170,abffd5cd-01d5-408d-8445-43a6f61de52b,Pass,0,0.21288515406162464,0.10286647826433182,0.11888735741376877,0.1026204451918602,0.07339896261692047,0.08093471825122833,0.1681256741285324
3930170,c1b3841e-1a70-4ea9-b7db-b92210d5f315,Pass,0,0.21288515406162464,0.16422511637210846,0.0774846225976944,0.09232845902442932,0.09653279185295105,0.030519932508468628,0.02049269899725914
3930170,0907e9dd-ab45-4f59-bf2a-2cf33ad11640,Clearance,0,0.21288515406162464,0.24142970144748688,0.46386125683784485,0.44813811779022217,0.5503703951835632,0.4799944758415222,0.4857197701931
3930171,457427ae-416f-480f-8e97-50ae33d8a2f3,Pass,0,0.2135877152163797,0.08491309732198715,0.11570923030376434,0.15653730928897858,0.08245770633220673,0.03806138411164284,0.01260380633175373
3930171,a99e7388-7db2-415d-afd4-e8e8cea51a3d,Pass,0,0.2135877152163797,0.12123005837202072,0.20964938402175903,0.09237288683652878,0.09080246835947037,0.04733629524707794,0.0354158952832222
3930171,7c6e2343-53b4-420a-8ffc-48e11ce52e70,Clearance,0,0.2135877152163797,0.31768327951431274,0.15240523219108582,0.16343452036380768,0.17704297602176666,0.20935159921646118,0.17572416365146637
3930171,a7eec006-1a16-4a5c-b403-0da5f92557bb,Pass,0,0.2135877152163797,0.07982548326253891,0.03749944642186165,0.03369173780083656,0.02820597216486931,0.0523051917552948,0.060481708496809006
3930171,772f38ab-e216-4af5-a115-4cc26a9a5c69,Clearance,0,0.2135877152163797,0.2889031767845154,0.37319639325141907,0.3166380226612091,0.29515841603279114,0.27810052037239075,0.3149651885032654
3930171,8c71814c-7477-4a14-b50d-0bdf5621c9d8,Pass,0,0.2135877152163797,0.05301310867071152,0.17078305780887604,0.15747657418251038,0.06603541225194931,0.044942017644643784,0.036682069301605225
3930171,3ad633ce-517e-42de-83c1-062dad9e5b41,Pass,0,0.2135877152163797,0.13155844807624817,0.16566461324691772,0.2009260654449463,0.1277487576007843,0.05669615417718887,0.027068981900811195
3930171,4cd9c320-a8cf-4fc8-8d78-487a6d6e3bcc,Pass,1,0.2135877152163797,0.2776596248149872,0.2000982016324997,0.2514650225639343,0.24509505927562714,0.4738677740097046,0.3427140712738037
3930171,235e76da-7877-42cb-af27-7246ef88941e,Pass,0,0.2135877152163797,0.05977126955986023,0.04032754525542259,0.036347243934869766,0.03584202378988266,0.26667705178260803,0.2613265812397003
3930171,753440de-44f3-4565-b026-7cf475ab7151,Pass,0,0.2135877152163797,0.09654608368873596,0.065757617354393,0.03346075117588043,0.04348110407590866,0.05160325765609741,0.048557162284851074
3930171,b6d1574b-670a-49b8-be6b-8a4cc0cf8da6,Pass,0,0.2135877152163797,0.10851869732141495,0.03813912346959114,0.05329002067446709,0.05224087834358215,0.025008121505379677,0.020516876131296158
3930171,9765d99e-b496-4087-9496-07c405bdebad,Pass,1,0.2135877152163797,0.2695022523403168,0.3169315755367279,0.24500177800655365,0.15242719650268555,0.4232797920703888,0.315859854221344
3930171,742a5e95-2224-49a0-85d9-2240949ac135,Pass,0,0.2135877152163797,0.06434036046266556,0.07061615586280823,0.07887279987335205,0.050436459481716156,0.013372821733355522,0.010835060849785805
3930171,cbcff34d-c133-44f6-9d7a-bfa299cb9000,Pass,0,0.2135877152163797,0.1806277185678482,0.10468663275241852,0.1675632745027542,0.08450485020875931,0.1434933841228485,0.0865628570318222
3930172,a0cee522-2323-4812-8e8f-39d9cbb506b1,Pass,1,0.2126865671641791,0.08091232180595398,0.14486385881900787,0.07756849378347397,0.07927180081605911,0.17369751632213593,0.1391838639974594
3930172,d521671a-b933-4431-82b1-1b5ed53b5b95,Pass,0,0.2126865671641791,0.12738245725631714,0.06502065807580948,0.05792763829231262,0.039681337773799896,0.018581075593829155,0.010284951888024807
3930172,dafc5a87-6787-4a4c-a08f-358aeda4284f,Pass,0,0.2126865671641791,0.06635816395282745,0.19477784633636475,0.2498249113559723,0.13837853074073792,0.10927991569042206,0.09621964395046234
3930172,c8bd3fd7-656f-4baf-96d0-d44a76903448,Pass,0,0.2126865671641791,0.2874865233898163,0.19346942007541656,0.22780060768127441,0.14710569381713867,0.06026419997215271,0.09186354279518127
3930172,c73e60c7-bdfc-47f2-8721-f14041cf6054,Clearance,1,0.2126865671641791,0.2248254418373108,0.25238922238349915,0.22131793200969696,0.38233301043510437,0.4617752432823181,0.4096367359161377
3930172,eaa0db43-8e7f-42ad-b9ea-bd8c8fa99153,Clearance,1,0.2126865671641791,0.2197996973991394,0.3677615523338318,0.17062558233737946,0.31608572602272034,0.3384837806224823,0.28080686926841736
3930173,5e9d35bc-2f5a-4f5f-bca7-74b234f5a8e1,Clearance,0,0.21288515406162464,0.3245573937892914,0.2231346070766449,0.20249561965465546,0.18401865661144257,0.2019035667181015,0.1828642338514328
3930173,41780cf9-526d-4402-ba62-c975b0dffec3,Pass,0,0.21288515406162464,0.15566526353359222,0.19739237427711487,0.13149204850196838,0.07902296632528305,0.1107560247182846,0.30575305223464966
3930174,c0733ac0-bf5e-4fd5-93e0-4b3c451e16ff,Pass,0,0.2135877152163797,0.11311116069555283,0.1480790078639984,0.18497097492218018,0.08067449182271957,0.10765562206506729,0.03769002482295036
3930174,1e4328ec-177f-4a4d-89b6-ff35e4fd490a,Pass,0,0.2135877152163797,0.3114658296108246,0.31455183029174805,0.3532538414001465,0.29897040128707886,0.35322555899620056,0.37914735078811646
3930174,df94c10b-325b-4679-96bd-bb96f12336af,Clearance,1,0.2135877152163797,0.2225043773651123,0.23558513820171356,0.15071125328540802,0.3878921568393707,0.35925203561782837,0.31475675106048584
3930174,b3da2122-672d-4984-8aec-f799a89bd36d,Pass,0,0.2135877152163797,0.1851089745759964,0.0906074196100235,0.14250534772872925,0.145082488656044,0.10386674106121063,0.06322654336690903
3930175,c01cf4bd-7f8b-43e6-a79f-a9903a366396,Clearance,0,0.21288515406162464,0.25361692905426025,0.21532636880874634,0.20249804854393005,0.25421229004859924,0.311780720949173,0.2701926827430725
3930175,389fa4f7-ad86-4113-9557-db4a35649473,Pass,0,0.21288515406162464,0.10376518964767456,0.05425997078418732,0.04695689305663109,0.037306562066078186,0.03808899596333504,0.02370418794453144
3930175,66591df6-6599-4d36-a580-da43543210e5,Pass,0,0.21288515406162464,0.23379084467887878,0.2606072425842285,0.1961110234260559,0.13410650193691254,0.061601411551237106,0.09369822591543198
3930175,10c9ef00-4963-4c47-8189-52a99f432823,Pass,0,0.21288515406162464,0.1853870451450348,0.268503338098526,0.24137020111083984,0.13988137245178223,0.06147120147943497,0.08378072828054428
3930175,2c1f29c6-ffdc-46f9-ae74-c0ac383d401f,Pass,0,0.21288515406162464,0.10962074249982834,0.18676500022411346,0.2725372910499573,0.20155848562717438,0.09259369969367981,0.0641176700592041
3930175,908c84b4-06ad-45a3-9a71-dce14aefc226,Pass,0,0.21288515406162464,0.1116657704114914,0.07193885743618011,0.07459436357021332,0.07394508272409439,0.10434749722480774,0.14750073850154877
3930175,d56a9a8d-0f68-4d74-b158-2b7a29cd916b,Pass,0,0.21288515406162464,0.07388883084058762,0.05325406789779663,0.03195460885763168,0.02821534499526024,0.03837374225258827,0.028607811778783798
3930175,ccb81f31-bad6-407b-8db5-29f136df7871,Pass,0,0.21288515406162464,0.1679595708847046,0.177745059132576,0.22362960875034332,0.10677724331617355,0.0356452614068985,0.03263029828667641
3930175,fc1f591a-5d92-4e1f-a593-97a1310c2a1d,Pass,0,0.21288515406162464,0.10528633743524551,0.134537473320961,0.08269890397787094,0.1312236189842224,0.04320427402853966,0.026195978745818138
3930175,6e2be166-e146-4155-b763-861a7f5efd8b,Pass,0,0.21288515406162464,0.12878070771694183,0.05706021189689636,0.09651966392993927,0.07091148942708969,0.056756217032670975,0.05661800503730774
3930175,fe8759fe-c7ce-41df-8fc9-e2900170e99e,Pass,0,0.21288515406162464,0.18509018421173096,0.07593240588903427,0.12804672122001648,0.07520239800214767,0.04957085847854614,0.09578996151685715
3930175,126cee5c-efa6-48ab-93e0-9193769548e0,Pass,0,0.21288515406162464,0.12146404385566711,0.08727116137742996,0.06813423335552216,0.05854589864611626,0.027416937053203583,0.08502820134162903
3930175,1749e604-4e2a-47ee-941c-eaa0d820dd4f,Pass,0,0.21288515406162464,0.19201722741127014,0.1425340473651886,0.13957002758979797,0.18709209561347961,0.21630653738975525,0.10745292901992798
3930175,36510ba3-45ed-4b03-80a2-3a907707320f,Pass,0,0.21288515406162464,0.11452315002679825,0.34198522567749023,0.32147321105003357,0.12195852398872375,0.0851258710026741,0.048629019409418106
3930176,8dc4c8d3-ab27-4bc9-807f-043174a7b3d3,Pass,0,0.21302325581395348,0.09358133375644684,0.07280846685171127,0.08508939296007156,0.12137147784233093,0.08850590884685516,0.04501963034272194
3930176,4705d18a-0900-4c5a-987e-1e1d2f14cbdd,Pass,0,0.21302325581395348,0.09809176623821259,0.11450397968292236,0.15802261233329773,0.11213356256484985,0.10368871688842773,0.07156877964735031
3930176,32ffd2a3-9e4c-491b-bc86-1ecd6b1bff3b,Clearance,1,0.21302325581395348,0.2508862018585205,0.1714504063129425,0.133236825466156,0.13306625187397003,0.1163598820567131,0.11602339893579483
3930176,2468322e-87ba-4e72-b376-ed0f60aa093a,Clearance,0,0.21302325581395348,0.2332952320575714,0.4460204839706421,0.45565447211265564,0.41221943497657776,0.470989853143692,0.43248164653778076
3930176,7d066596-0c6e-4568-9d41-2bf677f06fdb,Pass,1,0.21302325581395348,0.3488825857639313,0.5004755258560181,0.5520796179771423,0.49045419692993164,0.46893396973609924,0.5533210039138794
3930176,c8d9b234-590b-420d-b5fd-a689ebfc69a2,Clearance,0,0.21302325581395348,0.1735292226076126,0.14353999495506287,0.17185191810131073,0.17569389939308167,0.15268756449222565,0.1606854796409607
3930176,70b01463-9e1c-4d8c-ae15-15335ff4f587,Clearance,1,0.21302325581395348,0.4265998899936676,0.4144398868083954,0.5371796488761902,0.6029763221740723,0.6254534721374512,0.624518632888794
3930177,8c1253a6-80a7-4168-8584-1598d4d5e716,Pass,0,0.2135877152163797,0.20678995549678802,0.10601472854614258,0.06797386705875397,0.04282960295677185,0.03697982802987099,0.027301296591758728
3930177,01776784-eb37-4d6a-9cd3-cc6d2c16558c,Pass,0,0.2135877152163797,0.13816741108894348,0.2358107715845108,0.1554475724697113,0.1416257917881012,0.057942651212215424,0.05667562782764435
3930177,5454f49c-a1d9-45a1-abfb-e7950c1b20c4,Pass,0,0.2135877152163797,0.12383066117763519,0.14635789394378662,0.32938820123672485,0.09771767258644104,0.07652262598276138,0.07064462453126907
3930177,ea6415cf-f515-4e1a-9ec8-6efbdd8eab0b,Clearance,1,0.2135877152163797,0.15499544143676758,0.27225521206855774,0.3444479703903198,0.5898454785346985,0.5997396111488342,0.6388161778450012
3930177,8eeb815c-7562-4a29-ba58-459e432b5dff,Pass,0,0.2135877152163797,0.15576250851154327,0.08249148726463318,0.0627608597278595,0.06338321417570114,0.030187031254172325,0.035243161022663116
3930177,8265f9cf-9488-4834-9a69-d727720ac555,Clearance,0,0.2135877152163797,0.23102766275405884,0.2768283486366272,0.3250870108604431,0.4546677768230438,0.3904321491718292,0.36558467149734497
3930177,ec8728f0-e886-486a-9414-2365524caf6f,Clearance,0,0.2135877152163797,0.23072050511837006,0.18346454203128815,0.21529030799865723,0.2208218276500702,0.24997442960739136,0.229193776845932
3930177,a24d855a-d659-4d23-b67f-62ab68df187d,Pass,1,0.2135877152163797,0.18448913097381592,0.16354811191558838,0.1548268347978592,0.18166875839233398,0.1686231791973114,0.17601124942302704
3930177,642f7a69-7970-4cf4-ba9a-353f2f1690f9,Pass,1,0.2135877152163797,0.07580255717039108,0.07058117538690567,0.11302707344293594,0.038076359778642654,0.05057298019528389,0.08235856890678406
3930177,6945677b-e993-4dcd-9bca-8d244976058b,Pass,0,0.2135877152163797,0.1976914405822754,0.17629678547382355,0.13679714500904083,0.07464047521352768,0.030287286266684532,0.012164914980530739
3930177,27e14dcc-847f-4faf-b490-863bbc3ce323,Pass,0,0.2135877152163797,0.212851420044899,0.13232110440731049,0.15225905179977417,0.11231023818254471,0.036366503685712814,0.040057726204395294
3930177,65f5ddb1-7255-4808-87a4-ef4b7055fbf0,Clearance,0,0.2135877152163797,0.17390556633472443,0.1384378969669342,0.18393702805042267,0.2302430421113968,0.2322869896888733,0.2277006357908249
3930177,7dcdc137-4129-4a62-bdb1-58f5c08a6c30,Pass,0,0.2135877152163797,0.1611558049917221,0.271755188703537,0.24122680723667145,0.14672689139842987,0.11255773901939392,0.08646956831216812
3930177,804dd0e9-57dc-40a2-8239-75d2afd15b4f,Clearance,0,0.2135877152163797,0.20448915660381317,0.3305407166481018,0.4426776170730591,0.5630733370780945,0.5986712574958801,0.5638294816017151
3930177,df3c4f4a-96e3-4180-b031-c5917adc428a,Pass,0,0.2135877152163797,0.18926924467086792,0.3188129961490631,0.24843598902225494,0.2277594357728958,0.1274857074022293,0.08345290273427963
3930177,14175771-befd-4a26-8938-74dbb74895b2,Clearance,1,0.2135877152163797,0.2770079970359802,0.2489025741815567,0.25721433758735657,0.32282331585884094,0.29780441522598267,0.31994113326072693
3930177,997ba92a-a94a-46a1-ae60-505a7ad9706f,Pass,1,0.2135877152163797,0.14554151892662048,0.0573233924806118,0.0502939373254776,0.03150084242224693,0.0755348950624466,0.06831197440624237
3930177,6186444a-1d7e-4012-9f79-5bb0121d0c3d,Clearance,0,0.2135877152163797,0.304284930229187,0.18263687193393707,0.20348122715950012,0.21054606139659882,0.2092743068933487,0.19287917017936707
3930177,cb2aa55a-77f8-4c16-a39e-1dae5428f692,Pass,0,0.2135877152163797,0.20748145878314972,0.26308995485305786,0.4154822528362274,0.1670563966035843,0.0861988291144371,0.09414812922477722
3930177,8ff999e7-6a05-4952-84a8-00b1805e33ff,Pass,0,0.2135877152163797,0.3420981466770172,0.2596105635166168,0.27883997559547424,0.142708882689476,0.05257662385702133,0.07010751962661743
3930177,105036a1-b722-4f17-9d9e-cb4829c50aa2,Pass,0,0.2135877152163797,0.1893012672662735,0.14443962275981903,0.1054374948143959,0.06128578633069992,0.06265751272439957,0.06503892689943314
3930177,887b9a5f-527c-444d-a422-92c7689fde4a,Clearance,0,0.2135877152163797,0.15178483724594116,0.15041208267211914,0.19483809173107147,0.3639351725578308,0.433339387178421,0.43957921862602234
3930178,70c4dc0c-6a93-45f1-8c89-dd4df9b5c14b,Pass,0,0.2135877152163797,0.08442485332489014,0.0649021789431572,0.0767216756939888,0.06371545046567917,0.10072483867406845,0.18128041923046112
3930178,cfde01f3-3046-49fa-a544-7ee21d2ba5c9,Clearance,0,0.2135877152163797,0.12839828431606293,0.2522282004356384,0.23763982951641083,0.38690894842147827,0.38593029975891113,0.36847320199012756
3930178,dba76990-2cec-4d2e-bbf4-29c3cc363478,Pass,0,0.2135877152163797,0.12696047127246857,0.11434751749038696,0.1752949357032776,0.09269118309020996,0.03378422185778618,0.03785405308008194
3930178,5ea7958a-1912-4988-8aed-4e564dd5eea3,Clearance,0,0.2135877152163797,0.41236892342567444,0.20044191181659698,0.25244325399398804,0.19290690124034882,0.21255894005298615,0.20623238384723663
3930178,aca0bd30-478e-4454-a88c-e4769755bc4c,Clearance,0,0.2135877152163797,0.32009372115135193,0.2761197090148926,0.15347549319267273,0.1938267946243286,0.2115040123462677,0.23569877445697784
3930178,f52799b6-8e68-4fab-a970-332b9564af2a,Pass,0,0.2135877152163797,0.21569304168224335,0.0477372370660305,0.048522744327783585,0.06123969703912735,0.17869095504283905,0.11711655557155609
3930178,366b03a3-3a59-48d1-82d3-8a617feb986d,Pass,0,0.2135877152163797,0.45445170998573303,0.45641276240348816,0.4138304889202118,0.25777187943458557,0.34398016333580017,0.35829704999923706
3930179,04c52bf7-d988-4898-9974-fdad96adb4fa,Clearance,0,0.21302325581395348,0.21856029331684113,0.21276889741420746,0.24318452179431915,0.262986421585083,0.23914675414562225,0.20475512742996216
3930179,4bcf25bd-e527-4608-9b22-52b06abc1d7a,Clearance,0,0.21302325581395348,0.3148329555988312,0.3067561984062195,0.273624062538147,0.2630594074726105,0.30581632256507874,0.30176201462745667
3930179,dcd1f3eb-c529-4b20-96fc-f57c63aa0c12,Clearance,0,0.21302325581395348,0.3059762120246887,0.4509342312812805,0.49194496870040894,0.3689919412136078,0.4594774544239044,0.4536573588848114
3930179,6ce1d2ac-d85f-4d14-9243-60eb56625c5f,Pass,0,0.21302325581395348,0.31734752655029297,0.26597166061401367,0.12008043378591537,0.04497915878891945,0.03211206570267677,0.08528368175029755
3930179,cbb32a39-692a-4bda-8075-9dc3a280d95d,Clearance,1,0.21302325581395348,0.2749278247356415,0.3288087546825409,0.1554439216852188,0.1894957572221756,0.18850018084049225,0.18970578908920288
3930179,e0e5cb63-95f4-4fa3-905f-bfa41fd45aa8,Clearance,1,0.21302325581395348,0.2670987844467163,0.1998913437128067,0.19682803750038147,0.2070843130350113,0.25343361496925354,0.3155239224433899
3930179,3067933f-ed28-4542-a675-8602c1f4fceb,Pass,0,0.21302325581395348,0.09350740164518356,0.10859931260347366,0.13582614064216614,0.15327726304531097,0.07530325651168823,0.08773115277290344
3930180,a4530695-00fe-4427-a809-4cbddc6b4d2b,Pass,0,0.2135877152163797,0.37160545587539673,0.24329257011413574,0.15937726199626923,0.1358596831560135,0.08315642178058624,0.06221520155668259
3930180,6c22252f-f8d7-4781-9711-a11835585a14,Pass,0,0.2135877152163797,0.14618821442127228,0.177575945854187,0.12849536538124084,0.08439765870571136,0.030042076483368874,0.030067872256040573
3930180,968ba808-7de3-45bb-899e-e84831a94c56,Pass,0,0.2135877152163797,0.1525333672761917,0.22181372344493866,0.27641406655311584,0.1092463880777359,0.05552056431770325,0.022370312362909317
3930180,d038009e-c37c-483f-90f4-c534ecc4c2cd,Pass,0,0.2135877152163797,0.07744485139846802,0.08438289910554886,0.04494158923625946,0.06436466425657272,0.02392156422138214,0.01662535034120083
3930180,83f0f86c-1128-4ce5-bb12-9c1f3a93ea42,Pass,0,0.2135877152163797,0.14590024948120117,0.3205987215042114,0.179342582821846,0.07918224483728409,0.04873364791274071,0.07705697417259216
3930180,56205f98-3ea5-4a53-8fc4-39a49d6a0e75,Pass,0,0.2135877152163797,0.18450571596622467,0.1519922912120819,0.2534938454627991,0.14932402968406677,0.10336937010288239,0.02751891128718853
3930180,171ba71c-b61b-4b37-b390-be4dc3ece88e,Pass,0,0.2135877152163797,0.1947220116853714,0.23509639501571655,0.19613870978355408,0.14614300429821014,0.1003018245100975,0.11883567273616791
3930180,75c79e44-4611-4ad1-a5f2-4178563e22ab,Pass,0,0.2135877152163797,0.12186580151319504,0.06549933552742004,0.08027179539203644,0.04586666822433472,0.050469353795051575,0.06527029722929001
3930180,0e95a886-57aa-45d7-89e4-d7ae0da33a16,Pass,0,0.2135877152163797,0.09899923205375671,0.02855030633509159,0.06207733601331711,0.038444485515356064,0.027863604947924614,0.018586423248052597
3930180,b6406253-fddf-43a7-b55e-282db6156490,Pass,0,0.2135877152163797,0.5400882363319397,0.4721758961677551,0.37821584939956665,0.3674522340297699,0.4876479506492615,0.44497159123420715
3930180,4514546e-6724-457b-8ec8-6aa8425787fc,Pass,0,0.2135877152163797,0.18166381120681763,0.2540086805820465,0.1540491133928299,0.061539698392152786,0.024279899895191193,0.010955887846648693
3930180,6075af66-b44e-45b7-b3bf-008108eb3290,Pass,1,0.2135877152163797,0.12124466150999069,0.2833426892757416,0.12924078106880188,0.17961713671684265,0.14261679351329803,0.5260520577430725
3930181,14a591f4-ca4f-4110-868f-1095642aa4c1,Pass,0,0.21378667908709828,0.16634654998779297,0.25258925557136536,0.27536723017692566,0.28824540972709656,0.16283205151557922,0.15942707657814026
3930181,2b594c80-ccd8-4da7-9fdf-4c6e89c99b80,Pass,0,0.21378667908709828,0.1760047823190689,0.205187126994133,0.12069753557443619,0.14630120992660522,0.1714588701725006,0.10802033543586731
3930181,2014dc71-cc03-432c-89f7-97bfb591db2d,Pass,1,0.21378667908709828,0.12052438408136368,0.06531472504138947,0.04092816263437271,0.05173773318529129,0.15886063873767853,0.21144527196884155
3930181,068eb0a7-4586-468e-9787-44f2973f60f6,Pass,0,0.21378667908709828,0.20251700282096863,0.06074579805135727,0.05114082992076874,0.06178520619869232,0.09356360882520676,0.11458133906126022
3930181,b42e14c6-a51b-4092-8c2c-d3f824e6668e,Pass,0,0.21378667908709828,0.38337621092796326,0.327663391828537,0.3482413589954376,0.29032906889915466,0.18262551724910736,0.2648363411426544
3930181,a1048239-2255-4a3c-84a8-68a71578c21a,Pass,1,0.21378667908709828,0.39426708221435547,0.45217931270599365,0.31892263889312744,0.3240431547164917,0.4329611659049988,0.2425961196422577
3930181,a289e616-b856-4209-bcd0-57b1cbbc2dcc,Pass,0,0.21378667908709828,0.09902264177799225,0.09566808491945267,0.09213975816965103,0.05815475806593895,0.033035196363925934,0.05240270867943764
3930181,7b9a1c4b-f9bc-44b4-b5cd-ef26327fb9c7,Clearance,1,0.21378667908709828,0.3029816150665283,0.18293294310569763,0.227534219622612,0.28533273935317993,0.25907203555107117,0.3042569160461426
3930182,5d6d3f3c-202f-41ff-8715-1500d46bc915,Pass,0,0.21302325581395348,0.18046052753925323,0.1345454305410385,0.11903803050518036,0.07551466673612595,0.44483059644699097,0.5016193985939026
3930182,2a7dae40-3e14-4817-9a94-9126522f93d4,Clearance,0,0.21302325581395348,0.1973831206560135,0.1608651876449585,0.10772011429071426,0.1299305409193039,0.14015573263168335,0.15833941102027893
3930182,db4612df-17ce-46bf-bf65-99c4cf877d4c,Clearance,0,0.21302325581395348,0.23200473189353943,0.1122225895524025,0.14258159697055817,0.25907978415489197,0.21292158961296082,0.29239529371261597
3930182,1a6d820f-3abc-44e4-8cd7-01088c5dbec1,Pass,0,0.21302325581395348,0.20646002888679504,0.15714429318904877,0.08447770774364471,0.08858463168144226,0.06101897731423378,0.05560038611292839
3930182,79cbea0e-d5e2-4c9c-a793-df1412463baf,Clearance,0,0.21302325581395348,0.15788163244724274,0.25451067090034485,0.3984382152557373,0.6375235319137573,0.5447121262550354,0.6265426874160767
3930182,c3e2bb89-961b-4393-9cb7-10aa1bedaa5d,Pass,0,0.21302325581395348,0.12542901933193207,0.2304621934890747,0.1797381192445755,0.14595922827720642,0.04115292802453041,0.037230584770441055
3930182,6368dcb8-703d-4a75-89f3-c072e42937a3,Pass,0,0.21302325581395348,0.21790969371795654,0.20954856276512146,0.2645198106765747,0.1472308486700058,0.11483461409807205,0.07639481127262115
3930182,2ae38e33-1c73-4c2e-a929-02b723d549c2,Pass,0,0.21302325581395348,0.15038540959358215,0.18979981541633606,0.17156919836997986,0.07184106111526489,0.10617899894714355,0.11515865474939346
3930182,1c96b753-f462-4522-871c-ab9720dce173,Clearance,1,0.21302325581395348,0.23782731592655182,0.24620887637138367,0.24411608278751373,0.3724779784679413,0.43427568674087524,0.38298317790031433
3930182,9d9ba429-fd22-4a09-b09b-c97009ad1e58,Pass,0,0.21302325581395348,0.09599095582962036,0.08719992637634277,0.21578830480575562,0.09804507344961166,0.10087645798921585,0.10344070196151733
3930182,9227cb32-0edc-4384-a819-7c55542dd557,Pass,0,0.21302325581395348,0.15709766745567322,0.1492517590522766,0.16437582671642303,0.10961803793907166,0.1291937232017517,0.040707819163799286
3930182,0b9010d7-e80f-4f7d-b045-3d8b96d3cb63,Pass,0,0.21302325581395348,0.10736004263162613,0.07417422533035278,0.06980673968791962,0.0859764888882637,0.25426536798477173,0.3307025730609894
3930182,4f3daea1-49f0-4901-ac83-72e2a91eece0,Clearance,1,0.21302325581395348,0.28857651352882385,0.36516696214675903,0.49140822887420654,0.42851710319519043,0.45582303404808044,0.5133693814277649
3930182,aaa34627-3b91-40cf-9132-df53ecbe61bf,Pass,0,0.21302325581395348,0.08262056112289429,0.10303198546171188,0.09517982602119446,0.06216083839535713,0.03988694027066231,0.01649574749171734
3930182,24562d42-35cf-4284-92c8-192031e033cd,Pass,0,0.21302325581395348,0.11281107366085052,0.09474661201238632,0.06024599447846413,0.05217732489109039,0.049564849585294724,0.02919682301580906
3930182,1af4302f-3584-42c4-8872-49957a52489b,Clearance,1,0.21302325581395348,0.15265581011772156,0.2598554193973541,0.3445557653903961,0.5031597018241882,0.524289608001709,0.5476179718971252
3930183,6e328145-1cff-4464-aa9f-e8eb1155d316,Pass,0,0.21288515406162464,0.09563035517930984,0.16073709726333618,0.11183396726846695,0.11121455579996109,0.05193353071808815,0.04480486735701561
3930183,e6360505-9efa-4b4c-a9df-a3f1b55aa66a,Pass,0,0.21288515406162464,0.17245464026927948,0.08960619568824768,0.07062934339046478,0.052626680582761765,0.05240544304251671,0.059907734394073486
3930183,6906bb52-353f-4f53-b8b3-083e77c91008,Pass,0,0.21288515406162464,0.4336617887020111,0.4038384258747101,0.24018818140029907,0.2881971001625061,0.35762688517570496,0.3612836003303528
3930183,92cbeb5c-4360-453c-8b6c-13b9ba92c6ea,Pass,0,0.21288515406162464,0.3134671151638031,0.19746418297290802,0.2557148039340973,0.11553929001092911,0.0439034029841423,0.05715153366327286
3930183,d1f47da2-1684-469b-b39d-ed94fcfc672d,Pass,1,0.21288515406162464,0.11076299846172333,0.16473518311977386,0.14170892536640167,0.13205187022686005,0.506292462348938,0.4945049583911896
3930183,03c17eae-893e-4a80-a3c4-3b3ceacc59ec,Pass,0,0.21288515406162464,0.203306183218956,0.13370314240455627,0.12811672687530518,0.1111384779214859,0.06438928842544556,0.1021382212638855
3930183,ef333fad-f901-4507-8454-6d0be7515c1d,Pass,0,0.21288515406162464,0.35263171792030334,0.2297540307044983,0.23524169623851776,0.25149279832839966,0.21388404071331024,0.11284447461366653
3930183,89cf49d1-045b-4825-8459-18c34fbb212b,Pass,0,0.21288515406162464,0.2001015990972519,0.16795222461223602,0.13161411881446838,0.06451082974672318,0.021315503865480423,0.027900155633687973
3930183,cbf613c4-910d-4ba0-b3e6-4a0e39363d8a,Pass,0,0.21288515406162464,0.10659366846084595,0.08106876909732819,0.06448604166507721,0.08632473647594452,0.03836766257882118,0.032427601516246796
3930183,dbebd86f-455e-4f4d-b3ae-ab87d94bdaf2,Pass,0,0.21288515406162464,0.20616646111011505,0.34873226284980774,0.364555299282074,0.1623750925064087,0.08375747501850128,0.18653975427150726
3930183,c15aa0e7-7274-4109-8c70-bdb93d336313,Pass,0,0.21288515406162464,0.10968293994665146,0.16315799951553345,0.19458670914173126,0.12109221518039703,0.16770613193511963,0.17842264473438263
3930183,426dd1a1-e917-40e1-9a38-783456e3c7c6,Clearance,1,0.21288515406162464,0.4050103724002838,0.25931498408317566,0.25699445605278015,0.27056288719177246,0.30765920877456665,0.29214343428611755
3930183,13b5f011-2e56-4230-88dd-127b9a896bee,Pass,0,0.21288515406162464,0.1599503457546234,0.1509653776884079,0.2699577808380127,0.17175748944282532,0.18273887038230896,0.27449890971183777
3930183,0fccd748-d902-46c6-a17f-795fcc2227cf,Pass,0,0.21288515406162464,0.1771886646747589,0.09653600305318832,0.1372968703508377,0.05949782580137253,0.03601251170039177,0.05951574444770813
3930184,68fe7fdd-93d2-4b6e-8a7e-8c5ec2c0b43b,Pass,0,0.2135877152163797,0.188544362783432,0.21193325519561768,0.1400020271539688,0.1076471209526062,0.042796000838279724,0.02931695058941841
3930184,a78fbaae-ab9f-4c29-850a-eb20f1162f41,Clearance,0,0.2135877152163797,0.14349566400051117,0.26117777824401855,0.3335866332054138,0.35879504680633545,0.3762243390083313,0.34474730491638184
3930184,45944de7-3fcb-4a65-88a9-4d5c9a84ceb3,Clearance,0,0.2135877152163797,0.23157650232315063,0.1433974802494049,0.12467804551124573,0.09672565758228302,0.10217471420764923,0.10193169862031937
3930184,7ce8baa0-4425-4be5-9e71-c25b6db24c20,Pass,0,0.2135877152163797,0.30253443121910095,0.14902059733867645,0.24686264991760254,0.05687478184700012,0.019365748390555382,0.03951512649655342
3930184,35763cb9-d4df-4df1-b855-0f42bef1fb26,Pass,0,0.2135877152163797,0.27035802602767944,0.4253454804420471,0.44621479511260986,0.25457853078842163,0.29440057277679443,0.2557373046875
3930184,a3a95d08-3b2f-4288-b588-b24b31b2882d,Pass,0,0.2135877152163797,0.22074587643146515,0.30089256167411804,0.26819077134132385,0.26263365149497986,0.38250982761383057,0.15086229145526886
3930184,03f67930-7709-419b-88fc-63da9e3b73e3,Pass,0,0.2135877152163797,0.18829257786273956,0.1573803722858429,0.2416444569826126,0.18162983655929565,0.26026347279548645,0.29857689142227173
3930184,5852a17f-e8b9-4c76-9ac7-905e2b667a5d,Clearance,0,0.2135877152163797,0.2218008190393448,0.24819982051849365,0.14536476135253906,0.10546617209911346,0.11825484782457352,0.10932478308677673
3930184,f3477107-61e7-4471-9ceb-feee140f7f94,Pass,0,0.2135877152163797,0.3019718527793884,0.3508489429950714,0.3003373444080353,0.2760632038116455,0.42895254492759705,0.4818641245365143
3930184,40216536-0378-40c7-9bfa-dd977d4c81b3,Pass,0,0.2135877152163797,0.09463392198085785,0.06924763321876526,0.06370911747217178,0.044415805488824844,0.032188232988119125,0.036292534321546555
3930184,94e1481d-7a4f-4cde-a07c-830e13dc2dc2,Clearance,0,0.2135877152163797,0.24637512862682343,0.37173864245414734,0.3901292383670807,0.49347272515296936,0.4312770664691925,0.4482564330101013
3938637,bb801a48-4522-44c4-b8b5-e850799d1eb6,Pass,0,0.21288515406162464,0.3238179087638855,0.2969783842563629,0.34229323267936707,0.15292048454284668,0.05209442600607872,0.05630055069923401
3938637,13fe08aa-78b5-4fa9-8a11-ef6bb7cd048a,Clearance,1,0.21288515406162464,0.3118569850921631,0.22507059574127197,0.22919133305549622,0.22971859574317932,0.22979208827018738,0.23472873866558075
3938637,48d2c5b4-7420-4650-adb5-bd512f861685,Pass,1,0.21288515406162464,0.15883728861808777,0.19903630018234253,0.20825184881687164,0.09062092006206512,0.5607509613037109,0.5933598279953003
3938637,d94b072e-37b6-404e-b66c-341ade52c411,Clearance,0,0.21288515406162464,0.2890816330909729,0.4106636345386505,0.4289688766002655,0.4509073495864868,0.48514503240585327,0.4917014539241791
3938637,fcc56f55-bdb1-4186-8d1c-30ddc3d0a1a3,Clearance,1,0.21288515406162464,0.20372578501701355,0.21905657649040222,0.20929087698459625,0.2200184017419815,0.245140939950943,0.2517423927783966
3938637,9b2279eb-f41b-4d69-8757-d12cb859537c,Pass,0,0.21288515406162464,0.11050909012556076,0.08948395401239395,0.08995422720909119,0.07106809318065643,0.044469691812992096,0.02980600669980049
3938637,cbaf4ead-ac33-41b5-9c85-693fd785d290,Clearance,0,0.21288515406162464,0.2300206422805786,0.16729412972927094,0.17833468317985535,0.15362288057804108,0.16144627332687378,0.17789146304130554
3938637,7185348d-7baa-42c2-aea9-745796c1f9ce,Pass,1,0.21288515406162464,0.33723384141921997,0.4601963460445404,0.4305136799812317,0.573359489440918,0.6309459209442139,0.5868203639984131
3938638,3a72ad18-3bee-4164-8131-6a5e5b5a341d,Pass,0,0.2135877152163797,0.14554151892662048,0.11124138534069061,0.08235788345336914,0.09678158164024353,0.2558016777038574,0.31923869252204895
3938638,2d80e327-d914-43b7-8559-ef793bbc0f20,Pass,1,0.2135877152163797,0.2848295271396637,0.2323513776063919,0.11600124835968018,0.10919841378927231,0.5654550194740295,0.4936182498931885
3938638,cbac53d3-bcc7-406e-969e-64c705811058,Pass,0,0.2135877152163797,0.10009285807609558,0.11556015908718109,0.1260237693786621,0.1096029132604599,0.11569584906101227,0.11167258769273758
3938638,78928d9b-5191-4d71-a652-dc37e89e2995,Pass,0,0.2135877152163797,0.18959683179855347,0.1959458738565445,0.1863689422607422,0.1499769538640976,0.06864012032747269,0.06031731516122818
3938638,44c03eda-86b1-47a9-97be-24f94f7d000f,Clearance,1,0.2135877152163797,0.21494846045970917,0.20184341073036194,0.1957148164510727,0.2327488362789154,0.2534541189670563,0.24651886522769928
3938638,62335348-02ae-4faa-a9f8-60d4c536f556,Clearance,0,0.2135877152163797,0.33136633038520813,0.22034046053886414,0.1677233874797821,0.2914749085903168,0.2775523066520691,0.3664412498474121
3938638,05067cc5-734b-41e7-96d3-ae3d41289121,Pass,0,0.2135877152163797,0.09050674736499786,0.054087620228528976,0.06884954869747162,0.05861358344554901,0.06878243386745453,0.05130280926823616
3938638,aed74af1-dce7-4e82-8d26-7ee30b79d889,Pass,0,0.2135877152163797,0.18328320980072021,0.09100966900587082,0.07041742652654648,0.03053811378777027,0.012768717482686043,0.006351425312459469
3938638,a80138e9-2ef3-4fea-8661-c0f5dd142556,Clearance,0,0.2135877152163797,0.12415704131126404,0.2759396731853485,0.3851918578147888,0.3677043914794922,0.4677446782588959,0.46181973814964294
3938638,393a2165-861b-410e-a3d4-c4a23365ae78,Pass,0,0.2135877152163797,0.09633363038301468,0.11556726694107056,0.09124761819839478,0.09138792753219604,0.02479471266269684,0.046598855406045914
3938638,b488858b-164e-40b7-bbae-a2d2e19ffe1b,Pass,0,0.2135877152163797,0.07084060460329056,0.07014108449220657,0.0967535451054573,0.13119995594024658,0.08759815245866776,0.12043023854494095
3938639,8717b842-df4b-4773-ae80-f77d4367120b,Pass,0,0.21302325581395348,0.11652301996946335,0.03159245103597641,0.025386696681380272,0.023291882127523422,0.013901744037866592,0.02655962109565735
3938639,79961fcc-b479-4fd9-b067-8dcca6b20ed8,Pass,0,0.21302325581395348,0.31039854884147644,0.3886960446834564,0.3026914596557617,0.08925844728946686,0.056069474667310715,0.10705320537090302
3938639,2ed06c72-ed1a-439f-b60e-1dcdef17f59b,Pass,0,0.21302325581395348,0.15075702965259552,0.20076881349086761,0.13586750626564026,0.059037692844867706,0.09009266644716263,0.08044443279504776
3938639,0d8177e1-5871-488a-a1be-ef1458006bca,Pass,0,0.21302325581395348,0.08731481432914734,0.15429194271564484,0.1980006843805313,0.22036735713481903,0.16018037497997284,0.18256355822086334
3938639,8df0ed7c-0dfd-4f3a-b662-8ac463d202b9,Pass,0,0.21302325581395348,0.0627983883023262,0.07334858179092407,0.10793596506118774,0.06409398466348648,0.028718747198581696,0.026044966652989388
3938639,ff4783cb-777b-48c3-bceb-bc2e387a5b22,Pass,0,0.21302325581395348,0.3772461414337158,0.16040930151939392,0.17356888949871063,0.15613985061645508,0.1573684960603714,0.1555357724428177
3938639,8f8c69bf-b7ba-40bf-be95-8944e515ecf8,Clearance,0,0.21302325581395348,0.27073076367378235,0.2926284670829773,0.36352744698524475,0.30540376901626587,0.29481765627861023,0.3011959493160248
3938639,33d5cab7-e7b7-467f-9755-8bfd0f325c8a,Clearance,0,0.21302325581395348,0.3623408377170563,0.20433804392814636,0.3178133964538574,0.2779952585697174,0.33229494094848633,0.28405681252479553
3938639,c8e36e52-8ad8-457c-8fca-04f19a3607e7,Clearance,0,0.21302325581395348,0.35077542066574097,0.150008425116539,0.1324189454317093,0.1532296985387802,0.1517835408449173,0.19967594742774963
3938639,b87900f3-fab7-429f-b687-8f021fa817bb,Clearance,0,0.21302325581395348,0.1689586639404297,0.2438473403453827,0.14713236689567566,0.24913717806339264,0.30128738284111023,0.31350117921829224
3938639,0c1c7ba5-031f-4072-b4cb-e7a67cbe825c,Pass,0,0.21302325581395348,0.1278434544801712,0.2503008246421814,0.3652042746543884,0.12428855150938034,0.14123396575450897,0.07835441827774048
3938639,8cb51118-9f15-4f72-a9b3-a5f5097908dc,Clearance,1,0.21302325581395348,0.21832658350467682,0.2652066946029663,0.2697446346282959,0.2547628581523895,0.23509320616722107,0.28078901767730713
3938639,004f20b5-dae5-4cd7-bf0b-401e61fce48e,Clearance,0,0.21302325581395348,0.22173359990119934,0.26401522755622864,0.11321096122264862,0.23888221383094788,0.1301875114440918,0.1714170277118683
3938639,93ed5add-c3ab-420f-8bac-a3bff9260098,Pass,0,0.21302325581395348,0.10399114340543747,0.11098343133926392,0.10893666744232178,0.0809062123298645,0.05273907631635666,0.037077758461236954
3938639,0a82295c-9f2d-4032-81f8-7ed6f0624cd7,Pass,0,0.21302325581395348,0.1994244009256363,0.20697914063930511,0.15139560401439667,0.06988020241260529,0.05467526987195015,0.04545047506690025
3938640,5215f396-d53a-4db1-82de-abe6c09f9f6b,Clearance,1,0.2135877152163797,0.1894921362400055,0.057329077273607254,0.04117188602685928,0.0615350678563118,0.09058482944965363,0.10082059353590012
3938640,5900c59e-586e-4697-b0c2-e9bca5c83177,Pass,0,0.2135877152163797,0.309133917093277,0.17145848274230957,0.15246498584747314,0.1086922436952591,0.0724133551120758,0.1039329320192337
3938640,5436c65a-88a0-42e8-8f1e-3a315fc11b8a,Clearance,1,0.2135877152163797,0.13358698785305023,0.1859700232744217,0.2737974524497986,0.2816612720489502,0.29429054260253906,0.27069664001464844
3938641,2ec4eeb2-bb24-488a-bfbd-023b63bf9664,Pass,1,0.2135877152163797,0.18255531787872314,0.1584772914648056,0.18155023455619812,0.07133139669895172,0.030474163591861725,0.012808268889784813
3938641,bcc8ce5a-4504-4d6d-9fcf-7b788f0b58a0,Clearance,0,0.2135877152163797,0.2098105102777481,0.17045287787914276,0.19747520983219147,0.3305641710758209,0.33466005325317383,0.380471408367157
3938641,e22bcc45-7e42-421d-9c83-5d91b638d9eb,Clearance,0,0.2135877152163797,0.36048176884651184,0.27657219767570496,0.3081294000148773,0.35981929302215576,0.40467825531959534,0.3851117193698883
3938641,04a2fe14-9e14-42a7-a133-22514ca34a2d,Clearance,0,0.2135877152163797,0.2856970727443695,0.11274845898151398,0.11733786761760712,0.3005736470222473,0.2645223140716553,0.25752803683280945
3938641,63ba9970-dd25-463b-978b-86999216c39e,Clearance,1,0.2135877152163797,0.26257267594337463,0.1178290992975235,0.10048545151948929,0.13655035197734833,0.16176190972328186,0.1607062667608261
3938641,c64fdc5d-b470-45a6-bb8e-a68a5f608cfb,Clearance,0,0.2135877152163797,0.19868430495262146,0.12026851624250412,0.12487999349832535,0.13709601759910583,0.15940600633621216,0.17104686796665192
3938641,c3f65c10-b81d-49c1-b965-29757286221d,Clearance,0,0.2135877152163797,0.29482463002204895,0.36138808727264404,0.27478256821632385,0.3211573362350464,0.31087526679039,0.3489759862422943
3938641,7162a745-a57b-42d6-b919-6bddc439960f,Pass,0,0.2135877152163797,0.1199968084692955,0.2450554519891739,0.11701812595129013,0.10823041945695877,0.5527636408805847,0.4400581121444702
3938641,923be010-0cf2-4d7d-8490-27e3e5110a5c,Clearance,0,0.2135877152163797,0.14618821442127228,0.26320579648017883,0.2692222595214844,0.49702534079551697,0.5538949966430664,0.5510768294334412
3938641,42e71eda-da29-4fdd-9c3e-6aa28a257273,Clearance,0,0.2135877152163797,0.11922494322061539,0.336776465177536,0.3712347745895386,0.6254702210426331,0.620866060256958,0.6085187196731567
3938642,980c4f50-d22f-4b17-a811-5fc65d05641b,Pass,0,0.2135877152163797,0.4584468901157379,0.4807136058807373,0.4635644853115082,0.48862388730049133,0.4608900547027588,0.6392089128494263
3938642,d62cf474-061b-466a-bb37-867507df0184,Clearance,0,0.2135877152163797,0.13237106800079346,0.5009165406227112,0.5807375907897949,0.5742247104644775,0.4421732723712921,0.532153844833374
3938642,53763840-e230-4894-9c6d-2cf38d3fa7c7,Clearance,0,0.2135877152163797,0.38130486011505127,0.4547981321811676,0.42302441596984863,0.37613654136657715,0.4169449210166931,0.44687438011169434
3938642,35c8a326-2de3-49ff-8ec8-55add0066f40,Clearance,0,0.2135877152163797,0.27894526720046997,0.15045149624347687,0.13542494177818298,0.12993842363357544,0.14208346605300903,0.12677520513534546
3938642,34e9ebc5-2dd8-4cd9-b305-299cb5526131,Clearance,1,0.2135877152163797,0.29767176508903503,0.39183560013771057,0.4389364421367645,0.40842506289482117,0.44046881794929504,0.42987489700317383
3938642,c1c7b270-d225-4888-a8d0-10a4ea8d1ad3,Clearance,0,0.2135877152163797,0.28904592990875244,0.1801905333995819,0.23903101682662964,0.19036798179149628,0.21964426338672638,0.16144846379756927
3938642,0488fc9f-00a5-4149-8a03-fee2314577c3,Clearance,0,0.2135877152163797,0.2848275899887085,0.22275328636169434,0.25949034094810486,0.19980457425117493,0.21053552627563477,0.229568213224411
3938642,fa3f54a6-75cd-4d7d-a7eb-b1d1f40dfb52,Clearance,0,0.2135877152163797,0.1557147353887558,0.3467269539833069,0.24060145020484924,0.20990440249443054,0.2319069355726242,0.19217030704021454
3938642,2dc0c7f6-94da-43fd-8ae2-3894133caebf,Pass,0,0.2135877152163797,0.25153130292892456,0.35073068737983704,0.28229066729545593,0.10433557629585266,0.15468966960906982,0.08731832355260849
3938642,3be25a73-5529-4e7c-92bb-83252fd71ca5,Clearance,0,0.2135877152163797,0.3796268701553345,0.1383194923400879,0.21913836896419525,0.21090902388095856,0.2206532061100006,0.19060064852237701
3938642,44f86539-c58c-49f6-a454-e0e09a428262,Clearance,0,0.2135877152163797,0.4119446277618408,0.16165395081043243,0.24160248041152954,0.20337533950805664,0.20896393060684204,0.19583648443222046
3938642,4e0df8c8-0ad4-43a4-aa99-826c11fc2f87,Pass,0,0.2135877152163797,0.252566933631897,0.3153931498527527,0.3442544937133789,0.1513921618461609,0.07475968450307846,0.1194453090429306
3938642,48a195ed-568a-487a-9fac-6799923ddffc,Clearance,0,0.2135877152163797,0.3836338222026825,0.1574058085680008,0.14191998541355133,0.1590578258037567,0.16328991949558258,0.17020931839942932
3938642,bce5589b-0166-485b-92f2-9670069516b3,Clearance,0,0.2135877152163797,0.26685917377471924,0.3695429563522339,0.48458218574523926,0.5215603113174438,0.4477750062942505,0.4301196336746216
3938643,48644015-08dd-4eb6-aae8-4bea6f1a30d5,Pass,0,0.21302325581395348,0.39389681816101074,0.24438247084617615,0.33714428544044495,0.3134208917617798,0.21640609204769135,0.10051573067903519
3938643,d0375c52-0d6e-4f76-b029-4f9d8782ec1a,Pass,0,0.21302325581395348,0.25648507475852966,0.3327564597129822,0.433952271938324,0.19826269149780273,0.09932052344083786,0.09562275558710098
3938643,c0da310a-1795-4840-a47c-d03c34d4b069,Pass,0,0.21302325581395348,0.21158620715141296,0.11031177639961243,0.09406589716672897,0.04845850169658661,0.02564765140414238,0.023629149422049522
3938643,389d6424-d20c-4f04-8729-493d5f857b0a,Clearance,1,0.21302325581395348,0.35312774777412415,0.11089342087507248,0.06558743119239807,0.09556762129068375,0.08710213750600815,0.11007080972194672
3938643,7032e077-bc7d-4adf-a5d5-b6338fd4354b,Clearance,1,0.21302325581395348,0.31076401472091675,0.16141143441200256,0.19574764370918274,0.1472621113061905,0.12830941379070282,0.13614009320735931
3938643,786cbab4-104b-47ca-a4ea-02cb74c4b6cc,Clearance,0,0.21302325581395348,0.35833823680877686,0.28202199935913086,0.33566713333129883,0.3375467360019684,0.31302592158317566,0.32456108927726746
3938643,416ea0e5-30eb-4f37-8dbb-92a73b34e3df,Pass,0,0.21302325581395348,0.05894212797284126,0.09598275274038315,0.11390891671180725,0.0778314620256424,0.04566098004579544,0.06105213239789009
3938644,f9ef8b29-96a7-422f-aca9-3c3ec6401b6b,Pass,0,0.2135877152163797,0.10009285807609558,0.0849480852484703,0.11170074343681335,0.06879311054944992,0.05621466040611267,0.04044715687632561
3938644,5d269541-ef89-4702-8580-3950bbe72af2,Clearance,0,0.2135877152163797,0.1448839157819748,0.08815868943929672,0.1393762230873108,0.2655227482318878,0.30646076798439026,0.3424201011657715
3938644,0a90a57a-0554-43b5-9cc7-804192b32aed,Clearance,0,0.2135877152163797,0.4338618516921997,0.24023859202861786,0.1965063065290451,0.2501099109649658,0.3352932333946228,0.29286712408065796
3938644,7cea6100-2b02-40f4-9410-a1ad5263150f,Pass,0,0.2135877152163797,0.24414058029651642,0.34360480308532715,0.1676914095878601,0.1536894589662552,0.11883407831192017,0.10365663468837738
3938644,30e49030-9dd4-4db6-9fe4-7dae0036b391,Clearance,0,0.2135877152163797,0.45303723216056824,0.36110609769821167,0.29425549507141113,0.27047988772392273,0.29760366678237915,0.3142338693141937
3938645,15e98114-a558-48a3-b53d-925a226d1aba,Pass,0,0.21378667908709828,0.1910540759563446,0.2539982497692108,0.1729934960603714,0.06801221519708633,0.0703141987323761,0.04882851615548134
3938645,80c09aba-aa09-45ed-a2d6-026072e7c9f6,Pass,0,0.21378667908709828,0.06998541951179504,0.11593002825975418,0.16305357217788696,0.09998321533203125,0.0638037845492363,0.0645340234041214
3938645,af5f93de-a07b-4c14-a810-65f6b63eefb0,Pass,0,0.21378667908709828,0.21275417506694794,0.2559944987297058,0.0971921905875206,0.05021984502673149,0.021229809150099754,0.015924779698252678
3938645,571fc473-b123-47c4-a6b4-5b2faba9d1a5,Clearance,1,0.21378667908709828,0.21462124586105347,0.1106523871421814,0.20606005191802979,0.40498295426368713,0.39568182826042175,0.3743318021297455
3938645,1e9013c3-47d8-4b1e-a98e-56fb2d727173,Pass,0,0.21378667908709828,0.11090180277824402,0.1147058829665184,0.07515957951545715,0.07444510608911514,0.037010882049798965,0.04818509891629219
3938645,dd94020e-229b-463b-a4c1-7250eedc4e3a,Pass,0,0.21378667908709828,0.16626988351345062,0.1230664923787117,0.16762790083885193,0.13763539493083954,0.24479924142360687,0.23041638731956482
3938645,9b16988d-6bbf-4859-b836-27cafd7e7707,Clearance,0,0.21378667908709828,0.20430876314640045,0.11249794065952301,0.14933525025844574,0.2524788975715637,0.3668408989906311,0.31841906905174255
3938645,e9073c8b-8024-4b89-91a8-f073e6e3ae59,Pass,0,0.21378667908709828,0.1069774255156517,0.2936743497848511,0.1839006245136261,0.13490892946720123,0.07129603624343872,0.09743408858776093
3938645,6a116c8d-4b3d-4b97-adfe-5328ce2d79c8,Clearance,0,0.21378667908709828,0.34251105785369873,0.15156033635139465,0.13454951345920563,0.17586210370063782,0.19027136266231537,0.23352238535881042
3938645,bab7f3bf-3bdd-49bd-9e11-092316b04f54,Pass,0,0.21378667908709828,0.09199903160333633,0.17895130813121796,0.12354346364736557,0.09550674259662628,0.33911535143852234,0.33636564016342163
3938645,7316aafe-f45e-4c55-ab23-b235d4555038,Pass,0,0.21378667908709828,0.0846022218465805,0.11332031339406967,0.05130428820848465,0.03286459669470787,0.025688333436846733,0.031936973333358765
3938645,f3e63c1c-93f7-4cf5-9d03-6e667967827e,Clearance,0,0.21378667908709828,0.27222898602485657,0.30420613288879395,0.2641248404979706,0.40515053272247314,0.35391202569007874,0.3633095920085907
3938645,59c9b4ad-40ff-4539-bcb1-2ba151b58f76,Pass,0,0.21378667908709828,0.15730062127113342,0.12441506236791611,0.2010650932788849,0.1691901981830597,0.10567127913236618,0.09107179939746857
3940878,f468a9b4-75c3-4216-bbdd-0107aa8fb931,Clearance,0,0.2135877152163797,0.2188027799129486,0.14945030212402344,0.12184948474168777,0.2205631583929062,0.189144566655159,0.17191405594348907
3940878,d0bda493-4944-47f5-a1dc-023c46f6ac4c,Clearance,1,0.2135877152163797,0.28666549921035767,0.40913644433021545,0.45227283239364624,0.5299890041351318,0.38411980867385864,0.4324159324169159
3940983,7e6be3f0-9fe1-445c-a283-dc3b2b9e86a2,Pass,0,0.2126865671641791,0.19240708649158478,0.13985419273376465,0.17768210172653198,0.10280734300613403,0.05723211541771889,0.07390358299016953
3940983,3321220e-fe8e-4cd3-b6d2-0df435bba0b1,Clearance,0,0.2126865671641791,0.5148901343345642,0.6772701740264893,0.60987788438797,0.510537326335907,0.5296406745910645,0.5290858745574951
3940983,ae8162a0-2f1f-4215-abdf-7bc8430d0f87,Pass,0,0.2126865671641791,0.08756663650274277,0.07076584547758102,0.07482189685106277,0.07869475334882736,0.05442187562584877,0.043576665222644806
3940983,84416ce2-06a5-4774-91af-56cccfe028c5,Pass,0,0.2126865671641791,0.2123527079820633,0.22854696214199066,0.09885857254266739,0.056294504553079605,0.031448300927877426,0.017574800178408623
3940983,87f3087e-2980-4904-ab64-379a43c2c660,Pass,1,0.2126865671641791,0.21183191239833832,0.3547643721103668,0.2752761244773865,0.1468372493982315,0.326174259185791,0.3800240159034729
3940983,d44d4b76-ff8a-488f-b102-a03b76f58188,Pass,0,0.2126865671641791,0.18449541926383972,0.08335329592227936,0.10956598818302155,0.09675180912017822,0.14296747744083405,0.18072447180747986
3940983,c9b8931b-3fda-406d-9560-672cb28f7fff,Clearance,0,0.2126865671641791,0.2324264943599701,0.32403939962387085,0.31366440653800964,0.2984401285648346,0.31784334778785706,0.3506896197795868
3940983,d7649bc3-717c-4dac-a6ac-540f37f9ef49,Pass,0,0.2126865671641791,0.22168171405792236,0.16267907619476318,0.10814610868692398,0.053031545132398605,0.029567448422312737,0.030041541904211044
3940983,7fb1183e-3f08-44cd-a371-b7e7f4130351,Pass,0,0.2126865671641791,0.08381560444831848,0.08526623994112015,0.06916152685880661,0.04568955674767494,0.0300483088940382,0.043665386736392975
3940983,4a6db59a-b849-4f08-972e-eeb484590faf,Clearance,0,0.2126865671641791,0.24537940323352814,0.17027120292186737,0.2599409818649292,0.31564611196517944,0.4682162404060364,0.3747830092906952
3940983,3f65ed20-3771-44b3-afdc-ae9099584abe,Clearance,1,0.2126865671641791,0.4534429907798767,0.25088950991630554,0.13256606459617615,0.11642169952392578,0.13083194196224213,0.1562367081642151
3941017,880bda4c-29d5-4b95-a789-7ba3f9d357a3,Pass,0,0.21378667908709828,0.23146085441112518,0.07868240028619766,0.09039408713579178,0.06067989394068718,0.039604030549526215,0.06293269246816635
3941017,412e6a11-24ae-4e81-8498-5e31ecf4f14f,Clearance,0,0.21378667908709828,0.19818508625030518,0.3563326597213745,0.3774457573890686,0.48006391525268555,0.5304433107376099,0.5180757641792297
3941017,25cfa59b-a30a-448e-9dfb-5e9d879e7e51,Clearance,0,0.21378667908709828,0.35741424560546875,0.16305460035800934,0.21416006982326508,0.24433164298534393,0.19035257399082184,0.1678563952445984
3941017,7d10efab-cbb8-4ccc-b7cb-37ed10e33737,Pass,0,0.21378667908709828,0.1634168028831482,0.13205014169216156,0.10147950053215027,0.04556037113070488,0.019129686057567596,0.021941836923360825
3941017,92f595ac-46df-4302-bbe9-8557f680d21b,Clearance,0,0.21378667908709828,0.18709303438663483,0.15781572461128235,0.1701323688030243,0.16790765523910522,0.16505104303359985,0.17270337045192719
3941017,1f0e9fcd-07ea-4cab-8358-6aa117e3d5fd,Clearance,0,0.21378667908709828,0.18501920998096466,0.12819160521030426,0.16138434410095215,0.1675923466682434,0.15592019259929657,0.22428655624389648
3941017,a686033e-f76c-4244-831d-4056669db4d5,Clearance,0,0.21378667908709828,0.34122520685195923,0.20955795049667358,0.17596407234668732,0.26305660605430603,0.23877133429050446,0.23888826370239258
3941017,a9a434b3-3c30-4674-ab3d-5355e2c4fa96,Clearance,1,0.21378667908709828,0.237397238612175,0.28557196259498596,0.3604348599910736,0.44657349586486816,0.42268994450569153,0.4858871400356293
3941017,47e1cef4-008b-44a8-92b0-eb7ddcda6cfb,Clearance,0,0.21378667908709828,0.1434498280286789,0.2691185474395752,0.27121537923812866,0.4495266079902649,0.49549543857574463,0.4450049102306366
3941017,ab1b1403-a21c-42c8-b5af-8ea10da0b1bd,Clearance,0,0.21378667908709828,0.1418536901473999,0.24506309628486633,0.13151104748249054,0.21971234679222107,0.25174209475517273,0.2536625266075134
3941017,c3c97bc3-3c1b-46b5-99d3-805de137d6af,Pass,0,0.21378667908709828,0.07051484286785126,0.07140429317951202,0.05690081790089607,0.06137964501976967,0.06003236770629883,0.0647507756948471
3941017,5306c103-f45e-4d53-9c4d-7dffc1d3160c,Pass,1,0.21378667908709828,0.18575726449489594,0.09903617203235626,0.06576143950223923,0.14198218286037445,0.0775412768125534,0.05467258393764496
3941017,1e6297d1-2695-4f39-b84f-28ac959871de,Pass,0,0.21378667908709828,0.17895908653736115,0.3438093960285187,0.24135316908359528,0.1277182549238205,0.0657959133386612,0.06550737470388412
3941017,3db86c24-aace-45c5-a47a-2b2660431090,Clearance,0,0.21378667908709828,0.36873430013656616,0.4072090685367584,0.47422486543655396,0.5014063119888306,0.43936794996261597,0.49168822169303894
3941017,3e063dce-978e-4d17-b750-dcd59c0b8dc4,Clearance,1,0.21378667908709828,0.1388755887746811,0.30720919370651245,0.2782232463359833,0.35810357332229614,0.30535927414894104,0.34299713373184204
3941017,029f7c22-48fd-462c-aef4-6b13fd0e96cf,Pass,0,0.21378667908709828,0.11343265324831009,0.058988675475120544,0.06590645015239716,0.05753490701317787,0.02797156572341919,0.03249947726726532
3941018,a2b2b5a4-b189-4658-9221-a7a89ecdd656,Clearance,0,0.21288515406162464,0.22686560451984406,0.31274521350860596,0.24768562614917755,0.24813345074653625,0.2604146897792816,0.32440462708473206
3941018,cf998028-ab0c-457d-b30e-c634c80f815b,Clearance,0,0.21288515406162464,0.30302777886390686,0.43644604086875916,0.41505447030067444,0.5061185359954834,0.4357108175754547,0.5236572027206421
3941018,59084c7f-8f6b-4f21-a9d5-3705becc09b1,Pass,0,0.21288515406162464,0.3776828348636627,0.2911715805530548,0.2160133570432663,0.18158447742462158,0.2952905595302582,0.24880872666835785
3941018,4a8118c6-0000-49b4-b0f5-67efef1b9c84,Pass,0,0.21288515406162464,0.1037694439291954,0.12633617222309113,0.12625816464424133,0.1305781453847885,0.07306310534477234,0.05303143709897995
3941018,5b78776a-1bce-4b58-8864-a1aebfa6b13f,Pass,0,0.21288515406162464,0.15446126461029053,0.28439390659332275,0.17747852206230164,0.10597299784421921,0.06264439225196838,0.08449479937553406
3941019,c36ec74a-ea2b-4cd6-ae7d-f7cbe226f5e7,Pass,1,0.2135877152163797,0.096780925989151,0.31396323442459106,0.23910127580165863,0.10484772175550461,0.5737602114677429,0.515352189540863
3941019,1722d372-5384-4d1a-a27d-82c78526481b,Pass,0,0.2135877152163797,0.3584590256214142,0.2887685298919678,0.34562361240386963,0.31232136487960815,0.2993369698524475,0.2522028088569641
3941019,5f949a14-4594-4f7c-bb27-2a376aa0ab83,Clearance,0,0.2135877152163797,0.3836338222026825,0.23381541669368744,0.22442860901355743,0.23146188259124756,0.2055629938840866,0.20640067756175995
3941019,35176991-15ae-4f6a-8406-e88d805d394d,Pass,0,0.2135877152163797,0.10515086352825165,0.19525428116321564,0.26007404923439026,0.11876239627599716,0.12490878254175186,0.10145571827888489
3941019,935223cc-0632-4931-9a50-40def29906ae,Clearance,1,0.2135877152163797,0.20758210122585297,0.24687770009040833,0.17626342177391052,0.26568174362182617,0.33356449007987976,0.28542301058769226
3941020,7286269f-31c3-4f43-be00-4a12d1884b34,Clearance,0,0.2126865671641791,0.3514001667499542,0.26799264550209045,0.32056283950805664,0.3292388617992401,0.4229876399040222,0.467586487531662
3941020,15a7077b-c93a-47e4-bbfd-b7d407d1a728,Clearance,0,0.2126865671641791,0.2544619143009186,0.2772229015827179,0.29881805181503296,0.3027491867542267,0.35234442353248596,0.3419295847415924
3941020,e193bb54-361d-4e47-b937-7fbc520ed841,Clearance,1,0.2126865671641791,0.11167562007904053,0.20920762419700623,0.36689993739128113,0.5811471343040466,0.5319038033485413,0.5650081634521484
3941020,2700de32-97cd-4889-9587-111b25c07a23,Pass,0,0.2126865671641791,0.0835399404168129,0.083533376455307,0.048297952860593796,0.044613782316446304,0.02394860051572323,0.0292824637144804
3941020,46dc7275-5ac4-43a2-84ae-86d34ad34994,Pass,0,0.2126865671641791,0.2702935039997101,0.2408016324043274,0.3332115709781647,0.13764087855815887,0.08861379325389862,0.08291313052177429
3941020,1c078545-e863-47aa-9221-52833725220c,Pass,0,0.2126865671641791,0.115141361951828,0.14952585101127625,0.17468594014644623,0.0762239545583725,0.03155052289366722,0.02609223872423172
3941020,c29f71aa-66d6-44a7-a42c-c4d9d580496c,Pass,0,0.2126865671641791,0.2240418940782547,0.16908451914787292,0.26573652029037476,0.056402456015348434,0.036628033965826035,0.03188486769795418
3941020,5768068d-2f7e-4ec5-9008-f029b2bd1ecc,Pass,0,0.2126865671641791,0.24916508793830872,0.18435977399349213,0.19737158715724945,0.07760335505008698,0.035804104059934616,0.031822651624679565
3941020,9c3fc6ec-446b-4c7f-8711-3af9b76ed4e6,Pass,0,0.2126865671641791,0.18304689228534698,0.2675638198852539,0.4210604131221771,0.313432514667511,0.15360677242279053,0.08614178746938705
3941020,8d888d2b-ed04-4e0b-b15f-981e0265f8d4,Pass,0,0.2126865671641791,0.17352111637592316,0.14134950935840607,0.07373598963022232,0.06920851767063141,0.04154931381344795,0.03896169364452362
3941020,eb39faf1-17a4-4c6b-a108-f45c475ca45d,Pass,0,0.2126865671641791,0.1041993722319603,0.2759702503681183,0.3062371015548706,0.09598840773105621,0.041108693927526474,0.059286292642354965
3941020,e823ecae-7294-44b2-9042-b952150063e9,Clearance,1,0.2126865671641791,0.4549967646598816,0.3823561668395996,0.34820201992988586,0.41849255561828613,0.46051719784736633,0.3987734317779541
3941020,1e76a4d9-4dd1-4d76-a538-3ff598a3fc57,Pass,0,0.2126865671641791,0.1352008432149887,0.09511823207139969,0.10064742714166641,0.10069040954113007,0.03664229065179825,0.04816439747810364
3941020,7ef61f30-f53f-4d16-b0ee-b10402b69039,Clearance,0,0.2126865671641791,0.06136937066912651,0.08035073429346085,0.044401396065950394,0.1807461529970169,0.19282661378383636,0.21997319161891937
3941020,1bda5004-1ca4-426d-a5de-2546ee613171,Clearance,0,0.2126865671641791,0.11429503560066223,0.10014967620372772,0.05567674711346626,0.11407402902841568,0.16420911252498627,0.14565631747245789
3941020,93b972e4-2cb7-4946-b002-5053c487dee8,Pass,0,0.2126865671641791,0.2197725623846054,0.20342279970645905,0.08488046377897263,0.09572534263134003,0.06204833462834358,0.032864656299352646
3941020,75f4f0e3-8171-4088-a1cf-c211a951a16e,Pass,0,0.2126865671641791,0.07420766353607178,0.08426283299922943,0.037606872618198395,0.040589138865470886,0.01638120599091053,0.010423826053738594
3941020,673e5264-8d6f-4e33-b410-65818655f6be,Clearance,0,0.2126865671641791,0.20064769685268402,0.10936334729194641,0.12964366376399994,0.264717698097229,0.2931823432445526,0.33137890696525574
3941020,22e26042-04b1-43f6-9e78-952b133c71c5,Pass,0,0.2126865671641791,0.17452853918075562,0.1130552589893341,0.07913457602262497,0.0816895067691803,0.097031369805336,0.10591983795166016
3941020,98ef9a46-fa3f-4690-8923-2853df051976,Pass,0,0.2126865671641791,0.1314244568347931,0.11015787720680237,0.04528725519776344,0.049512457102537155,0.020408092066645622,0.021641304716467857
3941020,1e720b39-4b66-4635-ae6e-ac3e66ac4996,Pass,0,0.2126865671641791,0.08690839260816574,0.16898712515830994,0.2207765430212021,0.15572290122509003,0.09716462343931198,0.09880518913269043
3941020,1d363bab-b41c-480f-9048-bae2c7e132c5,Pass,0,0.2126865671641791,0.25464531779289246,0.211074560880661,0.11163802444934845,0.0886564701795578,0.04450118914246559,0.03409556299448013
3941020,d93335c9-a75c-4088-9d9f-d18357965b1b,Clearance,0,0.2126865671641791,0.18252627551555634,0.17445504665374756,0.13784898817539215,0.11998039484024048,0.1660124659538269,0.18117494881153107
3941020,4f1cddf8-2a2b-47de-b125-055d3fb2ade4,Clearance,0,0.2126865671641791,0.29730290174484253,0.3353046774864197,0.35594743490219116,0.6001003384590149,0.5583595037460327,0.5666540265083313
3941021,5cdecf0e-3585-4497-b8c1-65bb21af921e,Clearance,0,0.21302325581395348,0.19149427115917206,0.10270107537508011,0.06897742301225662,0.19647660851478577,0.22903263568878174,0.2056506723165512
3941021,0ef39a89-c1bc-4006-9c19-cb7d98040a47,Clearance,0,0.21302325581395348,0.2177809327840805,0.4455360472202301,0.4155960977077484,0.3702755868434906,0.38416755199432373,0.4574297368526459
3941021,9aa25060-7865-4199-b00f-c78da6c96f66,Pass,0,0.21302325581395348,0.1798398345708847,0.48876631259918213,0.3594667315483093,0.1823190301656723,0.13598951697349548,0.09633241593837738
3941021,f36e56f2-2a49-4028-b9c7-465f574d20de,Pass,0,0.21302325581395348,0.18813122808933258,0.08214870095252991,0.10053019970655441,0.10373940318822861,0.05315227061510086,0.056700147688388824
3941021,f5f127d4-c6bc-4bd6-a7c4-55eef3d5ff09,Pass,0,0.21302325581395348,0.1750328540802002,0.0954367145895958,0.07265602797269821,0.042893875390291214,0.06194653734564781,0.08856677263975143
3941021,590d5673-6760-4542-973a-b2b608d34535,Pass,0,0.21302325581395348,0.22383727133274078,0.23832443356513977,0.26425901055336,0.09383373707532883,0.04647424444556236,0.04977765679359436
3941021,c42a7a18-b2f2-4e78-8cea-21935c5d2bd9,Pass,0,0.21302325581395348,0.18283222615718842,0.15594089031219482,0.22290320694446564,0.10677461326122284,0.06352267414331436,0.03754185885190964
3941021,b9b524f1-02dd-4377-9492-fca060ac2cd1,Pass,0,0.21302325581395348,0.15840891003608704,0.05138551816344261,0.052007559686899185,0.026087209582328796,0.03917272761464119,0.025146665051579475
3941021,8e4b5efb-eef8-48ff-8abd-5fc87ef63a65,Pass,0,0.21302325581395348,0.1612423211336136,0.08714897185564041,0.16088253259658813,0.1059827134013176,0.06430402398109436,0.1559777706861496
3941021,cedda43c-c8b7-4aa1-aa2e-4e3a87b5e0d0,Clearance,1,0.21302325581395348,0.4266931414604187,0.34408703446388245,0.4370221197605133,0.3969004154205322,0.37585267424583435,0.4110112488269806
3941022,02ea9109-8354-4134-a4cc-ac984df6852c,Clearance,0,0.21378667908709828,0.18858234584331512,0.2351098656654358,0.16159628331661224,0.18493764102458954,0.1980033963918686,0.22239989042282104
3941022,7039ff4b-4e0e-4e3c-8419-c3af4ce71787,Pass,0,0.21378667908709828,0.37324169278144836,0.1407443881034851,0.18913070857524872,0.10618501901626587,0.04324338585138321,0.028091343119740486
3941022,bb11c954-2c17-48f7-9f30-d90eae554bcf,Pass,0,0.21378667908709828,0.1006431058049202,0.12898683547973633,0.22190511226654053,0.1143064945936203,0.1935061365365982,0.21253398060798645
3941022,03f17a10-cf54-4d3d-955b-08842781c59e,Pass,0,0.21378667908709828,0.11875559389591217,0.16830706596374512,0.11187264323234558,0.07379994541406631,0.30032336711883545,0.25707048177719116
3941022,25a41ce5-0882-4100-a04d-164d42feaeae,Pass,0,0.21378667908709828,0.4096791744232178,0.2815377712249756,0.3611055612564087,0.29208996891975403,0.2869485020637512,0.5417900681495667
3941022,1d99d5a5-cb82-4735-bf09-5b36ddf975e0,Clearance,1,0.21378667908709828,0.3163621425628662,0.4995323121547699,0.43051037192344666,0.49664053320884705,0.40909120440483093,0.40598106384277344
3941022,aff5c9ed-f60f-42c0-af01-c1f217d8e619,Clearance,1,0.21378667908709828,0.26508069038391113,0.35455429553985596,0.2961941063404083,0.6092332601547241,0.6484525799751282,0.6219612956047058
3941022,42616641-43e5-42ae-9b38-73914034bf54,Pass,0,0.21378667908709828,0.3584527373313904,0.5223738551139832,0.5252200961112976,0.18596965074539185,0.06796924769878387,0.03418338671326637
3941022,6f1301af-66dd-4475-8d6f-808db1304471,Pass,1,0.21378667908709828,0.2528487741947174,0.3739382028579712,0.2934803366661072,0.25097382068634033,0.27995407581329346,0.3243303894996643
3941022,b6c4a0f0-8f52-4f9f-bb25-5b517957bac7,Clearance,0,0.21378667908709828,0.1613255739212036,0.21028389036655426,0.1849372386932373,0.11688295006752014,0.1473322957754135,0.14831547439098358
3941022,a5af5f35-c759-4517-bda3-8234be74cbdf,Clearance,0,0.21378667908709828,0.3018592298030853,0.26099711656570435,0.3995043933391571,0.400862455368042,0.4201481342315674,0.4138425588607788
3941022,1d94cd7e-e97d-4482-9826-a8c7d701d39f,Pass,1,0.21378667908709828,0.33919233083724976,0.29390445351600647,0.19552911818027496,0.16422851383686066,0.1583472490310669,0.2206435203552246
3941022,d3dbdefc-6699-417a-9e6c-dbdb8f97c08e,Clearance,1,0.21378667908709828,0.19443655014038086,0.14001618325710297,0.14976383745670319,0.21646997332572937,0.17191635072231293,0.16626372933387756
3941022,598f33ea-cf9b-4303-8b9d-7529da3a1856,Clearance,0,0.21378667908709828,0.3592033386230469,0.3112558424472809,0.2184838354587555,0.27502724528312683,0.27770179510116577,0.32233595848083496
3942226,f99df16b-dc76-42be-9690-2689c7937c4a,Pass,0,0.21288515406162464,0.1699582189321518,0.561275064945221,0.48270177841186523,0.32248297333717346,0.14812983572483063,0.11321605741977692
3942226,8c2aa051-5ab8-43d2-a334-e27e1074dc98,Pass,0,0.21288515406162464,0.14842215180397034,0.08668596297502518,0.043864473700523376,0.05398077890276909,0.035816896706819534,0.01740427128970623
3942226,23d70f48-45f3-42b4-8f4f-ffa0eb9b6732,Pass,0,0.21288515406162464,0.11050691455602646,0.1476399153470993,0.12932156026363373,0.0793600007891655,0.11405353993177414,0.041546810418367386
3942226,d8f7a15c-532b-4666-9bee-88fd2b7f9584,Clearance,0,0.21288515406162464,0.18170781433582306,0.09015270322561264,0.15676693618297577,0.18977126479148865,0.2177259474992752,0.2001301348209381
3942226,408f6d02-9476-45b6-89fd-4cdebd7e5cf2,Clearance,0,0.21288515406162464,0.1989833265542984,0.22692380845546722,0.16230228543281555,0.162925586104393,0.11017876863479614,0.1441330909729004
3942226,0fb8a5d1-60a2-4d02-b450-9785f84bb6f8,Pass,0,0.21288515406162464,0.2087394744157791,0.23776689171791077,0.20654189586639404,0.10816506296396255,0.06635339558124542,0.08165903389453888
3942226,a648aa81-c6b4-4150-8d0a-d4f9d4edbc3f,Pass,0,0.21288515406162464,0.13483324646949768,0.11963681131601334,0.08792879432439804,0.09906668961048126,0.05327094346284866,0.06983292102813721
3942226,48df6fa1-7164-44b1-8d68-df046e21476c,Pass,0,0.21288515406162464,0.33723384141921997,0.3581700026988983,0.3095574975013733,0.2697945237159729,0.27417299151420593,0.2964808940887451
3942226,f43e0b47-85b6-4f13-9662-86c629bd624b,Clearance,1,0.21288515406162464,0.2390507459640503,0.18025043606758118,0.2178359478712082,0.26439955830574036,0.2706666886806488,0.26529818773269653
3942226,baff0f3a-2b7e-4853-91c1-6619a0d758ef,Pass,0,0.21288515406162464,0.11445681750774384,0.1407971829175949,0.09981561452150345,0.07772823423147202,0.030065909028053284,0.02044607140123844
3942226,ef1e3e72-a218-4bc4-a0ba-0cdef0d0def3,Pass,0,0.21288515406162464,0.12205866724252701,0.07511689513921738,0.08046945929527283,0.06209024041891098,0.04332781583070755,0.043015919625759125
3942227,496ca10b-0974-4a9b-9757-f67f6b5da589,Pass,0,0.2126865671641791,0.19782239198684692,0.1733122617006302,0.1450558304786682,0.07953127473592758,0.07021967321634293,0.06981201469898224
3942227,e823f939-ee43-4ca9-a1e9-3faddcc453f5,Pass,0,0.2126865671641791,0.0763380229473114,0.08423011749982834,0.0898938775062561,0.09301726520061493,0.35435736179351807,0.29885464906692505
3942227,eeb8cba4-4917-478b-9c03-1ca7e782d252,Pass,0,0.2126865671641791,0.12767909467220306,0.06535664200782776,0.10099814087152481,0.059967946261167526,0.032293651252985,0.044509392231702805
3942227,7eacd1b2-35cb-469c-8756-ab28bc7467a0,Clearance,0,0.2126865671641791,0.3631365895271301,0.409986287355423,0.3912939727306366,0.3431912362575531,0.30202507972717285,0.33438318967819214
3942227,c5f38b37-c926-4cc4-b9cd-aa55ff68c006,Pass,0,0.2126865671641791,0.16471144556999207,0.31172317266464233,0.19845344126224518,0.07042299956083298,0.16483357548713684,0.1784997582435608
3942227,c4a27b4c-050c-4bb0-ab22-dfb672864c84,Pass,0,0.2126865671641791,0.13812817633152008,0.14302417635917664,0.07823805510997772,0.10907859355211258,0.1082809567451477,0.1492718607187271
3942227,cb02a4f5-2f6c-4eed-82e8-a33ad0ea6268,Pass,0,0.2126865671641791,0.41511070728302,0.2590484023094177,0.28615114092826843,0.27633020281791687,0.3551505208015442,0.6726381778717041
3942227,ee44a083-cbc4-4826-a627-35ad96d9859a,Pass,0,0.2126865671641791,0.12153725326061249,0.05688800662755966,0.07075796276330948,0.049289070069789886,0.07481475174427032,0.06348247826099396
3942227,7e9f93d3-d0ae-476e-93b5-e2158ad6d487,Clearance,1,0.2126865671641791,0.3587152361869812,0.435962438583374,0.23051492869853973,0.2555650472640991,0.25160282850265503,0.3149321377277374
3942227,030fd2a5-e0b4-4abe-b80e-f6075b41d795,Pass,0,0.2126865671641791,0.16539745032787323,0.09208811819553375,0.085463747382164,0.08176957815885544,0.043078482151031494,0.060499005019664764
3942227,3facb3ec-3321-4d41-9fce-5bed831bfdaf,Pass,0,0.2126865671641791,0.11873169243335724,0.13704298436641693,0.20282617211341858,0.0666077509522438,0.03144490346312523,0.020313233137130737
3942227,8881200c-72c0-4c55-9902-79d5c4433b11,Clearance,0,0.2126865671641791,0.18732154369354248,0.16853681206703186,0.1677858978509903,0.17857307195663452,0.20589523017406464,0.1794377863407135
3942349,61f3192d-4a3c-46af-a649-1d936b06cde0,Clearance,1,0.2135877152163797,0.2700928747653961,0.47126248478889465,0.4091736376285553,0.48048165440559387,0.44315215945243835,0.447330117225647
3942349,a455e45f-9275-4fc6-8de8-6ba46cc96195,Pass,0,0.2135877152163797,0.0844259262084961,0.25102055072784424,0.2933928370475769,0.09665045142173767,0.13700427114963531,0.08386651426553726
3942349,a76eb650-557b-4962-a4be-9cd3c8062c22,Pass,0,0.2135877152163797,0.09411824494600296,0.05504624918103218,0.06806671619415283,0.06939894706010818,0.04525020718574524,0.03401830792427063
3942382,bb8d2725-0682-44aa-84a7-eeebcac2f3ef,Pass,0,0.21288515406162464,0.2813602089881897,0.3373839557170868,0.5167524218559265,0.24964849650859833,0.2708250880241394,0.2780545651912689
3942382,6b1caa0e-ad37-4c50-8005-ebb49a17fe5c,Pass,0,0.21288515406162464,0.12216851115226746,0.30094924569129944,0.3954235911369324,0.11894122511148453,0.23203876614570618,0.18728412687778473
3942382,5c9de7ea-e3ca-41a4-8971-7abd129f3a0b,Pass,0,0.21288515406162464,0.23281700909137726,0.13361071050167084,0.18219159543514252,0.116765096783638,0.04311206564307213,0.07926656305789948
3942382,8cfcdf07-6106-495f-aec9-c6f1ac03defc,Pass,0,0.21288515406162464,0.19458365440368652,0.11317967623472214,0.1368628889322281,0.11009052395820618,0.06069213151931763,0.02448808029294014
3942382,b4b18f1d-d615-4890-99f4-c8569604bc62,Clearance,0,0.21288515406162464,0.32917529344558716,0.430754691362381,0.38277575373649597,0.45324206352233887,0.4618317186832428,0.40694737434387207
3942382,63232790-89f3-426b-97a4-1083a6b8f277,Clearance,0,0.21288515406162464,0.2018606960773468,0.45837464928627014,0.5867582559585571,0.5622846484184265,0.6335620284080505,0.6429598927497864
3942382,2d83dc4e-2d7e-4b7f-a66c-e9f446cf0199,Clearance,1,0.21288515406162464,0.40833285450935364,0.2980693280696869,0.1855418086051941,0.21112903952598572,0.17771850526332855,0.20001396536827087
3942382,852276ad-595a-47cf-9c76-67a7c3870991,Pass,0,0.21288515406162464,0.05837633088231087,0.07367923110723495,0.15268957614898682,0.15198971331119537,0.45411238074302673,0.46392494440078735
3942382,bef4dc4b-484f-42ca-ada4-4b033a1e75fd,Clearance,0,0.21288515406162464,0.2629227638244629,0.20144318044185638,0.16242070496082306,0.2789805233478546,0.32998380064964294,0.2986960709095001
3942752,86e460f4-76ce-47c1-9f2c-b78283ca5f16,Clearance,0,0.2135877152163797,0.22802001237869263,0.1511887013912201,0.2134721428155899,0.2027953714132309,0.20830364525318146,0.21761031448841095
3942752,62b44fff-83f2-41a2-b215-d8d9d5a66cd5,Clearance,0,0.2135877152163797,0.23838722705841064,0.2636130452156067,0.17608191072940826,0.28456103801727295,0.25499120354652405,0.22968019545078278
3942752,020527a2-efe0-4121-b82b-b95a814616dc,Clearance,0,0.2135877152163797,0.14507941901683807,0.1999998241662979,0.2672629654407501,0.25190234184265137,0.24330715835094452,0.24199004471302032
3942752,d8b081f2-6d72-40fc-b5d9-0ef4196764ad,Pass,0,0.2135877152163797,0.29370060563087463,0.32519590854644775,0.35157284140586853,0.20733679831027985,0.362183541059494,0.1782781332731247
3942752,07a4ae90-f8cc-4fa5-a154-853ae6ce46f2,Clearance,0,0.2135877152163797,0.22182242572307587,0.1746818572282791,0.211898073554039,0.4344809055328369,0.4527409076690674,0.5963583588600159
3942752,c6e8695b-134c-4193-a66c-b180ece4bb55,Pass,1,0.2135877152163797,0.2617412507534027,0.18804128468036652,0.22596652805805206,0.21047864854335785,0.4337271749973297,0.40506237745285034
3942752,0ab88e90-f765-426d-bf4c-b7a21f569597,Pass,0,0.2135877152163797,0.1741541624069214,0.12650713324546814,0.2914714217185974,0.09455260634422302,0.05852772295475006,0.04572012275457382
3942819,71decc13-a4ae-4a3e-a92c-514487b5a7cb,Clearance,0,0.21288515406162464,0.17134977877140045,0.2196664661169052,0.2192845344543457,0.3348444104194641,0.3682698905467987,0.2916053831577301
3942819,b81de908-4a35-4f85-a776-2f28cc4550cb,Pass,0,0.21288515406162464,0.20694969594478607,0.2607308030128479,0.3271700441837311,0.1108245849609375,0.08014750480651855,0.2007914036512375
3942819,a881898e-6334-40a9-97c3-81eaae624c09,Pass,0,0.21288515406162464,0.20722268521785736,0.11695943772792816,0.19518651068210602,0.12559731304645538,0.19762954115867615,0.15460850298404694
3942819,e2627570-af7c-4f19-978d-030256fcdb6e,Pass,0,0.21288515406162464,0.10167904198169708,0.19446229934692383,0.21704363822937012,0.13136377930641174,0.04323406517505646,0.03742537274956703
3942819,c2c38da0-de11-4031-b03f-0d8f08014946,Pass,0,0.21288515406162464,0.13958759605884552,0.07152579724788666,0.06272038072347641,0.07299350202083588,0.04328944534063339,0.040167465806007385
3942819,398047ac-8a8e-486e-8193-715040e0f233,Pass,0,0.21288515406162464,0.261121928691864,0.23960942029953003,0.26690059900283813,0.14362332224845886,0.06650484353303909,0.04713688790798187
3942819,79586a5f-2bcb-4e92-8810-20269807339f,Pass,0,0.21288515406162464,0.3230421543121338,0.1255849152803421,0.14482687413692474,0.08067671954631805,0.04259292781352997,0.02649257704615593
3942819,3b688676-04a8-4b8a-a2cd-7e75e53e28ed,Pass,0,0.21288515406162464,0.4190560579299927,0.2910389304161072,0.38667958974838257,0.3451572358608246,0.299871563911438,0.39544373750686646
3943043,303f41e3-3754-436c-af0c-48eb82e116d4,Clearance,1,0.2126865671641791,0.08936992287635803,0.11687830090522766,0.14546222984790802,0.2906079590320587,0.3353302776813507,0.3365550637245178
3943043,96139fb2-efda-4bfe-bfb5-83ad1a3eb509,Clearance,0,0.2126865671641791,0.40288999676704407,0.32867422699928284,0.4722890853881836,0.36309972405433655,0.3784097731113434,0.3440309762954712
3943043,38403df3-75a7-490a-bc98-bd1b20a74fd4,Pass,0,0.2126865671641791,0.13480375707149506,0.12664265930652618,0.07537861168384552,0.08234325796365738,0.039908766746520996,0.024465231224894524
3943043,d4906489-3b0b-4cdd-9f4a-3be0ee122b9f,Pass,0,0.2126865671641791,0.160251647233963,0.2653396725654602,0.33953094482421875,0.13284450769424438,0.06752540171146393,0.1482813060283661
3943043,fe2e280e-921c-402b-bc6b-bc6f65c8fd79,Pass,0,0.2126865671641791,0.07620622962713242,0.0771026536822319,0.10174399614334106,0.07737591117620468,0.13656751811504364,0.11650779843330383
3943043,ffc8e1cb-8af2-4377-92c3-300ab0b603c2,Pass,0,0.2126865671641791,0.16193805634975433,0.10081220418214798,0.12199822813272476,0.07470419257879257,0.040357910096645355,0.050963982939720154
3943043,c03b1e1b-9203-4afa-b026-f8bee12947e8,Pass,0,0.2126865671641791,0.11818475276231766,0.11433795094490051,0.1070583313703537,0.059589773416519165,0.03366195037961006,0.028571374714374542
3943043,ee293a76-bfe1-40bc-8fbc-08c1c4fd3766,Pass,0,0.2126865671641791,0.08655938506126404,0.0795796737074852,0.10139531642198563,0.10158883780241013,0.21266968548297882,0.08615042269229889
3943043,60317334-c45e-488b-91cc-bb32de938350,Clearance,0,0.2126865671641791,0.18034835159778595,0.20611585676670074,0.271541029214859,0.3170529007911682,0.3088911771774292,0.22615814208984375
3943043,087dfdad-4e76-41dc-b63b-55d34a9c3554,Pass,0,0.2126865671641791,0.112592913210392,0.23825974762439728,0.17316819727420807,0.09714558720588684,0.19756482541561127,0.12035344541072845
3943043,bb717e83-0a26-4ffe-a390-f2e7eb01af09,Clearance,0,0.2126865671641791,0.21397361159324646,0.20533177256584167,0.1002809926867485,0.2203192561864853,0.28636860847473145,0.2820114195346832
3943043,e72ce8fe-0754-4ea1-9990-2fb5fe55e227,Clearance,0,0.2126865671641791,0.19934605062007904,0.5329651236534119,0.42720022797584534,0.3797597885131836,0.4734281599521637,0.3470456600189209
3943043,eb9dc193-69a1-4bc8-8237-0cb1d1884251,Pass,0,0.2126865671641791,0.0632372722029686,0.14133450388908386,0.11227370798587799,0.10917119681835175,0.2420770823955536,0.24642585217952728
3943043,7d8c980a-3feb-4980-8623-3c1a99105ee0,Clearance,0,0.2126865671641791,0.17493684589862823,0.23826006054878235,0.258905291557312,0.2955639660358429,0.31262773275375366,0.28040722012519836
