winner_event_id,match_id,is_clearance,p_clearance_gnn,p_clearance_tabular,pass_length_actual,pass_length_gnn,pass_length_tabular,height_actual,p_ground_gnn,p_low_gnn,p_high_gnn,p_ground_tabular,p_low_tabular,p_high_tabular
aa436187-a199-4a19-8fa8-44836e64e36e,3764440,0,0.21421457827091217,0.12269614408725953,22.703524,19.96573257446289,17.06385239716636,1,0.0011244420893490314,0.28197500109672546,0.7169005870819092,0.0,0.23116065959019205,0.768839340409808
4a40f0ca-9d7c-4659-9f8a-3a16751ef3a0,3764440,1,0.9982922673225403,0.9998013545037104,,9.890048027038574,9.828499897409081,-1,4.560883462545462e-05,0.3649786412715912,0.6349757313728333,0.0,0.8612865908583115,0.13871340914168853
c6778011-e687-4076-ba0e-10ba2cf82c24,3764440,1,0.34280768036842346,0.3474992737748716,,19.50661849975586,15.69596480533842,-1,0.001078951288945973,0.26354244351387024,0.735378623008728,0.0,0.2806346614650974,0.7193653385349026
616f5ce8-67c3-48c1-bff6-eda55d4b09ce,3764440,0,0.013014400377869606,0.00972906917942999,6.8942003,12.760692596435547,13.089237072350956,2,0.0007356115384027362,0.43158599734306335,0.5676784515380859,0.0,0.5018984771360695,0.49810152286393045
940138f9-c95e-40a8-901a-e3e8f3649aff,3764661,0,0.01558661088347435,0.0028807365535793985,13.243867,15.285364151000977,12.659727514633447,2,0.00020365855016279966,0.3870881497859955,0.6127081513404846,0.0,0.31832816650219764,0.6816718334978024
cb65248c-2cb2-44ab-9bde-f7de1de71e93,3764661,0,0.01245212834328413,0.0012024419491916216,16.234838,11.720490455627441,11.31920359565377,2,0.0002419732918497175,0.3295432925224304,0.6702147126197815,0.0,0.18475340852710942,0.8152465914728906
dd9f533c-4405-4163-aec3-81c426b9c645,3764661,1,0.9980359673500061,0.9998981140708287,,10.351316452026367,9.95640673408585,-1,5.349755520001054e-05,0.30668458342552185,0.6932619214057922,0.0,0.8468198862342914,0.15318011376570864
e0e3b6d0-7e59-4709-92aa-d77359446d17,3764661,0,0.7658264636993408,0.7214043097598926,15.120847,19.78830337524414,18.041839866942137,1,0.0006889532669447362,0.5855969190597534,0.41371414065361023,0.0,0.3768305626387306,0.6231694373612694
c4626dae-5af1-4c46-9279-46045bb439ec,3764661,0,0.07095642387866974,0.006797408107609896,14.1014185,15.310220718383789,10.413365247021636,2,0.0004877232131548226,0.31898292899131775,0.6805292963981628,0.0,0.2739251841030568,0.7260748158969432
2d69069f-d976-4b84-8f96-245bcd5c41e0,3764661,0,0.007108991499990225,0.00020057070055389808,19.080095,12.317543983459473,10.27134331380344,2,0.00016106650582514703,0.36353251338005066,0.6363064050674438,0.0,0.31435045019151764,0.6856495498084824
bc9bebd8-24c5-4856-9811-09d3fac8d07f,3764661,1,0.042552243918180466,0.4416818636279158,,10.408476829528809,9.602147209185308,-1,0.0007614197675138712,0.5263231992721558,0.4729153513908386,0.0,0.34941878227571577,0.6505812177242842
94c81e29-9380-4c31-860e-e41d08e5b09a,3764661,1,0.51917964220047,0.43492348889079746,,15.462207794189453,11.414760391503622,-1,0.0013947172556072474,0.433504194021225,0.5651010870933533,0.0,0.44828735505776895,0.551712644942231
3f22ad23-8849-4cdc-bf2c-a3198786d8d8,3773369,0,0.012214930728077888,0.01299685012688359,11.905041,11.480757713317871,10.956452252236303,2,0.0003081017348449677,0.4172583520412445,0.5824335813522339,0.0,0.4113252061193362,0.5886747938806638
0ede2a5a-14ca-4fad-975f-631ec61e3db8,3773369,0,0.0917668417096138,0.06538155757935753,12.25765,11.215152740478516,13.517542704304345,2,0.0010149923618882895,0.33279553055763245,0.666189432144165,0.0,0.20374015383999,0.79625984616001
688d5b2e-3000-472f-bf79-8cfe5505b0ae,3773369,0,0.4166854918003082,0.2735398876682941,18.577944,17.175325393676758,15.097472014828806,2,0.0032911549787968397,0.4083390235900879,0.5883698463439941,0.0,0.3572364241446777,0.6427635758553223
fc80d7b4-a1f9-4457-bdb9-3d9b28644eec,3773369,0,0.0051667578518390656,0.0006277811251019765,10.517129,13.42250919342041,12.080228516460013,2,0.00011119693226646632,0.38038936257362366,0.6194994449615479,0.0,0.32792839869061663,0.6720716013093834
a1b87f23-832f-4597-8c5a-057da606e967,3773369,1,0.2907814681529999,0.3729081576337811,,20.772109985351562,17.747637365644433,-1,0.000636631972156465,0.19441014528274536,0.8049532771110535,0.0,0.3039413582894087,0.6960586417105913
c0694b7c-b58e-43f9-941e-af8a41b0cc67,3773372,1,0.9877721071243286,0.7774706373327863,,12.107789039611816,9.432177453173836,-1,0.0002622164902277291,0.38232365250587463,0.6174141764640808,0.0,0.4366272835947551,0.5633727164052449
4d8b90ec-6ea2-4c47-a593-9f42741c60b6,3773372,1,0.9902781844139099,0.9199029068652638,,11.134591102600098,11.83254748039259,-1,0.0002757152251433581,0.3288573920726776,0.6708669066429138,0.0,0.45522422417495034,0.5447757758250497
8ae292f0-8e58-42bd-9fa4-37a4b2cd210a,3773372,0,0.011136644519865513,0.00036824082551329047,8.335466,8.837934494018555,9.36966184503654,2,0.0003263815597165376,0.4603799879550934,0.539293646812439,0.0,0.26353908665046366,0.7364609133495363
f491764d-dba5-4b9e-a9a1-aaa3879cd38f,3773372,1,0.41774097084999084,0.3640618639940115,,12.30918025970459,12.237001437467839,-1,0.002965336199849844,0.39395859837532043,0.6030761003494263,0.0,0.48485729923525034,0.5151427007647497
45f81e0d-75d0-4ee0-9a4c-caa747e131cb,3773372,0,0.5891596078872681,0.5644434145647281,6.449806,14.709015846252441,13.279225561664157,1,0.0017374149756506085,0.3642861545085907,0.633976399898529,0.0,0.4773364230600522,0.5226635769399478
38c1eec1-b1fc-4d08-a3f0-21344db43e43,3773372,0,0.011259861290454865,7.843437327205609e-05,13.328166,8.533968925476074,8.594173198689868,2,0.0003283188270870596,0.34666287899017334,0.6530088186264038,0.0,0.17001127223601709,0.8299887277639829
261334c4-7479-4c38-be61-36d30c2a4ef4,3773372,0,0.3316527307033539,0.2900144264780332,13.124405,14.54430866241455,12.827368115037114,1,0.0039303540252149105,0.2834799289703369,0.712589681148529,0.0,0.19596405694910568,0.8040359430508943
3571f1b0-7354-45cd-bd6a-fe343a62b1d3,3773377,1,0.9935657382011414,0.993744620745968,,14.565877914428711,14.904485806066166,-1,0.00036669595283456147,0.7505139112472534,0.2491193413734436,0.0,0.8792871467710023,0.12071285322899769
80bdeaae-517f-44e0-969f-99291ad0c8bc,3773377,0,0.7106225490570068,0.8590691738205569,27.901613,13.071703910827637,11.900439121701586,2,0.004381254781037569,0.4518194794654846,0.5437993407249451,0.0,0.3425749518543354,0.6574250481456646
9d9c0a9e-4ba9-4ba7-a441-014178340991,3773377,0,0.011014365591108799,0.001804096583347554,2.8635643,9.204025268554688,10.916715275114498,2,0.00017182300507556647,0.3100793659687042,0.6897488236427307,0.0,0.4338833568571153,0.5661166431428847
4ce2ff6f-7168-4526-9561-0192877ff410,3773377,1,0.7324827909469604,0.5080523758902903,,14.921636581420898,15.918234388324887,-1,0.0032897209748625755,0.39878788590431213,0.5979223847389221,0.0,0.41300814835715394,0.5869918516428461
71fdcceb-f8fc-481b-b109-d192e8de1124,3773377,0,0.01217359397560358,0.003292691503209902,18.44912,14.67080020904541,11.568982352300436,2,0.00019182350661139935,0.3037436604499817,0.6960644721984863,0.0,0.19652996215130913,0.8034700378486909
775e98af-274b-4c51-a1d4-e8b556abcb93,3773386,0,0.004432239569723606,0.0037398067401321253,27.736258,10.559144973754883,12.941607452149897,1,2.4537988792872056e-05,0.40143558382987976,0.5985398888587952,0.0,0.29662103639128645,0.7033789636087135
56d60039-44f0-46d5-b588-6ab913980867,3773386,0,0.25039470195770264,0.3809174926722769,12.419743,9.631624221801758,13.319098911867561,2,0.002499132649973035,0.3821115493774414,0.6153892874717712,0.0,0.25159279101085397,0.748407208989146
c60e395a-a13f-4ece-b384-ffe686118665,3773386,1,0.558471143245697,0.6784295820387748,,15.123537063598633,15.607446525254343,-1,0.007091903127729893,0.3438515067100525,0.6490566730499268,0.0,0.3929384583819914,0.6070615416180086
4499fee0-2db7-4699-9576-9999d0e92627,3773386,1,0.878987193107605,0.8758632417210847,,13.60572624206543,13.359134300889359,-1,0.00031839561415836215,0.6070874929428101,0.3925940990447998,0.0,0.6312949321793931,0.36870506782060686
ddb5c2bf-12c6-4778-85d2-f6bf366cc1b8,3773386,0,0.010836778208613396,0.0016613438160884314,11.275194,11.796396255493164,13.066289035311165,2,0.00016902755305636674,0.3635053038597107,0.6363257169723511,0.0,0.29135686972563346,0.7086431302743665
b5ab6aaa-b599-47d8-9b95-25c14d1c2340,3773386,0,0.6100804805755615,0.7242739516305529,5.8694124,15.307271957397461,17.535512416644096,2,0.0037351904902607203,0.4086402356624603,0.5876246094703674,0.0,0.28546642949502443,0.7145335705049756
e1364409-6232-4ff2-aacc-62f8aa04b4bc,3773386,0,0.09104782342910767,0.101483208560061,13.054502,11.706498146057129,10.49719271835977,2,0.00036103936145082116,0.3010704815387726,0.6985684633255005,0.0,0.38654122000406355,0.6134587799959365
8d0021ab-96e1-4e73-9437-386f1048595e,3773386,0,0.020853187888860703,0.04620228034748278,8.028076,14.796867370605469,12.161234184815134,1,0.0004902731161564589,0.4268460273742676,0.5726636648178101,0.0,0.42522738545312666,0.5747726145468733
f0a910c0-6cbf-4add-b26b-a32e5ac8844f,3773386,0,0.002070973627269268,0.0003450703535017815,12.831601,9.679593086242676,9.489474124746941,1,1.3032722563366406e-05,0.30673322081565857,0.693253755569458,0.0,0.33985067216906883,0.6601493278309312
9ace9e2e-5cb7-4b63-96d3-581186711fca,3773387,1,0.9988653659820557,0.9989757601906467,,16.654993057250977,19.237815033086655,-1,0.0001336184359388426,0.5990456938743591,0.4008207619190216,0.0,0.8302372015060788,0.16976279849392123
a0fcee32-76ef-4bab-805a-70e286e16ca7,3773387,0,0.13398592174053192,0.11056502239121875,11.02225,11.275568962097168,9.949269842551852,2,0.0010983970714733005,0.5870183706283569,0.41188326478004456,0.0,0.5189002377453877,0.4810997622546123
e8fb9793-90bf-4ea9-a740-c2898ba4e29b,3773387,0,0.06432396918535233,0.09434164382879676,9.420191,12.753194808959961,10.92576518583097,2,0.0021221439819782972,0.37884336709976196,0.619034469127655,0.0,0.4428921485374181,0.5571078514625819
ef020f7b-7753-4878-a1b9-f5c92c80c9f3,3773387,1,0.9926741719245911,0.992061496620101,,13.214763641357422,12.62623817370188,-1,0.0005556303076446056,0.546538233757019,0.45290607213974,0.0,0.5867167284904653,0.4132832715095347
77d4b509-4206-4036-9c19-727b563a2719,3773387,0,0.07194925844669342,0.08892067646421617,8.805112,10.67299747467041,11.200446784991707,1,0.0017656940035521984,0.4769529402256012,0.5212813019752502,0.0,0.44627636463662,0.55372363536338
21ecf069-6f01-4d10-9ce5-7a9782da8151,3773387,1,0.8696850538253784,0.8952031618046843,,22.000865936279297,14.264259097132937,-1,0.0012527037179097533,0.4707745909690857,0.5279726386070251,0.0,0.5409316726907161,0.45906832730928393
f1df8e1a-334e-4d22-a057-7b481b493ad2,3773403,1,0.999313473701477,0.9999080521819171,,10.873513221740723,12.686139413806096,-1,2.187969039368909e-05,0.33375948667526245,0.666218638420105,0.0,0.9102739311785302,0.08972606882146983
7ae8e519-4800-40f0-b7c3-245767fdde54,3773403,1,0.4872560501098633,0.41593121694543655,,12.796309471130371,14.934464170567981,-1,0.00599919306114316,0.3264259397983551,0.6675748825073242,0.0,0.309231878510591,0.690768121489409
0649ad23-37f8-4461-8f8b-aa4733ed4864,3773403,0,0.011096752248704433,0.002974456282161387,4.6872168,9.506659507751465,9.18105866494578,2,0.00025353612727485597,0.4492928683757782,0.5504535436630249,0.0,0.4087843923814589,0.5912156076185411
70aca46d-0bd0-40e5-b6ea-fe2336cd9750,3773403,0,0.06209234148263931,0.004652983810834341,9.80816,8.109060287475586,7.861900381043416,2,0.0016061713686212897,0.562531054019928,0.43586277961730957,0.0,0.5131351365407566,0.48686486345924346
f29a38e2-625d-4aa5-a22d-fac08fb2427e,3773403,1,0.9992761015892029,0.99993482935503,,9.99567985534668,10.894736433721523,-1,2.142012817785144e-05,0.249831423163414,0.7501471638679504,0.0,0.7178025110452141,0.2821974889547859
ccdbd3d2-7994-4805-8db2-c68c23cca1da,3773403,1,0.9982041120529175,0.9157944367612035,,11.063076972961426,13.483707672066224,-1,3.723267582245171e-05,0.28812167048454285,0.7118411064147949,0.0,0.4376115177543445,0.5623884822456555
98417e3c-ad89-40cb-a447-09425951698f,3773403,1,0.914337158203125,0.8884782493711515,,15.34666633605957,14.889642481120733,-1,0.0006935182027518749,0.30362668633461,0.6956797242164612,0.0,0.25295475639457143,0.7470452436054286
b3bc3b0c-0bc2-42ec-b654-ed46e252c18b,3773415,1,0.9222469329833984,0.8565464039734153,,16.591127395629883,14.607653074018643,-1,0.0008111502975225449,0.5732927918434143,0.425896018743515,0.0,0.48407314281519553,0.5159268571848045
aff0df7d-c4a4-4013-aa89-e510e2b9c1a3,3773415,0,0.006426083855330944,0.011698922092310073,10.606602,8.791679382324219,8.382666793104244,2,0.00021660637867171317,0.5391322374343872,0.4606511890888214,0.0,0.5849211677911639,0.4150788322088361
bbb19143-b100-487d-979b-36f66e5cdff3,3773415,1,0.9978907704353333,0.9902932637083766,,36.39281463623047,13.323748500124665,-1,4.6053071855567396e-05,0.37951886653900146,0.6204351186752319,0.0,0.5740261309527701,0.42597386904722995
908f2137-a79d-4fd7-9f29-a3ef2d6119b4,3773415,0,0.05315709486603737,0.004729453022342492,4.9193497,12.616517066955566,13.213916243347805,1,0.0006532158004119992,0.3803105354309082,0.6190361976623535,0.0,0.3179670441975052,0.6820329558024948
d4a220ce-abcc-4566-b57c-2c94704be0b1,3773415,0,0.5257946848869324,0.5070077936971404,13.805796,18.459657669067383,15.612511980570634,1,0.001607669168151915,0.35996925830841064,0.6384230852127075,0.0,0.37396039529223857,0.6260396047077614
16dd3a50-6c75-448e-8afb-e32f49082ee6,3773415,1,0.6106513142585754,0.6550052277798822,,15.668479919433594,17.476798391862662,-1,0.0014025915879756212,0.28675001859664917,0.7118473649024963,0.0,0.3136658511086262,0.6863341488913738
ac5ea7ab-b994-44dc-aa3d-c02f50ab7d78,3773415,0,0.5069647431373596,0.40772072807591797,3.3241541,16.843677520751953,13.656783888057555,1,0.0014414250617846847,0.3382851779460907,0.6602734327316284,0.0,0.341101938520603,0.658898061479397
aaa3a0f2-f53e-42bb-a2e3-8df57551dd9c,3773415,0,0.42214712500572205,0.5374672697958169,16.222515,16.656816482543945,14.962896320265314,2,0.0017554141813889146,0.26669180393218994,0.73155277967453,0.0,0.34628196903508923,0.6537180309649108
d3763726-44a0-4101-9eee-fb741a4eae9d,3773415,0,0.565008282661438,0.5511386291580025,15.469001,14.5433931350708,14.299748975663652,1,0.0025106079410761595,0.3349652588367462,0.6625241041183472,0.0,0.314642990882668,0.685357009117332
ea5832b9-7ab1-45fe-a792-4e8bc3e2b85e,3773415,0,0.6512503027915955,0.793853624937963,14.795945,15.64162826538086,14.365050312292679,2,0.0008311757119372487,0.3010542690753937,0.6981145739555359,0.0,0.1974717438574396,0.8025282561425604
c47495c0-bbcd-47c3-bec5-a5c786278d4b,3773415,1,0.35886645317077637,0.6008555402654818,,14.279797554016113,15.051582469771589,-1,0.0010814331471920013,0.32365548610687256,0.6752631068229675,0.0,0.37475662802161835,0.6252433719783816
35bd2b7c-a817-4fa8-b6c4-85fc4c57b15d,3773415,1,0.9549813866615295,0.7519739936560991,,10.253506660461426,11.59988398386055,-1,0.00030809271265752614,0.7182438969612122,0.28144803643226624,0.0,0.42297096085277097,0.577029039147229
d263c522-36cd-4beb-999d-c05d36200d02,3773428,0,0.03838889300823212,0.020093105663649396,13.980701,8.81965446472168,9.051230247415788,2,0.00043215963523834944,0.42316725850105286,0.5764005780220032,0.0,0.4081768980081115,0.5918231019918885
edc6642a-bd00-429d-a591-5e79c533531b,3773428,0,0.002987898653373122,0.0020228729180322004,12.73185,17.402935028076172,14.785938568090952,2,0.00011033993359887972,0.412173330783844,0.5877163410186768,0.0,0.35185180945276295,0.648148190547237
1b3e5088-f636-4a24-8292-ba5f0313365c,3773428,0,0.4453026056289673,0.3446030175868081,8.825531,17.08046531677246,16.21966701045913,2,0.0017139901174232364,0.2601994574069977,0.7380865812301636,0.0,0.3467904125710102,0.6532095874289898
8a006f4c-ab05-4ec0-bd0f-f30b29368082,3773428,0,0.042988210916519165,0.0009643757975503597,26.420069,15.384889602661133,11.565504060626644,2,0.000987572711892426,0.39194005727767944,0.6070723533630371,0.0,0.46531560118596105,0.534684398814039
e4fcdd5a-7740-46b4-a663-ef6c0b1c8e6a,3773428,1,0.9178946614265442,0.9082492913348009,,16.60435676574707,12.225002419214569,-1,0.001276170602068305,0.45056840777397156,0.5481554269790649,0.0,0.6117881130539616,0.38821188694603836
15671c59-65dc-4d59-bb8d-1d5c913dd82e,3773428,1,0.9985007047653198,0.9698272944371031,,12.171967506408691,14.892183590631154,-1,6.260002555791289e-05,0.3079625070095062,0.6919748783111572,0.0,0.43323432842350806,0.5667656715764919
3a1b61b2-534d-4def-a6db-816489f9cfe8,3773428,0,0.06568999588489532,0.10406227227002865,15.115886,16.132375717163086,15.532036050420942,2,0.0005562413716688752,0.40659162402153015,0.5928521156311035,0.0,0.4221074524989279,0.5778925475010721
48402acc-6500-4ccc-bcc8-061093e17ade,3773428,1,0.9994173049926758,0.9999696073262929,,11.489675521850586,12.839907821142543,-1,1.1264454769843724e-05,0.2783808410167694,0.7216078639030457,0.0,0.8698197916183728,0.1301802083816273
48d5d3e0-aa2b-4a50-9bfb-cfab62c88e2f,3773428,1,0.6940284967422485,0.7277637335440565,,17.12842559814453,15.97397785315663,-1,0.002181473420932889,0.2943488657474518,0.7034696936607361,0.0,0.2854896953948327,0.7145103046051673
fa74d0fa-667b-48c6-a60e-a8a563b7a328,3773428,0,0.43310365080833435,0.2776819066572196,15.945219,17.193187713623047,14.307611066469095,1,0.0017349413828924298,0.23264963924884796,0.7656154632568359,0.0,0.18289588237912136,0.8171041176208786
0e132039-d33c-49fa-b0d6-e19029bc655d,3773428,1,0.7426695227622986,0.5869896582509568,,7.981706619262695,12.74991254959763,-1,0.0007736452971585095,0.59651780128479,0.40270861983299255,0.0,0.5678609760778485,0.43213902392215153
571cc8aa-6717-4bdf-b585-abf2eade6b30,3773428,1,0.9476386308670044,0.9022656451733633,,15.1878662109375,15.242423756498827,-1,0.0013991125160828233,0.43059512972831726,0.5680056810379028,0.0,0.45713231241783747,0.5428676875821625
00c78720-4fb3-48f7-9d06-2b5af206365f,3773457,1,0.6974080801010132,0.33115209842117227,,16.12674903869629,14.174375896122193,-1,0.003243915271013975,0.46055373549461365,0.5362022519111633,0.0,0.5462896283288908,0.45371037167110917
afacbc32-d63a-4639-b28e-2af090610cf1,3773457,1,0.5533575415611267,0.4842509491682202,,12.778725624084473,12.235291987601947,-1,0.001396202715113759,0.31401699781417847,0.6845868229866028,0.0,0.2737352212773623,0.7262647787226377
960f3f47-1b95-4470-b35b-181723539cf9,3773457,0,0.08148305863142014,0.07461932058282948,11.552056,9.317591667175293,11.595177618163063,1,0.000764130090828985,0.38446685671806335,0.6147689819335938,0.0,0.44020785706572674,0.5597921429342733
ea65f2f2-41d6-4e4a-8173-68131e58b1ef,3773457,0,0.028788993135094643,0.014345863547600262,10.104454,12.448561668395996,12.020503953818796,2,0.0007569789304398,0.48162198066711426,0.5176210403442383,0.0,0.47119272704704884,0.5288072729529512
67b9c5a1-1703-4189-a95a-81b2a8606c8b,3773466,0,0.05249722674489021,0.027094182023731227,6.514599,11.484402656555176,12.832061037632823,1,0.0011635671835392714,0.5634284615516663,0.43540793657302856,0.0,0.58356519564929,0.41643480435070995
b52a5b16-a7a3-4863-917c-806fdf86e934,3773466,0,0.2838379442691803,0.06820384016752917,15.532225,15.497499465942383,12.626839085656844,1,0.0014523618156090379,0.3641151785850525,0.6344324350357056,0.0,0.3632708975706632,0.6367291024293368
a69dcdfa-1b25-4182-b465-b7a0b27ce4e2,3773466,0,0.6847573518753052,0.7277728809131679,11.560277,13.333405494689941,15.713099245588925,2,0.003150527598336339,0.42827990651130676,0.5685696005821228,0.0,0.5261476915295128,0.4738523084704872
e4bbbdc7-8524-41db-baf1-7e8b574ff80c,3773466,0,0.3965568542480469,0.43110504969297386,11.112605,12.292258262634277,14.03680659213746,1,0.0030379705131053925,0.25141844153404236,0.7455435991287231,0.0,0.23920336776818585,0.7607966322318142
88cfa140-7cc7-476c-8efc-cbe9868c0067,3773466,0,0.016642004251480103,0.0030769283061800544,8.544589,10.105478286743164,9.55848782071879,2,0.00024596526054665446,0.3340380787849426,0.6657159328460693,0.0,0.3561522645794407,0.6438477354205593
81b000e5-044d-4258-a7c2-a67af271ec4f,3773466,0,0.5467777848243713,0.6126547595036085,14.25798,16.376028060913086,17.928637752862187,1,0.0019897613674402237,0.35085737705230713,0.6471529006958008,0.0,0.33297153653221245,0.6670284634677875
50e0b58d-3025-4a93-ac19-c7b7b88b2139,3773466,0,0.6150650978088379,0.5549408288694395,13.254434,19.54857063293457,15.379448941512404,2,0.0009702153038233519,0.24543602764606476,0.7535938024520874,0.0,0.170961544925478,0.829038455074522
971abd1e-4745-4454-9270-7c36c2acdf0b,3773474,0,0.01188545674085617,0.008075653718881881,13.514807,11.946495056152344,11.857361202568303,1,0.0006399577832780778,0.5748003721237183,0.424559623003006,0.0,0.5980847930875173,0.4019152069124827
fe844449-8c84-4d71-87e2-b0b873bde687,3773474,0,0.33837634325027466,0.4895829213044559,9.9408245,13.83566951751709,12.986451251859823,1,0.0021891645155847073,0.31512320041656494,0.6826876401901245,0.0,0.2377209610644223,0.7622790389355777
abbbfee6-304b-49b9-a690-f9ec5dea0785,3773474,1,0.4269455075263977,0.6404214174907379,,18.5892333984375,15.35913638692874,-1,0.0010875678854063153,0.320497065782547,0.6784153580665588,0.0,0.2744041491161989,0.7255958508838011
ab027e27-5cd7-4f06-8f18-458adac59703,3773474,1,0.9973104000091553,0.9863298383607993,,13.228557586669922,11.48801856128009,-1,0.00011854416516143829,0.527134895324707,0.4727466106414795,0.0,0.525106576584119,0.47489342341588103
ebcfb7e1-d86f-40d5-aab9-20d520f6d5d6,3773474,0,0.12766462564468384,0.4339967342892187,12.180722,8.382939338684082,9.081989453360599,1,0.0005324099329300225,0.6190918684005737,0.3803757429122925,0.0,0.5865355828419255,0.41346441715807447
22271697-e400-4565-8ce4-fbb0f00680bf,3773474,0,0.6038134694099426,0.674233458314411,12.219656,12.96209716796875,16.166225168300134,2,0.0018172382842749357,0.2812822461128235,0.7169005274772644,0.0,0.1664727478572271,0.8335272521427729
5f904e20-4b2e-44f9-8c33-b9fdb4a05a31,3773474,0,0.010818795301020145,0.007554425008718856,31.517931,12.767219543457031,13.417563314291328,1,0.0003944920317735523,0.379367858171463,0.6202376484870911,0.0,0.333162705337153,0.666837294662847
6ac51f92-0fde-44f0-a136-69364dc2acc8,3773477,0,0.28982704877853394,0.1278168926885775,32.929623,11.486472129821777,13.089165648527691,2,0.0016849972307682037,0.35203272104263306,0.6462822556495667,0.0,0.21941734631214282,0.7805826536878572
91c0e410-bcb4-4a50-ab70-43add86e590e,3773477,0,0.4308490753173828,0.16968784547558366,13.1,8.864433288574219,6.761816258988428,2,0.0011370761785656214,0.5609371066093445,0.4379257559776306,0.0,0.537608067133172,0.46239193286682795
590bf310-a47c-498c-9fed-dc42b433baa9,3773477,1,0.9981656670570374,0.9989303379808963,,15.431535720825195,13.051547303272221,-1,6.281239620875567e-05,0.7070018649101257,0.29293540120124817,0.0,0.8456355213869614,0.1543644786130386
b3752a9b-9908-4619-be59-9763215faf37,3773497,1,0.1753256916999817,0.17042909713706275,,10.549811363220215,14.502554669043965,-1,0.0032596481032669544,0.47312286496162415,0.5236174464225769,0.0,0.36947394080578366,0.6305260591942163
ddcf3127-a165-4606-ac18-3db263cbc8a6,3773497,1,0.3892098367214203,0.5723975213561486,,14.853435516357422,13.605564222953317,-1,0.003637116402387619,0.28596681356430054,0.7103961110115051,0.0,0.41338138609124064,0.5866186139087594
98c37f6a-b67b-4aa0-8ead-8f70e9ece5b8,3773497,0,0.013913306407630444,0.004967076745101175,30.210098,16.28327178955078,13.914495246862336,2,4.005984737887047e-05,0.4293307662010193,0.5706291794776917,0.0,0.40342858622686517,0.5965714137731348
3dabe86e-1e54-47bc-b18a-5ba69b7e3d94,3773523,0,0.010521930642426014,0.0023690337846248356,7.6896033,16.37943458557129,14.91574500469081,1,0.000730013067368418,0.37122491002082825,0.6280450224876404,0.0,0.37620333660679606,0.6237966633932039
47c30fd0-e166-4b5f-bb10-24e297618215,3773523,0,0.06477890908718109,0.01580084710317118,1.4,11.069969177246094,13.878895700416212,2,0.0006245239055715501,0.5800104141235352,0.4193651080131531,0.0,0.39236069223828696,0.607639307761713
54c50412-dac6-4c60-a07d-2898f888d526,3773523,1,0.9949926733970642,0.9909705297079213,,13.105953216552734,15.522753491294925,-1,0.0001879202900454402,0.3473137617111206,0.6524983048439026,0.0,0.6165819002519858,0.3834180997480142
c77489b0-9a1e-4950-99f9-b26d5bd593ed,3773523,0,0.015342820435762405,0.008573403218803259,17.447063,17.63471031188965,15.310696264598828,2,0.0006610159180127084,0.47015467286109924,0.5291843414306641,0.0,0.5732163098332946,0.42678369016670537
4450e16e-5df6-4941-8ae0-e2d3434975fd,3773523,0,0.0032825523521751165,0.00011083757788301742,3.9,9.891486167907715,7.981208355761241,2,0.0001119257794925943,0.4785621166229248,0.521325945854187,0.0,0.28216959313597856,0.7178304068640214
da77b443-e083-4c59-862f-4f46329a9201,3773523,0,0.43747738003730774,0.22067320478708966,6.0671244,13.166268348693848,13.594975091716792,2,0.003161927917972207,0.32535499334335327,0.671483039855957,0.0,0.23897741886914403,0.761022581130856
88b65e00-b530-415f-8971-dd6636b38512,3773523,0,0.027031658217310905,0.003916534320305278,30.541283,18.262035369873047,15.4710594168249,1,0.00018857547547668219,0.39544808864593506,0.6043633222579956,0.0,0.3802730657510087,0.6197269342489913
a26d0120-a686-42bd-b9ea-db35d8fb4305,3773526,0,0.010372311808168888,0.003137683848150711,10.6775465,13.304810523986816,13.314813944077251,2,6.875726830912754e-05,0.5747302174568176,0.42520102858543396,0.0,0.41503662204537306,0.5849633779546269
7999fb35-32a0-4cfc-b4d1-ad67dd6422bb,3773526,1,0.8880323767662048,0.8937201532808663,,17.706640243530273,11.650975043281212,-1,0.0004687479813583195,0.38127344846725464,0.6182578206062317,0.0,0.5368827372500518,0.4631172627499483
4f2fb303-091b-44f0-8dab-c82e11990391,3773526,0,0.024953017011284828,0.008407258767356486,14.389232,13.878852844238281,12.890257198003654,2,0.0002519032859709114,0.5067805647850037,0.49296751618385315,0.0,0.45530763175913747,0.5446923682408625
6dc26e59-4f8b-4169-8d12-d9f76f1b7234,3773526,1,0.9962379932403564,0.9939167561717657,,13.72197151184082,17.25965444973686,-1,0.000318669161060825,0.6360159516334534,0.36366531252861023,0.0,0.5413512053735976,0.45864879462640235
d1e7a98f-bca7-4884-bd4d-c8d76acbecc8,3773526,0,0.004434830509126186,0.0010701647080213685,12.614278,10.13794231414795,7.469496236278639,1,0.00013111784937791526,0.39643239974975586,0.6034364700317383,0.0,0.34269546557642516,0.6573045344235748
da871896-2869-4b8c-9555-218979bc35ed,3773526,0,0.0036143180914223194,0.0018444802974936234,5.249762,7.59053897857666,6.724081476292076,2,8.045855793170631e-05,0.4741004705429077,0.5258191227912903,0.0,0.3603339896484402,0.6396660103515598
effadaac-f84f-4112-9a15-a8cf2d836cbd,3773526,0,0.012255801819264889,0.0022096867906624684,26.33192,13.52804183959961,13.852544270660688,1,0.0004591349861584604,0.4151427447795868,0.584398090839386,0.0,0.35233835995547613,0.6476616400445239
ff34d868-9775-492f-af59-870e31c2d297,3773526,1,0.9930909872055054,0.9390068290034496,,12.809061050415039,15.682399013156491,-1,0.00015795239596627653,0.5315762758255005,0.46826574206352234,0.0,0.6542012730281094,0.3457987269718906
4f3e29ed-01eb-4be8-9b3b-d67247047324,3773526,0,0.010091153904795647,0.00309259255265703,12.847178,7.8528289794921875,9.406508068025605,2,0.00013010844122618437,0.4615474343299866,0.538322389125824,0.0,0.5692030552799783,0.4307969447200218
86ccd188-1a06-4efe-96cd-8a548b96e62d,3773526,1,0.7336851358413696,0.8721042996626641,,15.685798645019531,20.145798772274077,-1,0.0018617729656398296,0.328469455242157,0.6696687340736389,0.0,0.3411379448378986,0.6588620551621014
aba8908b-b636-498d-974e-b9bd884f0dad,3773526,1,0.08390495181083679,0.1916376468744615,,9.714546203613281,11.814031053982823,-1,0.0007520377985201776,0.5964604020118713,0.40278756618499756,0.0,0.49807689311904113,0.5019231068809589
f788f223-30a3-4bb1-bd96-9622d43e8585,3773526,0,0.023585421964526176,0.005860119333128072,10.278619,11.961402893066406,11.643119080632617,1,0.0006345973233692348,0.4012037515640259,0.5981616377830505,0.0,0.41139113911553804,0.588608860884462
674a451a-118b-4bc5-a436-fe7015cf0d74,3773526,0,0.05408409610390663,0.012414696577639175,12.120231,9.241005897521973,13.754735219742841,2,0.00044015547609888017,0.4171190857887268,0.5824407935142517,0.0,0.4380200936576808,0.5619799063423192
226470dd-6e28-48ba-8a71-29db4c13efbe,3773526,0,0.2583184838294983,0.30883130843460754,2.4738634,11.318229675292969,12.785080469974433,1,0.0015140909235924482,0.42873114347457886,0.5697547793388367,0.0,0.32994793189270044,0.6700520681072996
c5855215-ea18-4f9f-8850-4e0c3b8879e8,3773526,1,0.39905112981796265,0.6715507098003737,,9.007074356079102,10.887046246904237,-1,0.0005992515361867845,0.484469473361969,0.514931321144104,0.0,0.4423160444937283,0.5576839555062717
ce8f4504-1b43-4377-a637-df11ba24d969,3773547,0,0.008419081568717957,0.0036490892498653705,11.840608,8.284585952758789,11.275650489317089,2,0.00027390592731535435,0.5372800827026367,0.4624459445476532,0.0,0.45780052193170084,0.5421994780682992
1ad65e45-025f-4c00-ba0a-b703b08470e0,3773547,0,0.08442945778369904,0.15977788986567798,7.5802374,8.531457901000977,9.957030440191474,1,0.0005406534764915705,0.5641424655914307,0.43531689047813416,0.0,0.3267553512577551,0.6732446487422449
46430c6a-a25e-472c-998d-b23fb7ad6cf2,3773547,0,0.34428802132606506,0.47328111463122663,21.367733,14.88786506652832,15.355131219944287,2,0.0008332590223290026,0.2664024233818054,0.7327643036842346,0.0,0.3314092983214203,0.6685907016785797
fb50d2d2-db41-4eb9-a5d5-b007fba3516e,3773547,0,0.26193472743034363,0.23802455126594477,20.14572,14.439319610595703,12.846661488653139,2,0.001897088368423283,0.4328269362449646,0.565276026725769,0.0,0.491586439608539,0.508413560391461
209ff6d5-c8e7-4c0c-b169-356cba8aeefa,3773547,0,0.34516820311546326,0.5575820860787875,19.054659,17.50244140625,14.24775505122442,2,0.000952360627707094,0.25744131207466125,0.7416062951087952,0.0,0.29918394867989484,0.7008160513201052
04295459-bea1-4e4f-be52-f7bb08b2901d,3773547,1,0.6594802141189575,0.8153230560459831,,11.882039070129395,13.957286620090564,-1,0.001287856255657971,0.4024123251438141,0.5962997674942017,0.0,0.5327047862830703,0.4672952137169298
50104f0c-9312-4411-96da-065aa88a5fd9,3773552,0,0.35422152280807495,0.32765177595917905,14.422205,18.868059158325195,15.204317901238198,1,0.0009911181405186653,0.24783480167388916,0.7511740922927856,0.0,0.4009928872524433,0.5990071127475567
feff9f88-0593-48ba-8985-a2cddc6f0ad8,3773552,0,0.043578147888183594,0.006246024454514463,5.772348,10.63447093963623,13.0464906588793,2,0.0012456453405320644,0.5433576703071594,0.4553966820240021,0.0,0.4290556240517721,0.5709443759482279
f40d1bec-1e88-4c89-a8bc-e5de19ebbd93,3773552,0,0.26463744044303894,0.22204321159878415,26.486412,12.873321533203125,15.221216747297788,2,0.0010947954142466187,0.29043710231781006,0.7084680795669556,0.0,0.4000379430588631,0.5999620569411369
38b8ea03-7e0c-4442-b94b-d6d85cbbcf9d,3773565,1,0.1856023669242859,0.34487157517624073,,22.034563064575195,17.954146170920342,-1,0.0008360038627870381,0.2038457840681076,0.7953182458877563,0.0,0.28879303399639755,0.7112069660036024
41dbc26f-4b41-4553-b935-cb749965cd16,3773565,1,0.5928059220314026,0.6138488465072092,,20.123903274536133,15.648772746121779,-1,0.0012628979748114944,0.23754240572452545,0.7611947059631348,0.0,0.330530254114487,0.669469745885513
71b1bd34-4e24-46b6-a4f4-ce08f4989376,3773565,1,0.994566798210144,0.9183432055216851,,15.085981369018555,11.772690994034594,-1,0.00019383679318707436,0.6330460906028748,0.3667600154876709,0.0,0.40330065696749073,0.5966993430325093
960b587b-ce84-49ca-9eea-dcad406bcb38,3773565,0,0.04710765928030014,0.029526681487739664,16.26315,10.77361011505127,11.331508248594297,2,0.0007170421886257827,0.3844708204269409,0.6148120760917664,0.0,0.6073305049161433,0.39266949508385673
ea6ab8b9-6291-4c0c-b659-195ee3a96b49,3773565,1,0.34072044491767883,0.3429305413157068,,10.28154182434082,13.420341826473988,-1,0.0006199589697644114,0.2997911274433136,0.6995889544487,0.0,0.26244030299359233,0.7375596970064077
eb143927-9f31-4228-af57-d4b2629c0fac,3773565,1,0.18058954179286957,0.1322134806741529,,15.054571151733398,13.824195258701854,-1,0.0006573900463990867,0.19065642356872559,0.8086861968040466,0.0,0.24730400237924322,0.7526959976207568
d106d3ef-fde8-471d-bab5-059ba54d757b,3773565,0,0.5245294570922852,0.3548163062432965,20.518284,13.802775382995605,16.82026893147873,1,0.003574245609343052,0.327116996049881,0.6693088412284851,0.0,0.3204986713512469,0.6795013286487531
a38963c5-a23a-41d8-bea9-f63e82b983a4,3773565,1,0.3456360399723053,0.3673571228280681,,15.836822509765625,15.265466270820543,-1,0.002009994350373745,0.2714545726776123,0.726535439491272,0.0,0.24311919488978584,0.7568808051102142
179e6961-4cb6-47be-a6df-be0e0ff5da87,3773565,1,0.2237754613161087,0.3564844900032416,,14.498631477355957,13.280617077844706,-1,0.002344374544918537,0.30440500378608704,0.6932506561279297,0.0,0.2562030262216167,0.7437969737783833
dc848ad5-6fe5-490a-b19e-30566b10fd6d,3773565,0,0.02683515101671219,0.013274277050195843,15.913831,10.373477935791016,12.911915567492274,2,0.0004841451009269804,0.4013877809047699,0.5981280207633972,0.0,0.5198026075686708,0.48019739243132925
1cf426ad-e8f1-4081-bd14-23b223cf4950,3773571,0,0.2240663319826126,0.26874879813948455,30.3033,14.692327499389648,15.909555224825716,1,0.0010830051032826304,0.2268414944410324,0.7720754742622375,0.0,0.25325758732633563,0.7467424126736644
77b6c46b-3cf4-4c7e-b795-9692fa1e51eb,3773571,1,0.9983807802200317,0.9989838636343776,,16.336811065673828,13.687824434415095,-1,3.9749858842696995e-05,0.6723753213882446,0.3275849521160126,0.0,0.34431187208419656,0.6556881279158034
c0e6a41b-ec23-42a2-88c5-2b9f51a30dda,3773571,1,0.23899295926094055,0.29747656114342463,,15.073566436767578,14.379301447719648,-1,0.001533106085844338,0.2497226744890213,0.7487441897392273,0.0,0.3149073568217864,0.6850926431782136
bf845c50-8c44-4489-95da-47445273faae,3773571,1,0.50257408618927,0.7455062204994098,,18.191822052001953,15.526583122435511,-1,0.001088949735276401,0.2792263329029083,0.7196846604347229,0.0,0.2978979047757485,0.7021020952242515
88d781b3-5bca-4c9e-84ad-c76f76a9b9ba,3773571,0,0.006421098485589027,0.011749920273026345,18.806648,14.069645881652832,12.786421070543183,2,0.00015136193542275578,0.41950082778930664,0.5803477764129639,0.0,0.6393102514037946,0.3606897485962054
15b994c2-fb3d-48b7-bb06-5f091dd2b590,3773571,0,0.04128524288535118,0.018332044251195855,8.417244,9.352036476135254,12.388932519880417,2,0.0003126581432297826,0.3832778036594391,0.6164095401763916,0.0,0.4086495020352797,0.5913504979647203
6cf8748d-174a-4e69-95b7-4d8bb8b727cb,3773571,0,0.01097143441438675,0.004190093468260017,26.960155,12.505621910095215,12.394659175247916,2,0.00031360299908556044,0.4547218978404999,0.5449644923210144,0.0,0.44328207979969936,0.5567179202003006
72c7cab3-adcb-4fe8-a4af-14489b961231,3773571,0,0.03196708858013153,0.010196320354789623,29.189896,8.651759147644043,11.81668832927924,1,0.0005989033961668611,0.47665226459503174,0.5227488875389099,0.0,0.500739480942294,0.499260519057706
71f7f932-25b2-48a9-bb82-761eab65973a,3773585,0,0.003822351573035121,0.00021760259829102217,1.9104973,8.412426948547363,10.754402641665408,2,0.00010853652202058583,0.38934198021888733,0.6105495095252991,0.0,0.5632452407817174,0.43675475921828255
7e2090f9-0c06-457b-9368-af6b919575a3,3773585,1,0.9960792660713196,0.9975608301603947,,14.976751327514648,15.742666104800694,-1,0.00022573712340090424,0.7772268652915955,0.22254742681980133,0.0,0.8500050882251383,0.14999491177486166
c3bef5b0-127e-496c-b659-7996fd51da81,3773585,1,0.9960131645202637,0.9982690462984416,,14.118721008300781,13.699206609063767,-1,0.00016081174544524401,0.7133094072341919,0.2865297794342041,0.0,0.8712310432065069,0.12876895679349312
40591a32-e934-4762-8384-ba9fe75c0781,3773585,1,0.9897312521934509,0.9951310652168074,,12.164621353149414,11.698160844450811,-1,0.00036098339478485286,0.715010404586792,0.28462862968444824,0.0,0.7890366947966275,0.21096330520337245
c6223ac5-4d03-4cad-a21c-3322221db636,3773585,1,0.9966461062431335,0.998268191704502,,16.511220932006836,12.31221693643997,-1,0.00012063263420714065,0.6914716958999634,0.308407723903656,0.0,0.7748677330946765,0.22513226690532354
8c2a9ca4-5d99-4c83-8729-f26dc5bca57d,3773585,1,0.9970389604568481,0.9980838597242071,,13.573491096496582,12.51708972501321,-1,0.00011288790119579062,0.710081934928894,0.28980517387390137,0.0,0.8314377415663339,0.1685622584336661
cf04b21f-f682-404d-881e-9ce0eab325c6,3773586,1,0.7054415941238403,0.7298796501875269,,17.39703941345215,11.063052179587393,-1,0.0006971790571697056,0.4053846597671509,0.5939182043075562,0.0,0.44423858660812954,0.5557614133918705
7096eab2-d666-4333-862b-3993fca4b362,3773586,0,0.03778794780373573,0.020809438026854882,1.6552945,10.396390914916992,10.569728383409592,2,0.0005221255705691874,0.4510188400745392,0.5484590530395508,0.0,0.4903249799752999,0.5096750200247001
30bdb7fa-3a37-4804-8c1e-013184808a6b,3773586,0,0.26849621534347534,0.38384805204665967,12.020815,18.079511642456055,13.043911385971057,1,0.001989400712773204,0.306581974029541,0.6914286017417908,0.0,0.3100448118216851,0.6899551881783149
4b755b7f-8887-4908-847f-8557abeec4c3,3773586,1,0.4835982918739319,0.5293466113446568,,12.842225074768066,14.187425686242216,-1,0.0033014535438269377,0.36960577964782715,0.6270928382873535,0.0,0.3268606020100048,0.6731393979899952
ae3bbe69-9e31-4036-a8c4-1bfb2f4265b1,3773586,0,0.024915695190429688,0.0010828006173911498,12.297154,8.958340644836426,11.872043053146502,2,0.0011072700144723058,0.4559371769428253,0.5429555773735046,0.0,0.2402315065543159,0.7597684934456841
0562ce6f-d878-487b-a956-8497b79c6a9f,3773586,1,0.7762665748596191,0.7389779692975289,,17.81364631652832,14.303649538259906,-1,0.0006397246033884585,0.26077035069465637,0.738589882850647,0.0,0.3227000593897844,0.6772999406102156
a68f389a-78c3-4f3d-93ab-352459f11d06,3773586,1,0.245121568441391,0.2900849107681324,,14.526236534118652,14.84872226640247,-1,0.0020578415133059025,0.28481611609458923,0.713126003742218,0.0,0.349466802407575,0.650533197592425
47f21773-5e13-4d19-ad55-f8278a458ee5,3773586,1,0.2850389778614044,0.21172498525389608,,13.701505661010742,13.71312551657377,-1,0.0017126562306657434,0.3096988797187805,0.6885884404182434,0.0,0.20858037956039233,0.7914196204396077
4c8ba09e-ba17-488d-ab8f-727f688db199,3773586,1,0.5305572152137756,0.38363360857026846,,15.822193145751953,14.529088295277301,-1,0.0034670797176659107,0.44643303751945496,0.5500999093055725,0.0,0.37590436442499797,0.624095635575002
251c3036-aebf-42c9-8b29-9127e796ce4d,3773587,1,0.38076356053352356,0.6393519378190153,,15.256698608398438,16.863725978464796,-1,0.009258025325834751,0.4187697470188141,0.5719721913337708,0.0,0.34341194995211877,0.6565880500478812
56f519b4-fb1d-45e9-b386-7f978239fe66,3773587,1,0.9889583587646484,0.9940398322797892,,22.22137451171875,14.287627696554663,-1,0.00022825146152172238,0.6312420964241028,0.36852964758872986,0.0,0.6013732026896661,0.39862679731033385
20aa68d3-72b9-4337-83e6-7be6e8d8c302,3773587,1,0.9790991544723511,0.9509668422268527,,16.900075912475586,13.169186748491967,-1,0.0002937433309853077,0.6598097681999207,0.3398965001106262,0.0,0.4535951574769812,0.5464048425230188
b91915c9-edce-4427-a9db-307a181a7f41,3773587,0,0.08504366874694824,0.028664755027560086,14.644112,13.156740188598633,10.353599239890741,1,0.0011977996909990907,0.405291348695755,0.5935108661651611,0.0,0.30607440545505193,0.6939255945449481
9b0b205b-422c-462e-9a81-4cac78e4a871,3773587,0,0.03277182579040527,0.019676040963166146,28.057798,11.817214012145996,9.664132958012742,2,5.584987593465485e-05,0.5712663531303406,0.4286777675151825,0.0,0.5085249377522938,0.4914750622477062
4eb15e3f-f7da-497e-9a56-290198f6eab6,3773587,0,0.23096047341823578,0.16854360354787015,19.610456,19.28783416748047,17.358511398499214,1,0.0002592492091935128,0.19616356492042542,0.803577184677124,0.0,0.22756849648036181,0.7724315035196382
6a91ad03-a98c-479b-91ad-c3a6b6bad320,3773587,1,0.9182500243186951,0.886956068544572,,12.391440391540527,12.66701083344185,-1,0.00040459478623233736,0.5177650451660156,0.48183032870292664,0.0,0.5471233153701471,0.4528766846298529
ac1de793-b5fc-4e4e-b4b0-eefd457bc898,3773587,0,0.2542668282985687,0.2700580862793172,5.162364,12.54036808013916,14.430300404031842,2,0.0038632983341813087,0.32625138759613037,0.6698853373527527,0.0,0.2707846110391182,0.7292153889608818
2b9b39a2-aff8-4bf4-99aa-0448aa87db3e,3773593,0,0.008926085196435452,0.002404834251286386,28.85429,13.275138854980469,13.808255449236205,1,0.0002605486079119146,0.38366079330444336,0.6160787343978882,0.0,0.35348748483926307,0.6465125151607369
e76420ea-22ef-45bb-a49b-7299d135b82b,3773593,0,0.07634266465902328,0.050881430521514816,8.521151,7.920790672302246,9.91669648533161,2,0.0004945965483784676,0.49477583169937134,0.5047296285629272,0.0,0.2972358939207038,0.7027641060792962
adb31b28-2288-454c-b3c9-e1446703080e,3773593,1,0.9903742074966431,0.9589494799224925,,13.639863967895508,10.583124722001248,-1,0.000177962429006584,0.46655139327049255,0.5332705974578857,0.0,0.41798772533699036,0.5820122746630096
7abead64-0f23-40a5-8e3a-7c9cce2fe6c1,3773593,0,0.0036747760605067015,0.0008978020123017671,5.0695167,10.436841011047363,6.834217448447209,1,0.00010989472502842546,0.4008840322494507,0.5990060567855835,0.0,0.4202103536383276,0.5797896463616724
dcd5f091-f2e1-4ad6-ada8-02fcde31a665,3773593,0,0.001691692741587758,0.0014627032659878798,14.1014185,7.906795501708984,9.330826966575923,2,3.37556230078917e-05,0.3771849572658539,0.6227812170982361,0.0,0.4526803503224326,0.5473196496775674
5fd30e67-39bf-4974-9c44-af7b5fd8c8e0,3773593,0,0.009095818735659122,0.0035025609200067397,13.863622,13.761941909790039,11.409763808694409,2,0.0005475470097735524,0.311484158039093,0.6879683136940002,0.0,0.2670323831561352,0.7329676168438648
4f42b1e0-92af-4a2e-bdfb-824647e2ec82,3773593,1,0.9919752478599548,0.993620964639033,,14.014592170715332,11.893907805270807,-1,0.0005068952450528741,0.671731173992157,0.3277619481086731,0.0,0.4161443125286435,0.5838556874713565
cb12cb24-19e3-468a-bd67-bad9f08464b1,3773597,1,0.5016070008277893,0.43496570546989977,,16.369413375854492,15.468980192289138,-1,0.001434366567991674,0.26906734704971313,0.7294982671737671,0.0,0.328373867014385,0.671626132985615
94cdbbed-e998-41c1-a1d1-1ad9a339e360,3773597,0,0.42928558588027954,0.6550436889120715,7.106335,13.984344482421875,12.159530005155464,1,0.0006338580860756338,0.40089675784111023,0.5984693765640259,0.0,0.42911937131517397,0.570880628684826
5e65948c-4f34-4387-bd48-0881497f730f,3773597,0,0.00805501639842987,0.0071272971648836045,3.3615472,10.115925788879395,10.265840568540426,1,0.000285402056761086,0.4435160756111145,0.5561985373497009,0.0,0.46503460090606474,0.5349653990939353
005b7688-9d42-4c8b-a482-7c23b47c5c10,3773597,1,0.5326353311538696,0.2751169723359844,,20.58631706237793,16.883753383117746,-1,0.00023763894569128752,0.227643221616745,0.7721191048622131,0.0,0.2666330004922155,0.7333669995077845
3b8d9291-f8e1-4285-9fec-364598db769b,3773597,0,0.019280310720205307,0.0040361711477860125,27.86252,9.85900592803955,11.23118844377425,1,0.000673289003316313,0.4794834852218628,0.5198432803153992,0.0,0.36675936716753876,0.6332406328324612
a0fd6ae3-d53a-4580-a994-d477c8d731a2,3773597,0,0.02919478714466095,0.03031935046144488,20.560156,9.789541244506836,9.712839533103223,1,0.0005516404053196311,0.3666832149028778,0.6327651143074036,0.0,0.37033513619827674,0.6296648638017233
c10dd888-c988-4733-8e88-c8ad8c39a7e9,3773597,0,0.011667716316878796,0.0034864964153347067,36.360004,13.850295066833496,13.261412307170673,1,0.00028251283220015466,0.44886747002601624,0.550849974155426,0.0,0.45600689182785015,0.5439931081721499
788d2692-f5bc-456f-8fa0-bccab3c3b4d1,3773597,0,0.44729751348495483,0.28834715330628946,40.7707,14.946690559387207,13.878287860140347,2,0.0008263366762548685,0.3209681808948517,0.6782054305076599,0.0,0.26699358111776206,0.7330064188822379
57f117bb-ea01-4c56-bf8a-cabf21ca8ba5,3773625,1,0.4687312841415405,0.4333716347864181,,17.729944229125977,17.703734820984845,-1,0.0011688519734889269,0.35578006505966187,0.6430510878562927,0.0,0.3355521070441776,0.6644478929558224
6efcd8b8-c0b1-44af-9cb8-518a8420e764,3773625,1,0.9758656024932861,0.9687708967634943,,15.424310684204102,13.16425934338702,-1,0.0002706416416913271,0.3733144700527191,0.6264148354530334,0.0,0.5277203744668617,0.47227962553313835
67b527cd-63fb-4891-b762-4fc13649b12d,3773625,1,0.7239371538162231,0.6269627126125146,,20.400287628173828,18.25099281383783,-1,0.0014653007965534925,0.35282206535339355,0.645712673664093,0.0,0.2165582424748177,0.7834417575251823
2880fd54-6463-4cb9-b346-9af77f91aa42,3773625,1,0.9818623661994934,0.9054834228853207,,13.214065551757812,12.551747661235547,-1,0.00048134286771528423,0.3035320043563843,0.6959866881370544,0.0,0.490064203729372,0.509935796270628
ca29e651-ae9f-4f2a-9f82-5afa2895ffe4,3773625,0,0.8682854175567627,0.48236640286744026,12.25765,12.454463005065918,9.949778656635038,2,0.0005992806982249022,0.4219684302806854,0.5774323344230652,0.0,0.48221528189267127,0.5177847181073287
4cd59754-1214-4ac9-90ae-9f523e9d7f4c,3773625,1,0.9977548718452454,0.9965215666416186,,12.564576148986816,15.350507784844833,-1,3.834018934867345e-05,0.39764103293418884,0.6023206114768982,0.0,0.5257565337346393,0.47424346626536074
6830a009-d6c7-4b5a-b6e7-2bed9fa8d3a9,3773631,0,0.28298085927963257,0.22680455367097635,14.863714,14.192654609680176,14.213764425058235,2,0.0017877016216516495,0.245591938495636,0.7526203393936157,0.0,0.3221466946749513,0.6778533053250487
7a99b096-c80c-44e2-ac8d-0c6ecf86c534,3773631,0,0.293826699256897,0.27220014552030297,9.588014,10.770612716674805,10.80587744535736,2,0.0007979849469847977,0.34965741634368896,0.6495446562767029,0.0,0.36364440694712397,0.636355593052876
ed90810d-3f74-4346-9421-746650673ff9,3773631,0,0.5542502403259277,0.7300586271976112,13.685393,13.852221488952637,11.09931185341573,2,0.0021140032913535833,0.4112580716609955,0.5866279006004333,0.0,0.2404754027409658,0.7595245972590342
dfe3442d-6758-4aeb-b944-1758caea3a82,3773631,0,0.01437876746058464,0.09308438476001885,10.210778,11.879447937011719,12.33064835372058,2,0.0002864206035155803,0.39002782106399536,0.6096857190132141,0.0,0.35219439726673674,0.6478056027332633
3352a10b-71a0-4930-b74e-6759acbf710d,3773631,0,0.021938443183898926,0.018618959166605477,16.676031,9.693558692932129,11.096286558548977,2,0.000637260964140296,0.5090373158454895,0.4903254508972168,0.0,0.6964716839859146,0.3035283160140854
a5383c64-2f2b-490c-b3c4-ba166a29a403,3773631,0,0.15275272727012634,0.25361428905975114,12.76127,13.48609447479248,13.261834040842942,2,0.0014389280695468187,0.26950106024742126,0.7290599942207336,0.0,0.2818583391470513,0.7181416608529487
904f3fef-6e01-41aa-94d8-aa2355a09baf,3773656,1,0.9940396547317505,0.9941659609921398,,12.13886547088623,12.344084763423794,-1,0.0002730531559791416,0.598414421081543,0.40131255984306335,0.0,0.6947898715101911,0.3052101284898089
aac9bef7-fdbe-4d08-9cd1-005c6cfa0d0e,3773656,1,0.9955238103866577,0.9967433700146932,,20.22011947631836,14.605355488752028,-1,0.00027473553200252354,0.518869936466217,0.4808553159236908,0.0,0.6781738515729896,0.32182614842701035
4677f0cc-36ba-4ff4-be7a-3f1565acc72e,3773656,1,0.5221489667892456,0.8892558346700301,,17.38617706298828,13.745811224499313,-1,0.000522143323905766,0.5951741337776184,0.40430375933647156,0.0,0.5179475529056672,0.48205244709433276
7690e5e0-e816-4e90-9a4a-c9ff299a393c,3773656,0,0.011410074308514595,0.011141906235116284,16.7869,9.42660140991211,12.137928911760103,1,0.00014011914026923478,0.5864025354385376,0.41345739364624023,0.0,0.44307698787524996,0.55692301212475
5bc080e5-e9ab-4571-9025-f6ce6879c570,3773656,0,0.13876207172870636,0.27862268198314294,7.922752,11.241447448730469,13.258805040061,1,0.0008338348125107586,0.3509143590927124,0.6482518315315247,0.0,0.28803014857297593,0.7119698514270241
72944bd4-579f-4fa1-b53c-7da783fa8952,3773656,0,0.49491795897483826,0.5407756662347007,12.030378,12.932928085327148,13.955088897016376,1,0.0013941272627562284,0.32912853360176086,0.6694773435592651,0.0,0.3410278548583676,0.6589721451416324
57c92724-22d2-43ba-b6c6-fed377bd003d,3773656,0,0.005141991190612316,0.0061334557493459224,9.353609,9.664260864257812,9.087953292524409,1,0.00016011488332878798,0.4349760115146637,0.5648638606071472,0.0,0.38447146309094904,0.615528536909051
c8a913b3-6bdf-4feb-a4c5-a60ccbf3850a,3773656,0,0.019591111689805984,0.004579945434825367,14.822281,12.29321575164795,13.69858756662664,2,0.00019845001224894077,0.35685133934020996,0.6429502367973328,0.0,0.17344071754780632,0.8265592824521937
587cca38-2f80-4f25-8ac4-67f5adf2809e,3773660,0,0.004941681865602732,0.0017603287915601484,7.3736014,7.431363105773926,9.154578390270052,2,4.133884431212209e-05,0.5968204736709595,0.4031381607055664,0.0,0.48701102431869925,0.5129889756813008
da863651-1174-475b-83d5-abe666286376,3773660,0,0.1707749366760254,0.24834388595685966,3.0805843,10.651918411254883,12.15527170645254,1,0.002299732295796275,0.6483449935913086,0.3493553102016449,0.0,0.5639936646372585,0.43600633536274147
e9582368-c10a-4b9d-b27e-3eb17018700a,3773660,0,0.01762544736266136,0.004573581867511207,30.688923,14.249302864074707,14.379152270679032,2,0.00047130000893957913,0.337520956993103,0.6620076894760132,0.0,0.2703059095349405,0.7296940904650595
4d27d079-c025-4eb6-b810-cbdcca0e52a2,3773661,1,0.99610835313797,0.9213434658714802,,12.41184139251709,14.205874828248062,-1,0.00013316753029357642,0.32106971740722656,0.6787970662117004,0.0,0.3347497451568683,0.6652502548431317
fc656abc-a88f-4fab-bdfd-ecd35aa91f75,3773661,1,0.9982470273971558,0.9670184812577589,,11.484742164611816,13.176878195108669,-1,4.7801982873352244e-05,0.2957480847835541,0.7042040824890137,0.0,0.41460509761837605,0.585394902381624
897e968a-908e-435e-a5d4-8edd7a19e237,3773661,1,0.4635583758354187,0.4484653402856506,,14.942961692810059,14.447914373140705,-1,0.006899173837155104,0.35336384177207947,0.6397369503974915,0.0,0.4034222522947353,0.5965777477052647
e546c776-a385-449d-aa6e-7ddb571d589c,3773661,1,0.9930295348167419,0.9306018167558738,,8.27575397491455,10.58407632073429,-1,0.0001034430242725648,0.3639921247959137,0.6359044313430786,0.0,0.6120898876173788,0.38791011238262113
81e781eb-31cc-4a20-8c52-40ecc2da10cf,3773661,0,0.07566574215888977,0.034520910095987484,7.340981,9.051506996154785,9.793733420611636,2,0.0005042722914367914,0.3883378505706787,0.6111578345298767,0.0,0.3632701276160235,0.6367298723839765
7f4b4079-f84d-49cf-b0fd-a36d82509bee,3773661,0,0.023788630962371826,0.013752017562031786,10.198039,15.506044387817383,12.516528372892314,2,0.0005477959639392793,0.3501218557357788,0.6493303775787354,0.0,0.3050087730034742,0.6949912269965258
06edd25d-fa1e-4e81-90be-dcdb44c039e9,3773661,1,0.15210118889808655,0.099576199850712,,12.150686264038086,10.32992196579238,-1,0.0005419480730779469,0.3156651258468628,0.6837929487228394,0.0,0.297715297030944,0.702284702969056
8124774e-66dc-42bb-b8b2-ac788c8a009d,3773661,1,0.3893997371196747,0.22971305026364697,,12.41179370880127,12.339788280003292,-1,0.001986962743103504,0.2502184808254242,0.747794508934021,0.0,0.257255850849866,0.742744149150134
7b9cea1d-7875-471f-99b9-3d5454888c60,3773661,0,0.0045494274236261845,0.0023009534040721075,13.231024,10.146843910217285,10.03215892019456,1,7.022625504760072e-05,0.4331865608692169,0.5667431354522705,0.0,0.4209899798012514,0.5790100201987486
bd758bb3-31aa-4df0-9c54-626633db2168,3773661,0,0.023281535133719444,0.007028201874129176,14.670037,12.996359825134277,9.84739236116954,1,0.0005089227925054729,0.43009260296821594,0.5693985223770142,0.0,0.25754476154368766,0.7424552384563123
3c4596b8-bc28-4f22-81f3-f9f559bf0029,3773661,1,0.9474064707756042,0.8707415657329465,,15.211196899414062,14.499198697068971,-1,0.00033764526597224176,0.25440463423728943,0.7452577948570251,0.0,0.3698240424170631,0.6301759575829369
ed501b48-1005-4954-90fb-502d0b661cde,3773661,1,0.994236171245575,0.9535135775721002,,9.580185890197754,14.69915876682389,-1,0.00017743078933563083,0.33030375838279724,0.6695188879966736,0.0,0.4415428596177545,0.5584571403822455
e812e9f4-3158-4c33-a184-a649c2992b75,3773661,0,0.696002185344696,0.6614707822663235,26.080069,10.843355178833008,11.671428045359892,2,0.0014717176090925932,0.3533026874065399,0.6452256441116333,0.0,0.46662639018179575,0.5333736098182043
c6d95b91-b456-47b1-8982-a7265691d483,3773661,0,0.5057907700538635,0.42167973456340635,17.901117,10.866044998168945,13.19144816141065,1,0.0019606961868703365,0.2728216052055359,0.7252176403999329,0.0,0.3439246115797313,0.6560753884202687
d33e8bae-8678-4d23-a33d-9ff0aee61cff,3773661,0,0.01753765158355236,0.0011765731479191092,20.524376,15.398160934448242,13.747990173901908,1,0.0004456617753021419,0.4654456675052643,0.5341086387634277,0.0,0.42717647822767746,0.5728235217723225
776ed4c6-bb39-41a7-a9f4-58d18f828f30,3773665,0,0.4523906707763672,0.5867605267024022,10.53945,16.15739631652832,14.079461266753594,2,0.004443460609763861,0.3398418724536896,0.6557146906852722,0.0,0.3222526189327042,0.6777473810672958
2fafffee-e602-4cf9-86dd-d42f13c7db77,3773665,0,0.43024808168411255,0.41497277318141257,18.392662,15.824512481689453,13.731794622629959,2,0.001371104153804481,0.3966519832611084,0.6019769906997681,0.0,0.3907206934078816,0.6092793065921184
2818f2dc-439a-47c0-a01d-4fcb02d46c76,3773665,1,0.9980879426002502,0.9722452364262135,,11.55571174621582,13.994014310342614,-1,3.790645132539794e-05,0.2519938349723816,0.747968316078186,0.0,0.3685267860674222,0.6314732139325778
7c806200-c2be-4453-8ee5-424be070898a,3773665,0,0.006081129889935255,0.0017514585394232728,22.787935,12.084795951843262,12.970912040738293,2,0.0002210503298556432,0.44788065552711487,0.5518983006477356,0.0,0.475119008175526,0.524880991824474
997d99d7-3f53-48e0-8b44-945b66785bfc,3773665,0,0.3049575388431549,0.08600038075704082,17.894133,18.43254852294922,16.96205759204152,2,0.001147578819654882,0.4774230420589447,0.5214293003082275,0.0,0.4052502464623703,0.5947497535376297
d0a56f9e-1453-4e1f-9262-5e4aeb73e278,3773665,1,0.2649909555912018,0.2020369203154831,,13.719715118408203,14.24842338112187,-1,0.00403496203944087,0.4802999198436737,0.5156650543212891,0.0,0.30400884577801146,0.6959911542219885
437ffefa-5a2c-4b2d-b1d5-d029561b6a29,3773665,0,0.02257405035197735,0.005643042779923242,19.703045,13.586731910705566,11.834905005708068,1,0.0004842878843192011,0.37338870763778687,0.6261270046234131,0.0,0.3308212952896822,0.6691787047103178
9634b300-f45e-4c92-8762-3990e35e5fb2,3773665,0,0.028935544192790985,0.001489742529785539,11.414026,13.346636772155762,12.337305532916046,1,0.0009450003853999078,0.5193494558334351,0.4797055721282959,0.0,0.488608743568001,0.511391256431999
53adfbd7-23de-48bb-bc54-1a7fd5b56d0f,3773672,1,0.9984750151634216,0.996020893837249,,10.260334968566895,15.002845420304617,-1,6.403965380741283e-05,0.2980029881000519,0.701932966709137,0.0,0.49163797653343655,0.5083620234665635
1ec919c6-033e-4e35-a2e5-a7c99718f13c,3773672,0,0.007020093500614166,0.008077189968983052,14.327945,16.071773529052734,15.270288663891016,1,0.000291862350422889,0.454315721988678,0.5453923940658569,0.0,0.40254173209723076,0.5974582679027692
15732b98-875c-4ea8-84d1-d704d6331f9b,3773672,0,0.030934752896428108,0.005709057956348146,12.506398,12.391484260559082,11.292092923841537,2,0.0013397956499829888,0.5635374188423157,0.4351228177547455,0.0,0.5088679122721258,0.49113208772787414
91c1ddae-2039-4fff-8a65-86b3a2ed6c06,3773672,1,0.9978006482124329,0.9962185977893582,,13.504859924316406,14.677800251556276,-1,0.0001024645971483551,0.3659884035587311,0.6339091062545776,0.0,0.5367496906125231,0.46325030938747697
4aac9a1b-9d2d-4a7b-848a-9052e4afd383,3773672,0,0.5326581001281738,0.7310520564940413,14.1014185,16.892959594726562,17.403849697198837,1,0.002762593561783433,0.3725052773952484,0.6247321367263794,0.0,0.33054103224026143,0.6694589677597386
41791865-9b6b-4ac1-94f9-99c2f3b2f8fb,3773672,0,0.14330188930034637,0.21333452534966135,8.28734,8.715278625488281,9.358751485233855,1,0.0009181839413940907,0.4770581126213074,0.5220236778259277,0.0,0.4480868986590212,0.5519131013409788
e0a2f6f5-5c96-4a28-9dca-96a2f058ab35,3773689,0,0.5070192813873291,0.4866330560482089,3.2802439,16.44685173034668,13.94285802151358,1,0.001112401601858437,0.25063663721084595,0.7482509613037109,0.0,0.2171937890118968,0.7828062109881032
46b7b81c-1439-4c72-b85b-d18ceeef4bbd,3773689,0,0.3729805052280426,0.3141318138560848,10.439348,16.418140411376953,14.042807223734899,2,0.0010008496465161443,0.2559088170528412,0.7430902719497681,0.0,0.22433155670905724,0.7756684432909428
b04a5446-d892-410c-9285-aa4b9522c23d,3773689,1,0.5356662273406982,0.28675728248195353,,15.758750915527344,13.148641767995374,-1,0.006533115170896053,0.358457088470459,0.635009765625,0.0,0.40401029149553014,0.5959897085044699
697c4e57-d50c-404f-8d40-7d7272cee305,3773689,1,0.9790717959403992,0.8846110601669923,,10.115252494812012,12.4444972484309,-1,0.00010393792763352394,0.4858309030532837,0.514065146446228,0.0,0.47928490742601015,0.5207150925739898
24fe1f55-d4ec-4491-8a3f-185b5d788197,3773689,0,0.0944129005074501,0.22481716856593378,18.59301,10.74374771118164,10.838367948501904,2,0.002386845648288727,0.6204666495323181,0.37714648246765137,0.0,0.4900802870686607,0.5099197129313393
c3474f25-a7c0-4f4b-b073-b8395089e350,3773689,1,0.9963108897209167,0.9998433881285017,,12.780174255371094,10.415228444094627,-1,9.901029261527583e-05,0.345883309841156,0.6540176272392273,0.0,0.7980473339982832,0.20195266600171682
0d0270fa-c52f-4167-a293-ed3ec3ad4dfd,3773689,1,0.9992176294326782,0.9974440114454717,,10.874778747558594,17.648495696758616,-1,1.931434599100612e-05,0.25324660539627075,0.7467341423034668,0.0,0.5958809281187474,0.4041190718812527
a40caa56-3e56-46e2-8f57-8e1790b9e1d8,3773689,0,0.5853006839752197,0.18713015159008423,33.03241,14.689159393310547,14.936001436450836,2,0.0017197559354826808,0.33692148327827454,0.6613587737083435,0.0,0.17834839381652345,0.8216516061834765
914ee233-1a2d-45d3-9a4a-8f1944331af6,3773689,1,0.8106117844581604,0.5662908709212906,,12.451630592346191,10.135627702396585,-1,0.0005237446748651564,0.38334155082702637,0.616134762763977,0.0,0.3548658144267438,0.6451341855732562
d05bf69d-b84b-4269-8bc5-d56e61e2854b,3773689,1,0.7200229167938232,0.8352394794825653,,13.373235702514648,14.304772283995469,-1,0.002582201035693288,0.3431716859340668,0.6542461514472961,0.0,0.34650955646515647,0.6534904435348435
d483aee2-7872-4c01-ba06-a133fdb2b182,3773695,0,0.1680450588464737,0.22585965959139961,8.904493,16.608013153076172,12.707801632921102,2,0.000466350931674242,0.2594258785247803,0.7401077747344971,0.0,0.3289105015653413,0.6710894984346587
de1645d0-cf8e-4d41-8939-6fcf0db988cf,3773695,0,0.029189255088567734,0.013747217589877818,10.080178,11.341753005981445,13.649863583111532,1,0.0007147846627049148,0.5609626173973083,0.43832260370254517,0.0,0.6348256063224809,0.3651743936775191
03244d0b-54a7-4abc-93dd-84ca9c62a7aa,3773695,0,0.37306708097457886,0.31402656564640696,17.500286,12.910764694213867,14.69694574816005,1,0.0009418936097063124,0.28636425733566284,0.7126938104629517,0.0,0.3318877340847092,0.6681122659152908
6a91b084-a6d9-4e86-a389-86dae36d955a,3773695,0,0.41512492299079895,0.5191986771629066,22.57875,12.540064811706543,14.684468335991783,1,0.0018206705572083592,0.2969764769077301,0.7012028098106384,0.0,0.3468024122451274,0.6531975877548726
213860da-9bdb-4c60-ab78-c6b2e6b8d8e2,3773695,1,0.9964905381202698,0.9798470075647373,,16.666091918945312,18.153988496056073,-1,2.9257522328407504e-05,0.8355226516723633,0.16444805264472961,0.0,0.6735734726131195,0.32642652738688055
28c93e8f-d4d8-49f5-aad4-8b86d3016197,3773695,1,0.8489285707473755,0.9564523369094613,,20.744874954223633,14.969706057209365,-1,0.000454395281849429,0.3096955716609955,0.6898500323295593,0.0,0.17067473121786236,0.8293252687821376
4f69a75e-599b-409e-a863-e81e22fc6cb5,3773695,1,0.23454038798809052,0.21011255921423752,,15.002033233642578,14.575385086575666,-1,0.001416000653989613,0.2801135182380676,0.7184704542160034,0.0,0.3240014930004744,0.6759985069995256
4bb0d451-f9b5-44ad-928f-08ef9116d6ad,3773695,1,0.7296791672706604,0.8178132414276554,,17.666244506835938,13.476208855164339,-1,0.0008264191565103829,0.37914779782295227,0.6200258135795593,0.0,0.36922102309619875,0.6307789769038012
0f50d5d3-4fea-4511-a22e-affa93f3a6de,3788741,1,0.09190583229064941,0.3318019258627593,,16.263273239135742,11.316814198113855,-1,0.0013666521990671754,0.3974892199039459,0.6011441349983215,0.0,0.48914402644436783,0.5108559735556322
b4dfd1a3-495a-4438-b454-496f22d7c1ea,3788741,1,0.3380207419395447,0.5020440055849469,,11.69111156463623,15.0037669559635,-1,0.0021887952461838722,0.3915773332118988,0.6062339544296265,0.0,0.39118785707781734,0.6088121429221827
267364d7-1919-4f4b-a62a-53b9a22d4caa,3788741,1,0.21774497628211975,0.28331849293624106,,10.149467468261719,11.991642181983872,-1,0.0035044595133513212,0.3972978889942169,0.5991976857185364,0.0,0.4499435081112023,0.5500564918887977
b7b4419b-fab3-443c-b47a-98b532c798e3,3788741,0,0.005065842065960169,0.0035985494210117324,7.31642,10.950104713439941,11.623189000351102,1,3.300127718830481e-05,0.28279513120651245,0.717171847820282,0.0,0.33367941637831455,0.6663205836216854
97283c0d-44b4-4004-aabe-b993458de629,3788741,0,0.005688183009624481,0.0017947161184551056,26.205725,14.387805938720703,12.289825470755611,1,5.407469143392518e-05,0.4104304909706116,0.5895154476165771,0.0,0.30031671663011683,0.6996832833698832
ac74c3f0-75e3-4e7b-be07-06bb833f5e9e,3788741,1,0.45385101437568665,0.5385822313184006,,17.03053855895996,17.94792370114362,-1,0.0009611418354324996,0.19637632369995117,0.8026625514030457,0.0,0.16854193613685897,0.831458063863141
c4e6dda2-1cdb-4ab8-8480-1d9007af5c09,3788741,1,0.5192751288414001,0.5566377438648208,,18.579082489013672,14.93017093315599,-1,0.001160218846052885,0.2475106567144394,0.7513291239738464,0.0,0.3674203866363084,0.6325796133636916
38a4c3f7-1b75-43e0-9f1f-1162fb0a1e02,3788741,1,0.0749470517039299,0.2954736527798244,,14.111668586730957,12.662263937007115,-1,0.0005481807165779173,0.452425479888916,0.5470263957977295,0.0,0.4850212640061541,0.5149787359938459
1ba39d1f-7745-49de-bc0f-8a60bb0115f7,3788741,1,0.9814939498901367,0.9895932100137195,,18.664291381835938,12.344010770486,-1,0.00014045655552763492,0.5648636221885681,0.4349958896636963,0.0,0.34668498083472477,0.6533150191652752
f8a0814b-69cc-49f5-ad37-51f309ec4b3e,3788741,1,0.9922332763671875,0.9926460255198253,,18.061969757080078,18.196847009005516,-1,0.00014574748638551682,0.673738420009613,0.32611584663391113,0.0,0.8886233478955248,0.11137665210447519
f017148c-bc30-453e-92c0-c9649fe9eb4c,3788741,1,0.043466340750455856,0.10462245545219181,,15.595268249511719,12.515790960016327,-1,0.0002576585393399,0.37384510040283203,0.625897228717804,0.0,0.4284066661814613,0.5715933338185387
5e562676-d364-446b-97ca-721ccdd427a5,3788741,1,0.9957776069641113,0.9929517850901461,,21.86524772644043,17.636138460527466,-1,4.587447619996965e-05,0.7774772644042969,0.22247684001922607,0.0,0.8964701191244615,0.10352988087553854
ac3fc61c-c03a-45c7-9835-b0fd27adf2ab,3788741,0,0.014709202572703362,0.002916052747157379,2.607681,12.230345726013184,11.891237520364243,2,0.00025264263967983425,0.3914487659931183,0.6082985997200012,0.0,0.38511810959978654,0.6148818904002135
3e1db397-00e6-478e-aed4-fb0f897e339d,3788741,1,0.7801056504249573,0.8974036991023382,,11.970921516418457,12.95939355010442,-1,0.0036089846398681402,0.506493091583252,0.4898979663848877,0.0,0.3885838307802101,0.6114161692197899
adbcf44a-dfeb-4e0c-9bb6-0956bbf93927,3788742,0,0.17321474850177765,0.3469348905850387,14.207745,13.386112213134766,10.487069903191278,2,0.0014104981673881412,0.24756643176078796,0.7510231137275696,0.0,0.38093881487734416,0.6190611851226558
ed56edb5-0c68-49e8-a17c-b44ad34ca84f,3788742,1,0.32415658235549927,0.16037739159235387,,19.960655212402344,16.12223737517644,-1,0.0037312356289476156,0.2458154857158661,0.7504532933235168,0.0,0.3006564981503249,0.6993435018496751
e5c08760-47e6-4b75-8ae0-4aaef490ae05,3788742,0,0.32458972930908203,0.2984474521752447,17.55705,11.872859954833984,14.058132495706163,2,0.0016518245683982968,0.2727867066860199,0.7255614995956421,0.0,0.4277096700688868,0.5722903299311132
9ce5c18e-c2b8-44bf-bfff-0b2efb1e1d93,3788742,0,0.005429831799119711,0.0026255826226275173,2.4738634,16.326766967773438,13.906074778774904,2,0.0001134593112510629,0.37215089797973633,0.6277356147766113,0.0,0.35609602812636487,0.6439039718736351
e5fc1f4b-f966-4ec9-94a9-89d92f9757a0,3788742,0,0.008453048765659332,0.010896527569625503,9.741663,10.909883499145508,9.305984662323922,2,0.00018539857410360128,0.3763527274131775,0.6234618425369263,0.0,0.3249529149092164,0.6750470850907836
902b66d9-ab12-4de1-b860-62bb1f15cc6a,3788742,0,0.005170504562556744,0.0012041036560309548,23.355513,9.852154731750488,9.712113526309805,1,0.00015653933223802596,0.4573463201522827,0.5424972176551819,0.0,0.4309162801214105,0.5690837198785895
be437a13-0539-4698-9a55-3d1f2b5ba5a9,3788742,1,0.6406025290489197,0.6160376916978584,,12.28870677947998,13.97372644823662,-1,0.004032462369650602,0.3995204567909241,0.5964471697807312,0.0,0.39875507455414416,0.6012449254458558
1639f2c6-a885-4983-8240-4ce4f9c5b4ef,3788742,1,0.9953165054321289,0.9957630246770295,,12.0479736328125,11.026050205412663,-1,0.00024306845443788916,0.7296603918075562,0.2700966000556946,0.0,0.7415232300418295,0.2584767699581704
831dfb8b-621b-488b-84de-26cad8a53746,3788742,0,0.4109830856323242,0.4686952570051398,4.356604,12.56732177734375,11.98579837931263,2,0.000854076468385756,0.3167712092399597,0.6823746562004089,0.0,0.4675743008111922,0.5324256991888078
a3eb41a9-f84d-4f73-9293-a7713f714e53,3788742,0,0.08425718545913696,0.054312440436955045,5.4,9.133502006530762,10.185304879322716,2,0.0008524816366843879,0.33580467104911804,0.6633428931236267,0.0,0.3513396171195694,0.6486603828804306
bc22a0cd-59fc-4f89-bdd5-618a11e7de97,3788742,0,0.2701200246810913,0.28176086474647427,11.1400175,12.612706184387207,10.17243414696328,1,0.0014791589928790927,0.29159387946128845,0.7069269418716431,0.0,0.34415013085797586,0.6558498691420241
ae64158a-1a65-4393-91c1-a21550610c82,3788742,0,0.052540138363838196,0.032984208555280316,22.506222,12.827566146850586,11.064731102721108,1,0.0001895880704978481,0.2690622806549072,0.7307480573654175,0.0,0.3323882609004133,0.6676117390995867
84f13e56-acb1-4331-b83c-fb58f9244991,3788742,1,0.5159757137298584,0.702577959909446,,17.62649154663086,16.701697400600292,-1,0.004923431668430567,0.3602430820465088,0.6348334550857544,0.0,0.31305111382569906,0.6869488861743009
519821e5-66af-432c-9aa7-01b19eef3b8f,3788742,0,0.46023887395858765,0.5990369524452702,21.232523,12.176095008850098,14.163749998110344,2,0.002534695900976658,0.40517452359199524,0.5922908186912537,0.0,0.4291845000253245,0.5708154999746755
313c3490-1ee3-4da8-a65a-da630b9afe66,3788742,0,0.008727636188268661,0.003165580287932779,9.552486,12.036086082458496,14.514308208256994,1,0.00013426922669168562,0.41830775141716003,0.5815579891204834,0.0,0.5044356120146173,0.4955643879853827
db478b75-179d-4eec-8e94-5ec9ee94bfe1,3788742,1,0.3682267963886261,0.33545139574248295,,17.551300048828125,11.915721997607744,-1,0.0044875191524624825,0.3066961169242859,0.6888163685798645,0.0,0.35502499506169316,0.6449750049383068
9c5abba4-8f13-444a-808c-71b2685156e3,3788742,0,0.21577343344688416,0.13204838036462188,19.744873,14.327141761779785,11.8939879787953,1,0.0036133164539933205,0.3764641284942627,0.6199225187301636,0.0,0.4411929786309504,0.5588070213690496
f8f1f605-fbf0-4f66-98e2-ec50b895af26,3788743,0,0.32228413224220276,0.2099395526745515,22.557703,14.532931327819824,14.754708291906065,2,0.0013586180284619331,0.2626984417438507,0.7359428405761719,0.0,0.23694067022827325,0.7630593297717267
bed8678b-cbc4-45e4-94ec-b08756102bea,3788743,0,0.014997797086834908,0.003979972479216113,32.672466,12.99334716796875,10.35361065250563,2,0.00025715454830788076,0.475890189409256,0.5238526463508606,0.0,0.36026616180958504,0.639733838190415
8ee9c71e-2dfd-4ba1-a991-2914c8ebc265,3788743,0,0.027162237092852592,0.012654092750051995,18.748867,10.276107788085938,7.914484505814441,1,0.0007699124980717897,0.2918356657028198,0.7073943614959717,0.0,0.4882841034322972,0.5117158965677028
e43a61d7-e036-40a2-b0de-e610cba3ba5c,3788743,1,0.5731369256973267,0.539666006135597,,16.1676025390625,11.222889562903195,-1,0.0002917827805504203,0.25017642974853516,0.7495318055152893,0.0,0.3373781281964485,0.6626218718035515
7ea9558f-4585-474f-8d4c-f07a8e4deb85,3788743,0,0.03398057445883751,0.0079054625493486,28.65554,11.056057929992676,11.35513156201398,1,0.0005516533274203539,0.4190215766429901,0.5804267525672913,0.0,0.4888520261475827,0.5111479738524173
9aa540b4-46d9-4ca9-9e77-0d8c05feee05,3788744,0,0.012421808205544949,0.009746353474281119,38.996025,10.583118438720703,12.074080343107047,1,0.0001363806804874912,0.45172369480133057,0.5481399297714233,0.0,0.39241027738661693,0.6075897226133831
bf87d942-2633-4746-bb2f-281211814785,3788744,1,0.9799541234970093,0.9933970920938372,,17.603492736816406,12.88044566244247,-1,0.00048159193829633296,0.5492177605628967,0.45030057430267334,0.0,0.5151131321665476,0.4848868678334523
318a1f9f-b08e-472c-b88f-33d4b51831d8,3788744,1,0.5231012105941772,0.7604120370432556,,13.022181510925293,11.970451963979409,-1,0.0026390142738819122,0.4303726851940155,0.5669882893562317,0.0,0.4728508155055152,0.5271491844944848
8407bf01-c857-45b0-9c18-f4b563db928e,3788744,0,0.008102083578705788,0.011884295557212715,15.368799,10.8780517578125,11.488067807288216,1,7.02355318935588e-05,0.34575194120407104,0.6541779041290283,0.0,0.40507987496335474,0.5949201250366453
e3cc2315-95c7-4c28-bf15-d279032da588,3788744,1,0.6734245419502258,0.844094496440431,,10.276214599609375,10.991618936257636,-1,0.0015707629499956965,0.4568319022655487,0.541597306728363,0.0,0.436371649717354,0.563628350282646
3dfa1f1a-5349-4af2-bb0a-80b3515f8e61,3788744,0,0.037055641412734985,0.03436266855158833,1.7,11.847153663635254,9.242027116004047,1,0.0004042228392791003,0.28112292289733887,0.7184728384017944,0.0,0.2711957256848484,0.7288042743151516
fc67d500-3338-4a13-864a-e6448a23cf6d,3788744,0,0.003055551555007696,0.0009342401727496012,16.337992,12.091779708862305,10.468313094036278,2,1.168828566733282e-05,0.42852848768234253,0.5714597702026367,0.0,0.48119358546332747,0.5188064145366725
86e65927-ee62-4691-9ec4-6e8fab34b344,3788744,0,0.006970872171223164,0.0056511575565955634,3.0066593,15.007204055786133,13.242427452355724,1,6.461226439569145e-05,0.4025335907936096,0.5974017381668091,0.0,0.3365603194908343,0.6634396805091657
e6524d4c-bd59-46c2-827d-5e09f0e8c726,3788744,0,0.021724708378314972,0.008207988454278354,14.06876,10.792142868041992,10.870724594471069,1,9.363631397718564e-05,0.47771933674812317,0.5221870541572571,0.0,0.47059459887905675,0.5294054011209433
e4f1d3e3-9b11-48a8-add2-2b3174397a2d,3788744,1,0.13891535997390747,0.8827692019559564,,15.696802139282227,17.023926302222296,-1,0.0006400948623195291,0.4006233215332031,0.5987365245819092,0.0,0.28978344796527244,0.7102165520347276
b2d562ce-b22a-4cc1-afd0-0e53da51845f,3788744,0,0.0013024767395108938,0.0004025061657475854,8.109871,8.67833423614502,7.342560458290238,2,8.182615601981524e-06,0.33214133977890015,0.6678504943847656,0.0,0.19465943954150589,0.8053405604584941
ea711b40-93e1-4135-b931-c1f6993a1368,3788744,1,0.9776475429534912,0.995475325382469,,15.509618759155273,15.340620915434428,-1,0.0003360950795467943,0.5891669988632202,0.41049695014953613,0.0,0.8719494028021,0.12805059719789996
04b8632b-f2be-4c71-9790-c8637934f432,3788744,0,0.3932505249977112,0.5246300982970734,8.723532,12.753135681152344,17.235708563121605,1,0.00812123715877533,0.3729380667209625,0.6189407706260681,0.0,0.3309345092341647,0.6690654907658353
ce38bc5b-fb8b-43a0-b79b-e3e0c06dd16d,3788744,1,0.40078702569007874,0.7120626182243713,,15.875411987304688,15.923628403522198,-1,0.004218061920255423,0.38620084524154663,0.6095811128616333,0.0,0.5681520491535355,0.4318479508464646
84315370-d150-4a83-94c8-90da40a829a4,3788744,1,0.933944582939148,0.9798217277506449,,12.575447082519531,13.224386836334384,-1,0.0012621904024854302,0.6377694010734558,0.36096835136413574,0.0,0.9112882279346501,0.08871177206534982
6b793f75-5e5c-41ab-8f8f-6b5195b8bd54,3788744,1,0.9814146161079407,0.995432937674414,,17.48834800720215,15.564951289985572,-1,0.00023901110398583114,0.7295262813568115,0.2702347934246063,0.0,0.8751957066924191,0.12480429330758092
cf4de2ea-7286-4ac3-a716-7cc7dae5f25b,3788744,1,0.2901928722858429,0.6744947440579969,,10.422109603881836,12.862667415346179,-1,0.0043864124454557896,0.41759857535362244,0.5780150294303894,0.0,0.39105367291357107,0.6089463270864289
ace3e26f-1026-4c62-a30c-2e79e2033124,3788745,1,0.9998111128807068,0.9997489557491267,,10.402892112731934,14.279005802753197,-1,6.44299689156469e-06,0.3595638871192932,0.640429675579071,0.0,0.8802030378688568,0.11979696213114324
df93d464-d0c8-4f03-805b-cf05f6519d1e,3788745,1,0.6676865220069885,0.7807729977226981,,14.640110969543457,15.73340512303984,-1,0.0037069222889840603,0.5569459199905396,0.43934717774391174,0.0,0.44920352853743317,0.5507964714625668
6741179d-555b-49e6-b35c-7bb1d2e9cbde,3788745,0,0.00909508764743805,0.0016784513411405404,10.822661,15.318334579467773,11.236151613263097,1,0.0003319609968457371,0.3794250190258026,0.6202430725097656,0.0,0.4328181656828236,0.5671818343171764
9328f022-5cec-4ea8-a4f4-89bc8a0f2f70,3788745,1,0.2808936834335327,0.19997766000051959,,13.633481979370117,13.083035498951824,-1,0.0013178866356611252,0.33736979961395264,0.6613123416900635,0.0,0.33032742283757566,0.6696725771624243
0b1218c1-8e8d-49dd-9510-bfd4c33c2fb5,3788745,1,0.5490260720252991,0.3378489026582001,,14.84642219543457,13.228712202909483,-1,0.0005379311041906476,0.23560768365859985,0.7638543248176575,0.0,0.28927753511912824,0.7107224648808718
4a215247-90eb-4b97-b06e-655bff7caf20,3788745,0,0.001464314293116331,0.00013506067266218385,13.003461,10.97895622253418,10.169612727928339,2,8.551547944080085e-05,0.347942054271698,0.6519724130630493,0.0,0.20487124816257574,0.7951287518374243
8290e883-eb72-4fb0-84e0-1724906791c5,3788745,1,0.9957723021507263,0.9943318924047682,,11.082978248596191,13.627293535564402,-1,0.00010249674960505217,0.27316227555274963,0.7267352938652039,0.0,0.5020052850932935,0.4979947149067066
c69ee6a3-8b80-4a22-9874-855d817bf1a2,3788746,0,0.4158937335014343,0.5619942422529096,9.693812,8.380758285522461,10.739474503433728,1,0.0007555847405456007,0.4918924570083618,0.5073518753051758,0.0,0.4804147043252235,0.5195852956747765
06d52f06-d445-4bbe-8e1b-7091617e5cf5,3788746,0,0.011668403632938862,0.008197274876179944,23.217451,12.79883861541748,13.588063257181847,1,0.00011766016541514546,0.40184706449508667,0.5980353355407715,0.0,0.4497310386723591,0.5502689613276409
8e48913e-924d-4324-a982-efaf60fd5e49,3788746,0,0.007882954552769661,0.0040439637536229,15.498387,10.55202865600586,10.913242965484425,1,5.831977978232317e-05,0.41166332364082336,0.5882783532142639,0.0,0.3313074463990914,0.6686925536009086
4652d201-fbec-4166-83ad-029ae8148e38,3788746,1,0.979714572429657,0.9347763242829774,,19.4737606048584,13.480182554875134,-1,0.0002161333686672151,0.6195722222328186,0.3802117109298706,0.0,0.5722359594472122,0.4277640405527879
fcddc737-f53f-4dd6-8cef-0725f2101082,3788746,0,0.3922213315963745,0.574347258587234,7.5,12.813068389892578,13.956287075566584,1,0.002293399767950177,0.4255238473415375,0.5721827149391174,0.0,0.42967417165726685,0.5703258283427332
eab034e9-ca68-4912-a639-5896e2b6aed5,3788746,0,0.04468667134642601,0.010306712968962984,25.198412,8.902387619018555,13.701937000521792,1,0.0007006514351814985,0.5089253187179565,0.49037402868270874,0.0,0.41386978650376005,0.58613021349624
c7a19c04-6146-4b80-83be-c1d46d1b896a,3788746,0,0.004135896451771259,0.0023601588136493213,19.437078,13.056906700134277,10.516791028287168,2,2.294030855409801e-05,0.3687179386615753,0.6312591433525085,0.0,0.3281049766274161,0.6718950233725839
ecbcc203-4648-45ac-be1f-f313fd70847f,3788746,0,0.009627312421798706,0.005885169293058521,15.875768,15.414104461669922,12.983957691654036,2,9.658341878093779e-05,0.45282045006752014,0.5470829606056213,0.0,0.490660091677004,0.509339908322996
a7b2d73d-7511-4191-bf8e-37c30a83c9f4,3788746,0,0.006719620898365974,0.001219171519037514,31.31549,11.846038818359375,11.051134993591402,1,0.0001257225958397612,0.36798030138015747,0.6318939328193665,0.0,0.35909497215350794,0.6409050278464921
1db53ddc-72bb-4ff0-8ce3-a49e27b1600d,3788747,0,0.3154606223106384,0.1987513436935048,15.646086,16.812381744384766,13.998874803707794,2,0.0014192014932632446,0.261714369058609,0.7368664145469666,0.0,0.22992390125765194,0.7700760987423481
d6e47513-f3c3-4322-9987-bc5ad7c2ba1e,3788747,0,0.45032620429992676,0.2430119280589119,14.716658,15.114986419677734,16.46766772846091,2,0.002448338083922863,0.42443495988845825,0.573116660118103,0.0,0.284185437395334,0.715814562604666
ec17fce7-b1bc-4d3c-a2f6-42db8cbb45f6,3788747,0,0.04456746578216553,0.03291717226100692,5.0159745,11.296157836914062,11.190560295606078,2,0.0003667176642920822,0.22825609147548676,0.7713772058486938,0.0,0.22816804504695243,0.7718319549530476
05625b90-d780-4ce1-abc3-23f869156319,3788747,0,0.0013999848160892725,0.0002966620977219886,9.090654,9.691093444824219,8.17613515903189,2,5.222467734711245e-05,0.34783294796943665,0.6521148085594177,0.0,0.20511613110301607,0.7948838688969839
f3a82be0-d193-4fb4-8d1b-b8082c1b2d44,3788747,0,0.7461121082305908,0.7516225105195086,15.91006,17.46816635131836,14.011755735085183,2,0.0014321375638246536,0.37844333052635193,0.6201245188713074,0.0,0.23944781600894516,0.7605521839910548
e61a1a9b-5515-4a8d-b9cb-8e35de7391c2,3788747,0,0.007961079478263855,0.0007859588366987837,15.185519,11.14269733428955,11.280896991163186,1,0.000289000483462587,0.3681555390357971,0.6315554976463318,0.0,0.3404545683299003,0.6595454316700997
58acda76-1d1e-4e67-a0b1-f6f8ccb6c05c,3788747,1,0.8654083013534546,0.8942151702197947,,25.778749465942383,15.338318046761284,-1,0.00017849935102276504,0.4387516677379608,0.5610698461532593,0.0,0.46060167828402787,0.5393983217159721
9b59db0e-9c3a-460c-9f2d-d6b97d12dc38,3788747,1,0.9782016277313232,0.9011391361084011,,27.02885627746582,16.480538088951533,-1,0.00023653804964851588,0.41825881600379944,0.5815047025680542,0.0,0.4896290932974676,0.5103709067025324
49ee2f36-8037-423f-865a-481c42df8aa0,3788747,1,0.7334651947021484,0.6976419563589449,,14.213050842285156,10.538064529252939,-1,0.00035640905844047666,0.3098277151584625,0.689815878868103,0.0,0.4601932970705126,0.5398067029294874
01e41203-8748-4035-84b4-0afdcc3cf834,3788747,0,0.02746039256453514,0.002414100663349406,10.1789,10.922750473022461,12.223492287971636,1,0.0009808546165004373,0.47142723202705383,0.5275918245315552,0.0,0.41169109596554043,0.5883089040344596
c1a7ae3e-c506-4058-a12a-f1d1ecbad682,3788747,1,0.9958693385124207,0.9952163864900708,,35.01462936401367,13.809065738397589,-1,3.203027154086158e-05,0.5217479467391968,0.47821998596191406,0.0,0.6073169519488096,0.39268304805119036
ca043f79-73d2-42ff-be0e-170c22c2cfcd,3788747,0,0.05200006812810898,0.003249773195013705,26.457891,8.67068862915039,10.505369288176283,2,0.0011610690271481872,0.6720239520072937,0.32681503891944885,0.0,0.3481341241782676,0.6518658758217324
712e03c7-51db-4696-b64d-7fcda7cf7a13,3788748,1,0.483460932970047,0.6903307322285571,,15.578653335571289,12.006300934434332,-1,0.0016973906895145774,0.3047436773777008,0.6935588717460632,0.0,0.41530619981759864,0.5846938001824014
c3abf88c-23eb-4136-963d-2f46021ffe1d,3788748,1,0.2287912666797638,0.2171060976612778,,14.34937572479248,13.35642660219188,-1,0.0012767682783305645,0.2955523729324341,0.703170895576477,0.0,0.2239391481760863,0.7760608518239137
66b2bc9d-2c62-4ec2-aa66-8847f3b7642e,3788748,1,0.7758547067642212,0.797193331553693,,14.065165519714355,13.962257614029456,-1,0.0009511613170616329,0.5438148975372314,0.45523393154144287,0.0,0.3488807876581135,0.6511192123418865
8253ff8a-c78e-4867-93b4-6b6360b9befd,3788748,0,0.3632291555404663,0.3698187005423926,1.3416408,9.659695625305176,12.652044508657523,1,0.0022656135261058807,0.5818538665771484,0.41588056087493896,0.0,0.558348471233609,0.441651528766391
efcb47ec-36a6-4a41-af9f-cab548f2a507,3788748,1,0.9989122152328491,0.9983052515337162,,35.079586029052734,13.648594033034161,-1,2.3409163986798376e-05,0.5233480930328369,0.4766285717487335,0.0,0.8930391676924935,0.10696083230750655
2d3bcc28-7f22-42ff-9aa2-345fdf6b7601,3788748,1,0.3107685446739197,0.5473638279869776,,16.109811782836914,14.517861117564223,-1,0.0007270370260812342,0.2578154504299164,0.7414575219154358,0.0,0.44444973378140384,0.5555502662185962
4c54d76f-3a44-470d-9ce8-07be7e371552,3788748,1,0.3336401581764221,0.21948016045099872,,13.64051342010498,13.865349862514737,-1,0.001843009958975017,0.251263290643692,0.7468937039375305,0.0,0.2950758531411275,0.7049241468588725
863dd3e0-2767-40e9-ab52-b5904e599d5f,3788748,1,0.5055179595947266,0.5622722938151024,,15.77169418334961,15.81741762688462,-1,0.001141115790233016,0.2618435323238373,0.7370153069496155,0.0,0.3152525985950506,0.6847474014049494
f5f720d9-7bb9-4ffe-9c85-4b084c521bc7,3788748,0,0.011895748786628246,0.0027805264719895817,7.467262,11.148321151733398,10.193908043842297,2,0.000261689507169649,0.31489527225494385,0.6848430037498474,0.0,0.36430945766132594,0.6356905423386741
c5179fc3-6e74-41ca-a15b-872784bcdbe1,3788748,1,0.37065988779067993,0.3021014804676498,,15.115350723266602,13.643696621047573,-1,0.0025964032392948866,0.31477540731430054,0.6826281547546387,0.0,0.2887270479483147,0.7112729520516853
528998b2-97f5-490a-a1f6-44cca84b1059,3788748,0,0.7029094099998474,0.7850661686429846,14.957606,15.198015213012695,16.586286121446754,1,0.0014794314047321677,0.42784932255744934,0.5706712007522583,0.0,0.24735761577554893,0.7526423842244511
3d347ef8-5122-430e-b628-b59f1a92c4bd,3788748,1,0.7683019638061523,0.7882995174798624,,14.207673072814941,16.012279289747,-1,0.0024979764129966497,0.44728031754493713,0.5502216815948486,0.0,0.2680267837118485,0.7319732162881515
4b0a5686-6bcb-4b3f-91d0-c4a74e8d06d9,3788748,0,0.011994138360023499,0.0021008443422369603,21.883783,13.490273475646973,12.669813285809376,1,0.0005278071039356291,0.4243639409542084,0.5751082897186279,0.0,0.5768215942276136,0.42317840577238647
88ed69da-d9d9-4d78-be5e-1b1aafdf6fab,3788748,0,0.03158026188611984,0.010737561394668296,8.421995,6.35457181930542,10.535301663763601,2,0.0006318165687844157,0.6461105346679688,0.3532576262950897,0.0,0.6376290647924211,0.3623709352075789
f1604edc-7aa2-43f3-9720-337b431ec4bb,3788748,0,0.06856626272201538,0.03320251548195144,26.88122,9.425086975097656,9.283020301738338,1,0.0022544634994119406,0.49469584226608276,0.5030496716499329,0.0,0.36969858224737573,0.6303014177526243
fe304c9a-b394-4eff-ad4e-c457de8a8bdb,3788748,1,0.22356875240802765,0.17209127317001133,,9.145770072937012,11.838552623228706,-1,0.0020459936931729317,0.519618034362793,0.4783359169960022,0.0,0.4624760277866239,0.5375239722133761
acf0a377-00b3-414c-9bfd-cb6b793dfe22,3788748,0,0.007970507256686687,0.0031221914958302938,8.989994,13.484111785888672,14.216600778087328,2,0.00023799332848284394,0.4377579391002655,0.562004029750824,0.0,0.5543482790518125,0.4456517209481875
6c3318b8-db61-4cef-9aeb-4a99279112b8,3788748,1,0.47638553380966187,0.6271492673252549,,14.395471572875977,14.765133621322043,-1,0.0012888126075267792,0.4200277626514435,0.5786834359169006,0.0,0.45464584104682726,0.5453541589531727
f2e8495d-afce-4a42-8ef1-8cab90b1b173,3788748,1,0.5857214331626892,0.46935708685214533,,17.601421356201172,16.59846165618463,-1,0.0015795910730957985,0.3552808165550232,0.6431396007537842,0.0,0.39874787064730133,0.6012521293526987
2e5702ea-6305-4157-a179-0703ef93fb94,3788748,0,0.4267202317714691,0.4130497761317865,26.30076,14.220484733581543,11.542246125733904,1,0.0008268821402452886,0.4365633726119995,0.5626097321510315,0.0,0.4545172374601716,0.5454827625398284
86a64831-1e2b-4b57-aa05-50776ea98d1e,3788748,0,0.019846513867378235,0.004001294935377801,14.005713,11.51791000366211,12.022780570621322,2,0.0003916622372344136,0.44201382994651794,0.5575944185256958,0.0,0.33654938404250323,0.6634506159574968
8f40f6ad-bd6e-4bcc-8401-cfe0525101fc,3788748,1,0.9956924319267273,0.9949035990084307,,19.07426643371582,15.688422504645839,-1,0.00012077738938387483,0.7260108590126038,0.2738683223724365,0.0,0.8638699847000174,0.13613001529998262
bfdcaba9-1b6e-4512-a929-498100f6c5b9,3788748,1,0.9924784898757935,0.9890041522377924,,26.916147232055664,14.479256754908395,-1,0.00014754978474229574,0.5051181316375732,0.49473434686660767,0.0,0.5955045453921044,0.40449545460789565
e33b5a72-b232-4889-93f6-ccdf4c9fc836,3788748,1,0.5325219035148621,0.661262898374538,,16.25762367248535,15.820105854418511,-1,0.0016317387344315648,0.3938576877117157,0.6045105457305908,0.0,0.32603994457573904,0.673960055424261
05ea196c-4b91-461f-9e4f-d7888114ade0,3788748,1,0.8517051935195923,0.759959313737489,,16.908771514892578,13.416736360431132,-1,0.000473326159408316,0.49771231412887573,0.5018143653869629,0.0,0.36665495606022847,0.6333450439397715
533951a8-3ee5-40e6-9be0-aaaf8641a279,3788748,0,0.0038821655325591564,0.003631130925765301,9.241753,11.232653617858887,12.935091404782451,1,9.736405627336353e-05,0.3386925160884857,0.6612101793289185,0.0,0.36213685570432785,0.6378631442956721
8b087d05-3df1-48d6-93f9-43583e1af549,3788748,0,0.010261141695082188,0.0033683165752459382,10.690183,14.025818824768066,13.25403012584992,2,0.0003724554553627968,0.29532626271247864,0.7043012976646423,0.0,0.24024192341415274,0.7597580765858473
f78fd3f0-8c59-4735-9e0f-91ae987c023a,3788748,1,0.4325116276741028,0.7862274517188379,,17.182598114013672,13.2931817678977,-1,0.0012433243682608008,0.3170967102050781,0.6816599369049072,0.0,0.3867902038549974,0.6132097961450026
23c2f3c4-cb1d-4dba-92af-2153be7a3edc,3788748,1,0.13740769028663635,0.20049276621362208,,10.813515663146973,14.325706091320086,-1,0.0015205630334094167,0.3321807384490967,0.6662986874580383,0.0,0.25789876341852824,0.7421012365814718
8af55c3d-3fdd-4dd1-825d-a1f09879e1c0,3788748,0,0.015964409336447716,0.003078165357456669,14.108863,13.846719741821289,13.504065496489227,1,0.0005320287309587002,0.5685200691223145,0.4309479594230652,0.0,0.666472073030796,0.33352792696920397
d2a30371-23b3-4198-aa7b-3a5e73703c77,3788749,0,0.08845462650060654,0.00994909138065335,12.034118,14.803485870361328,8.942269655122077,1,0.00025700536207295954,0.2327866107225418,0.7669563293457031,0.0,0.20909582638895763,0.7909041736110424
09fe3a02-e03b-412c-894a-499901e3a335,3788749,1,0.9984322190284729,0.9942174582210568,,32.33156967163086,12.935189401127698,-1,5.3806117648491636e-05,0.4900558888912201,0.5098903179168701,0.0,0.7081462641072874,0.2918537358927126
538dcd80-d1a2-4c42-ae10-c2b5df3382e6,3788749,0,0.3161885142326355,0.2782483875377352,22.514217,17.240907669067383,15.20124675094512,2,0.0009902262827381492,0.2994444966316223,0.6995652318000793,0.0,0.44195269076020016,0.5580473092397998
eec6e87c-13c9-4165-be3a-ef69372cb23d,3788749,0,0.548704981803894,0.5186842331889309,22.610838,13.134568214416504,11.068815402564532,2,0.0019978838972747326,0.32287460565567017,0.6751275062561035,0.0,0.3265467795840714,0.6734532204159286
47cfe378-fa19-4bbb-9b2d-b5a31bef4650,3788749,0,0.1645267903804779,0.13842120161314972,9.436631,10.920613288879395,12.445461124497797,2,0.0016317748231813312,0.31504470109939575,0.6833235025405884,0.0,0.37331599160825324,0.6266840083917468
1f65a89c-f900-4b3e-9bdc-580f814d87fc,3788749,1,0.1602911800146103,0.23975119970273087,,12.37839412689209,9.090970976783122,-1,0.0007505094981752336,0.40000826120376587,0.5992412567138672,0.0,0.3819762680407468,0.6180237319592532
2a03de90-16a7-45c3-9b6a-ecfda57d70fc,3788749,1,0.9879251718521118,0.8632807102402296,,22.330486297607422,12.632131429820792,-1,0.0003179744817316532,0.339985728263855,0.6596962809562683,0.0,0.4807326458278284,0.5192673541721716
758badf7-a238-428e-8ad0-690073b48782,3788749,0,0.016245927661657333,0.0028452272934762113,20.76078,14.945063591003418,13.005704877005849,2,0.00031249001040123403,0.3334186375141144,0.6662688255310059,0.0,0.28765113618149474,0.7123488638185053
5bce97a6-f21b-4ae0-8734-16d8092cfb60,3788749,0,0.009365458972752094,0.0031615409901931276,9.483143,13.721283912658691,12.39593078085824,1,0.00020554152433760464,0.3226473927497864,0.6771470308303833,0.0,0.3227210096915377,0.6772789903084623
5e1a3a48-3e09-4aca-8fd2-91cb5dd4ef45,3788750,1,0.1372542381286621,0.20811899595820896,,8.8877534866333,9.109130873834614,-1,0.0008873093756847084,0.4735167920589447,0.5255959033966064,0.0,0.5106595973221817,0.48934040267781836
040a6f70-4b6a-46c1-8207-c239f11ea429,3788750,1,0.35061463713645935,0.4583926591444272,,14.865656852722168,15.614314273701911,-1,0.0012899287976324558,0.25764715671539307,0.7410628795623779,0.0,0.2571544445807753,0.7428455554192247
89125b4f-4faf-495e-b05b-3eec08039287,3788750,0,0.0012834423687309027,0.0008095023379553622,9.9368,10.081219673156738,8.774460897616414,2,5.61295855732169e-05,0.44374746084213257,0.5561964511871338,0.0,0.34885799602129974,0.6511420039787003
c18d72f5-2a0e-4f01-b60e-d0d0ecfe52be,3788750,1,0.9913056492805481,0.9955063895575067,,15.851509094238281,16.52366628093435,-1,0.0002998880809172988,0.6933974623680115,0.30630266666412354,0.0,0.7264252493807023,0.2735747506192977
e0a51051-83bc-4901-8a1b-8c09778bc222,3788750,1,0.38631927967071533,0.8019151329570614,,17.306516647338867,19.277904498324855,-1,0.0009519763407297432,0.30847179889678955,0.6905762553215027,0.0,0.36819197064611286,0.6318080293538871
518f49c2-2306-4695-9e0f-f551549889dd,3788750,0,0.005482840817421675,0.0015039910250583166,9.868131,15.557075500488281,13.128553629106204,2,0.00017823484085965902,0.4945165514945984,0.5053051710128784,0.0,0.6208941247946258,0.37910587520537425
a93c2e66-a5b2-47a7-a697-dd07bd39e88d,3788750,1,0.9976270794868469,0.9788966142569456,,15.036081314086914,17.144986607835808,-1,0.00022434057609643787,0.6786232590675354,0.3211524188518524,0.0,0.6525122153188385,0.3474877846811614
5883847a-8391-49c0-a0fa-7025c44bf4ee,3788750,1,0.5357313752174377,0.6007809951493785,,17.238203048706055,16.783974097062355,-1,0.005553572904318571,0.34745797514915466,0.6469884514808655,0.0,0.2946648345187428,0.7053351654812572
9fe73803-bfbf-4345-86df-baf8f334a9b1,3788750,1,0.7445037364959717,0.8658858552124288,,16.363794326782227,16.838793642749227,-1,0.003280176082625985,0.45434725284576416,0.5423725843429565,0.0,0.45661000811946917,0.5433899918805308
dba4e7ef-5fbf-4b53-9e8c-1b1dd920f159,3788750,0,0.4594259560108185,0.36245379041626086,9.144397,7.531558990478516,11.395901449551632,1,0.0011822512606158853,0.6176005601882935,0.38121721148490906,0.0,0.5489179790484204,0.4510820209515795
ddb2b777-bb1b-494c-af87-da6e6623622d,3788750,0,0.023237194865942,0.02864079261317622,21.02118,8.410416603088379,9.166340274118452,2,0.00029322548652999103,0.3616420030593872,0.6380647420883179,0.0,0.38689853556624576,0.6131014644337542
701b28cd-621d-4a45-99e3-c272e2e93a48,3788751,0,0.01653965935111046,0.002912519478235507,18.24637,14.785308837890625,16.18010931730966,2,0.00025138756609521806,0.5076636075973511,0.4920850396156311,0.0,0.5114648244324634,0.48853517556753656
dbcb87e4-9668-470a-af54-6db30a277b31,3788751,1,0.8727063536643982,0.9154314455948056,,14.452109336853027,12.754049935127302,-1,0.0008172692032530904,0.4940643906593323,0.5051183104515076,0.0,0.6252211043483513,0.3747788956516487
f42fc0f5-8f9d-4bfc-9bc5-357cd27fe0f4,3788751,1,0.478519082069397,0.5049735582205503,,18.683244705200195,15.556196192300607,-1,0.006539166904985905,0.47007495164871216,0.5233858823776245,0.0,0.4788602917369864,0.5211397082630136
8c1cdf88-da62-4207-9608-4c5977c09a37,3788751,0,0.016575874760746956,0.008346243297726182,7.203471,13.109004020690918,11.857877900741679,2,0.0005235286662355065,0.4166909158229828,0.5827855467796326,0.0,0.5581914394119052,0.4418085605880948
d31a1eae-ba5b-4d3c-94d7-7e5249f28e2c,3788751,0,0.024204598739743233,0.005698272690748914,28.778463,10.396626472473145,11.319502431344102,1,0.0003771803167182952,0.5403655171394348,0.4592573344707489,0.0,0.36034849818570314,0.6396515018142969
ab768030-513a-40cd-8554-56b1327d1e35,3788751,1,0.9986575841903687,0.9911712989447187,,18.053951263427734,15.04969232701568,-1,0.000123109421110712,0.49784666299819946,0.5020302534103394,0.0,0.5134110651331634,0.4865889348668367
684ed2f4-f24d-473b-8aca-848db4c5e76c,3788751,1,0.5149858593940735,0.55585408252204,,17.009624481201172,19.030544614461217,-1,0.005803147330880165,0.4280987083911896,0.566098153591156,0.0,0.37433005052420976,0.6256699494757902
75c6283e-71a3-4e56-abf4-285712054860,3788751,0,0.021449469029903412,0.0025997271169237854,15.769591,13.121997833251953,12.434114307079268,2,0.0004942725063301623,0.45775482058525085,0.5417508482933044,0.0,0.46241005302607263,0.5375899469739274
85245a3b-ea46-4132-b8e6-f103660d8a6a,3788751,0,0.040836725383996964,0.010706114414938982,22.785303,11.622434616088867,10.902061045919991,1,0.0010549098951742053,0.4484695494174957,0.5504754781723022,0.0,0.4742741165995322,0.5257258834004678
5a9e05ad-209f-437d-b1a7-c9f2b3e7d30c,3788751,1,0.9051296710968018,0.9694036205830342,,17.2994384765625,19.58459554177266,-1,0.0016710986383259296,0.325957715511322,0.6723711490631104,0.0,0.4218564708265241,0.5781435291734759
1017a927-7949-47fb-a474-852b0da54fa9,3788752,0,0.002410958055406809,0.001752954925547673,2.118962,10.106574058532715,8.708856619681438,2,9.535246499581262e-05,0.42280837893486023,0.5770962834358215,0.0,0.39549027123106306,0.6045097287689369
510bf0ad-9862-4b5d-b7cb-13c43d3d064d,3788752,0,0.010385922156274319,0.018694310600108666,1.8248287,10.36091423034668,9.22653361812411,1,0.00046961914631538093,0.4256761372089386,0.5738542079925537,0.0,0.5530599714666908,0.4469400285333091
cd8864bd-d230-42c3-9be7-2007071ed0f5,3788752,0,0.6525883078575134,0.716125450465979,8.609298,10.74751091003418,10.151180717451801,1,0.0020550021436065435,0.6293250322341919,0.3686199486255646,0.0,0.5371294203577652,0.4628705796422348
77302054-4976-4913-9e63-b033ff8ab0f9,3788752,1,0.9991214871406555,0.9966980036254554,,15.008638381958008,15.904543340825288,-1,6.341397238429636e-05,0.6712488532066345,0.3286878168582916,0.0,0.7134964644434996,0.2865035355565004
672dea1f-bf77-4cb1-be19-7d16b3e9a343,3788752,1,0.9957767128944397,0.9940180038718128,,14.553980827331543,14.364381393571323,-1,0.00031423717155121267,0.5479751229286194,0.45171067118644714,0.0,0.6324952815091529,0.36750471849084715
03c64132-a22e-4427-a600-c8792fef9df4,3788752,1,0.4807242751121521,0.44140774200606697,,11.990307807922363,9.70539883708568,-1,0.0011104050790891051,0.41297462582588196,0.5859149694442749,0.0,0.29592752560982427,0.7040724743901757
af058f50-d42e-412a-8dfb-c47ddd546978,3788752,1,0.47909727692604065,0.771097906442609,,13.690202713012695,12.434317852511922,-1,0.0008985661552287638,0.5221954584121704,0.4769060015678406,0.0,0.44576355848542015,0.5542364415145798
053d9f92-21cf-454b-b0b0-710947bebaa4,3788752,1,0.9647204279899597,0.8228897984407059,,22.424060821533203,15.759988978391647,-1,0.0007900780183263123,0.4616091251373291,0.5376008152961731,0.0,0.6230556898118143,0.37694431018818575
518ac38e-e0eb-446c-a674-a12296c5e4d6,3788752,1,0.5752840042114258,0.5779753830346913,,9.933720588684082,13.571261197775504,-1,0.0047337356954813,0.597663164138794,0.39760303497314453,0.0,0.7058422002033435,0.2941577997966565
372708e3-b472-4b78-9c15-0e0473575a5f,3788752,1,0.9832310676574707,0.8994562570078213,,19.20627784729004,12.469546363688055,-1,0.00093119713710621,0.42250627279281616,0.5765625238418579,0.0,0.5510901325310928,0.44890986746890715
eebca104-6a16-4cb3-8f15-23bb92a51a09,3788753,0,0.06849963217973709,0.07636580451568684,27.434467,11.580840110778809,12.195743252028514,2,0.0007034158916212618,0.24527664482593536,0.7540199160575867,0.0,0.1979358840037272,0.8020641159962728
ca763867-dee6-4e5d-98a2-dd80e599400e,3788753,0,0.006823819130659103,0.0029300942815226505,17.917868,15.88323974609375,12.06815214032516,2,4.962028833688237e-05,0.3453458845615387,0.6546044945716858,0.0,0.41483672754289425,0.5851632724571058
d882d0b6-1b75-4799-ae52-ec761c8c093f,3788753,1,0.9423509240150452,0.9310738741706855,,17.639934539794922,10.657228767452928,-1,0.0014460724778473377,0.5562793016433716,0.44227465987205505,0.0,0.6730932536511728,0.3269067463488272
96f99437-a1c3-44f3-8dbb-b32782215147,3788753,1,0.6992635726928711,0.808670703083651,,11.833897590637207,13.838451849354716,-1,0.0025775569956749678,0.34845367074012756,0.6489687561988831,0.0,0.3516806550655672,0.6483193449344328
8d6722aa-a12a-4be7-acd7-971e8feedda8,3788753,1,0.4380611777305603,0.6453121715234106,,15.36636734008789,15.869167648217658,-1,0.0008246804354712367,0.1927940994501114,0.8063812255859375,0.0,0.3989184221090206,0.6010815778909794
4f24e676-c30a-48ae-9921-6aed491ed575,3788753,0,0.008313341066241264,0.005564112605570886,14.052046,13.560110092163086,12.88348086332445,1,8.634920231997967e-05,0.4517435133457184,0.5481701493263245,0.0,0.49040689352764566,0.5095931064723543
97bc844c-b549-46a2-89fc-b224d5c85e70,3788753,1,0.40868961811065674,0.6745632333341754,,16.92458152770996,16.866559221061124,-1,0.006139937322586775,0.36820340156555176,0.6256566643714905,0.0,0.47173935524872546,0.5282606447512745
cfc21822-6be6-49e9-a8d1-71750fc0e82c,3788753,1,0.26041460037231445,0.34571749746212893,,13.307828903198242,16.00498099140122,-1,0.003208322450518608,0.3182229995727539,0.6785686612129211,0.0,0.2150339400174789,0.7849660599825211
2692db1f-a48e-41b2-ae67-482dbabe5f87,3788753,1,0.9843512773513794,0.9865643446460433,,15.02197265625,12.406258624814775,-1,0.000277932413155213,0.5641566514968872,0.43556544184684753,0.0,0.6106504591184506,0.3893495408815494
1423fb9f-eefd-479c-975e-18082bd08380,3788753,1,0.29925239086151123,0.2152794291439136,,14.510316848754883,12.928830423654473,-1,0.004404348786920309,0.35010746121406555,0.6454881429672241,0.0,0.3890414278014963,0.6109585721985037
a754aedd-a1dd-44d4-91fc-89ec7949e907,3788753,1,0.9955199956893921,0.9943984916455846,,18.599899291992188,16.64887136516561,-1,7.952967280289158e-05,0.7095853090286255,0.29033517837524414,0.0,0.6583975233287824,0.3416024766712175
8ab20863-db1d-4c55-a15e-4c28ff9cf9da,3788753,1,0.5582624673843384,0.7233442131730018,,16.639232635498047,13.516637882201799,-1,0.0024222375359386206,0.4991686940193176,0.49840909242630005,0.0,0.570475904309212,0.4295240956907879
b4f11b06-2b72-4dfd-972f-9a79f0020f14,3788753,0,0.007929242216050625,0.0064022236297543115,1.9313208,11.330918312072754,9.924146033273605,1,0.0001007692699204199,0.5059353709220886,0.4939638078212738,0.0,0.39317326797365004,0.60682673202635
8d93a022-5d73-404c-b453-755a6653b62a,3788753,1,0.6061694622039795,0.8357409728600714,,11.481828689575195,14.397834172521621,-1,0.0037053318228572607,0.39224717020988464,0.6040475964546204,0.0,0.3540894885529756,0.6459105114470244
ac6e16ff-261a-4fd2-b21a-1257aca7232f,3788753,0,0.004284669179469347,0.005520527625063758,11.856222,11.27283000946045,10.765470703424327,1,3.197111436747946e-05,0.470743864774704,0.529224157333374,0.0,0.5958727106927921,0.40412728930720787
dd6703e4-1c7c-4892-ac85-4dd30eb14b47,3788753,0,0.008686384186148643,0.0028115014044040993,11.815245,10.251701354980469,10.605710878232655,2,8.91249073902145e-05,0.3084230422973633,0.6914878487586975,0.0,0.3959314408608755,0.6040685591391245
b339a017-440c-4a06-9608-5dccfdb2a9a2,3788753,1,0.6888934373855591,0.8380334755867497,,9.24071979522705,9.83716282435383,-1,0.0007205307483673096,0.49088430404663086,0.5083951950073242,0.0,0.5177673857439715,0.48223261425602854
6ae223c6-d4a7-4f3d-9c32-ae5cba749a27,3788754,0,0.028531348332762718,0.0037607477047252188,1.2083046,16.816946029663086,14.272601935816553,1,0.0005724636139348149,0.42748525738716125,0.5719422698020935,0.0,0.276111297758587,0.723888702241413
41fffe96-ab40-4d87-a752-b14d1fc766f9,3788754,1,0.20990873873233795,0.5447914632287484,,7.075986862182617,12.555842016936996,-1,0.0010564724216237664,0.5794970989227295,0.4194463789463043,0.0,0.622546137264451,0.377453862735549
f539734c-1267-4049-89a3-79246195b501,3788754,0,0.03828049823641777,0.013734320956196311,24.472433,14.55475902557373,16.189797088561043,2,0.0007959852810017765,0.5954838991165161,0.40372011065483093,0.0,0.5778222900040274,0.4221777099959726
1cd3ebe5-16ce-438a-8886-0d74fe8755d9,3788754,1,0.6220074892044067,0.33223468527161887,,15.201602935791016,16.636146334157,-1,0.002618455793708563,0.40853172540664673,0.5888498425483704,0.0,0.36890955369425593,0.6310904463057441
129e7517-a447-473e-bca0-145aed037686,3788754,1,0.4999648332595825,0.5134335982842633,,17.018468856811523,17.437868520221212,-1,0.0030010193586349487,0.31468525528907776,0.6823137402534485,0.0,0.36083941559132793,0.6391605844086721
b6e65c72-7181-4d0e-9f19-4a3b03711ed8,3788754,1,0.0512331947684288,0.23084510492913018,,12.659388542175293,16.594345534369506,-1,0.0014477631775662303,0.338765025138855,0.6597872376441956,0.0,0.3451070218132034,0.6548929781867966
ca8df73d-e356-409a-a91b-b02d79bc39ae,3788754,1,0.5596058368682861,0.48937834778282574,,14.123757362365723,15.281369639411558,-1,0.003929814323782921,0.32225000858306885,0.6738201379776001,0.0,0.2820150483607258,0.7179849516392742
0ce0b2bf-1683-4afb-be44-dabf309a7ee6,3788755,0,0.10508827120065689,0.09821112264975411,10.816654,14.237055778503418,12.591508583190578,2,0.000493593281134963,0.24355700612068176,0.7559493780136108,0.0,0.35319010404366247,0.6468098959563375
e49fb902-472a-4284-a8fd-aaeb92d333cf,3788755,1,0.7771378755569458,0.8204676960308144,,14.080887794494629,17.503845887840754,-1,0.0013300675200298429,0.3474704325199127,0.6511995196342468,0.0,0.26277732031261714,0.7372226796873829
f1bf6c37-402c-41c9-9821-8e2212d43c24,3788755,1,0.9963687658309937,0.998243836548734,,13.341897010803223,15.133432647097557,-1,8.607571362517774e-05,0.6245788335800171,0.37533506751060486,0.0,0.3729730064957423,0.6270269935042577
5494fb97-b2f1-4f30-912a-18da74ada278,3788755,0,0.020633747801184654,0.0014688432704885361,13.1209755,12.697527885437012,12.524777248599912,2,0.0007101075607351959,0.4421100318431854,0.557179868221283,0.0,0.5196047935340384,0.48039520646596157
006a4558-b2bc-4975-8b6f-f4b59db71958,3788755,0,0.2845227122306824,0.21428157189246194,15.056228,19.0379638671875,12.47273791717541,2,0.0015683774836361408,0.31158071756362915,0.686850905418396,0.0,0.32604138556474305,0.673958614435257
66605730-a949-49a3-841f-0936c6527811,3788755,1,0.5453037619590759,0.6640276289825018,,12.962190628051758,15.526898470143355,-1,0.0017943229759112,0.2956197261810303,0.7025859355926514,0.0,0.2579935346358436,0.7420064653641564
b330ccb2-9752-475d-96ae-04e9f59c1337,3788755,1,0.47340261936187744,0.24935333944474478,,13.63536548614502,15.916246150155235,-1,0.0013410301180556417,0.25989875197410583,0.738760232925415,0.0,0.2707811298317362,0.7292188701682638
9b54696f-0cc8-49c3-a37b-84b763df0c41,3788755,0,0.051092710345983505,0.05090296404466356,13.633048,11.2420654296875,13.760784234615024,1,0.0016461205668747425,0.41394639015197754,0.5844074487686157,0.0,0.41358384306825147,0.5864161569317485
06c5c0e2-d44e-4694-9f64-bee32a8b5ef0,3788755,1,0.3554418981075287,0.512333820205478,,16.15186309814453,16.405798341618436,-1,0.0022511857096105814,0.26530134677886963,0.7324474453926086,0.0,0.24932549101583723,0.7506745089841628
a9e36dbc-bea3-4c2d-8222-a4504d98c376,3788755,0,0.014124512672424316,0.004200327883839232,30.200663,12.179701805114746,15.546226079042256,1,0.00034416219568811357,0.46068933606147766,0.5389664769172668,0.0,0.4569434576660315,0.5430565423339685
ff6cd250-ff35-422f-a6d9-057e4422f3e0,3788755,0,0.040738463401794434,0.04068817815550226,11.894957,10.311882972717285,10.809082552989864,2,0.00019713574147317559,0.2866363227367401,0.7131665349006653,0.0,0.2931087879673798,0.7068912120326202
2b579a8f-b9c0-400c-ae91-f9bebbe4a085,3788755,1,0.3473486006259918,0.4407549115282469,,15.426568984985352,16.287373881258528,-1,0.0008180644363164902,0.1942921131849289,0.8048897981643677,0.0,0.2680274952342221,0.7319725047657779
7bf4ffb7-8589-4732-9d93-15b7af6f075e,3788755,0,0.005004853010177612,0.0025176891687007765,18.72752,12.805156707763672,11.779743149546226,2,0.00012313993647694588,0.3649648427963257,0.6349120140075684,0.0,0.29933173446123984,0.7006682655387602
e1db201d-dd99-463d-ae7e-c65e8e47acbc,3788755,1,0.6320966482162476,0.8013204433600678,,17.714374542236328,15.95789816724028,-1,0.001573129091411829,0.28332391381263733,0.715103030204773,0.0,0.2859582530498386,0.7140417469501614
3979d6f3-8845-43c7-8df5-41b20432de30,3788755,1,0.6696496605873108,0.7556746771832541,,15.559028625488281,16.45713412281308,-1,0.002296032616868615,0.35909363627433777,0.6386103630065918,0.0,0.35511154356820895,0.644888456431791
87d07bda-0d27-42df-a48e-2a1dcc7e68f9,3788755,0,0.18090496957302094,0.21378469319925433,24.220034,12.802425384521484,12.779323381984671,2,0.001535029849037528,0.3993254601955414,0.5991395711898804,0.0,0.4329269208250509,0.5670730791749491
76df3477-8d15-4bf1-a702-9b679681e066,3788755,1,0.46974313259124756,0.6805088580555839,,14.015480041503906,9.490205446703033,-1,0.003289917716756463,0.3966662883758545,0.600043773651123,0.0,0.46568223029413747,0.5343177697058625
8e9f0618-eaa1-4359-836f-3cfb29a74dae,3788755,1,0.9544021487236023,0.8889544820008555,,12.273782730102539,12.810683861001326,-1,0.0009783942950889468,0.6367805600166321,0.3622409999370575,0.0,0.46222179699702304,0.537778203002977
bcd782ad-f916-41f6-8a0d-5e854382d379,3788755,1,0.9972286820411682,0.996292361304012,,11.461885452270508,13.121119907363914,-1,7.676745735807344e-05,0.7168089151382446,0.28311434388160706,0.0,0.8076424925722852,0.1923575074277148
4cc13a83-90b3-4c81-925b-3846aae863ee,3788756,0,0.012533105909824371,0.009151631377365375,15.115886,9.745206832885742,9.664921415169223,2,0.0007050149724818766,0.3837362825870514,0.6155587434768677,0.0,0.40163907782511266,0.5983609221748873
7c07c123-54af-418b-bb83-2b62d10fbe78,3788756,1,0.674772322177887,0.684934960947759,,14.068998336791992,15.35514649254181,-1,0.00422420771792531,0.5500863790512085,0.4456893503665924,0.0,0.46114980444177844,0.5388501955582216
af141133-bf91-4068-91e1-b0bfb72e4028,3788756,1,0.5317724943161011,0.4020249942514442,,18.718952178955078,13.843600994596423,-1,0.000603392138145864,0.26323407888412476,0.736162543296814,0.0,0.21279162022893605,0.787208379771064
601b31c5-efd3-4a72-86dc-a52c94ed119a,3788756,0,0.008927772752940655,0.0003873313860274233,14.729901,11.8001070022583,10.358452166698871,1,0.0005077887326478958,0.42322394251823425,0.5762682557106018,0.0,0.3640404614323689,0.6359595385676311
737b4821-a9ce-4ed2-995d-0ad1919e381e,3788756,1,0.5624078512191772,0.19627931157082767,,17.673500061035156,14.817723303279651,-1,0.0009966710349544883,0.45500436425209045,0.5439989566802979,0.0,0.1900837521524249,0.8099162478475751
ca19d074-882f-4ef2-8e3b-d978cbd035a9,3788756,0,0.02217303402721882,0.006893064923665736,2.1023796,15.38536262512207,13.563293301770631,2,0.0006520305760204792,0.47574979066848755,0.5235981345176697,0.0,0.44050339371097447,0.5594966062890255
aa315cf6-7b1f-4f08-a111-b276fc5579cd,3788756,1,0.5332838296890259,0.5834546760285994,,12.711088180541992,14.034593333669793,-1,0.001953205792233348,0.4433569312095642,0.554689884185791,0.0,0.5116094310553291,0.4883905689446709
a8163d9c-794d-4704-9903-220779245321,3788756,1,0.1541491448879242,0.1344791692314468,,9.53624439239502,9.512958290424642,-1,0.0016288553597405553,0.33515429496765137,0.6632168292999268,0.0,0.30647766706960156,0.6935223329303984
57a4df68-7f27-463e-90c1-dd0596dae69c,3788756,0,0.006771334912627935,0.007019958867241181,22.165062,13.03878402709961,13.972917655986615,1,0.00024812555056996644,0.3536946773529053,0.6460571885108948,0.0,0.4103080494525585,0.5896919505474415
ebb8dc65-2b16-4f82-8ff8-45f883058976,3788756,0,0.015812363475561142,0.031815429236500964,8.080223,13.559117317199707,10.868450641641493,2,0.0004311073571443558,0.4127040505409241,0.5868648886680603,0.0,0.4669656808037972,0.5330343191962028
7f485893-39a1-4282-b1ca-b54b51c861f3,3788757,0,0.2847546339035034,0.2768986170541039,27.856777,9.625969886779785,12.262174221501022,2,0.000662540493067354,0.33158591389656067,0.6677516102790833,0.0,0.26373576499627593,0.7362642350037241
e419a4dd-d399-4822-9635-201cbc0897f4,3788757,0,0.011334516108036041,0.0043310622039983,4.609772,13.621143341064453,14.82362298136939,2,0.0003578263276722282,0.5120935440063477,0.4875486493110657,0.0,0.43844782763384105,0.561552172366159
0fc5141f-d620-499f-a499-2a7868fa6419,3788757,1,0.9724612236022949,0.8729484499349728,,10.654854774475098,12.98322079698088,-1,0.0004425061051733792,0.5297044515609741,0.4698530435562134,0.0,0.38230813074036674,0.6176918692596333
dc4a48f3-4f19-4f70-ab38-bf308831680e,3788757,1,0.6787425875663757,0.5982724930598203,,13.574012756347656,17.12842435041118,-1,0.0014702194603160024,0.5598866939544678,0.43864309787750244,0.0,0.3370610203956027,0.6629389796043973
9ea91e18-dcd0-467d-a96e-fcb23232f713,3788757,1,0.99872225522995,0.9964235000089247,,19.501211166381836,13.872795040608144,-1,0.00012762336700689048,0.6390947103500366,0.3607776463031769,0.0,0.6456344272809245,0.35436557271907554
dbe1af99-23fe-4916-ba4d-96e4a3a506e8,3788757,0,0.0025956302415579557,0.002981835266558493,12.314626,13.563612937927246,11.395041482371678,2,0.00016801897436380386,0.32159391045570374,0.6782381534576416,0.0,0.2982334225241201,0.7017665774758799
2bca006f-8c6a-411d-9c49-9ef4763121c7,3788757,0,0.016961028799414635,0.0007312127951203503,25.72664,11.166845321655273,12.298130022802575,1,0.0005358789931051433,0.4741394817829132,0.5253245830535889,0.0,0.43399710925468404,0.566002890745316
a358e49a-dd1f-4618-9926-1e669caed35a,3788757,1,0.9902846217155457,0.9894657261388203,,15.661561965942383,16.152652017474377,-1,0.00022843106125947088,0.37215256690979004,0.6276190280914307,0.0,0.6382348567936502,0.3617651432063498
547d8a3d-64c6-4aa3-906e-30d5bb70dab6,3788758,0,0.007464054971933365,0.0031509165480687186,9.560335,8.784499168395996,9.298249482733082,2,0.00012915908882860094,0.350521445274353,0.6493493318557739,0.0,0.4599869952091694,0.5400130047908306
3c5ff690-ca11-4d78-b685-cafe316b2bc1,3788758,0,0.12693651020526886,0.07999066511685053,19.612495,13.428476333618164,13.934437628479548,2,0.0018863400910049677,0.33479559421539307,0.6633180379867554,0.0,0.4067997311221432,0.5932002688778568
b622eab2-ec69-4f1f-9e81-f20d5342b6c2,3788758,0,0.18225321173667908,0.09942855941112139,8.868484,9.836799621582031,8.154774265465777,1,0.0005821887752972543,0.5290365219116211,0.47038131952285767,0.0,0.4538508908212645,0.5461491091787355
b8437af2-6898-47c4-b822-68111a014770,3788758,1,0.9928377270698547,0.9305160530936124,,12.372734069824219,11.861433713138366,-1,0.00018260937940794975,0.6232306361198425,0.37658679485321045,0.0,0.35016456476648694,0.6498354352335131
0ca2eb11-fecf-41fa-ade2-df208cb06381,3788758,1,0.3631088137626648,0.5207284286792245,,15.855720520019531,16.073026787041258,-1,0.005886433646082878,0.3696388900279999,0.6244746446609497,0.0,0.3025150009972709,0.6974849990027291
56d66bd0-e66d-4189-a0c1-f0b7dd11c417,3788758,1,0.6883420348167419,0.7498132302081277,,17.870851516723633,16.6631691218699,-1,0.004203903954476118,0.3149172067642212,0.6808789372444153,0.0,0.29825774910449454,0.7017422508955055
ce057f6a-1426-4a77-a2b1-c6475fc26589,3788758,0,0.009096522815525532,0.002139379923346504,24.239637,15.577926635742188,13.093531552682895,2,0.00012677657650783658,0.3197689652442932,0.6801041960716248,0.0,0.3222741497222933,0.6777258502777067
94f30043-664d-43e3-a812-c950a772666a,3788758,1,0.13178257644176483,0.2159243082421245,,17.118417739868164,13.882665221234983,-1,0.0006059255101718009,0.21333909034729004,0.7860550284385681,0.0,0.2245808472194225,0.7754191527805775
3f1707e7-ea6d-4423-b191-edcc68701447,3788758,1,0.6007983088493347,0.7037359897059597,,18.693784713745117,14.888766490257284,-1,0.006360251922160387,0.37137824296951294,0.6222615242004395,0.0,0.3899395890027747,0.6100604109972253
fc04ec13-6562-4be7-9857-d594b96b402d,3788758,1,0.49458804726600647,0.7025166584695202,,19.928911209106445,16.094912139729594,-1,0.0008674304699525237,0.20374619960784912,0.7953863143920898,0.0,0.20609882167938576,0.7939011783206142
ac07f0c2-b0d0-4748-b5c0-6aca937c9493,3788759,0,0.013984263874590397,0.01078434525214562,14.477914,10.498015403747559,12.0784684776363,2,0.0003094703424721956,0.402225136756897,0.5974653959274292,0.0,0.49427028551396535,0.5057297144860347
ca1d9f57-a7e7-4f21-961d-75b91c7a3e5b,3788759,1,0.22217845916748047,0.550509019750629,,14.336901664733887,17.61124468132302,-1,0.0006098526646383107,0.23149052262306213,0.7678996324539185,0.0,0.23974373628054457,0.7602562637194554
ba05d6d2-e454-4f4e-93fd-1908b2776581,3788759,0,0.04824593663215637,0.06216368505212911,10.885311,10.751091003417969,11.75281959976704,1,0.00038278361898846924,0.39060333371162415,0.6090139150619507,0.0,0.3922354074195471,0.6077645925804529
098de10e-3c75-4db8-a05f-95a4bea387f4,3788759,1,0.9750227332115173,0.9693104756847465,,15.724958419799805,14.242133191682434,-1,8.964452717918903e-05,0.6706622838973999,0.3292481303215027,0.0,0.678027585528165,0.32197241447183494
29749bda-a25e-468f-8214-031c893f4f8b,3788759,0,0.010261306539177895,0.006549884464076982,23.792437,15.066158294677734,11.925426862013747,2,8.761447679717094e-05,0.4198707938194275,0.5800415873527527,0.0,0.4007814558618642,0.5992185441381358
87f65e3c-6958-4840-a7bc-c532b0e41c66,3788759,1,0.980588972568512,0.9490140559634404,,16.327211380004883,12.504771377927245,-1,0.00016152378520928323,0.6713359951972961,0.32850247621536255,0.0,0.8458353839003033,0.15416461609969667
a8a12de4-89a7-4961-bc91-7d3e6f471eda,3788759,0,0.25064781308174133,0.15001909542392097,21.59838,19.755250930786133,19.472279668511984,2,0.0004516895569395274,0.22252973914146423,0.7770185470581055,0.0,0.17865260599233124,0.8213473940076688
fff8961b-3a73-4fa5-8b6a-8a248e211470,3788759,1,0.9739600419998169,0.9552272205331287,,16.06982421875,11.686174336378777,-1,0.0006327865994535387,0.6312357783317566,0.3681314289569855,0.0,0.7467342706748302,0.2532657293251698
ef13c5a2-d252-4de9-81cd-167e941bea33,3788759,1,0.39974361658096313,0.7861835255698251,,20.077056884765625,20.90728540669578,-1,0.0004100828664377332,0.265189528465271,0.7344003319740295,0.0,0.3111439995323626,0.6888560004676374
dca09e2a-0d0b-44da-9905-abef88128a0d,3788759,1,0.4616217017173767,0.7317714146602575,,14.700056076049805,16.42846933509031,-1,0.00319604086689651,0.2832540273666382,0.7135498523712158,0.0,0.3000366776726626,0.6999633223273374
b12a1e65-7ac4-46dc-991b-e253af5d6872,3788759,0,0.6426041126251221,0.7969452209227398,14.964625,15.279043197631836,13.003043834765327,1,0.008514655753970146,0.4101555347442627,0.5813297629356384,0.0,0.41192723258208064,0.5880727674179194
8d650dbb-c90c-4d78-8b42-9c8c937f6269,3788759,1,0.24485760927200317,0.44815765207934083,,18.037307739257812,19.481600070200383,-1,0.0025269363541156054,0.4324865937232971,0.564986526966095,0.0,0.4514871642142302,0.5485128357857698
6eee63b4-721c-4d7e-8ced-d295502c4c1d,3788759,0,0.005136681254953146,0.002614454682313712,14.626346,15.016437530517578,13.23030435540058,2,1.8792794435285032e-05,0.526936948299408,0.473044216632843,0.0,0.562938074823435,0.43706192517656495
859286c6-b311-4f73-a070-cb773bd47387,3788759,1,0.5198029279708862,0.8249535528244499,,18.966445922851562,15.40022796472432,-1,0.0021850562188774347,0.28945010900497437,0.7083648443222046,0.0,0.4700319043074358,0.5299680956925642
1371b0ae-b584-42b8-8a24-712739ce46fa,3788759,0,0.31892991065979004,0.42957412575145687,6.1351447,14.973509788513184,15.274191430637835,1,0.0007737195701338351,0.24029333889484406,0.7589329481124878,0.0,0.21958596482946635,0.7804140351705336
b7a2a714-1f04-4e59-99ee-de9ba23ca934,3788759,1,0.46901437640190125,0.688479123021905,,15.34041976928711,15.452259949910836,-1,0.0023213960230350494,0.26127251982688904,0.7364060878753662,0.0,0.3021483435900877,0.6978516564099123
7829878a-ff0e-43c6-9c9e-da4bda72da8e,3788760,1,0.551175594329834,0.6195707457672269,,16.02511978149414,14.58381438840944,-1,0.0024642227217555046,0.4202274680137634,0.5773082971572876,0.0,0.37516792448894976,0.6248320755110502
f26d6239-b014-46d8-9a4a-a3b10663aa48,3788760,1,0.9623984098434448,0.8407958144153141,,15.05740737915039,18.92979561537448,-1,0.00027746192063204944,0.25472426414489746,0.7449982762336731,0.0,0.31278567046399763,0.6872143295360024
8c29d524-6d7a-4c4d-9ab5-fc2afe2c10b9,3788760,0,0.019202783703804016,0.0022479657266065065,2.5632012,13.254393577575684,14.184980989172193,2,0.0011259171878919005,0.4493480324745178,0.5495260953903198,0.0,0.5102394455988504,0.4897605544011496
607cb474-bd65-448f-b39b-a54dc03acf0a,3788760,0,0.019046640023589134,0.005809849338575363,41.807774,17.504409790039062,10.980493085009359,1,0.0002486135344952345,0.45269355177879333,0.5470578074455261,0.0,0.5075961750026765,0.49240382499732344
cff8585f-3fa1-413b-8c30-beff1bf0e0bb,3788760,0,0.1614905297756195,0.1116072420166975,24.018534,10.99422836303711,12.096200948499135,2,0.0007676472887396812,0.4092065095901489,0.5900259017944336,0.0,0.5341201536024988,0.46587984639750124
779d69c0-d05c-427a-85d2-7591fe8e0bb9,3788760,1,0.7131654024124146,0.6753164490751014,,16.745357513427734,14.166077075218395,-1,0.002874731784686446,0.34790030121803284,0.6492249369621277,0.0,0.26789397302059703,0.732106026979403
352a16d2-3499-40dd-8fd2-994b7b48aae2,3788760,0,0.07355748116970062,0.013020324757698515,15.352199,13.955467224121094,10.344369920853426,1,0.0005881203105673194,0.2729245722293854,0.7264872789382935,0.0,0.20835639900480663,0.7916436009951934
92053cea-46b5-45b2-b636-f54dbcd7c509,3788760,1,0.8504430651664734,0.7970643282119195,,10.960474967956543,11.304305372155696,-1,0.0005721849156543612,0.5893447995185852,0.4100830852985382,0.0,0.5243400574216432,0.4756599425783568
dd795892-c6b8-46d5-89d7-f5bff4cb3fc5,3788760,1,0.850480318069458,0.6665267431318661,,12.533748626708984,11.727900468995125,-1,0.0009762151748873293,0.37637099623680115,0.6226527690887451,0.0,0.45328869675367545,0.5467113032463246
fb49706a-3750-48ba-8bc7-8d64f69e34a9,3788760,1,0.9979348182678223,0.9998100001777311,,11.319051742553711,10.143910054791307,-1,8.379838982364163e-05,0.33166608214378357,0.6682501435279846,0.0,0.8110207170623854,0.18897928293761454
05a24f78-1a9f-4cad-8c39-ec31342281b3,3788760,0,0.021720290184020996,0.010777416557397257,21.648094,10.861842155456543,12.242681303774901,2,0.000557612394914031,0.4469941258430481,0.5524482131004333,0.0,0.5827209955349606,0.41727900446503935
ce141e81-0207-4829-9c67-7367f303152d,3788760,1,0.7163234949111938,0.45381364833308985,,10.628572463989258,15.222197905301105,-1,0.002195399720221758,0.3747193217277527,0.6230852603912354,0.0,0.3250110295179285,0.6749889704820715
f6baa030-c421-4abb-9667-48990e688ab7,3788761,1,0.5743701457977295,0.7936141702453452,,16.5513973236084,15.799208788499968,-1,0.0014747341629117727,0.39748430252075195,0.6010408997535706,0.0,0.35367455821579974,0.6463254417842003
94c9d24e-0aec-4333-bdd4-110f89a8155e,3788761,1,0.4489280581474304,0.4503464569733223,,14.523741722106934,16.210182246805196,-1,0.0026155211962759495,0.43552783131599426,0.5618566870689392,0.0,0.4727421769126863,0.5272578230873137
ac7ecc49-666f-4c0c-9517-e74441741f63,3788761,1,0.6256362199783325,0.5929735004430238,,14.34760856628418,10.966543386249915,-1,0.0011468584416434169,0.2878473401069641,0.7110057473182678,0.0,0.412922366995356,0.587077633004644
0fc897ee-12eb-44d6-be89-7063db5eb9e9,3788761,1,0.49271923303604126,0.46491020528110416,,18.977787017822266,15.903645227114495,-1,0.001343109062872827,0.2897406816482544,0.708916187286377,0.0,0.22350876015608168,0.7764912398439183
2f997022-71a6-4b0b-81c0-25c7622e97cb,3788761,1,0.991166889667511,0.9258288271205429,,10.36288070678711,13.089184953138133,-1,0.00020944303832948208,0.29695576429367065,0.7028348445892334,0.0,0.3556319318769666,0.6443680681230334
25ddfca0-81d0-418d-81a4-4b86b7f21c01,3788761,0,0.005802328232675791,0.0005660336255282975,13.036103,11.233012199401855,10.16718721795875,2,9.869445057120174e-05,0.35025709867477417,0.6496441960334778,0.0,0.34471183762831614,0.6552881623716839
3ef84110-6c40-4909-81a1-9efdfe8033e1,3788761,0,0.002934332238510251,0.014740128610387999,13.82353,12.731216430664062,12.661173848816633,2,0.00010542479867581278,0.47107741236686707,0.5288171172142029,0.0,0.4575769387619697,0.5424230612380303
d435b27d-5206-4e81-a302-77ae20f060e1,3788761,1,0.9973536729812622,0.9992731792477912,,10.975883483886719,9.481808094515442,-1,7.912305591162294e-05,0.3603989779949188,0.6395218968391418,0.0,0.8982655304641884,0.10173446953581151
efc5bcfd-78e2-486d-9cb2-b4259a4c3c49,3788761,0,0.002739616436883807,0.005907282201666116,13.206059,16.48884391784668,13.99660342642071,1,0.00012534050620160997,0.37906205654144287,0.6208126544952393,0.0,0.40649256354724417,0.5935074364527558
362bca4d-dd4b-4a46-b7df-7ac7fc65e621,3788761,1,0.5422035455703735,0.4247279365921904,,14.979097366333008,9.352816984121956,-1,0.0010270329657942057,0.3305595815181732,0.6684134006500244,0.0,0.4076260555438874,0.5923739444561126
7a6ba182-d0c2-4d5c-aa40-4098ead077de,3788761,1,0.7628408670425415,0.8134692131159443,,14.843396186828613,13.29042020128901,-1,0.0023911346215754747,0.39850935339927673,0.5990995168685913,0.0,0.44669073917797997,0.55330926082202
96c3dd12-876f-476b-9ef2-a20acc789518,3788761,0,0.005201818887144327,9.912065236668158e-05,11.690166,8.58500862121582,10.205637589514701,1,0.00016487068205606192,0.5387392044067383,0.4610959589481354,0.0,0.3960315290329529,0.6039684709670471
53b3886f-f8e0-4b49-bbd9-4f499ba68b0b,3788761,1,0.6894557476043701,0.5213236114610279,,9.7366943359375,9.69629244551596,-1,0.000547626696061343,0.6202873587608337,0.37916502356529236,0.0,0.5114081056045252,0.48859189439547474
b87181ec-868d-4f55-bd01-5a09287166ef,3788761,1,0.6411803364753723,0.6630574568062474,,17.438302993774414,13.532667189578197,-1,0.002019123174250126,0.3582508862018585,0.6397299766540527,0.0,0.22140204000643826,0.7785979599935617
8d5ebbd9-1e1b-42db-bdb3-99b8db14bee5,3788761,0,0.030220748856663704,0.01366181034976777,13.674063,9.066198348999023,10.682896255052565,1,0.0007343152537941933,0.49161258339881897,0.5076531171798706,0.0,0.40633870672327943,0.5936612932767206
d34da0b2-99e0-4da8-8228-c1faefd26308,3788761,1,0.9901456236839294,0.9249776452899304,,13.035651206970215,13.706495561751307,-1,0.00031904876232147217,0.3884718716144562,0.6112090945243835,0.0,0.399653897005082,0.600346102994918
086b7903-a1a8-4ab3-bdab-697d92fdf5a7,3788761,1,0.32105058431625366,0.12994781920770695,,13.04212760925293,10.53380235708888,-1,0.0007391479448415339,0.4153669774532318,0.5838939547538757,0.0,0.39233179723141587,0.6076682027685841
a35fa866-2f94-4f2b-a76b-035723ed370c,3788761,1,0.7690824270248413,0.6744594312757654,,16.329055786132812,14.537741594581865,-1,0.002504544099792838,0.4318483769893646,0.5656471252441406,0.0,0.5484932662131901,0.45150673378681
89027e44-ac7a-4fd9-adcb-dfaec5081569,3788761,1,0.9900741577148438,0.949923135896396,,11.221258163452148,15.008273962796682,-1,0.00023540249094367027,0.31067565083503723,0.6890888810157776,0.0,0.3989946262433076,0.6010053737566924
f0135be6-2e02-4887-a0a1-2c8892909344,3788761,1,0.9917546510696411,0.9823260703536787,,9.710184097290039,13.931605536038802,-1,3.885955084115267e-05,0.46172115206718445,0.5382400751113892,0.0,0.6686181466613705,0.3313818533386294
b2bf58da-efea-4f04-ad5c-9eb7b0286540,3788761,0,0.010028528980910778,0.0009162869802054173,8.620905,12.011521339416504,11.066306879226616,1,0.00020293558191042393,0.3422321081161499,0.6575649380683899,0.0,0.21626504065282093,0.7837349593471791
48a9cbf5-385c-489b-bda2-e4a7948b2012,3788762,0,0.02186150662600994,0.002824467622636031,26.240808,15.713750839233398,13.17658082032514,1,0.0007888053660281003,0.43213021755218506,0.5670809745788574,0.0,0.4117579038447807,0.5882420961552193
7ec1d2ad-969e-48de-bb92-3c80839f329d,3788762,1,0.9972967505455017,0.9968626877460609,,15.936468124389648,12.029931635649067,-1,5.931769555900246e-05,0.6131316423416138,0.3868090510368347,0.0,0.358322515796309,0.641677484203691
6bf36063-c99f-40a3-8616-acbb5e560e1e,3788762,0,0.11581801623106003,0.13940873332029247,2.531798,14.530364990234375,15.605268497460965,1,0.000419330142904073,0.20845213532447815,0.7911285161972046,0.0,0.20936371554312228,0.7906362844568777
b359ab0e-d8bd-4683-b1d8-7e32d0762a7a,3788762,0,0.22868184745311737,0.27689325268418746,17.582378,19.463590621948242,15.019000549530858,2,0.0007456147577613592,0.18713340163230896,0.8121209740638733,0.0,0.22842751094246927,0.7715724890575307
09a15491-64ae-4d65-959b-07176c9e77ae,3788762,1,0.9987649917602539,0.9990037044296434,,15.613672256469727,13.063746516253309,-1,2.7869160476257093e-05,0.6542640328407288,0.34570807218551636,0.0,0.3287588411345934,0.6712411588654066
ddacd3d8-8ea7-44d8-9849-e1876b8d15de,3788762,1,0.990168571472168,0.9589553211549985,,11.991849899291992,10.277163025998975,-1,0.00010271520295646042,0.5828735828399658,0.4170236587524414,0.0,0.41748005245077635,0.5825199475492236
67951149-f6a9-4bd1-8048-95799b030739,3788762,0,0.36245906352996826,0.34686211050207416,31.61155,17.217208862304688,15.144064316315689,2,0.0014350854326039553,0.22512081265449524,0.7734440565109253,0.0,0.2810923987174726,0.7189076012825274
c6d36e73-3ac2-4660-985b-b3bf028c7947,3788762,0,0.01881331577897072,0.023719101326038036,3.9962482,9.809549331665039,9.725880348529516,1,0.00028248768649064004,0.38928329944610596,0.6104342341423035,0.0,0.4707723211592839,0.5292276788407161
ec8299b4-cd49-4320-9d66-40f191ff340c,3788762,1,0.5014341473579407,0.4988475735192191,,9.718220710754395,10.704032607546834,-1,0.0009926925413310528,0.48120635747909546,0.5178009271621704,0.0,0.3495325926392989,0.6504674073607011
ec01423a-3a87-4a25-954b-9e51b3d59b02,3788762,1,0.62894207239151,0.739073515562808,,14.865081787109375,13.469158774220407,-1,0.0026987334713339806,0.3414269983768463,0.6558742523193359,0.0,0.3203723652013275,0.6796276347986725
0f440c7e-b21d-45e7-ab53-42a74784699f,3788762,0,0.04275049269199371,0.09134156566741222,13.101526,10.975992202758789,10.023067285946595,2,0.0016833830159157515,0.41643956303596497,0.5818770527839661,0.0,0.39323355389274817,0.6067664461072518
c25eba10-a66b-44af-b76f-930e360f8ee7,3788763,0,0.08238637447357178,0.2480265539967958,17.564169,11.889701843261719,9.86252545057484,2,0.0026626293547451496,0.4291686415672302,0.5681687593460083,0.0,0.43976097361280453,0.5602390263871955
530c66f9-d74f-4802-ba1c-f8efbd8254e6,3788763,0,0.021411972120404243,0.03744062752609311,10.057833,11.470269203186035,9.39855147311231,2,0.0006241670926101506,0.40032482147216797,0.5990509986877441,0.0,0.39754414673537153,0.6024558532646285
4666df94-58d3-40a0-8d0b-b4040ceb14d6,3788763,0,0.022399013862013817,0.013519176671012422,2.9154758,10.668706893920898,12.322151306174431,1,0.0005426248535513878,0.5346559882164001,0.4648013412952423,0.0,0.49205469000936886,0.5079453099906311
fb39256c-e72a-4ad7-aebd-ce24541e7e01,3788763,0,0.1388036161661148,0.3369714149080194,9.228217,13.723639488220215,14.941348572678368,1,0.003841942874714732,0.4823043942451477,0.5138536691665649,0.0,0.5283823343955121,0.47161766560448787
5d562c06-4946-4ac9-90ea-2fc02e879105,3788764,1,0.5428582429885864,0.3752770803559525,,17.667308807373047,13.874911790038125,-1,0.001982990186661482,0.2668795585632324,0.7311373949050903,0.0,0.3870777376522936,0.6129222623477064
1d7c4dc8-2d2a-44b2-9550-fac4711df6a6,3788764,1,0.9678574204444885,0.9042708344281978,,26.10771942138672,12.288193191073015,-1,5.144733950146474e-05,0.6383903622627258,0.3615582287311554,0.0,0.5350345070671245,0.46496549293287553
4b2f5b8a-a7ec-422b-8e5d-1b9ec1f67219,3788764,1,0.9909131526947021,0.9585313098179263,,31.360027313232422,13.742704261428566,-1,9.427935583516955e-05,0.35086509585380554,0.649040699005127,0.0,0.5525492822856353,0.4474507177143647
27520132-b8a5-48c2-8744-fd1eb18ad506,3788765,1,0.7415159344673157,0.6977196550034336,,11.491524696350098,13.50212455971035,-1,0.002727823331952095,0.46439093351364136,0.5328812599182129,0.0,0.3973370400105043,0.6026629599894957
f59b686c-bc8d-4328-979e-76bae4280547,3788765,0,0.019585803151130676,0.007382221482735808,9.402127,12.136631965637207,12.785985588898491,2,0.0004968580324202776,0.5460744500160217,0.45342862606048584,0.0,0.4538339457827796,0.5461660542172204
d2019b57-a923-4c18-8ecb-a30c5671e3b5,3788765,1,0.3776072859764099,0.014275541005690067,,14.682561874389648,11.753882672060191,-1,0.0014484437415376306,0.4067523777484894,0.5917991995811462,0.0,0.29511275065492193,0.7048872493450781
1c3a70db-b355-449b-9ff6-99318ff0d710,3788765,1,0.570182204246521,0.21252288214809675,,12.830161094665527,12.23201803831726,-1,0.0010668020695447922,0.2568429410457611,0.7420902848243713,0.0,0.22481219605078517,0.7751878039492148
3495192f-1a17-498e-bada-789931be7fde,3788765,1,0.5003556609153748,0.6075980485960488,,15.083606719970703,16.184036681358492,-1,0.0010723412269726396,0.3439541459083557,0.654973566532135,0.0,0.3423142998571821,0.6576857001428179
fc06acb3-7c19-49c9-988e-cd1e5a824f7a,3788765,1,0.9993051290512085,0.9996714896702861,,9.245936393737793,12.803085239791624,-1,2.327019683434628e-05,0.31072235107421875,0.6892543435096741,0.0,0.8483556550914592,0.1516443449085408
55b606df-5459-4df8-8bbe-0836fa251cc0,3788765,0,0.029808562248945236,0.007548616581924381,9.002222,10.8291015625,14.574002167543377,2,0.0006068724323995411,0.44281551241874695,0.5565776228904724,0.0,0.42545696283178425,0.5745430371682158
1b2ce998-4810-4ead-8091-efd72a49ddfd,3788765,1,0.34840264916419983,0.4375216745688652,,14.271584510803223,15.328688383429618,-1,0.0019923842046409845,0.2525295913219452,0.7454780340194702,0.0,0.2766627878050526,0.7233372121949474
09d96444-5b85-4075-b175-407c4ced2308,3788765,0,0.028090346604585648,0.006952082079975656,9.479451,13.087589263916016,12.991093512923245,1,0.00027710714493878186,0.4262264370918274,0.5734964609146118,0.0,0.4112368879156265,0.5887631120843735
8d5e25cd-3f6b-4e0f-8e93-daef35edd157,3788765,1,0.9985988736152649,0.9998516653906839,,10.401758193969727,9.984513372598968,-1,4.513883686740883e-05,0.2970341742038727,0.7029207348823547,0.0,0.8336493371191656,0.1663506628808345
eb891ab1-1f08-4026-ac10-8080a52a8aaa,3788766,1,0.026454757899045944,0.0472279770429938,,8.299304962158203,9.00101176668681,-1,0.0002743055229075253,0.24522638320922852,0.7544993162155151,0.0,0.26112122126332227,0.7388787787366777
2206611e-f168-4d9d-890d-5b8b9cb8999a,3788766,0,0.003485924331471324,0.0025858059451797787,5.8830266,13.844914436340332,16.29253248211581,2,1.8119962987839244e-05,0.42171791195869446,0.5782639384269714,0.0,0.302132895350527,0.697867104649473
558163ec-00cb-47e6-b0e2-2e8b0bd6fb5a,3788766,1,0.9858797192573547,0.9826887887518974,,18.435598373413086,14.589541734342157,-1,0.00022867218649480492,0.6309544444084167,0.36881691217422485,0.0,0.6892823697988222,0.3107176302011779
2de64d5f-db9d-4127-8ae0-6470baac4f06,3788766,1,0.3635322153568268,0.49456414825982287,,11.039361000061035,11.360596752159635,-1,0.0026400198694318533,0.443946897983551,0.5534130930900574,0.0,0.445838107491635,0.554161892508365
79c243e4-4862-4cc1-9679-20b7755776cb,3788766,1,0.18482723832130432,0.16797719457889942,,14.146842002868652,12.941739191767045,-1,0.000702419551089406,0.3631227910518646,0.6361747980117798,0.0,0.4562027101149656,0.5437972898850344
2d3cc14c-f61e-446d-97d7-b8eae75db568,3788766,1,0.9888615012168884,0.9862226704335192,,16.64719009399414,13.070740474994379,-1,0.00014917565567884594,0.6521478891372681,0.34770289063453674,0.0,0.724994531632094,0.2750054683679059
42cafc01-1a92-4e48-8583-d553c07af4f4,3788766,1,0.3372456133365631,0.7084982742005941,,15.750350952148438,16.77130304651413,-1,0.00328935612924397,0.2822442352771759,0.714466392993927,0.0,0.36310880715673677,0.6368911928432632
77c25770-4258-42e0-b0a6-9eb5c811a8f2,3788767,0,0.0379425585269928,0.2336375290039016,7.702597,10.880929946899414,13.947107024003547,2,0.0012003491865471005,0.43200913071632385,0.5667904615402222,0.0,0.3155570839030819,0.6844429160969181
85bfa93c-b663-4024-bb5e-9a398da60263,3788767,0,0.015238736756145954,0.007379067285890513,5.8694124,12.539932250976562,11.251021411138073,2,0.0004593906633090228,0.47779184579849243,0.5217487215995789,0.0,0.46651285706957935,0.5334871429304207
5e25b3f5-f160-40aa-82a9-fcdf4de94d50,3788767,1,0.9937111139297485,0.9270613671785346,,26.53180694580078,16.269814574565984,-1,0.00023163580044638366,0.3572019040584564,0.6425663828849792,0.0,0.6142321532617658,0.3857678467382342
a2c16231-bc0f-4bd2-be1c-6a376593d22e,3788767,0,0.027470320463180542,0.0020369528837473464,17.098537,13.387024879455566,10.558417903613156,2,0.0013040666235610843,0.4486313760280609,0.5500645041465759,0.0,0.4949301861968247,0.5050698138031753
70ff5cd8-bcf3-40f3-a43b-90747507128a,3788767,1,0.36539822816848755,0.5093892376666403,,13.421504974365234,12.514147404507765,-1,0.00040861015440896153,0.4631552994251251,0.5364360809326172,0.0,0.45595208828565514,0.5440479117143449
6e1da4d3-ca62-4bb2-a307-31ab8c78fdc7,3788767,0,0.019168568775057793,0.00747295489274584,14.9372015,14.422131538391113,13.418772006907492,2,0.0005491026095114648,0.464278906583786,0.5351719856262207,0.0,0.5723783782543664,0.42762162174563356
2842ca8a-88e7-4f6a-b305-50a7795e7b36,3788767,1,0.04992883652448654,0.1561492103756472,,9.389424324035645,11.95736993058689,-1,0.0007309414795599878,0.4608688950538635,0.5384002327919006,0.0,0.4266530016367245,0.5733469983632755
2923f901-60bc-437c-a2b1-bfa4dea459e1,3788767,0,0.012892340309917927,0.003530213241717555,8.935883,13.99492359161377,10.62930234783691,1,0.00033914693631231785,0.4276711046695709,0.5719897150993347,0.0,0.44060209630097724,0.5593979036990228
da29a43e-d8b1-459f-90d0-9d044b331c10,3788767,0,0.3213551938533783,0.23479207486724263,13.507405,10.830029487609863,9.255020090816698,1,0.0002690855471882969,0.3827870190143585,0.616943895816803,0.0,0.29111179524394126,0.7088882047560587
324a94db-29f9-4a5d-97b7-96c8122935bb,3788767,0,0.014804612845182419,0.0007984287443941936,10.1965685,16.571895599365234,15.194551107186097,2,0.0005114311934448779,0.3888026773929596,0.6106858849525452,0.0,0.27762739105555834,0.7223726089444417
b2c08438-9b0b-4e23-9ed4-57022a023861,3788767,1,0.847225546836853,0.7298090294193759,,18.603422164916992,18.379149327522793,-1,0.0013784979237243533,0.545958936214447,0.45266252756118774,0.0,0.4958602531857409,0.5041397468142591
bba30708-62a7-4ba5-9329-304e7ea491cb,3788767,1,0.9685196280479431,0.8469251552802876,,19.740795135498047,13.869917322355974,-1,0.0005908485036343336,0.5278403759002686,0.4715688228607178,0.0,0.4332478474268522,0.5667521525731478
4c455d46-1909-43a1-b362-e1b117bfe99a,3788767,1,0.9973767995834351,0.9759561004758994,,23.383438110351562,13.477013144457972,-1,0.00019750368664972484,0.4836520552635193,0.5161504149436951,0.0,0.5548786190881426,0.4451213809118574
bbcd5d91-734f-4ca9-885e-aa00f3c0e59e,3788768,0,0.5787990093231201,0.7762022452574632,18.51945,20.18404197692871,11.229559478631602,1,0.000641264021396637,0.4508077800273895,0.5485509037971497,0.0,0.5365483095596479,0.46345169044035206
80c98d11-278c-4d42-9ad3-c16da408705c,3788768,1,0.9110614061355591,0.8164840381384821,,14.3959379196167,12.522451810127693,-1,0.0034602221567183733,0.5976778268814087,0.39886197447776794,0.0,0.587761290191052,0.4122387098089479
8f6dfc36-5855-488f-8c77-f3b3a0a2ac3f,3788768,0,0.022974805906414986,0.0007641919078099485,6.6030297,13.563043594360352,13.952974689728073,2,0.0003706846327986568,0.4260946810245514,0.5735346674919128,0.0,0.32097646835712923,0.6790235316428708
c8949c0c-bf0c-4a64-bb3d-4a407957947f,3788768,0,0.3490560054779053,0.42867461144833957,25.419678,12.690956115722656,11.988358334824664,2,0.001322478405199945,0.420852392911911,0.5778251886367798,0.0,0.3024940731030433,0.6975059268969567
f10308f3-0878-4094-a8f6-cdf5c6b27f2e,3788768,1,0.9790079593658447,0.9500832242543051,,15.034189224243164,13.692035465505832,-1,0.00032836897298693657,0.48126980662345886,0.5184018015861511,0.0,0.6326368943410983,0.3673631056589018
7c2b401f-d3e1-4135-a337-cb14a86203d6,3788768,1,0.9981681108474731,0.9868836254700379,,16.15747833251953,13.34078906848254,-1,0.00022038233873900026,0.5824651122093201,0.4173145592212677,0.0,0.5717180711805927,0.42828192881940735
308a27b7-d04b-47d1-8ad7-4479a0a137b3,3788768,1,0.9500336647033691,0.779476118049743,,13.888958930969238,12.439008884025261,-1,0.0013178957160562277,0.467578262090683,0.5311039090156555,0.0,0.30499373327289203,0.695006266727108
a1f1be8a-c153-439c-b706-f2cc076cb55f,3788768,1,0.847861111164093,0.798578061456477,,12.602713584899902,11.95020085424467,-1,0.0006396722747012973,0.45633557438850403,0.5430247187614441,0.0,0.40369105731612465,0.5963089426838754
0b6840cc-c286-4521-91eb-99e834e7325c,3788769,1,0.9949671626091003,0.9960016247779533,,22.765480041503906,15.574556062517349,-1,5.42124398634769e-05,0.646817147731781,0.353128582239151,0.0,0.6271572947799686,0.37284270522003143
e5a14cca-9041-47e7-9321-343ff748e7a0,3788769,0,0.0423847995698452,0.03772726202704588,15.033629,15.307899475097656,12.358101282760133,2,0.0002576421538833529,0.42415064573287964,0.5755916833877563,0.0,0.36794142945060315,0.6320585705493968
304f36d6-c398-4aec-acc5-ce89db9fcfcd,3788769,1,0.7938310503959656,0.8330816136965733,,16.780019760131836,14.955792426221945,-1,0.0011209386866539717,0.35211917757987976,0.6467598676681519,0.0,0.3442904596147578,0.6557095403852422
12dd7f68-c095-4158-b88a-b1f299cfe187,3788769,0,0.2243083417415619,0.20674927625673994,12.241323,9.526839256286621,9.563914410638676,2,0.0024906734470278025,0.30678680539131165,0.6907225251197815,0.0,0.30332111555802743,0.6966788844419726
bca98e3c-d9de-4d3d-99de-db8aa5a7aff1,3788769,0,0.01050239335745573,0.0049742061210980145,11.840608,13.569360733032227,12.061218098486275,1,0.00011902682308573276,0.41486987471580505,0.5850110650062561,0.0,0.36464618926579295,0.635353810734207
053a8dc3-f90b-428e-ae9c-a147d0944860,3788769,0,0.0021367406006902456,0.0006605710642728182,15.902201,13.055217742919922,10.673137872694532,2,1.1207544957869686e-05,0.45573461055755615,0.5442542433738708,0.0,0.33943961893898367,0.6605603810610163
51e9240a-a19c-4cb3-a5cc-b44a5fee3d8b,3788769,1,0.9964512586593628,0.9931788959942048,,16.925960540771484,13.933875482624774,-1,3.256926720496267e-05,0.677355945110321,0.32261157035827637,0.0,0.5830941473014181,0.41690585269858194
5e3cc708-d2a0-4db4-a237-ee9e188c004e,3788769,1,0.2693667411804199,0.5172335609917125,,11.991415977478027,14.34267266181407,-1,0.0014034380437806249,0.27662819623947144,0.7219683527946472,0.0,0.427435794347379,0.572564205652621
c0ccd35d-bff2-466d-9402-05b71bb18b87,3788769,1,0.9066449403762817,0.8324347920416802,,13.885619163513184,13.299172882743068,-1,0.0009633733425289392,0.43037495017051697,0.5686616897583008,0.0,0.30117422722312925,0.6988257727768707
62c9347d-d748-4404-84ee-d2d9d4756304,3788769,0,0.01088256947696209,0.003333488492559911,21.359074,13.150578498840332,9.639277155885244,1,0.00012652944133151323,0.29568469524383545,0.7041887640953064,0.0,0.3336054254980877,0.6663945745019123
3205a657-43df-48d8-ba97-a3bed0fb9878,3788769,0,0.0089127691462636,0.009094971595366517,5.9539905,13.811431884765625,13.892618148205678,1,8.836305642034858e-05,0.40059804916381836,0.5993136167526245,0.0,0.4284135468354665,0.5715864531645335
0b0bd93f-3a67-439f-af8b-d71529b8e631,3788769,1,0.5904102325439453,0.8826503321934951,,11.441706657409668,15.034642872275107,-1,0.006913396064192057,0.4039204716682434,0.5891661047935486,0.0,0.6254891295802206,0.3745108704197794
405265bf-8e44-486c-a8a4-0d6f4bc678a4,3788769,1,0.9765883684158325,0.9308879790357222,,17.762065887451172,13.475506486381278,-1,0.0002539469860494137,0.6093705296516418,0.390375554561615,0.0,0.5379548401252678,0.46204515987473216
d597c0a3-11bb-443b-9fdf-ea3faf79c1fc,3788769,1,0.47836583852767944,0.6994117143884295,,19.23979377746582,16.379918005157865,-1,0.0016322783194482327,0.27468934655189514,0.7236784100532532,0.0,0.32737137655421455,0.6726286234457854
d169b8af-aaa1-45f9-bbf7-db4eb3e482f3,3788769,0,0.0005855832132510841,0.0003379196770267652,13.354026,12.789859771728516,10.955068733079106,1,1.1707451221809606e-06,0.3604356348514557,0.6395632028579712,0.0,0.26806453973465394,0.7319354602653461
880932b9-4aaf-49ff-a545-a2bfc75b2f3c,3788769,1,0.676405131816864,0.7501611733803905,,12.79042911529541,12.727059715956546,-1,0.0012601182097569108,0.3669424057006836,0.6317974328994751,0.0,0.3261422581356851,0.6738577418643149
e2291134-cb65-49fa-8ee8-07b3ebc024cf,3788769,1,0.3517940640449524,0.7167016114516668,,17.889915466308594,17.705081669230612,-1,0.0030299730133265257,0.32853206992149353,0.6684380173683167,0.0,0.3921905186576734,0.6078094813423266
a41c0e0f-fafd-4607-94ea-ec21e2f5a135,3788770,0,0.01852020062506199,0.011184111387764884,21.870985,12.282241821289062,12.174745219290692,2,0.00022564713435713202,0.44104188680648804,0.5587324500083923,0.0,0.4077178824471309,0.5922821175528691
52668f27-832c-48f4-be4a-1d9e91a89fd8,3788770,0,0.09677662700414658,0.001248960560052108,18.852057,16.043622970581055,15.826628169734509,2,0.0015296025667339563,0.635991096496582,0.3624792993068695,0.0,0.44692853095195295,0.553071469048047
5dbb6a9a-5728-456c-9adb-a8e579a82b27,3788770,0,0.26381736993789673,0.3500823235181254,6.2008066,9.948511123657227,11.3175885760813,2,0.0035518661607056856,0.6678776741027832,0.3285704255104065,0.0,0.5228277245682246,0.47717227543177543
00d86fc9-7cc6-4612-b58e-7dbd95621444,3788771,1,0.36327120661735535,0.5176020178729086,,15.69523811340332,15.597914756546523,-1,0.0014729913091287017,0.26179733872413635,0.7367296814918518,0.0,0.33710907255743716,0.6628909274425628
32c3ba8a-dd18-4163-adc3-3f785bf53816,3788771,0,0.05167588219046593,0.026401264426975993,14.984325,11.685203552246094,11.535549465425637,2,0.00025809978251345456,0.2559507489204407,0.7437912225723267,0.0,0.17461329854229968,0.8253867014577003
cd67582a-17ad-4c38-bf54-12ba48b1f307,3788771,1,0.9910783171653748,0.9976868692462642,,18.46404266357422,12.416847854280839,-1,0.00022734308731742203,0.5662016272544861,0.4335709810256958,0.0,0.2562239909704479,0.7437760090295521
9765a4e2-eb0f-465a-af01-fcfd0220232c,3788771,0,0.04100414738059044,0.008379906111606416,20.988092,9.6685152053833,9.412124954935482,2,0.00031297418172471225,0.4090834856033325,0.5906035304069519,0.0,0.36641594944203726,0.6335840505579627
94df26fc-ee6b-4d66-955c-ca4515fd6257,3788771,0,0.0063751740381121635,0.000908685317771824,18.96945,12.384950637817383,10.268758124674523,2,6.254826439544559e-05,0.27201807498931885,0.7279193997383118,0.0,0.28132739632169956,0.7186726036783004
f045de78-391d-4219-9239-d16d19f12970,3788771,1,0.42270851135253906,0.40847893320677114,,18.168704986572266,14.900648926060162,-1,0.00115052773617208,0.22884827852249146,0.7700011134147644,0.0,0.2385698507867664,0.7614301492132336
1c4a1897-cd6f-4777-9319-86068450b94e,3788771,1,0.3155110776424408,0.5310056322426258,,15.992645263671875,15.146067307474613,-1,0.006016635335981846,0.31858351826667786,0.6753997802734375,0.0,0.37873852958937126,0.6212614704106287
a77a0e8a-4a72-49c2-a5c9-f7ecceb8ffec,3788771,1,0.703442394733429,0.7403209389938431,,12.997350692749023,15.544050727361064,-1,0.0031626815907657146,0.41183677315711975,0.5850005149841309,0.0,0.3364543609711458,0.6635456390288542
e9e659c1-f966-4f3a-8735-384dde028cc1,3788771,0,0.6546787619590759,0.7070930545388576,11.734565,18.20353889465332,16.875085657917932,1,0.0038587055169045925,0.4464529752731323,0.5496883392333984,0.0,0.5169753544147814,0.4830246455852186
f691f8b4-0438-4d76-ab1f-b05f361738a3,3788771,1,0.9986189603805542,0.997983538962525,,14.198502540588379,11.524852831594025,-1,3.569238833733834e-05,0.6711658239364624,0.3287985026836395,0.0,0.4179623603482313,0.5820376396517687
025d838f-2b99-49b7-9782-a226116ce98b,3788772,1,0.7585503458976746,0.8195487584495202,,18.29623794555664,17.602762429145344,-1,0.0015693343011662364,0.36487939953804016,0.633551299571991,0.0,0.40904558286702697,0.590954417132973
430c5f05-9db2-4130-9c67-a5c6a7be22fa,3788772,0,0.3154503405094147,0.16888392919174752,18.365728,17.82423973083496,14.618395234886732,2,0.0014281520852819085,0.3250080645084381,0.6735637784004211,0.0,0.3857211154450929,0.6142788845549071
4b753db9-77a2-4523-97f9-0bc81a4afe96,3788772,1,0.36382028460502625,0.33266229617282805,,12.704858779907227,13.476299736463597,-1,0.004186563193798065,0.40493348240852356,0.5908799767494202,0.0,0.4555397715503634,0.5444602284496366
8a2ca59c-639c-449e-8fa8-a06adc0c0187,3788772,1,0.9977086782455444,0.9997373101269287,,10.325048446655273,12.627291712199483,-1,7.434082363033667e-05,0.3413803279399872,0.6585453748703003,0.0,0.831454217633898,0.16854578236610196
f7bed4de-99de-4fb3-a4aa-b764f1394de3,3788772,1,0.7539034485816956,0.6346873202407974,,14.62442398071289,11.926526791425548,-1,0.0008127783657982945,0.3066553473472595,0.6925318837165833,0.0,0.3582392904438585,0.6417607095561415
f71297f8-18ce-4f08-9125-f4281616e181,3788772,1,0.12532924115657806,0.27464615896765726,,11.485343933105469,11.355146537828753,-1,0.0011321579804643989,0.686013400554657,0.31285449862480164,0.0,0.5239995750389076,0.4760004249610924
c35388b8-9b19-4a77-aaa7-cb721160b360,3788772,1,0.2778051495552063,0.3587334980367751,,16.98627281188965,17.209377710464555,-1,0.000968395615927875,0.2596744894981384,0.7393571138381958,0.0,0.39882578736448115,0.6011742126355188
0ea7cee4-1b0d-490e-a6c9-6a53e0ca0201,3788772,1,0.4880203306674957,0.7171710647246788,,15.048555374145508,17.450108260484356,-1,0.0017015528865158558,0.22428163886070251,0.7740168571472168,0.0,0.29568185768595834,0.7043181423140417
b079ed04-c009-47f6-a422-5a9c7b0b1b2d,3788772,1,0.1935761719942093,0.1868573090811621,,8.62947940826416,10.166084489210933,-1,0.0009927026694640517,0.2532380223274231,0.7457692623138428,0.0,0.30356536420376024,0.6964346357962398
ecca168b-0c87-453c-8961-36f311ff10e5,3788772,0,0.42635631561279297,0.5499564753412367,19.708374,20.447845458984375,15.971877739182332,2,0.001012324821203947,0.2845393121242523,0.7144483923912048,0.0,0.3232690541665867,0.6767309458334133
8ddd49b1-65f5-4ee2-9f57-794dc478da03,3788772,0,0.02572757564485073,0.011716723890127428,24.052027,13.05133056640625,13.67175758637028,1,0.0005748741677962244,0.5662779808044434,0.4331471025943756,0.0,0.5671388693620795,0.43286113063792053
a34eae42-fa87-4972-835a-39fed83e7c49,3788773,1,0.7610777616500854,0.8213746093929598,,15.462852478027344,14.640730462615444,-1,0.0010403927881270647,0.6807863712310791,0.31817325949668884,0.0,0.41641182731712767,0.5835881726828723
0df42077-30b6-468d-80aa-da72cca7b197,3788773,1,0.399421751499176,0.5083222386046498,,12.264997482299805,13.29680672613388,-1,0.0008901824476197362,0.3828654885292053,0.6162443161010742,0.0,0.3060620015899327,0.6939379984100673
a6b7e9d6-a507-4edb-9d00-cdf64253500c,3788773,0,0.1752210110425949,0.012153503415362258,2.531798,9.417253494262695,10.066375314634636,1,0.0014862763928249478,0.5354597568511963,0.46305403113365173,0.0,0.505662808994897,0.494337191005103
6afabe1b-08e9-4b86-9ab9-38ac8af55c6f,3788774,0,0.003632542211562395,0.0006468577018621082,6.6030297,11.753186225891113,11.388923778992655,2,2.8864904379588552e-05,0.37169796228408813,0.6282731890678406,0.0,0.28664130828846224,0.7133586917115378
9e70dc65-e538-47b0-bed0-e6b7b8f6f848,3788774,1,0.9745063185691833,0.9935769590288361,,15.624322891235352,11.96353347670587,-1,0.00011948690371355042,0.7225592136383057,0.27732133865356445,0.0,0.7532036069807218,0.2467963930192783
bec6d320-d754-4f1d-951f-13d49ec9b9e5,3788774,0,0.0057294536381959915,0.004411448893486673,14.539945,11.221922874450684,9.924931593786164,1,8.727036038180813e-05,0.396562784910202,0.6033499836921692,0.0,0.493935661135511,0.506064338864489
481ef884-d056-498d-b5d6-f1ca2b6a5c19,3788774,0,0.010492278262972832,0.010967690210373955,2.9154758,8.586692810058594,9.15581982272646,1,0.0001151400210801512,0.42473146319389343,0.5751533508300781,0.0,0.3388690133708533,0.6611309866291467
61164b54-30f9-4b20-9503-a2560960cdd8,3788774,1,0.7890522480010986,0.8454174414433604,,17.048660278320312,15.135018762410713,-1,0.0005922122509218752,0.3365709185600281,0.6628369092941284,0.0,0.38595188780171974,0.6140481121982803
764e64a6-1b50-4e66-a266-3cbf3885f39f,3788774,1,0.659674882888794,0.9063925393645273,,11.61529541015625,15.033204397955963,-1,0.007903050631284714,0.4725933372974396,0.519503653049469,0.0,0.3451449154093904,0.6548550845906096
5fb4f527-a2a7-4376-95f1-3aef1afa7749,3788774,1,0.40081027150154114,0.6753766743748232,,14.426783561706543,15.663862863929939,-1,0.001618694979697466,0.2396921068429947,0.7586892247200012,0.0,0.25170540523187646,0.7482945947681235
76c65f73-2545-4520-b3ea-b5f13e6ba3b5,3788774,0,0.2748236656188965,0.41591092238228694,11.321661,8.233548164367676,10.52717749421962,1,0.0013596783392131329,0.3594518303871155,0.6391885280609131,0.0,0.34652595065282643,0.6534740493471736
2f757a02-7447-45e2-9c09-7fde2988ceac,3788775,1,0.4824918508529663,0.43399400934653876,,18.704797744750977,14.71776880972245,-1,0.0025683194398880005,0.2932462692260742,0.7041854858398438,0.0,0.4360437865848229,0.5639562134151771
f02a6a48-6267-4c97-87ec-2083c22328bf,3788775,1,0.3530432879924774,0.3000761481187614,,16.760387420654297,16.505287943176505,-1,0.0013333907118067145,0.3084755837917328,0.6901910305023193,0.0,0.25203631702371754,0.7479636829762825
a25405eb-438d-4a75-aac4-e31d1f9014a8,3788775,0,0.00606867391616106,0.0003381237015318913,20.934422,14.92189884185791,11.826112798817727,2,0.00029467509011738,0.46025732159614563,0.5394480228424072,0.0,0.45460560534575745,0.5453943946542426
1e87d4a5-5bdb-49e4-b0a4-baf6fafe2c51,3788776,0,0.0062789227813482285,0.0006127868910230366,6.6287255,12.844086647033691,11.697573583898416,2,0.00011555016681086272,0.33550789952278137,0.6643764972686768,0.0,0.24385038309869211,0.7561496169013079
ce7c991d-1be1-4ac2-a6f4-74854533c942,3788776,0,0.04528696462512016,0.0279470040791524,12.85496,11.856596946716309,11.042288381259143,2,0.00021735152404289693,0.22234006226062775,0.7774425745010376,0.0,0.20611261582162188,0.7938873841783781
d75a9a3b-3fa0-49c7-ac24-eb732a43287a,3788776,1,0.08133023232221603,0.11465026847611977,,20.34485626220703,17.638452847722956,-1,0.00028740393463522196,0.22956493496894836,0.7701476216316223,0.0,0.17002167598179163,0.8299783240182084
0e8fb56f-14e1-4916-9256-e507bff32bee,3788776,0,0.014577604830265045,0.005958868584549964,5.1971145,11.485760688781738,9.15326761575958,1,0.00017580487474333495,0.3823329508304596,0.6174911856651306,0.0,0.5635377737547693,0.4364622262452306
7e82e738-d3df-43a6-a0b9-85682c354fed,3788776,1,0.9907598495483398,0.9390208840730547,,14.768280982971191,13.624338746677473,-1,0.00032312137773260474,0.6235516667366028,0.3761252760887146,0.0,0.471814772250684,0.528185227749316
1092e8b5-847c-4fd4-8462-1b9e12d2e4bb,3788776,0,0.5250915288925171,0.47672704901827095,8.646965,13.599194526672363,13.82391093125569,2,0.002406694460660219,0.3127709925174713,0.6848222613334656,0.0,0.3557621441763409,0.6442378558236591
398e3915-1dac-4cda-8a02-e61d1bac0bc3,3788776,1,0.9969165325164795,0.9604030382313187,,12.45052433013916,12.730511731960872,-1,0.00011494221689645201,0.7134972214698792,0.28638792037963867,0.0,0.5310413437922137,0.4689586562077864
28def1bc-8828-4caf-89a1-c990ea92f8dc,3788776,1,0.7942973971366882,0.7345908835951359,,11.230603218078613,10.15630398535103,-1,0.002095936331897974,0.49239760637283325,0.5055064558982849,0.0,0.6022210667646675,0.3977789332353325
b75faeea-b38c-4ddb-9bf8-749ad27879ac,3788776,1,0.9940353631973267,0.997880491011629,,14.370110511779785,13.223389074791319,-1,0.00033099527354352176,0.7764116525650024,0.22325736284255981,0.0,0.8940643788919946,0.10593562110800538
571c32d9-fd0a-4fa4-b134-8096161fbe75,3788776,1,0.4689517915248871,0.5311326113439211,,19.04451560974121,13.629163720862763,-1,0.003949759528040886,0.29886260628700256,0.6971876621246338,0.0,0.385568868384113,0.614431131615887
97353f32-1dea-42be-82a9-7e0017caf433,3788776,0,0.47718843817710876,0.3939445713920636,2.6925824,15.299680709838867,16.464523758477174,1,0.002120211021974683,0.2825431227684021,0.7153366208076477,0.0,0.2976560270205001,0.7023439729794999
14527510-9ca4-436d-b04f-a03884cbce63,3788776,0,0.3571106493473053,0.4796950294629952,21.335886,14.809821128845215,14.557626325761216,2,0.0016410575481131673,0.25430575013160706,0.7440532445907593,0.0,0.26431457878014164,0.7356854212198584
26e8688a-96df-4ac9-81bd-020237468d55,3788776,0,0.045191552489995956,0.011549955374230796,23.344593,11.70737075805664,14.753713411922297,1,0.0013829701347276568,0.46328237652778625,0.5353347063064575,0.0,0.4923592524852666,0.5076407475147334
f88ead89-1703-42b7-8fe2-c775b11b1c45,3788776,0,0.011881374754011631,0.009282777679479408,18.03136,11.454839706420898,11.960630831649626,2,0.00017076078802347183,0.37152090668678284,0.6283083558082581,0.0,0.3517752891807081,0.6482247108192919
3d13205c-1cc8-4e2d-9c77-82e842b48fa8,3788776,1,0.22748896479606628,0.3956141607807002,,12.844449043273926,12.299063042712941,-1,0.0015807560412213206,0.29006463289260864,0.7083545327186584,0.0,0.3823267309478029,0.6176732690521971
60ee1ca2-b2a9-4240-a1d0-322f1d96e2ce,3788776,0,0.5150724053382874,0.5401119933221502,16.94609,20.13977813720703,17.24601446737085,1,0.003385612741112709,0.31617459654808044,0.680439829826355,0.0,0.2938046932407814,0.7061953067592186
d49d8682-ae21-4f8a-997d-20b1ae5ab2a8,3788776,0,0.011697396636009216,0.002550984629124322,19.096073,10.644377708435059,12.428186585844996,2,0.00015906101907603443,0.34921929240226746,0.6506216526031494,0.0,0.3814104824310063,0.6185895175689937
cfbaecb4-52ce-4937-ac31-c9382d7bd0b5,3788776,0,0.01855236291885376,0.006005747540403097,4.002499,13.778732299804688,15.103692387029824,1,0.00015203736256808043,0.27089938521385193,0.7289485931396484,0.0,0.36881815881189317,0.6311818411881068
e9358154-421f-4370-a7f2-b12028ce9802,3788776,0,0.014450336806476116,0.0024778143410721727,20.736923,14.344999313354492,12.648744951623708,1,0.0002264969516545534,0.37385138869285583,0.6259220838546753,0.0,0.3535648062103123,0.6464351937896877
559c1334-4433-46d3-9571-bad1c6eba299,3788776,0,0.005753674078732729,0.0007979948460974624,2.6683328,13.365331649780273,11.81836448538248,1,8.612071542302147e-05,0.3208049237728119,0.6791089773178101,0.0,0.2754601778803618,0.7245398221196382
e06f3a09-fb1c-4062-8a06-fb68fea7d743,3794685,0,0.16688810288906097,0.4601356216489378,33.414967,16.939361572265625,18.014079490095924,2,0.0011212796671316028,0.3195061683654785,0.6793726086616516,0.0,0.3315706510539521,0.6684293489460479
73c7432f-8587-46b6-9fb4-00c4929bba3b,3794685,0,0.10010368376970291,0.22927279321868663,9.542537,12.316118240356445,11.215469015396808,2,0.0009501444292254746,0.4490802586078644,0.5499696135520935,0.0,0.44501058964948137,0.5549894103505186
a8652cdd-ac86-4756-89ac-6cecd8f90687,3794685,0,0.11534731090068817,0.15122114440788245,9.411163,12.350600242614746,11.879073181458098,1,0.0010027183452621102,0.4047062397003174,0.5942910313606262,0.0,0.48136315289848985,0.5186368471015101
ffbb3c39-01a7-4482-bf99-0bd7ad0aad7c,3794685,0,0.02024214155972004,0.002767608435344867,21.330027,17.515323638916016,15.846887408455732,1,9.315757779404521e-05,0.43875357508659363,0.5611532330513,0.0,0.38969157732285575,0.6103084226771442
62c1d95b-fddc-4737-88ed-9d286b414a70,3794685,0,0.00294991722330451,0.00020441319514154422,13.230646,9.718831062316895,10.95406441826684,2,1.782278559403494e-05,0.4718726575374603,0.5281095504760742,0.0,0.33329658400704787,0.6667034159929521
05cdd9f6-6560-41c1-a2d2-adfba9e3185c,3794685,1,0.9577913880348206,0.9842701555423751,,14.157910346984863,12.4317649729684,-1,0.0011716503649950027,0.6210050582885742,0.37782323360443115,0.0,0.959129974396459,0.04087002560354106
3ca36e04-a6e9-4d0b-bda9-69285d19de28,3794685,1,0.4247394800186157,0.5369204896096529,,7.723519325256348,11.497117320605007,-1,0.000814530358184129,0.4850659668445587,0.514119565486908,0.0,0.38690460613279354,0.6130953938672065
52b4bb90-eaa7-4fdb-9e53-4b5d1e4ee569,3794685,1,0.7759028077125549,0.8478679665641102,,12.826952934265137,11.290753770446754,-1,0.0016478257020935416,0.4132659137248993,0.5850862264633179,0.0,0.4399372791247277,0.5600627208752723
4e109c0d-595f-4df2-b319-4134588d4ea5,3794685,1,0.20661799609661102,0.44064191939173414,,11.106975555419922,14.35739901899845,-1,0.007800454273819923,0.42906004190444946,0.5631395578384399,0.0,0.4847830965841655,0.5152169034158345
d88d2bac-d9eb-4690-847d-72a0357b7202,3794685,1,0.9692406058311462,0.9527346717857034,,16.417123794555664,12.09273052167987,-1,0.0007453307043761015,0.5277090668678284,0.47154563665390015,0.0,0.4987687011072778,0.5012312988927222
a58813fc-8773-4f63-9ed5-32da979d3eb4,3794685,1,0.9677540063858032,0.9903445649605243,,18.57173728942871,13.375294009676836,-1,0.0005417572683654726,0.5804261565208435,0.41903209686279297,0.0,0.4807589690205013,0.5192410309794987
9ecdc7b7-d97f-4b92-bee0-a0635912d141,3794685,0,0.004809097852557898,0.00046380917123953154,15.809491,13.268973350524902,11.1547550866507,2,2.9768254535156302e-05,0.20330455899238586,0.7966657280921936,0.0,0.27252135009801404,0.727478649901986
1ba0b62c-ffb3-4b91-8ab5-6226b0c34072,3794685,1,0.4574393033981323,0.6998254696446877,,15.560821533203125,15.79549693290718,-1,0.0034887827932834625,0.28600671887397766,0.7105045318603516,0.0,0.44175266197600904,0.558247338023991
dcffd908-483d-4955-9e10-cf24f5dc9684,3794685,0,0.0026906481944024563,0.0011517916167066192,9.208692,10.735706329345703,11.247459654358087,2,2.40003464568872e-05,0.34189870953559875,0.6580772995948792,0.0,0.38395208643338186,0.6160479135666181
ecd33ce4-f7d1-4caf-8a89-fa39c5e5fcc6,3794685,1,0.27421313524246216,0.5168837581746024,,12.165810585021973,14.462662751640222,-1,0.0011503961868584156,0.41713863611221313,0.5817109942436218,0.0,0.43338021296420537,0.5666197870357946
2cf16c9a-a44a-4208-9d65-2bd4ada7b731,3794685,1,0.14549610018730164,0.6660554434059225,,12.494742393493652,13.952169470363398,-1,0.0012574935099110007,0.4542557895183563,0.5444867014884949,0.0,0.4661291092262123,0.5338708907737877
b06ac408-178b-4c6b-ac22-b97f2ea226de,3794685,0,0.16904062032699585,0.5178418133467362,8.839118,11.810273170471191,13.852934948204767,2,0.006761731579899788,0.5209900140762329,0.47224825620651245,0.0,0.5884460459018676,0.41155395409813245
149c287a-4d34-4a30-94b2-fd349259d9f1,3794685,0,0.02029993385076523,0.004583392691319901,2.0099752,15.722251892089844,15.4296375530079,2,0.00026457454077899456,0.4218423366546631,0.577893078327179,0.0,0.40476555692877936,0.5952344430712206
9ceb9769-7a42-484b-b459-e4b3cf662284,3794685,1,0.40403613448143005,0.7499503753536559,,16.106674194335938,14.48159676982934,-1,0.004884521011263132,0.37181341648101807,0.6233020424842834,0.0,0.4930377222298641,0.5069622777701359
3c2de83e-9998-4610-bc6b-0403548b1a47,3794686,0,0.010502894409000874,0.0034593308034473113,30.40592,13.380451202392578,12.814536149468017,1,0.0005714266444556415,0.41589459776878357,0.5835340023040771,0.0,0.5621866533734954,0.43781334662650456
9fe1032a-8a62-41d9-bb0e-67dd0df9ca98,3794686,1,0.8156856894493103,0.823201698607514,,11.892778396606445,12.694375689398251,-1,0.0005875670467503369,0.48613476753234863,0.5132777690887451,0.0,0.6246677633219868,0.3753322366780132
9d9a41eb-6c12-4f7e-9c34-d9aa833fea53,3794686,0,0.10611820966005325,0.5797204127410867,19.46407,8.160003662109375,11.842711171789071,2,0.0011644393671303988,0.4792712330818176,0.5195643305778503,0.0,0.43501071637535016,0.5649892836246498
5ce9e696-da34-44ef-ba22-c63c1b104c7a,3794686,1,0.7336970567703247,0.81020533635731,,12.4820556640625,12.8852886334898,-1,0.0015826636226847768,0.650496244430542,0.3479210138320923,0.0,0.7017223352446056,0.29827766475539436
5a4cb529-34f9-4d6f-8f47-2efc3ae3de40,3794686,1,0.9712629914283752,0.717396897968161,,11.257939338684082,10.908261352194732,-1,0.0002551520592533052,0.6910818219184875,0.308663010597229,0.0,0.6444448659840241,0.35555513401597594
d9260414-0ba7-4450-8c08-60b049c46058,3794686,1,0.36142706871032715,0.33633099844807685,,12.329084396362305,13.648286766998329,-1,0.0017261264147236943,0.38192686438560486,0.6163469552993774,0.0,0.4500210827369937,0.5499789172630063
44cec3a3-0d68-4fa8-81fe-ac8ede21417c,3794686,1,0.9864794611930847,0.9931760097214659,,22.596698760986328,11.98100098664352,-1,0.00031655828934162855,0.6063306927680969,0.39335277676582336,0.0,0.3975109301047912,0.6024890698952088
db9d8a55-add1-4778-8d08-fa74715b7bc1,3794686,1,0.5941505432128906,0.7312160936577642,,14.75472640991211,14.574460883502768,-1,0.004758106544613838,0.4531545042991638,0.5420874357223511,0.0,0.27093296836614034,0.7290670316338597
7d612664-98c4-4ed1-bdc2-8417a86582ff,3794686,1,0.6396348476409912,0.8018494803976269,,17.619325637817383,15.576868798828887,-1,0.0013587289722636342,0.343840628862381,0.6548006534576416,0.0,0.35489801375324015,0.6451019862467599
873e847d-644d-4591-a431-6d31347e7ae1,3794686,0,0.48991838097572327,0.6558301831451208,6.3348246,13.269010543823242,16.31662379484377,1,0.0010346471099182963,0.29845696687698364,0.7005084156990051,0.0,0.3769157253845862,0.6230842746154138
6860f9fd-1d73-442e-b5ae-7365992fbdcf,3794687,1,0.3692961633205414,0.450844692648833,,12.034612655639648,15.240282987479667,-1,0.0029494324699044228,0.4457680583000183,0.551282525062561,0.0,0.27303505679539775,0.7269649432046023
cf3338b4-6f8f-43b1-9b1e-48f3b4417031,3794687,0,0.2558426260948181,0.3643962576571495,24.821362,17.747028350830078,14.568077769553689,1,0.0017441133968532085,0.3386968672275543,0.6595590114593506,0.0,0.20133100587464814,0.7986689941253519
aa88f218-4c7f-4fb8-8cd8-d6cb7d045e15,3794687,1,0.9968767166137695,0.9939134256872894,,16.694242477416992,13.895860853304239,-1,0.0002758218324743211,0.5381090044975281,0.46161511540412903,0.0,0.5531519227192665,0.4468480772807335
890a87cb-7902-4e47-bc19-cc05d01b0e3d,3794687,0,0.07116083055734634,0.2963097894045963,22.840534,10.710165977478027,10.559144009367394,1,0.0029818785842508078,0.5610408782958984,0.4359772205352783,0.0,0.5401259403079137,0.4598740596920862
6f568e48-afc2-4ea3-88c4-0fb83f71700e,3794687,1,0.2156391590833664,0.5985857059225643,,7.207487106323242,11.534201773496017,-1,0.0010374138364568353,0.5469433665275574,0.45201924443244934,0.0,0.43544576403326674,0.5645542359667333
8f0ecf8c-4f30-4f96-9b38-5a0c181987d1,3794687,1,0.707068145275116,0.5757556538530252,,20.436487197875977,15.676128366017487,-1,0.002746214624494314,0.34716716408729553,0.6500866413116455,0.0,0.28285932462283747,0.7171406753771625
7bc8acd4-2630-4c5e-a3bf-814a28f0d642,3794687,1,0.7818593382835388,0.7190355264426406,,19.373416900634766,18.283489370909543,-1,0.004535416606813669,0.49702081084251404,0.4984438121318817,0.0,0.5313710005789465,0.4686289994210535
7588d8a2-0742-43c7-af5b-bb2f1175095c,3794687,0,0.02076783776283264,0.0074508066448829005,10.511898,10.011099815368652,11.183113433620566,1,0.0005029324674978852,0.42155447602272034,0.5779426097869873,0.0,0.4720234024762594,0.5279765975237406
7321b10d-24e5-4ecc-b993-04a50ffc2dc2,3794687,1,0.9938526153564453,0.9892127112493455,,14.78722095489502,13.65372960983874,-1,0.0005471577169373631,0.6245630979537964,0.3748897612094879,0.0,0.6209832296888296,0.3790167703111704
ac060f29-3dc6-4fdc-b24c-c0b3305957ad,3794687,0,0.2784017324447632,0.29695271326196554,16.549622,12.276700973510742,10.25254455882917,2,0.0023102546110749245,0.5304368734359741,0.46725285053253174,0.0,0.5166265501086307,0.4833734498913693
340239b6-2cb7-4017-808a-0c9c9d14b9d9,3794687,0,0.03771304339170456,0.07124693184283466,10.462314,13.12509536743164,12.697421985253973,2,0.0009378400282002985,0.5262595415115356,0.4728025794029236,0.0,0.48548991824502485,0.5145100817549751
28ac9c40-a19b-4401-b6aa-feb8f765622e,3794687,1,0.7231125831604004,0.811392694363646,,20.49457359313965,15.731153840195773,-1,0.0041421339847147465,0.49299708008766174,0.5028607845306396,0.0,0.5227486797150411,0.4772513202849588
4c30bf0a-c592-482d-b4a8-0a08643b959d,3794688,1,0.32234707474708557,0.3213395658484383,,10.742103576660156,11.247826854937873,-1,0.0005257209995761514,0.6400898694992065,0.3593844175338745,0.0,0.49744223931369735,0.5025577606863026
58676687-1e59-409d-86b9-0dcb49f4dc34,3794688,0,0.001834523631259799,0.00014434682957868255,17.70226,13.28460693359375,11.513401159536429,2,5.4352589359041303e-05,0.25169453024864197,0.7482510805130005,0.0,0.20865450299206378,0.7913454970079362
1322b4f6-4ef1-41ca-b930-dc882a815e9b,3794688,0,0.004056450445204973,0.001097828330099289,1.7464249,12.853879928588867,11.642885518609782,1,0.00017539925465825945,0.4274584650993347,0.5723661780357361,0.0,0.4333336572569002,0.5666663427430998
f23446fe-0584-41de-8998-0a416b9ae354,3794688,0,0.18069928884506226,0.19208021664659403,11.684606,13.5621337890625,16.10938133230427,2,0.0017136300448328257,0.24400244653224945,0.7542839050292969,0.0,0.33862833415333715,0.6613716658466628
638d8645-8568-42e4-abbe-b3e72bd5403f,3794688,1,0.9993534684181213,0.9926896759960073,,31.889400482177734,13.905575866335292,-1,2.4613465939182788e-05,0.5304602384567261,0.46951520442962646,0.0,0.6597999824923257,0.3402000175076743
c086339b-63a6-421b-85f5-47d657310093,3794688,1,0.6179478168487549,0.5507194326393142,,18.25705337524414,15.811525660022149,-1,0.001048156525939703,0.26066768169403076,0.7382841110229492,0.0,0.3846715875653638,0.6153284124346362
33f1d0df-3beb-4f4f-b867-76cb6ad9b381,3794688,1,0.5674182176589966,0.7137326652345555,,16.127912521362305,16.12928114029229,-1,0.00125016865786165,0.22164687514305115,0.7771029472351074,0.0,0.23173139713919033,0.7682686028608097
2c4a4cec-a2b3-4742-8d20-294678a8225c,3794688,1,0.6723721027374268,0.7253147413411672,,15.265825271606445,15.682569407603626,-1,0.0013321551959961653,0.3550736904144287,0.6435940861701965,0.0,0.364802023255115,0.635197976744885
86e352c4-f08e-46da-a1a1-a3a1bd07bdef,3794688,1,0.9649909138679504,0.8688766924219007,,27.822166442871094,15.279595359657048,-1,0.0001927509147208184,0.43387389183044434,0.565933346748352,0.0,0.2966468722153812,0.7033531277846188
d2bcda9d-05d2-4218-91cb-3c2ef137e1aa,3794688,0,0.01601734384894371,0.0016572376558459288,30.846231,10.471892356872559,13.027816513825476,2,0.0007890310953371227,0.4116266667842865,0.587584376335144,0.0,0.4350230738640489,0.5649769261359511
09ed9789-86c5-491f-a827-ec7ab60b01d7,3794688,1,0.8689600229263306,0.893706908010286,,16.62708282470703,15.869346223916974,-1,0.0014154564123600721,0.5342483520507812,0.46433624625205994,0.0,0.5199875847500942,0.4800124152499058
4e4267c2-78de-427c-97c2-5057f9bb6dc9,3794689,0,0.011822274886071682,0.0021406226515455736,18.813826,13.363578796386719,12.802843574663221,2,0.00027729044086299837,0.4465157389640808,0.5532069802284241,0.0,0.22481240315156814,0.7751875968484319
5ac0ac17-88ef-49b3-93be-7060f9f51083,3794689,0,0.006069200579077005,0.002193444242267215,16.62077,13.550070762634277,13.639455281327507,2,0.0003979251196142286,0.41847479343414307,0.5811273455619812,0.0,0.4362984465432793,0.5637015534567207
e590cfe8-acc8-404f-837b-61a73044da35,3794689,1,0.4781199097633362,0.7816263261042581,,16.207477569580078,9.8289537159917,-1,0.0016643106937408447,0.47600120306015015,0.5223344564437866,0.0,0.4647423716787593,0.5352576283212407
abdd8bc9-9a37-4493-b000-f57c867a09b0,3794689,1,0.44491466879844666,0.5774948281203679,,10.635957717895508,9.397394660511438,-1,0.0005673601408489048,0.5868983864784241,0.41253426671028137,0.0,0.5234606811881266,0.47653931881187334
f5290ce2-9a0b-4141-b016-22eb250767d2,3794689,0,0.30615925788879395,0.563332188272513,32.177166,16.11269187927246,12.858335970464509,2,0.000959037512075156,0.5626903772354126,0.43635058403015137,0.0,0.6126369266861287,0.3873630733138714
4c7742e1-d00d-4ccd-aebe-c1b1ea69ced6,3794689,0,0.6721958518028259,0.43098006273769845,37.42526,21.641637802124023,11.81579571471727,2,0.0027918494306504726,0.5959061980247498,0.40130195021629333,0.0,0.5573302304619387,0.4426697695380613
2c211926-386f-4a63-9ef7-4d8728f997fd,3794689,1,0.7050648331642151,0.7821638206906917,,16.801334381103516,19.187863368295947,-1,0.0026191819924861193,0.3422688841819763,0.6551119089126587,0.0,0.3587790262702223,0.6412209737297777
ce351268-fde8-413d-a855-cb8b0da69a0e,3794689,1,0.9450975060462952,0.9037001014439047,,14.229759216308594,11.886473710225236,-1,0.00022302227444015443,0.5560341477394104,0.4437428116798401,0.0,0.6172509535316915,0.38274904646830854
dd972352-b570-48c7-b0ef-3734af09222e,3794689,1,0.6020578742027283,0.5675421643719216,,13.574613571166992,16.562130363524403,-1,0.0026831531431525946,0.4732680022716522,0.524048924446106,0.0,0.4643618471560479,0.5356381528439521
3e87c8f6-de71-42bd-91f0-a8d1aac71ddf,3794689,0,0.022722316905856133,0.004413794998011725,14.182384,10.229305267333984,13.640923848372319,2,0.0005096938693895936,0.4071435034275055,0.5923467874526978,0.0,0.285807840134938,0.714192159865062
c88d46b6-e516-4b26-9d0f-082695503ba8,3794689,1,0.731660783290863,0.6904951724176068,,12.429747581481934,15.159117402511107,-1,0.0030061311554163694,0.4497266411781311,0.5472671985626221,0.0,0.2455149733250187,0.7544850266749813
dda91203-0151-4d08-87be-20c51ff62dd5,3794689,1,0.7264455556869507,0.7813536822480984,,11.024231910705566,13.179110064053202,-1,0.0023566626477986574,0.45387062430381775,0.5437726378440857,0.0,0.502109537462624,0.497890462537376
32997dcf-6dc0-4f14-824f-7cc95b5efcc8,3794689,1,0.9966000914573669,0.9897655098448103,,20.595495223999023,12.967109291181657,-1,0.0002169516374124214,0.533358097076416,0.4664249122142792,0.0,0.610748929941833,0.38925107005816695
7d132705-da24-4f97-9dbe-68652854097c,3794689,1,0.9969026446342468,0.9867727915871536,,19.132352828979492,14.39563846899884,-1,0.00021478436246979982,0.5436512231826782,0.45613399147987366,0.0,0.6229913536739797,0.3770086463260203
48165413-70e2-4cd9-ae44-82b2759477db,3794689,0,0.003581319935619831,0.0008162721164399751,8.827797,10.462618827819824,10.673488924844111,1,7.56742520025e-05,0.47198691964149475,0.5279374122619629,0.0,0.3235258595001719,0.6764741404998281
e8720c7a-d65d-47a9-982b-d07cd6910100,3794690,0,0.31328853964805603,0.1640728708520758,13.991783,13.86595630645752,10.779411676784392,2,0.0016452744603157043,0.3499484658241272,0.6484062671661377,0.0,0.456565091209573,0.543434908790427
95addfcd-cf0c-4f9d-ad2b-5ea3b6fbe7e5,3794690,0,0.18480432033538818,0.05336660238372714,13.700365,10.076898574829102,9.807754779274749,1,0.0013744253665208817,0.29016613960266113,0.7084594368934631,0.0,0.2807112184411603,0.7192887815588397
0ea0d020-a227-45da-9ece-bd7d9b61fe42,3794690,1,0.2597067356109619,0.15466166893970462,,15.17546272277832,11.859368554093813,-1,0.0025202876422554255,0.35672760009765625,0.6407520771026611,0.0,0.27741525586049653,0.7225847441395035
b6ff70cb-febd-45da-9ed9-c55c944e6c68,3794690,0,0.013465818017721176,0.003587343050271969,8.5,10.427249908447266,9.204891944739034,1,0.0002503030118532479,0.3847864866256714,0.614963173866272,0.0,0.44258348775431455,0.5574165122456854
49eb5ba6-d3c2-41c2-842f-9c17f7f3a246,3794690,1,0.8065706491470337,0.928943203661007,,17.32768440246582,15.392122984546589,-1,0.002369494875892997,0.3316219449043274,0.6660085320472717,0.0,0.4484323865359011,0.5515676134640989
7c488181-bf8d-4ec6-9b00-f7cce9a3519f,3794690,0,0.09740238636732101,0.05254293624571772,11.101802,13.138812065124512,12.630957148610475,2,0.0010129872243851423,0.45682281255722046,0.5421642065048218,0.0,0.4781762190875777,0.5218237809124223
8d779fc6-03f1-41fd-9b75-9d6c487ea7fe,3794690,1,0.22708547115325928,0.16284750291864078,,13.483596801757812,10.85000444572587,-1,0.0006455217371694744,0.349181592464447,0.6501728892326355,0.0,0.44905930612969236,0.5509406938703076
8c5e1a8b-26d0-48da-87a1-9bd40222e3d5,3794690,0,0.0509786419570446,0.09332377642319213,15.06851,7.953685760498047,9.547061503554255,2,0.0005584692116826773,0.4633994996547699,0.5360420346260071,0.0,0.24821030624975193,0.7517896937502481
266d76ca-9485-452b-bd17-4f304131cf15,3794690,1,0.3213719427585602,0.24622077433703848,,13.061511993408203,9.79027639679273,-1,0.0006812225328758359,0.36943739652633667,0.6298813819885254,0.0,0.2792680871981109,0.7207319128018891
23679407-cd3e-4072-8a65-2f2e05494c04,3794690,0,0.02917424775660038,0.006674040561168901,18.999474,7.096670150756836,8.608300638573239,1,0.0004969056462869048,0.5067125558853149,0.4927905201911926,0.0,0.43759282417108347,0.5624071758289165
4cb4ff38-1c19-45f5-8240-4055dd275b94,3794690,1,0.48720064759254456,0.44455455516476516,,14.826376914978027,15.079178243894287,-1,0.003811286296695471,0.3525508642196655,0.6436378359794617,0.0,0.46995018467424887,0.5300498153257511
79ab2af5-0799-47b5-8a28-9acb158b45d7,3794690,1,0.9881168603897095,0.8901853584991772,,11.754703521728516,13.209606124197215,-1,0.0002105007879436016,0.3080040216445923,0.691785454750061,0.0,0.33757880478351476,0.6624211952164852
e70a96a3-3caf-4041-9a74-723f944995e5,3794690,0,0.016613919287919998,0.0038148857810137524,5.420332,15.249963760375977,12.098436853095832,2,0.00038687465712428093,0.46132752299308777,0.5382856130599976,0.0,0.4220094229737762,0.5779905770262238
a65fff88-acf4-418a-9e4a-a0b212b35752,3794690,1,0.9024366736412048,0.6227338577278057,,10.562474250793457,9.094296143612066,-1,0.000450492138043046,0.3329806625843048,0.6665688753128052,0.0,0.3380908348185544,0.6619091651814456
469e342a-e752-4bfb-86c4-916ec6177e08,3794690,1,0.9990910291671753,0.999706834793002,,10.703885078430176,10.539120483284893,-1,2.0633144231396727e-05,0.26453614234924316,0.7354432344436646,0.0,0.8067192887972715,0.19328071120272847
12fb6ba6-49cf-49de-b724-548b886148f2,3794690,1,0.1274319291114807,0.0368390386202335,,9.12364387512207,9.70574324821455,-1,0.001106320065446198,0.5381166338920593,0.46077701449394226,0.0,0.45345906974524053,0.5465409302547595
e01c2787-5b12-45d3-8a38-d029dfccf715,3794690,0,0.7419793605804443,0.7546575300417004,9.008884,12.097596168518066,11.509683130330366,1,0.0010219324612990022,0.28036078810691833,0.71861732006073,0.0,0.4609255277547424,0.5390744722452576
0f697578-1763-4c24-98f9-8a5d9cd0791e,3794690,1,0.7244938015937805,0.5637512261514149,,18.038679122924805,11.719049418357688,-1,0.0004054729361087084,0.28727781772613525,0.7123167514801025,0.0,0.3664199429607642,0.6335800570392358
c259fb41-d449-40f8-a743-cd3994e9c967,3794690,0,0.050058573484420776,0.027844100928808495,25.110357,14.608477592468262,12.665034751714725,2,0.0006405752501450479,0.44247493147850037,0.5568844676017761,0.0,0.3413882453974427,0.6586117546025573
88fc06bc-6e03-4ff2-93e8-106f3929262d,3794690,1,0.7905959486961365,0.7875350407637941,,12.720538139343262,14.844912812379578,-1,0.0019124492537230253,0.33656013011932373,0.6615273952484131,0.0,0.27022103436077693,0.7297789656392231
592b99b0-dbf7-4113-8dfb-87ac3d79193a,3794690,0,0.009226175956428051,0.002049153610756865,9.527329,14.722347259521484,14.647011983803692,1,0.00027937584673054516,0.42423927783966064,0.5754812955856323,0.0,0.4407504643631226,0.5592495356368774
f4317c27-2d41-46c7-9d98-1daf25b68ffc,3794690,1,0.932437002658844,0.9138490409956527,,15.435173034667969,16.233748761027122,-1,0.0006465738988481462,0.31427842378616333,0.685075044631958,0.0,0.3765305274858587,0.6234694725141413
f4db476b-4bf4-48cf-980f-5dc3b82c898c,3794690,1,0.9348556995391846,0.7826584564408904,,11.737366676330566,13.663822117630874,-1,0.0010855684522539377,0.3837331533432007,0.6151812672615051,0.0,0.39096816951999624,0.6090318304800038
e66d0d1f-fd0b-4698-834f-3d6580b5d795,3794690,1,0.5476201176643372,0.5738270741729512,,15.170333862304688,16.63242023196682,-1,0.0010540471412241459,0.27312687039375305,0.7258191108703613,0.0,0.29817644630064366,0.7018235536993563
cad7d860-fe66-494f-9e1a-694075c7e1cc,3794690,0,0.011972182430326939,0.001409441904247914,5.813777,9.809697151184082,8.134533358345399,2,0.0001761807652655989,0.31973791122436523,0.6800858974456787,0.0,0.24927787259892542,0.7507221274010746
1835eecb-20c5-470b-91f6-3e62f1a4f1cc,3794691,1,0.997012734413147,0.9960125435795765,,13.858688354492188,10.859090597527809,-1,0.00011510642798384652,0.7607128620147705,0.239172101020813,0.0,0.81216785258261,0.18783214741738996
7e29ada6-09fb-45d2-86db-a7510e8f6593,3794691,0,0.0024627563543617725,0.002449263764540666,11.894957,10.550086975097656,12.371727955324628,2,6.585173832718283e-05,0.3812970817089081,0.6186370253562927,0.0,0.37604249182083516,0.6239575081791648
c5d38bc0-8ab8-475b-a56d-a55b1c166b45,3794691,0,0.5123704671859741,0.6047933625651404,1.9416488,13.99710750579834,12.173862797790479,2,0.001733501791022718,0.32248520851135254,0.67578125,0.0,0.5438539144829102,0.4561460855170898
a86aa2cd-2912-40a1-a41e-399987bca98a,3794691,0,0.3123971223831177,0.2193504763181613,1.0770329,13.961748123168945,12.97894467077922,2,0.0007507874979637563,0.21640345454216003,0.7828457355499268,0.0,0.22773664398724058,0.7722633560127594
e181b589-c53c-4ac0-9369-070a3e91ff87,3794691,0,0.010822195559740067,0.004556364361614747,12.00375,14.08464241027832,11.939254692422725,2,0.00013747764751315117,0.2982763648033142,0.7015861868858337,0.0,0.43190620170873306,0.5680937982912669
2b8bb413-0f70-4ec7-a715-f1dda0326b19,3794691,0,0.034335535019636154,0.023738232269484082,27.549591,9.732135772705078,11.134888785706757,2,0.00026114023057743907,0.34854602813720703,0.6511929035186768,0.0,0.4718575584458867,0.5281424415541133
317fce03-2c61-4cef-a8c8-78486954df96,3794691,1,0.3119622766971588,0.3223228728215802,,14.46037483215332,14.07620003590317,-1,0.002736390335485339,0.3632385730743408,0.6340250372886658,0.0,0.3544587204827033,0.6455412795172967
3b408e2a-563e-451d-8ca2-9b4988f0c87e,3794691,1,0.20215629041194916,0.2200098819931211,,17.69384002685547,17.357202389636637,-1,0.0013744430616497993,0.26955902576446533,0.7290666103363037,0.0,0.3696157922464144,0.6303842077535856
7d2c9d1b-c37b-4071-8f4e-1c806a8a27be,3794691,1,0.9961917400360107,0.9962080608822692,,13.983527183532715,13.48295214973659,-1,0.00018983946938533336,0.7371550798416138,0.262655109167099,0.0,0.3569792758117313,0.6430207241882687
5dd40998-44a3-4b90-b2f0-89b73d7c7fd1,3794691,0,0.013997819274663925,0.007543926271766592,19.836582,13.285820007324219,12.094264779589173,1,0.00023260782472789288,0.3035637438297272,0.6962036490440369,0.0,0.3296718531031263,0.6703281468968737
7b56123b-e2ba-4da3-8aa9-a782ed219510,3794691,1,0.9315791726112366,0.8999612183773694,,14.576963424682617,16.018193166434518,-1,0.0009375054505653679,0.46032753586769104,0.5387349724769592,0.0,0.3247533055088927,0.6752466944911073
0be4afdf-07c6-4653-84da-84ff46a6362d,3794691,0,0.3142572343349457,0.2063010794147221,8.561542,9.024081230163574,12.422916486910777,1,0.0010240318952128291,0.37682321667671204,0.6221528053283691,0.0,0.27980174802825886,0.7201982519717411
1dcf769e-6016-44ad-bd7e-402397211011,3794691,0,0.6263990998268127,0.6844491046240796,19.204426,12.401440620422363,15.379180051560592,1,0.0036327026318758726,0.39128386974334717,0.6050834059715271,0.0,0.2761271292753825,0.7238728707246175
6f4a847b-63ae-44c4-999d-e7143f13e988,3794692,1,0.8812466263771057,0.8956383087602169,,14.446403503417969,11.951888103808125,-1,0.0016067610122263432,0.3930358588695526,0.6053574085235596,0.0,0.5220671066637823,0.4779328933362177
46cb3e8a-621f-4206-b7ff-210e76ee095a,3794692,0,0.39215919375419617,0.31213503464867903,12.876335,15.420555114746094,13.463511211414103,2,0.0032295268028974533,0.4216393530368805,0.5751311182975769,0.0,0.4395972785746096,0.5604027214253904
8376b7fc-4662-4554-8fab-8c304767cda2,3794692,1,0.2761252522468567,0.13115500807237696,,14.232573509216309,13.39668407395009,-1,0.0010070999851450324,0.25271934270858765,0.7462736368179321,0.0,0.24256148053744397,0.757438519462556
a49a610b-bcc3-4ae9-8828-ba48b65dc8f5,3794692,0,0.1623966246843338,0.19327129677971344,25.319756,13.516560554504395,12.477520303102358,2,0.001736741978675127,0.3539370000362396,0.6443263292312622,0.0,0.4497282485160766,0.5502717514839234
1196f6d0-0c6b-46fc-a646-4070089f7fae,3794692,0,0.17960946261882782,0.20665428777984216,4.428318,13.471382141113281,14.047533425449764,2,0.0013191994512453675,0.2388458251953125,0.7598350048065186,0.0,0.2345013013893159,0.7654986986106841
2a25fefc-c004-4ba7-b7a6-076b98078f4c,3794692,1,0.6263586282730103,0.8144285829499281,,18.427499771118164,14.629475689663876,-1,0.0006423219456337392,0.2860734760761261,0.7132841944694519,0.0,0.44126985664826246,0.5587301433517375
4abc35ce-1a68-4123-ba5f-8e7f0a1f4d17,3794692,1,0.8312695622444153,0.9782248557358844,,19.38905906677246,19.920951811059137,-1,0.0003863149613607675,0.20428131520748138,0.7953323125839233,0.0,0.14054425142498694,0.8594557485750131
9f2a7ff8-c803-4119-8dd9-9aec6192eccc,3794692,1,0.3755737245082855,0.43744725686722585,,18.445850372314453,12.979553766248538,-1,0.0006603607325814664,0.23929184675216675,0.7600477933883667,0.0,0.23605701272721236,0.7639429872727876
11059ed7-a02c-4bf2-87d6-f538256cfdbb,3794692,0,0.0078096454963088036,0.011053769500569773,5.3084836,10.910374641418457,9.28960079603049,1,0.00028685442521236837,0.47769635915756226,0.5220168232917786,0.0,0.7221568025471288,0.27784319745287117
8e8c2779-6c4b-453a-baf5-98517c3ca9ad,3794692,0,0.02841758169233799,0.005089393338284835,24.848541,14.628540992736816,13.494782896465471,2,0.0006976790027692914,0.5360704660415649,0.46323174238204956,0.0,0.6528995019851764,0.3471004980148235
c67c2404-feb1-4a6a-aa2f-05ec14d9ad83,3794692,1,0.9922313690185547,0.9702733656727337,,26.6121826171875,15.585789349540999,-1,0.00011162589362356812,0.3537319600582123,0.6461564302444458,0.0,0.6226586224435738,0.37734137755642616
e930cbb7-c31d-40df-8fcc-0fae5e5e5b50,3794692,1,0.5564984083175659,0.7367552113580443,,14.247790336608887,14.989157154565323,-1,0.001566217397339642,0.3170474171638489,0.681386411190033,0.0,0.39828405230980957,0.6017159476901904
a7322bbe-f31a-4ee9-9738-ed5252054b8b,3794692,1,0.4248906672000885,0.4845300458724135,,14.492554664611816,15.699434766854502,-1,0.0007059572963044047,0.18400001525878906,0.8152939677238464,0.0,0.14488487060663624,0.8551151293933638
ed434ed2-a30c-4b67-a773-11cc930977e7,3794692,1,0.6220255494117737,0.7365583726788781,,18.588953018188477,13.43029982111378,-1,0.0012424304150044918,0.37303122878074646,0.6257264018058777,0.0,0.4853808207468321,0.5146191792531679
f2c6a26b-dd9e-4c56-a301-58645d1fad69,3795107,0,0.031306661665439606,0.03521510064684366,11.101802,11.561912536621094,9.590458742870235,1,0.0005994239472784102,0.5172132849693298,0.48218730092048645,0.0,0.6429248430925893,0.3570751569074106
0b96f404-2b45-41d3-977c-bf27eb3b80b6,3795107,0,0.03197292611002922,0.006386566657053706,9.047099,8.074248313903809,7.8283106920498575,2,0.00020179730199743062,0.38915446400642395,0.6106436848640442,0.0,0.371254165313593,0.628745834686407
ee5edfb1-4bf1-4164-a673-0a24e9703de2,3795107,1,0.2315690666437149,0.36493370998494634,,10.08005142211914,9.189531544175296,-1,0.0017293846467509866,0.37114235758781433,0.6271282434463501,0.0,0.3520207125961772,0.6479792874038228
4238b014-05a3-4626-826b-197a6ee3a723,3795107,0,0.5255069732666016,0.9378912215137446,22.351734,12.789613723754883,13.685232224981199,1,0.003743706736713648,0.3956887125968933,0.6005675196647644,0.0,0.5310342730365305,0.4689657269634695
29835e6c-290f-4200-9e8c-976f08ca3fb7,3795107,1,0.3485005795955658,0.6159240956119588,,16.379138946533203,16.879175105711198,-1,0.001996842911466956,0.27394458651542664,0.7240585684776306,0.0,0.3405604245462862,0.6594395754537138
480b490a-16f1-471a-ae90-3e7c86cfcf1c,3795107,1,0.43733617663383484,0.5778693250133474,,18.42047882080078,16.130813970138533,-1,0.0010580332018435001,0.24534131586551666,0.7536006569862366,0.0,0.2763464882630162,0.7236535117369838
fc88e42e-2664-41b8-975a-eaa4c8d70c3d,3795107,1,0.5184945464134216,0.7376799512582426,,10.551998138427734,13.925616679701019,-1,0.0014155464014038444,0.3812648057937622,0.617319643497467,0.0,0.29364834156831765,0.7063516584316823
69d13fd0-9aa4-4121-9b14-973cf3be0d42,3795108,1,0.9130168557167053,0.7999090927279514,,12.58003044128418,13.580208923611666,-1,0.00017143228615168482,0.6323981881141663,0.3674304187297821,0.0,0.5970828479957129,0.4029171520042871
5d846a41-3b27-4815-938f-ed8bc6af804c,3795108,1,0.5274531245231628,0.42742499984162113,,11.370148658752441,16.775631718356458,-1,0.0068490407429635525,0.47699397802352905,0.5161569714546204,0.0,0.3673876334530981,0.6326123665469019
aa3b8b6a-9023-4b1c-8f84-818a2c562883,3795108,1,0.9985339641571045,0.9986237580633547,,26.579029083251953,14.501746857005337,-1,5.024539495934732e-05,0.6291429996490479,0.3708067834377289,0.0,0.9430505032526064,0.05694949674739362
228f8694-669b-48b1-828a-f8df8e2034b7,3795108,1,0.9981971383094788,0.993443820672679,,33.70292663574219,13.615914755871746,-1,4.689369961852208e-05,0.4867691099643707,0.5131840705871582,0.0,0.6966044504203626,0.3033955495796374
c9c386d5-91eb-4a64-9383-96fef92903bd,3795108,0,0.5139926671981812,0.504891251657491,25.122301,18.338180541992188,17.392199989126443,1,0.00029217591509222984,0.295718252658844,0.703989565372467,0.0,0.38461059822451493,0.6153894017754851
60e519ec-c8cc-4abe-b953-88f476639d21,3795108,0,0.006900445558130741,0.0038521488777098723,15.161135,10.887845993041992,12.404976712484919,2,0.00034885271452367306,0.38521847128868103,0.6144327521324158,0.0,0.4684066029389218,0.5315933970610782
05c67c38-929a-4155-bef8-d72ffe4dec11,3795108,0,0.017622647807002068,0.0048353837835883465,16.945206,10.363728523254395,10.714722494110832,2,0.00029448900022543967,0.38542088866233826,0.6142846345901489,0.0,0.3881213513924602,0.6118786486075398
d5d51a4b-d724-4159-9c18-d8c9b71776d6,3795108,1,0.5612594485282898,0.4502278918912796,,16.698928833007812,16.37191272396399,-1,0.003160350490361452,0.29350024461746216,0.7033393979072571,0.0,0.306682649572144,0.693317350427856
c9c0ca61-67a0-4966-8b32-84588dfe015d,3795108,1,0.6605047583580017,0.48323452780155157,,18.246261596679688,14.439346691699802,-1,0.0012784963473677635,0.4059605002403259,0.5927610397338867,0.0,0.23136747911846733,0.7686325208815327
de2eb1d5-2e33-4f31-af0d-451ab0250c90,3795108,0,0.15675124526023865,0.01843434067021136,8.1,11.524367332458496,12.40698342974853,2,0.002369226887822151,0.42729631066322327,0.5703344345092773,0.0,0.218529159632191,0.781470840367809
442c7fdc-3610-464c-9169-1f6f0e711eed,3795108,1,0.512468695640564,0.5921666884912961,,13.130359649658203,14.102571288440464,-1,0.0009663067758083344,0.28965750336647034,0.7093762159347534,0.0,0.3705088686092559,0.6294911313907441
c2b96c2b-bdb9-4716-b087-0ddf41d512be,3795109,1,0.08568667620420456,0.13339424787237728,,11.362532615661621,13.27026479624745,-1,0.0008639717125333846,0.24595408141613007,0.7531819939613342,0.0,0.37243738137281046,0.6275626186271895
66d62f38-a497-46db-9348-a0d242ca3857,3795109,0,0.030349571257829666,0.013799761699336811,7.256721,9.603158950805664,9.594714253671524,2,0.0006769950268790126,0.5898971557617188,0.40942591428756714,0.0,0.4506977540838555,0.5493022459161445
624d8ab5-c730-4d84-97e2-39b2b8cc10c8,3795109,0,0.3652089536190033,0.5746171357847184,30.147968,16.164749145507812,16.52181366321305,1,0.001138614839874208,0.2295263409614563,0.7693350911140442,0.0,0.30511058830642224,0.6948894116935778
bbd01fbe-cee7-4e8a-9424-22f4528b6377,3795109,0,0.01339599397033453,0.018033386507897674,40.112343,7.502921104431152,7.901368564286791,2,0.00024959506117738783,0.6560103893280029,0.34373998641967773,0.0,0.6712745476897967,0.32872545231020334
16e564d4-add5-4fd9-903b-9ad1d809614a,3795109,1,0.07063800096511841,0.22550884299478866,,14.646671295166016,13.18297894294636,-1,0.0007004532380960882,0.33079829812049866,0.6685011982917786,0.0,0.417721064767985,0.582278935232015
9e2ae8e9-6ff6-41a7-afa3-d8c800d6784e,3795109,0,0.26558172702789307,0.517762358207331,9.394147,13.472585678100586,11.02161222845528,1,0.0026986473239958286,0.38472557067871094,0.6125757694244385,0.0,0.518145345132575,0.4818546548674249
0c67feb1-3966-4169-91ee-3224bde46cb8,3795109,1,0.14039567112922668,0.08341766179748739,,15.822490692138672,14.148426025140168,-1,0.0019920780323445797,0.35029810667037964,0.647709846496582,0.0,0.39179676563201504,0.608203234367985
626a1d59-9d28-4ff7-a7f0-94597fdae9f0,3795109,1,0.9932496547698975,0.9944258968841367,,20.914581298828125,10.105424589737567,-1,0.00010364621266489848,0.6130630970001221,0.3868332803249359,0.0,0.7235663591822902,0.2764336408177098
3e5c715b-dfb6-481b-8417-23d58dffee94,3795109,1,0.8701280951499939,0.895148929728383,,14.870325088500977,13.103557864615887,-1,0.0019538821652531624,0.4579208195209503,0.5401253700256348,0.0,0.48777866172377937,0.5122213382762206
2f849711-3cca-4673-abca-3d10f8c352d4,3795109,0,0.25370022654533386,0.21023580167733408,23.547823,18.11701774597168,13.148820219771949,2,0.0005430110031738877,0.2987523674964905,0.7007046341896057,0.0,0.3738182315349152,0.6261817684650848
9cf16383-5a6c-43ac-af2e-627efbb72e3e,3795109,0,0.04012362286448479,0.004613444786124314,16.727522,6.3030900955200195,12.162466009836747,2,0.000713037617970258,0.7445979714393616,0.25468894839286804,0.0,0.28766121150216006,0.7123387884978399
030f4744-eda8-4e50-adff-5b0117e5dbd2,3795109,1,0.980370044708252,0.8712111288743339,,21.962785720825195,13.81234824535298,-1,0.0002463384880684316,0.38499972224235535,0.6147539615631104,0.0,0.4816204589501222,0.5183795410498778
7c501eb2-430b-41a0-a03b-66a7e42d3ce5,3795109,1,0.1670527458190918,0.31416285326667476,,11.836532592773438,12.427682729245852,-1,0.0008832304156385362,0.24692176282405853,0.7521950006484985,0.0,0.27546516281635747,0.7245348371836425
157afc02-1ae7-4b97-bacd-4c15a8bd4c5d,3795109,0,0.0067270249128341675,0.0030534308039432047,21.308449,12.1746187210083,12.514415732871475,2,0.000258145882980898,0.43156570196151733,0.5681761503219604,0.0,0.39440659720687965,0.6055934027931204
adeb4f4e-8e9b-48fe-b6c8-be41cde861b8,3795109,1,0.30504313111305237,0.24307439892675992,,16.81795310974121,17.609472105184516,-1,0.001006659702397883,0.2501703202724457,0.7488229870796204,0.0,0.2006649067595857,0.7993350932404143
ca0ceddc-1358-475f-a31e-ffe180b442cd,3795109,0,0.008110848255455494,0.0016675482194991429,10.781466,9.905985832214355,8.643183302796599,2,0.0003290390013717115,0.33093854784965515,0.6687324047088623,0.0,0.3092604955280954,0.6907395044719046
637b07e8-0f65-4bc9-b35f-71368589e65b,3795109,0,0.008173637092113495,0.00063378552119209,8.823265,9.218001365661621,8.5555709930698,1,0.00019143692043144256,0.30890750885009766,0.6909011006355286,0.0,0.2093768710881425,0.7906231289118575
3183cc68-bd9f-47c4-ba58-2758da1767d1,3795187,0,0.9889638423919678,0.9993674872333145,16.76723,11.516337394714355,9.715629060170132,1,0.00018968725635204464,0.4727202355861664,0.5270900726318359,0.0,0.9290542020640647,0.07094579793593521
a93c72c3-e5dd-4c10-888d-47f537a04ae4,3795187,0,0.07899520546197891,0.008290174313204744,16.892899,13.986852645874023,14.238727696450793,2,0.0008748070104047656,0.5110296607017517,0.4880954921245575,0.0,0.5151522927183152,0.48484770728168475
5ca9afc0-2e18-4a25-a037-d52563acaaed,3795220,0,0.04569010064005852,0.040163967228131564,7.566373,10.328313827514648,8.418410595005692,1,0.001394703984260559,0.4616522490978241,0.5369530320167542,0.0,0.5290262378606664,0.4709737621393336
59eda89e-fb54-49a9-8648-57ea957f0263,3795220,0,0.016079207882285118,0.02416228622999816,25.609568,11.624393463134766,14.342237489653504,2,0.0002479551767464727,0.3959554433822632,0.6037966012954712,0.0,0.4827408932467422,0.5172591067532578
9601c116-05b0-4dd1-8288-1b29487d410f,3795221,1,0.7652982473373413,0.714050069031714,,13.172811508178711,13.320178416520713,-1,0.0011296292068436742,0.3850809335708618,0.6137893795967102,0.0,0.40123540917029266,0.5987645908297073
d5413ceb-e216-44e0-b1d0-444c52959fe6,3795221,0,0.004997075069695711,0.0013361606670817113,33.116913,9.555378913879395,10.316577709726028,2,0.00010673946235328913,0.38500094413757324,0.6148923635482788,0.0,0.24549218564329112,0.7545078143567089
3255fce3-fae3-4440-91c8-89bb19cc4d38,3795221,1,0.8539052605628967,0.7937845530098758,,13.6686429977417,10.842371862294884,-1,0.0014702868647873402,0.47934943437576294,0.5191802382469177,0.0,0.49247322529759574,0.5075267747024043
b3b1d24f-2921-4f71-9dfe-b30c4e0971b3,3795221,1,0.9974501729011536,0.9715907112604039,,17.614572525024414,13.362018900033297,-1,7.05059283063747e-05,0.637840986251831,0.36208847165107727,0.0,0.5323466801745846,0.46765331982541536
ad7f7cde-2682-4e9e-8a13-e0ef551d7019,3795221,1,0.5663853883743286,0.5939714113456598,,19.829416275024414,19.18670939544697,-1,0.003300872165709734,0.38016554713249207,0.6165335774421692,0.0,0.4209368141838915,0.5790631858161085
f57da0d6-7aa9-4d89-817f-319022c7f1f6,3795221,0,0.031196050345897675,0.01687209275158336,10.636729,11.931702613830566,13.210598390220003,2,0.0005226369248703122,0.37934619188308716,0.6201311349868774,0.0,0.4714604618805476,0.5285395381194524
869d75fa-97bd-4b91-8fbf-4c807af4b183,3795221,0,0.005524470936506987,0.0004186120573885807,12.010828,10.95447063446045,12.208003248422743,2,0.0001551406312501058,0.373033732175827,0.626811146736145,0.0,0.3769790411349222,0.6230209588650778
623d52ef-3d26-40c2-8b9c-55c2400f3be1,3795221,1,0.2748776078224182,0.14676691362234046,,21.357690811157227,17.968642957990525,-1,0.003558520693331957,0.35271480679512024,0.6437267065048218,0.0,0.5036936611063215,0.4963063388936785
c7357413-3489-4c49-a588-266d2762b339,3795221,1,0.8182657361030579,0.9082074589872313,,20.319040298461914,13.324030218544241,-1,0.0029468925204128027,0.34095340967178345,0.6560996770858765,0.0,0.4634777798375195,0.5365222201624805
23a96b40-bec3-4897-a53d-79df3457f304,3795221,1,0.9656531810760498,0.8917275868955395,,12.77868938446045,15.273359231596885,-1,0.00046818226110190153,0.4630521833896637,0.536479651927948,0.0,0.33290968427203904,0.667090315727961
6beb4409-54ce-47f7-99b2-542de3b0d799,3795221,1,0.9979094862937927,0.9967542489087674,,14.145108222961426,12.765568239184088,-1,8.792696462478489e-05,0.7477838397026062,0.2521282434463501,0.0,0.841461255563309,0.15853874443669103
0fe6a0ba-a951-4027-a8ca-8a5500cc8504,3795221,0,0.0034294133074581623,0.0009403566299707706,10.119288,14.70362663269043,12.831678501121962,2,6.660765211563557e-05,0.3632764220237732,0.6366569995880127,0.0,0.40011372465734785,0.5998862753426522
6552c53c-d415-497a-9c94-083d23e99923,3795506,1,0.057195618748664856,0.31186354895765356,,11.045559883117676,10.557707482448116,-1,0.0005326567916199565,0.3396705389022827,0.6597968339920044,0.0,0.34462169693529654,0.6553783030647035
55bfdca6-9e61-439d-a8b1-09713e650232,3795506,0,0.1526772677898407,0.17599295687842584,2.745906,16.04530906677246,12.455779540499481,1,0.0006810735212638974,0.21674031019210815,0.782578706741333,0.0,0.24424320431196134,0.7557567956880387
68fad3e5-d23c-4e80-aaa7-5114b658b0fb,3795506,1,0.9980995059013367,0.9958696906676423,,13.437285423278809,11.42141670138073,-1,5.2983989007771015e-05,0.6678593158721924,0.3320876955986023,0.0,0.2527563218534803,0.7472436781465197
4226bbd0-76ee-4bf0-8e83-1ceab3875056,3795506,1,0.7130125164985657,0.46407735300173836,,10.648457527160645,11.997214339619399,-1,0.0013440496986731887,0.448745995759964,0.5499098896980286,0.0,0.3687631727579884,0.6312368272420116
ff2e10e4-9d36-4226-8986-645174c1f907,3795506,0,0.6161488890647888,0.6360800720418405,17.085667,13.829604148864746,16.8587918103874,2,0.0021819223184138536,0.3038524389266968,0.6939656138420105,0.0,0.30861632163508124,0.6913836783649188
e77af8ce-f32c-478b-bef6-67439e359d29,3795506,1,0.07755957543849945,0.13914080293281683,,9.658346176147461,12.99001260894422,-1,0.000641778577119112,0.38896045088768005,0.6103976964950562,0.0,0.39494657012832113,0.6050534298716789
e867c9ab-80a9-4bb7-8dae-5330c02fc946,3795506,0,0.6261747479438782,0.6659043687135596,20.447495,11.848746299743652,11.718004411897079,2,0.0007141953683458269,0.3808116316795349,0.6184741258621216,0.0,0.3802776968534658,0.6197223031465342
0688b7b4-cbaf-406e-bc3c-5ef321336822,3795506,1,0.9805461764335632,0.8961330396748808,,11.924656867980957,11.21812296706122,-1,0.0006716494681313634,0.6250782608985901,0.3742501139640808,0.0,0.49064541195419675,0.5093545880458032
f4629bf0-2ccb-4a12-8f31-e5102c2916b7,3795506,0,0.02204665169119835,0.00035414127661946955,16.130716,10.898799896240234,12.70061440835713,2,0.0003322066622786224,0.4098081588745117,0.5898596048355103,0.0,0.4077752035739637,0.5922247964260363
6acb651f-b91d-4e87-bca8-23dd0ec8f0d1,3795506,1,0.40302494168281555,0.5303615245351627,,13.448748588562012,13.23284433129843,-1,0.0034382224548608065,0.443454772233963,0.5531070232391357,0.0,0.46985632710560443,0.5301436728943956
3b5f8b5b-a551-4ab8-9ef7-46c04c37b9b0,3795506,0,0.012793011032044888,0.004232149814920233,19.401031,12.605792045593262,10.278453128834903,2,0.000117252922791522,0.25444328784942627,0.7454394102096558,0.0,0.29165950985522204,0.708340490144778
9aaebbc2-adac-4953-9cf0-8d707af1a218,3795506,1,0.938846230506897,0.8985042117585146,,11.829168319702148,12.097839069778678,-1,0.0012925795745104551,0.6307739019393921,0.3679335415363312,0.0,0.6203506116805075,0.37964938831949246
2fea507c-a48f-42a2-b420-386dd2452fe6,3795506,1,0.605541467666626,0.6827875272472169,,11.22909927368164,10.58111002711868,-1,0.0009530824609100819,0.4223918318748474,0.5766551494598389,0.0,0.3505725217323239,0.6494274782676761
a32d63d7-d372-4d6d-852c-bd035327a90b,3795506,1,0.4718431234359741,0.8324081232341453,,14.697750091552734,14.790590254683984,-1,0.009987123310565948,0.4794870913028717,0.5105257630348206,0.0,0.4761933662255068,0.5238066337744932
c9825f9c-7508-4499-9487-7f3d317d1b99,3795506,0,0.010334544815123081,0.003960248625596021,12.657409,14.510334968566895,13.136682259363832,2,0.0002910160110332072,0.3760792016983032,0.6236297488212585,0.0,0.3092923647911371,0.6907076352088629
95545de3-22a8-49f5-b55b-a8678d82b92e,3795506,0,0.3706602454185486,0.7562498635045491,8.316851,11.281209945678711,10.44452655951616,1,0.0011093703797087073,0.35018014907836914,0.6487104892730713,0.0,0.41284255566366335,0.5871574443363367
22f76976-9167-4bc4-9ccb-66560d849b4a,3795506,0,0.0050078220665454865,0.004602823541145051,27.294687,13.816107749938965,11.674071078613284,2,5.8621310017770156e-05,0.3338027000427246,0.6661386489868164,0.0,0.3900112448606373,0.6099887551393627
81ceba69-9fe9-4e67-865c-940972147691,3802643,0,0.1336425095796585,0.12658296464183283,2.3706539,12.326704025268555,11.004124829978023,1,0.0036637585144490004,0.6214230060577393,0.37491318583488464,0.0,0.6448063050185426,0.35519369498145736
4cc725a2-8a15-4496-ad92-7388289dca48,3802643,0,0.0051503307186067104,0.00013290327473185136,17.720045,12.99087142944336,11.936340224495893,1,0.00020301551558077335,0.4241521954536438,0.5756447315216064,0.0,0.27031681768761073,0.7296831823123893
8b2bd71a-2e5d-44cf-bd38-f9dc7ea553e6,3802643,0,0.011020319536328316,0.0035459409689476296,7.553807,11.9859037399292,10.983468494414005,1,0.0003679080691654235,0.5029290318489075,0.49670299887657166,0.0,0.47861941542371467,0.5213805845762853
b6e963c1-71a1-4c3a-8d77-59244e5be4ec,3802643,0,0.16548265516757965,0.060668782475942505,3.6235342,16.025110244750977,11.539856124457168,1,0.0005538418190553784,0.4566960632801056,0.5427500605583191,0.0,0.4475914327729579,0.5524085672270421
f723d9fe-00eb-459f-af8c-1b1f570af0c1,3802643,1,0.9994409680366516,0.9999141496460324,,10.321932792663574,10.719826474115266,-1,1.4104268302617129e-05,0.2972770929336548,0.7027087807655334,0.0,0.870573548657821,0.12942645134217898
3e7f2c4d-8a44-469f-add9-41ebd173261d,3802643,1,0.9936975836753845,0.9915387159118331,,12.258771896362305,14.16832819638387,-1,0.00020139863772783428,0.3231208324432373,0.6766777634620667,0.0,0.4351242117902483,0.5648757882097517
357e641e-9812-4f31-ba67-e144b9b3385b,3802643,0,0.3631899058818817,0.2628938385856185,18.367363,16.866899490356445,15.853855345338165,2,0.0035864170640707016,0.32511553168296814,0.6712980270385742,0.0,0.315010692507693,0.684989307492307
77b84514-71de-4b99-a692-b69adb3cb28e,3802643,0,0.012009399011731148,0.029455653875357674,30.674093,10.198833465576172,7.488147880771638,2,0.0003287404833827168,0.5021392703056335,0.4975320100784302,0.0,0.7187715144272377,0.2812284855727622
0f836d60-9102-4255-9610-4e2a47ca0555,3802665,0,0.003747777082026005,0.001279141238196645,1.4,12.08324909210205,11.86929569116883,1,8.462341065751389e-05,0.5199192762374878,0.4799961745738983,0.0,0.3789698072826936,0.6210301927173064
f3836ef7-dc10-48c5-a121-1ddb315d3234,3802665,1,0.9948315620422363,0.9237445773723765,,10.613730430603027,13.908669123042793,-1,0.00010677223326638341,0.34614047408103943,0.6537528038024902,0.0,0.35505839865601474,0.6449416013439853
a36a54c2-6ad0-41d0-8c90-661d4a6f8d5a,3802665,0,0.01795300468802452,0.00043033549159995953,11.168259,11.86668872833252,10.635492336111316,2,0.000354701594915241,0.36061835289001465,0.6390269994735718,0.0,0.2462441879410726,0.7537558120589274
a1b68cb3-5e7b-4d77-84d8-b9f3655e2fd3,3802676,0,0.40941911935806274,0.2310220907094119,2.0248456,14.58910846710205,13.50766274639218,2,0.0012194163864478469,0.255069375038147,0.7437112331390381,0.0,0.22101856898590022,0.7789814310140998
2eb8d7ba-6847-4771-8525-28f4db900895,3802683,0,0.5952879786491394,0.4179366786851229,41.84017,18.025850296020508,15.870493064362044,2,0.0020505296997725964,0.32955947518348694,0.6683899760246277,0.0,0.27028507173666905,0.729714928263331
cd248f00-4c4e-407f-805b-784cb9f4a0ad,3802683,1,0.997885525226593,0.9987041120839093,,27.602357864379883,13.40990024863862,-1,5.182823952054605e-05,0.3795222043991089,0.6204259395599365,0.0,0.859909660910313,0.14009033908968704
9e13d365-5df7-4a17-be8e-4115b6d7cec7,3802683,0,0.1659473329782486,0.08879583725483131,5.3,13.708268165588379,12.662810115839097,2,0.0008807044359855354,0.22478154301643372,0.7743377089500427,0.0,0.1449433212109449,0.8550566787890551
0ff28b52-c029-43eb-9bb7-ae3c7c83c981,3802683,0,0.1388951539993286,0.25478250704808775,12.0,10.003374099731445,9.381775602871507,1,0.0011462040711194277,0.3857964277267456,0.6130574345588684,0.0,0.4372060056343635,0.5627939943656365
05bfe098-f8b1-4556-a1a5-981e9e8aea1e,3802685,1,0.9974939823150635,0.9916367927823231,,13.329582214355469,13.252677038021707,-1,0.00014959779218770564,0.5791380405426025,0.42071232199668884,0.0,0.49935798865045167,0.5006420113495483
23b6b99f-317b-4843-8f3a-4f523798bdae,3802685,0,0.24252000451087952,0.31492304060000975,11.78813,11.969694137573242,13.016381685497196,2,0.0020001844968646765,0.43171611428260803,0.5662837624549866,0.0,0.38645310013166556,0.6135468998683344
5c67aab6-d308-42a9-b863-8cbd1674b989,3802685,0,0.008803961798548698,0.0018123318245555741,16.326666,13.420717239379883,17.338446327090754,1,0.00039375631604343653,0.45085158944129944,0.5487546920776367,0.0,0.4181069340682606,0.5818930659317394
2ac5037f-36a1-4a2d-a123-9a361acead0b,3802685,0,0.63373863697052,0.7374200057140805,21.024035,13.05481243133545,12.741247144261028,2,0.002582722343504429,0.603183388710022,0.3942338824272156,0.0,0.6132079655824886,0.3867920344175114
0dbe3b1d-0524-47bf-9cd6-a57482f9a6fe,3802685,1,0.860944926738739,0.8786277732791714,,10.06947135925293,13.361702968328899,-1,0.0009052741224877536,0.6122217774391174,0.38687291741371155,0.0,0.36604828458472694,0.6339517154152731
4a2d227a-cf82-48bb-a40e-c50ca4a3dc19,3802690,0,0.3046489357948303,0.19336605964362769,13.57645,8.722793579101562,12.193834451616159,1,0.003476199693977833,0.5712870359420776,0.4252367913722992,0.0,0.5811133074139667,0.4188866925860333
be09e373-139a-44e2-8c5e-16ae1659a15b,3802690,0,0.03369229659438133,0.0013465715338452017,10.976793,13.255643844604492,9.428858806001962,2,0.0008184205507859588,0.4066089689731598,0.5925725698471069,0.0,0.5195673673665897,0.48043263263341024
5f9e5afc-1837-4c84-b20b-bb8f5bc14b8a,3802690,0,0.041528698056936264,0.07007243576598199,12.961867,11.617361068725586,10.505400818497414,1,0.00047411018749698997,0.38572171330451965,0.6138041019439697,0.0,0.2792321555629197,0.7207678444370803
dc430a6a-f922-4a09-84a7-f8a52b9a0981,3802690,0,0.0008382736705243587,0.0004017850669778566,11.049435,8.605691909790039,6.535125315976965,2,2.785351853162865e-06,0.2839435636997223,0.7160536646842957,0.0,0.14991370043998542,0.8500862995600146
2cea8626-4f80-4a7e-a300-985c7188471c,3802690,0,0.0008011272875592113,0.0013401767747558868,11.768602,11.193068504333496,10.466098462046052,2,1.5845035932215978e-06,0.20465131103992462,0.7953470945358276,0.0,0.3028738637570515,0.6971261362429485
1a9ab5f7-5b48-4f0e-aa6d-e424fdeba46d,3802690,0,0.440469890832901,0.6016104480548427,33.604317,12.551283836364746,13.088546468485074,1,0.00031032643164508045,0.5048240423202515,0.49486562609672546,0.0,0.48429471088102305,0.515705289118977
6ec32ec5-d919-4657-bc4a-08779dfe7e12,3802690,0,0.20046360790729523,0.1559273631055248,18.796808,16.634328842163086,13.030576501291588,2,0.001775684067979455,0.29458677768707275,0.7036375403404236,0.0,0.24112694117540656,0.7588730588245934
95d6f6c4-4c63-45df-9461-26db7e15d5a0,3802690,1,0.9762735366821289,0.9555497767648875,,15.440290451049805,11.934500359369766,-1,0.00019734964007511735,0.5648843050003052,0.4349183440208435,0.0,0.47652909976318547,0.5234709002368145
69e90618-a7ce-4ac4-bdc1-585e69061a9b,3802690,1,0.2955387830734253,0.6021014832104457,,15.806648254394531,14.854434407134297,-1,0.0014005667762830853,0.24074925482273102,0.757850170135498,0.0,0.48558840468831854,0.5144115953116815
6abf3951-83e8-46c5-bb6e-82023a946941,3802690,0,0.44690513610839844,0.43064181637556465,15.011995,18.499732971191406,16.03517477674743,2,0.004157733172178268,0.3382287919521332,0.6576134562492371,0.0,0.37224151988052967,0.6277584801194703
b393b0bf-c64d-4fa7-9c35-bd4ce21df60b,3802696,0,0.07542870193719864,0.027854877398535927,8.372574,7.614829063415527,9.916079644234527,1,0.0001723262685118243,0.6763206720352173,0.32350707054138184,0.0,0.6062468399015906,0.39375316009840944
e0944f48-2c6f-4584-8d06-75adff8fd7bc,3802696,1,0.94880211353302,0.9876778319672963,,16.73417091369629,15.943833588682317,-1,0.001170184463262558,0.5255648493766785,0.4732649326324463,0.0,0.503583473310875,0.4964165266891249
d6dbd2e8-7f48-45af-9571-f6b0418eb30c,3802696,1,0.9473434686660767,0.8651355619440874,,11.050992012023926,11.137794487536862,-1,0.00024234605371020734,0.46769896149635315,0.5320586562156677,0.0,0.5454881044818307,0.4545118955181693
bf247800-6d02-4aa2-be86-e96b44935c6c,3802696,1,0.9955257773399353,0.9905675879567247,,14.427313804626465,12.28912830944231,-1,0.00010791605745907873,0.4494251012802124,0.5504669547080994,0.0,0.5323400354979245,0.4676599645020755
5ecd7434-34bd-4248-b5b5-58011ee05995,3802696,0,0.5002784132957458,0.5374370511856639,17.971367,8.618483543395996,8.737120392261174,2,0.0013415291905403137,0.503902018070221,0.49475643038749695,0.0,0.35620095930391527,0.6437990406960847
cda07cbb-4d8f-4d37-b679-bb2b8d1a46af,3802699,0,0.19736041128635406,0.017301248085382526,25.66028,13.067830085754395,8.790766324790326,2,0.00037427223287522793,0.32641956210136414,0.6732061505317688,0.0,0.28109225093438495,0.718907749065615
2fbaf3dd-8a34-4895-825e-8996f34a20eb,3802699,1,0.8452273011207581,0.8548223896349983,,17.93158531188965,15.323782782923587,-1,0.00157026550732553,0.6225731372833252,0.3758566379547119,0.0,0.34237502874223547,0.6576249712577645
fbbbbef0-d788-431e-aa91-fb9fd00f8c29,3802699,1,0.9987909197807312,0.993401231488171,,10.733470916748047,17.12900837008194,-1,3.931902028853074e-05,0.2945665419101715,0.7053941488265991,0.0,0.40701821512576264,0.5929817848742374
f35410ec-e1cf-45e3-a522-1a77fbdf59a6,3802699,0,0.016104159876704216,0.009806621507574196,13.060245,12.59949016571045,14.107748293978306,1,0.00044583212002180517,0.48738324642181396,0.5121709108352661,0.0,0.42302652408951524,0.5769734759104848
9e594ecd-02dc-4ab5-9b9f-bc90434c2359,3802709,0,0.18284544348716736,0.2682082127409442,20.100994,11.607131958007812,16.22296664238696,2,0.0012824618024751544,0.28499922156333923,0.7137182950973511,0.0,0.12415058386872801,0.875849416131272
c5bd1f2b-e5cc-428e-83d3-bf83f8a11e10,3802709,0,0.09874322265386581,0.36927073173145913,13.780058,8.739548683166504,13.603181741031168,1,0.001816488802433014,0.491757333278656,0.5064261555671692,0.0,0.5215119383803077,0.4784880616196922
77fc1659-8ce0-4cea-b814-3f10a0ff481d,3802709,0,0.30114564299583435,0.36568712702396905,6.700746,10.746732711791992,10.467831810920513,2,0.000346575427101925,0.3837924599647522,0.6158609986305237,0.0,0.33203797503723986,0.6679620249627601
5c3c9f8d-9ca5-4027-93fd-d3fe439b4d34,3802709,0,0.11901780217885971,0.35919634850506915,8.386298,10.650357246398926,12.991857091263803,1,0.0003042146854568273,0.30248647928237915,0.6972092986106873,0.0,0.17173559506537495,0.828264404934625
03bb16cb-a1c7-4ee3-861f-25bef6f8dc6a,3802709,1,0.9826906323432922,0.9933742221452295,,16.915390014648438,13.149396425834945,-1,0.0002774140448309481,0.6680793762207031,0.3316432535648346,0.0,0.5904197218845313,0.40958027811546865
1817f7b6-1e5e-4b1c-a769-107165b4e252,3802709,0,0.09637787193059921,0.21140624663610028,19.116747,12.595931053161621,12.597161642895063,1,0.0002680558536667377,0.18652652204036713,0.8132054805755615,0.0,0.2981197078319342,0.7018802921680658
e6394997-b715-4605-ba53-36b562cef7ba,3802709,1,0.9418038129806519,0.9525230989635557,,12.810888290405273,14.421276159128652,-1,0.00029185874154791236,0.6978100538253784,0.3018980324268341,0.0,0.4955972489921987,0.5044027510078013
29dd9275-5267-4504-8d4c-2d2182f8a2fe,3802752,0,0.6252899169921875,0.814808543255229,17.50457,9.71681022644043,13.856416636590486,1,0.0019128528656437993,0.5012121796607971,0.49687492847442627,0.0,0.6130823327448829,0.3869176672551171
849d9b48-d148-4b58-ad71-b19b94e3480e,3802752,0,0.012690609320998192,0.00653653038213573,9.560335,15.449594497680664,11.973614625071754,2,7.905920210760087e-05,0.3104962110519409,0.6894246935844421,0.0,0.33088536164984894,0.6691146383501511
8f547a5f-910f-4b06-b4f1-7c1a505571cd,3802752,1,0.3539426624774933,0.2792348419949819,,13.285833358764648,13.31488522305346,-1,0.0021015494130551815,0.30137985944747925,0.69651859998703,0.0,0.27760565866916387,0.7223943413308361
094ef0b5-5c17-4cef-ba36-0577f2469095,3802752,1,0.28753140568733215,0.2774024905630408,,13.317073822021484,16.490984216964424,-1,0.004054136574268341,0.33497923612594604,0.6609665751457214,0.0,0.15463937601440358,0.8453606239855964
7f145750-75ba-4b7d-8812-ad9093c42231,3802752,0,0.19581645727157593,0.35472536425055384,24.947947,12.134495735168457,12.882183781815598,2,0.0022149267606437206,0.3801036477088928,0.6176814436912537,0.0,0.3666239739062661,0.6333760260937339
30cdf578-4941-4b6e-bffa-44649f164192,3802752,1,0.9742592573165894,0.9909775040976381,,19.870969772338867,18.116575964770462,-1,0.00040438747964799404,0.5347838997840881,0.4648117125034332,0.0,0.5429956108710674,0.45700438912893254
9158d9a3-5329-4981-a85b-08fa1bcf0a8a,3802793,0,0.23060010373592377,0.38693359144237166,12.664912,13.824645042419434,14.111128018162479,2,0.003722872817888856,0.4909728467464447,0.505304217338562,0.0,0.405556698166745,0.594443301833255
91e44363-0030-4fc7-850d-422c3465194c,3802793,1,0.9995871186256409,0.999950067330784,,11.103489875793457,12.947635878026938,-1,1.1678514056256972e-05,0.35002291202545166,0.6499654650688171,0.0,0.8885280556461034,0.11147194435389658
365fe5a4-9925-4f12-8dc6-fd0a68e9452e,3802793,0,0.059684380888938904,0.003284564084906086,8.964374,10.619153022766113,9.787784392901456,2,0.0018815163057297468,0.5018367767333984,0.4962817132472992,0.0,0.4601649974880292,0.5398350025119708
ea6a745f-48be-440f-aee3-3530631eaad7,3802793,0,0.40019869804382324,0.3420890715116434,9.815294,16.548646926879883,13.482268093303823,2,0.0015068247448652983,0.25624626874923706,0.7422469854354858,0.0,0.23220973658579658,0.7677902634142034
1babe276-2465-414b-89de-531695886b45,3802795,0,0.3742290735244751,0.5017497765379891,13.593013,17.246610641479492,19.081087445992324,2,0.0028327847830951214,0.3160097002983093,0.6811575889587402,0.0,0.3247753951295925,0.6752246048704075
25dfb296-8629-4b5a-8bbe-65e8be999645,3802795,1,0.9967522621154785,0.9353832628038706,,17.11855697631836,18.532822962700656,-1,0.00040924709173850715,0.5380611419677734,0.46152961254119873,0.0,0.597313513230838,0.402686486769162
fb86465c-e539-4d17-8aad-f52bae38be54,3802795,0,0.27178964018821716,0.4406751253644648,17.799158,10.51266860961914,13.951073497117811,2,0.0005781568470411003,0.35013294219970703,0.6492889523506165,0.0,0.33443272166554516,0.6655672783344548
5a63abec-0339-481d-a91b-3a938ca23404,3802795,1,0.22430555522441864,0.3420623195204905,,10.844320297241211,13.624525611639877,-1,0.0017918426310643554,0.4213781952857971,0.5768299102783203,0.0,0.42211831106937836,0.5778816889306216
2eeb340b-29f4-470e-9b60-a2ea3078b0ca,3802802,1,0.9952722191810608,0.9980647668641159,,25.11952018737793,15.602676544003394,-1,4.499606802710332e-05,0.7310691475868225,0.26888591051101685,0.0,0.9728851467986275,0.027114853201372496
28c72994-b4b8-4e8c-80d8-c8e0c945ed6f,3802802,0,0.027834370732307434,0.022505232862649636,9.932271,10.103148460388184,11.400883839585317,2,0.0002281652414239943,0.5331560373306274,0.46661579608917236,0.0,0.4981910565634703,0.5018089434365297
eb84dcf1-56df-46a1-884f-30c4df57f868,3802802,0,0.29310184717178345,0.2738387378666733,18.018879,14.781290054321289,12.952993785290994,2,0.0013505032984539866,0.3682153522968292,0.6304340958595276,0.0,0.29555601464865267,0.7044439853513473
7f145d84-a6a2-4be3-9c22-dc9da4e8c17a,3802805,1,0.9762188792228699,0.873883461516684,,11.159053802490234,9.352162078309483,-1,0.00014165900938678533,0.5551644563674927,0.4446938633918762,0.0,0.5983735146096288,0.40162648539037116
f4591ff1-2440-4718-b8fb-0c8ae55ed294,3802805,1,0.9955978989601135,0.9974656748464661,,13.076462745666504,12.296004725701245,-1,0.0001623569696675986,0.6868847608566284,0.3129528760910034,0.0,0.8137871360533135,0.18621286394668646
2f30c79b-aa95-4ef3-a9c3-8235f8269c7b,3802805,1,0.9949116110801697,0.9618521462743732,,15.948894500732422,12.53892288820171,-1,0.0002099889243254438,0.6779026985168457,0.32188737392425537,0.0,0.5663913110328183,0.43360868896718174
fe5285f5-c947-4348-86f4-80ea9bc99b12,3802805,0,0.8558876514434814,0.9021158639385846,23.152105,11.255849838256836,11.113948662332092,1,0.0009227565606124699,0.6528299450874329,0.3462473452091217,0.0,0.5355987203008865,0.4644012796991135
d016a6d7-1dbc-4af8-ba3a-ae7caef43e00,3802809,0,0.3519645631313324,0.35324771629043794,17.400288,14.662650108337402,14.763978473705475,2,0.0018751728348433971,0.30600589513778687,0.6921189427375793,0.0,0.49053423328066525,0.5094657667193347
9e4a2ad3-8642-43d4-be2e-dba5a8f87fc4,3802809,1,0.1728697568178177,0.3035408974725279,,20.29495620727539,17.194582140146142,-1,0.000413185334764421,0.24123096466064453,0.7583558559417725,0.0,0.28214525544387004,0.71785474455613
1c61c6c1-468a-44f2-8aa6-0261c3b23e10,3802809,0,0.003877847222611308,0.004423938133460828,1.17047,15.687358856201172,14.157159448732996,2,2.785823198792059e-05,0.4320456385612488,0.5679265260696411,0.0,0.5005552102176696,0.4994447897823305
197a1279-bc14-4203-9924-1f6df5c72f15,3802809,0,0.008006296120584011,0.0045028591110603065,25.518032,13.764852523803711,14.085924469223638,2,8.074398647295311e-05,0.40083399415016174,0.59908527135849,0.0,0.3555600305641028,0.6444399694358972
02c38a6f-df2f-4626-a626-6b0c3915f8ec,3802809,0,0.027091974392533302,0.003980973345010051,12.101653,13.565519332885742,11.735655362287568,2,0.0005157897248864174,0.37933146953582764,0.6201527714729309,0.0,0.46538206951006245,0.5346179304899376
47ba6a71-b1e6-48c9-99cc-59f286764d49,3802809,1,0.3490174114704132,0.5841523657299428,,15.11709213256836,15.43386590346896,-1,0.0018225604435428977,0.28671881556510925,0.7114586234092712,0.0,0.3103919083202459,0.6896080916797541
df758bcb-d2de-4d5d-a197-94589c21322e,3802809,1,0.6263155937194824,0.7118102508676544,,12.483945846557617,10.922449322211492,-1,0.00810959655791521,0.425144761800766,0.5667455792427063,0.0,0.6319333366532138,0.3680666633467861
c929b94b-ceda-49ac-823f-cd48a9d9cc3c,3802809,0,0.007545062806457281,0.006342691166205475,21.914606,11.392001152038574,14.02917759156906,2,0.0001247895124834031,0.41230154037475586,0.5875737071037292,0.0,0.40366287974213255,0.5963371202578674
6439b4d3-9e54-4aa5-b806-cf61f3c4f59e,3802818,0,0.0034427549690008163,0.0025210830700638604,25.352713,11.514638900756836,9.64155241836922,1,0.00013973889872431755,0.4163894057273865,0.58347088098526,0.0,0.43804013430442645,0.5619598656955735
80ce4043-d088-4e0c-a4d0-8638c7b2c73c,3802818,1,0.9968767166137695,0.9902422130377447,,31.254825592041016,14.32492998755935,-1,5.0037819164572284e-05,0.5032669305801392,0.4966830015182495,0.0,0.7144900056989332,0.2855099943010668
02ab5d75-ca79-4db9-855a-fd817d5e6946,3802837,0,0.1957135796546936,0.3263635620373176,5.0159745,12.515439987182617,15.631694405993589,1,0.0024056178517639637,0.5572475790977478,0.4403468072414398,0.0,0.4126450641934446,0.5873549358065554
0318f465-4cd8-4183-bb5b-aa4a3f1bf2a4,3802839,1,0.9989960789680481,0.9627396542582878,,12.31175708770752,13.081717114506473,-1,2.933202267740853e-05,0.2896815836429596,0.7102891206741333,0.0,0.34185109731749574,0.6581489026825043
dd0f58fb-ab1a-4453-84d7-415bdbf7c15e,3802839,0,0.5304741859436035,0.4449507574198582,11.292476,12.9548921585083,12.822982902982066,1,0.003807859728112817,0.3924959897994995,0.6036961674690247,0.0,0.5091563427308823,0.4908436572691177
32b432b6-8c55-44d0-91ba-0a176d10140b,3802839,1,0.38473784923553467,0.2760837316910767,,19.45499038696289,13.920784699833634,-1,0.0007669673068448901,0.21704863011837006,0.782184362411499,0.0,0.22283558604403475,0.7771644139559652
df3830fc-0ec5-45fc-ac4f-162f2cd763b7,3802839,0,0.05760228633880615,0.01995512964755129,5.8898215,9.258362770080566,9.243025163497137,1,0.0011534900404512882,0.3962031900882721,0.6026433706283569,0.0,0.22062984825691334,0.7793701517430867
d62970bc-1083-4d3f-94e6-4c80ef9e4ab2,3802839,0,0.01671578176319599,0.008381797645715155,2.1587033,16.860647201538086,12.961296206246452,1,0.0001843522913986817,0.3432972729206085,0.6565183401107788,0.0,0.3042127230688214,0.6957872769311786
a2a13d6b-26e6-4d45-925a-63cf0ba35f34,3802839,1,0.43601202964782715,0.44328613681894047,,12.863824844360352,13.4551536457446,-1,0.00576504971832037,0.4529322683811188,0.5413026809692383,0.0,0.26850925755227506,0.7314907424477249
e1383ae0-8798-4477-b91e-10c00f2c5191,3802902,1,0.9881673455238342,0.99338908810877,,10.171419143676758,12.322929587898429,-1,0.00019810126104857773,0.6483351588249207,0.35146671533584595,0.0,0.5273292659853407,0.4726707340146593
57b284bd-0e80-4c0e-9f4c-f5234a303fdf,3802902,0,0.03563889488577843,0.009844656058768575,5.0328918,13.283732414245605,11.095614091494877,2,0.0009898687712848186,0.593414306640625,0.4055958092212677,0.0,0.48611419186523097,0.513885808134769
b3644781-6d7f-4d64-9b13-ffeb82fd8396,3802904,1,0.9952457547187805,0.9991461496820488,,16.15796661376953,17.516153867373372,-1,0.00015877062105573714,0.6810319423675537,0.3188093304634094,0.0,0.8705298309127762,0.1294701690872237
b0894ff2-53b6-4640-aa92-13ba970271bf,3802904,0,0.010095270350575447,0.001192399849895973,30.340237,14.273859977722168,11.354275412635918,1,0.0002925032458733767,0.3690950274467468,0.6306124329566956,0.0,0.27152891995743367,0.7284710800425663
f6137909-8f90-4cec-8ba7-60f27db81be3,3802904,1,0.9726689457893372,0.9802410128807996,,14.659651756286621,12.569525839337444,-1,0.0004532066232059151,0.6347918510437012,0.36475494503974915,0.0,0.606136785639038,0.39386321436096206
76ee80c8-3b64-49a4-ab3d-2936db88252f,3802907,1,0.9962484240531921,0.9974389424505465,,19.88928985595703,15.060113561791969,-1,0.0002872307668440044,0.5787767171859741,0.42093604803085327,0.0,0.5690012664848572,0.4309987335151428
286a5a7a-d386-46e3-9911-bf2b71c5058f,3802907,0,0.020276252180337906,0.013863956450220842,7.2249565,11.383834838867188,8.940712901592024,1,0.000296522572170943,0.5910847783088684,0.408618688583374,0.0,0.3749968296779028,0.6250031703220972
f2f83351-c0bb-4ae1-a3b2-f22acb4b2b73,3802930,0,0.9625692367553711,0.8118846985248037,10.604244,14.645962715148926,14.121864916561648,2,0.0011167478514835238,0.44694656133651733,0.5519366264343262,0.0,0.43283862180569255,0.5671613781943075
d2a57003-a966-4da5-9e4f-5bb682f98036,3802930,0,0.3974120318889618,0.24809536663735443,9.560335,16.333988189697266,16.075639985399935,2,0.0018602714408189058,0.3246403634548187,0.673499345779419,0.0,0.28389150386203366,0.7161084961379663
e7d833d2-e5f9-4a20-a739-def74efb8307,3802930,0,0.12040304392576218,0.2805049175377094,3.3955853,11.167672157287598,11.635257851146266,1,0.0015868289628997445,0.38029375672340393,0.6181193590164185,0.0,0.35827474322881714,0.6417252567711829
532b5fbc-2c11-42ff-93b1-8d9eecc9ea13,3802930,1,0.998475968837738,0.9958141691100105,,29.637733459472656,14.553673507507973,-1,8.964486369222868e-06,0.7430180907249451,0.2569729685783386,0.0,0.7374817832135709,0.262518216786429
a6cdcd36-7e3d-481a-b0ac-7519808836ab,3802930,0,0.1731795370578766,0.14322944146555214,16.7,13.280031204223633,13.511677215012504,2,0.0011160054709762335,0.3287622034549713,0.6701217293739319,0.0,0.24912602124801264,0.7508739787519874
d50fc5b2-33d7-485c-a8e0-87d9e19994fb,3802930,0,0.01704876869916916,0.004753781333329541,11.552056,13.824347496032715,12.704719821063133,2,0.0004327986389398575,0.3243216574192047,0.6752455830574036,0.0,0.5322019617763378,0.46779803822366217
3d81e406-2250-4189-a5aa-b709cf780bd4,3802930,0,0.321441650390625,0.36343498674446223,7.902531,12.782063484191895,13.652124261977207,1,0.000920643680728972,0.22720760107040405,0.7718717455863953,0.0,0.20489405913639003,0.79510594086361
b254b188-8ac3-4815-aca2-9de662f37144,3802948,0,0.01766853965818882,0.004436701527168686,22.85476,14.841443061828613,11.254774942369705,1,0.0005494350916706026,0.42875322699546814,0.5706973075866699,0.0,0.44932164032553334,0.5506783596744667
353aa97e-0800-4d89-9f09-6817bdc2ae72,3802948,0,0.24577708542346954,0.008788765279163608,10.049875,10.249855995178223,7.949866462948096,1,0.0016089489217847586,0.4399538040161133,0.5584372878074646,0.0,0.3168119586431819,0.6831880413568181
055d386d-8e2a-465e-93e3-7969b8cfbede,3802948,1,0.9990635514259338,0.9923261876199782,,13.43601131439209,16.37472810853416,-1,2.9536322472267784e-05,0.3539579510688782,0.6460124850273132,0.0,0.4075816856873925,0.5924183143126075
f22135df-95a2-423b-bbad-ae533cd1023c,3802948,0,0.3550976514816284,0.4764708711832228,28.127745,16.638975143432617,16.04244637184983,2,0.001504272222518921,0.3085694909095764,0.6899262070655823,0.0,0.27707034054852475,0.7229296594514752
bc682eed-6dce-4c38-a2c8-2ecbeb2ea8d1,3802948,1,0.8559184074401855,0.9188998677852186,,16.440771102905273,14.879312848421922,-1,0.0010505003156140447,0.36618536710739136,0.6327641606330872,0.0,0.2949143847290121,0.7050856152709879
133ab5d5-f456-4cc9-b381-038fc60471aa,3802983,0,0.2727244198322296,0.20104586426853369,18.233212,13.16425895690918,14.661469902140935,2,0.0021490054205060005,0.2960774004459381,0.7017735838890076,0.0,0.2352897468058659,0.7647102531941341
c7a3a345-72fc-4dae-a0bc-32e711cc11e2,3802984,0,0.11730465292930603,0.29598681649592745,11.029053,14.13632583618164,13.295263170898535,1,0.00038902342203073204,0.26851600408554077,0.731095016002655,0.0,0.30598576054545046,0.6940142394545495
32932301-0b75-4e5f-ae6b-a9ddf8bb39cd,3802984,0,0.005327621940523386,0.000676772320505188,16.321764,13.018280982971191,11.413409661286455,2,2.1082923922222108e-05,0.2898692190647125,0.7101096510887146,0.0,0.21694336380535795,0.783056636194642
3eaa1fc8-d6b9-4701-a4c6-1df85a2944b6,3802984,0,0.01339908130466938,0.003368475050632329,13.118689,14.688661575317383,12.983020722677017,2,0.0002209087397204712,0.5102911591529846,0.4894879460334778,0.0,0.454544874223067,0.545455125776933
1d14b4bb-7d1e-4f21-8231-f348a688d6a6,3802984,0,0.011787548661231995,0.007236550075947136,0.8,11.31789779663086,12.875169755125262,1,0.00014273983833845705,0.4336632788181305,0.5661939382553101,0.0,0.6169748171328606,0.3830251828671393
a44a84e4-53af-489e-9364-5d1c5f23adf8,3803000,0,0.1408977508544922,0.5117343898775919,9.315042,9.146675109863281,10.282874050345319,1,0.0005624382174573839,0.39391693472862244,0.6055206656455994,0.0,0.4595651419278828,0.5404348580721172
5922cd57-62ff-4813-b4df-c8055494057b,3803000,0,0.2547752559185028,0.20568473860033393,17.014112,17.034141540527344,12.101429671822718,2,0.0022243307903409004,0.26300644874572754,0.7347692251205444,0.0,0.2458023451586535,0.7541976548413465
2b47b581-dfb5-494b-9375-0588a2d159e8,3803000,0,0.0035746509674936533,0.004263214783132814,12.741272,11.666539192199707,10.281491409806714,2,7.993952749529853e-05,0.42855581641197205,0.5713642239570618,0.0,0.361824425391307,0.638175574608693
279cb406-f133-44da-9c01-003fc8db8176,3837650,0,0.013368159532546997,0.00738265082856014,1.7804494,12.517356872558594,10.982071944110006,1,0.00027379696257412434,0.39409613609313965,0.6056300401687622,0.0,0.4352225799920586,0.5647774200079414
29fbae5e-3720-40f5-b048-efd93f8618f1,3837650,1,0.9796094298362732,0.9773098547628856,,18.98354148864746,15.72609268639303,-1,0.00015764168347232044,0.5790344476699829,0.4208078980445862,0.0,0.6969540269521057,0.3030459730478942
fe362fd5-5016-4f96-8c76-e5f622850477,3837650,0,0.006492727901786566,0.0016467492331799028,12.878665,14.61691951751709,11.06495561073106,2,2.913086791522801e-05,0.4889129102230072,0.51105797290802,0.0,0.7260315577899412,0.27396844221005884
2d55ca33-3e57-4747-964d-da3e22558108,3837659,0,0.005513986572623253,0.018785284636848927,13.484806,15.545886993408203,11.289058914988734,2,9.33921619434841e-05,0.32476648688316345,0.6751401424407959,0.0,0.38210576278323327,0.6178942372167667
10269167-539c-40b8-a36e-2092d4b3181f,3837659,0,0.34070849418640137,0.14959657779566082,19.912308,13.826729774475098,14.015243142822884,1,0.0015021077124401927,0.3094257414340973,0.6890720725059509,0.0,0.1678125031427833,0.8321874968572167
de734c00-cd20-4b05-8772-2371d3815cd2,3837659,1,0.9992268085479736,0.9985145915270227,,15.49703598022461,13.036362265592144,-1,2.179773582611233e-05,0.7307204008102417,0.2692578136920929,0.0,0.7813441469874283,0.21865585301257176
9e2123dd-ff85-468d-a9a7-5593ff4a54b0,3837659,0,0.024778058752417564,0.014259989548818743,16.909761,12.498336791992188,11.478863258735672,2,0.0007379447924904525,0.3611849844455719,0.6380770802497864,0.0,0.37168223796360644,0.6283177620363936
4f6c49fe-6a18-4493-9802-269caf55368b,3837659,0,0.024375854060053825,0.013391866843485858,27.212498,12.884747505187988,12.645526324922498,1,0.0006214939057826996,0.4753064215183258,0.5240721106529236,0.0,0.5329177549327626,0.46708224506723733
91cd7df5-d767-4177-8c98-edf88d04a17a,3837662,0,0.4158053398132324,0.2627937275961755,10.02447,12.7576322555542,16.848806250296686,2,0.006325963884592056,0.4856306314468384,0.5080433487892151,0.0,0.31608084117605484,0.6839191588239452
43c0b0e8-a4fe-4664-8b90-8a677a41c7e4,3837662,1,0.9974029660224915,0.9878878447280853,,13.39220905303955,13.02406333760346,-1,6.662078521912917e-05,0.299369752407074,0.7005636692047119,0.0,0.49875728674534303,0.501242713254657
f250df25-d537-4a09-8fa3-f941752f8b05,3837680,0,0.3808775246143341,0.6577623478208233,1.0440307,11.468932151794434,14.235575079401826,1,0.003757650963962078,0.47698599100112915,0.5192563533782959,0.0,0.37645706428905,0.62354293571095
010d5d3c-cb92-48ec-95b5-f7e2a087736e,3837680,1,0.9448317289352417,0.9591312101095074,,13.351539611816406,12.960953540094184,-1,0.0003337204398121685,0.674907386302948,0.324758917093277,0.0,0.6466677517416972,0.35333224825830273
27da5014-0f09-4ba4-91ed-1d8c1b1d1ee3,3837680,0,0.01064119953662157,0.004017740146784532,13.585654,8.811376571655273,8.271740925257284,2,0.00020272644178476185,0.3868928551673889,0.6129043698310852,0.0,0.37203024890532055,0.6279697510946795
5e7b617d-10db-4cc1-a056-71333c57d2f0,3837680,0,0.2848140299320221,0.2238236754138659,15.936437,14.005215644836426,15.063884875651297,1,0.0009615124436095357,0.4494118094444275,0.5496265888214111,0.0,0.28279562598907604,0.717204374010924
ff1affc6-f987-4a71-bbb3-d67fc22d2b28,3837680,1,0.5952063798904419,0.6980374439632376,,14.108555793762207,15.30939154350073,-1,0.002737039467319846,0.4057193100452423,0.5915437340736389,0.0,0.3652460512466409,0.6347539487533591
15e8732e-59a2-45da-9cf6-4e1b9c11def1,3837680,0,0.22852425277233124,0.2595501759727835,20.945883,15.766229629516602,14.455916477423209,2,0.0011443108087405562,0.2354545295238495,0.763401210308075,0.0,0.1698070597038841,0.8301929402961159
bad76648-bdcc-40fc-af1c-44146952c9d9,3837680,0,0.1267051249742508,0.11232534869072958,27.193565,13.65001106262207,13.016301542354432,2,0.0007583929691463709,0.27927613258361816,0.7199654579162598,0.0,0.2462362535933479,0.7537637464066521
536522f3-c36c-4e85-9441-c369aaa0c837,3837680,0,0.002553188242018223,0.0036103550862528265,18.071247,9.512433052062988,8.883680605863566,2,1.5752406397950836e-05,0.4530448913574219,0.5469393730163574,0.0,0.3732992507351769,0.6267007492648231
3324d89e-eed2-4aaf-878a-e0d8e6f5465a,3837683,0,0.05683270841836929,0.02279733434482714,6.6287255,10.315459251403809,9.31258592135603,2,0.0008865143172442913,0.501439094543457,0.49767428636550903,0.0,0.46859017173111617,0.5314098282688838
e0749603-d56b-4859-8d5b-bed77ed98f7d,3837683,0,0.37887024879455566,0.29106324671898026,13.472936,10.741312026977539,14.227464954298542,1,0.002584028523415327,0.3491588830947876,0.6482570171356201,0.0,0.3726761908800207,0.6273238091199793
d49b5b09-3508-4d71-836c-c8ff69b7b855,3837683,1,0.9989118576049805,0.9993127878398403,,16.130109786987305,14.71957881558647,-1,3.627491241786629e-05,0.7752572894096375,0.22470635175704956,0.0,0.9296879965945726,0.07031200340542745
0b75d20c-d888-42d5-b683-ece401a1ceed,3837695,0,0.006981250364333391,0.0019387751952185774,15.255491,9.100521087646484,10.250109205925096,2,2.6577197786537e-05,0.3883569836616516,0.6116164326667786,0.0,0.38663318079716924,0.6133668192028308
ab3d3501-d851-4215-8194-15a60a97f8b5,3837695,0,0.031193656846880913,0.01910553854347457,1.2041595,13.07540225982666,11.487209426114182,1,0.00023738687741570175,0.5111491680145264,0.48861339688301086,0.0,0.46084822071731557,0.5391517792826844
5caca532-850e-4773-a351-b1eaefb97ebd,3837695,1,0.987934947013855,0.9864312924774248,,16.857955932617188,14.145481301643962,-1,0.0001887108664959669,0.6237909197807312,0.3760204017162323,0.0,0.5016368285839092,0.4983631714160908
bca775b9-7e82-4ecd-a7bf-ee2c851bab76,3837695,1,0.7331430912017822,0.7731323445414543,,9.123028755187988,9.406195216068888,-1,0.0004208752070553601,0.5074437260627747,0.49213531613349915,0.0,0.43663765014444844,0.5633623498555516
dab78af8-5115-45d4-89af-f33fb20a228f,3837695,0,0.08275657892227173,0.06769896363271145,9.8234415,11.380732536315918,11.060740195556452,1,0.002497537760064006,0.36861473321914673,0.6288877725601196,0.0,0.27611059495762313,0.7238894050423769
d393076b-d40d-4762-9d41-954952218f66,3837717,0,0.014922413043677807,0.0011733454200963092,21.969297,9.21211051940918,7.861516406061083,1,0.00033060790156014264,0.4654369056224823,0.534232497215271,0.0,0.4836325707824334,0.5163674292175666
7f86b85f-a67e-41e3-bc36-7d3b65ee6d18,3837727,0,0.2559528946876526,0.3693068999272734,21.100948,14.82401180267334,14.462900203047312,1,0.0019166390411555767,0.24870257079601288,0.7493808269500732,0.0,0.28234284981318614,0.7176571501868139
c2ef295e-442f-4a51-bbad-516184ef15ab,3837727,0,0.4629306495189667,0.15185118525594832,14.641379,10.69003677368164,12.952404589603873,2,0.00044585615978576243,0.3850686550140381,0.614485502243042,0.0,0.4569142458512603,0.5430857541487397
b4a93a4d-7a96-4bf9-8d33-307666c76356,3837727,0,0.014711270108819008,0.00940863527142158,21.920767,9.56907844543457,12.90781363454873,1,0.00022318866103887558,0.4268134534358978,0.5729634165763855,0.0,0.3931937553470345,0.6068062446529655
92a611d4-edc1-447f-a043-279bbb6c122b,3837747,0,0.0018564376514405012,0.0007838422281150272,2.4758837,10.489961624145508,8.779064593853427,1,9.554823918733746e-05,0.36543819308280945,0.6344662308692932,0.0,0.3600535938190085,0.6399464061809915
abcb507c-e656-4e36-a933-9e450fde4182,3837747,1,0.993665337562561,0.994439546548517,,25.509521484375,13.823908578268648,-1,0.00023907584545668215,0.4949454069137573,0.5048155784606934,0.0,0.8195555371535119,0.1804444628464881
d3e001f8-4f3a-4770-9152-7983b073bb0b,3837747,0,0.48186641931533813,0.588737535448993,23.222834,15.099109649658203,13.68131549032997,2,0.0026215543039143085,0.3150688409805298,0.6823095679283142,0.0,0.3216813716087996,0.6783186283912004
9fc3c386-c44b-41ab-8d03-3726acd05ac1,3837747,1,0.9963930249214172,0.9956131488774734,,30.294902801513672,16.714329149961742,-1,8.394745964324102e-05,0.5232149362564087,0.4767010807991028,0.0,0.7065746233056741,0.2934253766943259
d7e566e2-1b44-47b7-bc81-053b2d386964,3837752,0,0.4433824419975281,0.5006945187280529,9.305912,13.770485877990723,18.26219037580452,1,0.001681692199781537,0.3211035132408142,0.6772148013114929,0.0,0.29600538744924476,0.7039946125507552
6d62da57-0cad-4c38-912a-6699373a82b8,3837752,1,0.9889776110649109,0.9310807845720976,,13.081893920898438,15.00752503095805,-1,0.0003868776257149875,0.5080108046531677,0.49160236120224,0.0,0.4825923183352413,0.5174076816647587
87fa3842-4d65-48a3-9f8b-4c7e23401adf,3837752,0,0.005162009969353676,0.017421943177805915,16.931923,8.850778579711914,9.96252441612251,2,0.00013883117935620248,0.35823455452919006,0.6416266560554504,0.0,0.3916022053926479,0.6083977946073521
2886f48e-cc14-4b9a-8fc6-b3cd50a858b0,3837752,0,0.018100513145327568,0.006863408611266667,11.229425,11.728392601013184,12.894672104901513,1,0.000353060953784734,0.40301215648651123,0.5966348052024841,0.0,0.2891680644921012,0.7108319355078988
c6e2fda0-6b71-4701-a4bb-9bf9bfb117e2,3837752,1,0.9958211183547974,0.9681391246587431,,18.314178466796875,12.948327832553312,-1,0.00022414635168388486,0.46412333846092224,0.5356524586677551,0.0,0.3697388455722509,0.6302611544277491
fb0c0372-1cdc-4617-9266-e8d4f39b8b64,3837752,0,0.0074164001271128654,0.0037840075481843085,23.72172,11.839923858642578,13.04831753329985,2,0.00025206292048096657,0.3358778953552246,0.663870096206665,0.0,0.37393694103291053,0.6260630589670895
955e7cfd-b017-4f7e-9941-ed736c874a77,3837752,0,0.013957043178379536,0.005633435072443301,19.043371,14.420367240905762,11.702636808111047,2,0.00021861314598936588,0.5735415816307068,0.42623984813690186,0.0,0.44242838375256144,0.5575716162474386
49efa5ef-c185-440e-831b-b33723200d5d,3837752,0,0.021863825619220734,0.021317348255360538,13.382451,10.459465980529785,12.621223341176892,2,0.00033689921838231385,0.5259490013122559,0.47371411323547363,0.0,0.34017159270462216,0.6598284072953778
3b420897-2483-4569-a057-da5622ee5941,3837771,1,0.12861475348472595,0.21641201031265153,,11.55548095703125,12.70458666414754,-1,0.006401511840522289,0.4925955832004547,0.5010029673576355,0.0,0.5373583268396139,0.46264167316038607
9e66e705-7600-4944-b0bc-037a10b170c4,3837785,0,0.005683534778654575,0.0008324470299416944,14.042791,9.00317668914795,7.2947947733162355,2,0.00014954220387153327,0.516718327999115,0.4831320643424988,0.0,0.45050614461492866,0.5494938553850713
1ad136cc-b653-4d22-88c6-8274fdca3ee6,3837785,0,0.10304004698991776,0.0410143767495421,16.868017,13.509577751159668,12.989654354244767,2,0.0018210181733593345,0.6011527180671692,0.3970261812210083,0.0,0.5474544147906986,0.4525455852093014
f9ab1fa9-8e1f-400b-b7aa-bd6ef24d486a,3837785,0,0.09443265199661255,0.22174320138476633,7.0434365,11.254701614379883,9.43898250697622,1,0.0005880334647372365,0.3117524981498718,0.687659502029419,0.0,0.32163864571676515,0.6783613542832349
bf81226c-3080-4ac8-8ebf-c421e3e5a28f,3837785,0,0.007414957974106073,0.002955942798852987,10.159232,14.222748756408691,13.60397927438035,2,0.0002307792892679572,0.40324169397354126,0.5965275764465332,0.0,0.4033922479597458,0.5966077520402542
ec46efd4-dd71-4e9c-8298-941f5ed04c1c,3837785,0,0.08648020774126053,0.4052699167981474,7.891768,12.127432823181152,13.481253143548544,2,0.0011432854225859046,0.5521151423454285,0.44674158096313477,0.0,0.582881360337623,0.41711863966237706
91aa9706-a618-4f11-bd55-76cc332b59a2,3837785,0,0.1356365829706192,0.14418164090163152,18.04245,13.056504249572754,13.157200888408177,2,0.0003692706231959164,0.23933108150959015,0.7602996230125427,0.0,0.3202464806745722,0.6797535193254278
57129612-fed0-4963-bc64-f8be8fcdc2c1,3837785,0,0.9468669891357422,0.7594013660615265,19.884918,13.530227661132812,12.797360859811349,1,0.0005618215654976666,0.5118359923362732,0.487602174282074,0.0,0.3235184239858294,0.6764815760141706
f11bd772-13e5-45d8-bba7-6ea7e2ac573c,3837827,0,0.009829290211200714,0.004904932653640718,1.2165525,16.264680862426758,12.369090860682071,1,8.543556032236665e-05,0.435606449842453,0.5643081068992615,0.0,0.3952138794749034,0.6047861205250966
ae0e6fe0-422d-4031-9404-356bfe24b950,3837827,0,0.012500601820647717,0.011682346974659523,13.857128,14.654047966003418,13.278145065900318,1,7.272941002156585e-05,0.47770947217941284,0.5222177505493164,0.0,0.4709577400490188,0.5290422599509812
05228a1b-055f-4417-bae8-5b8bd1b4df2e,3837827,0,0.006395401433110237,0.005560494051661449,9.708244,6.995616436004639,8.315552021529355,2,6.289919838309288e-05,0.3848501741886139,0.6150869131088257,0.0,0.355174293267718,0.644825706732282
f5c5f271-ba03-4fd5-90b7-e169003625ab,3837827,1,0.9917610883712769,0.9933816136545254,,17.743480682373047,12.62210288519884,-1,5.873000554856844e-05,0.7038352489471436,0.2961060106754303,0.0,0.755404078662407,0.24459592133759298
b06ac30f-ac79-4965-8af4-a7e50045fffe,3837839,1,0.8885321617126465,0.9009245060897503,,10.092334747314453,10.162489683410458,-1,0.000683481281157583,0.6131103038787842,0.38620632886886597,0.0,0.6338973426729466,0.3661026573270533
69f33c32-3446-436f-ba3a-ca5fcdaff0df,3837839,1,0.9983208775520325,0.9971953588662399,,13.101238250732422,12.062515725235684,-1,5.2547111408784986e-05,0.7444430589675903,0.25550442934036255,0.0,0.8472171920413535,0.15278280795864652
ac043c14-035e-4a4c-8559-8f40e42f801e,3837839,0,0.014040570706129074,0.01265485465491901,8.8,8.839605331420898,10.462095959065522,1,0.00018721075321082026,0.4652950167655945,0.5345178246498108,0.0,0.5090862288523569,0.4909137711476431
fff55b6c-d098-4d90-bd8e-d819d92238ac,3837839,1,0.9992190599441528,0.9971946538506371,,13.783997535705566,11.94556689234029,-1,2.0694389604614116e-05,0.7589130997657776,0.24106623232364655,0.0,0.2521990629388572,0.7478009370611428
80419515-97a8-4698-8865-a4e816ff60b2,3837839,1,0.9928202033042908,0.9937668491920144,,9.953657150268555,11.170369887976166,-1,0.00015223104855977,0.7236884236335754,0.2761593163013458,0.0,0.7236301790622898,0.27636982093771023
da8b4f49-87bb-4e31-8ec5-7fce0b1e00be,3837844,0,0.39322930574417114,0.31064691792079097,19.482555,18.047945022583008,14.82112478837477,2,0.0016289841150864959,0.2647703289985657,0.7336006760597229,0.0,0.2902309997135568,0.7097690002864432
750efdc1-a9ed-4086-8418-4c2171a1c32f,3837844,1,0.9915558099746704,0.9319594399254754,,13.96645736694336,13.035657475929915,-1,0.00026351009728387,0.29466885328292847,0.7050675749778748,0.0,0.3801086995214902,0.6198913004785098
2c629824-8b73-48f6-83b7-1ee98764e51e,3837844,0,0.2702777683734894,0.06633193460417965,11.317244,15.846790313720703,12.239401777133173,2,0.001786697655916214,0.24391043186187744,0.7543028593063354,0.0,0.17358452904040078,0.8264154709595992
fcdd0a1e-c3ce-43d8-a939-0cb1d2ce86bd,3837859,0,0.4187818467617035,0.7561046439982864,20.586647,15.513999938964844,14.157798511688982,2,0.005119561683386564,0.4369907081127167,0.5578897595405579,0.0,0.505069911328651,0.4949300886713491
287fe156-eaeb-4958-a985-b3cb772f93c9,3837859,0,0.3104155659675598,0.5052429275858711,9.633276,9.414737701416016,9.25014914815664,2,0.001982560846954584,0.4305921494960785,0.5674252510070801,0.0,0.5414018204286177,0.45859817957138227
6d57a920-fe07-46e6-a22e-eada90fb5089,3837859,1,0.9600889086723328,0.937524330936253,,17.1784725189209,13.773029965780001,-1,0.0005145412287674844,0.6048043370246887,0.3946811258792877,0.0,0.4415908684748834,0.5584091315251166
66abe0f0-1b4b-4746-8260-9ec68c51bd01,3837859,0,0.06869708746671677,0.005006347379547537,8.736704,10.261672019958496,9.106380463488103,2,0.0017566537717357278,0.30343183875083923,0.6948115229606628,0.0,0.17594163718603495,0.824058362813965
1b901fe7-8874-42ac-a7b3-d9607df74595,3837859,0,0.00904126651585102,0.007699842767193414,17.805899,10.530559539794922,13.343281865407196,1,0.00011313297000015154,0.3720526695251465,0.6278342008590698,0.0,0.341956342891625,0.658043657108375
c3d5e11d-6cc4-489d-bcc9-a5cda58dde90,3837859,1,0.9839249849319458,0.9945029955737607,,18.89519500732422,16.675650470330005,-1,0.0002258345775771886,0.7229267954826355,0.2768474221229553,0.0,0.9353342316599894,0.0646657683400106
d3818c91-134a-49db-b430-c6424d933f67,3837876,0,0.010938910767436028,0.00032220636346854266,11.353414,10.039626121520996,9.60846272161657,2,0.0002834135084412992,0.4058542847633362,0.5938622951507568,0.0,0.1861164361249248,0.8138835638750752
0c67b518-ec7e-48aa-9c53-ff83076d4ad3,3837876,0,0.052121661603450775,0.031009881295998562,32.267166,10.515249252319336,9.82460516533729,1,0.001866707461886108,0.48347052931785583,0.5146627426147461,0.0,0.44416336638652754,0.5558366336134725
90722113-849d-4ce9-b54c-94a68ebb03ec,3837876,0,0.16087910532951355,0.17102171120385776,7.4732857,9.406705856323242,9.708870149331235,2,0.0016048310790210962,0.382351815700531,0.6160433292388916,0.0,0.3438485288114811,0.6561514711885189
6ee6cc7d-dac3-43b7-abbe-222873f1f677,3837876,0,0.5403143167495728,0.4784051066097458,2.4186773,12.893914222717285,15.108938490639979,1,0.0021732503082603216,0.36297547817230225,0.6348512768745422,0.0,0.2776226540559027,0.7223773459440973
c97d3745-3a43-4074-8f1d-a47eb962de87,3837876,1,0.9513489603996277,0.9060474939090121,,14.769810676574707,11.88528661342857,-1,0.0007847448578104377,0.47501468658447266,0.5242005586624146,0.0,0.456377263169613,0.543622736830387
23e520b8-78ee-404c-8f97-3f6ad27be3e8,3837876,0,0.0390920490026474,0.001881099615199195,18.94888,8.70826244354248,11.392334295764478,2,0.0004418456519488245,0.4851110577583313,0.5144470930099487,0.0,0.36265290322900123,0.6373470967709988
8d897263-bb66-4708-acea-8facbed69704,3837885,0,0.017519230023026466,0.023611832373435046,16.160446,10.847764015197754,10.56571357129231,1,0.0007699427078478038,0.45138198137283325,0.5478480458259583,0.0,0.4910667574833548,0.5089332425166452
9d282261-231d-4f3b-9b01-7d044ec7586f,3837885,1,0.552968442440033,0.568581286425216,,12.516622543334961,14.514967120967807,-1,0.004284755326807499,0.5916064977645874,0.40410876274108887,0.0,0.5534492373593115,0.4465507626406885
519cfd6f-0e6d-4c9a-b38a-2533e090e880,3837885,0,0.0942840501666069,0.05372050038510198,11.261438,12.208425521850586,11.611254340800922,2,0.0010983700631186366,0.3713437616825104,0.6275578737258911,0.0,0.2802906578385991,0.7197093421614009
0595f9a4-b732-4da0-90f6-712fbbd4ea15,3837885,1,0.9967193007469177,0.9982854885846205,,16.215364456176758,14.09089473907016,-1,0.00022530335991177708,0.5830278396606445,0.4167467951774597,0.0,0.7460047094710941,0.2539952905289059
d4cdc669-9258-490b-b63a-0ea90cec1aef,3837885,1,0.9906847476959229,0.9898793382258926,,22.59668731689453,10.329691897534529,-1,0.00024328698054887354,0.5957625508308411,0.4039941132068634,0.0,0.49288531377065514,0.5071146862293449
32543be4-353a-41b1-a72d-126ad84139a5,3837885,0,0.09410344809293747,0.11987453178722174,16.662832,12.779682159423828,10.894376804208692,1,0.002643436659127474,0.37826380133628845,0.6190927624702454,0.0,0.21124356277172762,0.7887564372282724
e12e9a93-3b09-4cef-a9b1-6890757e4683,3837885,0,0.005693479441106319,0.0020739613837030906,8.868484,12.561985969543457,12.891798237378037,2,0.0003527156950440258,0.3253077268600464,0.6743395328521729,0.0,0.2844395279013189,0.7155604720986811
65430e94-5fdc-493b-b676-a9ee4cf7b35a,3837885,0,0.21547028422355652,0.19111920535353769,15.913831,11.473552703857422,10.424865597751623,1,0.001189765753224492,0.35891738533973694,0.6398928165435791,0.0,0.40088324775781814,0.5991167522421819
7ce1fec1-0f0a-46a4-a814-9f5a038e1d37,3837896,0,0.5677737593650818,0.4923118727123829,13.200378,14.470817565917969,16.168130911245957,2,0.002505927113816142,0.32486552000045776,0.6726285815238953,0.0,0.3788410795002827,0.6211589204997173
9928e7a9-8951-446a-a428-c10c08c2ed04,3837896,0,0.28213196992874146,0.4820530127297561,6.3505907,15.640562057495117,11.5716288574459,1,0.00103065837174654,0.363201767206192,0.6357676386833191,0.0,0.30127702449616867,0.6987229755038313
4b791514-3a06-42d3-8602-6346b76486cf,3837896,0,0.3084523677825928,0.19575588848841344,24.495102,13.203750610351562,11.671202798370292,2,0.002660897560417652,0.3181339204311371,0.6792051196098328,0.0,0.4794449187133545,0.5205550812866455
138dc5c4-31c1-44ca-85f2-f3ea406e04a1,3837902,1,0.20118124783039093,0.31122579224359603,,13.170321464538574,12.711163596015837,-1,0.0016259144758805633,0.3533051013946533,0.6450690031051636,0.0,0.31049197017988983,0.6895080298201102
1801f5ed-feeb-4caa-b2d0-633256371457,3837902,1,0.9971352815628052,0.997378105120438,,18.725494384765625,16.77559738355741,-1,3.17021222144831e-05,0.6636187434196472,0.3363495171070099,0.0,0.6349214158295287,0.3650785841704713
054ec86d-fa83-4c8b-be9e-308949aeda99,3837902,0,0.015263056382536888,0.0011213987552166629,20.435265,8.56318187713623,9.504997679480464,2,0.00024247952387668192,0.34489139914512634,0.6548662185668945,0.0,0.26056704031553124,0.7394329596844688
b80a0936-53bc-4ed3-a3d5-4ce33ed05daa,3837902,1,0.9927316308021545,0.9952889946238714,,14.078022956848145,15.47963562213592,-1,4.516517947195098e-05,0.5972486138343811,0.40270620584487915,0.0,0.7935298768231,0.2064701231768999
742cffac-17ae-401e-a23f-930e1162dda1,3837902,1,0.41275784373283386,0.6557439931656805,,14.232827186584473,17.162883755505913,-1,0.005677734035998583,0.3257129192352295,0.6686093211174011,0.0,0.41909567985879714,0.5809043201412029
54ceebd2-2a44-4251-a1e0-e2e57615f1f6,3837902,0,0.6021335124969482,0.8330373072546907,10.744766,15.40273666381836,12.777361860146984,1,0.0023146700114011765,0.35452815890312195,0.6431571245193481,0.0,0.3241127428329924,0.6758872571670076
3168818c-95ee-4c5b-81f3-4008965cf352,3837902,1,0.9830417633056641,0.9603456645324758,,18.05943489074707,15.205063047361364,-1,8.66946647875011e-05,0.7237873077392578,0.27612602710723877,0.0,0.4562099702742175,0.5437900297257825
3545c304-421b-4dd8-a0b9-b2b50d033317,3837918,1,0.4491024613380432,0.7324640681571618,,12.277935981750488,16.37045465535922,-1,0.005478366743773222,0.3010936677455902,0.6934279799461365,0.0,0.2845393579605634,0.7154606420394366
e5414deb-6e64-4838-9554-aa9df95e4730,3837918,1,0.9943115711212158,0.9951043467633102,,20.666282653808594,15.992699312858374,-1,0.00011677065049298108,0.7228348255157471,0.27704837918281555,0.0,0.9411343088980177,0.05886569110198222
7b94408c-9f99-4364-8aad-665057796a35,3837918,1,0.96946781873703,0.9870758810608696,,17.272037506103516,15.91580944248405,-1,0.00041419646004214883,0.7115371227264404,0.2880486845970154,0.0,0.9404299584176414,0.05957004158235857
3c834666-9f0b-477c-b44e-871bc984a3fb,3837918,0,0.3181869089603424,0.6395526282736321,13.724431,17.358800888061523,17.820960423975816,1,0.00228440691716969,0.3207583427429199,0.6769572496414185,0.0,0.58135938004674,0.4186406199532599
28110874-7daa-4a72-8469-19200e758aa1,3837928,1,0.9790998101234436,0.8634731509887077,,12.593548774719238,12.104322422000132,-1,0.0004674656374845654,0.3549719750881195,0.6445605158805847,0.0,0.5397020745411645,0.4602979254588356
f5dfbec9-3e50-4595-a9ea-ade935b5d3f8,3837928,1,0.9881491661071777,0.9767255951806667,,9.968106269836426,10.81151179990672,-1,0.00015603289648424834,0.29271358251571655,0.7071303129196167,0.0,0.5421502336634826,0.4578497663365174
e0e4688a-68f1-4e5d-8fed-0c57cadd9bc9,3837928,1,0.22387340664863586,0.5220777786412829,,16.36110496520996,12.58116272851363,-1,0.0006410069763660431,0.5914626121520996,0.4078964293003082,0.0,0.6510199048110406,0.3489800951889594
6679064f-ae91-4535-b171-e776d320ee64,3837928,1,0.9999358654022217,0.9999498665845187,,9.81735897064209,15.27475039060285,-1,1.6141477772180224e-06,0.3094246983528137,0.6905736327171326,0.0,0.9225952449850623,0.07740475501493767
6c609b30-8a30-4ce9-af96-ba28f79d4097,3837928,0,0.01624784618616104,0.0029891173179362692,19.13766,14.72469425201416,12.300032485283781,2,0.0005005670827813447,0.3942292034626007,0.6052702069282532,0.0,0.41425052350907243,0.5857494764909276
27f8feda-1f59-469c-8001-5e09ac5e2e31,3837928,1,0.2323642075061798,0.1555987002927603,,13.823075294494629,14.939112892362804,-1,0.002253301441669464,0.3825182318687439,0.6152284741401672,0.0,0.2548873499537315,0.7451126500462685
91ddfad7-73d0-44b0-89a7-1ef38d0b8b24,3837928,0,0.16942769289016724,0.16253447524254064,16.9685,13.277327537536621,15.067617399549324,2,0.001865368103608489,0.38816410303115845,0.6099705696105957,0.0,0.23618234340453081,0.7638176565954692
df64e81f-c545-44ed-9311-0a4974c8feb0,3837938,1,0.9931960105895996,0.9982930578256698,,13.936456680297852,11.134114634131242,-1,0.000313438504235819,0.710813045501709,0.288873553276062,0.0,0.8002629621874457,0.1997370378125542
c15d48e0-7a1c-4041-acfd-abc933bba406,3837938,1,0.9105802774429321,0.9675561466959874,,17.45747947692871,14.392201761822285,-1,0.0005341269425116479,0.6318044662475586,0.3676614463329315,0.0,0.7271353393119562,0.2728646606880439
90c5f0b3-ba6c-4a7f-80f3-d1b5b2307a88,3837938,1,0.9979161620140076,0.9947953395661261,,14.560489654541016,11.468199558476927,-1,0.00016518711345270276,0.5546950101852417,0.4451398551464081,0.0,0.5186442523716233,0.4813557476283767
727bad44-6330-4f32-9ea5-8d5e7ef52b09,3837947,1,0.9441550374031067,0.9873769368274724,,17.730083465576172,15.810007142384322,-1,0.0002386127453064546,0.5762239098548889,0.4235374927520752,0.0,0.7345387056986621,0.2654612943013379
348d16c7-1f22-46ef-999e-7337863b7fd8,3837947,1,0.9940977096557617,0.9934492491729906,,15.146871566772461,16.257014845015178,-1,5.393683022703044e-05,0.6387724280357361,0.3611736595630646,0.0,0.8639739636787118,0.13602603632128824
38895a1e-62ff-408d-99df-e4da0887c006,3837947,0,0.026311315596103668,0.15994778081147112,13.805796,7.740119934082031,12.131093622481579,2,9.895188122754917e-05,0.3629523813724518,0.6369487047195435,0.0,0.3758601294957229,0.6241398705042771
f98c6c92-199a-45b4-8a08-805d2e380193,3837947,1,0.9728926420211792,0.9888552362382328,,12.232178688049316,13.940364534439292,-1,0.00013093798770569265,0.6780326962471008,0.3218364119529724,0.0,0.9241688557144152,0.07583114428558485
ec5519d1-bffe-4d8b-8170-06e2b9f60485,3837947,0,0.1565893441438675,0.3635128038711701,18.90291,13.701698303222656,15.253363518338553,2,0.0015067592030391097,0.5275130271911621,0.4709802269935608,0.0,0.4961339128652136,0.5038660871347864
70f661e4-692a-42aa-a6a0-4ab9bd86d5d8,3837947,1,0.9896250367164612,0.9967893462750479,,21.647666931152344,15.152477895818269,-1,0.0001815908617572859,0.6460685133934021,0.3537498116493225,0.0,0.7232832460685497,0.27671675393145034
a358a1a1-34c6-4ddf-93fc-1b68e87b2817,3837947,1,0.8741261959075928,0.902550664155354,,16.582008361816406,16.897953267764294,-1,0.0006029438809491694,0.6712800860404968,0.32811692357063293,0.0,0.5501297270428642,0.4498702729571358
d6568f57-0b95-4bd0-9f02-e06ab42a7e11,3837947,1,0.9936884045600891,0.9947086087352905,,17.135501861572266,14.724641172432136,-1,9.3359180027619e-05,0.6269327998161316,0.37297382950782776,0.0,0.6940169469343571,0.3059830530656429
3b5d9ce8-6c92-43cd-a675-51a74bf1514f,3837954,1,0.997056245803833,0.9953743200790348,,30.539674758911133,17.305691336175524,-1,5.144837996340357e-05,0.5022448301315308,0.49770376086235046,0.0,0.6972140543051413,0.3027859456948588
8f08bf6a-50aa-4a26-b7fc-dcc0f6ea75e3,3837954,0,0.011865447275340557,0.021104617584263314,11.001818,11.636547088623047,11.607779803118468,2,0.0006245400873012841,0.42791345715522766,0.5714620351791382,0.0,0.394517759934467,0.605482240065533
a763b237-7029-498f-a0c1-bfb61a726ef5,3837954,0,0.08399182558059692,0.05751450255268484,7.140028,12.229822158813477,11.661708002297276,2,0.000944386760238558,0.3828926682472229,0.6161629557609558,0.0,0.3462567009302261,0.6537432990697739
a088276f-f0ec-4867-b5fb-d8bca626828f,3837963,1,0.9974363446235657,0.9986067243895936,,28.635847091674805,12.678474130094402,-1,3.4898901503765956e-05,0.6542347073554993,0.34573042392730713,0.0,0.896504514271599,0.10349548572840091
f9bb74e6-dff1-4a58-a8f2-8c5d0f671633,3837963,1,0.9778329730033875,0.9542263167208596,,33.09694290161133,12.933284149624331,-1,3.846221079584211e-05,0.43492427468299866,0.5650372505187988,0.0,0.4576696520902508,0.5423303479097492
15a83394-7130-47d1-92bb-bf76d6ffdb34,3837963,1,0.9964179992675781,0.9926610291108549,,40.01274871826172,13.437377728646295,-1,3.218958227080293e-05,0.3228965103626251,0.677071213722229,0.0,0.6101746474469343,0.3898253525530658
25d2525c-181b-487b-b960-35fe209dd9a3,3837963,0,0.26259520649909973,0.45406140600891376,14.912076,13.872167587280273,14.670895118879676,1,0.0011165988398715854,0.3114144206047058,0.6874690055847168,0.0,0.3099569823526046,0.6900430176473954
658d049f-b58d-497d-a74e-5fe4e24f0673,3837987,0,0.013124637305736542,0.005153811665744904,24.66171,10.53791618347168,13.186856875506965,1,0.00037943775532767177,0.42791882157325745,0.5717018246650696,0.0,0.38534749674066715,0.6146525032593328
e4349ae8-d89d-4e53-ae64-816523438f23,3837987,0,0.00717687513679266,0.005756539119000597,18.054363,8.656431198120117,9.089313806211363,2,0.00016680991393513978,0.5998660922050476,0.3999670147895813,0.0,0.4092241851134296,0.5907758148865704
7f693acb-e483-45c0-91ba-0115b96f04f8,3837987,1,0.9874988198280334,0.9951354969593688,,15.781454086303711,13.838432482461107,-1,0.00042626404319889843,0.6799180507659912,0.3196556568145752,0.0,0.8037900010310103,0.19620999896898972
72571584-0829-4c96-89c7-31b7516f0d4c,3837987,0,0.029388081282377243,0.017494465042265078,11.844408,11.049698829650879,9.917180164783504,2,0.0003339602262713015,0.5731477737426758,0.4265182614326477,0.0,0.3547237085282122,0.6452762914717878
fbd468bf-c416-443f-99c7-9fd5fee70411,3837987,0,0.008872558362782001,0.0018395537898311283,1.4,9.280538558959961,13.896534869324787,1,0.00029799435287714005,0.4301656484603882,0.5695363283157349,0.0,0.47765412087992454,0.5223458791200755
279aadc5-160c-4773-a6e3-ed8aea5b0220,3837987,1,0.9978895783424377,0.9887338302769212,,15.026493072509766,14.083233846248934,-1,0.0001023422009893693,0.5541610717773438,0.4457366168498993,0.0,0.656823703816128,0.3431762961838721
feb08101-63a7-41ad-9e1f-2a0536355c73,3837987,1,0.9948970675468445,0.9912751819300037,,13.911730766296387,13.41450727624122,-1,0.0005974291707389057,0.6222701668739319,0.3771324157714844,0.0,0.6893036367069288,0.31069636329307115
12cf889a-abf3-43f4-8c35-d271ab68a415,3837998,1,0.5852689146995544,0.49068093704943977,,17.42311668395996,14.771400743710807,-1,0.001817673328332603,0.32941174507141113,0.6687704920768738,0.0,0.18537141469279017,0.8146285853072098
8b98ba47-6d4a-493d-9df4-c8d6e3a10605,3837998,1,0.9662335515022278,0.9150263717995155,,12.133838653564453,12.80384515039785,-1,0.0005957630346529186,0.45863163471221924,0.5407726168632507,0.0,0.5499822426133847,0.45001775738661526
389577f2-c68a-4746-99ef-abf43159ae3c,3837998,0,0.08627931773662567,0.0404452174962872,14.855302,8.84775161743164,10.082913849750284,2,0.001026348676532507,0.38576579093933105,0.6132078170776367,0.0,0.34710732227350694,0.6528926777264931
c7267d0a-f31b-4d7a-8756-22f5e0e52432,3837998,1,0.9787827730178833,0.8035329319552739,,12.62645149230957,11.546260585960697,-1,0.00011437258217483759,0.27681654691696167,0.7230690717697144,0.0,0.2929393020076557,0.7070606979923443
1dc669b9-e41f-44f0-acaa-58dc4ce02777,3837998,1,0.9472424983978271,0.8790702569070235,,10.274787902832031,11.798722159293801,-1,0.0003942049515899271,0.43365275859832764,0.5659530162811279,0.0,0.6301063718740392,0.36989362812596077
cc64cf80-58dc-42e2-9621-be312f7aff61,3837998,0,0.01570046693086624,0.0014113060935237723,5.9665737,11.640820503234863,11.616934405524933,1,0.00031175301410257816,0.4660447835922241,0.5336434245109558,0.0,0.30669460214662914,0.6933053978533709
336368b5-edc5-4e61-97a9-d16ea1ce136d,3837998,0,0.04493633285164833,0.00549097816104435,8.668333,13.048215866088867,14.002743611149114,2,0.00037649672594852746,0.48366573452949524,0.515957772731781,0.0,0.43185031942014707,0.5681496805798529
baa0151d-0879-4a28-b53b-0c547a78307b,3838004,0,0.5015173554420471,0.5705201241539636,19.516403,13.323338508605957,15.147364721366678,2,0.0016130198491737247,0.31148797273635864,0.686898946762085,0.0,0.30610770023478684,0.6938922997652132
6a41c938-d5b2-45db-8466-b1edf94fb83b,3838004,1,0.9931445121765137,0.9987234135152,,18.461267471313477,14.055785192194689,-1,0.0002703355858102441,0.5188766121864319,0.48085305094718933,0.0,0.7185314233508434,0.2814685766491566
08cac2a1-77ed-43a0-b6d3-4890b7993eb8,3838004,1,0.7951946258544922,0.8895803694843065,,14.332079887390137,14.320997308629229,-1,0.0028532720170915127,0.5964433550834656,0.4007033705711365,0.0,0.427532996982816,0.572467003017184
cb3eccf2-c800-476d-b22f-c1ce81f2a90c,3838017,1,0.9959414601325989,0.9910013383114323,,25.89869499206543,11.06747052958093,-1,0.00013221254630479962,0.4146544635295868,0.5852133631706238,0.0,0.6432467906823552,0.35675320931764476
d4353071-8d3d-4634-8f79-3e862ff7ca6f,3838017,1,0.9982150793075562,0.9986869960107335,,36.47699737548828,14.714091077689597,-1,3.151322380290367e-05,0.36522671580314636,0.6347417831420898,0.0,0.9126141363165271,0.08738586368347286
ca88d839-45db-48b1-a188-179f0a68d0ca,3838017,1,0.9390648603439331,0.8514622403905431,,19.078857421875,13.333159153189014,-1,0.0010238864924758673,0.381316214799881,0.6176599264144897,0.0,0.3995994829242915,0.6004005170757085
88f95015-1ae9-4bd3-8e73-e328177b728a,3838017,1,0.2999776005744934,0.27726025631676693,,16.851980209350586,13.784738790720098,-1,0.0012301454553380609,0.2505500018596649,0.7482197880744934,0.0,0.3113786707458792,0.6886213292541208
e8a8d882-627e-4b69-a778-5af89d19cf36,3838017,1,0.5596128106117249,0.4825264715225275,,12.387328147888184,15.873875019370569,-1,0.0015507086645811796,0.3267275393009186,0.6717217564582825,0.0,0.3200328935578448,0.6799671064421552
f1367206-f8e7-480d-8a8a-326a38c598c2,3857254,0,0.1529773473739624,0.14158777973594805,29.896488,20.369924545288086,16.279045241412582,2,0.0009128110250458121,0.3693406879901886,0.6297465562820435,0.0,0.2583053605709209,0.7416946394290791
6f12c761-3bc5-48ab-818f-cf50b731173b,3857254,0,0.03037874959409237,0.002610604291529786,21.38247,11.870671272277832,11.9351268696869,2,0.0008098657126538455,0.3767646253108978,0.6224254965782166,0.0,0.2581109230064219,0.7418890769935781
e6737838-da7b-495d-a0a6-2b6156bf6674,3857254,0,0.0975588709115982,0.010189892924578798,12.747549,8.258661270141602,9.206204450158062,1,0.00030553137185052037,0.5154451131820679,0.48424944281578064,0.0,0.44493963836180384,0.5550603616381962
48130cc1-6961-4b23-9058-d81fddb985c2,3857254,0,0.03447188436985016,0.03553848698699534,18.940962,11.643294334411621,9.191123389280166,1,0.00044584067654795945,0.36710262298583984,0.6324515342712402,0.0,0.6654456258573056,0.33455437414269446
539f84f8-228c-464e-9d5b-f0c3fc0d2d9d,3857254,0,0.018477527424693108,0.03548267671797148,12.114867,7.740937232971191,7.16043042042598,2,0.00034848047653213143,0.4135217070579529,0.5861298441886902,0.0,0.6222838908974568,0.37771610910254316
490b3721-b193-4c3f-8b31-eed9148607dd,3857254,0,0.020035739988088608,0.053886958564486206,7.692204,9.706443786621094,8.002489378108669,2,0.0005137275438755751,0.40290817618370056,0.5965781211853027,0.0,0.6424232472873114,0.35757675271268863
e430c036-d414-48fe-b4e7-84b99564835f,3857254,0,0.7630520462989807,0.715062611529745,22.294619,15.414859771728516,15.068812173864032,2,0.0030837988015264273,0.5361586809158325,0.4607575237751007,0.0,0.5263993579176209,0.473600642082379
8d28b2d8-4d04-44fc-923e-7fa91ec057d3,3857254,0,0.5498232245445251,0.34119011979822766,36.465054,15.287921905517578,17.017386392878834,2,0.0077142249792814255,0.4777384102344513,0.5145473480224609,0.0,0.2961088246237076,0.7038911753762924
54d985ce-9de0-489c-8def-1a0008d496be,3857254,0,0.7466438412666321,0.5996941128042638,25.68774,18.437469482421875,16.323988640589132,1,0.001967047341167927,0.39236876368522644,0.6056641936302185,0.0,0.40293530269953926,0.5970646973004607
0c7040c8-4cef-40ce-b90f-59f08a664f3e,3857255,0,0.13310003280639648,0.08612114235300213,11.684177,14.672425270080566,13.818491430895929,1,0.0006891348166391253,0.20369376242160797,0.7956171035766602,0.0,0.13333796524083685,0.8666620347591631
c4ac42be-eb1a-4342-af18-9650479b531f,3857255,0,0.004288236610591412,0.0004980476609483591,6.9339743,8.679181098937988,7.526043515596738,2,8.551604696549475e-05,0.416422963142395,0.5834915041923523,0.0,0.32926421268010286,0.6707357873198971
25fe12e0-ee0b-4b8f-b73b-7fabd05a596f,3857255,0,0.010680251754820347,0.003806648202339984,1.3152946,8.114238739013672,10.273756118256085,2,0.00025101067149080336,0.4137147068977356,0.5860342979431152,0.0,0.4189529951997131,0.5810470048002869
bd901b90-3186-4f2c-a003-c74155a4f9ec,3857255,0,0.10682865232229233,0.1715949565284085,19.68248,14.676139831542969,11.81563274345112,1,0.0024125445634126663,0.43246856331825256,0.5651189088821411,0.0,0.5220995706283672,0.4779004293716328
1ed1a176-a72f-47dd-b035-849d2f1c8c7f,3857255,0,0.14136114716529846,0.22650841489974768,20.622803,17.070480346679688,15.227389792758192,2,0.00047134069609455764,0.17594292759895325,0.8235857486724854,0.0,0.2923072168869627,0.7076927831130373
eeacafd4-8eeb-40c2-b197-d24cef8be669,3857255,0,0.44710245728492737,0.377569681759075,14.11524,14.835733413696289,12.054671588655307,2,0.0014312174171209335,0.24713706970214844,0.7514317035675049,0.0,0.1933038819574434,0.8066961180425566
0a02d9a7-85eb-4367-b65a-cba0adf9b2e4,3857255,1,0.7123512029647827,0.5913426588132977,,13.642541885375977,10.617277083497811,-1,0.0008175999391824007,0.381186306476593,0.6179961562156677,0.0,0.27752971361132706,0.7224702863886729
d18f65c2-b568-4240-93f9-bf8383f1ac04,3857255,0,0.5700103640556335,0.8361132040267034,24.507957,11.884675025939941,12.826687940934073,2,0.0028491653501987457,0.40188050270080566,0.5952703356742859,0.0,0.2828444123722351,0.7171555876277649
74cd8a34-5614-454c-b6e0-6fd6fb998454,3857255,0,0.005462348461151123,0.0024535386717447604,1.8439089,11.032490730285645,10.828625185621224,2,9.642737859394401e-05,0.3708172142505646,0.6290863752365112,0.0,0.3496019332137511,0.6503980667862489
1057ca8c-98c7-4df7-90a1-14a16fd7bbaf,3857255,0,0.14201608300209045,0.08675518720938259,12.248265,9.808277130126953,11.284788208850587,2,0.0009192923316732049,0.3265521228313446,0.6725286245346069,0.0,0.273173785149993,0.726826214850007
11848712-1d08-451d-b173-f2629fffef08,3857256,0,0.042487408965826035,0.06942070865355683,14.8,11.606740951538086,9.916304949125324,1,0.00044673687079921365,0.5455264449119568,0.4540267288684845,0.0,0.5123349254386094,0.4876650745613907
555f1cdb-f494-43f7-80ee-2945cce35479,3857256,1,0.16417618095874786,0.1892878675170856,,12.604931831359863,11.75437513758497,-1,0.002791840583086014,0.31206953525543213,0.6851386427879333,0.0,0.3524009131367165,0.6475990868632835
ca0866a9-6ab8-4bdf-840b-e2eedf782ec2,3857256,0,0.13368120789527893,0.3875373910019147,13.154847,13.688094139099121,10.797923766386388,2,0.0029119933024048805,0.4292394518852234,0.5678485631942749,0.0,0.4087825234342808,0.5912174765657192
daa0030f-6bf0-44c3-b52f-7473f6633734,3857256,0,0.3046483099460602,0.5249367664928214,31.141611,14.597432136535645,14.788533789477256,2,0.0011152317747473717,0.3269049823284149,0.6719797253608704,0.0,0.3118678621920028,0.6881321378079972
4954ad1f-cdd4-44c4-b983-16d7cf441a29,3857256,0,0.3182191848754883,0.4770127963620735,2.5,9.414770126342773,12.97478871973774,1,0.006450205110013485,0.408426970243454,0.5851228833198547,0.0,0.43053621877235404,0.569463781227646
11b9535e-ebd5-4983-98e2-fcc0912e70fc,3857256,1,0.32940956950187683,0.376315568350885,,19.784799575805664,15.337178753295415,-1,0.00031893322011455894,0.205077663064003,0.7946034669876099,0.0,0.21463271371723613,0.7853672862827639
b140527a-1fea-46d1-87fa-58cdc4f7f81f,3857256,1,0.6513977646827698,0.8180860776686051,,7.450915336608887,13.868170262452308,-1,0.0010009096004068851,0.4925728142261505,0.506426215171814,0.0,0.42695144333155133,0.5730485566684487
cd9efe8a-d3cf-42cf-98ff-b5c94cd6f867,3857256,0,0.6488214731216431,0.6237527693839191,10.630146,17.70459747314453,15.235543768602117,2,0.0014052273472771049,0.3373072147369385,0.6612876057624817,0.0,0.3741583103799717,0.6258416896200283
f33df20e-ef34-4a93-b65e-56a2e931864c,3857256,0,0.059784382581710815,0.09621945633734552,4.494441,8.494522094726562,10.942656456638623,2,0.0003983003553003073,0.24172456562519073,0.7578771710395813,0.0,0.1930957862420627,0.8069042137579373
dddcb94c-6cc5-4346-a58c-ad9de7e717ed,3857256,0,0.3122592568397522,0.3652860744246841,18.201649,11.934626579284668,13.514074096525352,2,0.0019371062517166138,0.28621381521224976,0.71184903383255,0.0,0.34328876120746066,0.6567112387925393
3c6c4107-7bf3-4c37-9ec7-b60018e02745,3857256,0,0.006894272286444902,0.00022170035665242466,8.523497,11.656851768493652,10.414072806762736,2,4.926062683807686e-05,0.3173754811286926,0.6825752258300781,0.0,0.19683157167121113,0.8031684283287889
7c35ffa8-da9b-4179-ac91-df5f64b6da73,3857256,0,0.1315772831439972,0.062313668492484695,7.093659,8.65744400024414,8.08219046851592,2,0.0004030746640637517,0.5743485689163208,0.42524829506874084,0.0,0.5637178837152848,0.4362821162847153
80003820-e3c8-43a6-b8e0-d6f73a04dc32,3857256,1,0.9810672998428345,0.9724809015129567,,16.368871688842773,16.444388249729812,-1,0.0003253120230510831,0.5578981041908264,0.4417765736579895,0.0,0.5206039489568515,0.4793960510431486
11c2f882-c57a-4ed2-a671-772e8be2a2c7,3857257,0,0.639896810054779,0.7884513437384983,9.4429865,19.81110382080078,12.602457618458253,2,0.0002831016026902944,0.24099330604076385,0.7587236762046814,0.0,0.4207965306270737,0.5792034693729263
20f6236c-1821-4f47-98f9-ce8b2a8e18c4,3857257,0,0.0051624043844640255,0.0027653684915750925,10.617438,8.630980491638184,10.689474577211733,2,0.0001482422958360985,0.40099069476127625,0.5988610982894897,0.0,0.40093649994819025,0.5990635000518097
61ede9df-1c3f-408b-b7e9-f6012e39a022,3857257,0,0.03028772585093975,0.011106468787887836,17.477127,9.598098754882812,11.193341679812479,2,0.000528334581758827,0.4303526282310486,0.5691190958023071,0.0,0.3742679257500243,0.6257320742499757
8aec8980-1f57-40ca-94d1-4f8eb919591e,3857257,0,0.00954229012131691,0.0055676036480292014,6.9310894,8.913834571838379,8.367807475981984,1,0.0002976225223392248,0.3928048312664032,0.6068975329399109,0.0,0.39974235295061056,0.6002576470493894
1f7fe99b-2c24-4258-aa90-240c992aecfb,3857257,0,0.14280684292316437,0.28114922308627555,6.7601776,12.834930419921875,13.481401619641995,2,0.005006242543458939,0.42498868703842163,0.5700050592422485,0.0,0.39133221510152116,0.6086677848984788
a6920474-471a-4641-927e-8eb147e6a5b6,3857257,0,0.007141980808228254,0.004829251964252401,11.456003,10.740486145019531,11.157659895440329,2,0.0002492330386303365,0.395291268825531,0.6044595241546631,0.0,0.4281205499501426,0.5718794500498574
ba9984e5-1b4c-48fb-9015-7e172370c559,3857257,0,0.512797474861145,0.5357422169136022,7.6609397,15.143392562866211,13.6378657212146,1,0.001999292755499482,0.37876495718955994,0.6192356944084167,0.0,0.384348689289734,0.615651310710266
5d400a7b-6d06-424c-b8af-0940428b0335,3857257,0,0.616041898727417,0.6332991379614067,9.972462,16.314634323120117,14.47508064575042,2,0.0004351760435383767,0.22332404553890228,0.7762407660484314,0.0,0.21039812074315778,0.7896018792568422
268a85c9-c084-466e-9a90-8a573b65232b,3857257,1,0.6783982515335083,0.4423181627129251,,16.87615394592285,16.97928507767243,-1,0.0012432297226041555,0.51789391040802,0.48086294531822205,0.0,0.3502526988247173,0.6497473011752827
98146b98-a998-49a9-ad86-c16cfef8f5bf,3857257,0,0.013973891735076904,0.0033877640906820735,31.705677,11.821921348571777,12.646443290886173,2,0.0003397853288333863,0.31548941135406494,0.6841707825660706,0.0,0.4239347412853264,0.5760652587146736
86a9684b-59a0-4f1b-b7ea-afc14cfb6a5c,3857257,0,0.20851707458496094,0.17802045846042036,0.7211103,13.513328552246094,11.164271223660933,1,0.0005614315159618855,0.2647576928138733,0.7346808314323425,0.0,0.3173457748681462,0.6826542251318538
5de220c8-60e5-464f-a92d-fafa793c85e6,3857257,1,0.999146580696106,0.9977340742415552,,28.05832862854004,13.640662026000973,-1,1.1354599337209947e-05,0.6939495801925659,0.30603915452957153,0.0,0.862355561573177,0.13764443842682295
b9b9e1ae-9bff-4204-a5ce-dabb36e56d99,3857257,1,0.9402415752410889,0.8672910172115995,,30.353303909301758,18.74302395515689,-1,6.957589357625693e-05,0.43734779953956604,0.5625826716423035,0.0,0.4892935630213422,0.5107064369786578
40637a26-1d70-4e97-b595-0bf046c85063,3857257,0,0.027459826320409775,0.007856281731210958,36.096676,9.72242546081543,12.564898982181123,1,0.001081181108020246,0.5407615303993225,0.4581572711467743,0.0,0.5517909515860402,0.44820904841395975
80e72cbc-949c-416d-a682-51f59ad0bb07,3857257,1,0.35792386531829834,0.247779636316609,,15.160806655883789,15.598281080298058,-1,0.0035871192812919617,0.3776935040950775,0.6187193393707275,0.0,0.321317498223058,0.678682501776942
42a6aef4-0eaf-4c3a-a21c-f862bb9ae8ff,3857257,0,0.02320796437561512,0.0020305484937319087,31.710093,13.429938316345215,12.054172515773432,2,0.0008672403637319803,0.4794912338256836,0.5196415781974792,0.0,0.43892342288119024,0.5610765771188098
fd21baf6-8a13-4f7b-b8dc-7ec0b86a86a4,3857257,1,0.4024299085140228,0.724445113438474,,19.33808135986328,11.731983019695416,-1,0.00024147858493961394,0.2453831434249878,0.7543753385543823,0.0,0.40953085128499844,0.5904691487150016
07bd7f3a-321e-4db2-9106-ab8b66cb2c59,3857257,0,0.0009848979534581304,0.0003437515733458547,5.5217752,7.947656631469727,6.898178358647596,2,3.218265192117542e-05,0.33153462409973145,0.6684331893920898,0.0,0.18123043007720752,0.8187695699227925
99ec546a-9322-44ba-92d9-aa6927b25f40,3857257,0,0.005959975067526102,0.0002792689368812887,16.424677,16.761255264282227,11.697674521917792,2,0.00013908144319429994,0.3001004755496979,0.6997604370117188,0.0,0.34820862053624957,0.6517913794637504
bf00831f-79da-4277-8d1f-5e08b9d9e8a5,3857257,1,0.5601159334182739,0.6215871983251969,,11.227422714233398,15.068648113572078,-1,0.0026829526759684086,0.39847713708877563,0.5988398790359497,0.0,0.3654081751782108,0.6345918248217892
05f3e514-9d5a-418b-9f2e-9e1403b3037a,3857258,1,0.6398539543151855,0.3523215859187967,,17.889554977416992,14.337233764717462,-1,0.00165718758944422,0.4628921151161194,0.5354507565498352,0.0,0.38207493745236054,0.6179250625476395
b0364a71-1679-41a6-9950-6afe949c96dc,3857258,0,0.07343848794698715,0.035039046874336066,14.764823,12.882708549499512,11.300747545738917,2,0.0016865602228790522,0.5649215579032898,0.43339189887046814,0.0,0.5188155469943592,0.4811844530056409
987b7187-e421-4663-94f1-78e4c23c8f35,3857258,1,0.5947772860527039,0.5573721499349078,,11.90673828125,11.71126061172339,-1,0.0003514570416882634,0.23489297926425934,0.7647555470466614,0.0,0.3324201508791548,0.6675798491208452
dfc4296f-1180-4228-b2c9-f7b7a1af516d,3857258,0,0.4285926818847656,0.5111709174362449,22.537525,18.047832489013672,17.608631481290207,2,0.0028845402412116528,0.29396572709083557,0.7031497359275818,0.0,0.35152684504507536,0.6484731549549246
05bee11b-1091-4fdd-9554-396e34242d5a,3857258,0,0.05525073781609535,0.017493772998246063,19.64001,8.264348983764648,9.650104924686543,1,0.00029685840127058327,0.41674262285232544,0.5829606056213379,0.0,0.4672838934808988,0.5327161065191012
bf591652-ff4f-4dca-9568-8fac4f69cf5a,3857258,0,0.018231472000479698,0.006410469340059605,10.456099,14.68373966217041,16.47698166482686,2,0.0004631920892279595,0.40549716353416443,0.5940396189689636,0.0,0.35943563807587375,0.6405643619241262
746c2379-ea78-42ba-a26f-abc039b84a97,3857258,0,0.012924463488161564,0.019998522668806896,19.944923,11.787249565124512,9.763115457972155,1,0.00035535573260858655,0.4413968026638031,0.5582478046417236,0.0,0.5071788674007445,0.4928211325992556
2a10f435-b1a5-4117-bd2c-f02778881f7c,3857258,0,0.10977768152952194,0.09914062027043456,7.324616,10.26787281036377,12.061403543679635,2,0.002447874052450061,0.5354248881340027,0.46212729811668396,0.0,0.3794576928767689,0.6205423071232311
d9c76718-3a95-4957-a71b-8a12dddc7544,3857258,0,0.026396870613098145,0.005421643810015334,17.831713,16.64223861694336,16.908942357120047,1,0.0005611299420706928,0.35583436489105225,0.6436044573783875,0.0,0.255432121448802,0.744567878551198
82fec2e3-4601-40c6-89fc-ac824a3470b2,3857258,0,0.2502988576889038,0.12229624796833079,19.246298,10.488753318786621,12.968066328440493,2,0.0008654160192236304,0.37104424834251404,0.6280902624130249,0.0,0.5042685470537394,0.49573145294626064
a0ecc630-cb8e-4bc0-90c8-1ba185cacf50,3857258,0,0.006117517128586769,0.002443767907988762,12.116518,18.576889038085938,15.978938891688912,1,0.00019843052723444998,0.3683941066265106,0.6314074397087097,0.0,0.35894665660810765,0.6410533433918923
d8fd79cc-5144-48f3-afb8-e8506f5dc477,3857259,0,0.4172917902469635,0.4026863416428446,26.666082,16.625972747802734,16.43871908638446,2,0.0014466991415247321,0.34487998485565186,0.6536732912063599,0.0,0.27768132046527483,0.7223186795347252
1ab5b23e-445c-4e68-be03-efdcbfe11332,3857259,0,0.006187387276440859,0.0030395599602983793,11.412712,9.513766288757324,9.687329004699125,2,0.0002574791433289647,0.37974831461906433,0.6199942231178284,0.0,0.36785248309266216,0.6321475169073378
9b2e4c4c-96f7-4e52-8794-8299a659a66c,3857259,1,0.33515387773513794,0.5596300558834356,,10.32858657836914,13.528182748766168,-1,0.0015395645750686526,0.3690624535083771,0.629397988319397,0.0,0.4016544471809007,0.5983455528190993
b1c964b1-d8d3-461f-822b-8c4fd88b2d51,3857259,1,0.9991874098777771,0.986899815749677,,28.130802154541016,15.730667016505205,-1,3.9115038816817105e-05,0.4856606423854828,0.5143002271652222,0.0,0.6570739645610084,0.34292603543899164
34aefa79-703b-484d-a584-67f255ee85db,3857259,1,0.6896509528160095,0.28797005571361284,,13.702876091003418,13.511064291934959,-1,0.002521201968193054,0.6215671896934509,0.3759115934371948,0.0,0.30617544756299897,0.693824552437001
5eb7c72f-d404-4ce2-8502-cc0b50f1be75,3857259,0,0.2062549889087677,0.06991796091019031,18.604301,11.074292182922363,10.568029608540774,2,0.001748843351379037,0.4457126259803772,0.5525385141372681,0.0,0.4826725205978487,0.5173274794021513
3b5ce950-46b5-4f45-8497-aa373ab2b2b9,3857259,0,0.023062819615006447,0.006722190279799585,21.99932,14.293092727661133,11.8147129839471,1,0.00047149808960966766,0.3792323172092438,0.6202961802482605,0.0,0.40225218424712594,0.5977478157528741
90cbbc77-3c7c-4214-aaa6-921fda44fd2c,3857259,1,0.42453432083129883,0.27877104625003224,,13.41277027130127,15.094536471306842,-1,0.0023325264919549227,0.2989778220653534,0.6986896991729736,0.0,0.3105292049854391,0.6894707950145609
4b92ac50-0218-4169-8f6e-bb3558be3ae6,3857259,0,0.08800066262483597,0.2847444121896793,10.259142,13.406826972961426,14.106072765444372,2,0.0020032136235386133,0.46655240654945374,0.5314443707466125,0.0,0.42153377342518394,0.5784662265748161
bd452d0f-faec-4099-b231-507b979db552,3857259,1,0.10630792379379272,0.12084013807529466,,21.313495635986328,16.09605371425947,-1,0.0010050127748399973,0.40689095854759216,0.5921040177345276,0.0,0.3813750452525976,0.6186249547474024
985e6193-49d5-4135-a8ec-f3b97ebe8558,3857259,1,0.3459320664405823,0.30649246727566637,,14.537275314331055,17.347344537914054,-1,0.001365414820611477,0.25055763125419617,0.748076856136322,0.0,0.26771819057638957,0.7322818094236104
abd809b8-63af-405d-9638-2cad2f0554d0,3857259,0,0.11147808283567429,0.057092427243042684,7.611833,12.752716064453125,12.188368663269346,1,0.0005157290725037456,0.29362940788269043,0.7058548927307129,0.0,0.4224568589900749,0.5775431410099251
02284c4f-5e28-4417-a790-34cc85acb4be,3857259,1,0.9932582378387451,0.9882579857537703,,20.759868621826172,15.448188524340694,-1,0.00021240455680526793,0.49659472703933716,0.5031928420066833,0.0,0.5775586944213785,0.4224413055786215
0d1c463e-5902-4abe-9aef-3ee1dfcc73ad,3857259,1,0.7453989386558533,0.7571268710668576,,18.714712142944336,15.469690554424524,-1,0.000674851646181196,0.24117211997509003,0.758152961730957,0.0,0.34670412757226,0.65329587242774
942f47a2-2db7-4336-9d99-8830e1765179,3857259,0,0.1727924793958664,0.1200188048319398,19.859507,12.211221694946289,13.507785642747011,1,0.0015926810447126627,0.34578073024749756,0.652626633644104,0.0,0.37918518202725016,0.6208148179727498
10d43275-9204-4b99-b4d3-f5d088f75cf0,3857259,0,0.012462775222957134,0.006323839951383794,2.828427,12.208503723144531,10.333490228172533,1,0.0003933473490178585,0.36282432079315186,0.6367823481559753,0.0,0.45832357172284754,0.5416764282771525
acb11895-5901-4dae-bad4-b610d3caf425,3857259,1,0.4193652868270874,0.5529649935851962,,18.89101791381836,17.570465027095644,-1,0.0002983810845762491,0.2538299262523651,0.7458717226982117,0.0,0.38517587141905096,0.614824128580949
36243532-f669-4392-a31e-2809afad68bd,3857259,0,0.01107786875218153,0.0018976531687366757,13.529966,14.181618690490723,12.336895683653145,1,0.0002461833937559277,0.5141633152961731,0.4855906069278717,0.0,0.4356649095619204,0.5643350904380796
99b4b250-5d03-4ed4-b212-6f919dee5b93,3857259,0,0.10003392398357391,0.015522591712927377,8.318654,8.571788787841797,10.681917438254116,2,0.0012613226426765323,0.6183821558952332,0.3803565502166748,0.0,0.5681178428918019,0.43188215710819805
92f0685a-8b48-4695-9743-96b026f07b85,3857260,1,0.7246332168579102,0.7496445374526621,,12.352350234985352,12.048220712689998,-1,0.0021215220913290977,0.5429214239120483,0.45495715737342834,0.0,0.36473954888940385,0.6352604511105961
1445928e-72a2-42c8-902a-63f847af0b25,3857260,0,0.16391940414905548,0.4653690267714062,11.535164,12.229837417602539,11.065603347060337,1,0.0015445221215486526,0.409502238035202,0.5889531970024109,0.0,0.4736909472952653,0.5263090527047347
3e4c0f5a-c752-44b0-bfeb-dc4e5da86779,3857260,0,0.006327167619019747,0.004742762332949689,10.5948105,6.718693733215332,8.821368410022432,1,4.191762491245754e-05,0.5059202909469604,0.4940377175807953,0.0,0.4269909533920301,0.5730090466079699
6d6069d7-a43e-4f3b-8342-886705b0937f,3857260,1,0.9614458084106445,0.9281410665471013,,13.928435325622559,12.904115475683946,-1,0.0007355089182965457,0.4698513150215149,0.5294131636619568,0.0,0.6199178086865558,0.3800821913134443
d30815e8-488c-4b24-ae01-49961537c002,3857260,0,0.0011191697558388114,0.00034961491211004563,11.7652025,8.873381614685059,8.302044758807124,2,4.352634732640581e-06,0.348605751991272,0.6513898968696594,0.0,0.24976844927886632,0.7502315507211337
8d81f74f-eadb-4afd-bd0a-fff100fee312,3857260,0,0.00308434315957129,0.0008035126008848548,13.6926985,12.42800521850586,11.58429344539602,2,2.1140638637007214e-05,0.4664643108844757,0.5335146188735962,0.0,0.32411387429292793,0.6758861257070721
6e3cbc7e-b94f-4c77-834b-d1398be7caf6,3857260,0,0.009176930412650108,0.00068836913995254,25.187298,14.718659400939941,12.161353232047286,2,7.534764881711453e-05,0.4858104884624481,0.5141141414642334,0.0,0.36581653988760243,0.6341834601123976
af76a08d-a6ea-45fe-8048-f43fe691c4b5,3857260,0,0.025071773678064346,0.0037564246559672492,1.7204651,12.003362655639648,13.600957101564644,1,0.0005805031978525221,0.391897976398468,0.6075214743614197,0.0,0.31470440159075375,0.6852955984092463
a13989ab-9fcb-4661-bca2-023d70da9672,3857260,1,0.012101343832910061,0.0028886253140149734,,15.225465774536133,14.269838645926047,-1,0.00012083895853720605,0.3771892189979553,0.6226899027824402,0.0,0.41958134049289064,0.5804186595071094
a0331406-1326-4345-bc2e-fd8c899a467d,3857260,0,0.14758223295211792,0.27294434809024776,19.302332,8.383780479431152,10.662447816264038,2,0.0012857294641435146,0.42565640807151794,0.5730577707290649,0.0,0.3461275514024461,0.6538724485975539
2c691ed3-feb2-4e83-817f-b20a18d2c134,3857260,0,0.010054533369839191,0.00018375309005111645,13.445073,12.147695541381836,9.23160046475214,2,7.689123594900593e-05,0.2450050264596939,0.7549181580543518,0.0,0.14322986948337213,0.8567701305166279
1fafd2e8-a540-463b-9eef-d2151bcdaeaa,3857260,1,0.5183207988739014,0.6506401864439099,,11.63404369354248,18.97197513197515,-1,0.014464321546256542,0.45043033361434937,0.5351053476333618,0.0,0.6083505337387557,0.3916494662612443
814b6ada-703c-4b27-b11a-c5257da94b02,3857260,0,0.004158346448093653,0.0015809937275015262,12.369317,14.690622329711914,14.29180115010511,2,3.0984294426161796e-05,0.3770107328891754,0.6229583024978638,0.0,0.3407119672819001,0.6592880327180999
43049323-22e3-44d5-af5f-3885a5627a46,3857260,0,0.034700796008110046,0.006290797372152704,16.62077,12.88495922088623,9.99241092677753,1,0.00028318376280367374,0.5596925616264343,0.4400242567062378,0.0,0.5701348928012783,0.42986510719872173
eb811e0f-2b2c-4cef-b385-a5d69384f27b,3857261,1,0.4195336103439331,0.5876347230717609,,13.258033752441406,9.187918243678666,-1,0.01000120583921671,0.44981974363327026,0.5401790142059326,0.0,0.644376138754881,0.3556238612451191
ee69514f-2c65-4fd7-96f9-c5f522138319,3857261,0,0.003790544578805566,0.00047339773271772007,12.442669,12.08891773223877,12.619319532614238,1,9.42313126870431e-05,0.41284501552581787,0.587060809135437,0.0,0.419225104773046,0.580774895226954
8c6cf9b6-4e78-41c7-af81-b1bcad3198f4,3857261,0,0.019331060349941254,0.016521823434822804,0.7,10.189722061157227,9.171017391460618,2,0.0002723658690229058,0.3392064571380615,0.6605212092399597,0.0,0.48439634554677324,0.5156036544532268
4fea76a9-236a-4e7a-961e-5c3c821ad875,3857261,0,0.7771773338317871,0.8584045953859609,13.507035,22.686845779418945,21.485199782611534,1,0.003507189219817519,0.39796191453933716,0.5985308885574341,0.0,0.3568492956016863,0.6431507043983137
dfbdfd42-eddc-41fe-8da1-da08c6cca1dd,3857261,0,0.01264023408293724,0.011472572432949512,12.439052,13.588936805725098,13.415772038425017,1,0.00015437538968399167,0.3567303419113159,0.6431152820587158,0.0,0.3937974710783064,0.6062025289216936
5244dc36-2c11-4541-a816-f3bd0037d8c4,3857261,0,0.01795496605336666,0.009514756422521422,20.18539,11.085806846618652,8.968328768688103,2,0.000547905801795423,0.4269377291202545,0.5725143551826477,0.0,0.42594288788867574,0.5740571121113243
136fe2e5-567b-46d8-ac96-3691b83ad055,3857261,0,0.013860036619007587,0.006839702922996072,23.744684,13.442838668823242,12.562978378319059,2,0.0002992039662785828,0.3941994309425354,0.6055014133453369,0.0,0.32566750537144895,0.674332494628551
2a96478b-814b-44e4-be58-a0336e41c10c,3857262,1,0.5836064219474792,0.6079184790335793,,15.242752075195312,13.503034021557697,-1,0.0021665755193680525,0.2875449061393738,0.7102885246276855,0.0,0.3143309480962816,0.6856690519037184
9425aeac-bbcd-4119-af45-862d6928452a,3857262,0,0.6430260539054871,0.54423419326571,25.045958,10.697977066040039,15.554245065591065,2,0.0029122286941856146,0.47572073340415955,0.5213671326637268,0.0,0.35310842386349195,0.646891576136508
ce7b4a99-13e4-4d9e-b5f4-9fa4029e1e95,3857262,0,0.001909582526423037,0.0016882736729487556,15.446683,12.52769660949707,11.461583746722223,1,3.8850812416058034e-05,0.35827553272247314,0.6416856050491333,0.0,0.41295857048641404,0.587041429513586
0066b904-c8d5-479e-9ae4-e93eef012023,3857262,0,0.006207113154232502,0.0015241553991339092,12.491998,14.645601272583008,12.971580711352079,1,0.0001097225904231891,0.3533499538898468,0.6465403437614441,0.0,0.31805627738954245,0.6819437226104575
9b68ca25-e097-44b9-926f-0dc4ee91cc68,3857262,1,0.23888643085956573,0.4140479188734972,,13.034152030944824,10.96268672850703,-1,0.0012218892807140946,0.3086729645729065,0.6901051998138428,0.0,0.40720353095866746,0.5927964690413325
6f4ebea5-09ea-4fde-a585-f6c8e6767b05,3857262,0,0.01438895519822836,0.005747775113126334,16.75858,14.598299026489258,14.647800337837797,1,0.0001696948747849092,0.2851506471633911,0.7146796584129333,0.0,0.3945139251176084,0.6054860748823916
a149214b-882b-4c48-97ca-7fae7fbe0e8d,3857262,1,0.34012094140052795,0.46483946671013554,,12.829959869384766,11.642218671549639,-1,0.0011722240597009659,0.27532467246055603,0.723503053188324,0.0,0.27308151724808816,0.7269184827519118
0a51390a-4d4c-46ba-aa42-de8817026451,3857262,1,0.9902331829071045,0.9910236858395177,,15.16609001159668,8.692270684990373,-1,0.0004294667742215097,0.6957319378852844,0.30383867025375366,0.0,0.585726357395784,0.414273642604216
4e59408d-c22a-40bb-b942-4d464eed347f,3857263,0,0.27863064408302307,0.258954889838379,6.0207973,15.273086547851562,12.29080486577023,1,0.0012548381928354502,0.30688905715942383,0.6918560266494751,0.0,0.20819080734220197,0.791809192657798
ee9feaa3-5da3-474e-bf92-fe432f78426b,3857263,1,0.24251984059810638,0.24111231476608716,,14.003198623657227,13.215129003556875,-1,0.0017031535971909761,0.32834142446517944,0.6699553728103638,0.0,0.29720165125718123,0.7027983487428188
2a734dfa-98b7-4d3f-96a9-3f204c97341b,3857263,1,0.5894961357116699,0.7661038610134079,,10.250494003295898,13.202967060004344,-1,0.0015520041342824697,0.43867766857147217,0.5597703456878662,0.0,0.4547021238412533,0.5452978761587467
34aad350-522e-4d5f-9c51-23157c1454f7,3857263,0,0.023959331214427948,0.016886628692972517,7.805767,8.302169799804688,11.232091866531698,2,0.0005370450089685619,0.5190108418464661,0.48045217990875244,0.0,0.3997770400276902,0.6002229599723098
088e08b9-07e2-4fda-98ee-4a97b27a4d41,3857263,1,0.9373982548713684,0.8308919363091178,,10.847297668457031,12.426822218903622,-1,0.00021931268565822393,0.5551602244377136,0.44462043046951294,0.0,0.5884300171718018,0.4115699828281982
051a7d89-5036-4318-80f9-e6a6e51684cd,3857263,0,0.008325072005391121,0.0035544833718919376,38.30196,11.21914291381836,13.482708421118875,2,0.00039620560710318387,0.5385686159133911,0.46103522181510925,0.0,0.5921327180605116,0.40786728193948846
a82bbe91-b382-4bea-bbe4-0b73ad001af8,3857263,1,0.8493937849998474,0.9345705975839274,,12.282814979553223,15.323096372041494,-1,0.0017366608371958137,0.5587649345397949,0.4394984543323517,0.0,0.48406833206478794,0.5159316679352121
d7e61230-f7a7-4e87-96d9-210263b896be,3857264,0,0.011537428945302963,0.008850218664536969,3.4409301,12.412394523620605,12.08169534216497,2,0.00033887106110341847,0.5893151760101318,0.41034597158432007,0.0,0.5058147694404032,0.4941852305595968
e0d88187-7c0e-4a4d-b7da-e11228e4c5ea,3857264,0,0.6490314602851868,0.6255668610917243,19.018412,20.875091552734375,15.305513166938052,2,0.0009951641550287604,0.3440650701522827,0.6549397706985474,0.0,0.2873160073367018,0.7126839926632982
f8e7b4eb-4a66-403a-a7df-6003adca05a5,3857264,0,0.009821407496929169,0.00602535567368511,15.141994,11.928690910339355,12.549891223297921,2,0.0003766089794225991,0.42127522826194763,0.5783481597900391,0.0,0.422221262728701,0.577778737271299
87209fe4-9459-44f1-80ad-5c5d09fb8c70,3857264,0,0.3491608798503876,0.4162415805557811,18.450474,14.665492057800293,14.542523350539852,2,0.0012711597373709083,0.2462829351425171,0.7524459362030029,0.0,0.31334352522997666,0.6866564747700233
4aeada3f-bbe5-427c-b004-efb39d217196,3857264,0,0.7718502879142761,0.7814623646788924,14.052046,15.553470611572266,15.076026788373426,2,0.0017558489926159382,0.4351838231086731,0.5630603432655334,0.0,0.4454387137753316,0.5545612862246684
093fcbdc-8528-498d-a97f-8356353b8a82,3857264,0,0.03447631374001503,0.005640856708858531,12.050311,10.47710132598877,10.650896386550183,1,0.0009733607294037938,0.4750903844833374,0.5239362716674805,0.0,0.5518465330712815,0.4481534669287185
fef300d1-45f6-4128-ac07-bc688e3a101f,3857264,0,0.6073619723320007,0.6268401521835988,29.948288,16.40383529663086,13.053191090411177,2,0.002555123995989561,0.3611210882663727,0.6363237500190735,0.0,0.21427478045141868,0.7857252195485813
2b551822-5e94-496e-8162-c076563ec461,3857264,1,0.517310380935669,0.5020825580151487,,15.812585830688477,16.16133489138264,-1,0.0022644151467829943,0.33288854360580444,0.6648470759391785,0.0,0.3688277998931626,0.6311722001068374
ef57fa17-de7a-4e17-a0da-893a37c5460e,3857264,0,0.018620163202285767,0.0023909892405225156,9.867117,13.839698791503906,14.056018036641506,2,0.0007207386661320925,0.4481717646121979,0.5511075258255005,0.0,0.46594558752296966,0.5340544124770303
1a76ccb7-b146-47cb-8ee1-ee6897de2b79,3857264,0,0.028356065973639488,0.19682562813874924,9.489468,13.146641731262207,12.771068868324368,2,0.0007816835423000157,0.4792344570159912,0.5199838280677795,0.0,0.5806288571819249,0.4193711428180751
a588fb81-0e2a-4444-8bed-d5f1247c8003,3857265,0,0.016997041180729866,0.0007290692406647941,13.656135,13.829975128173828,12.323136343526516,2,0.0006422225851565599,0.4677428901195526,0.5316148400306702,0.0,0.31040504290367044,0.6895949570963296
1197188f-5f71-43c2-9f57-400bc54f188c,3857265,0,0.07170796394348145,0.04869909967399528,13.018832,11.223021507263184,10.786596759951738,1,0.0005354013992473483,0.31933510303497314,0.6801295280456543,0.0,0.308958404033954,0.691041595966046
855b0194-5f10-4405-a9fc-d9ec3e7c83bb,3857265,0,0.036697253584861755,0.005397114410370257,17.666351,15.546514511108398,13.379931028301696,2,0.000599125400185585,0.41679200530052185,0.5826088190078735,0.0,0.49086313451242003,0.50913686548758
3e3c7715-1563-4b74-9a2a-1952bdf27387,3857265,0,0.028464674949645996,0.031889838811290316,3.8078866,9.559954643249512,8.605136276955532,1,0.00041984740528278053,0.46587321162223816,0.5337069034576416,0.0,0.3715594445592566,0.6284405554407434
54541e9d-0c7c-44df-bcbf-2989d14c7abd,3857265,0,0.5609100461006165,0.7288995836257202,11.401754,18.535419464111328,15.434751553117245,2,0.0012456165859475732,0.29435038566589355,0.7044039368629456,0.0,0.34383629999982035,0.6561637000001797
4437a5e6-5eaa-49da-87ac-8c4132f9fe04,3857265,1,0.7573413848876953,0.8127548122634197,,13.579180717468262,13.245245805811912,-1,0.0008356809848919511,0.5977257490158081,0.4014385938644409,0.0,0.5779568442077125,0.42204315579228746
f52fff32-37f4-4706-bd1e-9d385a5397b8,3857265,0,0.014770862646400928,0.003807071798949698,22.45885,11.316071510314941,12.866012281109347,2,0.0007467558025382459,0.46564415097236633,0.5336090922355652,0.0,0.4584432465932149,0.5415567534067851
a3d6f205-16a4-430f-b360-623b0b15b650,3857265,1,0.9977511763572693,0.9895893552959,,35.197635650634766,15.57886989070873,-1,6.29648711765185e-05,0.4451804459095001,0.5547566413879395,0.0,0.6345132363109682,0.3654867636890318
fd514d8a-9026-4176-b68b-eb77e6c283ec,3857265,0,0.41692203283309937,0.4369492675683233,19.424726,17.98187828063965,15.812702790099532,2,0.0009227914270013571,0.23448392748832703,0.764593243598938,0.0,0.26544465732976774,0.7345553426702323
bcc2ac42-cd8b-47d0-828d-c9e624128922,3857266,0,0.10292143374681473,0.52292727117428,14.756694,15.567790985107422,11.484895904370319,1,0.0007112216553650796,0.3883628249168396,0.6109259128570557,0.0,0.5430409993462777,0.4569590006537223
20a2d27b-0f8b-49cc-b412-08313127c159,3857266,1,0.7885134220123291,0.9054725914569001,,20.411489486694336,16.709627441610458,-1,0.003924476448446512,0.44563356041908264,0.5504419803619385,0.0,0.4745626608773016,0.5254373391226984
666ab184-a16b-4c70-90c8-1f482fb78a66,3857266,0,0.27011531591415405,0.33752826857655027,3.4014702,14.489706993103027,14.33818480570452,2,0.0004180834803264588,0.17054492235183716,0.829037070274353,0.0,0.27040218439813946,0.7295978156018605
ba926c80-ffcc-4b84-a2a0-dbe363f7e1f5,3857266,0,0.0016832334222272038,0.0011980265634284023,8.438009,10.749687194824219,11.328483755785784,2,3.9248709072126076e-05,0.43829816579818726,0.5616625547409058,0.0,0.47507911058180274,0.5249208894181973
69f2c199-16bc-4544-811b-ff792501f428,3857266,0,0.013153479434549809,0.013855616465481554,27.973202,13.450502395629883,11.391784830183985,2,0.0003286316932644695,0.47898662090301514,0.5206847190856934,0.0,0.5050256469189023,0.49497435308109766
0398e2f7-519d-4be7-9ae0-0487b48d192f,3857266,0,0.0011862681712955236,0.0012531945474382313,19.568598,9.748968124389648,10.296554049412144,2,2.8599550205399282e-05,0.399414986371994,0.6005564332008362,0.0,0.551604646878354,0.448395353121646
b2b0f403-72ee-4463-92d0-e73ec879a07c,3857266,0,0.39579060673713684,0.6151022944940624,11.253888,19.588233947753906,14.484726783844081,2,0.002661135047674179,0.22886541485786438,0.7684733867645264,0.0,0.39184373440022147,0.6081562655997785
d97ba003-33b2-40c8-aa75-d6d69182a96a,3857266,0,0.005670413840562105,0.002456972965990318,16.457521,9.327052116394043,12.891861800762962,2,5.712329220841639e-05,0.38350144028663635,0.6164414286613464,0.0,0.44180247402732964,0.5581975259726704
6a2c9811-d359-411a-8dff-6d076ed40d18,3857266,1,0.9951441287994385,0.9917120487804013,,15.77285385131836,13.709040830576065,-1,0.00025216216454282403,0.7519773244857788,0.2477704882621765,0.0,0.8025788486823457,0.19742115131765428
7709d512-9b26-46cd-96f4-e6b8ce486cb2,3857266,1,0.9992546439170837,0.9994536971858421,,14.587715148925781,16.842418951239427,-1,2.268510070280172e-05,0.7436116337776184,0.25636565685272217,0.0,0.8978365734880144,0.10216342651198562
a665f406-c436-4f64-96e5-a02c950a3559,3857266,1,0.9995871186256409,0.9984498363796194,,12.939599990844727,15.200801645835448,-1,9.067131941264961e-06,0.8032686114311218,0.19672223925590515,0.0,0.7827389800992893,0.21726101990071067
744dfd75-a154-49a1-812d-4a997c7475ae,3857266,0,0.28496208786964417,0.33522308629059183,22.042233,14.63841438293457,15.189708149367139,2,0.001196729252114892,0.22378996014595032,0.7750133275985718,0.0,0.2906602219828307,0.7093397780171693
75efa691-3d76-4b13-bd6a-53c08a039e1f,3857266,1,0.8931894302368164,0.7448191071522234,,10.626047134399414,9.435023632347379,-1,0.00029346300289034843,0.4857965111732483,0.5139100551605225,0.0,0.45288569556416813,0.5471143044358319
95965eb0-8a6f-444b-bd31-774f3aeb2d09,3857266,1,0.9934384226799011,0.9706291590091711,,14.470101356506348,17.15631635868327,-1,0.0002913014614023268,0.7036800980567932,0.2960285544395447,0.0,0.7538633544968101,0.2461366455031899
bfa24e12-c3a7-43ca-8cac-395f1328aa49,3857267,0,0.9149746894836426,0.9267711692987546,12.675173,13.615744590759277,15.581277248788496,2,0.0020437296479940414,0.36789336800575256,0.6300629377365112,0.0,0.4084611818870453,0.5915388181129547
34a83c3e-f3fb-4ad5-8745-6a7dd9584056,3857267,0,0.33824804425239563,0.42584633185432846,31.400637,13.810442924499512,16.669038869442495,2,0.002642808947712183,0.37746864557266235,0.6198885440826416,0.0,0.3425909778711095,0.6574090221288905
23793788-b14a-43bf-9e4b-762d8aaa2603,3857267,1,0.43149057030677795,0.4727348179738593,,14.974363327026367,14.321532369766135,-1,0.0028122123330831528,0.40345945954322815,0.5937283039093018,0.0,0.3766644142794783,0.6233355857205217
12cbb176-bfd1-4424-9f5e-5367571f35b6,3857267,0,0.3210768401622772,0.3877082509823673,10.376898,17.919235229492188,18.800615678597598,2,0.002227592980489135,0.27200615406036377,0.7257662415504456,0.0,0.28278074065381853,0.7172192593461815
65334da2-e3e1-4e8f-baa4-3878a26f8d0d,3857267,0,0.5469465851783752,0.12951405922751402,12.776933,17.916790008544922,14.410483243807334,2,0.003308061510324478,0.46753838658332825,0.52915358543396,0.0,0.42358226627226403,0.576417733727736
556915af-0ca2-4163-a7af-c23756c5277e,3857267,1,0.9967553019523621,0.9179619968204868,,11.056742668151855,12.604798635985752,-1,6.071991447242908e-05,0.2669106423854828,0.7330285906791687,0.0,0.32107490915611636,0.6789250908438836
825be041-0ad6-4582-97be-c0cc78c9b946,3857267,1,0.9991451501846313,0.9973701800563967,,12.225788116455078,17.477740186729953,-1,1.8901728253695183e-05,0.2573820650577545,0.7425990104675293,0.0,0.5973392911972523,0.40266070880274774
d89fa2d3-66a6-45fb-b003-186754a066e7,3857267,1,0.6000794172286987,0.4472408991124955,,15.697273254394531,11.567465930349073,-1,0.0014171367511153221,0.31066176295280457,0.6879211068153381,0.0,0.3176198508997925,0.6823801491002075
4bff9161-4ff3-414a-9dc4-a2eb11d2440b,3857267,1,0.6406527757644653,0.51829011672727,,17.44110679626465,11.839418779275352,-1,0.001463004038669169,0.2907349765300751,0.7078020572662354,0.0,0.39974288764843036,0.6002571123515696
63c21313-987d-45f0-a4df-1e2f945dbcc6,3857267,1,0.9997333884239197,0.9947272411020558,,10.289081573486328,15.847344443396949,-1,8.197046554414555e-06,0.28103718161582947,0.7189546227455139,0.0,0.5474725174016913,0.45252748259830866
4a048e09-2c98-4c16-99de-d720e87340f8,3857267,0,0.006057226099073887,0.003828668580734266,8.980535,12.908099174499512,11.920796963569316,2,0.00024151535762939602,0.5029845833778381,0.496773898601532,0.0,0.4779290525227501,0.5220709474772499
1b963ae9-f02e-46c6-9a6a-e091bfdadfc1,3857267,0,0.6032699942588806,0.6419433715243421,13.851354,14.8641357421875,17.333497282004124,1,0.0023469936568289995,0.2791043221950531,0.7185486555099487,0.0,0.2621255631844486,0.7378744368155514
38e835b9-1bbd-4d40-a18f-1dad5cf4e5f2,3857267,0,0.012759434059262276,0.005406934223794909,6.7675695,10.04576587677002,8.315484331512213,1,0.00036791613092646003,0.47377729415893555,0.5258548259735107,0.0,0.3901711539809195,0.6098288460190805
322e635f-9c3e-4cb9-a229-72f632a04083,3857267,1,0.5428926348686218,0.6911194235131299,,21.5815372467041,18.954184699042813,-1,0.0008651859825477004,0.36244693398475647,0.6366879343986511,0.0,0.23147225142461791,0.7685277485753821
1b2f84e3-e385-42b7-a69d-d8a17ee4af66,3857267,1,0.9374849796295166,0.8388584048118077,,13.948038101196289,14.983596624609648,-1,0.0007970295264385641,0.43873029947280884,0.5604726672172546,0.0,0.37725406784143334,0.6227459321585667
b3b4b658-0729-426b-8931-8b6c53fa0fd0,3857268,1,0.35941576957702637,0.43985643169427335,,11.980026245117188,13.706860072740744,-1,0.0029506683349609375,0.36080360412597656,0.6362457871437073,0.0,0.34433488905002063,0.6556651109499794
0ed4f60f-aee9-49e0-a54c-dfe7168efb74,3857268,0,0.019758636131882668,0.035564516531785086,18.553976,13.175383567810059,11.906890325895775,2,0.0002930022601503879,0.3494735062122345,0.6502334475517273,0.0,0.40247785361982513,0.5975221463801749
bf6569cc-0148-4a5e-be7c-d500bc8127a1,3857268,0,0.0034802970476448536,0.0024788435782155155,12.61943,15.237455368041992,11.842075044556125,2,1.9096763935522176e-05,0.32374322414398193,0.6762377023696899,0.0,0.23560070842576608,0.7643992915742339
6ffa0fef-4e72-40bb-937d-541e177df565,3857268,1,0.06668342649936676,0.0068821171653406345,,12.701457023620605,11.541535025585771,-1,0.0013125900877639651,0.40068385004997253,0.598003625869751,0.0,0.3624333052559492,0.6375666947440508
3ddf9958-9b6e-4b1e-ba2d-71c8059231ca,3857269,0,0.023484880104660988,0.03343862553993575,15.3482895,9.606685638427734,9.460711477172985,1,0.0005568524356931448,0.3796699047088623,0.6197732090950012,0.0,0.20840438299997144,0.7915956170000286
62583b56-6320-443b-abaf-17c6ec7f02af,3857269,1,0.9992061257362366,0.9977598000662926,,12.982137680053711,12.339935879415917,-1,2.370688525843434e-05,0.7325287461280823,0.2674475610256195,0.0,0.3511252942889338,0.6488747057110662
4e88ed89-12e5-403a-bee8-e854764ac6f7,3857269,0,0.07630424201488495,0.08516555031070525,8.060397,8.708459854125977,8.4195292453584,1,0.0004182074626442045,0.4720335304737091,0.5275482535362244,0.0,0.5455602456903188,0.45443975430968125
b3e296c9-1d5f-40c5-bf5c-2e9521544cd3,3857269,1,0.22707435488700867,0.18191270986994335,,12.575203895568848,13.446624703899984,-1,0.00035211557406000793,0.1968493014574051,0.8027986288070679,0.0,0.2029375186400274,0.7970624813599726
d044fcd7-89e5-4314-a7fe-9ab18b048446,3857269,1,0.9987394213676453,0.9987561877371388,,17.024883270263672,12.58865685063689,-1,2.520289308449719e-05,0.6403765082359314,0.3595983684062958,0.0,0.3743445255673421,0.6256554744326579
f4b4d8cf-a20c-43fc-b5aa-ac82ffcb9867,3857269,0,0.12348505109548569,0.013105668051418669,28.240751,11.333823204040527,10.133790376223226,2,0.002408539177849889,0.4417448043823242,0.5558466911315918,0.0,0.39094220442158356,0.6090577955784164
aae7be9d-62b1-4efd-bc31-2da40afd4137,3857269,0,0.011733337305486202,0.0015508927447161244,1.7691807,8.905782699584961,9.766370124617639,2,0.00015418132534250617,0.32396483421325684,0.675881028175354,0.0,0.2497231368083075,0.7502768631916925
0c0ab8d4-50f2-458e-b239-cfee9a5cfc31,3857269,1,0.656290590763092,0.8970337007922055,,18.298303604125977,15.96308343381138,-1,0.0035707021597772837,0.348403662443161,0.6480256915092468,0.0,0.3171051189839529,0.6828948810160471
9d13d01e-a320-4f4f-985e-2d393a42a647,3857270,0,0.024852871894836426,0.007000115839678335,16.82409,10.723177909851074,8.285367522384455,1,0.0007630930631421506,0.40880632400512695,0.5904306173324585,0.0,0.39266892915684426,0.6073310708431557
65960597-28aa-4279-ad8f-a24e2d17dd72,3857270,1,0.2882462441921234,0.6761984950836519,,16.669918060302734,12.603817992875078,-1,0.0021622334606945515,0.5080331563949585,0.48980453610420227,0.0,0.4713022706289045,0.5286977293710955
15f9264f-b276-49d9-98d2-bde219f69dea,3857270,0,0.04954488202929497,0.01364326048996679,6.303174,12.015288352966309,13.898617631833867,2,0.0010243586730211973,0.6036185622215271,0.39535704255104065,0.0,0.4800395405649377,0.5199604594350623
3e6139ce-f4f8-49be-9af7-e3ca067b2ab4,3857270,1,0.9926614761352539,0.9933915585966053,,14.84985637664795,15.320174295357681,-1,0.0002629603841342032,0.577630341053009,0.42210668325424194,0.0,0.690994328875863,0.309005671124137
759519ec-b61a-40fa-8737-71d39076b94f,3857270,0,0.5598118901252747,0.552641299401893,22.77279,17.047630310058594,17.97060563052099,2,0.0045395540073513985,0.3022371232509613,0.6932232975959778,0.0,0.22736459962004096,0.772635400379959
b1ab2e8c-7935-41a3-a44c-970836bd16f9,3857270,0,0.10144711285829544,0.22298817741364046,14.776333,11.760193824768066,10.48841817550747,2,0.00215341430157423,0.44319480657577515,0.5546517372131348,0.0,0.38078389057383777,0.6192161094261622
99ed7aa2-71bd-401f-aa2d-3facb3f17b30,3857270,0,0.0450785756111145,0.08395865299404552,17.33032,12.97477912902832,14.47649468754506,2,0.0010231484193354845,0.402591735124588,0.5963850617408752,0.0,0.3460053935235706,0.6539946064764294
156cbc07-022b-4d98-bf2e-8ac6b1214b63,3857270,0,0.009394941851496696,0.0028310926139142635,19.171854,10.042766571044922,9.684365106867155,2,0.00016634677012916654,0.535655677318573,0.46417802572250366,0.0,0.45537232380842074,0.5446276761915793
914b5fbd-df5b-44f8-9e61-c3b4aede13e9,3857270,0,0.0169200599193573,0.020342822360289902,18.11574,10.532550811767578,11.545758073162819,1,0.00033917403197847307,0.5016639828681946,0.49799680709838867,0.0,0.627934719184609,0.372065280815391
bfe9f897-4fc1-4a5b-8b1b-09904530791e,3857270,0,0.33685043454170227,0.38750036829528456,19.009472,14.301911354064941,15.123874064223767,2,0.0032410449348390102,0.3771088719367981,0.61965012550354,0.0,0.38103966898598896,0.618960331014011
7b785280-21a5-4e4e-ab61-9305e5fa912c,3857271,0,0.014397985301911831,0.0039062416173167207,12.330855,14.393720626831055,12.572228945907527,2,0.0004841031914111227,0.4507887363433838,0.5487272143363953,0.0,0.35345441625672813,0.6465455837432719
43cb2132-4dcf-4e73-b237-3738bcbd4b5b,3857271,1,0.9975631237030029,0.9922187608082594,,10.92537784576416,15.421973673654009,-1,5.8827048633247614e-05,0.4493348300457001,0.550606369972229,0.0,0.6043162892377729,0.3956837107622271
1ca0a78b-ec0b-4f1e-858c-75b968c51440,3857271,1,0.9996914863586426,0.9952383190342815,,10.6198148727417,20.900807374854477,-1,8.43833367980551e-06,0.3320595920085907,0.6679319143295288,0.0,0.678643291307008,0.3213567086929921
5fea8273-4c56-46bc-aa88-ed892c1e9244,3857271,0,0.007105017546564341,0.0021139227304167204,17.245579,9.182053565979004,11.845202742392596,2,0.0002653954434208572,0.488584965467453,0.5111495852470398,0.0,0.5634404558748316,0.43655954412516845
f533df63-4943-4338-8b62-cea7e0a38612,3857271,0,0.0019367306958884,0.00014561753132404364,13.662357,9.307619094848633,8.821111755090081,1,2.4942191885202192e-05,0.40891069173812866,0.5910642743110657,0.0,0.5269094974964391,0.4730905025035609
b463c1a2-d9c6-4905-8100-53e6728218a2,3857271,0,0.4853133261203766,0.4693964213194074,16.796726,17.773387908935547,16.525539549278523,2,0.001932685961946845,0.2603161036968231,0.7377512454986572,0.0,0.30388072954515977,0.6961192704548402
2656a5c5-b80d-4daa-8a73-74a368e10fa3,3857271,0,0.5920412540435791,0.3697930324239639,26.44844,17.81717300415039,14.815899048205166,2,0.0018004914745688438,0.3135470747947693,0.6846525073051453,0.0,0.2648494980885634,0.7351505019114366
ef542316-ebd3-4560-9e8c-2cd0f47388e1,3857271,0,0.39530861377716064,0.3260897449686114,15.804113,14.852154731750488,18.18778452914758,2,0.0018940860172733665,0.3386996388435364,0.659406304359436,0.0,0.19158469607452955,0.8084153039254705
5f3e6244-4bf4-4dc0-87c3-48b6c1827315,3857271,1,0.996232807636261,0.9997762909508102,,9.432596206665039,11.669319823434082,-1,5.8575129514792934e-05,0.35818198323249817,0.64175945520401,0.0,0.8906105753286956,0.10938942467130439
2914c51a-07d6-4606-a785-d84781753c13,3857271,0,0.44660791754722595,0.03226168452936493,16.376812,17.6448917388916,14.814815892644466,2,0.0019999623764306307,0.4862317740917206,0.5117682218551636,0.0,0.47838458157049946,0.5216154184295005
c90d2279-f014-4a13-bf2e-8352171aecbe,3857271,1,0.6521639823913574,0.5278718125924832,,19.31036949157715,13.494417423853015,-1,0.0010118415812030435,0.2655353248119354,0.7334528565406799,0.0,0.34471686734407936,0.6552831326559206
5d4d578c-dae4-4bdc-9e20-4398b8336c9d,3857272,0,0.1190493255853653,0.1698973554804511,29.64203,14.79810619354248,14.499962503519962,2,0.001150202238932252,0.4328318238258362,0.5660179853439331,0.0,0.33243608398706603,0.667563916012934
a156ae3b-c674-4255-889a-4ec5b1b747de,3857272,1,0.25076013803482056,0.4009857478072356,,17.113801956176758,16.757623428466033,-1,0.0006261689122766256,0.18926696479320526,0.8101068735122681,0.0,0.22356061409330918,0.7764393859066908
6325f8f4-9db4-49b8-8844-06d444da046f,3857272,1,0.8410162329673767,0.9230491680232025,,13.647741317749023,13.596408851827452,-1,0.0009456562693230808,0.566626250743866,0.4324280917644501,0.0,0.6155922501299639,0.3844077498700361
73290f5f-205d-45bb-b824-00c0e450271a,3857272,0,0.006693789269775152,0.0021645380463995723,15.942396,14.67914867401123,13.83701515290792,2,2.855905404430814e-05,0.2951432764530182,0.704828143119812,0.0,0.3406257022709015,0.6593742977290985
0590d16b-0c96-4444-9497-7d2c072af715,3857272,1,0.3222407102584839,0.3523885467018191,,17.098527908325195,13.229890712062407,-1,0.0007466928800567985,0.2713605463504791,0.7278928160667419,0.0,0.2839223144336803,0.7160776855663197
66a7bcd0-8d0b-4155-8110-bc7c4c887476,3857272,0,0.0014294091379269958,0.00010165451787949851,10.34698,11.528034210205078,9.258544904029733,2,2.416305051156087e-06,0.22641369700431824,0.7735839486122131,0.0,0.09335359598188253,0.9066464040181175
912e739e-c1c9-4965-80f9-023161abb513,3857272,0,0.022237207740545273,0.0021952420718240394,14.483784,11.467814445495605,13.523528328620852,2,0.00040877272840589285,0.48350825905799866,0.5160829424858093,0.0,0.37388517631059803,0.626114823689402
e1cd8c8d-fa89-4277-95fb-73a07c5dd757,3857272,0,0.1827239990234375,0.299464353865473,20.833866,14.884963989257812,16.05342912214379,1,0.003967666532844305,0.3718101978302002,0.6242221593856812,0.0,0.47226614745721973,0.5277338525427803
35857e6e-63d8-4dbe-a451-c5b50fa57b88,3857272,0,0.03595215827226639,0.027652348930619113,15.570806,9.711861610412598,10.544217624355243,2,0.0002192785614170134,0.6243672966957092,0.3754134178161621,0.0,0.6017278606793732,0.39827213932062683
cba1789d-9ea0-47b3-9809-26a67e814835,3857272,0,0.004924484994262457,0.0028733583434557416,15.875768,13.054051399230957,10.353288366268318,1,5.2458497521001846e-05,0.4958092272281647,0.5041383504867554,0.0,0.48576084526336694,0.5142391547366331
66d7ad1f-ca17-43a3-8813-d945a77737e1,3857272,1,0.46756282448768616,0.7619071842569849,,18.940160751342773,16.758784009655454,-1,0.0016112613957375288,0.28456899523735046,0.7138198018074036,0.0,0.3181454589928008,0.6818545410071992
e5a5fc0d-5f37-4e2d-bee3-21220d3f0e44,3857272,0,0.21562804281711578,0.38944059533938635,22.227236,12.974825859069824,12.219542300534522,2,0.012339875102043152,0.464952290058136,0.5227078199386597,0.0,0.45752297218170035,0.5424770278182997
8233a52d-de2d-4589-bb51-bd1db7c69674,3857273,0,0.6098697185516357,0.6046507648883803,22.322186,15.36713981628418,10.69622086584713,2,0.0019754739478230476,0.3268835246562958,0.6711409687995911,0.0,0.42221078362515596,0.577789216374844
7ea64346-671e-40fe-8264-4a101961f5b8,3857273,0,0.446158230304718,0.4591408179981348,21.56154,18.684982299804688,15.287364414740846,2,0.0012573795393109322,0.28514423966407776,0.713598370552063,0.0,0.3215281512152486,0.6784718487847514
00702eaa-0c0d-4562-8ab3-109b7fa3333b,3857273,0,0.5945141911506653,0.7136637304470657,17.724842,17.66234588623047,13.830433694693228,1,0.0018477006815373898,0.30813759565353394,0.6900147199630737,0.0,0.3791004135751639,0.6208995864248361
ad69c599-7aa8-4590-af81-fc95106b6fa0,3857273,0,0.00703902542591095,0.0010672869383415583,1.9104973,11.417574882507324,9.116704220930167,1,0.00015133543638512492,0.4184602200984955,0.5813884139060974,0.0,0.42730474710357436,0.5726952528964256
3db28285-7b18-4951-8cb7-5b5d2189c7c1,3857273,0,0.15550392866134644,0.08945007350255432,14.312582,13.576837539672852,14.168517578094937,1,0.001030650339089334,0.42842361330986023,0.5705457329750061,0.0,0.40891326680762397,0.591086733192376
a044fb87-71d3-4d98-b116-751a5c51f180,3857273,1,0.5286971926689148,0.4355821543312201,,19.050390243530273,14.81266675143433,-1,0.0016477444441989064,0.35511282086372375,0.643239438533783,0.0,0.325849072347838,0.674150927652162
49d255f7-7a6d-4aca-af22-b5999c9f8edf,3857273,0,0.007828100584447384,0.002243202325923834,11.315918,11.100136756896973,9.782904442137612,1,0.00017596148245502263,0.3508140444755554,0.6490100026130676,0.0,0.28228632856017577,0.7177136714398242
1cdc38c7-7a3c-484d-b27f-ec7559c30ded,3857273,0,0.6970251202583313,0.5929124843510416,30.386345,14.62532901763916,11.739860869985211,2,0.001118032494559884,0.364778071641922,0.6341038942337036,0.0,0.44956156831082483,0.5504384316891752
db013d36-3a03-48c7-bddf-99a8a4b02f01,3857273,1,0.5423517823219299,0.2113299202769211,,17.55750274658203,14.279008706956372,-1,0.0027845054864883423,0.31176549196243286,0.68545001745224,0.0,0.2075278987364888,0.7924721012635112
a43982d1-3a20-4062-b5d6-8024470bd4a8,3857273,1,0.5895138382911682,0.7931915118250179,,16.252418518066406,12.00749957520004,-1,0.0014080062974244356,0.5626021027565002,0.4359898269176483,0.0,0.38965850413886405,0.610341495861136
fa4b6d93-56db-4d05-9d45-6b469ecd6750,3857273,1,0.39563992619514465,0.2606583111703363,,17.958898544311523,16.11593379068827,-1,0.0008249009842984378,0.27403056621551514,0.7251445055007935,0.0,0.250410443740294,0.749589556259706
9f0d10ac-7833-48e8-a8a5-fb30defacc9a,3857273,1,0.998364269733429,0.9997849231678669,,12.228630065917969,13.409111746482266,-1,4.379764141049236e-05,0.5041232109069824,0.4958329498767853,0.0,0.9239360941054409,0.07606390589455918
09a25ddc-e1f6-405f-9776-7bf2a3d15ce1,3857273,0,0.042237211018800735,0.0016175780344052173,7.632169,10.75931453704834,7.809454363122372,1,0.00037378459819592535,0.29099488258361816,0.7086313366889954,0.0,0.387344283815088,0.612655716184912
fb0b6cf7-e20d-4368-9a33-ece46daba954,3857273,0,0.26679056882858276,0.011353310388300055,2.184033,12.034364700317383,9.879337774278214,1,0.0007712553488090634,0.3467664420604706,0.6524622440338135,0.0,0.3895922922040307,0.6104077077959693
a7fc52df-32a0-4f0f-9ff3-c9a706c2c196,3857273,0,0.49373477697372437,0.7230413967309934,19.730686,18.570659637451172,11.850550440846877,2,0.002747877733781934,0.30853742361068726,0.6887146830558777,0.0,0.3646881952905362,0.6353118047094638
8d8ca95d-ca5b-4109-9239-04bf3327ec56,3857274,0,0.052696593105793,0.03083838115146339,18.748066,7.73260498046875,9.498127600380379,2,0.0004695878305938095,0.5752460360527039,0.42428430914878845,0.0,0.49165973397175433,0.5083402660282457
aaddb356-d77e-45db-9e4a-abe9f02fadbd,3857274,0,0.10778048634529114,0.21925064306369557,22.649725,13.659049987792969,11.775322495049346,2,0.0010249408660456538,0.36344239115715027,0.6355326771736145,0.0,0.39172051934833907,0.6082794806516609
62be1d7b-70d5-401f-8f7d-9a241ecdb423,3857274,0,0.23743991553783417,0.2410526529039847,13.778606,13.935117721557617,15.563202307850503,1,0.0032707946375012398,0.29939645528793335,0.6973327994346619,0.0,0.2910437420748766,0.7089562579251234
703bf2ec-e5aa-4a18-a6dc-e2bede531516,3857274,0,0.00581559631973505,0.003517067339184517,8.635392,9.585853576660156,8.159639872996967,2,0.0001712604280328378,0.4603589177131653,0.539469838142395,0.0,0.41331464014236585,0.5866853598576341
9444c3a9-27d6-4a5c-95cd-5a83c4424e99,3857274,0,0.2772110104560852,0.28703554319604896,23.33238,12.183450698852539,14.550901456197126,2,0.0018292025197297335,0.3667331635951996,0.6314376592636108,0.0,0.35287780533138835,0.6471221946686116
3ae30a6e-0a5f-4695-bf52-0d0ad883289c,3857274,1,0.4855046272277832,0.6870096116472268,,16.712003707885742,11.627731581470533,-1,0.0010864685755223036,0.5887599587440491,0.4101536273956299,0.0,0.5629695491421428,0.4370304508578572
3ffc535c-1c1b-48cf-b1ed-a89c12edf50b,3857274,1,0.9960010647773743,0.9966342105695296,,14.728439331054688,16.62056110148372,-1,0.0005221396568231285,0.6537373661994934,0.34574052691459656,0.0,0.8173264151518003,0.18267358484819973
934c3413-8942-48e3-b645-ae9b5a754815,3857274,0,0.18043053150177002,0.3341423073808721,26.666271,14.234186172485352,15.944887445963943,2,0.0010572040919214487,0.4228559732437134,0.5760867595672607,0.0,0.32500687907530723,0.6749931209246928
4d301f50-e053-4af3-93b1-87905c391a58,3857274,0,0.4745861291885376,0.5690561131558913,14.545446,15.373178482055664,19.615823454259235,2,0.0029042845126241446,0.37620100378990173,0.620894730091095,0.0,0.3600493493887381,0.6399506506112619
510d4c90-a410-42cc-b07c-c890fdff1cc1,3857274,1,0.9973341226577759,0.9970606262159608,,15.685174942016602,16.1173291981789,-1,0.00022415685816667974,0.6098700761795044,0.38990575075149536,0.0,0.7755244173066976,0.2244755826933024
bf22e13d-a29f-40a6-bd23-04b11171c45c,3857274,0,0.49023494124412537,0.6369498134591101,40.534924,14.742571830749512,17.786999434093957,2,0.0023027758579701185,0.30646613240242004,0.6912311315536499,0.0,0.2052613693252111,0.7947386306747889
abbca836-13f2-40d0-b73a-3b765671230d,3857274,0,0.17862898111343384,0.13213945106310052,23.90523,12.43758773803711,12.881270875761043,2,0.003555971896275878,0.4208820164203644,0.5755620002746582,0.0,0.48587954059911265,0.5141204594008874
9ad24915-87da-4839-95a2-291f68fe7690,3857274,0,0.24861469864845276,0.6182984450883838,9.300538,8.888983726501465,11.999028204607258,2,0.0007002034690231085,0.585056722164154,0.41424301266670227,0.0,0.6128421962175203,0.3871578037824796
210b21a0-2e0c-47d7-9dbc-ab78c90534b7,3857274,1,0.7200437784194946,0.5855439380314582,,14.71118450164795,13.5677891009751,-1,0.002419570693746209,0.480800062417984,0.516780436038971,0.0,0.5663414129451527,0.4336585870548472
92c38fda-01c5-413f-bf79-3b3f186c2356,3857274,1,0.4305482804775238,0.7067439878801882,,18.458066940307617,16.136631447884426,-1,0.015321515500545502,0.47170913219451904,0.5129693150520325,0.0,0.2596880441638657,0.7403119558361343
7d017eb1-092d-4879-9803-7e27e306e395,3857274,0,0.08907828480005264,0.07735578413041312,17.839283,8.42492389678955,12.52821452944961,2,0.0004439725889824331,0.3137505352497101,0.6858054995536804,0.0,0.1611982195093986,0.8388017804906014
a8b62155-cebc-4b99-889a-d7b305eb2498,3857274,0,0.6530925631523132,0.5324415104955654,16.3487,19.51761245727539,18.107756820365505,2,0.0026528567541390657,0.3195306658744812,0.6778165102005005,0.0,0.23517280792443707,0.7648271920755629
c799dc55-0ab3-444f-b175-80e7684178b9,3857274,1,0.775976300239563,0.8458657863167253,,24.67730712890625,17.036875089477775,-1,0.0016067534452304244,0.49946466088294983,0.4989285469055176,0.0,0.42187405726907756,0.5781259427309224
d1a6de64-27cf-4927-9868-16c902147274,3857274,0,0.3526202142238617,0.402909299811615,18.417383,19.0360050201416,14.40987012705912,2,0.0014187366468831897,0.269726425409317,0.7288548350334167,0.0,0.18534079434147677,0.8146592056585232
f38032e6-46d0-4290-b202-f88ba82d3ea6,3857274,0,0.019347986206412315,0.009443120169426094,14.194717,9.887755393981934,8.078206727128926,2,0.00041485828114673495,0.5572279095649719,0.44235724210739136,0.0,0.38730693381082015,0.6126930661891798
466026f1-ccca-486c-beff-18210592a505,3857274,0,0.20475377142429352,0.5877060825352467,19.72942,14.528783798217773,16.32513455425986,2,0.0021666099783033133,0.3308618664741516,0.6669715642929077,0.0,0.30191634279572777,0.6980836572042722
9499e04a-bd07-4a26-aad9-ee2d63a2a78a,3857274,1,0.8606343269348145,0.9314960169895986,,17.593299865722656,14.066140078115135,-1,0.0023376434110105038,0.3622080385684967,0.6354543566703796,0.0,0.35512087992260466,0.6448791200773953
2012d561-2d89-4379-bfb0-a92c31ad8129,3857274,0,0.3406553566455841,0.4230854453121411,12.164292,15.348283767700195,10.609722841593127,2,0.0025126899126917124,0.5644601583480835,0.43302711844444275,0.0,0.6106842592724105,0.38931574072758945
82368ec7-2022-42ab-b61a-29ae98f198b6,3857274,0,0.08708295226097107,0.00855658263037568,16.54237,17.52203369140625,13.17889792635831,1,0.003243465442210436,0.496440052986145,0.5003165006637573,0.0,0.3269438173093945,0.6730561826906055
1eda31b1-3c06-4576-8c7d-c925d9570018,3857274,1,0.9979127049446106,0.9989705455396236,,15.758071899414062,12.50369857933861,-1,0.0001352898107143119,0.6543417572975159,0.34552302956581116,0.0,0.7261486410479164,0.27385135895208357
31abfef8-19e1-47c3-a166-c77b626a907b,3857274,0,0.006317096762359142,0.0004137002098427645,7.569016,9.636184692382812,10.29489654141148,2,0.00015506026102229953,0.5155268907546997,0.4843181073665619,0.0,0.28217187423331413,0.7178281257666859
c0fdef16-2203-422a-ae2f-6a89ac7f30ba,3857275,1,0.5320879817008972,0.7473582415345994,,13.848790168762207,11.887828125134861,-1,0.0006336770602501929,0.31722742319107056,0.6821389198303223,0.0,0.29275979099084903,0.707240209009151
4fcb593a-9415-4dd3-b952-8dd1277f0ea7,3857275,0,0.4751535654067993,0.45525505707483704,9.749872,16.79517364501953,16.53740237221682,1,0.0030800392851233482,0.41894036531448364,0.5779796242713928,0.0,0.3932580440844924,0.6067419559155076
542e5353-0c01-48fa-9aea-b35a1e432858,3857275,0,0.4960787296295166,0.8390563132980228,22.987171,8.123922348022461,14.192146268711406,2,0.0010351964738219976,0.6388859152793884,0.3600788712501526,0.0,0.5341170055477469,0.4658829944522531
cc88e8de-be9d-4fbc-b9cb-0800d2a5199d,3857275,1,0.9977928400039673,0.9980053453702439,,16.310781478881836,18.380855951059516,-1,0.00022736639948561788,0.6106740236282349,0.3890986740589142,0.0,0.8926087221224942,0.10739127787750581
d87349d7-cbd5-4c63-8514-4609ccd2b9a0,3857275,0,0.021617285907268524,0.009053154047819484,25.71167,10.833925247192383,13.438432538884157,1,0.0003471332020126283,0.5053924322128296,0.49426037073135376,0.0,0.28773940597458214,0.7122605940254179
d6f71254-d3d0-41ee-9a72-751b1ae84585,3857275,0,0.10571207106113434,0.056177976147752474,11.806778,12.352235794067383,10.173895660227688,1,0.0008684991043992341,0.5316175222396851,0.46751391887664795,0.0,0.45201855822659365,0.5479814417734064
4bd9c054-37ba-41e9-ad9b-37d77f3b20d3,3857275,0,0.007438539993017912,0.0011337052655539055,4.9648767,8.278138160705566,7.469936610724703,2,0.00010909164848271757,0.28453704714775085,0.7153539061546326,0.0,0.14237871612070108,0.8576212838792989
81f5e335-3b8b-4588-961a-d9ba9fb30a3c,3857275,0,0.6695230007171631,0.5765487866993222,17.54138,15.241891860961914,14.235373362966838,2,0.0010047636460512877,0.28067871928215027,0.7183164954185486,0.0,0.1780450019317512,0.8219549980682488
90191e0b-5b5d-4f8c-a8fd-38b91f677cf0,3857275,0,0.014425795525312424,0.004077427719020799,13.624243,7.505692481994629,7.152537616211994,2,0.00017205601034220308,0.48491549491882324,0.5149124264717102,0.0,0.349966798227732,0.650033201772268
3b4a57d8-3c18-4245-b62a-9ebbca0c8c6a,3857275,0,0.07042354345321655,0.09582573248913145,12.660568,12.145235061645508,11.574390261504998,1,0.0005880410317331553,0.4743967354297638,0.5250152945518494,0.0,0.413081538285639,0.586918461714361
e9e11533-0b60-468d-9a69-fb603efe3039,3857276,0,0.5117542147636414,0.49600049022385323,16.260689,9.532286643981934,12.156989537969888,1,0.0007837445009499788,0.4645329415798187,0.5346832871437073,0.0,0.4567733229317187,0.5432266770682813
41ff0ca0-f2da-4056-8b8f-9960b474ae60,3857276,0,0.026371436193585396,0.008552507032353438,2.1587033,15.018253326416016,13.871930614521963,1,0.0013765898765996099,0.48252108693122864,0.5161023736000061,0.0,0.6040629122846795,0.3959370877153205
5d9b0a5a-9804-465e-9c0d-0057fadf91ac,3857276,1,0.9943602681159973,0.9266679021829368,,12.621969223022461,13.316951593958008,-1,0.00011993328371318057,0.2524609863758087,0.7474191784858704,0.0,0.4236162230155549,0.5763837769844451
d511416f-ad8a-466c-8ad6-e7a3dc98e9fa,3857276,0,0.025469107553362846,0.002195683600845939,19.200521,16.385086059570312,14.379189280807184,2,0.0013222497655078769,0.40494242310523987,0.59373539686203,0.0,0.29997412562927905,0.700025874370721
59f320ec-9fdc-4d30-9484-df1469f72de4,3857276,1,0.44587603211402893,0.4136999026785275,,19.82779312133789,14.104938809384453,-1,0.0008809114224277437,0.25065740942955017,0.7484616637229919,0.0,0.22940987503690746,0.7705901249630925
3c3139b3-cd3b-4389-929d-4a83cab17c00,3857276,0,0.18214114010334015,0.29018885098928104,4.9819674,13.60239028930664,10.803868072657984,1,0.001318533206358552,0.3535851240158081,0.6450963020324707,0.0,0.3433490260644585,0.6566509739355415
7e2c9b51-9014-4c94-a52d-6ce2748be8d0,3857277,1,0.5505768656730652,0.4554068324425661,,16.926807403564453,17.6872041681033,-1,0.0025976672768592834,0.2786538898944855,0.7187484502792358,0.0,0.18574648524329473,0.8142535147567053
bb56cc57-cb8b-4b9a-ae0c-ea3e52d13fb1,3857277,1,0.9922652244567871,0.88863029920226,,10.50098705291748,11.410420446516019,-1,0.00021085815387777984,0.3094228506088257,0.690366268157959,0.0,0.5359646747176317,0.4640353252823683
00dbfd59-f6e2-40ef-aedd-314cce53aee1,3857277,0,0.34586670994758606,0.4035827627058621,7.531268,11.065688133239746,16.37953347551947,2,0.0037958433385938406,0.3821497857570648,0.6140543818473816,0.0,0.47836627910753393,0.5216337208924661
4d34a341-bacd-4b02-b242-8c3b5b0fe09d,3857277,0,0.00406491057947278,0.0005528067224165257,25.96151,12.112009048461914,10.24897810149726,2,0.00014266787911765277,0.39167603850364685,0.6081812977790833,0.0,0.37396144006451226,0.6260385599354877
bb36120d-3b29-4e9e-a51a-2fdb37369e81,3857277,0,0.016288062557578087,0.02831380380092916,2.8635643,13.529808044433594,11.54365973018204,1,0.0005081687704659998,0.49539297819137573,0.5040988326072693,0.0,0.6228351319313663,0.37716486806863375
0c33ab24-a83d-47cb-8bb8-90bdf5519ae8,3857277,0,0.9803693890571594,0.9544971943536836,30.949152,14.569997787475586,19.92143000283765,1,0.000643886742182076,0.3388001322746277,0.6605560183525085,0.0,0.5226022463689628,0.4773977536310372
d837a345-bb7e-4951-8f07-8aef0fba0d0d,3857277,0,0.5183878540992737,0.4282164505640912,25.75131,16.49513816833496,13.76671852311609,2,0.003021287964656949,0.36724016070365906,0.6297385692596436,0.0,0.3024488793210768,0.6975511206789232
214c786b-5dfa-478b-80b5-a2c86eb185f2,3857277,0,0.003437073202803731,0.0007279223359327332,2.9068885,12.32398796081543,10.626293958600895,2,0.00014802167424932122,0.4673655331134796,0.5324864387512207,0.0,0.43813602883404035,0.5618639711659597
8f2fddd9-3213-44e5-90eb-231a2bd5d547,3857277,0,0.3616833984851837,0.4319991946800701,30.43107,11.446056365966797,10.012527075014631,2,0.0046148463152348995,0.37587738037109375,0.6195078492164612,0.0,0.49050931092350114,0.5094906890764989
8f16ba5d-76d5-49a0-82a0-460aa1b8e37f,3857277,1,0.9949067234992981,0.866550896504698,,9.98303508758545,13.348027728393337,-1,0.00010481233039172366,0.272773414850235,0.7271218299865723,0.0,0.4015638500664377,0.5984361499335623
9b4dd19e-4f62-4ade-9def-47aa0316ee6c,3857277,0,0.1833474040031433,0.015200963607791117,22.951252,13.617438316345215,11.350428238856365,2,0.0011108915787190199,0.3561599850654602,0.6427291035652161,0.0,0.5816011316105425,0.41839886838945745
9e0623f0-550f-46f0-99ff-c5ba3cbf56a0,3857277,0,0.037723325192928314,0.0031906162609980377,12.330855,12.339059829711914,12.391338529398674,1,0.0011949253967031837,0.5256320834159851,0.4731729030609131,0.0,0.5142256647218717,0.48577433527812836
32293f7b-07be-43fd-95a3-534dd4d87c6e,3857277,0,0.0016728178597986698,0.00022704238454182766,7.892401,12.773467063903809,10.84708817987187,2,6.971789844101295e-05,0.388078510761261,0.6118517518043518,0.0,0.20378768951730397,0.796212310482696
76a6004f-a7b3-482e-8ad3-a34719894e2f,3857277,1,0.9745590686798096,0.9245358676492353,,13.238986015319824,12.526058213081985,-1,0.000852361146826297,0.37328851222991943,0.6258591413497925,0.0,0.3935751410863656,0.6064248589136344
b27d792a-2032-4ec4-b584-b619de1bf4c7,3857278,1,0.9626762866973877,0.9854664461282096,,15.433511734008789,15.639811008238393,-1,0.0006820309208706021,0.4748271703720093,0.5244908332824707,0.0,0.5178063633085599,0.48219363669144005
b73c61af-1244-49f4-8850-e539e6bf8b61,3857278,0,0.2710079550743103,0.4532170278447106,6.1741395,7.639270782470703,9.714586369343284,2,0.000945152947679162,0.36450129747390747,0.6345536112785339,0.0,0.29947806446749914,0.7005219355325009
df1891e2-b230-4ec6-9e81-ad3e54ac62fb,3857278,0,0.003556335810571909,0.000521545098010447,6.0,11.82588005065918,8.693402273222965,2,2.04195730475476e-05,0.2709921896457672,0.7289873957633972,0.0,0.12326623601724063,0.8767337639827594
c2af91b8-5eb0-47d9-8482-9189b7aba435,3857278,0,0.00864617619663477,0.0013620200308976514,7.839005,11.625419616699219,9.169597612362997,1,8.70952062541619e-05,0.4289022982120514,0.5710106492042542,0.0,0.3156567608155829,0.6843432391844171
2e78b14e-c501-41ad-9211-a6aefe11a971,3857278,1,0.32279154658317566,0.5987554150850357,,17.2109375,13.606967022723724,-1,0.0024360190145671368,0.3371524512767792,0.660411536693573,0.0,0.3412892773143712,0.6587107226856288
2f98e511-aa1d-4ca5-b115-6fce7f2d9b3d,3857278,0,0.093441441655159,0.2804609678984813,2.6683328,11.701421737670898,9.888936259042229,1,0.0009205820970237255,0.3966561257839203,0.6024232506752014,0.0,0.4267355079275007,0.5732644920724993
904e48bd-e473-4ba7-817c-99de897cf6e7,3857278,0,0.35217615962028503,0.402644794085857,13.711674,9.890518188476562,12.88644531591167,2,0.0041893464513123035,0.40648195147514343,0.5893286466598511,0.0,0.38948625827558514,0.6105137417244149
36038dd4-cfae-406b-98d9-be09f24a79a3,3857278,0,0.007069466169923544,0.0059577850626982235,18.478365,14.550872802734375,15.274880626821965,1,4.858850297750905e-05,0.4016803503036499,0.5982710719108582,0.0,0.39597906573995345,0.6040209342600465
34be2ac7-46ec-489f-ac71-00d6c21dd63d,3857278,1,0.9787513613700867,0.990096416770008,,16.616952896118164,14.021588997329824,-1,0.0006497343420051038,0.6074723601341248,0.3918778896331787,0.0,0.4610247519930454,0.5389752480069546
28773160-1599-4600-b915-bfa06b20ddc6,3857278,1,0.9611928462982178,0.9455947620046152,,18.72089958190918,13.94070155069973,-1,0.00017846219998318702,0.6241445541381836,0.3756769597530365,0.0,0.3997824507396922,0.6002175492603078
3caa49d0-dc96-4ccc-b2be-e919aee8d9df,3857278,0,0.04837946221232414,0.05567373692722011,12.525574,9.759228706359863,10.854310377701704,1,0.0011640599695965648,0.3914397060871124,0.6073962450027466,0.0,0.37520462196083093,0.6247953780391691
2b1da946-a74f-4a86-9418-51d0c582577a,3857278,1,0.9913868308067322,0.99716913507181,,17.71844482421875,16.138807718991455,-1,9.888701606541872e-05,0.5930565595626831,0.40684452652931213,0.0,0.6943175668664869,0.30568243313351307
5f2b0321-1504-4ecf-8187-df9d24bf6e58,3857278,1,0.8889734745025635,0.8338019437077165,,13.171284675598145,14.392352759846455,-1,0.002499016933143139,0.5645153522491455,0.4329855740070343,0.0,0.47809036036221053,0.5219096396377895
5cb3cf73-a920-4e08-9c01-f73ef13dbd3d,3857278,0,0.2636578381061554,0.33596155811764455,17.61136,10.38122272491455,13.043252298983758,2,0.0027653726283460855,0.31462928652763367,0.6826053261756897,0.0,0.32272640264608576,0.6772735973539142
f4d83b4f-a673-4980-8cf8-aac825476ff5,3857278,0,0.0026859550271183252,0.00548258323668335,19.730686,12.422371864318848,12.499682292481827,1,1.0528965503908694e-05,0.275660902261734,0.7243285179138184,0.0,0.2909281079939392,0.7090718920060608
8b952d76-67e0-42cf-85c9-7c2e88ce9414,3857278,0,0.0112043721601367,0.00652979169816445,12.293088,16.963088989257812,16.269628286000692,2,3.9058184484019876e-05,0.48086485266685486,0.5190961360931396,0.0,0.353805992646683,0.646194007353317
a234f3e6-20bb-4f91-bc6c-bea20685f634,3857278,0,0.6007559299468994,0.8488932643939252,25.494312,13.899072647094727,14.056880163777418,1,0.0024351151660084724,0.3195189833641052,0.678045928478241,0.0,0.34077017873368576,0.6592298212663142
b1ab477b-93e9-4f26-873e-91513979f38a,3857278,1,0.7047882080078125,0.8334224099360561,,12.510185241699219,13.5420086200793,-1,0.0013345773331820965,0.539757490158081,0.4589078724384308,0.0,0.2692165171190506,0.7307834828809494
cefa2d19-2e80-4b5a-bf50-dbdc394ac372,3857278,0,0.0034310335759073496,0.0006816086274901074,11.21606,7.96063232421875,8.341068638731278,1,3.0139080990920775e-05,0.3759647011756897,0.6240051984786987,0.0,0.22345229556457835,0.7765477044354216
bae82650-3557-49c8-a721-dd26045cbd98,3857278,0,0.016901351511478424,0.009967594386817501,30.112455,12.567574501037598,9.559896406689903,2,0.00010022836067946628,0.5381974577903748,0.4617023169994354,0.0,0.46061338410102404,0.539386615898976
9cc9240d-b244-4c62-b758-720cf647b2d5,3857278,0,0.019019197672605515,0.001978685067611075,9.2358,12.515849113464355,13.90047727663601,2,0.0003427269693929702,0.31146833300590515,0.6881889700889587,0.0,0.2429982339841209,0.7570017660158791
fc4bb1a1-a9d0-4341-a7ed-4c5e662d8955,3857279,0,0.6376174092292786,0.7161700494238905,32.050587,12.392071723937988,13.729999504015213,2,0.005992195103317499,0.3899058997631073,0.6041018962860107,0.0,0.3695432302858912,0.6304567697141088
7529b7ad-172a-49b7-96e5-a51f2947090a,3857279,0,0.403239905834198,0.7966686218342313,12.88177,15.628362655639648,15.070924881029057,2,0.0022977073676884174,0.2651425004005432,0.7325598001480103,0.0,0.3550383374658418,0.6449616625341582
fae5bc49-488f-4b66-ad0d-1564b5cc43bb,3857279,0,0.23418442904949188,0.164865042920924,14.912076,11.513269424438477,14.226496360684823,1,0.003162545617669821,0.2725423574447632,0.7242951393127441,0.0,0.22121875616841802,0.778781243831582
bbda591e-a441-465a-80a0-056d4588bebc,3857279,0,0.21880777180194855,0.34488795231652114,17.55591,12.187270164489746,10.705722561797435,2,0.0039096735417842865,0.3669549226760864,0.6291353702545166,0.0,0.48648436857250943,0.5135156314274906
a1beff41-7bcc-476d-ba7f-0d29e1bb79bf,3857279,0,0.2779466509819031,0.47635245773954055,15.415901,14.942680358886719,11.348623036324609,1,0.0010444058571010828,0.2877083122730255,0.7112472653388977,0.0,0.46228747783595736,0.5377125221640426
9564b5b4-4a97-488a-b550-893f164ba37d,3857279,0,0.008913809433579445,0.005656244013061396,27.567009,9.636653900146484,13.790793474053663,2,7.737203850410879e-05,0.5633699893951416,0.4365527331829071,0.0,0.5625391839444682,0.4374608160555318
5e8156a8-c1df-412f-8d60-1e05f4e124e2,3857279,1,0.9881502389907837,0.9924184886399339,,22.61118507385254,15.430949742754205,-1,7.427022501360625e-05,0.5441390872001648,0.4557866156101227,0.0,0.5229816566571688,0.4770183433428312
146decc8-e198-47cd-9e9e-c8785465205d,3857279,1,0.9896506071090698,0.9949099060619507,,23.051599502563477,15.59920789099548,-1,0.00012057627463946119,0.6299970149993896,0.36988237500190735,0.0,0.6056829734340552,0.39431702656594486
36fad6c1-085b-4ebf-9e90-e03afdcfdc30,3857279,1,0.4608329236507416,0.7972752221368279,,12.979138374328613,13.737127127907952,-1,0.0006366717861965299,0.4481582045555115,0.5512050986289978,0.0,0.6637933845854729,0.3362066154145271
801222c2-6dda-4453-83ae-f5c90a6ca6a4,3857280,1,0.9970757961273193,0.9974572607136952,,13.826592445373535,12.607306239116804,-1,8.958890975918621e-05,0.6643514633178711,0.3355589509010315,0.0,0.3227296675687302,0.6772703324312698
df859799-fb94-49c6-adaa-20b48a81fbf1,3857280,0,0.0064852675423026085,0.0013680659365081418,30.147802,13.281818389892578,14.918145137258247,2,0.00010943422967102379,0.31747493147850037,0.6824156641960144,0.0,0.3396366562708908,0.6603633437291092
cedc058c-9aae-486d-a913-7ff3da833c3a,3857280,0,0.0030451572965830564,0.0007441749624705541,16.434416,8.550820350646973,8.630274056455196,2,5.898982999497093e-05,0.4257800579071045,0.5741609930992126,0.0,0.32813233173430945,0.6718676682656906
b265e079-8ff2-465e-a38c-fbc2e822d915,3857280,1,0.9976475834846497,0.9976123490175903,,13.350813865661621,15.851383495155037,-1,7.050832209642977e-05,0.6956377625465393,0.3042917549610138,0.0,0.9097880145207186,0.09021198547928141
9265c1be-6332-407a-8d0d-886e3c037249,3857280,0,0.8647444844245911,0.7833492598378133,18.729923,13.746720314025879,10.961379690367758,2,0.001002802629955113,0.4409857392311096,0.5580114722251892,0.0,0.4024760207163639,0.5975239792836361
4609511e-fdd8-4d0a-a9c3-367a6dce30ba,3857280,1,0.9990459084510803,0.9981526268114449,,14.07443904876709,13.248935775926181,-1,2.2683596398564987e-05,0.7237992882728577,0.2761780619621277,0.0,0.3219307236282868,0.6780692763717132
203ca274-be29-4c4c-8fcd-99ff2c7e7944,3857280,0,0.1443902850151062,0.0005767018839527638,16.549622,11.440104484558105,12.900232474628888,2,0.0008738579344935715,0.47412464022636414,0.5250015258789062,0.0,0.2886054743866743,0.7113945256133257
14cc8960-019d-4284-bdb4-7189ff2ceed3,3857280,1,0.5139902830123901,0.5270583734069296,,17.119516372680664,18.302233632345985,-1,0.0018680646317079663,0.2943744659423828,0.7037575244903564,0.0,0.31271148361863454,0.6872885163813655
27bd7f4d-8aad-4c76-a31b-1ed57f3b0e2e,3857280,0,0.03168351948261261,0.005547830200133507,34.363934,9.702592849731445,11.787477841150306,1,0.00033656787127256393,0.3009347915649414,0.698728621006012,0.0,0.3602892521888267,0.6397107478111733
23867624-3b70-4451-ba43-2f095431ab2b,3857280,0,0.008484585210680962,0.019321964115436893,13.998928,10.877352714538574,12.673546427519037,1,0.00016040065384004265,0.4301348924636841,0.5697046518325806,0.0,0.3302644705923524,0.6697355294076476
03605d98-c986-4b58-a7ee-45c140511747,3857280,1,0.9963746666908264,0.9899586903686329,,14.755515098571777,14.304129783323575,-1,0.00017241724708583206,0.6967171430587769,0.30311042070388794,0.0,0.3556595922045771,0.6443404077954229
c8e304c4-1133-4344-9566-f6603b6a2735,3857281,0,0.11198387295007706,0.1717022665768672,9.2358,11.576327323913574,13.012455927363922,1,0.0016840172465890646,0.6506849527359009,0.34763103723526,0.0,0.5188444255455082,0.4811555744544918
b5cac123-1617-42f0-864c-6b3bce02c67c,3857281,0,0.020806515589356422,0.002060573174890609,5.5,7.781072616577148,8.663735191655965,2,0.0002493523061275482,0.5206088423728943,0.47914183139801025,0.0,0.4137948629270335,0.5862051370729665
72ccc592-d1bd-445c-8ef4-a7155d7a3a10,3857281,0,0.08930213749408722,0.17947591486523837,31.357615,9.39355182647705,12.432461496082714,2,0.0006431459332816303,0.4161750376224518,0.5831817984580994,0.0,0.2871416140896714,0.7128583859103286
d10cb453-9702-4062-8cde-9bee97146d40,3857281,1,0.9931737780570984,0.9372765587742496,,13.797182083129883,14.84487253402134,-1,0.00030551047530025244,0.5922337174415588,0.4074608385562897,0.0,0.5974873043011664,0.40251269569883363
4d5da179-1eb0-44c9-9087-6f03d9bf5fbe,3857281,1,0.9888473749160767,0.9976817630861036,,16.580398559570312,15.681553694077127,-1,0.0002762968942988664,0.6883043050765991,0.3114194869995117,0.0,0.8625844817418,0.13741551825819992
7e4edd4e-4961-4e31-a394-5ee5d3d7eba6,3857281,0,0.5247502326965332,0.8475036853029223,7.648529,10.321733474731445,10.126430427755102,1,0.0015029270434752107,0.6230591535568237,0.37543785572052,0.0,0.5719022737792347,0.42809772622076525
06488d24-5eb7-4d41-a692-c66b0215fe44,3857281,0,0.4788443446159363,0.4018305139134324,2.0880613,13.153736114501953,15.697920413435458,1,0.00420558825135231,0.4081484079360962,0.5876460075378418,0.0,0.37395105354053093,0.6260489464594691
7fae868a-2922-481f-b6ce-26ec14d88383,3857281,1,0.9795677661895752,0.9144572719716546,,13.443978309631348,14.030647370925404,-1,0.0005548010230995715,0.4869183599948883,0.5125268697738647,0.0,0.5373959541084582,0.4626040458915418
ed160276-76ae-4b76-adb3-cfd5f8d2a6fc,3857282,1,0.7951218485832214,0.7424756919093604,,13.055425643920898,13.017859942196669,-1,0.0007226790185086429,0.5014918446540833,0.49778544902801514,0.0,0.38650283558782306,0.6134971644121769
2cecf0da-5c9a-4c6e-a052-220f644a27d7,3857282,0,0.3652891218662262,0.4224046149946804,2.6,15.143146514892578,11.73261704676099,1,0.0068905712105333805,0.48672983050346375,0.5063795447349548,0.0,0.49666802872882254,0.5033319712711775
103818a9-7552-416a-bb00-a22051295eb4,3857282,0,0.002848114585503936,0.00021830780058134847,18.69679,13.988096237182617,14.061415805494143,2,0.00010645567817846313,0.32215169072151184,0.6777417659759521,0.0,0.21156490474843226,0.7884350952515677
b4cd5efd-431a-4325-9d34-a0b985f1bebd,3857282,0,0.016756696626544,0.0018961345609249229,17.006176,10.963754653930664,12.124337952251842,2,0.0004871622659265995,0.29549649357795715,0.7040163278579712,0.0,0.45414653353436074,0.5458534664656393
6c697f89-9f87-42a6-955c-943187796493,3857282,1,0.9212127923965454,0.8676360628624882,,20.128864288330078,18.159317238483823,-1,0.002590085379779339,0.45134758949279785,0.5460622906684875,0.0,0.4665184437843576,0.5334815562156424
13f7631f-9286-44c3-b8e4-01ec69e069e4,3857282,0,0.01119187381118536,0.002773985980090899,15.139683,11.60441780090332,12.195471763837832,2,0.0004719768767245114,0.3425367772579193,0.656991183757782,0.0,0.3559351492804206,0.6440648507195794
a3ca169a-59b9-4b39-8e88-3a040d82ffe2,3857282,1,0.3155246376991272,0.3396922372369333,,17.524444580078125,15.043915712902525,-1,0.0011456413194537163,0.21529437601566315,0.7835599780082703,0.0,0.26863262512344155,0.7313673748765585
9118ad29-5310-449e-acdb-ccfb6dafcb76,3857282,1,0.960824728012085,0.8781941814403699,,23.163610458374023,9.725815706570001,-1,0.00011721157352440059,0.40502846240997314,0.5948542952537537,0.0,0.3685544855243784,0.6314455144756216
d7d2dcf2-43f4-4f93-b927-87e292564cf2,3857282,1,0.9811459183692932,0.9395477568411668,,31.180545806884766,12.112907127265691,-1,8.279472967842594e-05,0.34964343905448914,0.6502737402915955,0.0,0.5867437450872339,0.413256254912766
33df808f-14af-45c4-9290-648fd7400ddc,3857282,1,0.694879949092865,0.7495717401183701,,17.443464279174805,17.795687022491318,-1,0.003258590353652835,0.37221601605415344,0.6245253682136536,0.0,0.3846203811484652,0.6153796188515348
fc698445-0939-4f40-a605-dc06714ced11,3857282,0,0.4388047754764557,0.2590004213889723,14.2,16.156984329223633,13.92474726957152,2,0.0015764005947858095,0.27573561668395996,0.7226879596710205,0.0,0.21665570426120584,0.7833442957387942
b7c58d15-e9b5-4ebc-bfaa-3f5ae1c6ea83,3857282,1,0.9960525035858154,0.9878275355018055,,26.637388229370117,13.33370396593711,-1,0.00014429852308239788,0.3318463861942291,0.6680092811584473,0.0,0.683480997979317,0.31651900202068295
3fb063f4-870b-4a6a-a6f2-0d40c9fc42ec,3857282,0,0.02128080651164055,0.0002035630293849139,7.610519,9.891561508178711,7.425987522563597,2,0.0002730190462898463,0.2656743824481964,0.7340525984764099,0.0,0.17624264077259855,0.8237573592274015
b236d0e4-7bdc-405b-bfaa-efcf83b3edda,3857283,1,0.9985950589179993,0.9989181944151813,,21.33860969543457,21.07217562066084,-1,1.1227912182221189e-05,0.7585382461547852,0.2414504587650299,0.0,0.9627599394393518,0.03724006056064823
c6403922-f223-482e-8f09-00b428fe8289,3857283,1,0.9965316653251648,0.9984066856871515,,22.5299072265625,17.86079142792446,-1,1.659252666286193e-05,0.7967779636383057,0.20320545136928558,0.0,0.9627311565352673,0.03726884346473269
b4beff45-d528-47be-b553-fda7595165d3,3857283,0,0.15382520854473114,0.13656114129438224,11.692733,11.790600776672363,11.929649405410725,2,0.0004997738287784159,0.5215094089508057,0.4779907763004303,0.0,0.4891819774623798,0.5108180225376202
6bcf9745-19bf-438d-ad9a-601b27d0b375,3857283,1,0.7652470469474792,0.8445516625440708,,13.345484733581543,14.715136405293734,-1,0.0010885029332712293,0.48654797673225403,0.5123634934425354,0.0,0.4705841075654349,0.5294158924345651
71519970-1c9a-4c9d-99e7-83623d2110a7,3857283,0,0.046174321323633194,0.23110264083869206,4.004997,6.796620845794678,10.599754587233608,1,0.0003519000019878149,0.5439650416374207,0.4556830823421478,0.0,0.6517195481008249,0.3482804518991751
43128eb9-6ca4-4fa9-9361-6de0f9c5df4e,3857283,1,0.5516602396965027,0.8193586287798119,,15.356569290161133,14.935962505276779,-1,0.0020201466977596283,0.24309998750686646,0.754879891872406,0.0,0.3553346417286972,0.6446653582713028
237096d1-9a82-401e-8b31-06dd3689c178,3857283,0,0.535480260848999,0.5918127266062674,12.440257,12.875653266906738,13.956435172288899,2,0.0038403423968702555,0.3510274887084961,0.6451321840286255,0.0,0.19184678524874765,0.8081532147512523
b2982e14-6e3f-4578-8445-8ecdd6ef5b5d,3857284,0,0.024215057492256165,0.006862197012478687,6.2625875,8.281532287597656,9.301305064186431,2,0.0002861561661120504,0.6923864483833313,0.30732741951942444,0.0,0.5706273411343976,0.4293726588656024
d72793ee-0126-402a-9e43-b7a38bbac5a7,3857284,0,0.04289846494793892,0.03808221925568838,1.9723083,8.723840713500977,10.523587234029723,2,0.0004887820105068386,0.30930235981941223,0.6902088522911072,0.0,0.24764030311830643,0.7523596968816936
f24dfb39-198a-4b85-9bb7-00800d997e53,3857284,0,0.025378193706274033,0.025853337634428854,30.067259,10.729568481445312,8.24773321802556,1,0.001023777760565281,0.4502435326576233,0.5487326979637146,0.0,0.42619254045790433,0.5738074595420957
90b4ecec-33b9-4159-bf91-4b2d2218b97c,3857284,0,0.08468804508447647,0.03417386662839386,1.2,9.356850624084473,11.048716386978153,2,0.0009069125517271459,0.43766310811042786,0.561430037021637,0.0,0.4334079837716286,0.5665920162283714
46bc4f90-a6d7-4292-a447-5b907c092d67,3857284,0,0.21071814000606537,0.16318406190765083,19.924858,14.462143898010254,14.40604995551158,2,0.0012254387838765979,0.4396543800830841,0.5591201782226562,0.0,0.3343876080436523,0.6656123919563477
87e1c2da-b0a4-48c1-9006-4d73f49a815a,3857284,1,0.9925622344017029,0.9967600141929823,,19.346757888793945,14.738132667353437,-1,0.00034191430313512683,0.503620982170105,0.496037095785141,0.0,0.5638699943008235,0.4361300056991765
0d162604-8dd1-425a-ac16-44ae92e2940a,3857284,1,0.9831793308258057,0.9913463173356128,,14.108184814453125,15.481381638312616,-1,0.0007047945400699973,0.695935070514679,0.3033601641654968,0.0,0.6507810337248872,0.34921896627511284
69cdd3bc-7f00-4b4a-bd6c-51578a34a847,3857284,1,0.9943100214004517,0.9974096249074574,,14.299164772033691,13.782992376424218,-1,0.00034006417263299227,0.5663651823997498,0.43329474329948425,0.0,0.7419300750751456,0.25806992492485437
523b6296-e1b9-486d-95b1-3424d76d5b04,3857284,1,0.9938566088676453,0.9974139598686724,,21.932048797607422,17.51031118125043,-1,0.00038275038241408765,0.544905424118042,0.45471179485321045,0.0,0.8280654679957438,0.17193453200425618
935d5fc2-edd8-4210-b97d-084e732adfcc,3857284,0,0.44097650051116943,0.5003062710137571,23.759209,15.736307144165039,15.474573556561332,2,0.0007866972591727972,0.310602068901062,0.6886112093925476,0.0,0.25247266703902105,0.747527332960979
0f1b8215-d9d1-47bd-b648-18c2644cb801,3857284,1,0.3649933338165283,0.570646048291791,,15.221330642700195,14.164225176386275,-1,0.0007418962777592242,0.41320669651031494,0.586051344871521,0.0,0.3728470976777768,0.6271529023222232
e99b4029-94ae-4575-9631-6e4b09065f6b,3857284,1,0.9970617890357971,0.998112941263716,,16.468883514404297,16.53973371133126,-1,0.00028164172545075417,0.6348026990890503,0.364915668964386,0.0,0.899429207923191,0.10057079207680893
f0d84393-7911-4529-948e-9fc71c0df366,3857284,0,0.040180373936891556,0.048611098364632635,10.748954,11.254816055297852,10.349119949860432,1,0.0010189081076532602,0.4143555164337158,0.5846256017684937,0.0,0.356665011679861,0.643334988320139
f337edea-1653-49cc-93cc-57f050665850,3857285,0,0.052318818867206573,0.018685052711721634,5.903389,11.06833553314209,11.665205096340943,2,0.0010621504625305533,0.48880815505981445,0.5101296901702881,0.0,0.3459593011959293,0.6540406988040707
5d7a070b-b109-4870-97e9-f97a5ce16f8b,3857285,1,0.9784543514251709,0.9972023329652868,,13.733050346374512,10.376527055780356,-1,0.00095186015823856,0.5917854309082031,0.40726274251937866,0.0,0.5848354805749153,0.4151645194250847
485be020-60f5-401f-beb0-14e7fbd54c9f,3857285,1,0.9973142743110657,0.9961656856560176,,17.80327033996582,12.941657375929582,-1,0.00022922585776541382,0.4924653172492981,0.5073055028915405,0.0,0.597611416816167,0.402388583183833
b5187ada-e881-4c65-9dc5-db67bc1a557a,3857285,1,0.5861672759056091,0.7076930585712542,,9.711336135864258,11.50138251371897,-1,0.0006332988268695772,0.4824829399585724,0.5168837308883667,0.0,0.2900813049108639,0.7099186950891361
4c79b613-b76b-4294-9bc5-1fad7160302e,3857285,1,0.2697538137435913,0.23210869973591328,,15.162714004516602,17.332319380859282,-1,0.0008682453772053123,0.4936797022819519,0.505452036857605,0.0,0.1893478410998919,0.8106521589001081
1421b4cb-5c61-4295-a8ed-a2ec4fb64adc,3857285,0,0.0024083033204078674,0.0009420921163551447,7.088018,8.251670837402344,7.4953750519856275,1,3.673623359645717e-05,0.4134022295475006,0.5865610241889954,0.0,0.4296458212542089,0.5703541787457911
9430c604-5b25-48e9-8a79-63af0ba089f9,3857285,1,0.9983649849891663,0.9925492835731132,,15.744888305664062,13.61028767506407,-1,0.000139461801154539,0.5880833268165588,0.411777138710022,0.0,0.6185547078321945,0.38144529216780554
a75b9e87-48ff-4a7f-8887-b53f1bc22418,3857285,0,0.030705856159329414,0.023119787392196015,4.8,11.148604393005371,12.588087420775398,1,0.0006828512996435165,0.3436998724937439,0.6556172966957092,0.0,0.2754484206354184,0.7245515793645816
7260e6c0-ef3c-4bb0-8b43-7ff3e9c70d4c,3857285,0,0.11855366826057434,0.2306167455959785,7.1217976,9.947809219360352,11.606395510546434,1,0.0009508023504167795,0.4250856339931488,0.5739636421203613,0.0,0.32010017832933324,0.6798998216706668
e5641e31-afcc-47fc-8fc0-66d634e3a806,3857285,0,0.4435797333717346,0.3131148696108211,20.540691,14.566868782043457,13.884062834752221,2,0.0015128988306969404,0.24376559257507324,0.7547215223312378,0.0,0.18539900763514272,0.8146009923648573
07354f60-82d2-4f87-ad3d-f14f7034b372,3857285,0,0.5116883516311646,0.538295417594061,28.810589,17.02297592163086,17.21997856679136,2,0.0024459606502205133,0.32672610878944397,0.6708279252052307,0.0,0.25156626924842995,0.74843373075157
968e8236-8df7-41e1-87b4-222cff60f99f,3857286,0,0.05510864034295082,0.017235817650680375,6.4,13.90328598022461,9.794993364482476,2,0.001875491812825203,0.4811590015888214,0.5169655680656433,0.0,0.3121137013375135,0.6878862986624865
2a2739b4-3654-4fce-b687-65f3a054ce78,3857286,1,0.9917769432067871,0.8891586524633416,,20.80353355407715,13.146203831051892,-1,0.0003230627335142344,0.4804769456386566,0.5191999673843384,0.0,0.41032259140611393,0.5896774085938861
1ed7e5d2-9028-4d50-b67a-058b174ccb1c,3857286,0,0.018228666856884956,0.02271061514052632,11.994165,11.205840110778809,10.642647453911927,2,0.0005433374899439514,0.3560100197792053,0.6434466242790222,0.0,0.3087373278522093,0.6912626721477907
8d89b413-73ad-4162-91a9-55660195e7a8,3857286,0,0.09037499129772186,0.025200541693418406,2.529822,11.857118606567383,10.870743028928697,1,0.0005493360804393888,0.31291043758392334,0.6865401864051819,0.0,0.37494164781263073,0.6250583521873693
ee182d9d-64f8-4651-a578-9ab24d4f3ac4,3857286,0,0.03468755632638931,0.017890946458428997,8.504117,11.226950645446777,11.370443629524399,1,0.0013440762413665652,0.4420865476131439,0.5565693974494934,0.0,0.6566799586750375,0.3433200413249625
777240b8-4e6e-4043-aafd-cdca163d4707,3857286,1,0.8283515572547913,0.883396873148102,,17.28162956237793,16.49418957017532,-1,0.002038046019151807,0.4405434727668762,0.5574184656143188,0.0,0.4279492650624096,0.5720507349375904
c4116e33-4aea-4ca3-a347-237a54c0ac35,3857286,0,0.30002814531326294,0.16150207125469995,24.31008,17.10489845275879,14.729206309622953,2,0.002468992257490754,0.3473290205001831,0.6502019762992859,0.0,0.3727476034798166,0.6272523965201834
9f2126fd-3c16-4402-9448-ab5559b399e1,3857286,0,0.4021734595298767,0.372608657667941,12.980755,11.449994087219238,15.8305889852791,2,0.0017348015680909157,0.4309035539627075,0.5673616528511047,0.0,0.29880871049380975,0.7011912895061903
c07875f7-22af-409b-bada-847d0c91990a,3857286,0,0.015986792743206024,0.005745752353171919,18.110771,12.048480987548828,11.666197905078715,2,0.00031345654861070216,0.2858904302120209,0.7137961387634277,0.0,0.41945498361597533,0.5805450163840247
6bcf46ef-060c-4b0b-b83a-ff7a0950cd5d,3857286,0,0.9595010876655579,0.9768870442698492,4.570558,17.584684371948242,16.350879541375058,2,0.00027901833527721465,0.5789414644241333,0.4207795560359955,0.0,0.18129796363653805,0.818702036363462
a59217c7-0870-4733-945f-5060ef0027f7,3857286,0,0.4448140561580658,0.4893297190468175,15.195394,17.794986724853516,17.95933217084501,2,0.0009037968120537698,0.19758155941963196,0.8015146255493164,0.0,0.22946098151377048,0.7705390184862295
06321a9d-ce50-4076-a015-61edc107d35c,3857286,0,0.008497989736497402,0.0019051405610302481,9.2612095,9.034616470336914,12.826427500868233,2,0.00037301486008800566,0.48400047421455383,0.5156264901161194,0.0,0.44127776235014005,0.55872223764986
5697c2d2-01b2-431b-8a8e-243fdbc51747,3857286,1,0.8865940570831299,0.8262595803107665,,12.830378532409668,9.544976339305332,-1,0.00014915659266989678,0.6254664063453674,0.37438449263572693,0.0,0.4851515007425603,0.5148484992574397
764ac27f-655f-46fa-ba43-ca6effc8a08d,3857286,1,0.9359952211380005,0.9121568176393329,,23.022899627685547,14.03353247098427,-1,0.00020258295990061015,0.3539702594280243,0.6458271741867065,0.0,0.38606024301964603,0.613939756980354
09e6a654-c4be-4912-ba09-0efe682f86db,3857287,0,0.0536407046020031,0.08588054832300884,12.379418,8.982373237609863,11.547054354751936,2,0.0005305499071255326,0.374953031539917,0.6245164275169373,0.0,0.3094331057671529,0.6905668942328471
d18e1e13-6c46-4bf5-ba75-f9469ce1e54b,3857287,0,0.04757560044527054,0.11705294496823299,10.744766,12.774452209472656,12.536787888560688,2,0.0002480352413840592,0.3621222674846649,0.6376296877861023,0.0,0.31898826734324615,0.6810117326567539
41cbdb44-be01-4e08-8888-ff9158d96e64,3857287,1,0.7549795508384705,0.7059807833805508,,12.616494178771973,15.516701012856231,-1,0.0010551514569669962,0.5619294047355652,0.43701544404029846,0.0,0.3432220803759144,0.6567779196240856
efc77800-014d-4176-8552-976b69927e50,3857287,0,0.036550890654325485,0.07544838419022538,23.792856,11.177267074584961,11.657310163457172,2,0.00022221915423870087,0.18651863932609558,0.8132591843605042,0.0,0.19311450738771574,0.8068854926122843
fbc9cd21-b5df-4bfd-bc1c-659ed6a1ede3,3857287,1,0.4689703583717346,0.7296388386728218,,16.590944290161133,14.959377790774797,-1,0.0037482704501599073,0.3292561173439026,0.6669955849647522,0.0,0.3722357085958391,0.6277642914041609
8ad1efbc-79f5-4b22-8aa9-d65173c79799,3857287,0,0.04015082120895386,0.02399733540726416,23.769728,11.094013214111328,9.661795277723142,2,0.00020887549908366054,0.5323656797409058,0.46742552518844604,0.0,0.5671336874359392,0.4328663125640609
01c3403a-d70d-44b6-9eb9-fbbc6e944890,3857287,0,0.2515980005264282,0.8906337399485713,14.8946295,14.141505241394043,17.31406804359965,1,0.0020575299859046936,0.41516798734664917,0.5827745199203491,0.0,0.37666612899071095,0.623333871009289
df679290-b59b-4156-934d-1b76699b40c4,3857287,1,0.9947104454040527,0.9896394605039855,,16.19742202758789,13.987974722013591,-1,3.914983244612813e-05,0.6990603804588318,0.3009004592895508,0.0,0.93727670556424,0.06272329443576001
cc48aef4-83c5-4640-8627-fc5d1c4363fd,3857287,1,0.7706828117370605,0.7529679151688546,,20.478769302368164,19.203220919872845,-1,0.0005474431090988219,0.37026718258857727,0.6291853785514832,0.0,0.2888876332512874,0.7111123667487126
d75c67f2-1306-42c6-8b49-262417e7c029,3857287,0,0.059077128767967224,0.05837589451326983,1.3,9.649187088012695,10.534702224445354,1,0.0004013370198663324,0.35414209961891174,0.6454565525054932,0.0,0.2726474613257899,0.7273525386742101
5c3ee644-ac2f-469e-b80b-2577110a222c,3857287,1,0.9919531941413879,0.9769833188802103,,17.6541748046875,15.481037809848992,-1,9.848074842011556e-05,0.5999237895011902,0.39997777342796326,0.0,0.5952508821007254,0.40474911789927454
8a1dacaf-54b4-4223-ba04-fd3029b98b9e,3857287,0,0.2683471739292145,0.38989488208966494,29.052023,14.181625366210938,15.158837676449458,2,0.003090909216552973,0.27992042899131775,0.7169886231422424,0.0,0.2323043086318397,0.7676956913681603
d4bcf6b0-b772-4722-bc9b-4cb543aa5895,3857287,1,0.9505425095558167,0.9479198985136077,,16.00995635986328,16.436529358693164,-1,0.00046414692769758403,0.4301586449146271,0.5693771839141846,0.0,0.5414671418056631,0.4585328581943369
94cd2156-b46b-4411-a362-09a634f958c8,3857287,0,0.01565597392618656,0.001060022741837769,25.74199,19.003705978393555,15.29825395955909,2,2.061420673271641e-05,0.39840471744537354,0.6015745997428894,0.0,0.19378810190912776,0.8062118980908722
8196a47c-d0f4-4f3c-8bc8-6541fffb5719,3857287,0,0.39046457409858704,0.42918626295291673,22.4,18.299150466918945,11.792813514887737,2,0.0007112975581549108,0.32614514231681824,0.6731435656547546,0.0,0.38654398385986255,0.6134560161401375
e09eb703-ac3a-4d09-803d-2c6c62fcdc7c,3857287,1,0.9328101873397827,0.9491320822514796,,15.735580444335938,13.963497874730498,-1,0.0021213158033788204,0.5955531597137451,0.4023255407810211,0.0,0.5187244667451019,0.48127553325489814
ee12468b-0b49-4e68-9802-5ba2a6e2c402,3857287,0,0.006898739840835333,0.0026055594261976036,4.494441,11.947338104248047,8.101563369539713,1,0.00010289772035321221,0.4845193028450012,0.5153777599334717,0.0,0.4563557562508408,0.5436442437491592
a9c54685-ca88-4158-addc-fb174e7bec78,3857287,0,0.01639035902917385,0.052938187151110025,21.740746,13.978619575500488,11.748321432358809,2,0.0003684468974824995,0.3731018602848053,0.6265297532081604,0.0,0.35538317648701934,0.6446168235129807
418c68cc-fae1-4a60-b14c-f0f343563903,3857287,0,0.33238381147384644,0.6262092102629941,8.634813,10.61513900756836,11.14624447117936,1,0.003400676418095827,0.4603163003921509,0.5362829566001892,0.0,0.46155454181983513,0.5384454581801649
068de13a-217c-4463-b72e-28fc10554eeb,3857287,0,0.0015596695011481643,0.0006427628221793849,10.420173,10.63421630859375,9.777919726058606,1,6.961610324651701e-06,0.2255202978849411,0.774472713470459,0.0,0.25625773649945616,0.7437422635005438
f5b93095-be20-48eb-8bae-b352e6899f9b,3857287,1,0.45309245586395264,0.6370614093924274,,13.236989974975586,16.435621489491364,-1,0.004749131388962269,0.40926453471183777,0.5859863758087158,0.0,0.43743393378509143,0.5625660662149086
6858f904-6e4a-4717-83bb-67c1d24a4f09,3857287,0,0.01538463681936264,0.002323998858901965,27.10904,14.760038375854492,14.469737204336916,2,0.0002651239628903568,0.40789520740509033,0.5918396711349487,0.0,0.47565892264708354,0.5243410773529165
c37e09b9-2a0c-4ad9-9b04-1cbb3f9eacbc,3857288,0,0.004238714464008808,0.0026330433323186473,33.228,12.220958709716797,11.073972784689031,2,0.00023289010277949274,0.36558306217193604,0.6341840624809265,0.0,0.3567132405827814,0.6432867594172186
37db5810-6666-475e-94ad-93eba4fcc934,3857288,1,0.9988911747932434,0.9965332811010534,,35.79426193237305,12.765591922056993,-1,4.0348841139348224e-05,0.3795967400074005,0.6203628778457642,0.0,0.6846834888787295,0.31531651112127046
04031da5-90e7-4f89-83ec-dfd20ec0724a,3857288,0,0.46888574957847595,0.7037435646130206,13.72953,11.642312049865723,12.214851504883738,2,0.0031566182151436806,0.6728165149688721,0.32402682304382324,0.0,0.6514829560610731,0.34851704393892696
29272085-ba90-4517-8937-f27f81986715,3857288,0,0.0009091646643355489,0.00025639290058557734,3.2,9.166728019714355,11.575874282984737,2,3.1764582672622055e-05,0.3455680012702942,0.6544002890586853,0.0,0.31675915547468536,0.6832408445253146
ff558a0f-7eee-4407-a49b-2a135e30a3b5,3857288,1,0.9989301562309265,0.9842516660513587,,24.504955291748047,14.69876291395707,-1,2.867685725504998e-05,0.673719584941864,0.32625168561935425,0.0,0.5685394803951228,0.4314605196048772
bef709ad-f8ab-4a9f-9300-d20834c769f3,3857288,0,0.012370744720101357,0.0021020310142652802,13.395895,13.072385787963867,12.180349743644888,2,0.0004779762530233711,0.4045197367668152,0.595002293586731,0.0,0.3727387141810583,0.6272612858189417
271b2664-c272-45f0-bd9f-8f5a2e2a1367,3857288,0,0.27208399772644043,0.3601755475629493,20.02823,14.685396194458008,15.369290823135874,2,0.0013803205220028758,0.24229960143566132,0.7563201189041138,0.0,0.2860763285379251,0.7139236714620749
9941ef78-19ad-42ed-a6c1-13250a9afac8,3857288,0,0.011243728920817375,0.005108311788151128,1.8,9.239874839782715,8.60475273443937,2,0.00042260377085767686,0.4039750397205353,0.5956023931503296,0.0,0.3788896489844822,0.6211103510155178
b8405f62-dd8d-4f6e-82a0-bb08d9bb50be,3857288,0,0.5624514818191528,0.2073517611433925,1.0198039,15.970264434814453,17.284558843776082,1,0.0015516583807766438,0.29860374331474304,0.6998446583747864,0.0,0.2934422864860985,0.7065577135139015
6add9fe4-032d-49fb-933f-5b1d2bd9bbf9,3857288,0,0.22929412126541138,0.27779421788157854,16.237303,14.535049438476562,17.301805324347644,2,0.0034724457655102015,0.3644225299358368,0.6321050524711609,0.0,0.22308704610794672,0.7769129538920533
b45119fa-dc4f-40cc-8d71-1422dc7c5e50,3857288,0,0.038955580443143845,0.13257059530294701,6.0835843,9.902151107788086,10.240535173792283,1,0.0008367965929210186,0.3596026599407196,0.6395605802536011,0.0,0.4697362608406983,0.5302637391593017
259eeb67-0e92-4143-9c1b-45388670f837,3857288,0,0.049247466027736664,0.08487692407474767,18.815153,16.54244041442871,13.788684189610198,1,0.000699775293469429,0.37356269359588623,0.6257375478744507,0.0,0.5212657035241964,0.47873429647580357
8ea2df5c-87d9-4027-a50b-04ee9f0dbe53,3857288,1,0.9967601895332336,0.999321411176016,,24.102174758911133,15.579002456377893,-1,9.114493877859786e-05,0.4921742081642151,0.5077345967292786,0.0,0.975533944523434,0.024466055476566027
5efda140-70cb-489b-9f28-aa60b00ddb7b,3857288,0,0.6920715570449829,0.9062709897320962,18.056854,15.526687622070312,15.637182946803321,1,0.0005951676284894347,0.2571832239627838,0.7422215938568115,0.0,0.1438363429078482,0.8561636570921518
21f56c9a-b87c-4200-84df-fd7e59e6dfbe,3857288,1,0.9940739274024963,0.8833264293627503,,28.192766189575195,11.431535454709726,-1,0.00014272074622567743,0.41963422298431396,0.580223023891449,0.0,0.37034971779692927,0.6296502822030707
a9721ff8-f85f-474b-9b44-b0e62f40491e,3857288,0,0.4408227801322937,0.32262601764816173,13.471452,16.01934814453125,15.492592521492316,2,0.002135439310222864,0.40040481090545654,0.5974597930908203,0.0,0.3908282241301999,0.6091717758698001
8ae4f2ac-95fd-4db1-9343-cb4c2b8fa1ed,3857288,1,0.999098539352417,0.9951036538555199,,28.741199493408203,14.76004909266676,-1,3.5579141695052385e-05,0.6065373420715332,0.3934270739555359,0.0,0.7389184266938964,0.26108157330610354
0a3e23c7-e437-4e12-a4ee-8298ea57b604,3857288,0,0.017615286633372307,0.02123281068437347,13.048371,8.39261245727539,7.298653026300427,2,0.00048676456208340824,0.4300898015499115,0.5694234371185303,0.0,0.47819681886099497,0.521803181139005
b0dfff90-1a7a-40cc-ae75-4fd186a7e4e5,3857288,0,0.025144677609205246,0.006658662123276491,8.026207,9.594637870788574,10.854131099007132,2,0.0007856904994696379,0.3900933563709259,0.6091209650039673,0.0,0.33563965347340874,0.6643603465265913
6dc0c3df-fb1f-400f-a4a7-4a5291e210b3,3857289,0,0.007880411110818386,0.005083193268553326,16.507574,11.344289779663086,11.112617034839436,1,0.00011451700265752152,0.4605567455291748,0.5393288135528564,0.0,0.41390411175603314,0.5860958882439669
8eae3200-9ff8-47c1-9e1a-cba41050df79,3857289,1,0.1810120791196823,0.24046323001985462,,12.331197738647461,12.938749524944104,-1,0.0008236311259679496,0.2908300757408142,0.7083463072776794,0.0,0.30185630411648845,0.6981436958835116
53dac3bb-af4e-4515-b69b-fb6d1deb3d5e,3857289,1,0.48614439368247986,0.4750832154237144,,12.547042846679688,13.197244845889223,-1,0.005202073138207197,0.3560808300971985,0.6387170553207397,0.0,0.24381207218318734,0.7561879278168127
5a0783d8-8b72-487e-ac22-b52decac15e1,3857289,0,0.3833434581756592,0.47103214524799986,16.062689,13.400404930114746,14.926291564256532,2,0.003964788746088743,0.259814590215683,0.7362205982208252,0.0,0.2806322678425748,0.7193677321574252
ab59d1b1-4e1a-4fc4-a4f1-880fb964cf59,3857289,1,0.9926297664642334,0.9951052144676253,,15.437324523925781,15.094615225050706,-1,6.385325104929507e-05,0.7173616290092468,0.28257447481155396,0.0,0.940760166531843,0.05923983346815694
6339fb4a-817c-4d0c-8390-01f31e7e07b4,3857289,1,0.2115345299243927,0.41106510495874077,,14.1555757522583,12.933146001564623,-1,0.0011128681944683194,0.239871546626091,0.7590156197547913,0.0,0.2839713452342646,0.7160286547657354
026190d9-45b2-4307-95d1-ff334e04bcb6,3857289,1,0.9895443320274353,0.9917007388950582,,18.871667861938477,14.195639151738822,-1,0.0001424507499905303,0.5413673520088196,0.45849019289016724,0.0,0.4748088102632959,0.5251911897367041
a79ce62d-fff8-4fd5-84dd-a4f71644be3b,3857289,0,0.12553322315216064,0.04388366010824599,11.807201,8.185869216918945,8.740149367238587,2,0.0006061377935111523,0.5024623274803162,0.4969315826892853,0.0,0.36534377892084013,0.6346562210791599
688d8588-4e4b-4554-9b6e-61d0f476f60b,3857289,0,0.3842748701572418,0.5251885549041307,18.859745,14.638238906860352,15.279885056037525,2,0.005634125787764788,0.3292078971862793,0.6651579737663269,0.0,0.3667496412185376,0.6332503587814624
984a9a9b-0b9d-41f9-81ac-7a3a0aff2aac,3857289,0,0.0027437834069132805,0.0008201575012839529,22.74379,12.213064193725586,10.477559366843108,1,1.5601106497342698e-05,0.3469986617565155,0.652985692024231,0.0,0.2809393836433367,0.7190606163566633
87801efd-8e75-46eb-9e0a-0c10b2b344f0,3857289,1,0.9802930951118469,0.9630765681668584,,13.305468559265137,12.681779180693184,-1,8.974743104772642e-05,0.588701069355011,0.4112090766429901,0.0,0.7368334791535498,0.26316652084645015
7d8e084f-777f-42f3-ac88-56f41688d11b,3857289,0,0.23717767000198364,0.383500337203725,20.831947,17.198293685913086,16.86108707876938,2,0.0009891825029626489,0.23919402062892914,0.7598167657852173,0.0,0.19359446033284233,0.8064055396671577
d1f795c1-b428-4ae5-9891-61c255b1cfcc,3857289,0,0.004968742839992046,0.0026801380716798755,7.1867933,10.149374008178711,7.893215020310334,1,4.7232209908543155e-05,0.42666012048721313,0.5732926726341248,0.0,0.3846988951779122,0.6153011048220878
f4dc937d-4c4c-44ef-b965-9aff4875943e,3857289,0,0.5167257785797119,0.8587811413524928,18.083418,19.474794387817383,19.530145799322412,2,0.0010827349033206701,0.2875894606113434,0.711327850818634,0.0,0.35439065879876797,0.645609341201232
6c44744d-9b30-41a8-b28c-a77fbe87f4b1,3857290,0,0.007228816859424114,0.01028360169502929,22.200226,9.846485137939453,8.43543108467416,2,0.00021867742179892957,0.3881324827671051,0.6116488575935364,0.0,0.2755066266120766,0.7244933733879234
ef1098cb-ff44-4eb8-ae46-cb7b911c2203,3857290,1,0.5926539897918701,0.19921371002562688,,15.413572311401367,14.195700929682847,-1,0.002607946516945958,0.5104502439498901,0.4869418442249298,0.0,0.4108720452258261,0.5891279547741739
1172f0c9-7075-482b-ac73-aa2371781a8a,3857290,1,0.9994402527809143,0.9936627072645697,,37.11957931518555,16.879416099914987,-1,1.4824177014816087e-05,0.4451216161251068,0.5548635721206665,0.0,0.6536170916359213,0.3463829083640787
e84708ab-e57b-48ae-9510-2847ca38226d,3857290,0,0.3090232312679291,0.060784978356684435,5.6035705,14.07533073425293,10.33952774252225,2,0.0013906325912103057,0.5843313932418823,0.4142780005931854,0.0,0.5093414998955237,0.4906585001044763
c4e565ef-c84d-4ccb-b115-7907a65db526,3857290,0,0.4293821156024933,0.4263095771570384,10.778683,14.38849925994873,12.497278423447256,2,0.001973889535292983,0.648946225643158,0.3490799069404602,0.0,0.5227206838776898,0.4772793161223102
aae57faa-1ec7-491c-92ee-9fcdc4ffcaf8,3857290,0,0.01129160262644291,0.004777375028448701,32.900608,13.763197898864746,15.573616591480299,2,0.00045651066466234624,0.4308985769748688,0.5686449408531189,0.0,0.5683469809895525,0.43165301901044756
da2d17de-967e-4d9b-9ef7-763345e19b49,3857290,0,0.17896318435668945,0.005601577749416154,21.044,18.467620849609375,16.701191501193343,1,0.0008515454246662557,0.4236317276954651,0.5755167007446289,0.0,0.4435075964127059,0.5564924035872941
6faa70f5-2a33-47d1-abd8-dfb87c83bbcf,3857290,1,0.31599241495132446,0.3196252918708482,,13.046417236328125,13.074678363756908,-1,0.0012064090697094798,0.41537585854530334,0.5834177732467651,0.0,0.3244384209646487,0.6755615790353513
0f6dfbc3-a9b0-46ab-9979-6aea74707f6f,3857290,0,0.20439137518405914,0.43875856927492646,22.345022,10.298847198486328,14.004035976742884,2,0.0008798895869404078,0.2849946916103363,0.7141254544258118,0.0,0.323660926307073,0.676339073692927
a78e9954-5f4e-472a-a8dd-9c93602193c9,3857290,0,0.5636888742446899,0.8803314484224221,12.425779,16.354578018188477,16.150603172586322,1,0.0004537350032478571,0.42943623661994934,0.5701099634170532,0.0,0.4562394475135759,0.5437605524864241
1cb8b961-f5c9-461b-b676-6159ded97f23,3857290,1,0.99625563621521,0.9910483282549798,,19.62289810180664,12.86833943122562,-1,0.0001041956347762607,0.5933606028556824,0.40653523802757263,0.0,0.6654439297025463,0.33455607029745366
beca7e79-f999-47db-ba7c-14c41c880bb1,3857290,1,0.5528056025505066,0.8419249578479884,,26.207677841186523,16.03840044057055,-1,0.00029272257233969867,0.2740924656391144,0.7256148457527161,0.0,0.343288300746485,0.656711699253515
8b77b0cc-0882-40ca-b4ed-1bcd05dbc085,3857290,1,0.9995061159133911,0.997482131228447,,27.20054054260254,12.326129793151097,-1,1.80726947291987e-05,0.6082852482795715,0.39169666171073914,0.0,0.843397112420047,0.15660288757995303
2a06a105-139c-4198-81fe-0fa51ee084bd,3857290,0,0.27503955364227295,0.1823804712319108,13.520725,13.434187889099121,14.182576918024338,2,0.0015215340536087751,0.22244463860988617,0.7760338187217712,0.0,0.2383697520698559,0.7616302479301441
d3aefc7d-84f8-4f80-9cf6-22a8673014c8,3857291,0,0.44644173979759216,0.5136287069599457,0.56568545,12.820091247558594,16.654644110645066,1,0.008827164769172668,0.4186120629310608,0.5725607872009277,0.0,0.3684128745329096,0.6315871254670904
efd21cce-60c2-497d-9cf8-1ff78165315f,3857291,0,0.041064031422138214,0.0428824108444126,0.7615773,8.007373809814453,10.686487664594422,1,0.00044452480506151915,0.4902435541152954,0.509311854839325,0.0,0.5997299921167083,0.40027000788329176
bd0a6e58-6773-40da-a330-cad0661302ab,3857291,1,0.8728530406951904,0.920049855668172,,15.371726989746094,15.79469827977313,-1,0.0016879519680514932,0.6059694290161133,0.3923426568508148,0.0,0.43030850237443774,0.5696914976255623
284e2dff-2660-4553-aa9a-af69aa5beb31,3857291,1,0.3246423900127411,0.3888136911449624,,9.726326942443848,10.873409939734586,-1,0.0057616704143583775,0.3923285901546478,0.6019096970558167,0.0,0.30144379370349783,0.6985562062965022
a16c20e3-a776-464d-9121-7b223833921b,3857291,0,0.004957860801368952,0.003269294483495691,18.022764,11.38924503326416,8.464640590719974,2,3.957527223974466e-05,0.32026350498199463,0.6796969175338745,0.0,0.2284661060877179,0.7715338939122821
d9e77643-2a2e-4d8e-886e-8f7ca15cda82,3857291,0,0.3696029484272003,0.7979873370962479,20.274368,13.715191841125488,11.420104521852046,2,0.0019794742111116648,0.44773268699645996,0.5502878427505493,0.0,0.5701236841305745,0.42987631586942554
308bdf9e-39d4-4474-a40c-8eeb9a705892,3857291,0,0.007674076594412327,0.016554500799576995,21.958597,14.728180885314941,11.710788592901446,2,6.493125692941248e-05,0.4670557975769043,0.5328792929649353,0.0,0.42295326428666247,0.5770467357133375
48df4109-30b8-4d15-8a81-ea17f4bcbdf4,3857291,1,0.09905894100666046,0.07747218652859081,,13.72927474975586,14.98483671287427,-1,0.0003688477445393801,0.3392370343208313,0.6603940725326538,0.0,0.2663853349970362,0.7336146650029638
d09ac5fd-4218-499f-9312-9cdfbe2605c3,3857291,0,0.17830173671245575,0.3342443706982104,11.410959,12.076406478881836,10.941046197746788,2,0.0019886230584234,0.3273615837097168,0.6706497669219971,0.0,0.37179909005639733,0.6282009099436027
b908d22f-5bbe-4a7b-96bc-e246fcb5f78e,3857291,0,0.03366630896925926,0.1056629944540507,19.961212,10.852450370788574,11.113581043842563,2,0.0005311322747729719,0.2808876931667328,0.7185811996459961,0.0,0.3510137101953934,0.6489862898046066
d66eed59-da9c-4b36-a084-8ea841ecbc32,3857291,1,0.26266172528266907,0.586017350923212,,14.727843284606934,16.93539392200414,-1,0.0031477275770157576,0.3624117076396942,0.634440541267395,0.0,0.5176107316307297,0.4823892683692704
69198424-fb64-449c-9157-62d5980411fe,3857292,1,0.703819751739502,0.6461155550601662,,13.936762809753418,12.787774048643508,-1,0.003426085691899061,0.43796250224113464,0.5586113929748535,0.0,0.3276431178529532,0.6723568821470468
6189f617-3bb8-4f0f-9013-e5a3fb303bf0,3857292,0,0.1045101135969162,0.32278794806773936,7.9177017,13.395657539367676,13.491178157760524,2,0.003724085632711649,0.3979243338108063,0.5983515977859497,0.0,0.2912900114041098,0.7087099885958902
977f2672-c301-412f-8120-a7c063acb473,3857292,0,0.010571985505521297,0.010632715095806896,2.1,8.392160415649414,9.21782641847213,1,0.00026435451582074165,0.5188813805580139,0.48085421323776245,0.0,0.4847327290427348,0.5152672709572652
89406d33-4ec6-4eb4-b91e-595cb7e60b41,3857292,0,0.021427370607852936,0.00972903711014077,0.7,11.136604309082031,13.197051585592991,2,0.0004004015354439616,0.5446738600730896,0.4549257457256317,0.0,0.3763724657748655,0.6236275342251345
4c620809-acf8-4e37-9216-6fb7fbeff298,3857292,0,0.7078391909599304,0.8246374994332094,0.2,12.881841659545898,12.823294947493602,1,0.001317737391218543,0.4048082232475281,0.5938740968704224,0.0,0.31001279220058087,0.6899872077994191
c9d705ed-03c0-4af2-b8f7-4687a4dcb68d,3857292,0,0.0541113056242466,0.007695867216925399,12.658989,14.1329984664917,11.987366582184222,2,0.002776490990072489,0.45574766397476196,0.541475772857666,0.0,0.5227971436385456,0.47720285636145443
1443cbbc-c47d-44dc-8315-7d9b9c77d813,3857292,0,0.08518993854522705,0.18685521204522068,9.968952,9.465807914733887,13.830692557830835,2,0.0007323568570427597,0.38879942893981934,0.6104682683944702,0.0,0.10983423390040625,0.8901657660995937
cef906ed-6afb-45d7-ae29-16a8920c852d,3857292,0,0.029300492256879807,0.010770931357234384,34.054367,9.807016372680664,9.435873918683358,2,0.0005845154519192874,0.43669837713241577,0.562717080116272,0.0,0.4368585729764899,0.5631414270235101
dc6fef50-90bb-4403-aa75-81724da83915,3857292,0,0.010456600226461887,0.0034507519621788207,3.1400638,13.668724060058594,13.361416566618663,2,0.000362141290679574,0.4071918725967407,0.592445969581604,0.0,0.4680013048841096,0.5319986951158904
45ae402d-b43d-4089-b6f7-2f4f8badb795,3857292,0,0.010268254205584526,0.00032050671506307827,9.330059,13.882577896118164,16.358150783552546,2,0.0005598769639618695,0.3784629702568054,0.6209771633148193,0.0,0.34734561941118014,0.6526543805888199
17971a5b-bb49-4fbc-8bcb-c9e16ebda517,3857292,1,0.9842484593391418,0.9335496584356862,,18.18108558654785,11.523696405407224,-1,0.00031097704777494073,0.46971502900123596,0.5299739837646484,0.0,0.6430409558822292,0.3569590441177708
dbf2369b-5111-4986-ac43-51f10ae84fb8,3857292,0,0.0027627029921859503,0.0009054375867609594,6.5069194,9.823857307434082,10.790325182376877,2,9.153988503385335e-05,0.39601853489875793,0.6038900017738342,0.0,0.32070035704326727,0.6792996429567327
aa4e5855-279a-490a-bb29-770fd1304f46,3857292,1,0.9938052892684937,0.998804944138698,,15.506147384643555,16.37194022040545,-1,0.0003062303876504302,0.6838449239730835,0.3158489167690277,0.0,0.7755428668939833,0.22445713310601664
1e1a0282-bb38-42c8-8f29-0b6a716f5834,3857293,1,0.6891051530838013,0.7255699841480087,,15.447856903076172,19.233945179923822,-1,0.0037083919160068035,0.5296820402145386,0.4666095972061157,0.0,0.2773034254392519,0.7226965745607481
68dc58ed-0e57-49d3-9d25-630612ecfcf2,3857293,0,0.5429688692092896,0.6050388659179808,18.071247,13.448538780212402,13.14502938111363,2,0.0009278163779526949,0.3023335933685303,0.696738600730896,0.0,0.2903220071421526,0.7096779928578474
2d70ace8-b441-47a6-9d4d-88c2e1ba915a,3857293,0,0.38246950507164,0.34795461687746315,31.824833,18.356502532958984,13.664286854412952,2,0.0007995793130248785,0.286212682723999,0.7129877209663391,0.0,0.33389512207446204,0.666104877925538
a67c913b-4e10-4ec2-a061-90add50246d8,3857293,0,0.7658070921897888,0.6897701431639077,2.0124612,15.159189224243164,17.146899269291634,1,0.008522890508174896,0.5098490118980408,0.48162809014320374,0.0,0.38150808295038596,0.618491917049614
37252f97-54a3-4bc1-92be-426c8cdb0d69,3857293,1,0.995794415473938,0.9517633384947394,,11.599541664123535,15.195703177764052,-1,7.842534250812605e-05,0.2320549041032791,0.7678666710853577,0.0,0.3245765740818354,0.6754234259181646
b88f34e0-58dc-48cd-a61a-48dc0e132c60,3857293,1,0.7133635878562927,0.8465065910410862,,17.410606384277344,14.84159562353785,-1,0.003027149010449648,0.4537203907966614,0.5432524085044861,0.0,0.5455193841082162,0.45448061589178385
3f722291-557c-4ff3-8cbe-93c698825e8c,3857293,1,0.9996496438980103,0.9976082342626561,,10.665913581848145,14.910718017768007,-1,1.2397636055538896e-05,0.2890922427177429,0.7108953595161438,0.0,0.46469306038322244,0.5353069396167776
223b9715-592e-49df-80d3-27336a4fb450,3857293,1,0.6512115001678467,0.7081226486363389,,17.113529205322266,12.956218311583479,-1,0.0025807111524045467,0.43039920926094055,0.567020058631897,0.0,0.44358292851238657,0.5564170714876134
bc377ae2-eec0-414f-a516-d10d3e155a5c,3857293,1,0.931549608707428,0.8566233373891875,,15.154664993286133,12.088797094760444,-1,0.001006530481390655,0.32179537415504456,0.6771981120109558,0.0,0.4486221049645064,0.5513778950354936
32167b16-b6db-4f14-ba67-bbff5daa72ee,3857293,0,0.753659725189209,0.7037106071327299,10.358571,11.961681365966797,12.378665282050996,2,0.0008668182999826968,0.2745148241519928,0.7246183156967163,0.0,0.3163947506545026,0.6836052493454974
0819a334-c2c2-409d-9b6a-7d345a8ffee0,3857293,0,0.4494360089302063,0.3259113223030018,18.939114,16.617708206176758,13.702226905515964,1,0.0029536725487560034,0.31110748648643494,0.685938835144043,0.0,0.35571965678444784,0.6442803432155522
afe7f669-ec3b-4001-8b67-66365b6aa5ca,3857293,0,0.004009956028312445,0.00017999636445193096,8.70919,7.616345405578613,9.745167590116909,1,8.593506208853796e-05,0.5191677212715149,0.4807462990283966,0.0,0.3074454173087223,0.6925545826912777
0e2184d8-8989-43b5-8a07-cd1c08086f9c,3857293,0,0.1573837399482727,0.21706309201065396,18.217573,9.185956001281738,11.106576607529744,2,0.0008639749721623957,0.32850220799446106,0.6706337928771973,0.0,0.3231395381401788,0.6768604618598212
e92448ef-5ae1-4464-a18a-e4b9614b5651,3857293,0,0.0037597371265292168,0.00019455224396359267,4.016217,8.563348770141602,7.486188705530623,2,8.461499237455428e-05,0.38428351283073425,0.6156318783760071,0.0,0.32725219513639825,0.6727478048636018
aaedf579-a311-41f7-8010-0e465b879775,3857293,1,0.979205846786499,0.7600365600715514,,10.818907737731934,9.437511567632551,-1,0.0002474079665262252,0.29622533917427063,0.7035272717475891,0.0,0.4135033769523263,0.5864966230476737
ed2818a4-c60b-405a-934d-a97c5879a207,3857293,0,0.07731465250253677,0.3431372305028307,35.460682,11.307573318481445,11.379991348644763,1,0.0014245699858292937,0.6218905448913574,0.37668490409851074,0.0,0.44687045803152725,0.5531295419684727
ae76b57b-f5df-4cbe-ae66-d3a610849d33,3857293,0,0.0438590943813324,0.0006908543649041756,15.988121,12.774094581604004,10.640046534454907,2,0.00044909241842105985,0.33081620931625366,0.6687346696853638,0.0,0.20080562024395587,0.7991943797560441
d7a83fe1-e08d-4122-b7d9-8a6138fa341c,3857293,1,0.9868915677070618,0.88801969629354,,13.053572654724121,11.611687753005116,-1,0.0003308721352368593,0.31618064641952515,0.6834884881973267,0.0,0.3895601878892986,0.6104398121107014
2276ae12-7870-4f64-9374-ecf54aea54ce,3857293,0,0.2711086869239807,0.2672748884278479,16.611141,17.743087768554688,14.743319922397886,1,0.0011929329484701157,0.30212584137916565,0.6966812610626221,0.0,0.3271553421587603,0.6728446578412397
bc63fa01-3428-4c68-ac7f-e7d51ecc31b8,3857294,0,0.6431710124015808,0.3301721449993448,26.33363,17.6923828125,14.973256747878812,2,0.001594444504007697,0.3218817710876465,0.6765238046646118,0.0,0.24038627112230793,0.7596137288776921
733a54ec-421b-4bb8-a8da-6af042de7da8,3857294,0,0.5869156122207642,0.8479214225073942,3.8078866,17.988536834716797,12.795861222862326,1,0.0012813773937523365,0.40619251132011414,0.5925261378288269,0.0,0.6587021546091603,0.3412978453908397
59bf0548-5a3a-46f9-9415-02e30be2fdff,3857294,0,0.011893187649548054,0.00038593474504779613,16.061132,13.862422943115234,11.39653561726618,1,0.0003836030955426395,0.4023687243461609,0.5972476005554199,0.0,0.4286837537476996,0.5713162462523004
c359f5f8-ccaf-4c3c-ae8d-6b044459de4d,3857294,0,0.3501744270324707,0.3623851780342704,13.978555,20.086984634399414,16.3607875748501,2,0.0012006810866296291,0.3726821839809418,0.6261171698570251,0.0,0.30984677093507196,0.690153229064928
42adfac3-728f-4c2a-b1b5-9994da8cb2f0,3857294,0,0.1826065331697464,0.3531560434324814,3.1953092,7.548059463500977,11.251868058935722,2,0.0011515611549839377,0.5515750646591187,0.4472734332084656,0.0,0.5231709705600021,0.476829029439998
2f413f32-b1a7-4771-a76e-b19db5876255,3857294,0,0.24528977274894714,0.3772813051632168,8.008121,14.363804817199707,13.488388112892526,2,0.0013633074704557657,0.38764819502830505,0.6109885573387146,0.0,0.39918377277470163,0.6008162272252984
00e0a470-9268-486c-a9e0-8fe98523c618,3857295,0,0.4598734676837921,0.6350043127804914,18.417383,16.840564727783203,14.64953121463126,2,0.006654433906078339,0.3426429033279419,0.6507026553153992,0.0,0.34283710854091076,0.6571628914590892
aa54d171-6167-4267-9721-658d11e6fe8e,3857295,0,0.017254482954740524,0.008945992019470555,12.45793,12.502105712890625,10.370174896815142,2,0.0002714150759857148,0.35579001903533936,0.6439386010169983,0.0,0.3238814499349907,0.6761185500650093
664efa1d-86b4-4b3f-a72c-2162e6f9b63f,3857295,0,0.15328393876552582,0.1775401819562807,0.2,11.603402137756348,11.063833028816173,2,0.0018199970945715904,0.44631248712539673,0.5518676042556763,0.0,0.6234844593106437,0.3765155406893564
b13b77b9-e9e8-4ef2-bbe1-7ffe1e4d6e39,3857295,0,0.05879784747958183,0.010583988097895625,6.074537,9.331954956054688,8.46078284651966,1,0.0007122251554392278,0.3880760669708252,0.6112117171287537,0.0,0.5345115383199883,0.46548846168001173
190917b7-de98-48c6-b9b0-b80d546de283,3857295,0,0.3745346963405609,0.383276350210651,22.88624,15.264019012451172,14.287326267932807,2,0.0020001186057925224,0.25098350644111633,0.747016429901123,0.0,0.29747371763899244,0.7025262823610076
3ed4f255-af99-40ee-b88b-fc08e7ab408b,3857295,0,0.28460150957107544,0.2163802539198194,28.386793,14.828513145446777,13.400009551454367,2,0.0017244177870452404,0.2871721684932709,0.7111033797264099,0.0,0.2811547396118699,0.7188452603881301
08a9fbcb-cc52-41b8-82ab-2e3c2b771ac0,3857295,0,0.45457494258880615,0.7034150521578744,20.057169,14.266429901123047,12.787881007410784,1,0.0018807779997587204,0.27806156873703003,0.7200576066970825,0.0,0.3759429857356945,0.6240570142643055
12617fa9-ffe4-4f0c-bd6c-642bbac3531e,3857295,0,0.013300958089530468,0.002166310002464957,9.167879,9.941301345825195,9.062266270464812,1,0.0003821861173491925,0.39700964093208313,0.6026082038879395,0.0,0.5552357766498847,0.44476422335011534
b0ef2fbf-2c38-4ab0-bcf4-422892b857a4,3857295,1,0.8875548839569092,0.9275867986214251,,14.005380630493164,13.660152160851728,-1,0.0017255659913644195,0.44903653860092163,0.5492379069328308,0.0,0.4414535548799844,0.5585464451200156
44183e36-0036-48a6-9f18-375f7f9d3af0,3857295,1,0.8964443802833557,0.8102334688597687,,18.02354621887207,12.002361960595959,-1,0.0015584969660267234,0.45395126938819885,0.5444902777671814,0.0,0.3982749741875341,0.6017250258124659
01b936c5-858e-4776-90a6-2b8858af5b2a,3857296,0,0.05068781226873398,0.032546687724257145,9.660746,8.507909774780273,10.380989242205091,2,0.000893295684363693,0.4623430073261261,0.5367636680603027,0.0,0.3938215462656892,0.6061784537343108
d3d88a6b-27b3-40cb-8d61-6cf70e4cae23,3857296,0,0.412120521068573,0.2582662877998656,11.634861,9.272306442260742,11.638527597408894,2,0.0013043030630797148,0.5674297213554382,0.43126600980758667,0.0,0.46823787852566356,0.5317621214743364
7675e847-c0bf-42c5-9fd0-84227f272571,3857296,0,0.006066115107387304,0.0007430800021176963,10.837435,15.120201110839844,15.487055121490936,1,0.0002210571401519701,0.3960994780063629,0.6036794185638428,0.0,0.33576820714973565,0.6642317928502643
bf3aebcd-c680-4b6c-8184-e92b4fe90294,3857296,1,0.992202639579773,0.9977162606801245,,12.44422435760498,14.732777089296293,-1,0.0004439902841113508,0.686198890209198,0.31335708498954773,0.0,0.8196045475339573,0.18039545246604272
28616b2d-0dc2-4c95-bc62-70fdcbfcc0a0,3857296,1,0.7859578132629395,0.7352674534367422,,16.698638916015625,12.062694999737529,-1,0.0023937032092362642,0.4011344015598297,0.5964718461036682,0.0,0.36851438810194825,0.6314856118980517
b45157c3-ca34-4a8a-8911-9032aeeef988,3857297,0,0.06048683077096939,0.05575874954447536,11.456003,10.888710975646973,11.310953308109749,1,0.0022199254017323256,0.4855193495750427,0.5122606754302979,0.0,0.2840528869569938,0.7159471130430062
655cf536-4880-4759-8b3b-0b5284366dac,3857297,0,0.004334556870162487,0.001425066386881017,25.144781,15.421031951904297,12.92654019558364,2,2.7103682441520505e-05,0.5414090752601624,0.458563894033432,0.0,0.3867774734965497,0.6132225265034503
1c15ed70-b9ad-45ae-89ae-98c22b7af00d,3857297,1,0.9960103034973145,0.9957652980472168,,19.526653289794922,13.614281552786995,-1,4.841253030463122e-05,0.6264557838439941,0.37349584698677063,0.0,0.560430197586917,0.439569802413083
7d74f83c-228f-4b21-9ac9-df779a119e45,3857297,0,0.024553939700126648,0.024878176157982327,15.164762,13.139152526855469,11.15759207626806,2,0.0006963750347495079,0.5608997344970703,0.4384039044380188,0.0,0.5606558576564135,0.43934414234358654
564e6761-c1cf-4072-ad63-fde1e60c208f,3857297,0,0.013238403014838696,0.007335727049031375,15.273834,13.521974563598633,13.619410534734264,2,0.00014387909322977066,0.3804789185523987,0.6193772554397583,0.0,0.30863251358062105,0.691367486419379
7dbda998-bce6-4edf-ad93-80e98c6fa68a,3857297,1,0.9793166518211365,0.9169870095938614,,15.336387634277344,13.953606015335945,-1,0.0002347601839574054,0.5977194905281067,0.4020457863807678,0.0,0.5113369173928013,0.48866308260719876
d146d0b5-9496-49d4-886e-e15a0f12bb36,3857297,1,0.20371130108833313,0.4483828336600542,,15.95479965209961,18.73383634912993,-1,0.0013572110328823328,0.24676603078842163,0.7518767714500427,0.0,0.2805009980465576,0.7194990019534424
b1a2a599-9912-48a3-893a-f4c2c2144c50,3857297,1,0.2860795259475708,0.48715874125545133,,15.495962142944336,18.033519985165707,-1,0.0008626398048363626,0.26284006237983704,0.7362973093986511,0.0,0.14925326365900304,0.850746736340997
0ee121f3-0451-4d89-bd53-d064579565ee,3857297,1,0.3282371461391449,0.6439927841763317,,12.849328994750977,14.878348002690982,-1,0.004452829249203205,0.3879202902317047,0.6076268553733826,0.0,0.4430690621280188,0.5569309378719812
05ef4024-070e-42ca-a363-4de11035f519,3857297,1,0.7110928297042847,0.8432220014879164,,15.508756637573242,14.59540891583453,-1,0.000782077549956739,0.38004276156425476,0.6191751956939697,0.0,0.3394776890446035,0.6605223109553965
27476704-2b57-41ac-8765-551e49eec237,3857297,1,0.09014952927827835,0.10703475805408229,,8.306314468383789,11.2500861240771,-1,0.0005168099305592477,0.35826388001441956,0.6412193179130554,0.0,0.2673729858929905,0.7326270141070095
af923531-373d-472f-9ea7-37dbc29ce74b,3857297,1,0.9318959712982178,0.9241074223581242,,11.491558074951172,12.933783741426396,-1,0.0002971398353110999,0.5669883489608765,0.4327145218849182,0.0,0.42296818075460574,0.5770318192453943
d01f3202-6ab4-4a14-b9b1-b29bb576ac5c,3857298,1,0.8131479024887085,0.7781883763780477,,19.271337509155273,13.504325254585403,-1,0.0012368755415081978,0.33047497272491455,0.6682881116867065,0.0,0.4031396609013618,0.5968603390986382
1fcb1b93-89b4-45d8-83c0-b96a784ce44f,3857298,0,0.032689452171325684,0.02828727720252369,19.811613,10.09870719909668,12.36622643702733,2,0.0003920121234841645,0.3312824070453644,0.6683255434036255,0.0,0.4343640524730219,0.5656359475269781
7ee17bd5-f420-46d1-8a2b-7e536b9a4e2e,3857298,0,0.2957746386528015,0.4127046814887937,18.985521,10.656347274780273,12.561558076591096,2,0.003059005131945014,0.42757874727249146,0.569362223148346,0.0,0.2993009093858692,0.7006990906141308
cca5354b-2eed-459f-b7d4-a9bf030a15b1,3857298,0,0.22423195838928223,0.4472456362467908,4.1303754,16.567062377929688,11.742350314496125,2,0.0003759902319870889,0.26622962951660156,0.7333944439888,0.0,0.3715219768417727,0.6284780231582273
ec7c5753-0a02-483d-a340-d18f85f5d675,3857298,0,0.3013688623905182,0.16748360318548533,22.175888,18.368024826049805,11.369973358098347,2,0.000493727158755064,0.36603599786758423,0.6334702372550964,0.0,0.49001470123808577,0.5099852987619142
8776d5e4-fc4b-49db-9b36-b37e62e8bd31,3857298,0,0.01176242996007204,0.008422351869880908,27.335875,11.132522583007812,11.64181781642306,2,0.00047585429274477065,0.4752122461795807,0.5243118405342102,0.0,0.5678460500424908,0.4321539499575092
89bf5f98-565d-4505-8220-4d8848822e7a,3857298,0,0.014507397077977657,0.0027925893275101807,24.010414,11.804752349853516,12.770859961581627,2,0.0004021126951556653,0.3519372045993805,0.6476607322692871,0.0,0.4422997968043634,0.5577002031956366
a5ae3ca8-244c-463d-a3c6-c1602927017d,3857298,1,0.999248206615448,0.998580275838336,,33.3310546875,13.993191363973041,-1,2.6383962904219516e-05,0.49947914481163025,0.5004944801330566,0.0,0.9440361811759997,0.055963818824000214
2929dea8-bb59-4b4d-8eac-223c97d8048d,3857298,1,0.9981701374053955,0.9958580784669834,,32.29192352294922,13.841868163873533,-1,5.1290120609337464e-05,0.5112652778625488,0.4886833429336548,0.0,0.9209231867194797,0.0790768132805203
cb644553-cfca-48ed-81b4-85fccbadb79f,3857298,1,0.550377607345581,0.8519073691955591,,8.11856460571289,16.508123507967763,-1,0.0005339978961274028,0.8127813935279846,0.18668465316295624,0.0,0.8057085758877628,0.19429142411223718
0ffd003b-2485-49d1-a118-18670c9744f3,3857298,1,0.9347026944160461,0.8260221746245208,,16.302600860595703,10.35354556578094,-1,0.0004342016181908548,0.43654191493988037,0.5630238056182861,0.0,0.32859008124145217,0.6714099187585478
982d7167-61c9-4078-89d5-22b4d11863ca,3857298,1,0.47460728883743286,0.40120682277105124,,11.161147117614746,11.606901295117776,-1,0.002584446920081973,0.5789490938186646,0.4184664189815521,0.0,0.6059911187729241,0.39400888122707595
19d09ef1-427d-43b8-8d2c-a2646eea6551,3857298,0,0.02293129451572895,0.005489070235766458,15.391232,13.157907485961914,13.861066928617763,2,0.00037347726174630225,0.3210850954055786,0.6785414218902588,0.0,0.4003071004601102,0.5996928995398898
269cebca-4357-41cd-a387-9f5dc2faefac,3857298,0,0.37591513991355896,0.3471350794280831,28.180136,15.386713027954102,13.944847831879613,2,0.0017410388682037592,0.2820614278316498,0.7161974906921387,0.0,0.3536727337466551,0.6463272662533449
f0c6246b-9d2b-4e06-83b2-2cfbb19d2c21,3857299,1,0.9923099279403687,0.9568439136011794,,21.65098762512207,16.601826044070336,-1,0.00023263470211531967,0.2900603413581848,0.7097070217132568,0.0,0.44435652540711856,0.5556434745928814
4fbde7d4-d8af-42f4-a75a-1ea17797dba4,3857299,1,0.57850581407547,0.6767534999148276,,19.0560359954834,25.390904523643133,-1,0.0007551227463409305,0.6204174160957336,0.37882745265960693,0.0,0.5123819497188429,0.4876180502811572
054f7094-b0a8-4a63-86c2-98d9d12446d5,3857299,1,0.9987791180610657,0.9888537777569046,,26.644136428833008,14.523707908239064,-1,6.180094351293519e-05,0.48899900913238525,0.5109391808509827,0.0,0.4910977859182297,0.5089022140817703
e912ee4c-6fe9-4d8e-a2b4-ee80ddf87380,3857299,1,0.9975394010543823,0.9922628636473503,,26.824886322021484,14.830411271038784,-1,0.00015136503498069942,0.46671152114868164,0.5331371426582336,0.0,0.6867361607008331,0.3132638392991669
5018b001-8a05-4f11-a9a5-c60fce40c3a8,3857299,0,0.5723142623901367,0.6607654704941913,18.82153,18.321369171142578,15.720181437644339,2,0.002256650710478425,0.3419201970100403,0.6558231711387634,0.0,0.3624263266975929,0.6375736733024071
dc07dd67-fdf5-4ec0-be55-7aff865f937a,3857299,1,0.7869302034378052,0.7069245649840402,,18.461286544799805,13.906425245449501,-1,0.0005773057928308845,0.6108623743057251,0.3885602653026581,0.0,0.5143611348702285,0.4856388651297715
fee2f112-fa0a-443d-ae79-811bc3b8b235,3857299,0,0.03938518464565277,0.006782934191888446,2.5079873,7.605478286743164,13.395407341424324,1,0.0010610629105940461,0.5105732083320618,0.4883657395839691,0.0,0.33027502064604797,0.669724979353952
0e73c98f-f390-4299-8e9e-7053bbd415f8,3857299,1,0.9966126084327698,0.9984697443514132,,28.9967041015625,14.073063245997826,-1,5.037976734456606e-05,0.44326773285865784,0.5566819310188293,0.0,0.9084417932943522,0.09155820670564781
cc561914-ace0-4696-bf63-c4c9eb31f508,3857299,1,0.9969602227210999,0.9470589748526008,,24.928802490234375,14.147585831470854,-1,0.0001252124784514308,0.5122514963150024,0.48762333393096924,0.0,0.5486774030423698,0.4513225969576302
8cfc145e-93cc-4ebb-aa77-9864b9c635ee,3857299,0,0.01583738438785076,0.0013656202971983919,18.179384,10.498454093933105,14.962802448318298,2,0.0004864856891799718,0.3471909463405609,0.6523225903511047,0.0,0.2756035396106693,0.7243964603893307
b5892730-92bb-42c4-8001-b11117b203d6,3857299,1,0.9586067795753479,0.9023107496471253,,18.83267593383789,10.913291447867458,-1,0.00030702209915034473,0.38123852014541626,0.6184543967247009,0.0,0.49877407042291255,0.5012259295770874
1de29ee2-14bb-4322-ac64-4da17c47a5d0,3857299,1,0.9986978769302368,0.9963021360577441,,27.942598342895508,13.565037768673786,-1,4.826223084819503e-05,0.36214664578437805,0.6378050446510315,0.0,0.6670168705672863,0.33298312943271374
08afe059-eac3-4066-8e5e-47cec7e520f0,3857299,0,0.3852226436138153,0.32750862140609166,21.376856,14.23900318145752,11.85666866058704,2,0.0006220314535312355,0.39713406562805176,0.602243959903717,0.0,0.48064121398442616,0.5193587860155738
dbc24387-7084-4c52-a5e3-ce04447b1db3,3857300,1,0.9869453310966492,0.8964740786205755,,11.04130744934082,10.378086478750337,-1,0.000470112485345453,0.6683070659637451,0.331222802400589,0.0,0.6526315259856235,0.34736847401437654
6a0cb513-da29-46c7-a4ac-bbf52c23e6de,3857300,0,0.004351150710135698,0.0018067026577529223,3.0528674,10.210013389587402,11.745131947184216,2,0.0001512962335254997,0.44235774874687195,0.557490885257721,0.0,0.3105013406503734,0.6894986593496266
26c77034-7710-473f-ad99-00704989b1b6,3857300,1,0.9687533974647522,0.9085267552821074,,15.792236328125,11.986783097518405,-1,0.0008015469647943974,0.5495920181274414,0.44960644841194153,0.0,0.4062183076927862,0.5937816923072138
55d1a500-c0d5-4b5c-87df-ba576ea7fddb,3857300,0,0.5346041321754456,0.39250675254199907,27.054205,15.063701629638672,12.732625859931082,2,0.0038548673037439585,0.46919599175453186,0.5269491672515869,0.0,0.3323238890582034,0.6676761109417966
8a99a590-66ab-4dba-a7b7-88d524b72311,3857300,0,0.14890052378177643,0.2633291452707685,12.515989,12.942986488342285,15.319288836863826,1,0.003363566240295768,0.45532360672950745,0.5413128137588501,0.0,0.4772576460377739,0.5227423539622261
23049c6e-a15a-4022-92e0-851344e97ef0,3857300,0,0.04853549227118492,0.18288781497271817,26.477537,12.90600299835205,12.476328670379305,2,0.001494424999691546,0.4442143142223358,0.554291307926178,0.0,0.4590495770786659,0.5409504229213341
3cc95c58-22b0-45eb-841e-84b5f700fd81,3857300,1,0.5507892370223999,0.8294085669622128,,13.639846801757812,12.92650988836738,-1,0.0019997786730527878,0.3379702568054199,0.660029947757721,0.0,0.40789482982762015,0.5921051701723798
5c67cc6c-683f-4d95-ba82-e7eed8a171b4,3857300,0,0.024454308673739433,0.009319877866429946,31.280025,11.658870697021484,12.558663417069425,2,0.00021289725555106997,0.3150665760040283,0.684720516204834,0.0,0.2796143894785498,0.7203856105214502
f0755c91-a25a-4574-be36-4f213c64e68e,3857300,0,0.4815877676010132,0.7394907650320007,8.547514,19.927627563476562,14.792290201521498,2,0.006005763541907072,0.3051231801509857,0.6888709664344788,0.0,0.3304183135953006,0.6695816864046994
42166441-49e8-4c18-9cf5-23cb6cd18879,3857300,1,0.9962305426597595,0.9971156791024761,,15.483051300048828,14.36703959158568,-1,0.00015324150444939733,0.7574424743652344,0.24240431189537048,0.0,0.8534242699284834,0.1465757300715166
5faa3868-9aaa-4afb-9eef-7e8ceb975366,3857300,1,0.9688766598701477,0.9849816809943743,,14.004432678222656,14.228323622749071,-1,0.0006027886993251741,0.720150351524353,0.27924686670303345,0.0,0.8103190087023682,0.1896809912976318
ea6a3094-680b-4e9d-9ff0-9e86a6857fc0,3857301,0,0.24532730877399445,0.487253769715119,14.182384,11.313989639282227,12.003906571018218,2,0.002862321911379695,0.38129696249961853,0.6158406138420105,0.0,0.4837684094389162,0.5162315905610838
842f3b67-b8d2-41d4-b6cc-e467a183c56b,3857301,1,0.3971332609653473,0.2229637575951046,,13.242999076843262,13.26349490250765,-1,0.0022076552268117666,0.3826819062232971,0.615110456943512,0.0,0.5485658595991603,0.4514341404008397
5b212de8-a2c3-4db5-b2b9-a6dda224a538,3857301,0,0.2297595888376236,0.21209997373466322,9.960923,11.848535537719727,16.400667459371448,1,0.0029168659821152687,0.35401779413223267,0.6430653929710388,0.0,0.31370042790128294,0.6862995720987171
366527a5-b532-4953-8a73-5e8d1d68ec24,3857301,1,0.9954739212989807,0.9988412842282617,,12.725570678710938,12.116949894058942,-1,0.00020902525284327567,0.7004622220993042,0.2993288040161133,0.0,0.9121604661730894,0.08783953382691057
235bda66-d45c-4ece-afc8-f9ffdf650d48,3869117,0,0.0264054574072361,0.007894633523140139,15.673225,11.159326553344727,11.919892403537013,1,0.0009244270622730255,0.45509353280067444,0.5439819693565369,0.0,0.5304596895135585,0.4695403104864415
6f477c84-c1cf-4382-ae08-2d5cac88cf17,3869117,1,0.4007508456707001,0.4540298152127753,,16.251028060913086,17.082400979288828,-1,0.0011084048310294747,0.29482710361480713,0.7040644288063049,0.0,0.28898643462868157,0.7110135653713184
1b3b5af5-5f0a-4e50-bbc2-1afebaaa6f8c,3869117,1,0.24081875383853912,0.3947859660710865,,14.866201400756836,15.833113291605855,-1,0.0009293056791648269,0.25241491198539734,0.7466558218002319,0.0,0.5199133525176785,0.48008664748232155
3d3e0f4e-1d4c-4d80-85ec-be3c9e056c32,3869117,0,0.5743188261985779,0.6010841894096198,19.581879,15.346786499023438,11.370920363223615,2,0.00047691346844658256,0.3636518120765686,0.6358713507652283,0.0,0.5353307802890505,0.46466921971094954
28afe98b-932d-4fb3-af1a-b08f235bc544,3869117,0,0.2729417681694031,0.40433881623021456,8.237719,12.886608123779297,11.878792662328227,2,0.0008045730646699667,0.31141597032546997,0.687779426574707,0.0,0.518192337244114,0.481807662755886
b35bc062-a8b9-492f-8f62-a482205ad4fc,3869117,0,0.012987232767045498,0.0023573981688685504,9.884331,8.659438133239746,8.777208573383502,1,0.00041192208300344646,0.46168211102485657,0.5379059910774231,0.0,0.47621246107526505,0.523787538924735
a92d1c0c-9be5-46bc-bb0e-2146561a683f,3869117,0,0.24581390619277954,0.12431203159053121,10.1242285,10.076668739318848,11.666811177016701,2,0.001312890904955566,0.5976197719573975,0.4010673761367798,0.0,0.29612997961421217,0.7038700203857878
2d5b9ede-704d-4f40-bf4c-3b4754ca631e,3869117,0,0.03748643770813942,0.0036366853749428747,12.445883,16.212587356567383,15.62487466154893,2,0.000692408939357847,0.33303144574165344,0.6662760972976685,0.0,0.46415456963315616,0.5358454303668438
4fbdc53f-db5f-4994-95f9-07d1b3e14f3c,3869117,0,0.13673026859760284,0.1010145583871939,2.1095023,12.166485786437988,12.113452404291985,2,0.0006878780550323427,0.23901604115962982,0.7602960467338562,0.0,0.26669523852080257,0.7333047614791974
242e85fa-eccc-4b2b-aa8a-0575ef131073,3869117,1,0.9972558617591858,0.9968225136846902,,22.786602020263672,12.738304806805766,-1,0.00018984479538630694,0.4689770042896271,0.5308331251144409,0.0,0.9023763559537304,0.09762364404626954
774b4129-8dcb-4cc7-b40e-6305bfcb21da,3869117,0,0.00823676772415638,0.00045197399024791545,11.253888,10.185147285461426,10.210309953793304,2,0.00018735798948910087,0.2431209832429886,0.7566916346549988,0.0,0.24118398404124486,0.7588160159587551
46c66a93-f97f-41c9-bf8c-6e9822388804,3869117,0,0.36248156428337097,0.02297220195501958,12.303658,20.136512756347656,12.24229251147038,1,0.0008741950150579214,0.5310806035995483,0.4680452346801758,0.0,0.631080735190392,0.368919264809608
a8bd7d84-7a9a-48b0-b998-4e1b2af2ffcb,3869117,0,0.20348051190376282,0.27687172416980704,11.45513,15.013299942016602,11.216251838805949,2,0.000607175927143544,0.318390816450119,0.6810019612312317,0.0,0.2843703460541638,0.7156296539458362
1a10cb5a-0c91-4012-aed0-5e2c83c45d88,3869117,1,0.9990506768226624,0.9935455255536516,,29.908462524414062,16.814323019332473,-1,4.378301673568785e-05,0.3706341087818146,0.6293221116065979,0.0,0.6114827417289608,0.3885172582710393
c92e9b14-54ed-4e8c-b71d-953a24dddd64,3869117,0,0.0074491240084171295,0.0002765533770206076,23.718557,14.832736015319824,13.70813635616531,2,0.00038214767118915915,0.31385067105293274,0.6857672333717346,0.0,0.3154523755006793,0.6845476244993207
32751ce2-1bd0-41ae-a4cb-08c4c303b93d,3869118,1,0.2616255581378937,0.2569597294388153,,12.760863304138184,12.702325775155215,-1,0.0003620742936618626,0.21345314383506775,0.7861848473548889,0.0,0.29208445603880506,0.7079155439611949
a8bdfcd0-d7b9-4543-aea2-88c51a010434,3869118,1,0.999159574508667,0.9979170621538732,,12.26655387878418,12.52531752719005,-1,1.9354460164322518e-05,0.7108429670333862,0.2891377806663513,0.0,0.405018393794201,0.594981606205799
4fb1288d-179a-47af-a85b-9b871f0f8375,3869118,1,0.42990535497665405,0.7075015140767428,,18.779199600219727,17.624560242086556,-1,0.005569124594330788,0.4663555920124054,0.5280752778053284,0.0,0.5348203932166089,0.46517960678339104
d1c2807b-8f69-4888-b614-f503a4a75589,3869118,0,0.18518230319023132,0.12290060796289227,7.4686007,10.101668357849121,9.966104956474172,2,0.0018276048358529806,0.6155644655227661,0.3826078772544861,0.0,0.5632344603018384,0.4367655396981616
8f559c92-ad81-4613-b3c9-c3d0a4c9fec9,3869118,0,0.007667732425034046,0.0073788374855149295,15.966528,12.978117942810059,16.172367738201395,2,0.00013608091103378683,0.3923133611679077,0.6075506210327148,0.0,0.38735574614916035,0.6126442538508396
64ec3243-500b-49ea-82a4-dcfd1f7bf892,3869118,1,0.4009552597999573,0.32853617450128375,,14.971933364868164,18.84828808343146,-1,0.001843157922849059,0.3316527307033539,0.6665040850639343,0.0,0.3203452477906006,0.6796547522093994
967b5fe1-0dd5-4718-9222-85c5e36ec5a2,3869118,1,0.9149910807609558,0.8603936002129517,,16.83896827697754,15.632232512262533,-1,0.0017711333930492401,0.4231782555580139,0.5750505924224854,0.0,0.39935020450689906,0.6006497954931009
3f6f57d4-0093-4253-a4db-b3d11cd5f950,3869118,0,0.007495060563087463,0.006405360766050657,15.007332,12.906063079833984,13.521834300182167,2,0.00023416380281560123,0.4513084292411804,0.5484573245048523,0.0,0.43257973787552406,0.5674202621244759
206624d0-5b8d-42fb-a9ba-acaf0d80ff4f,3869118,1,0.475016713142395,0.6252872044918819,,21.393390655517578,18.167004311332857,-1,0.0021952190436422825,0.3096708655357361,0.688133955001831,0.0,0.34222654096439653,0.6577734590356035
b836f366-777c-4375-9d29-2782f880f7e1,3869151,1,0.642123818397522,0.5624722953646584,,15.609806060791016,17.171760001976818,-1,0.0018019885756075382,0.39663445949554443,0.6015635132789612,0.0,0.3023482363956106,0.6976517636043894
dbc23150-eeba-426f-a146-3bfc8064d683,3869151,1,0.8618409037590027,0.5856905216297966,,14.265119552612305,13.159901226843315,-1,0.00042504738667048514,0.24578994512557983,0.7537850141525269,0.0,0.23930980191609463,0.7606901980839054
1ec3c44f-5a39-4bf7-8842-85489bc38bb5,3869151,0,0.11440744251012802,0.044813766841994014,8.495881,6.008678436279297,10.006029239578947,1,0.0007292655645869672,0.5350695252418518,0.4642012417316437,0.0,0.5515466093514809,0.4484533906485191
05c11f58-eed3-4b6a-b782-2fa0db00c474,3869151,0,0.019505009055137634,0.004153526837698693,24.007082,12.424285888671875,12.623390259867127,1,0.0007407573866657913,0.4546733796596527,0.5445858240127563,0.0,0.3903019249701608,0.6096980750298392
29a49fa2-5099-4be4-a388-130ebd539d18,3869151,0,0.42984262108802795,0.4043241289372968,16.483932,11.851648330688477,12.894286763762642,1,0.0008961842977441847,0.6239360570907593,0.3751678168773651,0.0,0.4271690872895343,0.5728309127104657
c5d6929c-585a-4520-aca0-f6135fc2d7d9,3869151,0,0.009851456619799137,0.0013693289399953866,19.926365,12.208982467651367,12.994093699999894,1,0.000346830696798861,0.4951661229133606,0.5044870376586914,0.0,0.42762348558512253,0.5723765144148775
2bef4e57-48ca-475f-af8f-b160336d00f7,3869151,0,0.0031753801740705967,0.0066215976317884,10.621205,11.338319778442383,10.056637904104667,2,0.00010784014011733234,0.5185796618461609,0.48131251335144043,0.0,0.43881148339162057,0.5611885166083794
813bb1e4-0ae0-41c7-ba3c-4c41d9d56ef1,3869151,0,0.09101193398237228,0.06182557911894956,13.140016,10.888860702514648,10.61854118289255,2,0.0016097323969006538,0.36860570311546326,0.6297845244407654,0.0,0.41071365706557905,0.589286342934421
be6af5ab-9905-450c-82e7-5b5f15f25ddc,3869151,0,0.4449029564857483,0.5173460752250624,28.491753,19.32465362548828,19.339925064996375,2,0.0010215393267571926,0.21298368275165558,0.7859947681427002,0.0,0.27234711786818777,0.7276528821318122
108304da-110c-4205-9b81-83341ae684bc,3869151,1,0.5096422433853149,0.699336997335148,,20.743133544921875,17.22179477313556,-1,0.0026487382128834724,0.3477441072463989,0.649607241153717,0.0,0.37194709269173265,0.6280529073082673
42e89997-057f-48d0-8878-b0385adf870e,3869152,1,0.29560866951942444,0.22011048570434327,,11.063677787780762,14.223245879279135,-1,0.0033710391726344824,0.3520510792732239,0.6445778608322144,0.0,0.31646824895636017,0.6835317510436398
e9113074-9a5a-48ca-bd95-40a10b4179a8,3869152,1,0.9990799427032471,0.998241317678046,,15.171171188354492,15.225166451944432,-1,2.4417244276264682e-05,0.7144341468811035,0.2855414152145386,0.0,0.25926035871259057,0.7407396412874094
fc7aa1a8-5993-47de-aac8-5927c1fcd90f,3869152,0,0.09518301486968994,0.045960445556663995,9.752948,13.249483108520508,10.469163844133282,1,0.0005072337808087468,0.2776493728160858,0.721843421459198,0.0,0.2995873498089139,0.7004126501910861
1aadc307-050a-49cf-9f10-0674aadfef27,3869152,1,0.9982384443283081,0.9981142044324508,,17.089387893676758,15.489398231822278,-1,5.442545443656854e-05,0.72270268201828,0.27724289894104004,0.0,0.8807025165897022,0.11929748341029779
2ed4857f-f6af-4f42-bd2b-d27e2d188a4f,3869152,0,0.5070313811302185,0.2700996979625807,18.514858,16.117673873901367,13.140246190519642,1,0.002667088992893696,0.3135405480861664,0.6837923526763916,0.0,0.3138576016214153,0.6861423983785847
20fef869-57ca-487f-b0df-9006230365ac,3869152,1,0.9960491061210632,0.9347866020223378,,11.925263404846191,11.103456921532125,-1,0.00012572247942443937,0.6996903419494629,0.3001839220523834,0.0,0.5028323783602857,0.49716762163971423
1d3ecfb5-8c79-4164-956e-f6c1adde0e75,3869152,0,0.4567941129207611,0.5664163408009396,21.827734,16.51727867126465,16.104448003791497,2,0.005140069406479597,0.363646924495697,0.6312130689620972,0.0,0.39461320263455535,0.6053867973654447
abb0f463-a386-47aa-8006-190b02ffcaf5,3869152,1,0.09293372929096222,0.19250479843718885,,21.3800048828125,14.822497950687833,-1,0.0007416004664264619,0.2178552895784378,0.781403124332428,0.0,0.20300772932250355,0.7969922706774965
e0c7c958-f131-4228-b8bc-bcb296afcb5d,3869152,1,0.7016181945800781,0.5647698741355175,,12.15415096282959,8.85933348307493,-1,0.0006921759340912104,0.45101529359817505,0.5482925772666931,0.0,0.5073320436638352,0.4926679563361648
08f97086-b398-44fa-99b0-3314f3c2481f,3869152,1,0.2891511619091034,0.3022362667637851,,13.34692096710205,14.750756469913219,-1,0.000512249069288373,0.19494640827178955,0.8045413494110107,0.0,0.18041897332467205,0.819581026675328
58d4f80c-cc1d-4b83-be66-ce580621a4fe,3869152,1,0.9785438179969788,0.9361877815969253,,12.803991317749023,14.072503899291712,-1,0.00035654494422487915,0.5419110655784607,0.4577323794364929,0.0,0.2843712458351628,0.7156287541648372
720f64db-3244-4565-9aa5-545072dd4635,3869219,1,0.4603850543498993,0.4643676931442003,,23.843387603759766,13.290198249000548,-1,0.002426158869639039,0.2563456594944,0.7412281632423401,0.0,0.3968884883804532,0.6031115116195468
4d8cac2d-1007-43b4-8887-d9b1bd65d067,3869219,1,0.9969505071640015,0.9956470778118858,,13.67099380493164,12.46817338087988,-1,6.452758680097759e-05,0.6091976761817932,0.39073777198791504,0.0,0.35392539874974704,0.646074601250253
9cc14ca1-b1fd-4b2e-90cd-99abdb42fe56,3869219,1,0.5464089512825012,0.7181104783800504,,11.359326362609863,11.991933891041134,-1,0.0027102315798401833,0.4954269826412201,0.5018627047538757,0.0,0.5809919240092318,0.4190080759907682
562a9441-3cd5-49e7-adf5-60b27019de8e,3869219,0,0.005098775494843721,0.0005591001522314062,1.4142135,11.748565673828125,13.15505469734502,2,9.296233474742621e-05,0.28211262822151184,0.7177944183349609,0.0,0.13412394750725154,0.8658760524927485
60142ee4-1c32-42e2-861a-87135144d050,3869219,1,0.9975252747535706,0.9969515606213698,,14.462726593017578,12.696248688741605,-1,6.786343874409795e-05,0.6654062867164612,0.33452585339546204,0.0,0.2867484055758396,0.7132515944241604
4d8220b7-4868-41b0-b796-1a3d968cea7c,3869219,0,0.011773009784519672,0.02836385154638739,9.002222,9.876397132873535,8.383564660068995,2,0.00018472076044417918,0.38038626313209534,0.6194290518760681,0.0,0.214508812922927,0.785491187077073
a6dae17e-9a5d-4afe-ad16-41eddb3d58d0,3869219,1,0.9947691559791565,0.9345583084630673,,13.083075523376465,13.630933177052396,-1,7.10792955942452e-05,0.5729002952575684,0.4270285964012146,0.0,0.4536035434504073,0.5463964565495927
dc0ad6b8-31f0-44d2-8cb8-b6e8d3b59722,3869219,1,0.36397281289100647,0.27873805096037296,,18.05277442932129,18.263188074770333,-1,0.003865085542201996,0.3584328591823578,0.6377021074295044,0.0,0.42822702206473573,0.5717729779352643
873642d4-4105-4154-a1c6-8dce2f0bbd35,3869219,0,0.047918885946273804,0.15272804674209284,18.652615,15.612201690673828,15.805072672101637,2,0.0006762200500816107,0.2828061580657959,0.7165176272392273,0.0,0.43938290630441523,0.5606170936955848
a7684121-4a9c-4371-b25b-25b0a4d61a32,3869219,1,0.6531442403793335,0.8729529392622256,,16.468996047973633,16.0787090978133,-1,0.0014418557984754443,0.29664796590805054,0.701910138130188,0.0,0.25371713933641404,0.746282860663586
a387cd7d-fb3d-4f4a-9fdd-0af7ff6f4639,3869219,1,0.9145780801773071,0.7864564729684136,,10.474666595458984,13.197761866975538,-1,0.0008266973309218884,0.5816234946250916,0.4175497889518738,0.0,0.45107187951785666,0.5489281204821433
34a82318-642c-449c-880a-baefa0c80467,3869219,1,0.3996380567550659,0.4891094077916432,,13.17411994934082,12.153038025351771,-1,0.002023210283368826,0.36566561460494995,0.6323111653327942,0.0,0.45083247805350635,0.5491675219464937
b9ba5f25-2173-4fb5-82b7-e305be4c2e00,3869219,0,0.00662057101726532,0.0013584265480472556,10.0657835,13.330327033996582,13.672133701408864,2,0.0001633035426493734,0.4065905809402466,0.5932461023330688,0.0,0.38433192419265994,0.6156680758073401
4978c510-6baa-4d2a-92e2-70207a67577d,3869219,0,0.0015038048150017858,0.0006502564880142309,17.617321,11.6182279586792,11.077128885483834,2,2.7059642889071256e-05,0.36792469024658203,0.6320483088493347,0.0,0.2815509975059718,0.7184490024940282
f35e7752-668f-48a9-8df5-edd58f2dc186,3869219,0,0.011015155352652073,0.008030711894272579,14.814182,14.395401954650879,14.026832041631991,2,0.0001406370720360428,0.280963271856308,0.7188960909843445,0.0,0.3929633871924785,0.6070366128075215
31fbaedf-7e1a-4c94-a1d7-2dbdecb94dd4,3869219,0,0.011044491082429886,0.007639065725738622,13.438005,11.625226974487305,11.56167527819701,1,0.00010799142910400406,0.40590816736221313,0.5939838290214539,0.0,0.4124452897466333,0.5875547102533667
dc959415-5404-4127-ac13-f87d268c636e,3869219,0,0.3911110758781433,0.4602104952314365,29.813587,18.299495697021484,16.643546943686918,2,0.0004920177743770182,0.17719824612140656,0.8223097324371338,0.0,0.16521372913098364,0.8347862708690164
cf92334c-1a82-4b2d-a2c2-306c8c637898,3869219,0,0.02059447392821312,0.0044933018743203625,1.2206556,12.973607063293457,12.300446241499081,2,0.0005010435124859214,0.3863307535648346,0.6131682395935059,0.0,0.28916600970074513,0.7108339902992549
669253ad-5a52-49f8-8699-46e64e8ce3dc,3869219,0,0.053880639374256134,0.06697417401694007,28.675425,14.57238483428955,13.739691775443855,1,0.0008965701563283801,0.23003797233104706,0.7690654993057251,0.0,0.28727861948017697,0.712721380519823
0058d654-a567-4528-b133-8e6680bc5b1b,3869219,0,0.6016478538513184,0.691198124565314,15.725775,18.694568634033203,16.157478078075762,2,0.003270002081990242,0.3278524875640869,0.6688774824142456,0.0,0.23470244594608236,0.7652975540539176
6d4d0881-692d-4ea9-906e-23d06f40afd8,3869219,0,0.010098124854266644,0.0038709709507120517,19.289894,10.591997146606445,12.474762967422592,2,0.0002463582786731422,0.41365140676498413,0.5861022472381592,0.0,0.5318751873169236,0.46812481268307643
88c3811c-5f02-4a38-b52f-b5a4ced04aa4,3869219,1,0.9934942126274109,0.9417753256863546,,13.646588325500488,13.775801453968247,-1,0.00011235387501074001,0.5876979827880859,0.4121896028518677,0.0,0.41863657551382183,0.5813634244861782
e7c4c3c3-13a9-4f07-95a6-5fb9bcc80552,3869219,0,0.0035813916474580765,0.004577329453142933,9.780082,11.502772331237793,12.16553314305134,2,2.955400850623846e-05,0.2754988670349121,0.7244715690612793,0.0,0.12303877650288209,0.8769612234971179
ec2aa708-ae18-4e3b-94ad-ab7316d56162,3869219,1,0.5306490063667297,0.8707464542375192,,14.663586616516113,21.348131461930514,-1,0.005378486588597298,0.523377537727356,0.4712440073490143,0.0,0.5799215034604894,0.4200784965395105
6dec1285-b6b5-4268-b7c3-f5f106c7b62d,3869219,0,0.22056789696216583,0.28924011183635345,2.3600848,13.488967895507812,10.594980647573582,2,0.0009213688899762928,0.26473528146743774,0.7343433499336243,0.0,0.3216383266070959,0.6783616733929041
26c857d3-234c-4e85-b14c-caa68604b089,3869219,0,0.0026840497739613056,0.00033267222487910254,8.121576,11.166747093200684,7.874925798530526,2,5.5445798352593556e-05,0.3836141526699066,0.6163303852081299,0.0,0.23482209835634316,0.7651779016436568
df760df1-35c6-4cfc-8468-52115d9fff08,3869219,1,0.9815799593925476,0.9151169291774777,,12.360368728637695,11.62090514966805,-1,0.0005366357509046793,0.6681232452392578,0.33134007453918457,0.0,0.4215583340755956,0.5784416659244044
24ce3698-7d50-4624-92c6-1a826c480e42,3869220,0,0.3121241331100464,0.24833171635953014,36.54066,14.219112396240234,13.55063331322171,2,0.004104806110262871,0.4009435474872589,0.5949516892433167,0.0,0.2966994367588388,0.7033005632411612
574c9f8e-a2e5-4c80-a2f1-1f1b3537f0bc,3869220,0,0.03047270141541958,0.021492784936226236,2.0396078,9.396289825439453,11.699749018333675,2,0.0006989663233980536,0.4201982915401459,0.5791026949882507,0.0,0.4773482388259326,0.5226517611740674
3915e97e-8bc9-4d3e-a3e6-c5c4862caf96,3869220,1,0.9941244721412659,0.997629917341195,,12.068469047546387,11.737839301654487,-1,0.00015860979328863323,0.6610024571418762,0.33883896470069885,0.0,0.34872897995582586,0.6512710200441741
e136e3f1-a45f-4820-a77e-a8387fd39b1e,3869220,0,0.4236637353897095,0.5180244297039682,25.303162,13.671031951904297,13.360667637809753,2,0.0006646166439168155,0.23125289380550385,0.7680825591087341,0.0,0.258405261754156,0.741594738245844
22153b81-e152-4fce-9b50-c9fad9d42790,3869220,0,0.011690684594213963,0.0028516670877233364,18.701069,10.078691482543945,8.861073415075811,2,0.00012156426237197593,0.291644424200058,0.7082340717315674,0.0,0.41496350718917596,0.585036492810824
01b39a97-7042-4306-84e4-44c5ff46a13e,3869220,0,0.008812849409878254,0.014165848939004402,20.137527,14.504257202148438,11.546315275938811,2,0.0001795448042685166,0.4274364709854126,0.5723839998245239,0.0,0.5340872976487074,0.4659127023512925
92c9cf20-eb80-4c61-a099-8c8211a79ffb,3869220,0,0.311745822429657,0.4244800246259515,21.61134,14.80152702331543,16.631276481968264,2,0.0007455889717675745,0.20503564178943634,0.7942187190055847,0.0,0.18895369189115574,0.8110463081088443
e674c68d-a7f6-45e2-b3cc-23e5d31533c5,3869220,0,0.009283266961574554,0.006419776207412844,33.4006,14.293938636779785,14.663605369160575,2,0.000177513575181365,0.41809940338134766,0.5817230939865112,0.0,0.38869256995611146,0.6113074300438885
50ef35a4-0e26-439b-86d2-001a14dcb4e1,3869253,0,0.09275446832180023,0.19837675278074746,17.11432,11.533268928527832,14.612432409829289,1,0.0019681276753544807,0.4466302692890167,0.5514016151428223,0.0,0.39864192787410146,0.6013580721258985
b68c5dc1-3715-4a8d-a0dd-4a9c76f43caa,3869253,0,0.2295958399772644,0.19588056913634122,21.639317,16.92647361755371,16.99277890287529,2,0.0009786451701074839,0.3111133873462677,0.6879079341888428,0.0,0.37328933911453677,0.6267106608854632
2deda279-7f34-4264-803c-c47861bc6dbc,3869253,1,0.996141254901886,0.9986760719024695,,16.425214767456055,13.544180465591548,-1,0.0004045806999783963,0.5784956216812134,0.42109981179237366,0.0,0.7739452425453333,0.2260547574546667
503a5be1-0732-430b-847d-8db83fcf59c0,3869253,1,0.9958765506744385,0.992045467113981,,17.518051147460938,10.12523194826078,-1,0.00025291528436355293,0.5435184240341187,0.45622867345809937,0.0,0.5788539594758674,0.4211460405241326
e068b374-281f-4056-b458-8ca328ebbf8c,3869253,0,0.23369674384593964,0.2747410122127616,35.301273,14.463626861572266,13.968295107816715,2,0.0024125257041305304,0.5236819982528687,0.4739055037498474,0.0,0.3961954393620949,0.6038045606379051
735e827e-ad4d-4a6c-a879-5c8131fd5f37,3869253,0,0.31856364011764526,0.4925753085041174,12.139605,14.573695182800293,16.550290024559256,1,0.002040672115981579,0.3129739463329315,0.6849853992462158,0.0,0.3196473635142748,0.6803526364857252
eed664c3-ab87-43fd-ad75-c08475e219dd,3869253,0,0.5422924757003784,0.3135270484967041,14.90302,13.436293601989746,14.836706679009055,1,0.0011577308177947998,0.4765370190143585,0.5223051905632019,0.0,0.21527640748346477,0.7847235925165352
d875b6b8-cb4c-4b40-92d8-06d134d33353,3869253,1,0.7354638576507568,0.7469026587517953,,23.309249877929688,15.11025359644518,-1,0.0016832143301144242,0.37228551506996155,0.626031219959259,0.0,0.2688680408582703,0.7311319591417297
a48f8120-f3cd-4551-aa1a-d0934fa7ca83,3869254,1,0.43036916851997375,0.6247693865665679,,8.832586288452148,14.805697549451825,-1,0.004252574406564236,0.4540465474128723,0.5417008996009827,0.0,0.3666781970514601,0.6333218029485399
0e007f2f-e88a-432d-81d7-c4d13741a227,3869254,0,0.11597152054309845,0.12635212660088027,12.557467,15.012205123901367,13.131929955197782,2,0.0005772716249339283,0.42678290605545044,0.5726397633552551,0.0,0.38724796528971484,0.6127520347102852
0c1dd981-395c-493e-a107-36cb9c6a9e9c,3869254,0,0.5182412266731262,0.7436378167297547,25.250742,18.52736473083496,15.667757968757655,2,0.0016103150555863976,0.39859825372695923,0.5997914671897888,0.0,0.4086703993893185,0.5913296006106815
9e65cc2f-ab78-40d7-b94f-d0e0fe5a623c,3869254,0,0.008337339386343956,0.0017359530681477844,3.4234486,13.289935111999512,13.827555079806583,1,0.00013970812142360955,0.3738037943840027,0.6260564923286438,0.0,0.352433171299956,0.647566828700044
4038853d-9264-4ffb-8ee6-3246c6dacd48,3869254,0,0.029602259397506714,0.04345499533149131,24.7,11.581287384033203,12.11551857137695,2,0.0009150028927251697,0.4780714511871338,0.5210134983062744,0.0,0.443826403088988,0.556173596911012
d80f4cf5-fd92-4810-9161-fcb9d8898a02,3869254,1,0.4416517913341522,0.5323299480282084,,11.831578254699707,12.405260972804452,-1,0.0009416983230039477,0.26476529240608215,0.7342930436134338,0.0,0.3214576607048971,0.6785423392951029
8a3bfcdd-ce5a-46a7-8fb5-22a7dea6a132,3869254,0,0.2966245710849762,0.5664853446952076,7.4431176,12.750659942626953,13.49923518365715,1,0.0051278346218168736,0.3383449912071228,0.6565271615982056,0.0,0.28422563750823726,0.7157743624917627
af70c018-2b33-49bb-aea2-7b26a44a5adf,3869254,0,0.07497131824493408,0.04494955448956944,23.104113,11.52559757232666,11.352677858943428,2,0.0007869809051044285,0.28881752490997314,0.7103955149650574,0.0,0.29066540205770575,0.7093345979422943
c3768cbb-9ed6-4693-a875-6f64933a912e,3869254,1,0.07025524973869324,0.09407217148600745,,10.959228515625,11.886952751160054,-1,0.0007181099499575794,0.2200387567281723,0.7792431116104126,0.0,0.3431214668313045,0.6568785331686955
0dec225a-db58-47c8-863e-c06c13a7faf5,3869254,1,0.378543496131897,0.6441971672712536,,12.079019546508789,15.480564111252114,-1,0.004033186007291079,0.5265923142433167,0.46937447786331177,0.0,0.3811401822677748,0.6188598177322252
5a2e06a0-d2f1-4878-8ff2-0138865cbbb7,3869254,0,0.13233065605163574,0.26969835371505774,33.782986,14.443255424499512,13.110342023191725,2,0.0020167052280157804,0.33515387773513794,0.6628293991088867,0.0,0.4104594511841634,0.5895405488158366
0bdebc81-7ce5-45e4-838b-e343005a298b,3869321,0,0.1142340674996376,0.2150718126975908,17.20465,14.06175422668457,15.34602094450106,2,0.00025206260033883154,0.26618531346321106,0.7335625886917114,0.0,0.34232830730480457,0.6576716926951954
8be4cf4c-1219-448a-8d54-a22a92023ec1,3869321,1,0.9952288866043091,0.9968476043869984,,16.91025733947754,14.182229237871532,-1,5.2125171350780874e-05,0.6542932987213135,0.34565460681915283,0.0,0.7334050352739092,0.26659496472609084
5b94f481-b986-410e-9eef-53f366eb0c63,3869321,0,0.011020179837942123,0.0007930179318210297,3.522783,12.267498970031738,8.849525219106505,1,0.00020763007341884077,0.4701889753341675,0.5296034216880798,0.0,0.47146307882486294,0.5285369211751371
f9389d64-eece-4833-b27c-5a5c3e24baa4,3869321,0,0.014389779418706894,0.021100346104528295,27.735357,13.542850494384766,10.802263467128352,1,0.00031847262289375067,0.47551217675209045,0.5241693258285522,0.0,0.5079484773568703,0.4920515226431297
abe5f41b-1b9a-4d1a-bce0-9bd1667d5116,3869321,1,0.1010831817984581,0.5512844036666746,,9.073256492614746,11.624152891546373,-1,0.0018899935530498624,0.48951512575149536,0.5085949301719666,0.0,0.569359530648859,0.4306404693511409
2402aca5-0e64-44ef-9869-111a4d905d56,3869321,0,0.005338703747838736,0.0063746187907644854,17.40632,12.153138160705566,11.192170112482382,1,3.673552782856859e-05,0.2840559482574463,0.7159072756767273,0.0,0.3366970596955976,0.6633029403044024
82ce5c73-6304-4bc8-a0d7-1db46232ef78,3869321,0,0.0066830976866185665,0.005006469174050686,13.93126,9.28986644744873,9.126077790523034,2,4.8489400796825066e-05,0.38744497299194336,0.6125065684318542,0.0,0.47460059146367306,0.5253994085363269
2eaf72c2-5e19-4466-ae87-cc5ba9e5ae9a,3869321,1,0.4711468815803528,0.7938477118811845,,11.016081809997559,13.44119491398446,-1,0.008811763487756252,0.40526115894317627,0.5859270691871643,0.0,0.39340048948418904,0.606599510515811
abc10a72-8b9e-4fc6-b8cf-931f452bbe31,3869321,0,0.1534966230392456,0.2381612825982813,17.029387,14.87168025970459,12.370287612757892,1,0.0004733114328701049,0.26828911900520325,0.731237530708313,0.0,0.21698850460128816,0.7830114953987118
8848e6ee-6d35-4b95-8aa6-08030e6fe9f6,3869321,1,0.9954677820205688,0.9963517616182979,,19.267322540283203,21.273223528830066,-1,6.501993630081415e-05,0.657464861869812,0.34247007966041565,0.0,0.9323216292040795,0.06767837079592054
d9f61d39-c871-4e70-a66f-80f4109aeff0,3869321,0,0.007973600178956985,0.004681039424370043,11.317244,14.810684204101562,15.431288179386371,1,4.4098764192312956e-05,0.4687972664833069,0.5311586260795593,0.0,0.40301979110061203,0.596980208899388
34500e95-8d8b-4c43-95c0-3a5c5d2d6af6,3869321,1,0.1952345371246338,0.31209793239564115,,11.908316612243652,16.282231741931994,-1,0.0024782163091003895,0.33385029435157776,0.6636714339256287,0.0,0.3702158609394135,0.6297841390605865
4b846980-047c-4ca4-8d3e-d20f8d38460a,3869321,0,0.08492664247751236,0.04603769576102792,11.24322,16.210424423217773,16.053171649599346,1,0.0013136864872649312,0.3741399049758911,0.6245464086532593,0.0,0.49755333066343455,0.5024466693365655
47263558-db68-4433-914e-99b6e36c84dc,3869321,0,0.019500087946653366,0.0024375342598214906,9.0,13.109440803527832,12.503367474588792,1,0.00010861527698580176,0.2198815941810608,0.7800097465515137,0.0,0.2105064963953962,0.7894935036046038
eee191e9-df86-4fec-9bd2-8da1c1f0ddec,3869321,1,0.9216945767402649,0.8965864339376316,,12.626087188720703,10.495899934313682,-1,0.00020236031559761614,0.6420822143554688,0.357715368270874,0.0,0.5259400021309495,0.47405999786905056
e8615146-b8a3-491d-af67-c47358de9ba8,3869354,1,0.988787829875946,0.9384782899140338,,13.63813304901123,15.009424320139566,-1,0.000202036346308887,0.32467949390411377,0.6751184463500977,0.0,0.43130376105062584,0.5686962389493742
047e3d64-c1d3-4f91-9a27-d1e817f0837f,3869354,0,0.9407274723052979,0.8914871182956757,23.024336,14.282427787780762,16.415432131421205,1,0.0009214270976372063,0.43444085121154785,0.5646377205848694,0.0,0.45755967058564884,0.5424403294143512
e20314ce-04eb-4cd9-a4e8-d7c3a7d22919,3869354,0,0.10997352749109268,0.01698446202713109,1.2165525,11.355876922607422,9.675358639932345,2,0.0005855495692230761,0.22919274866580963,0.7702217102050781,0.0,0.21867288867463763,0.7813271113253624
144fbb92-4f04-466e-a7cd-3488f633b5d7,3869354,1,0.9969556331634521,0.9539588227012108,,13.275765419006348,14.89941660198009,-1,0.00011200094013474882,0.3309588134288788,0.6689292192459106,0.0,0.4874748234843206,0.5125251765156794
ddf656e0-37c7-42a9-96b3-3ed3a6825fc8,3869354,0,0.9790868759155273,0.7722537752504516,19.163769,8.867634773254395,12.04354818625815,2,0.00023208378115668893,0.42402756214141846,0.575740396976471,0.0,0.5395109175803057,0.46048908241969433
30e5fc4e-0f2b-4305-ae77-09622cd214e8,3869354,0,0.11369527131319046,0.07377862413450553,21.455536,9.09684944152832,10.21179113991933,2,0.0007577295764349401,0.2715529799461365,0.7276893258094788,0.0,0.335111431911262,0.664888568088738
a829f868-0252-4e9e-ba76-22fdb2d092ff,3869354,0,0.54185950756073,0.5932319332058859,7.874643,15.375572204589844,11.903266865952862,1,0.0016361793968826532,0.3225966989994049,0.6757671236991882,0.0,0.35790834164830243,0.6420916583516976
41840bf0-baca-4aea-84ec-beba00b2ae04,3869354,0,0.1686512678861618,0.10518549180619974,8.850988,9.913372993469238,11.962446043056893,1,0.002230163896456361,0.3385222852230072,0.6592475175857544,0.0,0.3794345222922907,0.6205654777077093
ac6c987b-44a2-46c5-b607-515e3031e8d8,3869354,0,0.9161369800567627,0.8821794691145771,15.9890585,15.926946640014648,21.527566385304993,1,0.0005467437440529466,0.47384971380233765,0.5256035923957825,0.0,0.39311592198524725,0.6068840780147527
db05188f-08db-4d26-91ab-71dd97eed4a6,3869354,0,0.007523419801145792,0.003489900684194039,25.031979,12.741522789001465,14.584291339687642,2,0.000349201523931697,0.4720122218132019,0.5276385545730591,0.0,0.3383512229682133,0.6616487770317867
1e4799f5-43ce-4da3-97f6-09a55d88bd4a,3869354,0,0.8225648999214172,0.7302133750405781,11.244999,15.236579895019531,14.991414910030544,2,0.0014480800600722432,0.30450883507728577,0.6940430998802185,0.0,0.2777859493932969,0.7222140506067031
e8546380-a578-4a20-b11a-aad4c5726170,3869354,0,0.012111094780266285,0.0018400823553046163,18.428782,11.73650074005127,11.041120862928215,1,0.0004652089555747807,0.4087299704551697,0.5908048152923584,0.0,0.45074188076925514,0.5492581192307449
7ae9c17c-f058-4143-9a17-4dcfbe8267ee,3869354,0,0.007887333631515503,0.0004879521617972925,6.519202,13.284597396850586,11.713426922527386,1,0.00040806629112921655,0.3884362280368805,0.6111557483673096,0.0,0.3146966940195792,0.6853033059804208
341a1fb3-c9e9-4fde-a4c3-b97a3e77ead8,3869354,0,0.22493232786655426,0.06385741071521951,24.075298,8.607420921325684,10.434107956886894,1,0.001324561657384038,0.3628869652748108,0.6357884407043457,0.0,0.4890278621923302,0.5109721378076698
287e83dc-8fb6-4d04-b605-e5073c3c84f2,3869354,0,0.46230053901672363,0.5387971932932509,16.50606,17.400197982788086,15.690542525891257,2,0.0015804792055860162,0.24491536617279053,0.7535041570663452,0.0,0.28158243893863044,0.7184175610613696
630410f7-67f6-4be9-b48b-9bb9912763ca,3869354,0,0.040678806602954865,0.009739829583908916,18.06765,13.783472061157227,13.148833336916002,1,0.0005690358229912817,0.39630353450775146,0.6031274795532227,0.0,0.3085189996525427,0.6914810003474573
f6b38931-aba7-40c7-ac88-c85505807812,3869354,0,0.5201478600502014,0.41522596472086765,12.238464,15.24089241027832,10.26624236204842,1,0.0011537945829331875,0.39433103799819946,0.6045151948928833,0.0,0.3171958556245772,0.6828041443754228
8d566bd3-ace0-4813-878d-abaeb5c5730f,3869354,0,0.04136842489242554,0.14785074432981846,3.5510561,10.227746963500977,8.46796645743219,2,0.00020388339180499315,0.35572341084480286,0.6440727114677429,0.0,0.40824014728330904,0.591759852716691
d5369ae8-7a8a-4e85-8679-1f6ca3de818e,3869420,0,0.022649649530649185,0.002284247759146358,32.422215,17.594606399536133,14.552675278863799,2,0.00034169384161941707,0.5158555507659912,0.48380276560783386,0.0,0.4966803676222079,0.5033196323777921
188acbac-c604-4a35-83a8-91c2465c98d2,3869420,0,0.7306696176528931,0.7398901999721639,8.609298,16.141639709472656,10.159716998046996,1,0.0014399213250726461,0.43300217390060425,0.5655578970909119,0.0,0.49825914249705894,0.5017408575029411
8bf9fb29-7574-4520-a433-18ac599d63b4,3869420,0,0.02996825985610485,0.0029534886256294113,19.535864,15.423421859741211,12.824747897523734,2,0.000832228222861886,0.4479391276836395,0.5512285828590393,0.0,0.465428586950803,0.534571413049197
8f66b65d-cd63-4ca7-bd55-12c26f75fe15,3869420,0,0.396426796913147,0.2872241422886237,22.726416,15.968406677246094,16.846890721496035,2,0.0029262444004416466,0.3951059877872467,0.6019678115844727,0.0,0.2704062142852759,0.7295937857147241
bbf3b207-095a-48fd-a440-76ffddd1dbfa,3869420,0,0.6553192734718323,0.22175262926441394,36.66129,17.249481201171875,15.292820684032112,2,0.002584808738902211,0.42400506138801575,0.5734102129936218,0.0,0.32921742879454663,0.6707825712054534
946d168a-14b7-4c67-9fbb-ebd9bbf7d8cb,3869420,1,0.9676098823547363,0.9250630433321911,,22.10965919494629,14.987366998286857,-1,0.00021083475439809263,0.33261075615882874,0.6671784520149231,0.0,0.526596537910931,0.47340346208906897
b27ab156-21d3-4636-a2dc-333ff07d1589,3869420,1,0.9986149072647095,0.9878615771675128,,35.30601119995117,17.644130275134042,-1,4.8649319069227204e-05,0.5164381265640259,0.483513206243515,0.0,0.5680136129652373,0.43198638703476266
1a36dd14-067c-4a47-b50b-e32212af19a0,3869420,1,0.5588560700416565,0.46467111660860083,,15.749521255493164,14.807848282019267,-1,0.0029744277708232403,0.3934295177459717,0.6035959720611572,0.0,0.361442420383828,0.638557579616172
56b897db-2e51-45ef-a833-cb8df3510dc8,3869420,1,0.9994244575500488,0.997611823827037,,34.70486068725586,14.76706659858923,-1,2.0276949726394378e-05,0.5013092756271362,0.49867045879364014,0.0,0.661410458547405,0.33858954145259496
e857db7f-85ae-45e4-9539-23963b8c8ed2,3869486,0,0.014797624200582504,0.0033462190777876653,2.280351,12.081729888916016,9.707155690278638,1,0.00043647506390698254,0.48728689551353455,0.5122765898704529,0.0,0.5515036020842028,0.44849639791579715
5566e6be-63e1-447d-9637-709b643ab7f0,3869486,0,0.0028310390189290047,0.0001008089865975026,5.7428217,6.120767116546631,4.949656090459413,2,3.525444117258303e-05,0.4092918634414673,0.5906728506088257,0.0,0.25610208963870973,0.7438979103612903
30d5a259-9769-4376-89fc-2fadd52818d0,3869486,0,0.7261366248130798,0.8508760663546483,10.332473,17.670156478881836,15.362329205317977,1,0.007530702743679285,0.41155338287353516,0.5809159874916077,0.0,0.37611990570968457,0.6238800942903154
9cf4c1a7-beff-4b2b-97eb-acb4857dd9a7,3869486,0,0.012035015039145947,0.006225090227296313,18.46781,12.11508846282959,13.967608570254399,1,0.00027863230207003653,0.5623264908790588,0.43739479780197144,0.0,0.37476857420845633,0.6252314257915437
e6dc7d8a-d75f-4049-8284-1bffdff679b4,3869486,1,0.95261549949646,0.8798887115916942,,21.752656936645508,15.214164428165926,-1,0.0019089804263785481,0.4539474844932556,0.5441434979438782,0.0,0.46355396468982546,0.5364460353101745
fac77a70-7fbe-4aa4-9897-82fae69764a8,3869486,0,0.002839414868503809,0.004120603778260911,27.704512,8.341363906860352,10.927845589882953,2,7.224227010738105e-05,0.4036363959312439,0.5962913632392883,0.0,0.35897719811338735,0.6410228018866126
a7d097c5-3625-4610-8434-55b31cf1ab08,3869486,0,0.36921125650405884,0.29619770395783146,17.069857,12.540764808654785,11.743162144849252,1,0.00128455413505435,0.5712879300117493,0.4274274706840515,0.0,0.4892366143446968,0.5107633856553032
18b6c3c4-0ed6-4f97-882f-442de5d14e2e,3869486,0,0.595066487789154,0.7265431593537895,17.41838,12.676193237304688,9.772087544347261,1,0.001880432479083538,0.5646295547485352,0.43348994851112366,0.0,0.6918794858762873,0.3081205141237127
6490381f-411a-484c-b0e7-fb885d1324d7,3869486,0,0.004489377606660128,0.0022852008434897236,25.323704,13.74251937866211,12.842267666082712,2,0.00016834595589898527,0.3541167080402374,0.6457149386405945,0.0,0.21745873094082135,0.7825412690591786
1426c2a8-4529-4392-9f15-3a714fe07ba5,3869486,1,0.9105512499809265,0.8780488239464289,,17.088899612426758,13.44200216112035,-1,0.0007847463712096214,0.4011775851249695,0.598037600517273,0.0,0.3339674088230974,0.6660325911769026
2cb0ee91-5ad9-4409-833e-a0d2d6e52be5,3869486,0,0.00979922991245985,0.010409369192189901,17.828068,12.153216361999512,13.55286467271403,1,0.00025760664721019566,0.5052525401115417,0.4944898188114166,0.0,0.49234456206389643,0.5076554379361036
c520c2ef-6d95-4115-aa6f-36b706e88acd,3869519,0,0.5187457799911499,0.4925813220227385,16.103725,20.354156494140625,14.217556717470828,2,0.0008239635499194264,0.2086750715970993,0.7905009388923645,0.0,0.21925109521640984,0.7807489047835902
068513e5-6ac2-4d8d-a00d-cead88217cf8,3869519,0,0.5260811448097229,0.42242062103564776,16.101242,18.161325454711914,15.23001503035442,2,0.0011858530342578888,0.28790533542633057,0.7109088897705078,0.0,0.3624055222644844,0.6375944777355156
9b22def3-10ce-47be-a585-3045ac117516,3869519,1,0.967085599899292,0.9277041637420855,,16.028610229492188,11.687539125539148,-1,0.0007679046248085797,0.521190345287323,0.47804176807403564,0.0,0.5971068702828335,0.40289312971716645
6fad1ddd-bd29-40bb-ab02-3c0695763040,3869519,1,0.716232419013977,0.6868715252868977,,15.600534439086914,15.844666265441433,-1,0.002314216224476695,0.3649924695491791,0.6326932907104492,0.0,0.24447897439542743,0.7555210256045726
4280aea6-11b3-4d7e-a659-49d748344b23,3869519,0,0.0038081358652561903,0.003463107538518744,11.029053,9.009859085083008,8.781146410582355,1,8.273885759990662e-05,0.46631166338920593,0.5336055755615234,0.0,0.40686429176389394,0.5931357082361061
f39e843a-ee80-4254-a6d0-246fd0411152,3869519,1,0.8118266463279724,0.812698354161729,,11.374393463134766,12.437747127585082,-1,0.0008510827901773155,0.45175525546073914,0.5473936200141907,0.0,0.3420837610131009,0.6579162389868991
8239afe2-d435-420e-a41e-cff46a6a7ec3,3869552,1,0.9859806299209595,0.963285611849729,,24.687360763549805,14.586468053757356,-1,0.00015239990898407996,0.29189759492874146,0.7079499959945679,0.0,0.45284811255138346,0.5471518874486165
cc3a011b-6742-4df2-a6da-8c06fd29ae27,3869552,0,0.04050286114215851,0.01397575234584419,14.524806,11.239506721496582,14.72972507516997,2,0.0008349969866685569,0.4031824469566345,0.595982551574707,0.0,0.39511165927222336,0.6048883407277766
fc1ff593-1181-403f-82d7-a14bcf5ab6bb,3869552,0,0.42640775442123413,0.5818815146957924,19.535864,14.668185234069824,10.805239633361992,2,0.0006608812254853547,0.37953537702560425,0.619803786277771,0.0,0.5969868701812939,0.40301312981870613
d54ed379-6fd2-4ad7-8401-bdad31e18c0e,3869552,1,0.3779309391975403,0.17786783209400409,,15.334491729736328,14.699806915110308,-1,0.0007530545117333531,0.31292831897735596,0.686318576335907,0.0,0.22105939608000813,0.7789406039199919
4f953f2e-65a2-4a04-b416-ea50abed6a59,3869552,1,0.9971674084663391,0.9918397189212776,,39.51611328125,12.479854652583654,-1,3.971601836383343e-05,0.3232659697532654,0.6766943335533142,0.0,0.5938802058342376,0.4061197941657624
b9499a7b-3d27-439b-a59e-976d038e3c36,3869552,0,0.37447991967201233,0.2738512350576313,19.02761,16.25933837890625,15.440958998571745,2,0.0011615908006206155,0.273091584444046,0.7257468700408936,0.0,0.32690493037335444,0.6730950696266456
83ba0aef-ca0e-44e3-ac66-6d634c2601f1,3869552,0,0.011097359471023083,0.008407292272333422,20.980228,8.63090991973877,10.674467741881276,2,0.00037895733839832246,0.47072774171829224,0.5288933515548706,0.0,0.6009492788711648,0.3990507211288353
435ed373-6698-401a-bf51-a856e1adf3f0,3869552,0,0.012183587066829205,0.006126676548548493,10.223991,15.616132736206055,13.851553273896894,1,0.00031063775531947613,0.3916652500629425,0.6080241203308105,0.0,0.47669425763705264,0.5233057423629474
bd295f0c-b8ff-4f38-a362-d7c5858c42fe,3869552,1,0.49842438101768494,0.47713664040990716,,19.33095932006836,14.55864669342806,-1,0.0006150371627882123,0.2669818699359894,0.7324030995368958,0.0,0.4014166986378054,0.5985833013621946
536501ec-0822-47bc-af78-73989cda77fb,3869552,1,0.6662189364433289,0.6269150112305678,,12.177778244018555,15.679991986254734,-1,0.001837092568166554,0.639805257320404,0.3583577573299408,0.0,0.3904266350067803,0.6095733649932197
b2570717-89e3-4066-a789-5c1b44cb2ea4,3869684,1,0.8697617650032043,0.9425375696531594,,12.671029090881348,12.901867348738715,-1,0.0003719243686646223,0.45089513063430786,0.5487329363822937,0.0,0.4590582379238495,0.5409417620761505
eb5fcdd5-a3b4-4a88-9b3e-877e9f2b0910,3869684,1,0.6286227107048035,0.584739453584272,,14.896727561950684,13.402050978919382,-1,0.003298044903203845,0.4854884445667267,0.5112135410308838,0.0,0.3319587727139228,0.6680412272860772
76cab884-c51d-44b3-ab83-a90fb8c6cd81,3869684,1,0.39855390787124634,0.7263697207619233,,9.904633522033691,9.958885816108266,-1,0.0009927067440003157,0.5996493697166443,0.3993579149246216,0.0,0.4304261751003575,0.5695738248996425
8ec8d9a2-db27-4a58-aea0-f0ad402b04a7,3869684,1,0.4301094114780426,0.40239149125126106,,12.371809005737305,12.3413681191795,-1,0.0009217819315381348,0.39710623025894165,0.6019719839096069,0.0,0.2409168196701229,0.7590831803298771
932e2dd2-f791-4b3a-ba14-d456124aadff,3869684,0,0.015800725668668747,0.010353413179344134,12.473973,10.80666732788086,12.057331230172183,2,0.0003842623846139759,0.4561566710472107,0.5434590578079224,0.0,0.37409992978615114,0.6259000702138489
0222761a-240e-4eba-a797-c5719b023c1c,3869684,0,0.0108382198959589,0.0027068480734074264,16.219742,14.463022232055664,12.45044434586158,1,0.0002467388694640249,0.5447521805763245,0.45500102639198303,0.0,0.4039145276292029,0.5960854723707971
885bfd8f-f6a7-4c98-929d-b353c03c76a7,3869684,1,0.9111651182174683,0.7794575164873491,,11.525940895080566,11.242384639226026,-1,0.0012562733609229326,0.557358980178833,0.44138476252555847,0.0,0.37191541618037727,0.6280845838196227
2d4242c8-85fc-4d55-a103-969206b81f82,3869684,0,0.0075259762816131115,0.0028444512147693867,25.700195,14.585013389587402,12.057854227842792,1,0.0001867335959104821,0.48824360966682434,0.511569619178772,0.0,0.4298310964127343,0.5701689035872657
3dd00261-a86f-4358-89ec-f4a19aa6e1f2,3869684,0,0.011315236799418926,0.003326160750636474,14.455449,11.532341957092285,12.58828852541025,2,0.0003834457602351904,0.5395074486732483,0.460109144449234,0.0,0.5462833772126925,0.45371662278730757
4a9bb124-9586-47b9-91ea-f36b8f84fbd0,3869685,0,0.017850929871201515,0.006742028295824006,14.840822,15.273649215698242,14.298071162281255,1,0.0004130934248678386,0.3920716345310211,0.6075153350830078,0.0,0.39495046144634927,0.6050495385536507
2f828f48-9e9f-4305-9dde-8a20ba48391d,3869685,0,0.13847602903842926,0.23340321758827473,22.047676,10.100001335144043,11.38675612347364,2,0.0003948784142266959,0.2649320065975189,0.7346731424331665,0.0,0.4073418094283553,0.5926581905716447
a13637f8-0311-41c1-a5e0-043a5d7539f2,3869685,0,0.004419486038386822,0.0057783788265827266,4.4687805,8.680037498474121,7.952797002750938,1,0.00011398088099667802,0.468689501285553,0.5311964750289917,0.0,0.40577530054320765,0.5942246994567923
a2890655-03a2-4098-b820-03133790f716,3869685,0,0.6906430721282959,0.7373171261235411,15.965588,15.782882690429688,14.999702675190804,1,0.002278292551636696,0.3143511712551117,0.6833705306053162,0.0,0.2514338125816782,0.7485661874183218
f6facad1-92eb-4fa8-95cd-1aa1f20bec49,3869685,0,0.01342021580785513,0.04782870849389667,9.241753,8.106882095336914,8.239628266167664,1,0.00014919802197255194,0.4714285433292389,0.5284222960472107,0.0,0.5667843695006998,0.4332156304993003
974a316a-e759-4389-8eb3-ae7c7fc37c4f,3869685,0,0.003976720850914717,0.0008654986822358686,11.229425,11.19670295715332,11.75827977953926,2,6.552477861987427e-05,0.40463730692863464,0.59529709815979,0.0,0.3570279392356722,0.6429720607643278
23b5f45d-7557-46df-9be0-7bf98e232b97,3869685,0,0.07391795516014099,0.02634981496154408,14.805405,9.808024406433105,7.259753042361924,2,0.0013040067860856652,0.4579140245914459,0.5407819747924805,0.0,0.4872632925607565,0.5127367074392435
472c13d2-1d5c-403d-8d40-422df81964d8,3869685,0,0.16290068626403809,0.19985770568588257,14.653668,18.937612533569336,14.93821108004171,1,0.0006378864054568112,0.17854537069797516,0.8208167552947998,0.0,0.3128065218227999,0.6871934781772001
d025f93d-7829-442e-9df3-4450bd0b487e,3869685,0,0.5413119196891785,0.5619040740510463,19.054659,12.636608123779297,14.63966833974733,2,0.001035854103974998,0.28519442677497864,0.7137697339057922,0.0,0.24065393995492024,0.7593460600450798
61e41a6a-9bc5-4f55-966f-bc7d14496bf3,3869685,0,0.550098717212677,0.5657633786941731,24.480604,17.905467987060547,14.28619618942058,1,0.003320347284898162,0.2894631326198578,0.7072165608406067,0.0,0.28791299838689766,0.7120870016131023
d98e3862-2d25-4b7c-92e7-0eeb3525a6e9,3869685,0,0.023378809913992882,0.005327405848181634,15.088075,11.662075996398926,10.901946872198637,1,0.0006044349283911288,0.3986743986606598,0.6007212400436401,0.0,0.3408566944934752,0.6591433055065248
8dcd6421-1848-4935-ae2e-a355ca7491b0,3869685,0,0.09569498896598816,0.10532808896389592,9.960923,11.005016326904297,9.546266221023103,2,0.0008538720430806279,0.3755946457386017,0.6235514879226685,0.0,0.3726684339465718,0.6273315660534282
c8097998-0708-4718-8d1f-f35f045f916c,3869685,1,0.9952644109725952,0.9971738525133506,,14.822773933410645,13.041972420753902,-1,0.00015294610057026148,0.6518037915229797,0.3480432331562042,0.0,0.36266047801902856,0.6373395219809714
45809e76-264f-4355-9afe-404e59110c66,3869685,0,0.005137755535542965,0.0003763435333154972,11.414026,10.833501815795898,8.39016373250377,2,6.602251960430294e-05,0.3055647909641266,0.6943691968917847,0.0,0.29588075772215705,0.704119242277843
01c6e5ae-c1bd-40ff-bfb1-e03d6b3f751d,3869685,0,0.02712438814342022,0.012409773792591398,14.741099,15.083341598510742,14.328352820328725,1,0.00024059182032942772,0.28389838337898254,0.7158609628677368,0.0,0.39816843328459717,0.6018315667154028
8f2f8b79-9f53-434c-9489-75053b94de4d,3869685,1,0.9985700845718384,0.9978411686976327,,13.188360214233398,14.012767088994416,-1,5.1830484153470024e-05,0.7599642276763916,0.23998397588729858,0.0,0.6078084452393575,0.39219155476064244
c33ce821-3746-4c39-8550-9684e066f61a,3869685,1,0.9855417609214783,0.8959050231884852,,13.447077751159668,17.39354071587407,-1,0.0004198157403152436,0.5774567723274231,0.42212334275245667,0.0,0.44450457217301587,0.5554954278269841
d8d81581-599b-4e57-9126-234b4f8fe5ac,3869685,1,0.9984259605407715,0.9947965904526274,,12.906660079956055,15.043746676702565,-1,7.198217645054683e-05,0.7612875699996948,0.23864050209522247,0.0,0.8346247638941342,0.16537523610586585
681cd5a4-5494-4bd3-b533-c1d7519b2a2e,3877060,0,0.817468523979187,0.8712287841053262,16.843397,16.895275115966797,16.31689918904817,1,0.0009013965609483421,0.3079589605331421,0.6911396384239197,0.0,0.28225466422938184,0.7177453357706182
a6839ab7-3e0a-4b32-b04e-9ce367c15fb0,3877060,1,0.994499921798706,0.9970015608732203,,15.509885787963867,10.17715200468054,-1,0.0002771011786535382,0.7365534901618958,0.26316937804222107,0.0,0.8070379266464542,0.1929620733535458
5b944b2a-78dc-4ed2-bc5d-bde7495a4f5a,3877060,0,0.2681856155395508,0.16795647881315276,12.886039,16.150108337402344,13.520016716341733,1,0.0006994756404310465,0.21633051335811615,0.7829700708389282,0.0,0.17567515584748217,0.8243248441525178
04189262-0a3b-475c-a815-eb46e649c0bd,3877060,0,0.017699850723147392,0.008215297485320508,30.02732,17.64366340637207,14.823929519671118,2,0.0003425365430302918,0.34561777114868164,0.6540396809577942,0.0,0.616587909195909,0.38341209080409094
be938d86-49f7-4d45-8693-db42682113d6,3877060,0,0.05331368371844292,0.11275677614762228,4.816638,15.708969116210938,11.750280607744767,2,0.0007312329835258424,0.31369033455848694,0.6855784058570862,0.0,0.3607348038562288,0.6392651961437712
13625adf-7d4e-4a65-918c-a114838dcaa9,3877072,1,0.14801347255706787,0.17875389499744998,,12.478594779968262,11.583015617710151,-1,0.0012635275488719344,0.34843263030052185,0.6503037810325623,0.0,0.33090579561332434,0.6690942043866757
f3fec1ae-388b-4a1b-a675-32d5b38e1742,3877072,0,0.06492579728364944,0.013386405803062613,1.118034,13.864425659179688,15.2181066387449,2,0.0013389120576903224,0.3573516607284546,0.6413094401359558,0.0,0.487940612079678,0.512059387920322
61bf980f-09ee-45f7-9046-67df111efe77,3877072,0,0.012303637340664864,0.0024773912989036577,22.276669,12.937668800354004,11.282844368481797,2,0.00045535521348938346,0.33046627044677734,0.6690784096717834,0.0,0.303079291484433,0.696920708515567
5cb948bc-4d7b-4a95-868c-6bfff91c3018,3877072,0,0.038074612617492676,0.011484198741264882,40.060455,17.404817581176758,15.099330062634486,2,0.0010343812173232436,0.5093345642089844,0.4896309971809387,0.0,0.5121102816156566,0.4878897183843433
0dedd4e6-bf99-4e6d-9359-cb0eb362e50b,3877072,0,0.4255019724369049,0.2507713972012696,3.9204593,16.053218841552734,11.846998069850667,1,0.0005670332466252148,0.35988128185272217,0.6395516991615295,0.0,0.48151149725544173,0.5184885027445583
7884ce1f-53f2-4143-97c6-607d876c1b95,3877090,1,0.64851313829422,0.7299404094093405,,15.147550582885742,14.011328685214782,-1,0.0006871157675050199,0.5008499026298523,0.498462975025177,0.0,0.5394062223618772,0.46059377763812287
5c0be0cc-6acb-410a-98bd-982a756c4e70,3877090,0,0.3247741758823395,0.29885653665339157,8.927485,11.556478500366211,10.95433328826538,2,0.0008557679830119014,0.37436431646347046,0.6247798800468445,0.0,0.23833734547996266,0.7616626545200373
bda0c30a-507a-455e-a50b-2e4c3cf355ab,3877090,0,0.09435290098190308,0.01414117938169622,28.658682,10.047857284545898,9.314780205940727,2,0.0009531814139336348,0.3540984094142914,0.644948422908783,0.0,0.195913104186625,0.804086895813375
c4688711-42c6-4385-a44f-bbb51d477777,3877090,0,0.5636290907859802,0.6148126756186876,12.389108,17.486722946166992,13.31990943957083,2,0.0032859742641448975,0.3896739184856415,0.6070401072502136,0.0,0.2814564353510537,0.7185435646489463
54b60497-d690-4053-bf65-f931cbc6345b,3877090,0,0.15493889153003693,0.07173393318276125,5.8821764,13.56069278717041,11.667421907834441,2,0.00043945820652879775,0.2857009470462799,0.7138596177101135,0.0,0.3870177176850359,0.6129822823149641
44e60faa-0917-46d4-94c1-3a03ed969652,3877090,1,0.9997110962867737,0.9938113862432768,,9.269140243530273,12.438666854439653,-1,8.126142347464338e-06,0.31794413924217224,0.6820476651191711,0.0,0.38879183714457644,0.6112081628554236
5bc87cbd-db36-4bd5-a4d7-c07ed5435238,3895052,1,0.33596310019493103,0.5363168129987743,,12.162518501281738,11.26889848932325,-1,0.0025580576620996,0.43006378412246704,0.5673781633377075,0.0,0.5918048013154633,0.4081951986845367
14022cd3-9728-4cd7-98bf-0f2f9d427d25,3895052,0,0.08766184002161026,0.005351269367291176,14.5,12.440532684326172,10.940959302924837,2,0.001111613935790956,0.2660161256790161,0.7328723073005676,0.0,0.10726454552250442,0.8927354544774956
1e3d2cbf-b9a0-43fb-9835-69821e6187af,3895052,1,0.5404687523841858,0.4112041280443418,,15.284067153930664,14.055825065605394,-1,0.0013216009829193354,0.33363568782806396,0.6650426983833313,0.0,0.2805411675844094,0.7194588324155906
12032632-440e-43e3-b77c-4d1b637d223e,3895052,0,0.022922439500689507,0.010454367470157665,17.954664,14.429229736328125,12.851126055704677,2,0.0005863331607542932,0.4149949848651886,0.5844187140464783,0.0,0.6180120650409364,0.3819879349590635
721dbf0c-a4a6-477b-aeeb-7a35b74ea48d,3895052,1,0.27431580424308777,0.4567356393701916,,13.139691352844238,12.288891250563955,-1,0.0008394536562263966,0.45616480708122253,0.5429957509040833,0.0,0.3623528150298486,0.6376471849701514
fee18b35-b7e9-4b88-becc-ffe086391ed2,3895052,1,0.2019798904657364,0.2670150718844584,,13.013014793395996,9.493212263264015,-1,0.0013774201506748796,0.3031392991542816,0.6954833269119263,0.0,0.16753584258755305,0.832464157412447
a8aa1263-3b1e-4640-89e7-434c09d27f53,3895052,0,0.2334379106760025,0.2011881856197826,11.641735,15.94198989868164,8.634277877792616,2,0.0011653542751446366,0.38578054308891296,0.613054096698761,0.0,0.46940160194937575,0.5305983980506243
87adc7d5-af93-461c-8e37-44fb0e8dd4ae,3895052,1,0.9919242262840271,0.9518059535346802,,27.418333053588867,15.349236396718474,-1,0.00015792972408235073,0.5012369155883789,0.4986051321029663,0.0,0.6390638069592587,0.3609361930407413
aa159657-303f-469b-bf5f-6995d7849a0f,3895052,0,0.31507134437561035,0.478137329613644,19.981241,14.203598022460938,12.801092841766199,1,0.00100369390565902,0.36092042922973633,0.6380758285522461,0.0,0.43751332745295857,0.5624866725470414
2da5d3ff-deec-4d16-b866-8a7d1fbb93e9,3895060,1,0.1801600158214569,0.2015305650072097,,11.71920108795166,11.551988894146975,-1,0.0021116079296916723,0.4061127305030823,0.59177565574646,0.0,0.5123347924355706,0.4876652075644294
d0c874f5-c964-4141-8b5a-b4603dc98153,3895060,0,0.0497484914958477,0.04531464762727355,5.1195703,11.292655944824219,9.940074315452469,2,0.0008397968485951424,0.34455204010009766,0.6546082496643066,0.0,0.42004317718443607,0.5799568228155639
adc6b847-abc1-4e9e-a5a6-ad44f825f339,3895060,1,0.9972978234291077,0.9979979799753895,,12.693812370300293,13.896066569978275,-1,0.00015941566380206496,0.7768344283103943,0.2230062186717987,0.0,0.9119230879327913,0.08807691206720872
82660486-852c-4364-a51f-2391d50fa19c,3895060,0,0.012743285857141018,0.007289635795485286,15.199013,11.805744171142578,15.251033338387188,2,0.00022021718905307353,0.4115736782550812,0.5882060527801514,0.0,0.387087979003106,0.612912020996894
89be9981-038a-4943-83fc-9fa363d16c17,3895060,0,0.025592312216758728,0.02802849701519212,13.364505,12.298614501953125,12.4429236100666,1,0.00048597913701087236,0.42035093903541565,0.579163134098053,0.0,0.6223234365361265,0.3776765634638735
e7cdba66-17bb-4b20-b6b5-bb88749b2cf6,3895060,0,0.13662435114383698,0.07682147362604064,11.0,12.837228775024414,10.849490523708752,2,0.001538244541734457,0.29552850127220154,0.7029331922531128,0.0,0.3295290905461501,0.6704709094538499
7b27d54d-2844-4a7d-b66b-5f11e720c9b3,3895060,1,0.9989979863166809,0.9981338986429714,,17.02906036376953,13.05817339095949,-1,2.5180117518175393e-05,0.7186000347137451,0.2813747227191925,0.0,0.4175716181402782,0.5824283818597218
114f7913-a9e1-4102-90fd-82354bb18142,3895060,1,0.998382568359375,0.9981947226572502,,14.967528343200684,12.649070296746865,-1,6.642501102760434e-05,0.7955084443092346,0.2044251561164856,0.0,0.8343788597526377,0.16562114024736227
c8095c62-7453-463a-8f11-f45a07e2d6a1,3895067,0,0.03098461776971817,0.02628709111009519,9.980982,8.40999984741211,9.327690103207033,1,0.0006105143111199141,0.49825379252433777,0.5011357069015503,0.0,0.46338316447011596,0.536616835529884
d53c3462-aa56-4d95-ab95-6ee2d4f78636,3895067,0,0.018258696421980858,0.014918558404002103,10.816654,12.809185981750488,11.91188716804568,1,9.759370004758239e-05,0.2500946521759033,0.7498077750205994,0.0,0.34944988197285376,0.6505501180271462
52986c02-91fb-42f4-b028-11b2249bc4c3,3895067,1,0.9983808994293213,0.9979729128398994,,13.109518051147461,15.476968919605408,-1,6.974534335313365e-05,0.7746509909629822,0.2252792865037918,0.0,0.8792053459708136,0.12079465402918645
9336ebff-4431-482f-82f1-87c0b5d537d6,3895067,1,0.4972746670246124,0.6840871969290062,,19.640132904052734,18.619982765288135,-1,0.0008101817802526057,0.2279575616121292,0.7712322473526001,0.0,0.2425456238923337,0.7574543761076663
197b6b1c-7042-4533-88e8-5925aa9009b7,3895067,0,0.8191831707954407,0.7950079534181194,6.6128664,12.2482271194458,13.716144232020614,2,0.0018371508922427893,0.49538201093673706,0.5027808547019958,0.0,0.4611303435594162,0.5388696564405838
3e32b46d-319e-4f22-b480-4c451554d3b6,3895067,0,0.5459004044532776,0.6721968768306767,19.828514,17.02960205078125,18.951808554414708,2,0.0023134846705943346,0.28391966223716736,0.713766872882843,0.0,0.2501328640037799,0.7498671359962201
92be6eb9-d6b2-4e4d-a22d-ce52ca29f207,3895067,0,0.3322254717350006,0.2696762983718441,21.346663,15.709196090698242,16.072478236452305,2,0.002237442648038268,0.2940270006656647,0.7037355303764343,0.0,0.3009648574964797,0.6990351425035203
05f4b123-540f-4b43-a68b-46fc44a2574b,3895074,0,0.19201914966106415,0.20955788831553512,19.565786,13.78049087524414,13.938104286252496,2,0.00035279241274110973,0.1681298464536667,0.8315173387527466,0.0,0.14662426772649517,0.8533757322735048
caf9d3b6-4396-4fd3-ade3-59f5ebb3242e,3895074,1,0.996954083442688,0.9966458135481662,,13.639678955078125,12.310177916612114,-1,0.00013007890083827078,0.7219173908233643,0.27795252203941345,0.0,0.8532515825807254,0.14674841741927455
e2d7850e-5c42-4d79-ab4a-91e3e16f1963,3895074,1,0.3187095820903778,0.3942631173052874,,14.267878532409668,14.281431280117408,-1,0.003863202640786767,0.4986530542373657,0.4974837303161621,0.0,0.48522632913329145,0.5147736708667086
9f078c9f-f9c8-4c61-a0f8-76c785b1505e,3895074,1,0.9980947375297546,0.9985522503398281,,14.462759971618652,13.145930535876191,-1,7.908281986601651e-05,0.7468463182449341,0.253074586391449,0.0,0.8410085000691444,0.15899149993085557
0f453a95-33f6-4317-824c-8e9bb80d9372,3895074,1,0.9917334318161011,0.9947242082073754,,15.030477523803711,10.8261716955299,-1,0.00028546113753691316,0.6190938353538513,0.38062071800231934,0.0,0.6481746775928823,0.3518253224071177
9dc77579-156c-46b7-909a-a8baeaa53ba9,3895074,0,0.13098593056201935,0.03564642599562121,3.8078866,12.345962524414062,9.463695021791224,1,0.000329105241689831,0.2452223151922226,0.7544485926628113,0.0,0.26373472582953117,0.7362652741704688
fed69d20-832f-4646-bc1e-3061d0ee2808,3895074,0,0.018682364374399185,0.010112743732187374,10.192154,9.011863708496094,8.910032129228178,1,0.00023182627046480775,0.3237508237361908,0.6760174036026001,0.0,0.26674256655817785,0.7332574334418221
569b9cdd-bd9b-4cdd-ae8c-90341b882a94,3895074,1,0.9991942048072815,0.9989057053892462,,11.353829383850098,13.926809473358261,-1,2.6356134185334668e-05,0.7860261797904968,0.21394753456115723,0.0,0.8840481775306563,0.1159518224693436
99e0c535-eb27-4263-bf0d-fd14f94b5f6b,3895086,0,0.09187346696853638,0.06150396727501319,4.6840153,14.039165496826172,11.034303642948167,1,0.0006650545401498675,0.4850761890411377,0.5142588019371033,0.0,0.47916594771972276,0.5208340522802772
d0793566-ef87-45a9-b8df-39566408c616,3895086,0,0.005037556868046522,0.004757331491673545,4.883646,14.64051342010498,11.651503877372178,1,0.0001940826332429424,0.42683136463165283,0.5729745626449585,0.0,0.33994865281435105,0.660051347185649
204ce650-e358-4dae-8133-812385cafcf8,3895086,0,0.04886753112077713,0.006502088385400738,27.352879,13.897310256958008,11.15242199151052,2,0.0006854137754999101,0.5924367308616638,0.4068778455257416,0.0,0.4239649116835056,0.5760350883164944
c66252f8-1a6e-4614-b93f-db30aa11e1cf,3895086,0,0.43572181463241577,0.6936147385086652,16.542068,14.735690116882324,13.81184628441486,2,0.001509148976765573,0.4340144097805023,0.5644763708114624,0.0,0.44437686940623333,0.5556231305937667
d8bd1268-8bda-4ecc-b304-7e242affda6a,3895086,0,0.05386385694146156,0.028582584933467846,10.1493845,10.412840843200684,10.4358657819395,2,0.0005467369337566197,0.2514815330505371,0.747971773147583,0.0,0.21761302599296872,0.7823869740070313
84aab3d0-f43e-48d5-b000-4d4db6186b5f,3895086,1,0.26927119493484497,0.14578312110704691,,15.227407455444336,15.339351134002804,-1,0.0014317481545731425,0.3425273597240448,0.6560409069061279,0.0,0.27341901677442826,0.7265809832255717
94646ef6-2409-4c0b-a3fc-764b2a57547d,3895086,0,0.007780536077916622,0.005002998401480985,3.0805843,16.28068733215332,11.790816028198288,1,0.00022994969913270324,0.36792004108428955,0.631850004196167,0.0,0.3050659125129558,0.6949340874870442
51220982-70d9-48ff-aa37-46923f081464,3895086,0,0.0042747510597109795,0.004715795042159098,31.92319,11.791881561279297,12.124743325698724,2,0.00015568200615234673,0.49797070026397705,0.5018736124038696,0.0,0.41523443850299147,0.5847655614970085
48ae3e9b-f068-4b72-8c89-64d3fd6673db,3895095,0,0.8353385329246521,0.8598805945649065,13.345411,17.654165267944336,18.19521354931612,1,0.0012302036629989743,0.4234333634376526,0.5753363966941833,0.0,0.36607568413170155,0.6339243158682984
0f08928d-929c-417d-9c32-4b22b7ff172f,3895095,0,0.005173953715711832,0.0003094887289437586,8.158431,8.939964294433594,7.334354747478436,2,0.00016659317770972848,0.4398346245288849,0.5599988698959351,0.0,0.27372975116422693,0.7262702488357731
4e4fcbbe-c87b-441d-ac67-ee53c16fd4f3,3895095,1,0.48668965697288513,0.15639376681170675,,13.873358726501465,13.525448854854313,-1,0.0013973847962915897,0.3204614818096161,0.6781411170959473,0.0,0.25182862303774944,0.7481713769622506
98c5c877-343b-48be-9024-22a2bc3081dd,3895095,0,0.8287438154220581,0.7560698446945676,10.462314,13.995134353637695,15.133286813778923,1,0.001626342418603599,0.3208659291267395,0.6775076985359192,0.0,0.2387504558357516,0.7612495441642484
893e6d7a-38d0-4b64-ba6a-fe71c2701a6d,3895095,0,0.015218799002468586,0.000988248896084626,11.001818,10.489799499511719,8.36264024595087,2,0.0005610460648313165,0.42006105184555054,0.5793778300285339,0.0,0.2769435171033995,0.7230564828966005
0be15f0d-8183-41b6-9d8b-22050d364103,3895095,0,0.2551918923854828,0.050993008852021494,1.2083046,12.881335258483887,12.006642823423654,1,0.0011215177364647388,0.26939138770103455,0.7294871211051941,0.0,0.2888496649035298,0.7111503350964702
4191e82f-8c26-43a3-93a6-19ea2f767262,3895095,1,0.9963642954826355,0.9433104824626098,,11.382207870483398,15.047034559389665,-1,8.508345490554348e-05,0.26354727149009705,0.7363676428794861,0.0,0.40198623939780687,0.5980137606021931
5c0360d8-451e-4fcd-8858-cc8d37ebff14,3895095,0,0.023660743609070778,0.010865248138600113,13.287965,13.755400657653809,13.988919735248825,2,0.0005860285018570721,0.6012956500053406,0.398118257522583,0.0,0.5678318519952763,0.43216814800472364
74dcb29f-ff4f-47d2-80ce-81c7021aebff,3895095,1,0.9974465370178223,0.949127736394559,,12.05781078338623,15.835976756571409,-1,3.995481165475212e-05,0.23709507286548615,0.7628649473190308,0.0,0.2943435303596962,0.7056564696403038
10dc32aa-1350-4762-85af-d1a6430c6eae,3895095,1,0.9299797415733337,0.8218447441327432,,11.00993537902832,12.441624326528338,-1,0.0007998479995876551,0.479686439037323,0.519513726234436,0.0,0.5522918203807922,0.44770817961920784
57032d0a-fc7c-4ad4-a505-cbfdc996b10b,3895095,0,0.012028185650706291,0.0017398532413165507,1.4866068,12.02792739868164,8.161683944333124,2,0.0003301497781649232,0.3586520850658417,0.6410178542137146,0.0,0.3497011468346267,0.6502988531653733
242f77a6-c15f-4648-a036-6a5dc7af67aa,3895095,0,0.020981570705771446,0.009565935206638851,8.263777,13.772926330566406,13.153783344854496,2,0.0005183242610655725,0.46303343772888184,0.5364482402801514,0.0,0.4054936842493191,0.5945063157506809
20619fe5-acd9-4561-b937-977ea2e815a4,3895107,1,0.9302360415458679,0.9201986220177218,,13.75552749633789,13.42124717070685,-1,0.0010425682412460446,0.48221009969711304,0.5167472958564758,0.0,0.4659165173137304,0.5340834826862696
44d96b24-c305-47a9-824d-c1f6a1a2103f,3895107,1,0.9964025020599365,0.9962670359303452,,12.836958885192871,12.796563930313214,-1,0.00023506420257035643,0.6538310647010803,0.34593382477760315,0.0,0.7226305331062457,0.2773694668937543
046f7eb2-5db8-4b97-be22-ec582ea685a6,3895107,1,0.9981186985969543,0.9995707819031566,,15.82297134399414,21.049680287321937,-1,0.00010405084321973845,0.4774826467037201,0.5224133133888245,0.0,0.7657717859594694,0.23422821404053065
4d5b7fe0-e201-44e0-ab8c-2eb1d49f5caa,3895113,0,0.12620404362678528,0.1391385012167093,15.663013,14.678898811340332,13.886326513287848,1,0.001876441529020667,0.3439464271068573,0.654177188873291,0.0,0.43893170241293455,0.5610682975870654
62a5dbde-e7ca-440e-b34f-c0d5cfefdeb9,3895113,0,0.1580544412136078,0.08691993476697049,16.959364,9.306682586669922,10.974656528797357,2,0.002531802048906684,0.4490494132041931,0.5484188199043274,0.0,0.3616985352419495,0.6383014647580505
a8ac3088-18ce-4640-b22a-9cafa45ed967,3895113,0,0.05123284086585045,0.007860347678335228,10.616967,10.978947639465332,13.888065109013626,1,0.00035967418807558715,0.22978271543979645,0.7698575854301453,0.0,0.23990774089794575,0.7600922591020542
42fd20cc-f6c6-4675-8f36-f414728f7590,3895113,0,0.04127168655395508,0.0049793617154037335,12.21147,9.647478103637695,10.229850771146946,1,0.0012300258968025446,0.42565691471099854,0.5731130242347717,0.0,0.4085640886177315,0.5914359113822685
5b4be5da-e353-47d1-9aa2-e412034a7cc9,3895121,0,0.32623735070228577,0.16966500602240533,25.555626,16.687936782836914,11.882607721708172,2,0.007833046838641167,0.3725261092185974,0.6196408867835999,0.0,0.45466572425990437,0.5453342757400956
aa38c8ab-3054-4feb-b80a-3a75252713eb,3895121,0,0.01001399103552103,0.0029053133170467045,14.369412,12.945077896118164,14.836744899168556,2,0.0003242414095439017,0.4495784640312195,0.5500973463058472,0.0,0.2929477078842958,0.7070522921157042
ce0e27d4-cb12-49dd-bcec-2b7a7064b20e,3895121,0,0.9050891399383545,0.8410432980132028,8.232861,16.316457748413086,12.738771347470404,2,0.0022346905898302794,0.5497668981552124,0.44799837470054626,0.0,0.4436989488130547,0.5563010511869453
d7a20bc3-a51b-4203-ab8b-281a905619be,3895121,0,0.010889685712754726,0.006770801972435456,15.592627,10.805721282958984,10.267169069526076,2,0.0002888441376853734,0.5867083668708801,0.4130028188228607,0.0,0.4823392384065762,0.5176607615934238
1c7fccce-97c1-42f4-8541-d17e602d15c3,3895121,0,0.03885243833065033,0.13059932781638448,11.107204,9.002442359924316,8.37309821322781,2,0.00037967992830090225,0.40494319796562195,0.5946770906448364,0.0,0.2316430682913514,0.7683569317086486
7097c48f-7a8a-4eef-b86a-feeb1d06acd0,3895121,1,0.3917785584926605,0.36937237433701925,,15.14620590209961,12.75786357654223,-1,0.005888732150197029,0.45940375328063965,0.5347076058387756,0.0,0.3043009545160461,0.6956990454839539
3c36f9b4-3d08-4f2e-acc8-9404d96a48e1,3895121,0,0.01033873949199915,0.04582296634107098,12.151132,7.216533660888672,10.684946827863381,2,9.392147330800071e-05,0.6205576062202454,0.3793484568595886,0.0,0.47233812092936556,0.5276618790706344
12017c27-c9b5-4e7a-b211-9da43f6d49c6,3895121,1,0.9029684066772461,0.8981729578116887,,14.736072540283203,17.19291779606093,-1,0.0008022616384550929,0.4185399115085602,0.5806578397750854,0.0,0.43153041885519117,0.5684695811448088
3713f8c8-de47-4479-8cf5-a35212fe779d,3895121,1,0.9852907657623291,0.9520981789586248,,17.804031372070312,14.63063189625221,-1,0.0003806972526945174,0.42375117540359497,0.5758681297302246,0.0,0.6273437612285238,0.3726562387714762
5f063e61-cafb-4a6e-b4c6-b4b231b04fed,3895121,0,0.003933615051209927,0.005512885137680332,5.162364,11.642330169677734,10.086693558503887,2,0.00032173990621231496,0.3948954641819,0.6047828793525696,0.0,0.4265951879711989,0.5734048120288011
216c0326-a3c3-4eab-a94e-6e85508af9e1,3895121,1,0.9726530313491821,0.8937431810827577,,11.63058090209961,9.245186595752783,-1,0.00021056632976979017,0.5360217094421387,0.46376779675483704,0.0,0.6027415415253932,0.3972584584746069
586b4154-fd61-4091-a39b-93eeb1389895,3895121,1,0.7685382962226868,0.8187081962527684,,11.670187950134277,12.405772570588148,-1,0.0007993505569174886,0.43047860264778137,0.5687220692634583,0.0,0.3070643102616317,0.6929356897383683
acdc0884-057f-471b-b7ae-59efb6ef7510,3895121,1,0.8873965740203857,0.8177924265195607,,14.12246322631836,14.160777936934197,-1,0.0007979778456501663,0.3262493312358856,0.6729526519775391,0.0,0.30436422273686037,0.6956357772631396
b4e490f4-44a5-48ff-948a-3787e7530c83,3895121,0,0.2121872901916504,0.43502253412273095,24.731558,13.696473121643066,12.551240869540898,2,0.0021145036444067955,0.544309675693512,0.4535757899284363,0.0,0.527426569911184,0.47257343008881597
925c5048-5747-4943-a736-6f40178770c4,3895121,1,0.997512936592102,0.9969585591367656,,15.166606903076172,19.610953761568634,-1,0.00023180873540695757,0.6365700960159302,0.36319807171821594,0.0,0.8507117000904691,0.14928829990953085
7386b9eb-f0bf-4fc7-a31e-ac1f37f80811,3895121,0,0.00228112586773932,0.0010125049536836327,13.8,9.693915367126465,8.557643812533751,2,6.0470254538813606e-05,0.5190668106079102,0.4808726906776428,0.0,0.2039013855648929,0.7960986144351071
a409b937-5973-497b-a10f-bb047f089954,3895121,0,0.014348241500556469,0.00783145923150273,17.831713,12.582679748535156,11.645601761736145,1,0.000344526837579906,0.5213894844055176,0.47826603055000305,0.0,0.5542610294662209,0.44573897053377914
4f0f9b3d-3bb1-486d-bb22-809466ef54b1,3895134,0,0.21045339107513428,0.23005192402674035,16.46147,10.378129959106445,12.83139468380793,2,0.0007342507014982402,0.3432837128639221,0.6559820771217346,0.0,0.39661970436188776,0.6033802956381122
27dee45d-5bac-4f7d-9878-7e63ba1cd287,3895134,0,0.0017082130070775747,0.0002089941575612276,14.55232,9.356025695800781,8.588187793271684,2,5.9116769989486784e-05,0.45863157510757446,0.5413092970848083,0.0,0.26000810302746324,0.7399918969725368
303a74dd-c324-4ce1-9811-265f5310ff29,3895134,1,0.2514086067676544,0.3207279759657722,,15.027704238891602,17.3185217555168,-1,0.002118955831974745,0.3244079351425171,0.6734731197357178,0.0,0.28439631423276746,0.7156036857672325
1efae366-46a1-419e-a8cb-143287216232,3895134,0,0.23979312181472778,0.4314052605937019,30.829855,10.779001235961914,9.924868936577203,1,0.0024918201379477978,0.6370453834533691,0.36046281456947327,0.0,0.5571750701554423,0.4428249298445576
91608f55-9433-46b2-9561-ded1f812efd4,3895134,1,0.18052634596824646,0.419406613385577,,14.950230598449707,11.63181777381928,-1,0.0017390534048900008,0.44931283593177795,0.5489481091499329,0.0,0.4188917977375327,0.5811082022624673
c63318db-5d9d-49ed-98b8-3b7ed707746d,3895139,1,0.9587127566337585,0.7469976549575406,,12.870662689208984,11.625093935779002,-1,0.0013128801947459579,0.5874647498130798,0.411222368478775,0.0,0.422875590596427,0.577124409403573
dcdfdd24-c6a3-41ce-bc50-bb9a0abd68ab,3895139,1,0.7454580664634705,0.841121111378856,,11.775160789489746,13.103500303148866,-1,0.0009792440105229616,0.3768252432346344,0.6221955418586731,0.0,0.38586040464278826,0.6141395953572117
c82bab5f-58f4-44a9-a5f9-e59c2ce51aeb,3895139,0,0.07587399333715439,0.043223146726341734,10.900458,8.837977409362793,9.612454270994348,2,0.0012782997218891978,0.5391436815261841,0.4595780074596405,0.0,0.6320662030780415,0.36793379692195843
0e94103e-2cb7-496b-a203-66ab77857e02,3895139,0,0.0303583275526762,0.03561373754511216,17.724842,8.811084747314453,10.774923268708902,1,0.00026406103279441595,0.3350391685962677,0.6646967530250549,0.0,0.41367938380471425,0.5863206161952857
32ba1a79-5c7a-4bff-8a13-3363f6a5f0c9,3895139,1,0.9713241457939148,0.8538994340238023,,13.823821067810059,10.435461283780263,-1,0.000631192815490067,0.5331218838691711,0.46624690294265747,0.0,0.34093158605187057,0.6590684139481294
f5966cba-1a34-449f-8bb5-84e451eaec71,3895139,1,0.9781123995780945,0.9295727980475768,,18.177875518798828,12.485703139940851,-1,0.0008549940539523959,0.5739932060241699,0.4251518249511719,0.0,0.5761482257045639,0.4238517742954361
c68ffad7-fbe6-4b3d-9f57-3f622a95456d,3895139,1,0.9966906309127808,0.8876894266576387,,12.182785034179688,14.032138297436902,-1,9.383981523569673e-05,0.681250810623169,0.31865525245666504,0.0,0.47466253028439276,0.5253374697156072
df080d16-539e-4e7a-b2f7-6c9e8739b8f1,3895153,1,0.9959667921066284,0.9933946402816052,,13.303899765014648,11.717047353880186,-1,4.026075839647092e-05,0.5170333385467529,0.48292648792266846,0.0,0.1669890852650434,0.8330109147349566
1dcea3e5-7abf-48e4-9526-17a9e583892f,3895153,1,0.051897622644901276,0.11886963834783659,,18.315584182739258,16.260165211233378,-1,0.0005647903890348971,0.2434544712305069,0.7559807300567627,0.0,0.3269342008255304,0.6730657991744696
db189770-c03a-42c5-816f-20d724609380,3895153,0,0.499276727437973,0.4898315254828901,15.305554,11.699644088745117,12.464009890693811,2,0.0009047291241586208,0.2913500964641571,0.7077451348304749,0.0,0.3206383450763405,0.6793616549236595
3de9513a-e580-4a07-b59a-21963c43f037,3895153,0,0.015516811981797218,0.018113217071935278,6.8359346,6.746918201446533,9.043219382980716,1,0.00015956679999362677,0.49513575434684753,0.5047046542167664,0.0,0.5482170375451888,0.4517829624548112
dc885762-99fd-45ec-a1ea-fc6e889a2394,3895153,1,0.8759600520133972,0.9430690535245693,,9.594736099243164,13.77494862207703,-1,0.0011006147833541036,0.6703672409057617,0.3285321891307831,0.0,0.5072936199156649,0.4927063800843351
010f5e91-ac23-4435-82fa-e1ff63d55460,3895167,1,0.9983980059623718,0.99557068287106,,13.709306716918945,13.048708251155071,-1,5.310996493790299e-05,0.7398800253868103,0.2600668966770172,0.0,0.8160496261581113,0.18395037384188875
693280ec-581f-4a62-a9da-11cae82e3ded,3895167,0,0.015098543837666512,0.00404968380825063,7.1589108,19.296127319335938,14.748739304847398,2,0.0002135997638106346,0.3189906179904938,0.6807957291603088,0.0,0.36132783535206847,0.6386721646479315
fcf7febd-fb70-48a2-973e-36543e8ec4fc,3895167,0,0.17524564266204834,0.04341127948805599,18.952572,16.35002326965332,16.374705329369018,1,0.001378833083435893,0.2809772491455078,0.7176439166069031,0.0,0.258942590686275,0.741057409313725
013acbb0-f2fc-4b82-af4d-ff430d287a07,3895167,0,0.4545600712299347,0.3942966860199532,10.701869,8.96519947052002,10.72671904549575,1,0.0012485608458518982,0.47934338450431824,0.519408106803894,0.0,0.3248247616323958,0.6751752383676042
e42a8a00-3c42-4a31-80af-b4f7a65ab9b8,3895167,1,0.9849864840507507,0.868914597191896,,12.857087135314941,9.946209502091492,-1,0.0004588538722600788,0.6399290561676025,0.3596120774745941,0.0,0.3397295100290636,0.6602704899709364
3c98ad48-5857-4e99-b599-90fb9161080e,3895167,1,0.9478262066841125,0.817020890696481,,10.491983413696289,13.985374643738881,-1,0.0013210513861849904,0.7027820944786072,0.2958969473838806,0.0,0.7119962996100078,0.2880037003899922
f7f191bb-10cc-4a53-91ce-57136f592ee7,3895167,1,0.997286319732666,0.997981632329105,,12.599645614624023,12.455235590981367,-1,9.646041871747002e-05,0.732531726360321,0.26737180352211,0.0,0.9163483397833367,0.08365166021666329
7e3e65d3-90f0-4213-833a-6b23417a1b50,3895167,0,0.016720641404390335,0.00809861355633396,10.625442,13.630858421325684,11.740512733097589,1,0.0002939048281405121,0.33904317021369934,0.660662829875946,0.0,0.3599108923483638,0.6400891076516362
4a665e5f-7478-472a-bdbc-9a2b0269462a,3895180,1,0.006076456513255835,0.0035053258431120837,,8.692177772521973,8.796086040074037,-1,6.159135955385864e-05,0.4850541949272156,0.5148841738700867,0.0,0.8157347325508602,0.1842652674491399
f1c90805-ac3d-4640-9506-843054a9788d,3895180,0,0.27825579047203064,0.41295233328414405,14.484474,13.872737884521484,14.533822030621838,2,0.001456144847907126,0.2524706721305847,0.7460731863975525,0.0,0.3851333763257958,0.6148666236742042
43488035-b330-4e9b-9f41-d30b86e37c63,3895180,1,0.9969146251678467,0.9922757129340735,,16.62462043762207,17.177224809125164,-1,2.4175520593416877e-05,0.6764189004898071,0.32355690002441406,0.0,0.8684494361754828,0.1315505638245172
0697560d-422e-4c73-8b14-5376a83faa08,3895180,1,0.31968188285827637,0.5026818200219869,,15.463432312011719,14.54833054991478,-1,0.001929505611769855,0.2581852674484253,0.739885151386261,0.0,0.26020432633868107,0.7397956736613189
0a243a50-e792-4413-b44c-ef1385f0c7fd,3895180,1,0.923884928226471,0.9132461939761932,,13.522836685180664,11.108597730915893,-1,0.0003028112987522036,0.4378766417503357,0.5618205070495605,0.0,0.3910014356093222,0.6089985643906778
02cc7cb4-99d5-4560-8c07-cb09fe21ddc4,3895180,1,0.5401549339294434,0.8043370433022574,,11.064517974853516,9.408844909345524,-1,0.0007194905774667859,0.49343642592430115,0.5058441162109375,0.0,0.486238374131988,0.513761625868012
0d51a239-ccfe-4385-835b-6ef6b5405b75,3895180,0,0.4385889172554016,0.5533047119099509,12.638433,9.775776863098145,10.311265868835612,2,0.0072366707026958466,0.4059872329235077,0.586776077747345,0.0,0.558792506941885,0.441207493058115
522e3e78-e8ca-4e4e-920d-504c9c66bf7b,3895180,0,0.1748267114162445,0.2414331967061521,18.24637,7.892492294311523,10.390976740276537,2,0.0017312945565208793,0.3785189092159271,0.6197497844696045,0.0,0.32944152169594787,0.6705584783040521
4bd400fe-547e-4d83-9dd4-5406110d9e8f,3895180,0,0.015034620650112629,0.009724134252759576,2.8071337,15.033700942993164,11.623376941168257,1,0.00016936926112975925,0.5579690933227539,0.4418615400791168,0.0,0.538559279081099,0.461440720918901
040c6151-3c50-492b-b940-6c65f18fa4d9,3895180,0,0.010446229949593544,0.0023875056679596583,4.2,16.40757179260254,13.175149650323245,1,7.50808758311905e-05,0.3271024823188782,0.6728224158287048,0.0,0.32702005652073596,0.672979943479264
d96696a5-da1c-4569-b595-0fd036a59783,3895180,1,0.14550259709358215,0.11715617852184555,,15.952232360839844,14.577010030009674,-1,0.0036101602017879486,0.3555068373680115,0.6408830285072327,0.0,0.33179958199184967,0.6682004180081503
06b79f05-dd87-48ba-a7f9-e290da2ea8ed,3895182,0,0.003523525781929493,0.0011203863125582626,7.5927596,10.2860107421875,10.837649737190077,1,0.00010408016532892361,0.46998175978660583,0.529914140701294,0.0,0.23881061947238746,0.7611893805276125
17e409fd-ee43-40c4-aeab-cb230f0081a9,3895182,0,0.13539591431617737,0.11697286868215835,13.605881,12.730355262756348,10.035852866656096,1,0.0008615423575975001,0.4637681841850281,0.5353702902793884,0.0,0.3945827228701104,0.6054172771298896
ea9aa5a1-52b3-49cc-b5c7-6362b84c5aea,3895182,0,0.2752240300178528,0.3521704763157574,20.608736,14.767848014831543,17.633615147177448,2,0.0029552397318184376,0.4216107130050659,0.5754340887069702,0.0,0.34178059518298787,0.6582194048170121
3b26138f-476f-4bbf-a69a-58d174910d21,3895182,0,0.013470170088112354,0.01854072429609892,8.514693,7.634355545043945,8.447457135275032,2,0.00012918309948872775,0.45161962509155273,0.548251211643219,0.0,0.31732881246967326,0.6826711875303267
f9edbecb-49be-42c9-95b2-954c14168f43,3895182,0,0.12659308314323425,0.22005258413964643,17.336666,9.385424613952637,10.343839894208102,2,0.0006511439569294453,0.3482718765735626,0.6510769128799438,0.0,0.30593184782312055,0.6940681521768794
4ab8b0e6-d4e4-4bb8-9116-98fb750fa5e8,3895182,1,0.18753670156002045,0.20761156617363435,,13.794568061828613,12.301155485788875,-1,0.0014811726287007332,0.48690691590309143,0.5116119384765625,0.0,0.5029022399958052,0.49709776000419487
7b2e10d5-88a9-483b-af3e-16c77dfe3d38,3895194,1,0.4279211759567261,0.45263744483731666,,9.922712326049805,10.854636437286336,-1,0.002847399329766631,0.4033636152744293,0.5937889814376831,0.0,0.3241948231941213,0.6758051768058787
11fa74b6-b0c4-4cd4-bcbd-f573d212df1f,3895194,1,0.8884024620056152,0.9049137462621824,,15.84872055053711,13.059008312786297,-1,0.0005825905245728791,0.3364838659763336,0.6629334688186646,0.0,0.3231758204777423,0.6768241795222577
367d4448-5a41-4161-aece-f6d009c5b9b4,3895194,1,0.9845865964889526,0.9052410225177149,,12.91633129119873,11.390301693679547,-1,0.00029872998129576445,0.398165762424469,0.6015355587005615,0.0,0.6113164726572354,0.38868352734276457
3033c0bb-5844-4a64-823f-36a50d79c2ff,3895194,0,0.00350740784779191,0.00023658656988800064,12.87012,10.046226501464844,11.249305508648344,1,0.00014096847735345364,0.44245898723602295,0.5573999881744385,0.0,0.18121303250907594,0.8187869674909241
b1806844-52f3-44b9-94ce-aa01430f3119,3895194,1,0.9834234714508057,0.8561898764182242,,12.185959815979004,11.14750271194382,-1,0.00028577056946232915,0.3627363443374634,0.6369779109954834,0.0,0.5320248159258565,0.46797518407414346
7b523f44-e735-4ab6-b9fe-39b93b9cfaf5,3895194,1,0.8880639672279358,0.8702067781645672,,12.00794506072998,12.546424322025889,-1,0.0004009324766229838,0.5256252288818359,0.47397375106811523,0.0,0.6375394630307045,0.3624605369692955
ff4179df-5d2e-421f-b058-8f312853d3ca,3895194,1,0.9973491430282593,0.986342607089055,,13.528595924377441,15.800671369234976,-1,6.680621299892664e-05,0.29433366656303406,0.7055995464324951,0.0,0.45221553345802046,0.5477844665419795
bc2251f7-4866-4272-9bd3-94bbc641a442,3895194,1,0.9668540954589844,0.9327567209836775,,15.865678787231445,14.284737447913493,-1,0.00071472063427791,0.3638420104980469,0.6354433298110962,0.0,0.2865994031052784,0.7134005968947216
5bbb36f6-e023-4c82-b044-4d19e83dd625,3895194,0,0.7268381714820862,0.7783789232974045,22.571886,18.342870712280273,15.55386295189518,2,0.0015947850188240409,0.28506365418434143,0.7133415937423706,0.0,0.2880800951608463,0.7119199048391537
51abf663-d175-4cd3-ad50-acff233d9cab,3895194,1,0.3632255792617798,0.38502730566341664,,15.79690933227539,15.516328341215008,-1,0.0012383414432406425,0.3467819094657898,0.6519797444343567,0.0,0.2756631869560737,0.7243368130439263
7be2a652-970e-4e61-9826-6ee2e2824991,3895202,1,0.44350045919418335,0.5181247363858467,,10.07672119140625,16.314773681953216,-1,0.000756457622628659,0.5192885994911194,0.47995492815971375,0.0,0.3865359250557924,0.6134640749442076
7518493d-29f7-4005-97ac-aa343406f767,3895202,0,0.03921333700418472,0.022869939631164685,14.5279045,13.76612663269043,14.420875332520186,1,0.00040961135528050363,0.6351349949836731,0.3644554316997528,0.0,0.6433938016913265,0.3566061983086735
2f501eb9-8032-4718-bcfe-3c50be85764d,3895202,1,0.9856048226356506,0.9423197366264368,,17.112422943115234,16.072394719853342,-1,0.0008866527350619435,0.5559753179550171,0.443138062953949,0.0,0.49177610600954447,0.5082238939904555
dfe13ecb-b22e-4cba-a5e5-dd964a1b2132,3895202,0,0.018062999472022057,0.00040870017301523334,5.3488317,15.235158920288086,18.89879417793872,2,0.0003627501428127289,0.34919431805610657,0.650442898273468,0.0,0.21063603423229027,0.7893639657677097
2216eb37-8f42-4fb2-bead-d60f1df66639,3895210,1,0.7092565894126892,0.9286376950502991,,11.514212608337402,12.358640909052284,-1,0.00430486723780632,0.3543127477169037,0.6413823962211609,0.0,0.39368139042079064,0.6063186095792094
b4c8e4a4-5c4c-465c-9bb7-841c2d5ab4eb,3895210,1,0.931785523891449,0.966966769903571,,12.82970905303955,11.701106947286892,-1,0.0006334209465421736,0.5953351855278015,0.4040313959121704,0.0,0.7301640463792243,0.26983595362077567
63c52f5e-cbcc-4880-9d65-06e303334691,3895210,1,0.9910705089569092,0.9931995153563533,,17.551706314086914,14.263563665601732,-1,0.00017300061881542206,0.625430703163147,0.37439632415771484,0.0,0.4242847996952024,0.5757152003047976
a261dd01-d8ab-40c6-90a2-30ec05216d83,3895210,0,0.366359144449234,0.4846062203725787,18.806381,11.414697647094727,12.59335782050135,2,0.00799647904932499,0.3679724633693695,0.6240310072898865,0.0,0.32230638968977243,0.6776936103102276
b6c31316-0bd6-4219-84a5-be73951928e4,3895210,0,0.020812170580029488,0.010919829413209377,23.022816,11.756059646606445,13.746787461192286,1,0.0003604984958656132,0.4957539439201355,0.5038855671882629,0.0,0.47051853401980115,0.5294814659801989
a1ab19f5-eb05-46e1-b12a-7310cb9e57b9,3895210,0,0.08112075924873352,0.05977726403958753,10.568822,9.641773223876953,8.066694331183129,2,0.0023195594549179077,0.4422556459903717,0.5554247498512268,0.0,0.6992880309556504,0.30071196904434955
fab32b06-a32b-4dcb-a64d-ae581da69fd1,3895210,1,0.6740763783454895,0.7630212162780939,,10.159331321716309,12.45710501931864,-1,0.004708047490566969,0.4826793074607849,0.5126125812530518,0.0,0.4358412668393088,0.5641587331606912
2084c580-8ac6-471b-bd31-2b4107c52a20,3895210,1,0.9844772815704346,0.9930255238516497,,15.2515869140625,14.691548626753171,-1,0.00018958665896207094,0.6238492727279663,0.37596115469932556,0.0,0.624106431537248,0.37589356846275196
0d836875-f935-4718-9157-8154105f4dfb,3895220,1,0.6624373197555542,0.5990629261864531,,18.59864616394043,14.65417937191166,-1,0.0019781317096203566,0.3203546702861786,0.6776672005653381,0.0,0.3908710277476184,0.6091289722523816
eaee9b02-79d1-4741-882d-2854b7de7760,3895220,1,0.6113225817680359,0.7204497646735465,,18.07878303527832,16.78003881128641,-1,0.0014431953895837069,0.2632841169834137,0.7352727055549622,0.0,0.3787145227516293,0.6212854772483707
668d7391-4aa3-4b69-bcf9-07659c2e0438,3895220,0,0.00672563910484314,0.006701684335711831,13.823169,16.95903778076172,13.775544876850237,2,0.00019217209774069488,0.33943092823028564,0.6603769063949585,0.0,0.35322966530999267,0.6467703346900073
355faf6a-7103-4e2b-b9c6-31d682595cd4,3895220,0,0.0462401919066906,0.012072330858022513,1.56205,11.57841682434082,10.999095890324622,1,0.0004530752485152334,0.4746941924095154,0.5248527526855469,0.0,0.4883892114576056,0.5116107885423944
dfbde916-1857-4567-9638-b7fe2a70d609,3895220,0,0.011556624434888363,0.00026863993854982134,8.459314,13.164899826049805,11.90012863202467,2,0.0005242773331701756,0.41490432620048523,0.5845714211463928,0.0,0.4358830495891747,0.5641169504108253
c06afdff-4c42-4283-be73-4f49e6194cfb,3895220,1,0.923080325126648,0.9015720388567197,,17.35630989074707,12.890322898449428,-1,0.0005850315792486072,0.31897780299186707,0.6804372072219849,0.0,0.33460737824474895,0.665392621755251
1e83a8d2-f6c6-4672-8156-713b711f17ab,3895232,0,0.44625410437583923,0.5391504560180602,16.06051,14.223413467407227,16.75261545630954,1,0.0036212007980793715,0.40662050247192383,0.5897582173347473,0.0,0.35766063453646646,0.6423393654635335
663ab44f-7446-403a-be1e-e25a5e457925,3895232,1,0.9990069270133972,0.9964512596926949,,19.01953125,18.62289394491769,-1,7.927315891720355e-05,0.43785732984542847,0.5620633959770203,0.0,0.5500444560396083,0.4499555439603917
cc006bd0-32cc-4bf5-bd3a-2e2d069592dc,3895232,0,0.0044677164405584335,0.0015231767986008044,12.700394,6.7980637550354,6.524492129984974,1,7.231354538816959e-05,0.45189809799194336,0.5480295419692993,0.0,0.1709628345077937,0.8290371654922063
b05ebbeb-50f1-4970-8a25-449376edadda,3895232,0,0.273576945066452,0.3610937096754666,18.166452,13.377362251281738,12.13425933789373,1,0.0007776102866046131,0.4603903591632843,0.5388320088386536,0.0,0.26630230274997413,0.7336976972500259
ebb4bde0-b250-479c-8d24-7494b1eff242,3895232,1,0.32410308718681335,0.31017160980032943,,14.779104232788086,14.680346312255239,-1,0.003758063307031989,0.32122310996055603,0.675018846988678,0.0,0.24900782432022917,0.7509921756797708
3505e3ea-60d8-483b-9fb8-4443abca2791,3895232,0,0.26656487584114075,0.26004003540945275,12.998846,12.798371315002441,12.312338737377704,2,0.002577441046014428,0.32118016481399536,0.6762424111366272,0.0,0.20856900457230765,0.7914309954276924
89e2c8dc-1c0b-4205-bbc4-ccee8161149c,3895232,1,0.9979829788208008,0.999570082712063,,15.178741455078125,19.73025947917196,-1,0.00015893590170890093,0.6298227310180664,0.3700183629989624,0.0,0.9264222152015809,0.07357778479841916
78fcaddc-66db-4850-a884-a8b3e084936e,3895232,0,0.31150543689727783,0.3086350735180334,10.212248,12.981925010681152,13.188004887531314,1,0.0035205241292715073,0.34775567054748535,0.648723840713501,0.0,0.2061194533320715,0.7938805466679285
fbc1d13b-da4a-402e-86f5-5ac1a3ded49d,3895244,0,0.006036039907485247,0.003028630844190291,19.313208,9.219149589538574,7.684855236545287,2,0.0001102696405723691,0.4612268805503845,0.538662850856781,0.0,0.44653454762417344,0.5534654523758266
b78ff4bf-5dd8-45ef-8bab-dc2ef2138ff4,3895244,0,0.23834842443466187,0.5769370192737435,9.390421,7.74290657043457,12.61626937940388,2,0.0003347783349454403,0.4048186242580414,0.5948466062545776,0.0,0.44454586780745264,0.5554541321925474
90c3eaa6-8989-46ce-9b80-b8af7537461e,3895244,0,0.6727096438407898,0.7683494893763034,13.124405,12.85572624206543,16.548050497380007,2,0.0011613148963078856,0.3108823895454407,0.6879563331604004,0.0,0.287882647951175,0.712117352048825
d6da3b6b-ca29-41e0-8c8c-45561d0e335d,3895244,0,0.02037937566637993,0.0003950374581711553,21.914606,14.875248908996582,10.303884837796641,2,0.0006836820393800735,0.39025694131851196,0.6090593934059143,0.0,0.208738425145933,0.791261574854067
edac5f49-1557-4191-a31e-93caa426f318,3895244,1,0.9817093014717102,0.9875386751302137,,12.715142250061035,11.604689249059414,-1,0.0006855507963337004,0.59253990650177,0.4067745506763458,0.0,0.6106357058159833,0.3893642941840167
fdd8324e-5e99-4719-a353-306d72058809,3895244,0,0.23658064007759094,0.4536011532202591,23.4,11.294188499450684,13.678442567118564,2,0.0017902584513649344,0.38043534755706787,0.6177744269371033,0.0,0.23122511817186675,0.7687748818281332
157cf2e0-3e03-4ddc-94f1-26136ba1c8a0,3895244,0,0.027884870767593384,0.004353207483042699,19.597193,11.990623474121094,10.65855537929426,1,0.0009277723147533834,0.4946225583553314,0.504449725151062,0.0,0.2659398730103555,0.7340601269896445
7d647040-72bb-4b5d-8e9e-4de22e9bf791,3895244,0,0.10499494522809982,0.08039200000128456,16.513025,9.763821601867676,8.257674589734135,2,0.0004188829625491053,0.5330443978309631,0.4665367603302002,0.0,0.43017537747887735,0.5698246225211226
b773f060-eb42-4ab9-88b7-f0a364282401,3895244,1,0.5374976992607117,0.6681649219785532,,12.388480186462402,15.1868048897283,-1,0.0017894518095999956,0.4401518702507019,0.5580586194992065,0.0,0.40882080961616085,0.5911791903838391
b7200984-5325-4a4f-82de-4a381e119be7,3895244,0,0.45202013850212097,0.40932881795967857,1.811077,13.7525053024292,13.027295080185969,1,0.0025411234237253666,0.3441493809223175,0.6533094644546509,0.0,0.3022969352489965,0.6977030647510035
c0063b8e-06bb-4f1c-bc91-3031c435d4fd,3895244,0,0.014917528256773949,0.005539822357110223,13.565028,13.035979270935059,14.937547054721163,1,0.000613719632383436,0.5864121317863464,0.41297414898872375,0.0,0.6724376108627985,0.3275623891372015
9c706be8-d05f-4440-9259-d441fccc6026,3895244,0,0.09770263731479645,0.13368247710619632,19.07092,10.322851181030273,11.990720188577495,2,0.0007779272273182869,0.41277143359184265,0.5864506363868713,0.0,0.39760320774264446,0.6023967922573555
c1505717-b205-4b35-ac27-c9950f06499a,3895250,1,0.948408842086792,0.8844764472833542,,14.511285781860352,19.832490670340484,-1,0.0010791681706905365,0.5418184399604797,0.45710232853889465,0.0,0.60823997127081,0.3917600287291901
1aeddd22-4222-4e60-91ec-df84efdce10d,3895250,1,0.2968692183494568,0.28923548301010016,,16.91753578186035,20.87925259650677,-1,0.0030070508364588022,0.2824089229106903,0.7145840525627136,0.0,0.2841390660040687,0.7158609339959313
05eefb1c-e5df-4d91-9c8b-20d926e4e208,3895250,0,0.028299232944846153,0.038980212594473915,10.123734,8.246742248535156,10.474362896714872,2,0.00030399809475056827,0.4479033946990967,0.5517926812171936,0.0,0.3035318774756198,0.6964681225243802
4763d3e2-8070-4579-8895-fdaed0dfcf72,3895250,0,0.13346871733665466,0.3148351523163882,12.248265,9.16263198852539,9.067699572409113,1,0.0006973628769628704,0.5450907945632935,0.45421192049980164,0.0,0.4177714353250088,0.5822285646749912
3c74d163-12a7-467a-a561-7041527663f7,3895250,1,0.9951777458190918,0.9959831242515685,,15.56123161315918,14.644753567664562,-1,0.00025001028552651405,0.6622675061225891,0.3374824821949005,0.0,0.8614263247685278,0.13857367523147227
ef137d06-acd3-46f4-8d77-edba7cb89520,3895250,1,0.06205166131258011,0.052395103474052004,,8.84715461730957,9.599878797180766,-1,0.0009668285492807627,0.4979284107685089,0.5011047720909119,0.0,0.18452775081258477,0.8154722491874152
cb43adb5-99a7-42a8-b795-20298caf45c9,3895250,1,0.6235316395759583,0.8034284354541825,,13.788369178771973,17.328007431958397,-1,0.0019400623859837651,0.38400378823280334,0.6140561103820801,0.0,0.49503143745455735,0.5049685625454426
5d501587-5c20-4e67-a1f0-202dfa63115f,3895250,0,0.018758367747068405,0.03245439533313609,6.926038,8.869918823242188,7.438111857945149,2,0.0003106810327153653,0.5401865839958191,0.4595027565956116,0.0,0.3875546459468776,0.6124453540531224
f4b14b32-0941-47fd-a157-8fbe11d3ba70,3895250,1,0.8579641580581665,0.7022152443484397,,16.499622344970703,14.43800257792797,-1,0.0024926532059907913,0.31649038195610046,0.6810169219970703,0.0,0.25794066164301677,0.7420593383569832
1de17e36-12b5-47cf-b48e-0b7ce8d8f20b,3895250,1,0.9834712147712708,0.8807531402805477,,14.584842681884766,11.902594950550096,-1,0.0003470394294708967,0.45977887511253357,0.5398740768432617,0.0,0.4582601937452656,0.5417398062547344
23379fae-fbb1-4b1d-92b0-5ee5dbcd05be,3895250,1,0.41861751675605774,0.41165632152950443,,15.592885971069336,15.821614039439503,-1,0.0023671574890613556,0.29767102003097534,0.69996178150177,0.0,0.23775503010932642,0.7622449698906736
e086a1cf-6362-4fec-baf5-be33f2c06662,3895250,1,0.4077291488647461,0.24937736211195685,,14.016890525817871,15.053110290582264,-1,0.002950582653284073,0.3562832176685333,0.6407662034034729,0.0,0.2968219184913422,0.7031780815086578
c140e2d3-81dd-43d2-8c64-8842dc96b2c8,3895250,1,0.2987504303455353,0.2964563267528513,,12.560821533203125,11.438663031141264,-1,0.0005505650769919157,0.3092242181301117,0.6902252435684204,0.0,0.2844810209481422,0.7155189790518578
90692c94-dccf-47e4-b7b0-a6c3e693102e,3895250,0,0.20420163869857788,0.277693579707674,6.5620117,13.573161125183105,14.326633434310233,1,0.0021509670186787844,0.29143205285072327,0.7064169645309448,0.0,0.24637776372415554,0.7536222362758445
cf694685-f2dd-471a-87a9-5e20595271c8,3895258,0,0.34726548194885254,0.4179784093211341,24.882322,12.845717430114746,13.214245663875927,2,0.0023540090769529343,0.30731043219566345,0.6903355121612549,0.0,0.3129976315905705,0.6870023684094295
01609da8-1d43-4124-9be6-5dead82513d5,3895258,1,0.9820846915245056,0.739203587612485,,13.251226425170898,13.656337579126104,-1,0.0006800416740588844,0.5601197481155396,0.43920016288757324,0.0,0.700581673554982,0.299418326445018
876cdc2d-e44a-4e3f-8ce3-b24fc5669239,3895258,0,0.6549634337425232,0.7311340970888178,6.1392183,17.582902908325195,16.322689768800974,1,0.0029689744114875793,0.3393988609313965,0.6576322317123413,0.0,0.29362418618275554,0.7063758138172445
6ce57c33-d731-4885-8304-378fe12d686f,3895258,0,0.19174236059188843,0.5593089800734187,16.274212,10.171677589416504,9.282104120929196,2,0.0004784494813065976,0.35557326674461365,0.6439482569694519,0.0,0.4916825197216439,0.5083174802783561
1501823c-abd0-4e3b-af9a-7a31812fe6a8,3895258,1,0.9763928651809692,0.8303486501146139,,11.459695816040039,14.383910860301867,-1,0.0005163370515219867,0.5279753804206848,0.4715082347393036,0.0,0.5032377044065226,0.49676229559347745
5fa1a5c5-0feb-4d31-a38c-f7bad47d7065,3895258,0,0.030712252482771873,0.01432479173422522,15.208221,12.49069595336914,12.06452058942059,2,0.0009581971680745482,0.37511664628982544,0.6239251494407654,0.0,0.27235230188455084,0.7276476981154492
57774ec4-8475-4a2f-8a1b-1a6f2d8abf74,3895258,0,0.004774295724928379,0.005371806859688023,17.667202,11.262473106384277,12.73242359074649,2,0.00014713004929944873,0.388420432806015,0.6114324927330017,0.0,0.4422169338319132,0.5577830661680868
514b0134-ec04-48af-959d-0eef4bccbce2,3895275,0,0.081830695271492,0.10126811078661603,7.9511003,10.77404499053955,10.283008722547487,2,0.00036652435665018857,0.23197616636753082,0.7676572799682617,0.0,0.22707923286509735,0.7729207671349027
514842f9-e86f-4213-ad65-53fe7521eb13,3895275,0,0.01613619364798069,0.0020834656172296663,12.185237,8.586103439331055,12.003989820735825,2,0.000373865565052256,0.46064913272857666,0.5389770269393921,0.0,0.4546713829882475,0.5453286170117525
dbfef837-17f9-4031-b4d0-ef96cc1b3a36,3895275,1,0.9235378503799438,0.8325728639108433,,17.032379150390625,9.16595211915961,-1,0.0004623651329893619,0.3700721561908722,0.6294655203819275,0.0,0.33966204971897895,0.660337950281021
c2762cf2-6d74-491c-a060-388cac90c2c4,3895275,0,0.016925914213061333,0.008742314664489688,13.2,10.628963470458984,9.178478734115464,2,0.0005024151760153472,0.3734127879142761,0.6260848045349121,0.0,0.4327798524337336,0.5672201475662664
8267c10e-7406-4eb1-8acf-fb2187840d80,3895275,0,0.1534961611032486,0.1924243293688616,4.418144,15.620719909667969,13.346617825448295,2,0.0007623552810400724,0.23008739948272705,0.7691502571105957,0.0,0.3634870590979027,0.6365129409020973
8e2dad16-b0ba-4900-a2e8-04a9f8eb9e16,3895275,0,0.0019168960861861706,0.0006717271177669652,9.84124,11.242270469665527,11.367560109352906,1,0.00012187378160888329,0.3599996268749237,0.639878511428833,0.0,0.38798290984715933,0.6120170901528407
651e025c-009a-406e-ae38-e298f20e41d4,3895275,0,0.5018213391304016,0.42165262288356664,7.6576757,12.642294883728027,15.686960806340185,1,0.002190089551731944,0.46384334564208984,0.533966600894928,0.0,0.22294590750448395,0.777054092495516
5c769c5e-e5b5-4562-a235-142ff9f95ab9,3895275,1,0.9940815567970276,0.9421500234864462,,27.035873413085938,14.187081203159494,-1,0.00013857097656000406,0.4206658899784088,0.579195499420166,0.0,0.49802451319836494,0.5019754868016351
7ff7ad03-d574-484e-abb1-da86a481eaf4,3895275,0,0.021743550896644592,0.0026388990776350218,3.8418746,9.029844284057617,11.58702714690671,1,0.00026570670888759196,0.453308641910553,0.5464256405830383,0.0,0.07075947489974876,0.9292405251002512
767e39da-86d4-40a4-878e-fd67a099f791,3895275,0,0.0020591169595718384,0.002035463834772886,12.747156,10.104877471923828,9.799071126424806,2,6.165912054711953e-05,0.3711972236633301,0.6287410855293274,0.0,0.4624104418358602,0.5375895581641398
ecfc9719-e58f-4cc2-a42a-72587be4b413,3895275,1,0.46855077147483826,0.6400939338766979,,11.895511627197266,15.429466293161259,-1,0.0013807218056172132,0.3007640838623047,0.6978551745414734,0.0,0.32781903123848555,0.6721809687615145
bbedf337-1e1e-4b29-9cca-55b208e92e79,3895275,1,0.568430483341217,0.5971787555025114,,15.346038818359375,12.70200088688521,-1,0.0011838598875328898,0.2860123813152313,0.7128037214279175,0.0,0.26209166132680906,0.7379083386731909
e31a7be7-0764-4fcd-8232-73aabdb44f42,3895275,0,0.315236896276474,0.24280981208765798,8.905055,14.380810737609863,10.836535277579356,2,0.0013008787063881755,0.3371025025844574,0.6615965962409973,0.0,0.3911592468094671,0.6088407531905329
2934efe7-d2a8-4f48-81b6-fdb6cb4c4c02,3895275,0,0.7450485825538635,0.669719779988159,11.006362,12.829020500183105,14.456866493207208,2,0.001192625961266458,0.36932507157325745,0.6294823288917542,0.0,0.2832453629368207,0.7167546370631793
597a8edc-314b-4df4-a34d-fd987928ef7f,3895286,0,0.12583604454994202,0.22894886108989299,12.297154,12.472949028015137,12.133883529486342,2,0.0010633880738168955,0.39280223846435547,0.6061343550682068,0.0,0.36613495638438154,0.6338650436156185
562ae31d-783a-4005-91f3-275c6ebd35cb,3895286,0,0.7212345004081726,0.7767014313449642,23.362577,14.057018280029297,12.884079102761905,2,0.002442124532535672,0.48881369829177856,0.5087442398071289,0.0,0.4207566061412118,0.5792433938587882
925cf8e7-5945-4bba-8b40-9e2016a539e2,3895286,0,0.0027233362197875977,0.00019290079020083884,7.34983,11.624763488769531,8.909683324661202,1,1.1657346476567909e-05,0.35274773836135864,0.6472405791282654,0.0,0.17936974852928267,0.8206302514707173
127a2ce7-8170-42e3-bd43-6e3800f29837,3895286,0,0.013946971856057644,0.0030358837461540674,7.9075913,7.948211669921875,9.75535089164262,2,0.0001326985948253423,0.27828601002693176,0.7215813398361206,0.0,0.1253569730558517,0.8746430269441483
a779be1a-2be9-4ad0-8cfa-794359642808,3895286,0,0.01537486631423235,0.002727314930798482,10.98954,15.915634155273438,13.239380029400445,1,0.00017899624072015285,0.33362939953804016,0.6661915183067322,0.0,0.39183362506064134,0.6081663749393587
fdf66722-c65e-4837-a73f-a541b87e180f,3895286,0,0.146280899643898,0.24963916075169781,16.724234,16.732906341552734,11.894148631059203,2,0.0007574058254249394,0.28425005078315735,0.7149925231933594,0.0,0.3265677831907291,0.6734322168092709
aabf2917-ad03-408f-bd4b-1dc2b11cd541,3895286,0,0.0019584964029490948,0.0008412275513163643,11.111256,9.121177673339844,10.34783659795373,1,1.2903555216325913e-05,0.38473376631736755,0.6152532696723938,0.0,0.22113222633999474,0.7788677736600053
13894f82-069e-4df0-b751-7bb17df756fd,3895292,0,0.6712965965270996,0.6305403235333059,16.772596,14.404081344604492,12.454177566419029,2,0.001078793196938932,0.2846815586090088,0.7142397165298462,0.0,0.29489831867751226,0.7051016813224877
8ceefcc3-1231-4623-af29-9cd62a2c6573,3895292,1,0.32568594813346863,0.14740442866230918,,16.16825294494629,11.90365588468518,-1,0.0006398288533091545,0.224168598651886,0.7751915454864502,0.0,0.23325984057383808,0.7667401594261619
0b00d7fb-b225-4270-9a00-c3edad0602ba,3895292,1,0.6200869679450989,0.8709221508780862,,15.665277481079102,19.131272705749282,-1,0.0014155548997223377,0.2944733202457428,0.7041110992431641,0.0,0.3014106408172901,0.6985893591827099
756e38ba-f109-4ae1-993e-232221a3c7b9,3895292,1,0.9993453621864319,0.9957115949046352,,10.482666015625,18.925893999668205,-1,1.654350126045756e-05,0.2779301702976227,0.7220532298088074,0.0,0.6393334372345036,0.3606665627654963
90d68c41-f368-4ae0-a381-e1a0d6eafc1c,3895292,0,0.052549220621585846,0.024920841202824753,14.707821,8.146835327148438,9.090188639791275,2,0.001131748897023499,0.47471967339515686,0.5241485238075256,0.0,0.3377796543756181,0.6622203456243819
744594b6-1950-4a53-97fe-bb2b02cffd36,3895292,1,0.7472718954086304,0.7597306781598299,,15.406415939331055,12.270741443126937,-1,0.0010732634691521525,0.27301251888275146,0.7259142398834229,0.0,0.3448046263927861,0.6551953736072139
840b8f90-5bea-45c4-82ab-7905db24f0a1,3895292,1,0.7914062142372131,0.8515054135856374,,15.101232528686523,13.11699377201353,-1,0.0006299646338447928,0.40426012873649597,0.5951098799705505,0.0,0.3449929184439994,0.6550070815560006
8624c0cf-c057-4e91-a3f4-2b6892686125,3895302,0,0.003249760949984193,7.044117919978445e-05,6.2625875,6.04975700378418,6.40028608687671,1,4.3412845116108656e-05,0.40458884835243225,0.5953677892684937,0.0,0.1941398111903283,0.8058601888096717
2e814c7f-2df9-4bec-9bad-2dffe8239518,3895302,0,0.3291800618171692,0.10968839736543858,15.288231,13.443326950073242,12.740015117916007,2,0.0016634863568469882,0.3791804611682892,0.619156002998352,0.0,0.3769441295386913,0.6230558704613087
d980706a-ef51-4c56-9cd3-d70b0a776083,3895302,0,0.19635535776615143,0.28315345688573795,19.306475,12.72891902923584,11.677247691429423,1,0.0012155678123235703,0.41007038950920105,0.588714063167572,0.0,0.41660737599406517,0.5833926240059348
f3a230d8-986a-4197-b169-f8cb0221f866,3895302,1,0.9939680099487305,0.9263775104796631,,12.881861686706543,14.611121072461701,-1,0.00019050326955039054,0.3913770914077759,0.6084323525428772,0.0,0.3580854844401441,0.6419145155598559
4b5572e8-bfeb-4cdb-9141-00c3be59e01f,3895302,1,0.9984839558601379,0.9998864030457892,,11.094025611877441,9.78010522585522,-1,4.043682201881893e-05,0.2947368323802948,0.7052227258682251,0.0,0.8396498395280867,0.16035016047191336
d7d5c29c-3398-4d2c-95e1-82beaea83686,3895302,0,0.3481041491031647,0.5468904619646953,25.393896,19.968612670898438,16.604049365382764,2,0.001535771880298853,0.2637234330177307,0.7347407341003418,0.0,0.2912107192260792,0.7087892807739208
bc314377-a11f-40e8-95c4-8c3e116c57ef,3895302,0,0.32354411482810974,0.2266861476141121,1.7464249,15.699928283691406,12.841324837199894,1,0.0017630511429160833,0.5590342283248901,0.4392027258872986,0.0,0.4737675539294207,0.5262324460705793
4ba1d361-45f4-4cee-9c1d-0688c30f9d1f,3895320,0,0.39136040210723877,0.27720849658162827,26.501698,12.052958488464355,11.786175211847912,1,0.000369443092495203,0.5723493695259094,0.42728108167648315,0.0,0.3939204778951729,0.6060795221048271
68796266-8322-4971-98a5-8dfa293a0b50,3895320,0,0.0219293050467968,0.0020750978783759923,36.108727,16.80710792541504,13.573370212241745,1,0.0005289725959300995,0.35630354285240173,0.6431674957275391,0.0,0.48305959457525627,0.5169404054247437
12b495b2-ef68-4b0e-b4ec-aa1b732307e2,3895320,0,0.05069727450609207,0.020496378233606508,8.032434,12.247292518615723,9.614858505521388,2,0.0007416228763759136,0.6788767576217651,0.32038161158561707,0.0,0.6510563184535467,0.34894368154645333
f2bed22c-228a-422b-95e3-c86dfa2a75c4,3895320,0,0.3090774416923523,0.191835371919557,17.327723,16.40138053894043,12.961322940584575,1,0.0003373234940227121,0.26560258865356445,0.7340600490570068,0.0,0.26002444987789275,0.7399755501221073
ebc78cb3-4406-434c-b33f-3d6938db4883,3895320,1,0.8379597663879395,0.6444092655057324,,13.56472396850586,10.468237259953566,-1,0.00013547658454626799,0.28779155015945435,0.7120729088783264,0.0,0.46557415621438525,0.5344258437856148
732cde21-259f-4fd0-b1af-9d1772ce9ee8,3895320,1,0.44617652893066406,0.7032923468429497,,15.639263153076172,11.406319044063716,-1,0.0012405739398673177,0.5015482902526855,0.4972110986709595,0.0,0.5077237560114152,0.4922762439885848
61852f9f-47a3-492a-84f6-b24b06da52dd,3895320,0,0.031381167471408844,0.0062515298180535,13.705838,10.689752578735352,10.761373364718294,2,0.0006253211759030819,0.3055625259876251,0.6938121318817139,0.0,0.5402275923094844,0.45977240769051564
14e353f5-1e29-4387-97e6-e6cee1205bc0,3895320,0,0.009798211976885796,0.0028246495272836332,14.395138,12.735200881958008,10.103228241820458,2,0.0003224393876735121,0.46398887038230896,0.5356886982917786,0.0,0.4311388716209783,0.5688611283790217
60cd30b2-fb17-4e41-ac7a-0a99caf8bc51,3895320,1,0.998651921749115,0.9985015222841784,,26.765073776245117,11.915725335311832,-1,6.081298488425091e-05,0.4576958417892456,0.5422433614730835,0.0,0.9233490395145048,0.07665096048549523
42f96706-6b30-4c39-b42a-17a1ee6a0aec,3895333,0,0.001551358145661652,0.0014567133641634482,8.988882,10.012598991394043,9.606514086582479,2,6.580267654499039e-05,0.39327406883239746,0.6066601872444153,0.0,0.2716156412096622,0.7283843587903378
47deeaa9-a8e2-48d5-8064-a0f8e75cad81,3895333,0,0.6690468788146973,0.6722062094896424,15.0,14.988335609436035,13.111856197610203,2,0.0004680296406149864,0.30585676431655884,0.6936752200126648,0.0,0.37002657028783537,0.6299734297121646
2304c583-6d69-4763-95dc-0ddc610d9c08,3895333,1,0.9995527863502502,0.9989842866076719,,30.287405014038086,15.8299627412671,-1,1.0065818059956655e-05,0.673005223274231,0.32698479294776917,0.0,0.9322998244995776,0.06770017550042243
baf79937-0dae-4de1-8e68-b052e1ccfc92,3895333,0,0.5019351840019226,0.7015774970696188,12.709445,13.573331832885742,10.562370152700813,2,0.001625843346118927,0.3668558895587921,0.6315181851387024,0.0,0.4033248683740669,0.5966751316259331
c297df22-162f-4c23-96f5-77b5e606fad2,3895333,1,0.8531892895698547,0.923744379058354,,14.031000137329102,16.123781081293448,-1,0.000816661340650171,0.4346141219139099,0.5645692348480225,0.0,0.5050218069113329,0.4949781930886671
2880ef44-0530-46fb-9e73-ada6aceed0d6,3895333,0,0.30011048913002014,0.2622361958555916,22.844255,14.452006340026855,13.634414637487309,2,0.001790788839571178,0.3068336248397827,0.6913756132125854,0.0,0.3452683452743629,0.6547316547256371
6dad95e6-8096-4cf5-91f7-9113b3c9c1db,3895333,0,0.02411685138940811,0.01182370690234544,14.108863,13.547465324401855,11.28255030454234,1,0.0005884238635189831,0.35509738326072693,0.644314169883728,0.0,0.46357251959000545,0.5364274804099946
1b7291c5-7b7b-4cca-8ef1-26445ece5441,3895333,0,0.15157437324523926,0.12872309523973263,14.018559,14.285860061645508,15.947805349073434,1,0.0012343376874923706,0.40176111459732056,0.5970045924186707,0.0,0.4410076972244481,0.5589923027755519
72eac4aa-31bc-4251-8fea-6ccece18ac7c,3895333,0,0.007973166182637215,0.0001243790656642177,3.255764,7.182438850402832,7.700768266368623,2,0.00024257117183879018,0.3442637324333191,0.6554936766624451,0.0,0.102712462601944,0.897287537398056
ec1b0617-4720-458f-a2f2-65329e26e6c0,3895333,1,0.26405349373817444,0.6425891459581405,,12.857364654541016,8.97610664022583,-1,0.001101369154639542,0.49802905321121216,0.5008695125579834,0.0,0.6437801101060797,0.3562198898939203
ccf76c64-842f-4265-a107-f35b603de19b,3895333,1,0.9980383515357971,0.9958028888763122,,32.35824966430664,13.003927977879405,-1,4.347152207628824e-05,0.32559993863105774,0.6743566393852234,0.0,0.7061156381141763,0.2938843618858237
c8e9029e-15e9-47ae-b5b3-f32f217abbe1,3895333,1,0.8583363890647888,0.8741621468717449,,13.21174144744873,12.03656512504136,-1,0.0006078641163185239,0.4781111180782318,0.5212810039520264,0.0,0.5834887945246652,0.41651120547533477
301bfb5c-e0f7-4254-af19-c7530d1e8478,3895333,0,0.4086543023586273,0.48424843444209426,1.9798989,16.299592971801758,14.755387860296894,1,0.003495818702504039,0.39615797996520996,0.6003461480140686,0.0,0.4063750696695161,0.5936249303304839
b3870177-1ada-4b38-9e73-dc0cf2fb6c6a,3895340,1,0.3834606111049652,0.6795284636365624,,9.765851974487305,11.00682066353463,-1,0.001319370698183775,0.7022602558135986,0.2964203655719757,0.0,0.7221260976320935,0.27787390236790654
fec4f89b-8edb-458c-89c3-b1217b565bab,3895340,1,0.44751596450805664,0.7707766709552063,,19.171876907348633,19.311669517329133,-1,0.0021403622813522816,0.32331106066703796,0.6745485067367554,0.0,0.4947159431134629,0.5052840568865371
f7c07b9b-2c90-493b-8d49-6e6b48d614c3,3895340,1,0.8025340437889099,0.8621144888582891,,18.639328002929688,13.70204486671559,-1,0.002353244461119175,0.4630260169506073,0.5346207618713379,0.0,0.5661690705291849,0.4338309294708151
9d39f6a0-4f03-4695-b5be-a05d6a65b70d,3895340,0,0.010302819311618805,0.0034253313911900437,20.825464,10.3189697265625,10.230638526205677,2,0.00034090870758518577,0.38510915637016296,0.6145499348640442,0.0,0.24695829447794115,0.7530417055220588
c0d09f57-7cf9-475e-bf21-539a41f00e4d,3895340,1,0.761488676071167,0.7744819955103822,,9.270341873168945,12.614736717958234,-1,0.0004435575974639505,0.5427799224853516,0.45677655935287476,0.0,0.46131417728532165,0.5386858227146784
295caefb-105c-4230-aaba-b79d3b7b9253,3895340,1,0.46863898634910583,0.5998112707313741,,16.901344299316406,12.945908714103725,-1,0.001880984054878354,0.27664583921432495,0.7214731574058533,0.0,0.23026779961155974,0.7697322003884403
f2637177-437f-4e2b-a261-68c274d222e4,3895340,1,0.05265817791223526,0.14119852252261567,,11.228060722351074,16.100339626578815,-1,0.0019778807181864977,0.4559191167354584,0.5421029925346375,0.0,0.49409283161213613,0.5059071683878639
c389fcd0-c11f-469d-aca0-12dbfa86abf9,3895340,1,0.7348992824554443,0.9038508896714617,,18.588808059692383,18.325861061079397,-1,0.001881330506876111,0.3587843179702759,0.6393343806266785,0.0,0.26377322529567926,0.7362267747043207
f2189c6e-c9af-4a53-a28f-750113c13157,3895340,0,0.3103797733783722,0.282994282241512,12.940248,10.00670337677002,10.732942252123639,2,0.0010401641484349966,0.40790754556655884,0.5910522937774658,0.0,0.33366107323442684,0.6663389267655732
0d68a088-38b1-417c-b061-4053398b4031,3895340,0,0.032435525208711624,0.0072850473273346145,16.129786,14.201912879943848,18.29940409821947,1,0.0007984386174939573,0.4437732696533203,0.5554282069206238,0.0,0.23216593832088617,0.7678340616791138
f45cd73d-a4c5-408f-b3f0-aac35dff8909,3895348,0,0.38791975378990173,0.2971200252097495,8.902246,15.06563949584961,11.570653925314515,2,0.0008392325253225863,0.4305380582809448,0.5686227083206177,0.0,0.5614216736673255,0.43857832633267446
5de8d802-cd5d-45d4-88e8-9c3882223562,3895348,1,0.4196244478225708,0.5450603551046082,,16.065547943115234,14.746679625790641,-1,0.0013103941455483437,0.27191683650016785,0.7267727851867676,0.0,0.2993285392809035,0.7006714607190965
85ad660a-e185-48ba-8ef2-07b585f040bd,3895348,1,0.6029788255691528,0.7830232401273418,,14.143497467041016,16.08828060199831,-1,0.0035802540369331837,0.5197790861129761,0.47664061188697815,0.0,0.4203304782749747,0.5796695217250253
80ae0b4c-ecf7-4cba-b958-e1656fc6ff52,3895348,1,0.9997672438621521,0.9999779000618715,,9.7161226272583,14.33949414968989,-1,7.149525572458515e-06,0.3264753818511963,0.6735175251960754,0.0,0.9396755107157369,0.06032448928426312
ef98887b-5517-4028-b05b-24076e659d78,3895348,0,0.010103731416165829,0.09030817754991009,10.696261,9.807209968566895,7.983291426445632,2,0.000315012875944376,0.4969906508922577,0.502694308757782,0.0,0.6764292580624599,0.3235707419375401
8c694827-0f25-477f-b0d4-1e9532e6f221,3895348,0,0.009665532037615776,0.005017370120054234,4.8703184,11.552922248840332,8.89866118999082,2,0.0003116152947768569,0.4079432487487793,0.5917450785636902,0.0,0.2860070212303303,0.7139929787696697
ca11809e-c132-4579-a1a6-c6e4ca6d3956,3895348,0,0.29965415596961975,0.2029870536983528,23.694725,9.302447319030762,10.549089020603772,1,0.0007735631661489606,0.3840951919555664,0.6151312589645386,0.0,0.337857674920533,0.662142325079467
afdeae2a-de4e-4edc-a745-d6ab7a19ac95,3895348,1,0.9996973276138306,0.9999567430278499,,9.447665214538574,11.324365567590643,-1,6.098721769376425e-06,0.25508615374565125,0.7449077367782593,0.0,0.8625852031782716,0.13741479682172844
c4ac0165-7761-4f4d-8d9a-ad93374b8fdf,3930158,0,0.0018955996492877603,0.0001622906039499585,6.0108237,12.890582084655762,10.467920539612573,2,0.00010669043695088476,0.22331726551055908,0.776576042175293,0.0,0.23252578496860132,0.7674742150313987
c4b88ebd-10ee-40ce-b1c2-88e83bfd50a7,3930158,0,0.008227420970797539,0.00015616177353652095,21.910728,13.021783828735352,11.463820880628013,1,0.0003783698775805533,0.2946421205997467,0.7049794793128967,0.0,0.19574296654372292,0.8042570334562771
4759cebe-e58d-4bb5-80c7-8bec232ab77d,3930158,0,0.4895312786102295,0.5264054309557342,21.180416,14.143411636352539,13.437099064669148,1,0.001407442963682115,0.3056374490261078,0.6929550766944885,0.0,0.2965978241089793,0.7034021758910207
d80b5a88-59a4-47bc-bca7-0fa51d7537d9,3930158,0,0.013680988922715187,0.0019568307785268607,34.105278,13.622949600219727,14.184345565605293,1,0.0003336129302624613,0.5305992364883423,0.46906718611717224,0.0,0.3814871940773583,0.6185128059226417
6a746bb5-1d3c-4f79-8e29-8b9e76ba27db,3930158,1,0.41877877712249756,0.6890753300370303,,15.200094223022461,12.868216518693766,-1,0.001118775107897818,0.6640704274177551,0.3348107933998108,0.0,0.524208296743761,0.475791703256239
8e898655-c23a-4d4f-8d87-d1f0c8dcdebf,3930158,0,0.1540958732366562,0.2401478473549053,15.866001,12.614056587219238,10.130562563134195,1,0.0008755907765589654,0.2951841354370117,0.703940212726593,0.0,0.23026111978614705,0.769738880213853
455f5889-1e09-4da8-8c47-9b0dbda50eb2,3930158,1,0.9666208028793335,0.9285570228389329,,24.441617965698242,14.2190627927409,-1,0.000305307621601969,0.3324524462223053,0.6672422289848328,0.0,0.4624450052703726,0.5375549947296274
b4f5fa7b-ad04-4275-962e-14dec26b968a,3930159,0,0.418855220079422,0.43110575707833987,13.870832,12.63481330871582,10.126329381452887,2,0.0028182726819068193,0.373765230178833,0.623416543006897,0.0,0.34628528275349446,0.6537147172465055
4db5698b-60ac-433d-bebf-4c4cd9869811,3930159,0,0.008748464286327362,0.0034866570080830162,1.7888544,12.243464469909668,9.923784848317528,2,0.00015685670950915664,0.4242219030857086,0.5756212472915649,0.0,0.32067317469642864,0.6793268253035714
176f3ddb-7c91-4f1c-bad3-615963b0b146,3930159,0,0.5780103206634521,0.411657567160879,17.740631,11.891453742980957,12.405326171657578,2,0.0012856317916885018,0.36366769671440125,0.6350467205047607,0.0,0.3773291264521317,0.6226708735478683
1bd31edc-1330-4ede-80af-6afa2a22a54c,3930159,0,0.0124827204272151,0.005230984204703445,24.768126,13.045968055725098,12.589173302486719,2,5.2724601118825376e-05,0.44892844557762146,0.5510188937187195,0.0,0.44180024587733957,0.5581997541226604
96db74be-129d-4d08-8b13-703ebb6a4566,3930159,0,0.004922127351164818,0.008975487643278083,10.625442,10.726350784301758,11.342673202344015,2,4.594843994709663e-05,0.40424206852912903,0.5957119464874268,0.0,0.47489541358515686,0.5251045864148431
47633993-e87c-42bd-8844-594ecf0a70a8,3930159,0,0.0037675569765269756,0.0028388510239862426,2.9206164,13.41270923614502,11.888745817637744,2,1.9739036360988393e-05,0.24963068962097168,0.7503495812416077,0.0,0.2925686218453992,0.7074313781546008
3c89bbb1-0e6b-4547-b58c-a7e50bfbed9d,3930159,0,0.10250470787286758,0.1894506029935888,19.70609,14.020356178283691,13.095356188816982,1,0.0006166288512758911,0.3963860273361206,0.6029973030090332,0.0,0.46261802118365003,0.53738197881635
b869e663-4b2d-4db9-a0af-4373558942d4,3930159,0,0.3856067359447479,0.35982145713230945,17.592327,14.760714530944824,15.995176670658946,2,0.007892278954386711,0.33581656217575073,0.6562911868095398,0.0,0.2889957320482971,0.7110042679517029
56d6635a-bfc0-4410-8796-5dc7ac17eb2b,3930159,0,0.21391189098358154,0.22222682989099315,24.51061,15.005670547485352,16.8161592791383,2,0.00045104738092049956,0.30821526050567627,0.6913336515426636,0.0,0.23050126749777056,0.7694987325022294
9f8996b9-17f5-47af-b267-65915a542ec8,3930159,0,0.005643427837640047,0.00316529351690597,20.529247,9.833319664001465,11.36722527100328,1,5.034410423832014e-05,0.2908054292201996,0.7091442346572876,0.0,0.30270677630976617,0.6972932236902338
b463a140-738d-4960-b8cb-3e9fa22fc4ad,3930159,1,0.9673482775688171,0.9545667680415181,,22.19108772277832,15.524070910250643,-1,0.00022227742010727525,0.497093141078949,0.5026846528053284,0.0,0.5741060160583156,0.4258939839416845
56db71c0-d275-4403-b988-fbafd7c2a0c5,3930159,0,0.08149730414152145,0.19944402842730696,9.1350975,8.349502563476562,10.027688571830302,2,0.0005033710040152073,0.3603631556034088,0.6391335129737854,0.0,0.2936106729594906,0.7063893270405094
a11b3f68-779e-4119-b61e-96a2f3f184ac,3930159,1,0.9842012524604797,0.9915146630910493,,21.200510025024414,14.577999234601174,-1,0.00011427807476138696,0.6641219258308411,0.33576375246047974,0.0,0.5709770168286232,0.4290229831713767
7fdb6753-1044-401d-8ebe-185db3dab512,3930160,0,0.014508603140711784,0.016659922651273827,14.450605,7.055082321166992,8.19828093600376,1,0.00018529062799643725,0.5827860832214355,0.41702860593795776,0.0,0.4789924271650219,0.5210075728349781
1ec623cf-bb30-444f-bdcd-1f58b5c0b158,3930160,0,0.35709795355796814,0.42077486947854253,20.206186,14.287572860717773,10.712079224382997,2,0.0012428491609171033,0.5396807193756104,0.45907649397850037,0.0,0.5245977210190653,0.47540227898093473
aa9c3b4f-2238-49d1-9bd0-678aac808dda,3930160,0,0.16713947057724,0.2708791090013158,1.5811388,13.009671211242676,15.604184882634385,1,0.0012764250859618187,0.3380087614059448,0.6607148051261902,0.0,0.13133516254843258,0.8686648374515674
3874da99-0276-42e7-8291-973d15c5ced7,3930160,0,0.02711808867752552,0.003585695466635795,15.60801,14.307004928588867,11.635848609336884,2,0.0008960761479102075,0.42032426595687866,0.5787795782089233,0.0,0.36823698871664545,0.6317630112833545
64a81c0c-c3f7-4356-aad2-f1dce38584ef,3930160,0,0.4826103746891022,0.4353284272011925,16.3487,12.786490440368652,13.098379272169662,2,0.002594664925709367,0.573715329170227,0.42368999123573303,0.0,0.4958989890957497,0.5041010109042503
9913a5bb-0568-4c0e-ab66-0227ba54b2fd,3930160,1,0.6981872916221619,0.8052366851708962,,17.764020919799805,18.48689152816778,-1,0.0029109374154359102,0.434896856546402,0.5621922016143799,0.0,0.453163579467576,0.546836420532424
a305f833-041f-4515-a424-b5df6f484a60,3930160,0,0.20738865435123444,0.44599866100636776,17.564169,12.313146591186523,11.98359322822697,2,0.003566110273823142,0.471650093793869,0.5247837901115417,0.0,0.4041581783886242,0.5958418216113758
971884c8-02f8-45d4-af2e-10a8e7c90370,3930160,0,0.10868325084447861,0.12179236208492646,15.570806,8.672611236572266,8.101154166963397,2,0.0010847602970898151,0.40279239416122437,0.5961228609085083,0.0,0.2433152332802473,0.7566847667197527
ee322355-3ec5-49ea-9fb2-8aa44e6eb848,3930160,1,0.9981011748313904,0.986894986211163,,16.505956649780273,14.18945075578512,-1,0.0002229258097941056,0.5629560947418213,0.4368208944797516,0.0,0.5080179755871796,0.4919820244128204
6418978a-cc4d-4d45-80c9-c6941a3f5490,3930160,0,0.19650514423847198,0.2924407968671976,24.24706,9.494820594787598,12.774740560587157,2,0.0009380198898725212,0.38131529092788696,0.6177467703819275,0.0,0.28872993149987713,0.7112700685001229
85acf046-5935-4900-ac45-1772a1e97802,3930160,0,0.29012545943260193,0.19514486641919085,13.159027,10.720418930053711,9.400263688159837,2,0.002006928902119398,0.5147011876106262,0.4832918345928192,0.0,0.49162622080724994,0.5083737791927501
d4ed4d31-9bfd-4915-8fed-5f4029f0cee3,3930160,0,0.006473077926784754,0.0005551326525620066,15.080119,9.545490264892578,9.211446021534508,2,0.00011496400838950649,0.4630085527896881,0.536876380443573,0.0,0.35569056535911536,0.6443094346408846
c6772020-0247-4852-96e8-a880f575ed0c,3930160,0,0.002409059554338455,0.00029318349137698953,13.341664,8.032511711120605,10.866081222695286,2,4.997198630007915e-05,0.4785502851009369,0.5213996767997742,0.0,0.5804671335863191,0.4195328664136809
34f74e79-0c0d-402e-bd3a-cc338b63b02d,3930161,0,0.1428060382604599,0.10722573225396165,0.0,11.420948028564453,8.538406102668382,2,0.0015379715478047729,0.3558700978755951,0.6425920128822327,0.0,0.3167550367396089,0.6832449632603911
b74848de-e2c6-4623-b3c4-25cdc28f0d83,3930161,0,0.056785330176353455,0.10465384907559876,13.879842,13.446333885192871,12.911359425496732,2,0.0007107625133357942,0.4189484715461731,0.5803407430648804,0.0,0.457404886338883,0.542595113661117
ac251821-bc2f-478f-af7d-99da2bcc89b2,3930161,0,0.003038135590031743,0.00018451697896446347,5.9236813,10.940196990966797,9.206528583356434,2,0.00012723055260721594,0.42908960580825806,0.5707831978797913,0.0,0.26933844128820883,0.7306615587117912
0e984600-b734-4dc6-8b0c-cd1fd5a2df2c,3930161,0,0.5271883010864258,0.4304131603969403,10.9,14.32356071472168,13.243576200885908,1,0.003010814543813467,0.3603253960609436,0.6366637945175171,0.0,0.39174244703194283,0.6082575529680572
1a502d51-c693-47e1-b0ed-7e9d721b140d,3930161,1,0.6147050857543945,0.7689870605135224,,15.851787567138672,16.549173363852866,-1,0.0015764626441523433,0.33839982748031616,0.6600236892700195,0.0,0.36188496490159916,0.6381150350984008
c90e8f78-8217-408d-a4bb-4b6eff1fbf3f,3930161,0,0.586485743522644,0.4801347882320039,10.780074,9.16137981414795,10.978253171319759,2,0.0032898513600230217,0.3622332215309143,0.6344769597053528,0.0,0.4179831004572707,0.5820168995427293
9bb215ad-592a-4391-8c52-554e6ae52149,3930162,0,0.178366020321846,0.3582377310785924,11.844408,10.479889869689941,12.178287142295877,2,0.0005238279700279236,0.24309469759464264,0.7563815116882324,0.0,0.3098062096639864,0.6901937903360136
6cc7f653-9509-45c8-9f01-2dafae037882,3930162,1,0.990830659866333,0.9926895640984027,,16.50063133239746,15.205656492920468,-1,0.00015487539349123836,0.6332169771194458,0.36662811040878296,0.0,0.926943803086794,0.07305619691320592
fb9d590d-4eb1-4004-97ab-a3505eeb5b29,3930162,1,0.2773159444332123,0.4211364777522575,,13.310564994812012,15.88240767194672,-1,0.0018658590270206332,0.35250622034072876,0.6456279158592224,0.0,0.29166846030187754,0.7083315396981225
59f5824e-49aa-4dc5-b379-04744c13cf31,3930162,0,0.012867284007370472,0.0072213434783026205,23.720034,11.426554679870605,12.564240191014589,2,7.604400161653757e-05,0.5283665060997009,0.47155749797821045,0.0,0.46142916778936915,0.5385708322106308
cfc6f1da-e8ba-439f-b3f4-bf57cf40896e,3930162,1,0.37087637186050415,0.8103882434960387,,15.485397338867188,15.122882482749795,-1,0.004546525422483683,0.4810304343700409,0.5144229531288147,0.0,0.424695754063084,0.575304245936916
697bdf01-cc1a-4e2a-a239-126080cef15f,3930162,0,0.00199903454631567,0.001447696364746007,17.407183,6.837018013000488,10.831886704493561,2,6.8463887146208435e-06,0.19690777361392975,0.8030853271484375,0.0,0.15067655582393535,0.8493234441760646
b364dee7-ca9e-4c01-8632-14835725e3fc,3930162,1,0.9705726504325867,0.9209222533256615,,15.140295028686523,14.722740619058223,-1,0.0007158087100833654,0.5813215970993042,0.41796258091926575,0.0,0.39250151157272284,0.6074984884272772
dbebc3a0-d393-4610-bbd1-8e0cc3c9fd63,3930162,1,0.997703492641449,0.9978851579993967,,20.11282730102539,17.819578646214275,-1,2.818058965203818e-05,0.7034651637077332,0.2965066730976105,0.0,0.9378340688641174,0.06216593113588259
43712024-5429-47e0-b46b-ab2f06ecb077,3930162,1,0.9793268442153931,0.9526693747102809,,16.555322647094727,13.80269629957964,-1,0.0002617610152810812,0.5782332420349121,0.42150500416755676,0.0,0.4360348596575757,0.5639651403424243
592306c8-2c71-4e8c-bcc6-3b89d8a59654,3930162,1,0.9344353079795837,0.8988409760533502,,14.111204147338867,13.387165503312785,-1,0.0007421604241244495,0.5993425250053406,0.39991533756256104,0.0,0.3902982917798552,0.6097017082201448
306090df-c3e6-4ab0-8f97-e79d6977dd56,3930162,0,0.0024802384432405233,0.0009072416313639188,7.4330344,10.278223037719727,9.823837385324536,2,1.746749876474496e-05,0.2422514408826828,0.7577311396598816,0.0,0.18386033113482303,0.816139668865177
fd0ba11e-818b-45bf-9ba3-cdd824978001,3930162,0,0.013510631397366524,0.0052611568929824375,18.469976,9.969107627868652,7.168373810441421,2,0.0002668782544787973,0.345257431268692,0.6544756889343262,0.0,0.24991270410666355,0.7500872958933364
838dfd32-3a46-42a6-9775-6eab0e297c39,3930162,1,0.34402263164520264,0.4062379309757571,,14.858445167541504,15.782876868551003,-1,0.005051207263022661,0.377933531999588,0.6170151829719543,0.0,0.23463715819431596,0.765362841805684
08c1733e-cb33-4a0f-a0f6-9543b67b35e8,3930163,0,0.00473520252853632,0.003273538862944001,20.761744,11.006974220275879,13.4814716556952,1,4.100094884051941e-05,0.37834158539772034,0.6216173768043518,0.0,0.27687586474850345,0.7231241352514965
9b6f1f81-10fb-41b8-8e83-8c9c03bce7d9,3930163,1,0.3451719582080841,0.8190544082449899,,19.732223510742188,20.279708095529625,-1,0.0015672799199819565,0.3007356524467468,0.697697103023529,0.0,0.4470280774014006,0.5529719225985994
56eca593-3abe-445a-b065-c62c4de08c3c,3930163,0,0.32750803232192993,0.6150653729552366,11.4947815,15.044315338134766,14.434270437445582,2,0.0037468879017978907,0.41072139143943787,0.5855317115783691,0.0,0.40979685825647494,0.5902031417435251
6570e76b-eb9b-4fe9-8449-0cd2a558e7c4,3930163,1,0.9966417551040649,0.9922202057483949,,17.26341438293457,14.048176688732044,-1,3.0354089176398702e-05,0.6593831777572632,0.34058651328086853,0.0,0.5159098799456919,0.48409012005430807
9e0ab80a-2bc0-462b-bfb9-895d348ba599,3930163,1,0.9951600432395935,0.9895226568534259,,18.080020904541016,14.21179012095618,-1,5.691024853149429e-05,0.6216608881950378,0.37828221917152405,0.0,0.30331212924770923,0.6966878707522908
ef0116e1-54a3-4c17-990b-4d7b26297cd1,3930163,1,0.8689369559288025,0.9487461615790488,,16.632034301757812,11.810465627309004,-1,0.003157935570925474,0.5925807356834412,0.4042613208293915,0.0,0.6799173896618054,0.32008261033819463
6e8ff901-53be-425c-ac92-b23282af2ea4,3930163,0,0.011903418228030205,0.008260089697733728,1.3038405,12.566596984863281,12.068762443030327,2,0.00019402614270802587,0.4205179810523987,0.5792880058288574,0.0,0.489812763320258,0.510187236679742
65b728ad-8df1-451d-a79e-2144ce3b8c2b,3930163,0,0.003115797648206353,0.003208916604854347,15.363918,8.805886268615723,10.594867929302023,2,3.470715455478057e-05,0.4460347890853882,0.5539305806159973,0.0,0.5104435069096263,0.4895564930903738
1145dff9-af9d-4eba-861d-35363f53f842,3930163,0,0.9594774842262268,0.9170675677948926,7.839005,14.293872833251953,11.953709844995279,2,0.00025903061032295227,0.5524008274078369,0.44734013080596924,0.0,0.5145856663150135,0.4854143336849865
68285816-2221-4383-944d-a5c13deec311,3930163,0,0.010595533065497875,0.0033114905392389025,6.2369866,9.012598991394043,7.1520577296859145,1,0.00021009908232372254,0.33547690510749817,0.6643129587173462,0.0,0.37785712173562336,0.6221428782643766
5d8ee061-cbf6-41ce-a3e7-e21b1504bb66,3930163,0,0.02935779094696045,0.04390429660358537,7.569016,12.30898666381836,12.167683239963335,1,0.00018926973280031234,0.29439353942871094,0.7054171562194824,0.0,0.30932804834274774,0.6906719516572523
e42bb842-cd71-4c88-acf3-f1ba3ea1de6b,3930163,0,0.15593042969703674,0.24110164869473338,16.253307,12.961634635925293,15.247741262544388,2,0.0015892472583800554,0.32961180806159973,0.6687989234924316,0.0,0.3928906130698532,0.6071093869301468
7e056686-5e7a-440d-bef1-4eac143c6642,3930164,0,0.2249487340450287,0.2265349364939581,20.052431,18.028696060180664,14.163097040690708,2,0.0015582017367705703,0.4102422893047333,0.5881994962692261,0.0,0.4194270790095851,0.5805729209904149
de0107c8-c74d-4e96-9535-71164d1fff4e,3930164,1,0.22606512904167175,0.4577032199617479,,8.845093727111816,10.06937410533462,-1,0.000784561038017273,0.41902151703834534,0.5801938772201538,0.0,0.4578398091091568,0.5421601908908432
b0d1818f-b749-47a6-a361-a6a7ecac7a1b,3930164,0,0.20375847816467285,0.27667146550153204,30.832613,13.918331146240234,17.856434550043254,2,0.0013570614391937852,0.2802640199661255,0.7183789610862732,0.0,0.27427787928284764,0.7257221207171524
f1b48c3c-458c-42c1-96e6-f6c1cfaf0b26,3930164,0,0.03269767016172409,0.015104529038874616,10.400481,10.746259689331055,12.806527479248729,2,0.0006351684569381177,0.5000377297401428,0.4993270933628082,0.0,0.28161660783527787,0.7183833921647221
6dd1acbc-6f7b-4955-a6c3-a374b6704c37,3930164,0,0.6835100650787354,0.6979314001878923,3.7121422,17.002403259277344,15.530614740662621,1,0.004410191439092159,0.34982457756996155,0.6457652449607849,0.0,0.33211072900367244,0.6678892709963276
716065b8-d212-4847-83e4-fd39408612c9,3930164,0,0.18471162021160126,0.35209058316459946,20.147953,13.839988708496094,14.019810927527137,1,0.0014744059881195426,0.29951924085617065,0.6990063190460205,0.0,0.2740567548471121,0.7259432451528879
efbb1b62-8977-486b-af69-2e63b00492f2,3930164,0,0.03090810775756836,0.023672110553923285,15.684706,9.339500427246094,9.430566015564782,1,0.0004272767109796405,0.6496996879577637,0.34987300634384155,0.0,0.5659574378984831,0.4340425621015169
f78a52c3-e227-4772-98a9-6527f35c5eb4,3930164,1,0.9975311160087585,0.9924717865026996,,16.236286163330078,12.878225923921956,-1,0.00029286302742548287,0.6367350220680237,0.3629721701145172,0.0,0.6781596449649179,0.3218403550350822
2cc092d7-97f6-481c-9feb-ad1fe04a394e,3930164,0,0.21788716316223145,0.3300051997957557,15.5794735,10.997965812683105,13.9481087115932,1,0.0009241224615834653,0.3084772825241089,0.6905985474586487,0.0,0.28031472747052566,0.7196852725294743
21d5bf8d-9b24-4fc4-b67b-5569bc308c10,3930164,0,0.013559401035308838,0.004713466413640236,25.63006,13.977265357971191,12.120602215310374,1,0.0004312309611123055,0.38219189643859863,0.6173768639564514,0.0,0.3291119001172115,0.6708880998827885
38a9cd7d-5fdc-4b60-a858-8da16583f749,3930165,0,0.19636932015419006,0.2798632263059089,17.259491,13.136004447937012,14.384662866606515,2,0.0008107158355414867,0.2871941328048706,0.7119951248168945,0.0,0.18140482251711687,0.8185951774828831
19ec4cbe-a7a8-452c-ab9f-0d5e83d024e0,3930165,1,0.9982701539993286,0.9821775683058358,,15.669679641723633,14.281427006443067,-1,0.00013294962991494685,0.5309459567070007,0.46892112493515015,0.0,0.5580295220449684,0.44197047795503164
ebf88626-b722-41ab-aaab-6c3d0a47da59,3930165,1,0.9895280003547668,0.9892196862300393,,18.531089782714844,13.308235984394969,-1,0.0004179064417257905,0.5697939395904541,0.4297882318496704,0.0,0.7355512045322268,0.2644487954677732
d1c7bf9a-bc9c-4c3c-89a7-1318e089225b,3930165,1,0.9938573241233826,0.9924170297935159,,11.13420295715332,11.74486716793437,-1,0.00029410605202428997,0.6779581308364868,0.3217477798461914,0.0,0.47642190129835815,0.5235780987016418
376eb9d5-9f56-4ca6-a091-77bc66fee6fe,3930165,1,0.05918661504983902,0.07153906248053783,,13.748331069946289,11.497390080253204,-1,0.0021230296697467566,0.5712711811065674,0.4266057312488556,0.0,0.325177400071753,0.674822599928247
95b58ea5-b084-4b19-9d63-60ea63e21c3c,3930165,0,0.08152971416711807,0.05423422278237181,16.791962,9.129274368286133,11.59047430862982,2,0.0006507887155748904,0.42991703748703003,0.5694321990013123,0.0,0.4166766193596997,0.5833233806403003
1a4c7cd3-436f-495b-aa65-8cbad880597d,3930165,0,0.01808950863778591,0.01595095917588328,8.400596,11.904728889465332,11.264239211100184,2,0.0001622535928618163,0.6194235682487488,0.3804141879081726,0.0,0.639103462755689,0.36089653724431103
9b21e8b3-85a6-48e0-b65c-e8d4713a2909,3930165,0,0.012379254214465618,0.00239637819355613,9.347192,7.072635650634766,7.5866788228604545,2,0.00010850309627130628,0.4309617280960083,0.5689297318458557,0.0,0.4079828375242476,0.5920171624757524
e20a165c-7b40-4c81-9cf6-91e5835ab94c,3930165,1,0.9419878125190735,0.9223348975033472,,20.442615509033203,14.895247288850008,-1,0.0006386671448126435,0.5218150615692139,0.4775463044643402,0.0,0.6135231612973433,0.38647683870265664
d62e5c04-5f84-4b86-a2c1-a78ffdc6cbd2,3930165,0,0.013099806383252144,0.0006608383389881996,9.900505,14.418227195739746,13.191532395785769,2,0.0006506763165816665,0.49162372946739197,0.5077255964279175,0.0,0.40206829045702297,0.597931709542977
81da97ad-d9a0-4b35-86c0-4ff9946a0e3a,3930165,1,0.9850565791130066,0.9561716942698262,,20.851572036743164,11.574371893866713,-1,0.00043559784535318613,0.5654157996177673,0.4341486394405365,0.0,0.49580944038190555,0.5041905596180944
ba28a318-cfa5-4b26-a9ca-86a3f38743d5,3930165,0,0.04928679019212723,0.038664965338621834,4.3104525,9.0444974899292,10.681015049398637,2,0.0008571806247346103,0.4186288118362427,0.5805140733718872,0.0,0.4555416508745824,0.5444583491254176
6ec77eda-41f9-47b3-94c6-d402f829fbc9,3930166,1,0.4280681312084198,0.365555343941973,,11.777817726135254,16.488813059183112,-1,0.0026981926057487726,0.4016050696372986,0.595696747303009,0.0,0.33774339465801817,0.6622566053419818
aeb0adcd-7a1f-41ac-8dfb-dd21d0158918,3930166,0,0.3219108283519745,0.6001101127883908,9.449339,18.266693115234375,13.494570618772489,2,0.0018179811304435134,0.3545466959476471,0.6436353325843811,0.0,0.40324723307104327,0.5967527669289567
06660113-d037-4075-9b59-b2add9eabd5a,3930166,0,0.3248562216758728,0.4388009092530082,12.509996,13.682589530944824,13.08810111683562,2,0.001572015113197267,0.2991482615470886,0.6992796659469604,0.0,0.25694520100130236,0.7430547989986976
46e76e45-1c11-4ce9-a163-d2ee3562efde,3930166,1,0.9692482352256775,0.9067078873693902,,13.584273338317871,11.419351410600441,-1,0.0007806781213730574,0.5934808850288391,0.40573835372924805,0.0,0.8190741840066663,0.18092581599333368
e3a8d392-6e53-434f-a7be-848f928282f1,3930166,1,0.12732979655265808,0.2672387001581528,,11.426122665405273,11.451622491663796,-1,0.003968256060034037,0.5457354784011841,0.4502962529659271,0.0,0.4542037326901762,0.5457962673098238
dbf83a6d-d32d-4b8c-a7c2-a3c7e2992b39,3930166,1,0.9903275370597839,0.991771560072416,,21.15683364868164,12.252375331087748,-1,0.00043601918150670826,0.561603844165802,0.437960147857666,0.0,0.5605176044083274,0.43948239559167257
919da44e-606a-466c-8b5b-976105f857e2,3930166,0,0.02122645452618599,0.02243692741184826,4.1773195,10.483939170837402,10.197915655695189,2,0.0002919752150774002,0.5897744297981262,0.40993353724479675,0.0,0.4597063899336127,0.5402936100663873
94247803-e9ac-467b-bb68-b9168b13a54a,3930166,0,0.010083111934363842,0.007919385660978693,13.154847,11.98651123046875,13.532272535310675,1,0.000249691802309826,0.5043016672134399,0.49544864892959595,0.0,0.43220738476019627,0.5677926152398037
0270794c-b94a-4f3b-8671-9e0d999801b2,3930166,0,0.09859871119260788,0.11719384778494885,30.13785,14.905860900878906,10.836010539775545,2,0.0008673060801811516,0.39831656217575073,0.6008161306381226,0.0,0.2883884675634164,0.7116115324365836
dc0fa7dc-4d2b-49c6-bab9-e7cc6eeb073b,3930166,0,0.012650052085518837,0.016315300469877628,15.356106,11.002673149108887,12.438263056005383,2,0.00024673977168276906,0.441751629114151,0.5580016374588013,0.0,0.3352094662066394,0.6647905337933606
7c6f732e-6c58-418a-8994-5b408ac837c5,3930166,0,0.3758597671985626,0.7602595187716057,12.571794,10.688779830932617,10.382834691038113,1,0.0005946237943135202,0.38030296564102173,0.6191024780273438,0.0,0.3132901577570296,0.6867098422429704
b71bcd74-b9c6-4703-92c3-cb4d3797b61b,3930166,0,0.5837452411651611,0.644699230639163,7.4168725,16.560897827148438,17.82765921922207,2,0.0044470964930951595,0.33410441875457764,0.6614484190940857,0.0,0.3609481336740973,0.6390518663259027
a7c443b8-f623-49a4-8891-6ef7f10bb09e,3930166,0,0.029069436714053154,0.08199903203007136,14.876156,9.212687492370605,10.171676010075736,2,0.0003324011340737343,0.4458214044570923,0.5538461208343506,0.0,0.38685046498748765,0.6131495350125123
bcb23c21-41fc-4bca-956e-61a12ddc63d7,3930167,0,0.7698927521705627,0.6652208602249654,12.298374,8.06338119506836,11.521706721636141,1,0.0007445761002600193,0.5299436450004578,0.46931177377700806,0.0,0.5722123294701572,0.4277876705298428
d8d9a855-8742-4437-a689-f796110708dc,3930167,0,0.0070099295116961,0.00012022574332277015,11.588356,12.093524932861328,9.206497638916254,2,0.00019960432837251574,0.3278998136520386,0.6719005703926086,0.0,0.16698184963143103,0.833018150368569
5869629e-f9cf-4f2b-a824-3d6dde7ab0bd,3930167,0,0.4693743586540222,0.4000387493591247,14.5,14.825248718261719,17.10647120755174,1,0.003763417946174741,0.29318442940711975,0.7030521631240845,0.0,0.2757750684729414,0.7242249315270586
b52ad4a7-8a2c-4584-983c-79b88a1ad9a6,3930167,1,0.9991280436515808,0.9937000506858101,,10.999347686767578,16.09632310361903,-1,2.5258112145820633e-05,0.2788497507572174,0.7211250066757202,0.0,0.41286236826583134,0.5871376317341687
120ae5e3-c999-4d7d-9cf6-8679d857d59b,3930167,0,0.0032422044314444065,0.00025310738956986685,12.549502,15.336462020874023,11.454691207337092,2,8.3219725638628e-05,0.324056476354599,0.6758603453636169,0.0,0.23014025460954024,0.7698597453904598
ba1d81fb-6678-46e1-98cf-31bae91f70cd,3930167,0,0.004692153073847294,0.00928271710419577,23.235533,14.884645462036133,14.065850076783278,1,0.0001175989891635254,0.48359057307243347,0.5162917971611023,0.0,0.628241881683079,0.37175811831692096
db150176-92e5-414b-895f-1f6011e51bd6,3930167,1,0.9499824047088623,0.7719295751644711,,12.062861442565918,16.184884075091183,-1,0.0013795549748465419,0.38774532079696655,0.610875129699707,0.0,0.5258178634706756,0.4741821365293244
a51698cd-4b06-4579-b608-7d85d8fa4bc3,3930167,0,0.009211493656039238,0.006162333223286834,15.6894865,17.66998863220215,12.582695278140443,2,0.0003510704846121371,0.4869564175605774,0.5126925706863403,0.0,0.5681953536796074,0.4318046463203926
cc72d7a0-6623-41ec-98f1-405dfc65ac18,3930167,1,0.05450831353664398,0.08022011683779683,,10.02132511138916,10.452171791158158,-1,0.0008767590625211596,0.38256728649139404,0.6165559887886047,0.0,0.32943698460210125,0.6705630153978988
ef2a634e-13db-4a10-b293-6d335956a44d,3930168,1,0.7076598405838013,0.7685869730685589,,18.24191665649414,15.483028580366327,-1,0.004312550649046898,0.4478132128715515,0.5478742718696594,0.0,0.5154068974035264,0.48459310259647354
29dee8fe-be1a-4910-ba4a-2389e313b355,3930168,0,0.009393579326570034,0.006826870911234514,10.139033,13.96573257446289,11.967410515310364,1,0.00018477131379768252,0.4522658884525299,0.5475494265556335,0.0,0.4024158394942384,0.5975841605057616
702be352-51f0-470e-af1f-aab6b13a8920,3930168,0,0.03312664106488228,0.022364302910653805,15.480633,14.324923515319824,13.427843153888562,2,0.0003002654993906617,0.34230750799179077,0.6573922038078308,0.0,0.4225502822003844,0.5774497177996156
e0e93447-ad6d-4849-8c00-0d2d7ab40c33,3930168,1,0.9985331296920776,0.9985435411864954,,13.140814781188965,13.45259214263594,-1,4.816576256416738e-05,0.7194145321846008,0.28053730726242065,0.0,0.852835153018375,0.14716484698162505
ad9e5bf1-d900-4cab-ac85-ea2d26f04eb7,3930168,0,0.016432832926511765,0.029740645770622843,8.276473,8.941231727600098,11.777933873488463,1,0.00030203614733181894,0.5315935611724854,0.46810445189476013,0.0,0.5903985873113232,0.4096014126886768
3c8361ad-d934-4753-8462-becc94bfa76d,3930168,0,0.10981717705726624,0.08217236989495427,11.136427,9.395060539245605,11.488528494792533,2,0.0009652083972468972,0.41525906324386597,0.5837757587432861,0.0,0.30184409610504703,0.698155903894953
d52fb405-360f-4e3c-b849-50368a4a4e75,3930168,1,0.9981016516685486,0.9973026349835297,,13.365524291992188,15.151142409831731,-1,6.952671537874267e-05,0.7327787280082703,0.26715177297592163,0.0,0.848432254853886,0.151567745146114
d0fc0b19-c568-4d02-ae9e-8df6fba662f5,3930169,0,0.005627462640404701,0.007913087320499855,17.08157,11.845659255981445,13.204444910536225,2,0.0002197056746808812,0.43304213881492615,0.5667381882667542,0.0,0.4471045113113865,0.5528954886886135
90685a71-41b5-44e7-97ef-c7570d77b9d1,3930169,0,0.035670626908540726,0.00238694194640513,9.984989,10.449797630310059,11.614661704148102,2,0.0003550673427525908,0.4232158660888672,0.5764290690422058,0.0,0.47399473276040904,0.526005267239591
aa77bc76-44b8-4f84-888e-0ee8f9ba2290,3930169,0,0.02944895252585411,0.02159107286460166,8.234683,8.3587007522583,10.508920630738766,2,0.0005922859418205917,0.5574190616607666,0.4419887661933899,0.0,0.36675753327706473,0.6332424667229353
2dcdf7b2-ae9d-4678-bdc5-d750a787f3fa,3930169,0,0.4879705011844635,0.5394373102471673,2.5179358,16.75432777404785,15.93435812027046,1,0.0035261926241219044,0.30243414640426636,0.6940397024154663,0.0,0.3670198214264879,0.6329801785735121
8330bee8-cb47-4b84-a312-4b57f771e5e0,3930169,0,0.013484472408890724,0.0013689250789708075,10.523308,15.222877502441406,15.95621273603323,1,0.0002963785664178431,0.4035184979438782,0.5961851477622986,0.0,0.34355477622904407,0.6564452237709559
5b9b43d8-1aed-4d5d-af01-3defa17178cc,3930169,1,0.9570273756980896,0.9058629941260563,,11.789283752441406,9.290582104745324,-1,0.0003547204833012074,0.5285068154335022,0.47113844752311707,0.0,0.5624073661643672,0.4375926338356328
da03e59b-c12c-4833-a5c2-6881742b1e94,3930169,0,0.3020365536212921,0.3417369923382134,15.041609,12.90001392364502,14.854064944767982,2,0.0029643001034855843,0.3410228192806244,0.6560128331184387,0.0,0.3768778193259028,0.6231221806740972
7d3e367d-9b99-443e-ba18-62d9d269226f,3930169,1,0.3031215965747833,0.4539915958281898,,9.704647064208984,10.629310048913272,-1,0.00043477947474457324,0.4158983826637268,0.5836668610572815,0.0,0.3640567290010922,0.6359432709989078
44384760-74c6-4a6d-bd0d-a1dd1f7e38d8,3930169,0,0.006940297316759825,0.0028695534929011647,26.066454,11.017731666564941,10.666669606644012,1,0.00018355692736804485,0.38187912106513977,0.6179372668266296,0.0,0.431965124842007,0.568034875157993
7807e25c-2b2e-477a-b4ad-b70bbc837266,3930169,1,0.31085842847824097,0.5688651455500241,,11.646330833435059,12.216424440718987,-1,0.0008673059055581689,0.43738505244255066,0.561747670173645,0.0,0.5162051714000092,0.4837948285999908
1dfb7d30-19aa-44af-bcd6-d9560cd35382,3930169,0,0.44588229060173035,0.5441696279032426,17.069563,12.306539535522461,16.94640706375899,1,0.004113929346203804,0.42723286151885986,0.5686531662940979,0.0,0.4218634987709845,0.5781365012290155
68123277-f60c-49bf-a7ca-6c297e9d9e82,3930169,0,0.03403111919760704,0.0016106687992339678,2.4698179,13.979551315307617,14.106378929183071,1,0.0011122088180854917,0.45197078585624695,0.5469169616699219,0.0,0.3201301494299008,0.6798698505700992
9dea0ed7-a88e-4ff0-b853-7885228197d4,3930169,1,0.17700639367103577,0.2590740640584783,,10.151006698608398,10.491933910536465,-1,0.0019513641018420458,0.5720722079277039,0.42597639560699463,0.0,0.5663752564428481,0.43362474355715186
c387d5a8-c1ba-489a-9ef4-daef512af7f1,3930169,1,0.5019725561141968,0.6728710832665761,,15.791376113891602,11.693598451636962,-1,0.0018959110602736473,0.4438616931438446,0.5542424321174622,0.0,0.43527833828412155,0.5647216617158785
1f2678a8-37c7-4e93-a593-ede6f3a56275,3930169,1,0.9878011345863342,0.952309984275953,,15.059532165527344,11.89684555988658,-1,0.00046084215864539146,0.49700817465782166,0.5025310516357422,0.0,0.34938336719390506,0.6506166328060949
1132d918-5f67-40fe-b0d8-0a085351e076,3930169,0,0.03415738046169281,0.032145423434271146,2.0808651,12.532270431518555,10.182695045330462,1,0.00010468014806974679,0.6968242526054382,0.30307111144065857,0.0,0.6401725068533182,0.3598274931466818
fb02d113-b3ea-4b05-b401-4bc8255cff86,3930169,0,0.13684405386447906,0.3440341259132433,21.991135,13.729246139526367,11.753561128449542,2,0.0004350460949353874,0.3123220205307007,0.6872429251670837,0.0,0.305823541756998,0.694176458243002
7d799f9d-cbe4-4ed9-aadf-89d7be180af2,3930169,1,0.957521915435791,0.924931375051513,,14.573346138000488,12.803159775626716,-1,0.0003047410864382982,0.5275692939758301,0.47212597727775574,0.0,0.5107618496133788,0.48923815038662116
ceccdaa4-4e8e-4819-a4a8-1672d6ed4700,3930169,0,0.010798336006700993,0.0004434213031914302,9.330059,8.502487182617188,8.956088131036504,2,0.00012509537918958813,0.47526976466178894,0.5246052145957947,0.0,0.5799145994636289,0.4200854005363711
3e690917-7f79-43f9-988e-6fe4955bd0c9,3930170,1,0.9973756074905396,0.993688934453159,,25.19512367248535,15.182575039609354,-1,6.817754183430225e-05,0.5796448588371277,0.4202868938446045,0.0,0.6857885401720165,0.31421145982798354
6b8ac496-1b32-48c3-8d1c-752c16940f7a,3930170,0,0.43744006752967834,0.36121325312570246,6.8818603,16.418548583984375,14.449955131719205,1,0.0020182933658361435,0.3012509047985077,0.6967307925224304,0.0,0.35138594710155313,0.6486140528984469
04367b2b-88b9-434d-9f18-ac4438ffa7b5,3930170,0,0.2095521092414856,0.39842801503040104,12.124768,10.535624504089355,13.05249335259568,1,0.0014682384207844734,0.6413081884384155,0.35722360014915466,0.0,0.5009393591364255,0.4990606408635745
d4945513-768d-404d-92ab-1489fc2bf763,3930170,1,0.9967580437660217,0.996379822194449,,34.864471435546875,18.554894241145316,-1,5.3772120736539364e-05,0.3762786090373993,0.6236676573753357,0.0,0.7158245069772646,0.2841754930227354
5bc7423c-6956-4163-b326-b4ab31bef97c,3930170,0,0.008741669356822968,0.0023469393631460355,1.9646883,12.253844261169434,11.621951759762398,1,0.0005360072827897966,0.3872721791267395,0.6121918559074402,0.0,0.3550157858928439,0.6449842141071561
8f270e72-a87b-49bb-b801-3de71fcac02c,3930170,1,0.6425352096557617,0.5451099508369491,,16.778799057006836,13.668400327321736,-1,0.002829691395163536,0.4291355609893799,0.5680347084999084,0.0,0.4704193139211411,0.5295806860788589
4ff04f14-f90d-452e-988d-2df16a891e26,3930170,0,0.011557414196431637,0.0003838344997057443,11.177209,11.05361270904541,10.554419837144588,1,0.00011498574167490005,0.21128368377685547,0.7886013388633728,0.0,0.21371341698879265,0.7862865830112074
262bcb04-2ed6-4883-b23c-6867770c00b1,3930170,0,0.01984681561589241,0.007990658336765679,2.8071337,14.011570930480957,10.898345654373237,2,0.00023737968876957893,0.42333629727363586,0.5764263272285461,0.0,0.5886328113164594,0.4113671886835406
77d30f36-e233-4f9e-891f-c5a3a605c95f,3930170,1,0.3002176582813263,0.2744250799312344,,14.755834579467773,14.981205135740895,-1,0.002555623184889555,0.35908544063568115,0.6383589506149292,0.0,0.37948040735540534,0.6205195926445947
4c1a16fb-5a87-4fde-8fd6-832781de4c3c,3930170,1,0.8591870069503784,0.8840194483052481,,19.80084991455078,18.081069566045155,-1,0.0018233363516628742,0.4988442063331604,0.4993324875831604,0.0,0.5216465098572357,0.4783534901427643
ba1f7f42-bf14-4591-b82e-f952edeefffa,3930170,0,0.4513225555419922,0.4831655975452968,19.773214,25.37916374206543,12.50037067658931,1,0.00014013482723385096,0.2662465274333954,0.7336133122444153,0.0,0.37228140620493044,0.6277185937950696
1642d00f-865f-47dc-9af5-a4f47bc2ea64,3930170,0,0.020854925736784935,0.024696070611963113,9.580188,11.68853759765625,9.767698409794543,1,0.0004240444686729461,0.3285454213619232,0.671030580997467,0.0,0.4562803397990749,0.5437196602009251
b8b82317-260e-4be8-8ab8-a972464b6acd,3930170,1,0.9883809089660645,0.912040472273045,,22.23384666442871,15.136016660862428,-1,0.00027633077115751803,0.36185023188591003,0.6378734707832336,0.0,0.4508762062186812,0.5491237937813188
eaeedccf-d76d-4f9c-bad7-bd62f1791b4b,3930170,0,0.11157642304897308,0.00132312793696647,12.539936,11.36272144317627,15.894592015727547,1,0.0015373716596513987,0.41093364357948303,0.5875290036201477,0.0,0.33255697620571123,0.6674430237942888
946e55f6-a00d-4008-bf02-0249625377c2,3930170,0,0.025742238387465477,0.003323343005442932,20.909328,15.633508682250977,14.190061376389087,2,0.000862920074723661,0.3890905976295471,0.6100465059280396,0.0,0.2516953371443509,0.7483046628556491
dbe23dc4-a3c9-4243-bb2f-92b83e9daf8f,3930170,1,0.04696236550807953,0.026952734479967256,,12.620160102844238,11.174009025558403,-1,0.0003184006200172007,0.2892966866493225,0.7103849053382874,0.0,0.31382144520377797,0.686178554796222
abffd5cd-01d5-408d-8445-43a6f61de52b,3930170,0,0.1394335776567459,0.0647979078649042,7.808969,10.052573204040527,9.789539511667112,2,0.0008744475780986249,0.4204372763633728,0.5786883234977722,0.0,0.4171546188489098,0.5828453811510902
c1b3841e-1a70-4ea9-b7db-b92210d5f315,3930170,0,0.015124284662306309,0.009073268493529164,17.83704,9.350570678710938,11.360141671472611,2,0.00048211062676273286,0.4169381260871887,0.5825797915458679,0.0,0.47341996148495824,0.5265800385150418
0907e9dd-ab45-4f59-bf2a-2cf33ad11640,3930170,1,0.9653019309043884,0.834224114483219,,18.062952041625977,12.00166560388342,-1,0.00073493696982041,0.38519951701164246,0.6140655279159546,0.0,0.39590365102200487,0.6040963489779951
457427ae-416f-480f-8e97-50ae33d8a2f3,3930171,0,0.2645164430141449,0.3481975300555953,29.07456,9.879833221435547,12.177847006386644,2,0.00113560794852674,0.27740752696990967,0.7214568853378296,0.0,0.3726659826267764,0.6273340173732236
a99e7388-7db2-415d-afd4-e8e8cea51a3d,3930171,0,0.011811473406851292,0.0020097758467978767,15.663013,16.619611740112305,14.218362864263158,2,2.7654239602270536e-05,0.4006213843822479,0.5993510484695435,0.0,0.24907646766160074,0.7509235323383993
7c6e2343-53b4-420a-8ffc-48e11ce52e70,3930171,1,0.7404574155807495,0.913187267995536,,11.366055488586426,11.842626641846952,-1,0.0006862368318252265,0.5681678056716919,0.43114596605300903,0.0,0.5469730387029954,0.4530269612970046
a7eec006-1a16-4a5c-b403-0da5f92557bb,3930171,0,0.009152253158390522,0.002409665844543584,8.448076,16.087194442749023,15.706001138763046,2,8.356094622286037e-05,0.45374271273612976,0.5461737513542175,0.0,0.2722679998784715,0.7277320001215285
772f38ab-e216-4af5-a115-4cc26a9a5c69,3930171,1,0.9791246056556702,0.9870457739039354,,16.19893455505371,15.18357865988235,-1,0.000300463754683733,0.5368135571479797,0.4628860652446747,0.0,0.2624128268707817,0.7375871731292183
8c71814c-7477-4a14-b50d-0bdf5621c9d8,3930171,0,0.06473764032125473,0.14154933856540008,30.896763,13.966996192932129,15.14636019027111,1,0.0009306788560934365,0.49552714824676514,0.5035421848297119,0.0,0.3561077053726961,0.6438922946273039
3ad633ce-517e-42de-83c1-062dad9e5b41,3930171,0,0.09065856784582138,0.10929563159069115,22.029072,17.521251678466797,13.828133300293045,2,0.0016917396569624543,0.4111432731151581,0.5871649384498596,0.0,0.45794336253545476,0.5420566374645452
4cd9c320-a8cf-4fc8-8d78-487a6d6e3bcc,3930171,0,0.02569047175347805,0.002397081697285587,1.5652475,12.157074928283691,13.422902173915464,1,0.00028175770421512425,0.3524462878704071,0.6472719311714172,0.0,0.5635493971068473,0.43645060289315274
235e76da-7877-42cb-af27-7246ef88941e,3930171,0,0.005079308990389109,0.0018346402150062019,1.7,14.802216529846191,15.237488892353067,2,4.482674557948485e-05,0.32757699489593506,0.6723781824111938,0.0,0.3677014730750747,0.6322985269249253
753440de-44f3-4565-b026-7cf475ab7151,3930171,0,0.006239739246666431,0.0038786900105703703,8.769264,15.034368515014648,14.136727087137809,2,7.08178777131252e-05,0.4521239399909973,0.5478053092956543,0.0,0.42040396945558156,0.5795960305444184
b6d1574b-670a-49b8-be6b-8a4cc0cf8da6,3930171,0,0.018104568123817444,0.008919014035744206,20.695894,14.807164192199707,15.207202266053876,1,0.00012912058446090668,0.5668104290962219,0.43306052684783936,0.0,0.5580189667885964,0.44198103321140353
9765d99e-b496-4087-9496-07c405bdebad,3930171,0,0.06032845005393028,0.019468069167926167,1.8439089,9.825297355651855,9.970207433264266,1,0.0007138583459891379,0.4242151975631714,0.5750709176063538,0.0,0.5191724085486193,0.4808275914513806
742a5e95-2224-49a0-85d9-2240949ac135,3930171,0,0.008880054578185081,0.003097478414685558,34.0,14.836137771606445,13.865122755325778,2,9.236839832738042e-05,0.46924731135368347,0.5306603908538818,0.0,0.38669390149044935,0.6133060985095506
cbcff34d-c133-44f6-9d7a-bfa299cb9000,3930171,0,0.4956190884113312,0.7788510165015976,6.4884515,9.599227905273438,15.664825653704746,1,0.0020443983376026154,0.43792474269866943,0.5600308775901794,0.0,0.4297874967357882,0.5702125032642118
a0cee522-2323-4812-8e8f-39d9cbb506b1,3930172,0,0.02109609916806221,0.010521440286776176,3.0364454,13.926371574401855,11.688172606792108,1,0.000652371789328754,0.3847040832042694,0.6146435141563416,0.0,0.48463349978233616,0.5153665002176638
d521671a-b933-4431-82b1-1b5ed53b5b95,3930172,0,0.02448047325015068,0.0049568351468689195,29.297098,16.660785675048828,13.448969221625322,2,0.0003957334556616843,0.38481131196022034,0.6147930026054382,0.0,0.4038134323899567,0.5961865676100433
dafc5a87-6787-4a4c-a08f-358aeda4284f,3930172,0,0.38398897647857666,0.3622084017960028,21.251352,16.11656379699707,15.969895642268934,1,0.0034780586138367653,0.38271990418434143,0.6138020753860474,0.0,0.2625540183847549,0.7374459816152451
c8bd3fd7-656f-4baf-96d0-d44a76903448,3930172,0,0.3849821090698242,0.5814264327370768,12.226201,16.78944969177246,13.83618265723274,1,0.0027606748044490814,0.2398865520954132,0.7573528289794922,0.0,0.21353470268320218,0.7864652973167978
c73e60c7-bdfc-47f2-8721-f14041cf6054,3930172,1,0.850203812122345,0.7907489208603179,,15.187986373901367,11.64928531002156,-1,0.001098677865229547,0.40161430835723877,0.5972869992256165,0.0,0.5717258886996694,0.42827411130033055
eaa0db43-8e7f-42ad-b9ea-bd8c8fa99153,3930172,1,0.7948099970817566,0.7258685479390097,,10.727633476257324,9.905096164649605,-1,0.0015997173031792045,0.4249846637248993,0.5734156966209412,0.0,0.5005705372918078,0.4994294627081922
5e9d35bc-2f5a-4f5f-bca7-74b234f5a8e1,3930173,1,0.9972531199455261,0.9960154944195404,,28.135066986083984,15.561184430339775,-1,0.0001058190391631797,0.4641200602054596,0.5357741117477417,0.0,0.8626672474665782,0.13733275253342184
41780cf9-526d-4402-ba62-c975b0dffec3,3930173,0,0.14798367023468018,0.22693378849600992,7.7103825,9.962315559387207,11.65139736043499,2,0.0019388818182051182,0.409380167722702,0.5886810421943665,0.0,0.3192645903723861,0.6807354096276139
c0733ac0-bf5e-4fd5-93e0-4b3c451e16ff,3930174,0,0.24962255358695984,0.2081792992253359,10.602358,9.794184684753418,11.914541565057965,1,0.002193266758695245,0.39762288331985474,0.60018390417099,0.0,0.34724150432092693,0.6527584956790731
1e4328ec-177f-4a4d-89b6-ff35e4fd490a,3930174,0,0.04814966395497322,0.05368054886051712,8.509406,9.860849380493164,11.137062532956795,1,0.00034734123619273305,0.30137839913368225,0.6982742547988892,0.0,0.44311205571310863,0.5568879442868914
df94c10b-325b-4679-96bd-bb96f12336af,3930174,1,0.45972055196762085,0.6554008215759167,,15.384553909301758,14.655543625384821,-1,0.005803895648568869,0.3697240352630615,0.6244720220565796,0.0,0.3411934188437945,0.6588065811562055
b3da2122-672d-4984-8aec-f799a89bd36d,3930174,0,0.012267398647964,0.007700626068770631,11.709825,10.343194007873535,11.184424750932871,1,0.00031676198705099523,0.4503982663154602,0.5492849349975586,0.0,0.521601526030701,0.47839847396929897
c01cf4bd-7f8b-43e6-a79f-a9903a366396,3930175,1,0.9940440058708191,0.9968714697200671,,34.12131881713867,15.973993745420078,-1,6.508593651233241e-05,0.3609505295753479,0.6389844417572021,0.0,0.422907618437539,0.577092381562461
389fa4f7-ad86-4113-9557-db4a35649473,3930175,0,0.010443701408803463,0.0011273488488866483,14.738385,15.85041618347168,12.80545871829093,2,0.00021608706447295845,0.4999755620956421,0.49980828166007996,0.0,0.4737198259968911,0.5262801740031089
66591df6-6599-4d36-a580-da43543210e5,3930175,0,0.6845261454582214,0.6845397593583501,11.5,16.249462127685547,14.205771897999801,1,0.0033197959419339895,0.3734527826309204,0.6232274770736694,0.0,0.38039522635443934,0.6196047736455607
10c9ef00-4963-4c47-8189-52a99f432823,3930175,0,0.3786643147468567,0.40933983903145704,16.75858,16.75244903564453,13.810064638065802,2,0.0012903058668598533,0.2686498761177063,0.7300598621368408,0.0,0.5074802706993933,0.49251972930060667
2c1f29c6-ffdc-46f9-ae74-c0ac383d401f,3930175,0,0.44489070773124695,0.3028027531698852,14.948579,19.153066635131836,16.674277832482183,2,0.0011252722470089793,0.24499031901359558,0.7538844347000122,0.0,0.31501911700193386,0.6849808829980661
908c84b4-06ad-45a3-9a71-dce14aefc226,3930175,0,0.009081470780074596,0.0025878048090843975,9.0824,12.41848087310791,12.625053772564208,2,0.0004643865686375648,0.34904226660728455,0.6504933834075928,0.0,0.30488483308308656,0.6951151669169134
d56a9a8d-0f68-4d74-b158-2b7a29cd916b,3930175,0,0.02002870850265026,0.007667837618288768,6.928925,12.038921356201172,13.746988444073697,2,0.0005875480710528791,0.44434046745300293,0.5550719499588013,0.0,0.4959997570170701,0.5040002429829299
ccb81f31-bad6-407b-8db5-29f136df7871,3930175,0,0.5429697036743164,0.7103283634716443,23.653542,9.92263412475586,15.032520732728049,2,0.003486830508336425,0.6857208609580994,0.31079229712486267,0.0,0.3635294292072513,0.6364705707927487
fc1f591a-5d92-4e1f-a593-97a1310c2a1d,3930175,0,0.009489930234849453,0.0049816762413855955,33.500446,12.078773498535156,10.617821723045367,2,0.00027361774118617177,0.34144511818885803,0.6582812070846558,0.0,0.43875860962425706,0.5612413903757429
6e2be166-e146-4155-b763-861a7f5efd8b,3930175,0,0.0337759330868721,0.0020747985374134125,31.947613,11.167985916137695,12.480147153547122,1,0.0008960954146459699,0.39637628197669983,0.6027275919914246,0.0,0.4790729970031308,0.5209270029968692
fe8759fe-c7ce-41df-8fc9-e2900170e99e,3930175,0,0.33114054799079895,0.4526304763577411,11.447707,19.12518882751465,15.937002946803585,2,0.0029202678706496954,0.3425685167312622,0.6545111536979675,0.0,0.3603788421105,0.6396211578895
126cee5c-efa6-48ab-93e0-9193769548e0,3930175,0,0.017041649669408798,0.008449085333030413,18.214828,14.058687210083008,12.091299331868866,2,0.00034102521021850407,0.34335824847221375,0.6563007235527039,0.0,0.39007866975967664,0.6099213302403234
1749e604-4e2a-47ee-941c-eaa0d820dd4f,3930175,0,0.0030020284466445446,0.0008040099455787351,8.7045965,12.19565486907959,11.72136830710639,1,0.00012046841584378853,0.40655478835105896,0.5933247208595276,0.0,0.35334031919519704,0.646659680804803
36510ba3-45ed-4b03-80a2-3a907707320f,3930175,0,0.8429142832756042,0.6474365006800672,16.74306,19.954774856567383,20.706278281654058,2,0.0014810869470238686,0.3639342486858368,0.6345846652984619,0.0,0.2931997089106084,0.7068002910893916
8dc4c8d3-ab27-4bc9-807f-043174a7b3d3,3930176,0,0.0065981741063296795,0.003942896311295089,13.078226,10.327957153320312,7.089180662114423,2,0.00014660968736279756,0.42314672470092773,0.5767066478729248,0.0,0.3669072527168781,0.6330927472831219
4705d18a-0900-4c5a-987e-1e1d2f14cbdd,3930176,0,0.1401529312133789,0.09334663790439401,8.884255,12.46667766571045,11.530637791589154,2,0.0009520288440398872,0.23150774836540222,0.7675402164459229,0.0,0.263147942140213,0.736852057859787
32ffd2a3-9e4c-491b-bc86-1ecd6b1bff3b,3930176,1,0.9971848130226135,0.9983002754588688,,12.77178955078125,12.180356694876314,-1,0.00013302570732776076,0.770258903503418,0.22960802912712097,0.0,0.8459066320156936,0.15409336798430642
2468322e-87ba-4e72-b376-ed0f60aa093a,3930176,1,0.9979792237281799,0.9979996163215916,,16.79584312438965,12.624893726212255,-1,5.827294080518186e-05,0.6543885469436646,0.3455531597137451,0.0,0.2766293489359336,0.7233706510640664
7d066596-0c6e-4568-9d41-2bf677f06fdb,3930176,0,0.008496451191604137,0.0017559359431851577,3.4,7.650396347045898,7.940743875414455,2,4.1833984141703695e-05,0.32207974791526794,0.6778784394264221,0.0,0.38392400968604934,0.6160759903139507
c8d9b234-590b-420d-b5fd-a689ebfc69a2,3930176,1,0.9980564117431641,0.9972921815586483,,12.347452163696289,13.460733473747986,-1,9.130166290560737e-05,0.7569095492362976,0.24299919605255127,0.0,0.8604028242376395,0.13959717576236055
70b01463-9e1c-4d8c-ae15-15335ff4f587,3930176,1,0.9656047224998474,0.9392973435411488,,14.702144622802734,14.74000230286321,-1,0.0009383814176544547,0.4962771534919739,0.5027845501899719,0.0,0.39898702232278604,0.601012977677214
8c1253a6-80a7-4168-8584-1598d4d5e716,3930177,0,0.03225068002939224,0.017686760468466373,11.452948,10.231315612792969,9.515462316483879,1,0.0009356530499644578,0.5051462054252625,0.49391815066337585,0.0,0.48482717661012475,0.5151728233898752
01776784-eb37-4d6a-9cd3-cc6d2c16558c,3930177,0,0.12740592658519745,0.09447222180461383,18.843832,12.67597484588623,10.795728271546354,2,0.0007882147911004722,0.2802049219608307,0.7190068364143372,0.0,0.368512728289226,0.631487271710774
5454f49c-a1d9-45a1-abfb-e7950c1b20c4,3930177,0,0.50983065366745,0.6339599142694599,17.224691,19.774869918823242,16.751676985292455,2,0.002925528446212411,0.37418311834335327,0.6228914260864258,0.0,0.3737187041971809,0.6262812958028191
ea6415cf-f515-4e1a-9ec8-6efbdd8eab0b,3930177,1,0.4358861446380615,0.335585731682943,,13.141120910644531,13.653985802913349,-1,0.003863627789542079,0.4407588243484497,0.5553774833679199,0.0,0.4826793992209044,0.5173206007790956
8eeb815c-7562-4a29-ba58-459e432b5dff,3930177,0,0.010533429682254791,0.005388433018432544,15.5794735,12.216290473937988,10.941928731720086,2,0.00027823331765830517,0.405732661485672,0.5939891338348389,0.0,0.3936644812055762,0.6063355187944238
8265f9cf-9488-4834-9a69-d727720ac555,3930177,1,0.9986044764518738,0.9983350934590438,,12.448180198669434,13.806780100826593,-1,5.640855306410231e-05,0.7567118406295776,0.24323180317878723,0.0,0.43004478457261197,0.569955215427388
ec8728f0-e886-486a-9414-2365524caf6f,3930177,1,0.9891913533210754,0.9069505760722566,,15.1629638671875,15.347845772283819,-1,0.0003117906744591892,0.579017698764801,0.4206705391407013,0.0,0.5204851570635989,0.4795148429364012
a24d855a-d659-4d23-b67f-62ab68df187d,3930177,0,0.07046440243721008,0.000451571155908772,18.784037,10.930837631225586,15.19155146758257,1,0.001196792465634644,0.4395531415939331,0.5592500567436218,0.0,0.3785971396967929,0.6214028603032071
642f7a69-7970-4cf4-ba9a-353f2f1690f9,3930177,0,0.15008284151554108,0.05619383072364979,6.303174,9.720037460327148,9.670683088944788,2,0.0006625241367146373,0.32748523354530334,0.6718522310256958,0.0,0.26408097869487035,0.7359190213051297
6945677b-e993-4dcd-9bca-8d244976058b,3930177,0,0.2584247589111328,0.3837562441969675,28.793922,16.634220123291016,13.302642298778856,2,0.0019926405511796474,0.2664991617202759,0.7315082550048828,0.0,0.273720666532566,0.726279333467434
27e14dcc-847f-4faf-b490-863bbc3ce323,3930177,0,0.31974905729293823,0.319708564591556,24.972385,16.025001525878906,14.603582942293079,2,0.0013305740430951118,0.2084590494632721,0.7902103662490845,0.0,0.29124516742884377,0.7087548325711562
65f5ddb1-7255-4808-87a4-ef4b7055fbf0,3930177,1,0.5856372117996216,0.6342271300415785,,10.78215503692627,13.259218162022131,-1,0.0017029109876602888,0.45438843965530396,0.5439087152481079,0.0,0.3647690354234655,0.6352309645765345
7dcdc137-4129-4a62-bdb1-58f5c08a6c30,3930177,0,0.3532686233520508,0.28242233141159395,15.201316,14.540421485900879,16.685797309077337,2,0.004645754583179951,0.3640311062335968,0.6313230395317078,0.0,0.284380713524819,0.715619286475181
804dd0e9-57dc-40a2-8239-75d2afd15b4f,3930177,1,0.8281393647193909,0.812104463767691,,12.699481010437012,16.539364391944225,-1,0.0017663053004071116,0.4500633180141449,0.5481703877449036,0.0,0.24133170402285808,0.7586682959771419
df3c4f4a-96e3-4180-b031-c5917adc428a,3930177,0,0.37476015090942383,0.45536762200524916,21.790365,18.848878860473633,14.245582480278625,2,0.0026623178273439407,0.2658974230289459,0.7314403057098389,0.0,0.28814661102365025,0.7118533889763498
14175771-befd-4a26-8938-74dbb74895b2,3930177,1,0.9994733929634094,0.9959057539584509,,14.802641868591309,16.914148658778885,-1,1.1945092410314828e-05,0.739807665348053,0.2601804733276367,0.0,0.2635859593295359,0.7364140406704641
997ba92a-a94a-46a1-ae60-505a7ad9706f,3930177,0,0.011910430155694485,0.007747844742893474,4.080441,11.654799461364746,11.976116663153688,1,0.00018437411927152425,0.3719635307788849,0.6278520226478577,0.0,0.2993416254042499,0.7006583745957501
6186444a-1d7e-4012-9f79-5bb0121d0c3d,3930177,1,0.9989701509475708,0.9973125056979036,,11.632269859313965,12.989623882928907,-1,4.4741140300175175e-05,0.8117042779922485,0.18825103342533112,0.0,0.7912683639293798,0.20873163607062023
cb2aa55a-77f8-4c16-a39e-1dae5428f692,3930177,0,0.15167273581027985,0.35209619489995836,30.202648,11.806882858276367,15.38971347151531,1,0.0011973364744335413,0.4191005527973175,0.5797021389007568,0.0,0.40439156115447816,0.5956084388455218
8ff999e7-6a05-4952-84a8-00b1805e33ff,3930177,0,0.6728093028068542,0.7082512432524823,21.736835,10.61245346069336,13.287550533234867,2,0.0014571872306987643,0.43460482358932495,0.5639380812644958,0.0,0.307028661206199,0.692971338793801
105036a1-b722-4f17-9d9e-cb4829c50aa2,3930177,0,0.641579806804657,0.5141983623099515,9.38616,8.836752891540527,9.734538499218958,2,0.0004787846701219678,0.4391869604587555,0.5603342056274414,0.0,0.3922657542326907,0.6077342457673093
887b9a5f-527c-444d-a422-92c7689fde4a,3930177,1,0.20632681250572205,0.1596249494896769,,17.86414909362793,19.26866685028346,-1,0.000696416012942791,0.2169722616672516,0.7823313474655151,0.0,0.24049128286578625,0.7595087171342138
70c4dc0c-6a93-45f1-8c89-dd4df9b5c14b,3930178,0,0.009962971322238445,0.0045275581147207295,10.231324,13.580244064331055,12.641713302788219,2,8.516348316334188e-05,0.46922722458839417,0.5306876301765442,0.0,0.4203455625476965,0.5796544374523035
cfde01f3-3046-49fa-a544-7ee21d2ba5c9,3930178,1,0.1745942384004593,0.5146973091235764,,14.723599433898926,18.97673674774269,-1,0.0015328634763136506,0.4408687651157379,0.5575984716415405,0.0,0.5452259107583417,0.4547740892416583
dba76990-2cec-4d2e-bbf4-29c3cc363478,3930178,0,0.28632229566574097,0.2934779859162367,20.85977,16.04709243774414,14.860224586745865,2,0.0009896213887259364,0.2979148328304291,0.7010955214500427,0.0,0.38410222383426684,0.6158977761657332
5ea7958a-1912-4988-8aed-4e564dd5eea3,3930178,1,0.9945127964019775,0.9953736870944252,,18.1087703704834,16.762833734711762,-1,8.22162619442679e-05,0.6080637574195862,0.39185404777526855,0.0,0.7196755109672099,0.28032448903279
aca0bd30-478e-4454-a88c-e4769755bc4c,3930178,1,0.9890056848526001,0.9863647065142873,,14.338071823120117,12.03046723191174,-1,7.294236274901778e-05,0.5854905843734741,0.4144364893436432,0.0,0.46890644210539745,0.5310935578946026
f52799b6-8e68-4fab-a970-332b9564af2a,3930178,0,0.015932299196720123,0.004380917389115506,2.3345234,16.741037368774414,16.123442074842313,1,0.00016133430472109467,0.3176957666873932,0.682142972946167,0.0,0.3368855259977117,0.6631144740022883
366b03a3-3a59-48d1-82d3-8a617feb986d,3930178,0,0.00850511621683836,0.009502698052393765,3.255764,8.222567558288574,9.792051135757331,1,5.359682472771965e-05,0.468811959028244,0.5311344265937805,0.0,0.335786102278282,0.664213897721718
04c52bf7-d988-4898-9974-fdad96adb4fa,3930179,1,0.9707521200180054,0.9792823522859037,,11.887150764465332,12.037801422356097,-1,0.000686993938870728,0.6757705807685852,0.32354241609573364,0.0,0.8516812985753959,0.14831870142460407
4bcf25bd-e527-4608-9b22-52b06abc1d7a,3930179,1,0.9952072501182556,0.9971153386104163,,16.948747634887695,16.12372230478286,-1,0.00024670263519510627,0.5724447965621948,0.4273085296154022,0.0,0.6474449084186635,0.35255509158133647
dcd1f3eb-c529-4b20-96fc-f57c63aa0c12,3930179,1,0.9957922697067261,0.9947182223397945,,17.495834350585938,13.407823219011684,-1,0.00018212223949376494,0.5077860951423645,0.4920317232608795,0.0,0.6492876620948624,0.3507123379051376
6ce1d2ac-d85f-4d14-9243-60eb56625c5f,3930179,0,0.5880023837089539,0.6135943830241402,13.523683,10.693448066711426,11.276553280525478,1,0.0031399426516145468,0.6174138188362122,0.3794462978839874,0.0,0.6248752759467129,0.37512472405328706
cbb32a39-692a-4bda-8075-9dc3a280d95d,3930179,1,0.8815263509750366,0.9966676784322474,,15.562389373779297,13.198522474309364,-1,0.001560667296871543,0.6266316771507263,0.37180769443511963,0.0,0.7197328448215492,0.28026715517845086
e0e5cb63-95f4-4fa3-905f-bfa41fd45aa8,3930179,1,0.9920985698699951,0.970576592685274,,12.306794166564941,13.035529705470447,-1,0.0004137562063988298,0.6056881546974182,0.393898069858551,0.0,0.4424942801040458,0.5575057198959542
3067933f-ed28-4542-a675-8602c1f4fceb,3930179,0,0.01662702113389969,0.0064794389694426404,24.300205,8.503663063049316,9.624810352045863,2,0.00017195518012158573,0.5019057989120483,0.4979221522808075,0.0,0.3834832902148825,0.6165167097851175
a4530695-00fe-4427-a809-4cbddc6b4d2b,3930180,0,0.042136672884225845,0.027025154961146776,11.926861,8.979438781738281,11.942013982689682,2,0.00044676734250970185,0.4952983260154724,0.5042548179626465,0.0,0.5438028818226959,0.45619711817730413
6c22252f-f8d7-4781-9711-a11835585a14,3930180,0,0.2330113798379898,0.4426666287313982,17.172361,9.076444625854492,10.52304811697239,2,0.0013149374863132834,0.4260624051094055,0.5726227164268494,0.0,0.42457796457312014,0.5754220354268799
968ba808-7de3-45bb-899e-e84831a94c56,3930180,0,0.1263905167579651,0.2542096738276751,17.145262,11.298831939697266,10.208649283998707,2,0.0038392371498048306,0.43212729692459106,0.564033567905426,0.0,0.5363238970021849,0.4636761029978152
d038009e-c37c-483f-90f4-c534ecc4c2cd,3930180,0,0.020936913788318634,0.004921936101904907,18.369812,16.390172958374023,15.937703595063393,2,0.000114023860078305,0.4036710560321808,0.5962149500846863,0.0,0.378872577263786,0.621127422736214
83f0f86c-1128-4ce5-bb12-9c1f3a93ea42,3930180,0,0.4760579764842987,0.5553063239238514,13.984634,12.140231132507324,11.396565199345755,1,0.0022246097214519978,0.36395689845085144,0.633818507194519,0.0,0.3140421299424353,0.6859578700575647
56205f98-3ea5-4a53-8fc4-39a49d6a0e75,3930180,0,0.07634802907705307,0.19388195606577824,17.334936,12.371177673339844,11.473795880378844,2,0.0006482595927082002,0.34158802032470703,0.6577637195587158,0.0,0.2860945163137174,0.7139054836862826
171ba71c-b61b-4b37-b390-be4dc3ece88e,3930180,0,0.2809147834777832,0.3871339727786884,14.094325,18.15614128112793,17.91848568583148,2,0.003911964595317841,0.40496304631233215,0.591124951839447,0.0,0.44056666780363285,0.5594333321963672
75c79e44-4611-4ad1-a5f2-4178563e22ab,3930180,0,0.048479702323675156,0.12063010683918801,9.4371605,10.39768123626709,9.803795151304664,1,0.0008178298594430089,0.33455175161361694,0.6646304726600647,0.0,0.27808501830948806,0.7219149816905119
0e95a886-57aa-45d7-89e4-d7ae0da33a16,3930180,0,0.009865797124803066,0.00404266671589816,11.761377,8.515388488769531,7.98264660101175,1,0.00013890108675695956,0.351197212934494,0.6486638784408569,0.0,0.4256087858872747,0.5743912141127253
b6406253-fddf-43a7-b55e-282db6156490,3930180,0,0.002497756388038397,0.0005205076213774125,3.733631,13.35229206085205,12.04372005714069,1,1.0223889148619492e-05,0.24650786817073822,0.7534818649291992,0.0,0.2563909305341602,0.7436090694658398
4514546e-6724-457b-8ec8-6aa8425787fc,3930180,0,0.03795481473207474,0.010777615323275471,34.125942,9.636096000671387,8.417055625916861,2,0.00034346134634688497,0.3942685127258301,0.6053879857063293,0.0,0.38040715811359127,0.6195928418864087
6075af66-b44e-45b7-b3bf-008108eb3290,3930180,0,0.0019112853333353996,0.00024076085903841762,5.60803,8.14417552947998,6.878452562736554,1,1.8513554095989093e-05,0.3349071443080902,0.665074348449707,0.0,0.40626930108051673,0.5937306989194833
14a591f4-ca4f-4110-868f-1095642aa4c1,3930181,0,0.10500166565179825,0.08752583725482262,16.601807,12.341073036193848,11.731154751701173,2,0.00026558153331279755,0.32082632184028625,0.678908109664917,0.0,0.23127014382325062,0.7687298561767494
2b594c80-ccd8-4da7-9fdf-4c6e89c99b80,3930181,0,0.006910163909196854,0.004457052993566091,8.364807,7.707193374633789,8.608672018534874,2,7.578518852824345e-05,0.5028547048568726,0.4970695674419403,0.0,0.23870736620697275,0.7612926337930273
2014dc71-cc03-432c-89f7-97bfb591db2d,3930181,0,0.013055655173957348,0.006859313636954072,2.8442926,9.407437324523926,9.233395192889336,2,0.0002201097086071968,0.428139865398407,0.5716400742530823,0.0,0.4560875072640751,0.5439124927359249
068eb0a7-4586-468e-9787-44f2973f60f6,3930181,0,0.005619207862764597,0.0010564232710776873,7.180529,11.490315437316895,12.265634825079006,1,0.00016279754345305264,0.3726239800453186,0.6272132396697998,0.0,0.3628193345836652,0.6371806654163348
b42e14c6-a51b-4092-8c2c-d3f824e6668e,3930181,0,0.003589771455153823,0.0010662411764034237,13.572398,9.535496711730957,9.820439333979664,2,8.78227801877074e-05,0.45393985509872437,0.5459722876548767,0.0,0.4673358440362835,0.5326641559637165
a1048239-2255-4a3c-84a8-68a71578c21a,3930181,0,0.009702138602733612,0.010325363157356953,9.343447,7.350768089294434,8.35461894638937,2,0.00014391896547749639,0.399748295545578,0.6001077890396118,0.0,0.16597207117500923,0.8340279288249908
a289e616-b856-4209-bcd0-57b1cbbc2dcc,3930181,0,0.14468078315258026,0.1715157132140006,12.280066,9.353890419006348,11.736074801758619,2,0.0019161574309691787,0.513253927230835,0.4848298728466034,0.0,0.4360852921592482,0.5639147078407518
7b9a1c4b-f9bc-44b4-b5cd-ef26327fb9c7,3930181,1,0.9981459379196167,0.9962685990084762,,17.971906661987305,17.176797741695445,-1,0.00013640204269904643,0.5484417676925659,0.4514217674732208,0.0,0.6036396103219781,0.3963603896780219
5d6d3f3c-202f-41ff-8715-1500d46bc915,3930182,0,0.0211217999458313,0.029449994218290587,1.2,12.408401489257812,12.196679187360383,1,0.00031433338881470263,0.3409637212753296,0.658721923828125,0.0,0.4679112509126636,0.5320887490873364
2a7dae40-3e14-4817-9a94-9126522f93d4,3930182,1,0.6971229910850525,0.62709691971041,,12.438820838928223,10.93260270286469,-1,0.0006334084901027381,0.38882163166999817,0.6105449795722961,0.0,0.2493125608159521,0.7506874391840479
db4612df-17ce-46bf-bf65-99c4cf877d4c,3930182,1,0.9819549918174744,0.958078883928841,,9.90332317352295,11.110746457077777,-1,0.0002624619228299707,0.7532325387001038,0.246505007147789,0.0,0.7778107591665214,0.22218924083347855
1a6d820f-3abc-44e4-8cd7-01088c5dbec1,3930182,0,0.0057878997176885605,0.005073333336488082,12.80039,11.503470420837402,10.027475463220297,1,0.00011631530651357025,0.4664272665977478,0.5334564447402954,0.0,0.5397152639296448,0.46028473607035525
79cbea0e-d5e2-4c9c-a793-df1412463baf,3930182,1,0.3995547890663147,0.37714971814817627,,13.039081573486328,12.751330705520905,-1,0.0015458541456609964,0.30315300822257996,0.6953011155128479,0.0,0.28991234678211897,0.710087653217881
c3e2bb89-961b-4393-9cb7-10aa1bedaa5d,3930182,0,0.21807506680488586,0.20384943424781723,19.969978,13.288176536560059,11.769578827558941,2,0.0019614731427282095,0.3010680079460144,0.6969705820083618,0.0,0.28754664659306983,0.7124533534069302
6368dcb8-703d-4a75-89f3-c072e42937a3,3930182,0,0.4871159493923187,0.5883839698805546,16.530275,13.823209762573242,13.655316602399411,1,0.001110813464038074,0.2811901271343231,0.7176990509033203,0.0,0.32406020061272933,0.6759397993872707
2ae38e33-1c73-4c2e-a929-02b723d549c2,3930182,0,0.413802832365036,0.42374371330097643,6.264982,10.096053123474121,11.20025135230656,1,0.0010401130421087146,0.40005579590797424,0.5989040732383728,0.0,0.499688235423686,0.500311764576314
1c96b753-f462-4522-871c-ab9720dce173,3930182,1,0.2294606864452362,0.26387122767156895,,12.144012451171875,11.690949193354195,-1,0.0007109635043889284,0.2258293628692627,0.7734596729278564,0.0,0.2812692777102833,0.7187307222897167
9d9ba429-fd22-4a09-b09b-c97009ad1e58,3930182,0,0.09465698152780533,0.08738156043999083,8.335466,19.1500244140625,12.019472916949768,1,0.0005175357218831778,0.26598161458969116,0.7335008978843689,0.0,0.29108313750602544,0.7089168624939746
9227cb32-0edc-4384-a819-7c55542dd557,3930182,0,0.27484631538391113,0.15140102854973073,7.7929454,9.55046272277832,10.474172110789336,1,0.0007697612163610756,0.31370899081230164,0.6855212450027466,0.0,0.2797308210614079,0.7202691789385921
0b9010d7-e80f-4f7d-b045-3d8b96d3cb63,3930182,0,0.007583576254546642,0.0014170276622871272,2.2203603,8.370848655700684,9.623825471949253,1,0.00017868132272269577,0.47018757462501526,0.5296337604522705,0.0,0.4043965161727492,0.5956034838272508
4f3daea1-49f0-4901-ac83-72e2a91eece0,3930182,1,0.9986298084259033,0.9981499952434844,,16.684959411621094,12.283469647660548,-1,3.424420356168412e-05,0.6645646691322327,0.33540108799934387,0.0,0.24532312263795086,0.7546768773620491
aaa34627-3b91-40cf-9132-df53ecbe61bf,3930182,0,0.022644275799393654,0.03122671158201358,13.008075,9.993404388427734,14.628458874543462,1,0.00015470350626856089,0.4368252158164978,0.5630201101303101,0.0,0.5341805126839311,0.4658194873160689
24562d42-35cf-4284-92c8-192031e033cd,3930182,0,0.006759005598723888,0.008961623890087516,14.182384,12.583907127380371,13.867927757662743,2,0.0001664947485551238,0.40358972549438477,0.5962437987327576,0.0,0.4668696189395609,0.5331303810604391
1af4302f-3584-42c4-8872-49957a52489b,3930182,1,0.49763911962509155,0.5609480042403477,,18.12416648864746,16.719720434915786,-1,0.006895957048982382,0.40936124324798584,0.5837427973747253,0.0,0.37656322264891107,0.6234367773510889
6e328145-1cff-4464-aa9f-e8eb1155d316,3930183,0,0.0058796582743525505,0.008567802465411688,20.953758,10.090703010559082,9.572899893656029,1,0.00014390282740350813,0.42078113555908203,0.5790749192237854,0.0,0.5512536566245271,0.4487463433754729
e6360505-9efa-4b4c-a9df-a3f1b55aa66a,3930183,0,0.01668672263622284,0.009718301994137092,24.596138,10.30527114868164,10.82315696996805,1,0.0005231748800724745,0.4746262729167938,0.5248505473136902,0.0,0.4206741970208864,0.5793258029791136
6906bb52-353f-4f53-b8b3-083e77c91008,3930183,0,0.004780975170433521,0.0004658729243447583,6.1,11.691163063049316,12.086561535317916,1,0.00013734193635173142,0.4040902554988861,0.5957723259925842,0.0,0.3101836354705211,0.6898163645294789
92cbeb5c-4360-453c-8b6c-13b9ba92c6ea,3930183,0,0.9367273449897766,0.9931020948878361,19.13792,14.257863998413086,13.7133726814075,1,0.0025304718874394894,0.5472813844680786,0.4501881003379822,0.0,0.46584503136695654,0.5341549686330435
d1f47da2-1684-469b-b39d-ed94fcfc672d,3930183,0,0.031072130426764488,0.06339707959625078,1.5,9.923256874084473,8.39873752403778,2,0.0002987556508742273,0.2679566442966461,0.7317445874214172,0.0,0.2568988310117414,0.7431011689882586
03c17eae-893e-4a80-a3c4-3b3ceacc59ec,3930183,0,0.16029022634029388,0.07345691052283886,16.658932,11.779830932617188,10.179341405345983,1,0.0015048324130475521,0.25916820764541626,0.7393268942832947,0.0,0.2901443040771644,0.7098556959228356
ef333fad-f901-4507-8454-6d0be7515c1d,3930183,0,0.004046945367008448,0.0009439222804031056,9.849365,8.700987815856934,9.649132009395982,2,0.0001369071687804535,0.47961360216140747,0.5202494859695435,0.0,0.34048585872447856,0.6595141412755214
89cf49d1-045b-4825-8459-18c34fbb212b,3930183,0,0.3754645586013794,0.3209984245131812,19.02761,12.93594741821289,11.351305107870434,2,0.0006954521522857249,0.2557124197483063,0.7435920834541321,0.0,0.2442509007248329,0.7557490992751671
cbf613c4-910d-4ba0-b3e6-4a0e39363d8a,3930183,0,0.007656927220523357,0.008822263165878214,15.29477,8.6453218460083,9.445689084953468,1,0.00014912291953805834,0.41756659746170044,0.5822843313217163,0.0,0.47245845496241357,0.5275415450375864
dbebd86f-455e-4f4d-b3ae-ab87d94bdaf2,3930183,0,0.5111663341522217,0.716950181320847,13.296617,17.991376876831055,17.263373057189003,2,0.005236994940787554,0.3168615996837616,0.6779014468193054,0.0,0.4010158306952474,0.5989841693047526
c15aa0e7-7274-4109-8c70-bdb93d336313,3930183,0,0.0036996486596763134,0.0022785881566937624,10.748954,10.412837982177734,11.785523189944557,1,6.429798668250442e-05,0.368294358253479,0.6316413879394531,0.0,0.2635463590856474,0.7364536409143526
426dd1a1-e917-40e1-9a38-783456e3c7c6,3930183,1,0.9980238676071167,0.9959469739057001,,12.317845344543457,12.853113254976039,-1,8.95122138899751e-05,0.7733336091041565,0.22657686471939087,0.0,0.7909017469407837,0.20909825305921628
13b5f011-2e56-4230-88dd-127b9a896bee,3930183,0,0.11801693588495255,0.04619318733732326,7.05762,11.254091262817383,11.668200948080733,2,0.0006745387217961252,0.21238283812999725,0.7869426012039185,0.0,0.1461647279883117,0.8538352720116883
0fccd748-d902-46c6-a17f-795fcc2227cf,3930183,0,0.2631464898586273,0.2614202686818282,12.226201,16.920406341552734,14.950735551562785,2,0.0024179734755307436,0.23042531311511993,0.767156720161438,0.0,0.33711169853373624,0.6628883014662638
68fe7fdd-93d2-4b6e-8a7e-8c5ec2c0b43b,3930184,0,0.016060063615441322,0.0059012799176347865,26.057821,12.723129272460938,10.8819335948534,2,0.00020200322614982724,0.3149263262748718,0.6848716735839844,0.0,0.28831447737565374,0.7116855226243463
a78fbaae-ab9f-4c29-850a-eb20f1162f41,3930184,1,0.9992324113845825,0.9983330260072076,,14.18293285369873,16.75555649463354,-1,2.0832474547205493e-05,0.7353550791740417,0.26462405920028687,0.0,0.8407225397472444,0.15927746025275563
45944de7-3fcb-4a65-88a9-4d5c9a84ceb3,3930184,1,0.998174786567688,0.997531766306882,,13.072945594787598,10.015944221969978,-1,4.5458280510501936e-05,0.7006596326828003,0.29929500818252563,0.0,0.7512050022097418,0.24879499779025818
7ce8baa0-4425-4be5-9e71-c25b6db24c20,3930184,0,0.7251157164573669,0.7809961484807355,25.412596,14.922050476074219,13.087955366336853,2,0.0033804867416620255,0.3870410919189453,0.6095784306526184,0.0,0.2933824421092144,0.7066175578907856
35763cb9-d4df-4df1-b855-0f42bef1fb26,3930184,0,0.7356996536254883,0.6953189973345477,9.712363,15.774517059326172,14.11881186192258,1,0.0009568720706738532,0.3086758553981781,0.6903672814369202,0.0,0.2712341522705377,0.7287658477294623
a3a95d08-3b2f-4288-b588-b24b31b2882d,3930184,0,0.0069093164056539536,0.0013878876695541582,11.1400175,9.790315628051758,11.07663291424931,2,0.00012749044981319457,0.3736334443092346,0.626239001750946,0.0,0.3480377435781432,0.6519622564218568
03f67930-7709-419b-88fc-63da9e3b73e3,3930184,0,0.004148085135966539,0.0010961440992331701,6.926038,15.462032318115234,13.11001492047503,2,6.953879346838221e-05,0.3412407338619232,0.6586897969245911,0.0,0.3207641232952164,0.6792358767047836
5852a17f-e8b9-4c76-9ac7-905e2b667a5d,3930184,1,0.9966320395469666,0.9962826189339693,,13.004594802856445,12.80281085865985,-1,0.00012293399777263403,0.7272160649299622,0.272661030292511,0.0,0.33407024098829097,0.665929759011709
f3477107-61e7-4471-9ceb-feee140f7f94,3930184,0,0.06589886546134949,0.0008378462456319129,1.811077,11.086516380310059,11.687135350146464,1,0.0013660936383530498,0.4600808918476105,0.5385530591011047,0.0,0.35442836044769077,0.6455716395523092
40216536-0378-40c7-9bfa-dd977d4c81b3,3930184,0,0.0231451615691185,0.009930080556507079,11.915116,11.36276626586914,11.870804710914054,2,0.00029730729875154793,0.38539499044418335,0.6143076419830322,0.0,0.5509080107826324,0.4490919892173676
94e1481d-7a4f-4cde-a07c-830e13dc2dc2,3930184,1,0.9820399880409241,0.9528852582190362,,15.712654113769531,14.121789895198242,-1,0.0006943137850612402,0.577080249786377,0.42222535610198975,0.0,0.473196385821669,0.526803614178331
bb801a48-4522-44c4-b8b5-e850799d1eb6,3938637,0,0.4988177418708801,0.7924498995534398,18.216751,13.2001953125,14.692720303343487,2,0.0030947814229875803,0.2672711908817291,0.7296339869499207,0.0,0.3997037359577046,0.6002962640422954
13fe08aa-78b5-4fa9-8a11-ef6bb7cd048a,3938637,1,0.9973849654197693,0.9954613607614569,,19.755517959594727,14.633313495005046,-1,2.1731053493567742e-05,0.6695437431335449,0.33043453097343445,0.0,0.6034396439336729,0.39656035606632706
48d2c5b4-7420-4650-adb5-bd512f861685,3938637,0,0.2239786982536316,0.3597192182209455,0.6708204,12.11215591430664,11.573261896440997,1,0.0008516493253409863,0.265627384185791,0.733521044254303,0.0,0.4412075810407796,0.5587924189592204
d94b072e-37b6-404e-b66c-341ade52c411,3938637,1,0.5097154378890991,0.820331395107305,,16.021665573120117,15.876144273767217,-1,0.0015419990522786975,0.35426613688468933,0.6441918015480042,0.0,0.502161895090564,0.49783810490943603
fcc56f55-bdb1-4186-8d1c-30ddc3d0a1a3,3938637,1,0.9983032941818237,0.9980166636881521,,22.9330997467041,18.031311004929744,-1,1.9608347429311834e-05,0.7500365376472473,0.24994394183158875,0.0,0.5999957114694725,0.4000042885305275
9b2279eb-f41b-4d69-8757-d12cb859537c,3938637,0,0.07656789571046829,0.07830127465528035,17.022926,16.66301727294922,13.584616476022026,1,0.0010401561157777905,0.45965030789375305,0.5393095016479492,0.0,0.3969443077125018,0.6030556922874982
cbaf4ead-ac33-41b5-9c85-693fd785d290,3938637,1,0.8693971633911133,0.897460352082212,,13.616044044494629,14.96307071071212,-1,0.0004995613126084208,0.5489002466201782,0.45060017704963684,0.0,0.5200293890668545,0.4799706109331455
7185348d-7baa-42c2-aea9-745796c1f9ce,3938637,0,0.00569877540692687,0.0015202132516463703,9.392018,12.2030668258667,10.902717727853615,1,2.2684371288050897e-05,0.2678375244140625,0.7321397662162781,0.0,0.17071231272017195,0.829287687279828
3a72ad18-3bee-4164-8131-6a5e5b5a341d,3938638,0,0.01015948224812746,0.004428228376162345,1.9,13.469160079956055,14.03297115788828,1,0.000427934224717319,0.35634058713912964,0.6432314515113831,0.0,0.2690608731960783,0.7309391268039217
2d80e327-d914-43b7-8559-ef793bbc0f20,3938638,0,0.0113191157579422,0.012385712082640983,1.2165525,9.271305084228516,9.927803414916594,1,0.00030605102074332535,0.5217102766036987,0.47798359394073486,0.0,0.4561140831800552,0.5438859168199448
cbac53d3-bcc7-406e-969e-64c705811058,3938638,0,0.006361361127346754,0.003857523038253949,5.255473,8.338047981262207,8.28994079102028,2,8.714816794963554e-05,0.45070743560791016,0.5492054224014282,0.0,0.44011869437084905,0.559881305629151
78928d9b-5191-4d71-a652-dc37e89e2995,3938638,0,0.2703956067562103,0.6009522260026896,11.754574,12.272174835205078,10.820260113664007,1,0.001316928886808455,0.4901364743709564,0.5085466504096985,0.0,0.42419136265857327,0.5758086373414267
44c03eda-86b1-47a9-97be-24f94f7d000f,3938638,1,0.4777339696884155,0.6538688085151824,,16.618087768554688,18.565071704149673,-1,0.002791395876556635,0.40020933747291565,0.5969992876052856,0.0,0.387655011950198,0.612344988049802
62335348-02ae-4faa-a9f8-60d4c536f556,3938638,1,0.5047388076782227,0.6654142366003699,,8.743430137634277,14.559016714048452,-1,0.0013152060564607382,0.6422545909881592,0.35643020272254944,0.0,0.6319279399333115,0.3680720600666885
05067cc5-734b-41e7-96d3-ae3d41289121,3938638,0,0.011954821646213531,0.011690393856578789,7.5292764,11.101605415344238,11.046566015917252,2,0.0002666939399205148,0.5090358257293701,0.4906974136829376,0.0,0.2799053386869945,0.7200946613130055
aed74af1-dce7-4e82-8d26-7ee30b79d889,3938638,0,0.12951309978961945,0.24997697088111293,21.39743,7.807798385620117,8.10458727069339,2,0.00028998160269111395,0.4017816483974457,0.5979283452033997,0.0,0.42143652916496044,0.5785634708350396
a80138e9-2ef3-4fea-8661-c0f5dd142556,3938638,1,0.6448145508766174,0.8170527615572678,,15.719165802001953,15.929058353670484,-1,0.0009904963662847877,0.2739773392677307,0.7250322103500366,0.0,0.3885294925258823,0.6114705074741177
393a2165-861b-410e-a3d4-c4a23365ae78,3938638,0,0.021400297060608864,0.007142616490791771,25.533115,12.724974632263184,12.918522450309865,2,0.000647944281809032,0.4748857319355011,0.5244663953781128,0.0,0.426615494262674,0.573384505737326
b488858b-164e-40b7-bbae-a2d2e19ffe1b,3938638,0,0.0019906708039343357,0.002859194875719769,12.0,9.161883354187012,10.562113136150627,2,8.68811912368983e-05,0.3846527636051178,0.6152603030204773,0.0,0.42001998419057607,0.5799800158094239
8717b842-df4b-4773-ae80-f77d4367120b,3938639,0,0.03713393583893776,0.011975195193746159,21.66218,14.125542640686035,13.959547066005344,2,0.000743646698538214,0.4201045036315918,0.5791518688201904,0.0,0.45397032699604045,0.5460296730039595
79961fcc-b479-4fd9-b067-8dcca6b20ed8,3938639,0,0.8816602826118469,0.8729859103075374,16.327278,19.380685806274414,14.17553948715305,2,0.0015448668273165822,0.45632484555244446,0.5421302318572998,0.0,0.5862682163397918,0.41373178366020824
2ed06c72-ed1a-439f-b60e-1dcdef17f59b,3938639,0,0.06545320898294449,0.10225283458111521,7.0092797,11.370637893676758,9.989937719332946,2,0.0008868207223713398,0.3799891769886017,0.6191240549087524,0.0,0.3962904957268305,0.6037095042731695
0d8177e1-5871-488a-a1be-ef1458006bca,3938639,0,0.011970597319304943,0.012849512677976639,8.504117,8.458343505859375,8.857132282004127,2,0.0002964592131320387,0.509408175945282,0.49029532074928284,0.0,0.497937240467178,0.502062759532822
8df0ed7c-0dfd-4f3a-b662-8ac463d202b9,3938639,0,0.06923124194145203,0.004862492566851274,15.155857,9.602519035339355,9.582248595436495,2,0.0009632716537453234,0.2732722759246826,0.7257643938064575,0.0,0.211417077176145,0.788582922823855
ff4783cb-777b-48c3-bceb-bc2e387a5b22,3938639,0,0.004193575121462345,0.0002552374257534176,12.632102,13.650650024414062,13.269903700962178,1,8.245294884545729e-05,0.4042023718357086,0.5957151651382446,0.0,0.2556322036362484,0.7443677963637516
8f8c69bf-b7ba-40bf-be95-8944e515ecf8,3938639,1,0.9606903791427612,0.9421682202119988,,22.52501678466797,12.498078166991121,-1,0.00027221679920330644,0.2953489124774933,0.7043788433074951,0.0,0.41787717026515825,0.5821228297348418
33d5cab7-e7b7-467f-9755-8bfd0f325c8a,3938639,1,0.9969092011451721,0.9899543513705226,,24.484464645385742,17.051660089016654,-1,6.214303721208125e-05,0.6570233702659607,0.34291452169418335,0.0,0.67796746855493,0.3220325314450701
c8e36e52-8ad8-457c-8fca-04f19a3607e7,3938639,1,0.9992685914039612,0.9970462279307735,,36.82058334350586,20.803851963949146,-1,2.6374309527454898e-05,0.4306029975414276,0.569370687007904,0.0,0.7108157962631507,0.2891842037368492
b87900f3-fab7-429f-b687-8f021fa817bb,3938639,1,0.2094198763370514,0.38458142082028923,,9.949505805969238,10.674287260945704,-1,0.0007616631919518113,0.2962682545185089,0.7029700875282288,0.0,0.363998749015474,0.636001250984526
0c1c7ba5-031f-4072-b4cb-e7a67cbe825c,3938639,0,0.779071569442749,0.581257426401647,13.480727,19.3137149810791,19.29613389011383,1,0.0006025423062965274,0.3070676028728485,0.6923298835754395,0.0,0.2967067602650604,0.7032932397349396
8cb51118-9f15-4f72-a9b3-a5f5097908dc,3938639,1,0.9996764659881592,0.9975284644008376,,31.545345306396484,14.374728392314704,-1,1.4299100257630926e-05,0.4563114643096924,0.5436742901802063,0.0,0.6415500934755811,0.3584499065244188
004f20b5-dae5-4cd7-bf0b-401e61fce48e,3938639,1,0.6005625128746033,0.9596235617044729,,14.847090721130371,11.302446391142064,-1,0.0003638035268522799,0.6601974368095398,0.33943870663642883,0.0,0.7047578886470061,0.295242111352994
93ed5add-c3ab-420f-8bac-a3bff9260098,3938639,0,0.016894206404685974,0.0041202852544671535,14.549914,12.668683052062988,12.360567179499855,2,0.00044194929068908095,0.3960426151752472,0.6035154461860657,0.0,0.38932055591585524,0.6106794440841448
0a82295c-9f2d-4032-81f8-7ed6f0624cd7,3938639,0,0.20640476047992706,0.4788197822774925,9.213035,12.830645561218262,12.4610914644694,2,0.001011637388728559,0.46886327862739563,0.530125081539154,0.0,0.539465794644236,0.460534205355764
5215f396-d53a-4db1-82de-abe6c09f9f6b,3938640,1,0.21518681943416595,0.3201258725998784,,18.11316680908203,13.845858621651104,-1,0.0017000235384330153,0.4371452331542969,0.5611547231674194,0.0,0.610301981196248,0.38969801880375193
5900c59e-586e-4697-b0c2-e9bca5c83177,3938640,0,0.013959352858364582,0.000840810080675287,24.10332,12.845674514770508,12.837655499794435,2,0.00027134455740451813,0.337315171957016,0.662413477897644,0.0,0.1724026007021794,0.8275973992978206
5436c65a-88a0-42e8-8f1e-3a315fc11b8a,3938640,1,0.9540473222732544,0.965303237548658,,18.013652801513672,17.098140664525726,-1,0.00036739447386935353,0.3612048327922821,0.638427734375,0.0,0.4864293650163357,0.5135706349836643
2ec4eeb2-bb24-488a-bfbd-023b63bf9664,3938641,0,0.38203415274620056,0.48500573007523046,26.506226,14.267452239990234,15.057462160313133,2,0.0027538647409528494,0.2799990475177765,0.7172471284866333,0.0,0.24477374180819456,0.7552262581918054
bcc8ce5a-4504-4d6d-9fcf-7b788f0b58a0,3938641,1,0.2512528598308563,0.3728128496763162,,9.893218040466309,12.197334186259319,-1,0.0007665175362490118,0.42195481061935425,0.5772786140441895,0.0,0.39916614738834144,0.6008338526116586
e22bcc45-7e42-421d-9c83-5d91b638d9eb,3938641,1,0.9820860624313354,0.8535246983071076,,21.019926071166992,15.18415647760834,-1,0.0012897702399641275,0.40768054127693176,0.5910297632217407,0.0,0.404305202199004,0.595694797800996
04a2fe14-9e14-42a7-a133-22514ca34a2d,3938641,1,0.30248722434043884,0.5240308016059169,,20.187734603881836,18.012881459943543,-1,0.001540156314149499,0.545633852481842,0.45282596349716187,0.0,0.2980790733509614,0.7019209266490386
63ba9970-dd25-463b-978b-86999216c39e,3938641,1,0.8002070188522339,0.5191431867745835,,14.173494338989258,11.54573774518844,-1,0.001163674402050674,0.5870189666748047,0.411817342042923,0.0,0.6420316315912459,0.3579683684087541
c64fdc5d-b470-45a6-bb8e-a68a5f608cfb,3938641,1,0.9915404915809631,0.9972722958411345,,15.62413215637207,17.333206597176655,-1,0.00040813066880218685,0.6693636178970337,0.3302282392978668,0.0,0.7204172399570711,0.2795827600429289
c3f65c10-b81d-49c1-b965-29757286221d,3938641,1,0.9944920539855957,0.9796241831904295,,16.279603958129883,14.315061419799127,-1,0.00046957723679952323,0.5747568011283875,0.42477357387542725,0.0,0.6176437267336958,0.3823562732663041
7162a745-a57b-42d6-b919-6bddc439960f,3938641,0,0.013432607986032963,0.0022488082308365328,1.3038405,16.32996368408203,13.3005171635084,2,0.00043197424383834004,0.496793657541275,0.5027743577957153,0.0,0.18231147290704863,0.8176885270929514
923be010-0cf2-4d7d-8490-27e3e5110a5c,3938641,1,0.301390677690506,0.2324924264458508,,16.350759506225586,18.315494343836395,-1,0.004478550981730223,0.4771997630596161,0.518321692943573,0.0,0.2795588218154257,0.7204411781845743
42e71eda-da29-4fdd-9c3e-6aa28a257273,3938641,1,0.38265475630760193,0.4053223092524955,,25.16620445251465,13.54516603449939,-1,0.0006144102662801743,0.25828230381011963,0.7411033511161804,0.0,0.30501441341032076,0.6949855865896792
980c4f50-d22f-4b17-a811-5fc65d05641b,3938642,0,0.013806560076773167,0.0019879602155647106,4.428318,7.741461753845215,8.52603868337466,2,0.00013092547305859625,0.41100767254829407,0.5888614058494568,0.0,0.37039882673862745,0.6296011732613725
d62cf474-061b-466a-bb37-867507df0184,3938642,1,0.9987269043922424,0.9975723196982784,,13.892243385314941,12.035261866201902,-1,3.5387191019253805e-05,0.7213378548622131,0.27862676978111267,0.0,0.4076973227766931,0.5923026772233069
53763840-e230-4894-9c6d-2cf38d3fa7c7,3938642,1,0.9807063341140747,0.9225064477258248,,13.424145698547363,13.404281773600262,-1,0.0004812782281078398,0.5303794145584106,0.4691392481327057,0.0,0.4580709235320163,0.5419290764679837
35c8a326-2de3-49ff-8ec8-55add0066f40,3938642,1,0.9931766986846924,0.9601697246869321,,12.570932388305664,15.759749056389055,-1,0.00018987988005392253,0.6349247097969055,0.3648853898048401,0.0,0.5683234008815661,0.431676599118434
34e9ebc5-2dd8-4cd9-b305-299cb5526131,3938642,1,0.9966807961463928,0.9966224020454952,,13.988014221191406,10.999353769911478,-1,0.00011104710574727505,0.6567820310592651,0.3431069254875183,0.0,0.27567841154147954,0.7243215884585205
c1c7b270-d225-4888-a8d0-10a4ea8d1ad3,3938642,1,0.9989244341850281,0.9959056427987997,,14.464024543762207,12.176103483858729,-1,2.0834235328948125e-05,0.6632451415061951,0.33673393726348877,0.0,0.2397424602705075,0.7602575397294925
0488fc9f-00a5-4149-8a03-fee2314577c3,3938642,1,0.9975926280021667,0.9947585799618036,,13.247071266174316,14.00213714246231,-1,6.00243074586615e-05,0.6707265973091125,0.32921332120895386,0.0,0.18142861526111487,0.8185713847388851
fa3f54a6-75cd-4d7d-a7eb-b1d1f40dfb52,3938642,1,0.9961296319961548,0.9964688014684866,,13.2939453125,12.050863032524374,-1,0.00015897818957455456,0.7070827484130859,0.2927582859992981,0.0,0.8246560535898,0.17534394641020007
2dc0c7f6-94da-43fd-8ae2-3894133caebf,3938642,0,0.4665483236312866,0.505427050006819,6.551336,10.607606887817383,10.469945790091197,2,0.0018241858342662454,0.37503209710121155,0.62314373254776,0.0,0.38593102659217127,0.6140689734078287
3be25a73-5529-4e7c-92bb-83252fd71ca5,3938642,1,0.9974064230918884,0.9986955858358633,,13.6093168258667,12.104644492148545,-1,9.85338119789958e-05,0.7172906398773193,0.28261083364486694,0.0,0.7633000420321757,0.2366999579678243
44f86539-c58c-49f6-a454-e0e09a428262,3938642,1,0.9968904852867126,0.9668045006100362,,12.922248840332031,16.97433085722942,-1,0.00010944940731860697,0.7134177684783936,0.28647273778915405,0.0,0.6996924034341767,0.30030759656582323
4e0df8c8-0ad4-43a4-aa99-826c11fc2f87,3938642,0,0.47347453236579895,0.6034030626232667,12.233151,16.101654052734375,15.583968504636143,2,0.0005305561353452504,0.22331541776657104,0.7761539816856384,0.0,0.18379900889107614,0.8162009911089239
48a195ed-568a-487a-9fac-6799923ddffc,3938642,1,0.9968562126159668,0.9986855365110062,,14.176142692565918,16.306934740611233,-1,0.0001259619020856917,0.69815593957901,0.301718145608902,0.0,0.9268915440450911,0.07310845595490888
bce5589b-0166-485b-92f2-9670069516b3,3938642,1,0.9969730377197266,0.9984197516704476,,14.418922424316406,11.423851111509153,-1,0.00012909722863696516,0.7110584378242493,0.28881242871284485,0.0,0.34731695555503317,0.6526830444449668
48644015-08dd-4eb6-aae8-4bea6f1a30d5,3938643,0,0.05327253043651581,0.02797825263582301,12.971122,11.086605072021484,10.04091407198312,2,0.0010454886360093951,0.37550246715545654,0.6234521269798279,0.0,0.2837584128457873,0.7162415871542127
d0375c52-0d6e-4f76-b029-4f9d8782ec1a,3938643,0,0.7553455829620361,0.882030727713862,17.705366,18.711620330810547,15.56958756117011,2,0.0020130472257733345,0.3712092339992523,0.6267777681350708,0.0,0.3652814260855447,0.6347185739144553
c0da310a-1795-4840-a47c-d03c34d4b069,3938643,0,0.01885518804192543,0.01577685158792893,26.38257,15.26239013671875,11.543003821647918,2,0.0005141625879332423,0.39332449436187744,0.60616135597229,0.0,0.2886707360171118,0.7113292639828882
389d6424-d20c-4f04-8729-493d5f857b0a,3938643,1,0.9197781085968018,0.8265795162611603,,10.934197425842285,11.124075590633986,-1,0.0005037537193857133,0.4354763925075531,0.5640198588371277,0.0,0.5784541864693531,0.4215458135306469
7032e077-bc7d-4adf-a5d5-b6338fd4354b,3938643,1,0.9989790916442871,0.9998886747696677,,11.505855560302734,13.122712356262312,-1,4.619257742888294e-05,0.35444360971450806,0.645510196685791,0.0,0.8752137366672332,0.12478626333276671
786cbab4-104b-47ca-a4ea-02cb74c4b6cc,3938643,1,0.9992480874061584,0.9999446654231496,,11.627750396728516,12.477328419599628,-1,1.9481305571389385e-05,0.35858452320098877,0.6413959860801697,0.0,0.8947356999110843,0.10526430008891574
416ea0e5-30eb-4f37-8dbb-92a73b34e3df,3938643,0,0.08629505336284637,0.09139621816028223,12.459535,10.362523078918457,11.303922535414678,2,0.000730783271137625,0.49032557010650635,0.5089436769485474,0.0,0.6491164326213041,0.3508835673786959
f9ef8b29-96a7-422f-aca9-3c3ec6401b6b,3938644,0,0.40471524000167847,0.10916738771033566,14.436759,15.917400360107422,12.638224374021025,2,0.0015242013614624739,0.2626810669898987,0.735794723033905,0.0,0.2499305410590016,0.7500694589409984
5d269541-ef89-4702-8580-3950bbe72af2,3938644,1,0.470896452665329,0.4693988793006463,,13.369946479797363,13.696388254899675,-1,0.001734849065542221,0.3241490125656128,0.6741161346435547,0.0,0.325866943088009,0.674133056911991
0a90a57a-0554-43b5-9cc7-804192b32aed,3938644,1,0.9856390953063965,0.8644651276664004,,14.31698226928711,13.728636823908293,-1,0.0002845463459379971,0.30219048261642456,0.6975250244140625,0.0,0.3811103763792175,0.6188896236207825
7cea6100-2b02-40f4-9410-a1ad5263150f,3938644,0,0.3282186985015869,0.1651354099131702,8.746428,12.511415481567383,9.761145092051443,2,0.000994181726127863,0.32073068618774414,0.6782751679420471,0.0,0.4128486354428148,0.5871513645571852
30e49030-9dd4-4db6-9fe4-7dae0036b391,3938644,1,0.9995461106300354,0.9921947202782494,,12.505219459533691,17.600749951182756,-1,1.0290124919265509e-05,0.25254812836647034,0.7474415898323059,0.0,0.37724343728995324,0.6227565627100468
15e98114-a558-48a3-b53d-925a226d1aba,3938645,0,0.4615783095359802,0.5181727204770202,11.029053,12.486958503723145,12.115380349783434,2,0.002823600545525551,0.45152369141578674,0.5456527471542358,0.0,0.5045550126058334,0.49544498739416665
80c09aba-aa09-45ed-a2d6-026072e7c9f6,3938645,0,0.18946890532970428,0.10870033504359324,22.877937,14.80037784576416,10.039604832469475,2,0.0008527793688699603,0.22299283742904663,0.7761543393135071,0.0,0.21970586856582786,0.7802941314341721
af5f93de-a07b-4c14-a810-65f6b63eefb0,3938645,0,0.019405441358685493,0.01859961356440685,15.273834,11.36766529083252,11.40510177781898,1,0.0003977151063736528,0.36384034156799316,0.6357619166374207,0.0,0.41512391387562086,0.5848760861243791
571fc473-b123-47c4-a6b4-5b2faba9d1a5,3938645,1,0.4411962926387787,0.4846511556991047,,12.791169166564941,15.558189933953877,-1,0.001774518983438611,0.28494521975517273,0.7132802605628967,0.0,0.333259555299522,0.666740444700478
1e9013c3-47d8-4b1e-a98e-56fb2d727173,3938645,0,0.009977515786886215,0.01173150078504218,11.772,11.111109733581543,12.261799163423227,1,0.0001865621452452615,0.3512285053730011,0.6485849022865295,0.0,0.29469785582654406,0.7053021441734559
dd94020e-229b-463b-a4c1-7250eedc4e3a,3938645,0,0.005225690081715584,0.000598869977185331,5.5713553,9.851544380187988,10.286676980526924,2,0.00011279568570898846,0.3717060387134552,0.6281811594963074,0.0,0.27552085025748974,0.7244791497425103
9b16988d-6bbf-4859-b836-27cafd7e7707,3938645,1,0.6268854737281799,0.5456086931189051,,15.617502212524414,13.28648682827924,-1,0.0013859253376722336,0.2857975363731384,0.7128165364265442,0.0,0.24553166732849674,0.7544683326715033
e9073c8b-8024-4b89-91a8-f073e6e3ae59,3938645,0,0.03169168159365654,0.04017616036832626,20.802164,10.462971687316895,11.209189304277755,1,0.00031469581881538033,0.18757084012031555,0.8121144771575928,0.0,0.22697333562286248,0.7730266643771375
6a116c8d-4b3d-4b97-adfe-5328ce2d79c8,3938645,1,0.7933579683303833,0.8439758596105148,,10.736273765563965,13.522306280775705,-1,0.0041727470234036446,0.568271279335022,0.42755594849586487,0.0,0.6703788333151162,0.3296211666848838
bab7f3bf-3bdd-49bd-9e11-092316b04f54,3938645,0,0.5098603963851929,0.2110363913805763,1.7888544,10.3645658493042,12.209578207103878,1,0.001988255186006427,0.5096006989479065,0.4884111285209656,0.0,0.50994623973962,0.49005376026037994
7316aafe-f45e-4c55-ab23-b235d4555038,3938645,0,0.04402991011738777,0.006946354841617051,10.346497,12.030104637145996,13.991898323970902,1,0.0009253048337996006,0.37694013118743896,0.6221345663070679,0.0,0.5150292386952797,0.48497076130472033
f3e63c1c-93f7-4cf5-9d03-6e667967827e,3938645,1,0.9967750906944275,0.9948492699321273,,10.722548484802246,10.374757548779424,-1,0.00011740513582481071,0.7481915950775146,0.2516910433769226,0.0,0.49064063058773766,0.5093593694122623
59c9b4ad-40ff-4539-bcb1-2ba151b58f76,3938645,0,0.09752727299928665,0.025076356507078044,9.630161,13.447966575622559,11.059724777509762,1,0.0007510866271331906,0.24292948842048645,0.7563194036483765,0.0,0.22858026059393644,0.7714197394060636
f468a9b4-75c3-4216-bbdd-0107aa8fb931,3940878,1,0.5393233895301819,0.6494027423999442,,13.886860847473145,11.215941730058901,-1,0.0028707021847367287,0.5612618923187256,0.43586739897727966,0.0,0.5750465246946129,0.4249534753053871
d0bda493-4944-47f5-a1dc-023c46f6ac4c,3940878,1,0.9524957537651062,0.8636273026527422,,15.767568588256836,12.5617918716095,-1,0.0005748991970904171,0.3126905560493469,0.6867345571517944,0.0,0.49758579630755007,0.5024142036924499
7e6be3f0-9fe1-445c-a283-dc3b2b9e86a2,3940983,0,0.20699509978294373,0.38781291839881427,21.216267,16.929594039916992,18.07761309109822,2,0.0011745346710085869,0.4765458106994629,0.5222796201705933,0.0,0.5487499277325429,0.4512500722674571
3321220e-fe8e-4cd3-b6d2-0df435bba0b1,3940983,1,0.9900014400482178,0.9930940760847268,,18.54604721069336,12.923027139134017,-1,0.00015824547153897583,0.581061065196991,0.4187806248664856,0.0,0.5059576045195343,0.4940423954804657
ae8162a0-2f1f-4215-abdf-7bc8430d0f87,3940983,0,0.006073966156691313,0.003955847541095469,15.206906,16.045955657958984,12.5131074142705,1,5.7378780184080824e-05,0.3932066559791565,0.60673588514328,0.0,0.39835333979541254,0.6016466602045875
84416ce2-06a5-4774-91af-56cccfe028c5,3940983,0,0.182977557182312,0.5920015582357842,21.82888,13.312400817871094,12.469722969335942,2,0.001985703594982624,0.404920369386673,0.5930938720703125,0.0,0.4304528451398205,0.5695471548601795
87f3087e-2980-4904-ab64-379a43c2c660,3940983,0,0.45765388011932373,0.5154245094571495,2.4166093,11.800069808959961,12.827187175648524,1,0.0013559742365032434,0.32161054015159607,0.6770334839820862,0.0,0.2980837681128059,0.7019162318871941
d44d4b76-ff8a-488f-b102-a03b76f58188,3940983,0,0.11235859245061874,0.3162537772755949,7.088018,9.561161041259766,9.755378219615725,2,0.0020715666469186544,0.5002844333648682,0.49764400720596313,0.0,0.4665052818175388,0.5334947181824612
c9b8931b-3fda-406d-9560-672cb28f7fff,3940983,1,0.9941086769104004,0.9739588630095367,,16.68077278137207,12.753054860964713,-1,5.4440501116914675e-05,0.6540572643280029,0.3458883464336395,0.0,0.7510338163347314,0.24896618366526851
d7649bc3-717c-4dac-a6ac-540f37f9ef49,3940983,0,0.5203866362571716,0.7939585222678175,17.3026,15.268770217895508,16.394242899362975,2,0.002829738426953554,0.3987872004508972,0.5983830690383911,0.0,0.5097568050128388,0.4902431949871612
7fb1183e-3f08-44cd-a371-b7e7f4130351,3940983,0,0.010630873031914234,0.011070718087978132,14.483784,13.80180835723877,15.179129064390796,1,0.00013321088044904172,0.49715113639831543,0.5027156472206116,0.0,0.4931563249377452,0.5068436750622548
4a6db59a-b849-4f08-972e-eeb484590faf,3940983,1,0.5510525107383728,0.8367771523800092,,13.143198013305664,16.267490546823606,-1,0.003850023029372096,0.326304167509079,0.6698458194732666,0.0,0.3042888668633036,0.6957111331366964
3f65ed20-3771-44b3-afdc-ae9099584abe,3940983,1,0.487702339887619,0.8051831104563663,,10.697681427001953,12.787297440122515,-1,0.0020025514531880617,0.551949143409729,0.4460483193397522,0.0,0.6668221541077186,0.33317784589228144
880bda4c-29d5-4b95-a789-7ba3f9d357a3,3941017,0,0.030265627428889275,0.01538226643486151,11.414026,14.88562297821045,10.756943627688107,2,0.001270414562895894,0.38849881291389465,0.6102307438850403,0.0,0.4371942047171503,0.5628057952828497
412e6a11-24ae-4e81-8498-5e31ecf4f14f,3941017,1,0.9119654893875122,0.8775773132301538,,23.046669006347656,20.689003546313483,-1,0.0005069097969681025,0.38815823197364807,0.6113348603248596,0.0,0.44848509340236864,0.5515149065976314
25cfa59b-a30a-448e-9dfb-5e9d879e7e51,3941017,1,0.9884898066520691,0.9936179873387343,,15.998357772827148,15.359554776798063,-1,0.0002012998884310946,0.6784694194793701,0.3213292956352234,0.0,0.819299376255068,0.18070062374493207
7d10efab-cbb8-4ccc-b7cb-37ed10e33737,3941017,0,0.3150341808795929,0.4927672416165449,18.97709,16.630603790283203,16.955939046350714,2,0.001162210013717413,0.3052583634853363,0.6935794949531555,0.0,0.3160464025382165,0.6839535974617835
92f595ac-46df-4302-bbe9-8557f680d21b,3941017,1,0.9987911581993103,0.9968655303007065,,34.64100646972656,19.55239409357713,-1,4.790359525941312e-05,0.36559024453163147,0.6343618035316467,0.0,0.6538823777458123,0.3461176222541877
1f0e9fcd-07ea-4cab-8358-6aa117e3d5fd,3941017,1,0.9983173608779907,0.9939322488374793,,27.35477638244629,14.73744949831293,-1,7.586496212752536e-05,0.3947215676307678,0.6052025556564331,0.0,0.7367409939605254,0.2632590060394746
a686033e-f76c-4244-831d-4056669db4d5,3941017,1,0.623914361000061,0.4973788680372678,,15.387752532958984,13.651900808428378,-1,0.007288704160600901,0.5163465142250061,0.47636473178863525,0.0,0.37094327128398374,0.6290567287160163
a9a434b3-3c30-4674-ab3d-5355e2c4fa96,3941017,1,0.9877505898475647,0.9404232543908259,,23.28784942626953,14.902025138026872,-1,5.323706500348635e-05,0.648006021976471,0.35194075107574463,0.0,0.5400060042335297,0.4599939957664702
47e1cef4-008b-44a8-92b0-eb7ddcda6cfb,3941017,1,0.23887012898921967,0.2173960184232262,,11.627181053161621,12.754893441832127,-1,0.0006217040354385972,0.2932642102241516,0.7061141133308411,0.0,0.2469320918554675,0.7530679081445325
ab1b1403-a21c-42c8-b5af-8ea10da0b1bd,3941017,1,0.5100393891334534,0.5769273825287403,,20.95728874206543,12.793039214321173,-1,0.0006871682708151639,0.3048872649669647,0.6944255828857422,0.0,0.5080389363633748,0.49196106363662523
c3c97bc3-3c1b-46b5-99d3-805de137d6af,3941017,0,0.0019728634506464005,0.006320049743973125,8.7931795,12.456596374511719,9.668135757824263,1,8.534179505659267e-05,0.3754495084285736,0.6244651079177856,0.0,0.53781428906361,0.46218571093639
5306c103-f45e-4d53-9c4d-7dffc1d3160c,3941017,0,0.03219950944185257,0.004000177595515648,8.937561,14.789950370788574,10.841442165437954,2,0.00048450371832586825,0.38466429710388184,0.614851176738739,0.0,0.3496197643372754,0.6503802356627246
1e6297d1-2695-4f39-b84f-28ac959871de,3941017,0,0.34286922216415405,0.3423796585486255,13.113733,12.195900917053223,12.498690150174953,1,0.001115080900490284,0.22912751138210297,0.7697574496269226,0.0,0.2816785771338468,0.7183214228661532
3db86c24-aace-45c5-a47a-2b2660431090,3941017,1,0.7972409725189209,0.8645459974476705,,18.789392471313477,16.121403344292457,-1,0.00022192903270479292,0.4154377579689026,0.5843403339385986,0.0,0.49834585519729346,0.5016541448027065
3e063dce-978e-4d17-b750-dcd59c0b8dc4,3941017,1,0.9985051155090332,0.9978041476772997,,28.164125442504883,12.94448971747637,-1,6.995700823608786e-05,0.44319963455200195,0.5567304491996765,0.0,0.8954928807773676,0.10450711922263249
029f7c22-48fd-462c-aef4-6b13fd0e96cf,3941017,0,0.0034099582117050886,0.0014658201238766473,28.265173,13.153185844421387,13.715117760536318,2,0.00017696275608614087,0.34833213686943054,0.6514909863471985,0.0,0.3592020330284188,0.6407979669715812
a2b2b5a4-b189-4658-9221-a7a89ecdd656,3941018,1,0.9968057870864868,0.9968752737307951,,12.954366683959961,15.687095692939327,-1,0.00013224653957877308,0.5600194931030273,0.43984830379486084,0.0,0.5153148308239681,0.48468516917603194
cf998028-ab0c-457d-b30e-c634c80f815b,3941018,1,0.8934893608093262,0.6685853051485877,,12.263330459594727,9.446505062896087,-1,0.0005463988054543734,0.4824817478656769,0.5169718265533447,0.0,0.3456766751727527,0.6543233248272473
59084c7f-8f6b-4f21-a9d5-3705becc09b1,3941018,0,0.044152554124593735,0.02480581403069816,3.0413814,12.332509994506836,10.809382594206996,1,0.0007086588884703815,0.45154237747192383,0.5477489233016968,0.0,0.19232647149826698,0.807673528501733
4a8118c6-0000-49b4-b0f5-67efef1b9c84,3941018,0,0.012509087100625038,0.003390973119465401,11.649893,8.066555976867676,8.737636341933506,1,8.648317452752963e-05,0.567096471786499,0.4328170418739319,0.0,0.26768356630605183,0.7323164336939482
5b78776a-1bce-4b58-8864-a1aebfa6b13f,3941018,0,0.028573699295520782,0.005644940831501194,16.219742,14.336861610412598,12.477908402942411,1,0.0009401131537742913,0.2929591238498688,0.7061007022857666,0.0,0.2808976595558311,0.7191023404441689
c36ec74a-ea2b-4cd6-ae7d-f7cbe226f5e7,3941019,0,0.09524880349636078,0.05757380120912888,0.64031243,11.01975154876709,11.935767155521777,2,0.0015274157049134374,0.3043992519378662,0.6940733790397644,0.0,0.3195627565175396,0.6804372434824604
1722d372-5384-4d1a-a27d-82c78526481b,3941019,0,0.00391348684206605,0.00035885619419340035,8.348653,10.538215637207031,9.336230892881998,2,0.00023944160784594715,0.3949205279350281,0.6048400402069092,0.0,0.21268545191836796,0.787314548081632
5f949a14-4594-4f7c-bb27-2a376aa0ab83,3941019,1,0.9985589385032654,0.999553937279791,,14.650368690490723,20.65425776143691,-1,0.00012089425581507385,0.6092044711112976,0.3906745910644531,0.0,0.890993213521167,0.10900678647883304
35176991-15ae-4f6a-8406-e88d805d394d,3941019,0,0.472168892621994,0.39292798928178907,11.420157,14.803176879882812,13.451916555965411,2,0.0008947195019572973,0.4042809307575226,0.5948243737220764,0.0,0.27252008379371473,0.7274799162062853
935223cc-0632-4931-9a50-40def29906ae,3941019,1,0.7721878886222839,0.8889656210370774,,15.200641632080078,17.358153541771486,-1,0.0027390988543629646,0.43444886803627014,0.562812089920044,0.0,0.32339397918815715,0.6766060208118428
7286269f-31c3-4f43-be00-4a12d1884b34,3941020,1,0.8751853704452515,0.833263811020029,,12.967977523803711,14.591370858360829,-1,0.0011170216603204608,0.4122273623943329,0.5866556167602539,0.0,0.549456423365892,0.45054357663410805
15a7077b-c93a-47e4-bbfd-b7d407d1a728,3941020,1,0.9998356103897095,0.9997888625751753,,8.669519424438477,12.688730545099343,-1,4.099477791896788e-06,0.33747953176498413,0.6625162959098816,0.0,0.9092184467736901,0.09078155322630983
e193bb54-361d-4e47-b937-7fbc520ed841,3941020,1,0.42419105768203735,0.1474118621386299,,17.345590591430664,12.603951468478568,-1,0.0008770415442995727,0.2788664400577545,0.720256507396698,0.0,0.24577750553885658,0.7542224944611434
2700de32-97cd-4889-9587-111b25c07a23,3941020,0,0.004955299664288759,0.0016300701359286873,16.929264,12.561177253723145,9.836721803962515,1,0.00014964041474740952,0.36598747968673706,0.6338628530502319,0.0,0.3265280277964401,0.6734719722035599
46dc7275-5ac4-43a2-84ae-86d34ad34994,3941020,0,0.40837332606315613,0.30998420378199165,24.10809,12.112544059753418,12.070039028170623,2,0.0018244219245389104,0.3251176178455353,0.6730579733848572,0.0,0.27570778864305534,0.7242922113569447
1c078545-e863-47aa-9221-52833725220c,3941020,0,0.43961507081985474,0.3695114160386964,28.7,16.31281280517578,15.909212611054318,2,0.0020752488635480404,0.24791572988033295,0.7500090599060059,0.0,0.20245583473808748,0.7975441652619125
c29f71aa-66d6-44a7-a42c-c4d9d580496c,3941020,0,0.8193405270576477,0.9167067216207819,18.127604,19.02569007873535,15.522927586381112,2,0.002149789361283183,0.41746675968170166,0.5803834199905396,0.0,0.45360827940388837,0.5463917205961116
5768068d-2f7e-4ec5-9008-f029b2bd1ecc,3941020,0,0.43528029322624207,0.48832589800909254,23.80273,17.48902702331543,14.271556528974413,2,0.0019217369845137,0.27068501710891724,0.7273932695388794,0.0,0.420468398105432,0.579531601894568
9c3fc6ec-446b-4c7f-8711-3af9b76ed4e6,3941020,0,0.3967520594596863,0.1708114549834975,26.42215,13.806354522705078,13.858669586538714,2,0.0017997449031099677,0.24996700882911682,0.7482331991195679,0.0,0.2203143362674751,0.7796856637325249
8d888d2b-ed04-4e0b-b15f-981e0265f8d4,3941020,0,0.010615627281367779,0.006639147125796264,13.514807,14.152823448181152,14.261448339322431,2,0.00041839227196760476,0.49504587054252625,0.5045357346534729,0.0,0.5007539829703502,0.4992460170296498
eb39faf1-17a4-4c6b-a108-f45c475ca45d,3941020,0,0.6278982758522034,0.6110999988351729,21.755919,16.554216384887695,13.083368604848596,2,0.0012451296206563711,0.2625478208065033,0.7362070083618164,0.0,0.3705193261453843,0.6294806738546157
e823ecae-7294-44b2-9042-b952150063e9,3941020,1,0.9984636306762695,0.9889204786450094,,12.230692863464355,15.407371909915977,-1,3.4810615034075454e-05,0.26173505187034607,0.7382301688194275,0.0,0.5654182750815382,0.43458172491846175
1e76a4d9-4dd1-4d76-a538-3ff598a3fc57,3941020,0,0.05207265913486481,0.001741078340924138,20.603884,13.586346626281738,14.565647638148777,2,0.0014884370611980557,0.4514882266521454,0.5470234155654907,0.0,0.24162417402818437,0.7583758259718156
7ef61f30-f53f-4d16-b0ee-b10402b69039,3941020,1,0.09393774718046188,0.0024232793129900358,,13.727322578430176,12.017974232247049,-1,0.0010093993041664362,0.4186647832393646,0.5803257822990417,0.0,0.5545602718065129,0.4454397281934871
1bda5004-1ca4-426d-a5de-2546ee613171,3941020,1,0.20417185127735138,0.2416704512949284,,14.905257225036621,10.564840286940388,-1,0.0008584655588492751,0.3477534055709839,0.6513881087303162,0.0,0.46198827260912023,0.5380117273908798
93b972e4-2cb7-4946-b002-5053c487dee8,3941020,0,0.03208157792687416,0.016318831538279583,10.358571,12.281614303588867,11.791774492417849,2,0.0002788785786833614,0.42388543486595154,0.575835645198822,0.0,0.4092471169653462,0.5907528830346538
75f4f0e3-8171-4088-a1cf-c211a951a16e,3941020,0,0.008794051595032215,0.00916735910466387,21.4758,13.966017723083496,11.242093137127613,2,0.0002277124294778332,0.46766647696495056,0.5321058034896851,0.0,0.3637699670476354,0.6362300329523646
673e5264-8d6f-4e33-b410-65818655f6be,3941020,1,0.5117570757865906,0.42626269640048503,,17.724260330200195,14.507479160970087,-1,0.0024429732002317905,0.2935299575328827,0.7040270566940308,0.0,0.3634178371012393,0.6365821628987607
22e26042-04b1-43f6-9e78-952b133c71c5,3941020,0,0.10200164467096329,0.12694183863555555,6.2968245,11.103673934936523,10.531732724367462,1,0.0026979236863553524,0.4048369824886322,0.5924651026725769,0.0,0.3679163368474374,0.6320836631525626
98ef9a46-fa3f-4690-8923-2853df051976,3941020,0,0.010333934798836708,0.00723713098327276,26.734621,15.080535888671875,10.98989569117478,2,0.00040958603494800627,0.42124420404434204,0.5783461928367615,0.0,0.3882878363469362,0.6117121636530638
1e720b39-4b66-4635-ae6e-ac3e66ac4996,3941020,0,0.016687605530023575,0.0020092613386059007,24.71113,12.124131202697754,14.668714683636944,2,0.0012275668559595942,0.41005343198776245,0.5887190103530884,0.0,0.40786153652198975,0.5921384634780102
1d363bab-b41c-480f-9048-bae2c7e132c5,3941020,0,0.009896502830088139,0.005805505257126881,14.241488,14.745807647705078,11.710469017671349,2,0.0002147520863218233,0.3471004366874695,0.6526848077774048,0.0,0.4468368132579946,0.5531631867420054
d93335c9-a75c-4088-9d9f-d18357965b1b,3941020,1,0.6163661479949951,0.6518262367021963,,8.086536407470703,11.392815176848123,-1,0.00045000313548371196,0.5045427680015564,0.495007187128067,0.0,0.49618995280464295,0.503810047195357
4f1cddf8-2a2b-47de-b125-055d3fb2ade4,3941020,1,0.3265644311904907,0.4364902428003035,,11.641176223754883,13.893283253548535,-1,0.004634406417608261,0.3746018707752228,0.6207637190818787,0.0,0.4709944681088134,0.5290055318911866
5cdecf0e-3585-4497-b8c1-65bb21af921e,3941021,1,0.18848688900470734,0.2322995215641411,,9.110878944396973,9.977891606815978,-1,0.0004171331529505551,0.30441394448280334,0.6951689720153809,0.0,0.2626946403467143,0.7373053596532857
0ef39a89-c1bc-4006-9c19-cb7d98040a47,3941021,1,0.9927080273628235,0.9941578506593873,,14.763867378234863,14.152064313245118,-1,0.0003555463335942477,0.6646685004234314,0.33497604727745056,0.0,0.7346583788678974,0.2653416211321026
9aa25060-7865-4199-b00f-c78da6c96f66,3941021,0,0.31434643268585205,0.5989906091773102,12.149486,16.037864685058594,15.895779030694253,1,0.0013344943290576339,0.30932003259658813,0.6893454194068909,0.0,0.2644151309278243,0.7355848690721757
f36e56f2-2a49-4028-b9c7-465f574d20de,3941021,0,0.02734602801501751,0.021207568893245307,19.678669,10.942008018493652,10.647509576790466,1,0.0005764527595601976,0.6411252617835999,0.35829830169677734,0.0,0.38718825034523163,0.6128117496547684
f5f127d4-c6bc-4bd6-a7c4-55eef3d5ff09,3941021,0,0.2236684113740921,0.3289178012378507,6.9856997,10.453413009643555,11.967548390377324,2,0.002235275460407138,0.42046499252319336,0.5772997140884399,0.0,0.32398981862441034,0.6760101813755897
590d5673-6760-4542-973a-b2b608d34535,3941021,0,0.7520811557769775,0.8289688930390222,19.724604,14.62479305267334,14.839881700177116,2,0.001813362236134708,0.3551991581916809,0.6429874897003174,0.0,0.21506036192842803,0.784939638071572
c42a7a18-b2f2-4e78-8cea-21935c5d2bd9,3941021,0,0.21232901513576508,0.450859089263896,23.613556,12.745002746582031,14.370292904219246,2,0.005558940581977367,0.41431012749671936,0.5801308751106262,0.0,0.34395672275028866,0.6560432772497113
b9b524f1-02dd-4377-9492-fca060ac2cd1,3941021,0,0.4407790005207062,0.2578353325909632,7.4168725,17.09850311279297,14.204150799409007,2,0.006411553826183081,0.5666922330856323,0.42689621448516846,0.0,0.482093197805201,0.517906802194799
8e4b5efb-eef8-48ff-8abd-5fc87ef63a65,3941021,0,0.35663026571273804,0.36727006727873823,11.637869,18.068571090698242,13.155487623753682,2,0.0012170218396931887,0.5080698132514954,0.4907131493091583,0.0,0.5190401015490773,0.4809598984509227
cedda43c-c8b7-4aa1-aa2e-4e3a87b5e0d0,3941021,1,0.9783292412757874,0.9418133612371683,,13.975994110107422,13.273016980002444,-1,0.00038793295971117914,0.4954969584941864,0.504115104675293,0.0,0.48500649662703943,0.5149935033729606
02ea9109-8354-4134-a4cc-ac984df6852c,3941022,1,0.9835890531539917,0.9397889700167099,,21.103939056396484,15.66078646877586,-1,0.00021005164308007807,0.4117642939090729,0.5880256295204163,0.0,0.6482638649373642,0.3517361350626358
7039ff4b-4e0e-4e3c-8419-c3af4ce71787,3941022,0,0.2763074040412903,0.7699709986131372,13.720787,11.351832389831543,13.11273580523385,2,0.001926646800711751,0.5855152010917664,0.4125581979751587,0.0,0.7726350088038839,0.22736499119611608
bb11c954-2c17-48f7-9f30-d90eae554bcf,3941022,0,0.056300368160009384,0.04437544427498775,5.93043,10.486096382141113,10.023105723915968,2,0.0005669376696459949,0.25713303685188293,0.7423000335693359,0.0,0.27843873053331125,0.7215612694666887
03f17a10-cf54-4d3d-955b-08842781c59e,3941022,0,0.05037672445178032,0.013270766119162548,2.4041631,16.112821578979492,9.552032010208157,1,0.0012027362827211618,0.5528119802474976,0.44598525762557983,0.0,0.3569960956857501,0.6430039043142499
25a41ce5-0882-4100-a04d-164d42feaeae,3941022,0,0.0023586249444633722,0.0007111544389982431,11.894957,9.742486000061035,8.792416623877891,2,8.862856338964775e-05,0.389390766620636,0.610520601272583,0.0,0.32801619779788993,0.6719838022021101
1d99d5a5-cb82-4735-bf09-5b36ddf975e0,3941022,1,0.9854869842529297,0.9483253495876186,,23.639684677124023,12.244417555988088,-1,0.0001241682330146432,0.49586063623428345,0.5040152072906494,0.0,0.6632340969539618,0.3367659030460381
aff5c9ed-f60f-42c0-af01-c1f217d8e619,3941022,1,0.44133713841438293,0.4699081957923254,,10.892268180847168,13.987452815687863,-1,0.0011046223808079958,0.35011526942253113,0.648780107498169,0.0,0.2985551827282985,0.7014448172717015
42616641-43e5-42ae-9b38-73914034bf54,3941022,0,0.9358852505683899,0.7975891537836086,25.904633,17.05133628845215,9.828686686893802,2,0.00010058717452920973,0.7806323170661926,0.2192671000957489,0.0,0.7386368941721481,0.26136310582785194
6f1301af-66dd-4475-8d6f-808db1304471,3941022,0,0.007175414357334375,0.006474728897192516,10.601887,10.303719520568848,11.545565145516541,2,0.0003212832671124488,0.4792700409889221,0.5204086899757385,0.0,0.5291999707116021,0.4708000292883979
b6c4a0f0-8f52-4f9f-bb25-5b517957bac7,3941022,1,0.8773592114448547,0.8013182957984998,,17.914592742919922,9.357025260342512,-1,0.000253447302384302,0.3859236240386963,0.6138229966163635,0.0,0.5058502854731073,0.49414971452689277
a5af5f35-c759-4517-bda3-8234be74cbdf,3941022,1,0.9822744131088257,0.9365284820176977,,21.56092643737793,12.578019681628103,-1,0.0002751064021140337,0.3779132068157196,0.6218116879463196,0.0,0.5925872645586076,0.40741273544139245
1d94cd7e-e97d-4482-9826-a8c7d701d39f,3941022,0,0.12003488093614578,0.030369185018102367,14.252368,15.527656555175781,11.1975088109925,2,0.0005225567147135735,0.321259468793869,0.6782179474830627,0.0,0.3344662412427363,0.6655337587572637
d3dbdefc-6699-417a-9e6c-dbdb8f97c08e,3941022,1,0.7534220218658447,0.8302894807933636,,18.72950553894043,11.992679535629016,-1,0.000333120726281777,0.5013486742973328,0.4983181357383728,0.0,0.4377710679743876,0.5622289320256124
598f33ea-cf9b-4303-8b9d-7529da3a1856,3941022,1,0.8227406740188599,0.8088039145498145,,17.227548599243164,13.701628932188893,-1,0.0005628588842228055,0.46768417954444885,0.5317530035972595,0.0,0.467705214833843,0.532294785166157
f99df16b-dc76-42be-9690-2689c7937c4a,3942226,0,0.8471742272377014,0.6592494602333189,24.61077,11.340996742248535,10.75712445543972,2,0.00034876586869359016,0.24294888973236084,0.7567023634910583,0.0,0.3356020173523979,0.6643979826476021
8c2aa051-5ab8-43d2-a334-e27e1074dc98,3942226,0,0.017837591469287872,0.008202647903333426,24.075298,14.01746654510498,11.710860516475778,1,0.0002543543523643166,0.3307679295539856,0.6689777970314026,0.0,0.3900600973164511,0.6099399026835489
23d70f48-45f3-42b4-8f4f-ffa0eb9b6732,3942226,0,0.011547624133527279,0.004084378998171183,9.1268835,10.719525337219238,10.717393134997792,1,0.0006293625338003039,0.4848823547363281,0.5144882798194885,0.0,0.37704063464606885,0.6229593653539311
d8f7a15c-532b-4666-9bee-88fd2b7f9584,3942226,1,0.9998235106468201,0.9984952913349915,,11.943316459655762,18.078070064315423,-1,4.7609796638425905e-06,0.28729286789894104,0.7127023339271545,0.0,0.5925269689126049,0.407473031087395
408f6d02-9476-45b6-89fd-4cdebd7e5cf2,3942226,1,0.9986562728881836,0.9913508163563659,,9.098308563232422,13.580331358653407,-1,3.7281442928360775e-05,0.2743285298347473,0.7256342172622681,0.0,0.4909870895501848,0.5090129104498152
0fb8a5d1-60a2-4d02-b450-9785f84bb6f8,3942226,0,0.2644732892513275,0.2678867871902259,15.9012575,13.957728385925293,11.828710581092256,2,0.001125393551774323,0.393656849861145,0.6052177548408508,0.0,0.40275136527192157,0.5972486347280784
a648aa81-c6b4-4150-8d0a-d4f9d4edbc3f,3942226,0,0.014160139486193657,0.00022182266968666012,11.580155,10.340630531311035,9.58183236821251,2,0.0006232252926565707,0.42912524938583374,0.5702515840530396,0.0,0.2229749101727012,0.7770250898272988
48df6fa1-7164-44b1-8d68-df046e21476c,3942226,0,0.003602680517360568,6.385564343605207e-05,8.229824,10.270269393920898,8.22991736403648,2,0.0001726496557239443,0.35296621918678284,0.6468611359596252,0.0,0.32975198435098085,0.6702480156490191
f43e0b47-85b6-4f13-9662-86c629bd624b,3942226,1,0.9637603759765625,0.948173328237116,,11.536026954650879,11.528330920090294,-1,0.00041189970215782523,0.3692495822906494,0.6303384900093079,0.0,0.45544365084202676,0.5445563491579732
baff0f3a-2b7e-4853-91c1-6619a0d758ef,3942226,0,0.012383336201310158,0.0035668184547878257,14.6,16.240468978881836,14.133264695101305,2,0.00032332222326658666,0.3584864139556885,0.641190230846405,0.0,0.29549738007147786,0.7045026199285221
ef1e3e72-a218-4bc4-a0ba-0cdef0d0def3,3942226,0,0.045651163905858994,0.0069362965706496185,22.98369,11.468417167663574,11.812743194052437,2,0.002143152756616473,0.3939362168312073,0.6039206385612488,0.0,0.3699169428217174,0.6300830571782826
496ca10b-0974-4a9b-9757-f67f6b5da589,3942227,0,0.019312195479869843,0.03488776894712244,8.077747,10.85124397277832,8.378427435910513,1,0.000524800387211144,0.47290679812431335,0.5265684127807617,0.0,0.5741748918093867,0.4258251081906132
e823f939-ee43-4ca9-a1e9-3faddcc453f5,3942227,0,0.00825600977987051,0.0036510004696244922,2.7073972,16.85158348083496,15.120811436176979,1,0.00015216958126984537,0.31117746233940125,0.6886703372001648,0.0,0.53831089617033,0.46168910382966993
eeb8cba4-4917-478b-9c03-1ca7e782d252,3942227,0,0.7931532859802246,0.3853408253128968,20.330273,11.378931999206543,16.16738528426229,1,0.0008338753832504153,0.43033990263938904,0.5688261389732361,0.0,0.31203124271978233,0.6879687572802177
7eacd1b2-35cb-469c-8756-ab28bc7467a0,3942227,1,0.9961749315261841,0.9967049869922951,,12.85405445098877,11.98165757034344,-1,0.00010433284478494897,0.6546797156333923,0.34521597623825073,0.0,0.431554930668967,0.568445069331033
c5f38b37-c926-4cc4-b9cd-aa55ff68c006,3942227,0,0.22091560065746307,0.045133657230048134,4.0459857,13.864853858947754,11.100797876181536,1,0.001969722332432866,0.42107969522476196,0.5769505500793457,0.0,0.43993424487835897,0.560065755121641
c4a27b4c-050c-4bb0-ab22-dfb672864c84,3942227,0,0.00818919949233532,0.004649139045226964,6.1032777,8.349411964416504,12.709005540725503,1,7.792916585458443e-05,0.4796326160430908,0.520289421081543,0.0,0.3343644405390792,0.6656355594609208
cb02a4f5-2f6c-4eed-82e8-a33ad0ea6268,3942227,0,0.03604934364557266,0.005228478309910707,3.6235342,11.145975112915039,12.52910325312568,1,0.00040118242031894624,0.32628247141838074,0.6733162999153137,0.0,0.14989328217376274,0.8501067178262373
ee44a083-cbc4-4826-a627-35ad96d9859a,3942227,0,0.006992293521761894,0.007355546944182043,7.392564,9.542275428771973,9.354458036721324,1,0.00029951916076242924,0.4712674617767334,0.5284330248832703,0.0,0.45253846440585643,0.5474615355941436
7e9f93d3-d0ae-476e-93b5-e2158ad6d487,3942227,1,0.9697629809379578,0.9412753700410806,,14.258914947509766,12.834153065978473,-1,0.001020102296024561,0.6534900069236755,0.34548988938331604,0.0,0.6667419100666987,0.33325808993330125
030fd2a5-e0b4-4abe-b80e-f6075b41d795,3942227,0,0.038721781224012375,0.00960862815157195,13.072873,10.039958000183105,11.650647418412099,2,0.00051055260701105,0.4253709316253662,0.5741184949874878,0.0,0.33144659090994966,0.6685534090900503
3facb3ec-3321-4d41-9fce-5bed831bfdaf,3942227,0,0.5785353779792786,0.48901764952683946,18.069311,18.893085479736328,13.493333807701958,2,0.0029828783590346575,0.30664920806884766,0.6903679370880127,0.0,0.24571455398116604,0.754285446018834
8881200c-72c0-4c55-9902-79d5c4433b11,3942227,1,0.9988190531730652,0.9971763576914773,,13.47177505493164,12.952774623375994,-1,3.261655365349725e-05,0.7132853865623474,0.2866819202899933,0.0,0.37590662271542397,0.624093377284576
61f3192d-4a3c-46af-a649-1d936b06cde0,3942349,1,0.9986997842788696,0.9960624778044538,,13.670395851135254,12.563284092858185,-1,3.19786267937161e-05,0.6963803768157959,0.30358758568763733,0.0,0.34461797215145773,0.6553820278485423
a455e45f-9275-4fc6-8de8-6ba46cc96195,3942349,0,0.36241522431373596,0.3396615768152527,5.217279,16.702478408813477,12.48829655536067,2,0.002570939250290394,0.3148602247238159,0.6825688481330872,0.0,0.30349511157586073,0.6965048884241393
a76eb650-557b-4962-a4be-9cd3c8062c22,3942349,0,0.016233479604125023,0.008158329296360487,14.060227,13.3915433883667,11.671884229243568,1,0.000254022772423923,0.34954121708869934,0.6502047181129456,0.0,0.41296941696164924,0.5870305830383508
bb8d2725-0682-44aa-84a7-eeebcac2f3ef,3942382,0,0.6890960931777954,0.6868718541364931,9.567131,19.580337524414062,18.27230881385009,1,0.0014094561338424683,0.32948243618011475,0.6691080927848816,0.0,0.32811851727601804,0.671881482723982
6b1caa0e-ad37-4c50-8005-ebb49a17fe5c,3942382,0,0.8020545244216919,0.8126575318253555,9.272001,17.071863174438477,15.116480836924126,2,0.0021202010102570057,0.33794692158699036,0.6599329113960266,0.0,0.28423295991388764,0.7157670400861124
5c9de7ea-e3ca-41a4-8971-7abd129f3a0b,3942382,0,0.17103925347328186,0.179598819211406,27.951744,16.73484230041504,13.195589954144827,2,0.0005509064067155123,0.3043597638607025,0.6950892806053162,0.0,0.2789338201128163,0.7210661798871837
8cfcdf07-6106-495f-aec9-c6f1ac03defc,3942382,0,0.010757040232419968,0.0018629090139144196,12.5004,10.914010047912598,9.998684249973257,1,0.0004091041919309646,0.4973942041397095,0.5021966695785522,0.0,0.29061501555974756,0.7093849844402524
b4b18f1d-d615-4890-99f4-c8569604bc62,3942382,1,0.9897848963737488,0.8823879378670826,,10.262179374694824,10.854793664788184,-1,0.00015130896645132452,0.3149014115333557,0.6849472522735596,0.0,0.3811391479184194,0.6188608520815806
63232790-89f3-426b-97a4-1083a6b8f277,3942382,1,0.9873219132423401,0.9003241243532055,,10.645452499389648,11.613769331923416,-1,0.0005597103736363351,0.31207016110420227,0.6873701214790344,0.0,0.36194564981916355,0.6380543501808364
2d83dc4e-2d7e-4b7f-a66c-e9f446cf0199,3942382,1,0.9990119934082031,0.9998270096516789,,10.870943069458008,9.655134227198502,-1,2.5100260245380923e-05,0.26751869916915894,0.7324561476707458,0.0,0.826152264223633,0.17384773577636697
852276ad-595a-47cf-9c76-67a7c3870991,3942382,0,0.03624424338340759,0.006248748173956837,1.3,15.354576110839844,14.732669730483336,2,0.0007733138627372682,0.46268242597579956,0.5365442037582397,0.0,0.40681439297416944,0.5931856070258306
bef4dc4b-484f-42ca-ada4-4b033a1e75fd,3942382,1,0.7941312789916992,0.4356078757202943,,11.250720024108887,12.0840551346632,-1,0.0009998948080465198,0.35621094703674316,0.6427891254425049,0.0,0.4598474430358249,0.5401525569641751
86e460f4-76ce-47c1-9f2c-b78283ca5f16,3942752,1,0.9903923273086548,0.9847168371302085,,18.265304565429688,12.563628857272677,-1,8.970204362412915e-05,0.630440354347229,0.36946988105773926,0.0,0.9372751487708813,0.0627248512291187
62b44fff-83f2-41a2-b215-d8d9d5a66cd5,3942752,1,0.9545129537582397,0.9691182380913673,,14.091229438781738,16.340039046657196,-1,0.001023947959765792,0.5462530255317688,0.45272302627563477,0.0,0.6036865824221875,0.3963134175778124
020527a2-efe0-4121-b82b-b95a814616dc,3942752,1,0.9886101484298706,0.9926963890729351,,15.88408088684082,18.226464510975728,-1,0.0002352537849219516,0.6983234882354736,0.3014413118362427,0.0,0.9048939268256756,0.09510607317432442
d8b081f2-6d72-40fc-b5d9-0ef4196764ad,3942752,0,0.09910476952791214,0.05668588037328557,7.7472577,7.847346305847168,10.56470381999094,1,0.0006006809999234974,0.32596781849861145,0.6734315156936646,0.0,0.1856474319589807,0.8143525680410193
07a4ae90-f8cc-4fa5-a154-853ae6ce46f2,3942752,1,0.2536800503730774,0.2725252859614172,,17.942705154418945,17.789743009273312,-1,0.0009066349593922496,0.2719406485557556,0.7271527051925659,0.0,0.2358878415795116,0.7641121584204884
c6e8695b-134c-4193-a66c-b180ece4bb55,3942752,0,0.0022432415280491114,0.00034834801515048233,1.6,11.045378684997559,10.1824980548948,1,1.2882586815976538e-05,0.42027801275253296,0.5797090530395508,0.0,0.3967410005013837,0.6032589994986163
0ab88e90-f765-426d-bf4c-b7a21f569597,3942752,0,0.4570118486881256,0.5057367230578826,16.02061,16.735450744628906,15.557881451399439,2,0.0005724163493141532,0.24072039127349854,0.7587071657180786,0.0,0.19966761544738032,0.8003323845526197
71decc13-a4ae-4a3e-a92c-514487b5a7cb,3942819,1,0.6890474557876587,0.7191856103861216,,16.818161010742188,15.314380889331261,-1,0.0021738577634096146,0.40320661664009094,0.5946194529533386,0.0,0.35616668653953365,0.6438333134604663
b81de908-4a35-4f85-a776-2f28cc4550cb,3942819,0,0.8738570213317871,0.8579890874040905,12.766362,19.207035064697266,17.816600787150083,2,0.001542665297165513,0.5396291017532349,0.4588282108306885,0.0,0.48940946145502995,0.51059053854497
a881898e-6334-40a9-97c3-81eaae624c09,3942819,0,0.40141773223876953,0.37718075206586826,10.1242285,19.809595108032227,19.77123427246281,2,0.0004581462999340147,0.20270167291164398,0.7968401312828064,0.0,0.21510222799167,0.78489777200833
e2627570-af7c-4f19-978d-030256fcdb6e,3942819,0,0.2634178400039673,0.09390118134920937,20.90287,15.864105224609375,13.390048639472012,1,0.0008899230160750449,0.3739030063152313,0.6252070665359497,0.0,0.2576424564105103,0.7423575435894897
c2c38da0-de11-4031-b03f-0d8f08014946,3942819,0,0.00890869740396738,0.006828587098128017,19.181501,16.818574905395508,15.452524795467511,2,0.0003684360708575696,0.44117385149002075,0.5584577322006226,0.0,0.36970224922012584,0.6302977507798742
398047ac-8a8e-486e-8193-715040e0f233,3942819,0,0.5684720277786255,0.6574672590980762,44.928833,18.91575050354004,16.63330167358325,2,0.0017956314841285348,0.26875221729278564,0.7294521927833557,0.0,0.2818432400842712,0.7181567599157288
79586a5f-2bcb-4e92-8810-20269807339f,3942819,0,0.39527952671051025,0.5100439892829753,25.554844,14.082254409790039,18.344394697164514,2,0.003029064740985632,0.4323272407054901,0.5646437406539917,0.0,0.33221381944226247,0.6677861805577375
3b688676-04a8-4b8a-a2cd-7e75e53e28ed,3942819,0,0.007371594198048115,0.0021627833337444667,13.483323,14.578055381774902,14.55066553218216,2,0.00021277720225043595,0.4453074634075165,0.5544797778129578,0.0,0.562865905444873,0.437134094555127
303f41e3-3754-436c-af0c-48eb82e116d4,3943043,1,0.3595719039440155,0.4456540024232782,,13.660122871398926,12.49852159679618,-1,0.0043135518208146095,0.4092773199081421,0.5864092111587524,0.0,0.34681602778403486,0.6531839722159651
96139fb2-efda-4bfe-bfb5-83ad1a3eb509,3943043,1,0.9899299740791321,0.9920250708800364,,19.299331665039062,16.33194570170128,-1,0.0002247131196781993,0.6304908394813538,0.369284451007843,0.0,0.547485903916111,0.45251409608388904
38403df3-75a7-490a-bc98-bd1b20a74fd4,3943043,0,0.029250094667077065,0.025971626032763154,12.209013,9.074652671813965,10.83987154103324,1,0.0004169353924226016,0.5303168892860413,0.4692661464214325,0.0,0.5549740157274724,0.4450259842725276
d4906489-3b0b-4cdd-9f4a-3be0ee122b9f,3943043,0,0.5926887392997742,0.808405382077221,11.6068945,15.448301315307617,16.358916977747633,2,0.004761981777846813,0.33859196305274963,0.6566460728645325,0.0,0.5548629770311594,0.4451370229688406
fe2e280e-921c-402b-bc6b-bc6f65c8fd79,3943043,0,0.051094431430101395,0.165106449132524,7.368175,9.409509658813477,10.760574580368466,2,0.0006503601325675845,0.2916406989097595,0.7077089548110962,0.0,0.40010267997066873,0.5998973200293313
ffc8e1cb-8af2-4377-92c3-300ab0b603c2,3943043,0,0.08046574890613556,0.20336786383571026,18.895767,10.757430076599121,10.314072008168347,2,0.0006736973882652819,0.24543917179107666,0.7538871765136719,0.0,0.33872052674844033,0.6612794732515597
c03b1e1b-9203-4afa-b026-f8bee12947e8,3943043,0,0.05017548054456711,0.06260609066796811,15.634897,8.659968376159668,9.943627231799551,2,0.00035005013342015445,0.2585696876049042,0.7410802841186523,0.0,0.2038169929504947,0.7961830070495053
ee293a76-bfe1-40bc-8fbc-08c1c4fd3766,3943043,0,0.0025821763556450605,0.0015197639962512396,7.569016,8.577081680297852,9.978272425564107,2,1.2224849342601374e-05,0.29860639572143555,0.7013814449310303,0.0,0.2770463724837705,0.7229536275162295
60317334-c45e-488b-91cc-bb32de938350,3943043,1,0.98470139503479,0.9946464729199553,,17.902204513549805,15.358141793700373,-1,0.00047267877380363643,0.6055700182914734,0.393957257270813,0.0,0.5969801762257083,0.40301982377429174
087dfdad-4e76-41dc-b63b-55d34a9c3554,3943043,0,0.1983540803194046,0.17904563398768586,6.3411355,12.801316261291504,14.39868563963413,2,0.0020468870643526316,0.28911682963371277,0.7088362574577332,0.0,0.228303797427847,0.771696202572153
bb717e83-0a26-4ffe-a390-f2e7eb01af09,3943043,1,0.4532201886177063,0.6544755620163236,,13.36232852935791,11.837936612006823,-1,0.0014196408446878195,0.5159109234809875,0.48266950249671936,0.0,0.4698835876466929,0.5301164123533071
e72ce8fe-0754-4ea1-9990-2fb5fe55e227,3943043,1,0.9783306121826172,0.9935263404219457,,16.614076614379883,13.99753715215276,-1,0.000148931605508551,0.7076002359390259,0.2922508120536804,0.0,0.6754213548510284,0.3245786451489716
eb9dc193-69a1-4bc8-8237-0cb1d1884251,3943043,0,0.0190656166523695,0.00607590051760596,2.2561028,7.531778335571289,10.93636063237812,1,0.00020552490605041385,0.48983919620513916,0.5099552869796753,0.0,0.3384106822275439,0.6615893177724561
7d8c980a-3feb-4980-8623-3c1a99105ee0,3943043,1,0.49754270911216736,0.7621795918510804,,15.099943161010742,15.976647828524086,-1,0.005651926156133413,0.38977164030075073,0.6045764088630676,0.0,0.46784019197748594,0.5321598080225141
