match_id,winner_event_id,target,p_positioning_gnn_exact_precontact,p_setup_plus_incoming_xgb
3764440,aa436187-a199-4a19-8fa8-44836e64e36e,0,0.10240437835454941,0.0891833305358886
3764440,4a40f0ca-9d7c-4659-9f8a-3a16751ef3a0,0,0.29337379336357117,0.3348159193992615
3764440,c6778011-e687-4076-ba0e-10ba2cf82c24,0,0.13241860270500183,0.1229932755231857
3764440,616f5ce8-67c3-48c1-bff6-eda55d4b09ce,0,0.10319119691848755,0.0869120210409164
3764661,940138f9-c95e-40a8-901a-e3e8f3649aff,0,0.10474647581577301,0.0744385048747062
3764661,cb65248c-2cb2-44ab-9bde-f7de1de71e93,0,0.0715845599770546,0.0945559740066528
3764661,dd9f533c-4405-4163-aec3-81c426b9c645,0,0.1984976977109909,0.3839092254638672
3764661,e0e3b6d0-7e59-4709-92aa-d77359446d17,0,0.2680820822715759,0.3403544127941131
3764661,c4626dae-5af1-4c46-9279-46045bb439ec,0,0.11854153871536255,0.1403758525848388
3764661,2d69069f-d976-4b84-8f96-245bcd5c41e0,0,0.06727057695388794,0.1539014875888824
3764661,bc9bebd8-24c5-4856-9811-09d3fac8d07f,0,0.05255529657006264,0.1212511137127876
3764661,94c81e29-9380-4c31-860e-e41d08e5b09a,0,0.10235557705163956,0.1540280133485794
3773369,3f22ad23-8849-4cdc-bf2c-a3198786d8d8,0,0.0700710192322731,0.052776750177145
3773369,0ede2a5a-14ca-4fad-975f-631ec61e3db8,0,0.15567737817764282,0.074490413069725
3773369,688d5b2e-3000-472f-bf79-8cfe5505b0ae,0,0.33305126428604126,0.2343672811985016
3773369,fc80d7b4-a1f9-4457-bdb9-3d9b28644eec,0,0.06996546685695648,0.0440561547875404
3773369,a1b87f23-832f-4597-8c5a-057da606e967,1,0.24604757130146027,0.2836380898952484
3773372,c0694b7c-b58e-43f9-941e-af8a41b0cc67,1,0.3114004135131836,0.4763945043087005
3773372,4d8b90ec-6ea2-4c47-a593-9f42741c60b6,0,0.21910324692726135,0.2593749761581421
3773372,8ae292f0-8e58-42bd-9fa4-37a4b2cd210a,1,0.14741399884223938,0.0995706915855407
3773372,f491764d-dba5-4b9e-a9a1-aaa3879cd38f,1,0.16842800378799438,0.2077916711568832
3773372,45f81e0d-75d0-4ee0-9a4c-caa747e131cb,1,0.09482164680957794,0.1955296844244003
3773372,38c1eec1-b1fc-4d08-a3f0-21344db43e43,0,0.19005830585956573,0.17635478079319
3773372,261334c4-7479-4c38-be61-36d30c2a4ef4,0,0.26658540964126587,0.1695467382669448
3773377,3571f1b0-7354-45cd-bd6a-fe343a62b1d3,0,0.2991177439689636,0.2274213582277298
3773377,80bdeaae-517f-44e0-969f-99291ad0c8bc,0,0.2868712544441223,0.2864276170730591
3773377,9d9c0a9e-4ba9-4ba7-a441-014178340991,0,0.11008729785680771,0.0924000814557075
3773377,4ce2ff6f-7168-4526-9561-0192877ff410,1,0.1447952538728714,0.1931506991386413
3773377,71fdcceb-f8fc-481b-b109-d192e8de1124,0,0.13737788796424866,0.10611292719841
3773386,775e98af-274b-4c51-a1d4-e8b556abcb93,0,0.15023638308048248,0.1277322173118591
3773386,56d60039-44f0-46d5-b588-6ab913980867,0,0.3311397135257721,0.3779144585132599
3773386,c60e395a-a13f-4ece-b384-ffe686118665,0,0.3079972267150879,0.4684056341648102
3773386,4499fee0-2db7-4699-9576-9999d0e92627,0,0.13769036531448364,0.0897052735090255
3773386,ddb5c2bf-12c6-4778-85d2-f6bf366cc1b8,0,0.19497378170490265,0.0911830142140388
3773386,b5ab6aaa-b599-47d8-9b95-25c14d1c2340,0,0.29827120900154114,0.2968150079250335
3773386,e1364409-6232-4ff2-aacc-62f8aa04b4bc,0,0.1853799819946289,0.25974041223526
3773386,8d0021ab-96e1-4e73-9437-386f1048595e,0,0.08181708306074142,0.1104239746928215
3773386,f0a910c0-6cbf-4add-b26b-a32e5ac8844f,0,0.1788928508758545,0.1577092856168747
3773387,9ace9e2e-5cb7-4b63-96d3-581186711fca,0,0.3020818531513214,0.1898121237754821
3773387,a0fcee32-76ef-4bab-805a-70e286e16ca7,0,0.09580119699239731,0.1279967725276947
3773387,e8fb9793-90bf-4ea9-a740-c2898ba4e29b,0,0.11553353071212769,0.2850895524024963
3773387,ef020f7b-7753-4878-a1b9-f5c92c80c9f3,0,0.2181072235107422,0.4234252572059631
3773387,77d4b509-4206-4036-9c19-727b563a2719,0,0.15894602239131927,0.079635664820671
3773387,21ecf069-6f01-4d10-9ce5-7a9782da8151,0,0.2832532525062561,0.2669298052787781
3773403,f1df8e1a-334e-4d22-a057-7b481b493ad2,1,0.2381034642457962,0.2216170579195022
3773403,7ae8e519-4800-40f0-b7c3-245767fdde54,0,0.21235927939414978,0.3293130695819855
3773403,0649ad23-37f8-4461-8f8b-aa4733ed4864,0,0.0885404422879219,0.0943419635295867
3773403,70aca46d-0bd0-40e5-b6ea-fe2336cd9750,0,0.18683767318725586,0.130236804485321
3773403,f29a38e2-625d-4aa5-a22d-fac08fb2427e,0,0.19486762583255768,0.1372444033622741
3773403,ccdbd3d2-7994-4805-8db2-c68c23cca1da,0,0.2689957022666931,0.3501116037368774
3773403,98417e3c-ad89-40cb-a447-09425951698f,0,0.27780038118362427,0.2324272692203521
3773415,b3bc3b0c-0bc2-42ec-b654-ed46e252c18b,0,0.24008436501026154,0.2892399132251739
3773415,aff0df7d-c4a4-4013-aa89-e510e2b9c1a3,0,0.11504440009593964,0.1804824620485305
3773415,bbb19143-b100-487d-979b-36f66e5cdff3,0,0.2172781229019165,0.1633306890726089
3773415,908f2137-a79d-4fd7-9f29-a3ef2d6119b4,0,0.2406698763370514,0.089536041021347
3773415,d4a220ce-abcc-4566-b57c-2c94704be0b1,0,0.23621806502342224,0.185191810131073
3773415,16dd3a50-6c75-448e-8afb-e32f49082ee6,1,0.25088492035865784,0.3282678425312042
3773415,ac5ea7ab-b994-44dc-aa3d-c02f50ab7d78,0,0.23216207325458527,0.0924583226442337
3773415,aaa3a0f2-f53e-42bb-a2e3-8df57551dd9c,0,0.30464428663253784,0.193665012717247
3773415,d3763726-44a0-4101-9eee-fb741a4eae9d,0,0.3323251008987427,0.3359510600566864
3773415,ea5832b9-7ab1-45fe-a792-4e8bc3e2b85e,0,0.3970380425453186,0.498949646949768
3773415,c47495c0-bbcd-47c3-bec5-a5c786278d4b,0,0.35859215259552,0.3176270425319671
3773415,35bd2b7c-a817-4fa8-b6c4-85fc4c57b15d,1,0.2847742438316345,0.2006066143512725
3773428,d263c522-36cd-4beb-999d-c05d36200d02,0,0.10780397057533264,0.194287359714508
3773428,edc6642a-bd00-429d-a591-5e79c533531b,0,0.05001961067318916,0.0938211679458618
3773428,1b3e5088-f636-4a24-8292-ba5f0313365c,0,0.17002952098846436,0.369090586900711
3773428,8a006f4c-ab05-4ec0-bd0f-f30b29368082,0,0.12806814908981323,0.2462356984615326
3773428,e4fcdd5a-7740-46b4-a663-ef6c0b1c8e6a,0,0.16679330170154572,0.12584188580513
3773428,15671c59-65dc-4d59-bb8d-1d5c913dd82e,0,0.3586902320384979,0.5392149090766907
3773428,3a1b61b2-534d-4def-a6db-816489f9cfe8,0,0.12485303729772568,0.128716841340065
3773428,48402acc-6500-4ccc-bcc8-061093e17ade,1,0.16376321017742157,0.1965584456920623
3773428,48d5d3e0-aa2b-4a50-9bfb-cfab62c88e2f,1,0.28834599256515503,0.3801704943180084
3773428,fa74d0fa-667b-48c6-a60e-a8a563b7a328,0,0.2742467224597931,0.1301399767398834
3773428,0e132039-d33c-49fa-b0d6-e19029bc655d,0,0.06956544518470764,0.0682182312011718
3773428,571cc8aa-6717-4bdf-b585-abf2eade6b30,1,0.2725006639957428,0.3566474616527557
3773457,00c78720-4fb3-48f7-9d06-2b5af206365f,1,0.057370927184820175,0.0755302533507347
3773457,afacbc32-d63a-4639-b28e-2af090610cf1,1,0.2649640738964081,0.2262189537286758
3773457,960f3f47-1b95-4470-b35b-181723539cf9,0,0.08336174488067627,0.0686618015170097
3773457,ea65f2f2-41d6-4e4a-8173-68131e58b1ef,0,0.03245661407709122,0.1529901474714279
3773466,67b9c5a1-1703-4189-a95a-81b2a8606c8b,0,0.11358807235956192,0.1937359124422073
3773466,b52a5b16-a7a3-4863-917c-806fdf86e934,0,0.2898843288421631,0.1932792216539383
3773466,a69dcdfa-1b25-4182-b465-b7a0b27ce4e2,0,0.43165281414985657,0.2374298125505447
3773466,e4bbbdc7-8524-41db-baf1-7e8b574ff80c,0,0.2904346287250519,0.4189775586128235
3773466,88cfa140-7cc7-476c-8efc-cbe9868c0067,0,0.08943139761686325,0.1050126478075981
3773466,81b000e5-044d-4258-a7c2-a67af271ec4f,0,0.35008522868156433,0.3391993641853332
3773466,50e0b58d-3025-4a93-ac19-c7b7b88b2139,0,0.3073367476463318,0.4045023918151855
3773474,971abd1e-4745-4454-9270-7c36c2acdf0b,0,0.06898420304059982,0.0989894494414329
3773474,fe844449-8c84-4d71-87e2-b0b873bde687,0,0.16805078089237213,0.1439393311738968
3773474,abbbfee6-304b-49b9-a690-f9ec5dea0785,1,0.2362145185470581,0.2005268931388855
3773474,ab027e27-5cd7-4f06-8f18-458adac59703,1,0.3647996187210083,0.3308336436748504
3773474,ebcfb7e1-d86f-40d5-aab9-20d520f6d5d6,0,0.26130738854408264,0.1350703835487365
3773474,22271697-e400-4565-8ce4-fbb0f00680bf,0,0.20426762104034424,0.1506353020668029
3773474,5f904e20-4b2e-44f9-8c33-b9fdb4a05a31,0,0.04981827735900879,0.0682939067482948
3773477,6ac51f92-0fde-44f0-a136-69364dc2acc8,0,0.26699763536453247,0.1989346593618393
3773477,91c0e410-bcb4-4a50-ab70-43add86e590e,0,0.21950963139533997,0.3104363679885864
3773477,590bf310-a47c-498c-9fed-dc42b433baa9,1,0.18516209721565247,0.2434125542640686
3773497,b3752a9b-9908-4619-be59-9763215faf37,0,0.361772745847702,0.2492579817771911
3773497,ddcf3127-a165-4606-ac18-3db263cbc8a6,0,0.320396363735199,0.376968115568161
3773497,98c37f6a-b67b-4aa0-8ead-8f70e9ece5b8,0,0.10162461549043655,0.0873341932892799
3773523,3dabe86e-1e54-47bc-b18a-5ba69b7e3d94,0,0.04662530869245529,0.0883640274405479
3773523,47c30fd0-e166-4b5f-bb10-24e297618215,0,0.13207405805587769,0.0488222911953926
3773523,54c50412-dac6-4c60-a07d-2898f888d526,0,0.19524040818214417,0.2296804785728454
3773523,c77489b0-9a1e-4950-99f9-b26d5bd593ed,0,0.060426488518714905,0.0463447272777557
3773523,4450e16e-5df6-4941-8ae0-e2d3434975fd,0,0.09181728959083557,0.3230763077735901
3773523,da77b443-e083-4c59-862f-4f46329a9201,0,0.13710324466228485,0.1048702597618103
3773523,88b65e00-b530-415f-8971-dd6636b38512,0,0.09855548292398453,0.048389695584774
3773526,a26d0120-a686-42bd-b9ea-db35d8fb4305,0,0.05573873221874237,0.0947737172245979
3773526,7999fb35-32a0-4cfc-b4d1-ad67dd6422bb,1,0.2611658275127411,0.4839960634708404
3773526,4f2fb303-091b-44f0-8dab-c82e11990391,0,0.10136916488409042,0.0447582565248012
3773526,6dc26e59-4f8b-4169-8d12-d9f76f1b7234,1,0.1545386165380478,0.2310357540845871
3773526,d1e7a98f-bca7-4884-bd4d-c8d76acbecc8,0,0.06803165376186371,0.1232978552579879
3773526,da871896-2869-4b8c-9555-218979bc35ed,1,0.23053735494613647,0.3258382380008697
3773526,effadaac-f84f-4112-9a15-a8cf2d836cbd,0,0.0805673897266388,0.0326048620045185
3773526,ff34d868-9775-492f-af59-870e31c2d297,0,0.3191435933113098,0.1859443038702011
3773526,4f3e29ed-01eb-4be8-9b3b-d67247047324,1,0.1511119157075882,0.4825581908226013
3773526,86ccd188-1a06-4efe-96cd-8a548b96e62d,1,0.3097535967826843,0.375058650970459
3773526,aba8908b-b636-498d-974e-b9bd884f0dad,1,0.10496662557125092,0.1414337307214737
3773526,f788f223-30a3-4bb1-bd96-9622d43e8585,0,0.08192988485097885,0.0573742538690567
3773526,674a451a-118b-4bc5-a436-fe7015cf0d74,0,0.1965639442205429,0.1062014922499656
3773526,226470dd-6e28-48ba-8a71-29db4c13efbe,0,0.2652119994163513,0.245608702301979
3773526,c5855215-ea18-4f9f-8850-4e0c3b8879e8,0,0.14664697647094727,0.252505898475647
3773547,ce8f4504-1b43-4377-a637-df11ba24d969,0,0.07478033751249313,0.1079243347048759
3773547,1ad65e45-025f-4c00-ba0a-b703b08470e0,1,0.22780615091323853,0.170295313000679
3773547,46430c6a-a25e-472c-998d-b23fb7ad6cf2,0,0.20961768925189972,0.2617653906345367
3773547,fb50d2d2-db41-4eb9-a5d5-b007fba3516e,0,0.12483548372983932,0.0953762829303741
3773547,209ff6d5-c8e7-4c0c-b169-356cba8aeefa,0,0.1892595887184143,0.3053774237632751
3773547,04295459-bea1-4e4f-be52-f7bb08b2901d,0,0.10588636249303818,0.1156918630003929
3773552,50104f0c-9312-4411-96da-065aa88a5fd9,0,0.20617824792861938,0.3336234390735626
3773552,feff9f88-0593-48ba-8985-a2cddc6f0ad8,0,0.14781703054904938,0.065259538590908
3773552,f40d1bec-1e88-4c89-a8bc-e5de19ebbd93,0,0.17653919756412506,0.1396378427743911
3773565,38b8ea03-7e0c-4442-b94b-d6d85cbbcf9d,0,0.15850339829921722,0.1453916579484939
3773565,41dbc26f-4b41-4553-b935-cb749965cd16,0,0.3773176670074463,0.3337521553039551
3773565,71b1bd34-4e24-46b6-a4f4-ce08f4989376,1,0.3535158932209015,0.4781992733478546
3773565,960b587b-ce84-49ca-9eea-dcad406bcb38,1,0.17059041559696198,0.1249478384852409
3773565,ea6ab8b9-6291-4c0c-b659-195ee3a96b49,0,0.2362689971923828,0.2123731076717376
3773565,eb143927-9f31-4228-af57-d4b2629c0fac,0,0.13922518491744995,0.1247607320547103
3773565,d106d3ef-fde8-471d-bab5-059ba54d757b,0,0.30948254466056824,0.2395966947078704
3773565,a38963c5-a23a-41d8-bea9-f63e82b983a4,1,0.15912827849388123,0.1773734539747238
3773565,179e6961-4cb6-47be-a6df-be0e0ff5da87,0,0.20978568494319916,0.1046603396534919
3773565,dc848ad5-6fe5-490a-b19e-30566b10fd6d,0,0.1632557362318039,0.1040905565023422
3773571,1cf426ad-e8f1-4081-bd14-23b223cf4950,0,0.1605890840291977,0.3209515511989593
3773571,77b6c46b-3cf4-4c7e-b795-9692fa1e51eb,0,0.35693100094795227,0.556098222732544
3773571,c0e6a41b-ec23-42a2-88c5-2b9f51a30dda,0,0.14192409813404083,0.1517365425825119
3773571,bf845c50-8c44-4489-95da-47445273faae,1,0.05978795513510704,0.1478872299194336
3773571,88d781b3-5bca-4c9e-84ad-c76f76a9b9ba,0,0.04557153582572937,0.116109699010849
3773571,15b994c2-fb3d-48b7-bb06-5f091dd2b590,0,0.10512217879295349,0.0784849599003791
3773571,6cf8748d-174a-4e69-95b7-4d8bb8b727cb,0,0.05227300524711609,0.0894306972622871
3773571,72c7cab3-adcb-4fe8-a4af-14489b961231,0,0.10342389345169067,0.1339860558509826
3773585,71f7f932-25b2-48a9-bb82-761eab65973a,0,0.11111923307180405,0.2201340496540069
3773585,7e2090f9-0c06-457b-9368-af6b919575a3,0,0.2076115608215332,0.3641691207885742
3773585,c3bef5b0-127e-496c-b659-7996fd51da81,0,0.14116312563419342,0.1991599053144455
3773585,40591a32-e934-4762-8384-ba9fe75c0781,1,0.18920977413654327,0.4783099889755249
3773585,c6223ac5-4d03-4cad-a21c-3322221db636,1,0.1614554077386856,0.3725333213806152
3773585,8c2a9ca4-5d99-4c83-8729-f26dc5bca57d,1,0.2891214191913605,0.1847971677780151
3773586,cf04b21f-f682-404d-881e-9ce0eab325c6,1,0.21084390580654144,0.5472196340560913
3773586,7096eab2-d666-4333-862b-3993fca4b362,0,0.17580126225948334,0.1863415092229843
3773586,30bdb7fa-3a37-4804-8c1e-013184808a6b,0,0.15171454846858978,0.1063763126730918
3773586,4b755b7f-8887-4908-847f-8557abeec4c3,1,0.2048695832490921,0.2977087199687958
3773586,ae3bbe69-9e31-4036-a8c4-1bfb2f4265b1,0,0.28944647312164307,0.1598699241876602
3773586,0562ce6f-d878-487b-a956-8497b79c6a9f,0,0.42171749472618103,0.4171494245529175
3773586,a68f389a-78c3-4f3d-93ab-352459f11d06,0,0.18854251503944397,0.1015952751040458
3773586,47f21773-5e13-4d19-ad55-f8278a458ee5,0,0.16754497587680817,0.0919117406010627
3773586,4c8ba09e-ba17-488d-ab8f-727f688db199,0,0.25617343187332153,0.0654894411563873
3773587,251c3036-aebf-42c9-8b29-9127e796ce4d,0,0.320932537317276,0.2474066019058227
3773587,56f519b4-fb1d-45e9-b386-7f978239fe66,0,0.38385915756225586,0.6737174391746521
3773587,20aa68d3-72b9-4337-83e6-7be6e8d8c302,1,0.24968264997005463,0.1927912980318069
3773587,b91915c9-edce-4427-a9db-307a181a7f41,0,0.16099843382835388,0.209990918636322
3773587,9b0b205b-422c-462e-9a81-4cac78e4a871,0,0.07707959413528442,0.0915983170270919
3773587,4eb15e3f-f7da-497e-9a56-290198f6eab6,0,0.15758739411830902,0.274966686964035
3773587,6a91ad03-a98c-479b-91ad-c3a6b6bad320,1,0.23314115405082703,0.3698772490024566
3773587,ac1de793-b5fc-4e4e-b4b0-eefd457bc898,0,0.15983422100543976,0.2218153625726699
3773593,2b9b39a2-aff8-4bf4-99aa-0448aa87db3e,0,0.10791435092687607,0.0473332852125167
3773593,e76420ea-22ef-45bb-a49b-7299d135b82b,1,0.14902432262897491,0.4157021045684814
3773593,adb31b28-2288-454c-b3c9-e1446703080e,0,0.2938099801540375,0.1929510831832885
3773593,7abead64-0f23-40a5-8e3a-7c9cce2fe6c1,0,0.2113017737865448,0.2169397324323654
3773593,dcd5f091-f2e1-4ad6-ada8-02fcde31a665,0,0.11272099614143372,0.0645541623234748
3773593,5fd30e67-39bf-4974-9c44-af7b5fd8c8e0,0,0.15924324095249176,0.1475617736577987
3773593,4f42b1e0-92af-4a2e-bdfb-824647e2ec82,1,0.3411274552345276,0.3240537345409393
3773597,cb12cb24-19e3-468a-bd67-bad9f08464b1,0,0.21267814934253693,0.1854236423969268
3773597,94cdbbed-e998-41c1-a1d1-1ad9a339e360,0,0.12097285687923431,0.3230732679367065
3773597,5e65948c-4f34-4387-bd48-0881497f730f,0,0.26375919580459595,0.1331267207860946
3773597,005b7688-9d42-4c8b-a482-7c23b47c5c10,0,0.23270204663276672,0.1971221715211868
3773597,3b8d9291-f8e1-4285-9fec-364598db769b,0,0.14601968228816986,0.1046963781118393
3773597,a0fd6ae3-d53a-4580-a994-d477c8d731a2,0,0.23780493438243866,0.1141494587063789
3773597,c10dd888-c988-4733-8e88-c8ad8c39a7e9,0,0.14842218160629272,0.1682782024145126
3773597,788d2692-f5bc-456f-8fa0-bccab3c3b4d1,0,0.288718581199646,0.1926999688148498
3773625,57f117bb-ea01-4c56-bf8a-cabf21ca8ba5,1,0.4443964958190918,0.2964509129524231
3773625,6efcd8b8-c0b1-44af-9cb8-518a8420e764,0,0.199932262301445,0.3422959744930267
3773625,67b527cd-63fb-4891-b762-4fc13649b12d,1,0.20827297866344452,0.1742254495620727
3773625,2880fd54-6463-4cb9-b346-9af77f91aa42,1,0.32377415895462036,0.3287759125232696
3773625,ca29e651-ae9f-4f2a-9f82-5afa2895ffe4,0,0.2774919867515564,0.4021333456039428
3773625,4cd59754-1214-4ac9-90ae-9f523e9d7f4c,0,0.42323461174964905,0.5801516771316528
3773631,6830a009-d6c7-4b5a-b6e7-2bed9fa8d3a9,0,0.31752821803092957,0.2117636799812317
3773631,7a99b096-c80c-44e2-ac8d-0c6ecf86c534,0,0.1301485002040863,0.0914124771952629
3773631,ed90810d-3f74-4346-9421-746650673ff9,0,0.041834063827991486,0.125577688217163
3773631,dfe3442d-6758-4aeb-b944-1758caea3a82,0,0.1424408257007599,0.2508103549480438
3773631,3352a10b-71a0-4930-b74e-6759acbf710d,1,0.06459556519985199,0.1177893653512001
3773631,a5383c64-2f2b-490c-b3c4-ba166a29a403,0,0.19168183207511902,0.2955348789691925
3773656,904f3fef-6e01-41aa-94d8-aa2355a09baf,0,0.2426425665616989,0.2694016396999359
3773656,aac9bef7-fdbe-4d08-9cd1-005c6cfa0d0e,0,0.30307066440582275,0.5328372120857239
3773656,4677f0cc-36ba-4ff4-be7a-3f1565acc72e,0,0.20068340003490448,0.2899346053600311
3773656,7690e5e0-e816-4e90-9a4a-c9ff299a393c,0,0.05019476264715195,0.0616995468735694
3773656,5bc080e5-e9ab-4571-9025-f6ce6879c570,0,0.23567228019237518,0.1556050479412078
3773656,72944bd4-579f-4fa1-b53c-7da783fa8952,0,0.1966748833656311,0.1481123119592666
3773656,57c92724-22d2-43ba-b6c6-fed377bd003d,0,0.30143943428993225,0.5821059942245483
3773656,c8a913b3-6bdf-4feb-a4c5-a60ccbf3850a,0,0.14074593782424927,0.155229315161705
3773660,587cca38-2f80-4f25-8ac4-67f5adf2809e,0,0.08724494278430939,0.1601176261901855
3773660,da863651-1174-475b-83d5-abe666286376,0,0.0983847975730896,0.0919993594288826
3773660,e9582368-c10a-4b9d-b27e-3eb17018700a,0,0.12470600754022598,0.0581101216375827
3773661,4d27d079-c025-4eb6-b810-cbdcca0e52a2,0,0.2241925746202469,0.2601557970046997
3773661,fc656abc-a88f-4fab-bdfd-ecd35aa91f75,0,0.27714723348617554,0.4190996587276459
3773661,897e968a-908e-435e-a5d4-8edd7a19e237,1,0.2550274729728699,0.29246586561203
3773661,e546c776-a385-449d-aa6e-7ddb571d589c,0,0.2408129721879959,0.2322674691677093
3773661,81e781eb-31cc-4a20-8c52-40ecc2da10cf,1,0.25527891516685486,0.2957000136375427
3773661,7f4b4079-f84d-49cf-b0fd-a36d82509bee,0,0.03502940014004707,0.1559773832559585
3773661,06edd25d-fa1e-4e81-90be-dcdb44c039e9,1,0.16702109575271606,0.1138335317373275
3773661,8124774e-66dc-42bb-b8b2-ac788c8a009d,0,0.2600587010383606,0.1657770723104477
3773661,7b9cea1d-7875-471f-99b9-3d5454888c60,0,0.09684605151414871,0.1293041408061981
3773661,bd758bb3-31aa-4df0-9c54-626633db2168,0,0.1786896139383316,0.1755162179470062
3773661,3c4596b8-bc28-4f22-81f3-f9f559bf0029,1,0.3420177102088928,0.3871543407440185
3773661,ed501b48-1005-4954-90fb-502d0b661cde,0,0.18626369535923004,0.1548367887735366
3773661,e812e9f4-3158-4c33-a184-a649c2992b75,0,0.3111467659473419,0.3364625871181488
3773661,c6d95b91-b456-47b1-8982-a7265691d483,0,0.17529024183750153,0.1338392198085785
3773661,d33e8bae-8678-4d23-a33d-9ff0aee61cff,0,0.16717615723609924,0.0574452392756938
3773665,776ed4c6-bb39-41a7-a9f4-58d18f828f30,0,0.15751799941062927,0.2425629794597625
3773665,2fafffee-e602-4cf9-86dd-d42f13c7db77,0,0.348137229681015,0.2753395736217499
3773665,2818f2dc-439a-47c0-a01d-4fcb02d46c76,1,0.3034897446632385,0.2298231571912765
3773665,7c806200-c2be-4453-8ee5-424be070898a,0,0.05714979022741318,0.1301784217357635
3773665,997d99d7-3f53-48e0-8b44-945b66785bfc,0,0.11735614389181137,0.1240210607647895
3773665,d0a56f9e-1453-4e1f-9262-5e4aeb73e278,0,0.24486812949180603,0.1425673067569732
3773665,437ffefa-5a2c-4b2d-b1d5-d029561b6a29,0,0.10566657036542892,0.0991873815655708
3773665,9634b300-f45e-4c92-8762-3990e35e5fb2,0,0.10124040395021439,0.2771698534488678
3773672,53adfbd7-23de-48bb-bc54-1a7fd5b56d0f,0,0.33864066004753113,0.4091466665267944
3773672,1ec919c6-033e-4e35-a2e5-a7c99718f13c,0,0.029953887686133385,0.0493274517357349
3773672,15732b98-875c-4ea8-84d1-d704d6331f9b,0,0.106515072286129,0.0795778259634971
3773672,91c1ddae-2039-4fff-8a65-86b3a2ed6c06,1,0.3958588242530823,0.2744024395942688
3773672,4aac9a1b-9d2d-4a7b-848a-9052e4afd383,0,0.25991642475128174,0.2946728765964508
3773672,41791865-9b6b-4ac1-94f9-99c2f3b2f8fb,0,0.1912996619939804,0.1133358478546142
3773689,e0a2f6f5-5c96-4a28-9dca-96a2f058ab35,0,0.1565742939710617,0.2179422378540039
3773689,46b7b81c-1439-4c72-b85b-d18ceeef4bbd,0,0.1790277361869812,0.3293922245502472
3773689,b04a5446-d892-410c-9285-aa4b9522c23d,1,0.21723997592926025,0.2576921880245209
3773689,697c4e57-d50c-404f-8d40-7d7272cee305,1,0.15908722579479218,0.3378330767154693
3773689,24fe1f55-d4ec-4491-8a3f-185b5d788197,0,0.07463163137435913,0.052970889955759
3773689,c3474f25-a7c0-4f4b-b073-b8395089e350,0,0.23101572692394257,0.2226433157920837
3773689,0d0270fa-c52f-4167-a293-ed3ec3ad4dfd,0,0.29743945598602295,0.3655406832695007
3773689,a40caa56-3e56-46e2-8f57-8e1790b9e1d8,0,0.2860161066055298,0.1695277094841003
3773689,914ee233-1a2d-45d3-9a4a-8f1944331af6,1,0.26880180835723877,0.2118181586265564
3773689,d05bf69d-b84b-4269-8bc5-d56e61e2854b,0,0.32957184314727783,0.3519596755504608
3773695,d483aee2-7872-4c01-ba06-a133fdb2b182,0,0.18250517547130585,0.1235250532627105
3773695,de1645d0-cf8e-4d41-8939-6fcf0db988cf,0,0.05026727542281151,0.062773510813713
3773695,03244d0b-54a7-4abc-93dd-84ca9c62a7aa,0,0.30477821826934814,0.3822464644908905
3773695,6a91b084-a6d9-4e86-a389-86dae36d955a,0,0.15463756024837494,0.2156447470188141
3773695,213860da-9bdb-4c60-ab78-c6b2e6b8d8e2,0,0.17254690825939178,0.3073820173740387
3773695,28c93e8f-d4d8-49f5-aad4-8b86d3016197,1,0.16343863308429718,0.2721119821071625
3773695,4f69a75e-599b-409e-a863-e81e22fc6cb5,0,0.1229843944311142,0.0780225098133087
3773695,4bb0d451-f9b5-44ad-928f-08ef9116d6ad,0,0.20831240713596344,0.2153937071561813
3788741,0f50d5d3-4fea-4511-a22e-affa93f3a6de,0,0.11431659013032913,0.0749270319938659
3788741,b4dfd1a3-495a-4438-b454-496f22d7c1ea,0,0.35988089442253113,0.1521789878606796
3788741,267364d7-1919-4f4b-a62a-53b9a22d4caa,1,0.1524953544139862,0.0805345997214317
3788741,b7b4419b-fab3-443c-b47a-98b532c798e3,0,0.09813600778579712,0.0884927734732627
3788741,97283c0d-44b4-4004-aabe-b993458de629,0,0.10329435020685196,0.0811212211847305
3788741,ac74c3f0-75e3-4e7b-be07-06bb833f5e9e,0,0.2439105063676834,0.3626233637332916
3788741,c4e6dda2-1cdb-4ab8-8480-1d9007af5c09,1,0.2755703628063202,0.218480959534645
3788741,38a4c3f7-1b75-43e0-9f1f-1162fb0a1e02,0,0.24226248264312744,0.1717934608459472
3788741,1ba39d1f-7745-49de-bc0f-8a60bb0115f7,1,0.4108804762363434,0.2956942915916443
3788741,f8a0814b-69cc-49f5-ad37-51f309ec4b3e,0,0.27826446294784546,0.2197633981704712
3788741,f017148c-bc30-453e-92c0-c9649fe9eb4c,1,0.27739936113357544,0.1170095801353454
3788741,5e562676-d364-446b-97ca-721ccdd427a5,0,0.32021257281303406,0.3117920756340027
3788741,ac3fc61c-c03a-45c7-9835-b0fd27adf2ab,0,0.20803877711296082,0.1108009666204452
3788741,3e1db397-00e6-478e-aed4-fb0f897e339d,1,0.19717112183570862,0.1951046884059906
3788742,adbcf44a-dfeb-4e0c-9bb6-0956bbf93927,0,0.21056534349918365,0.1440315693616867
3788742,ed56edb5-0c68-49e8-a17c-b44ad34ca84f,1,0.31515711545944214,0.1579472422599792
3788742,e5c08760-47e6-4b75-8ae0-4aaef490ae05,0,0.30062028765678406,0.5048432946205139
3788742,9ce5c18e-c2b8-44bf-bfff-0b2efb1e1d93,0,0.1392565816640854,0.058871079236269
3788742,e5fc1f4b-f966-4ec9-94a9-89d92f9757a0,0,0.07004391402006149,0.0679113045334816
3788742,902b66d9-ab12-4de1-b860-62bb1f15cc6a,0,0.14648766815662384,0.0816905051469802
3788742,be437a13-0539-4698-9a55-3d1f2b5ba5a9,0,0.2614608705043793,0.1813217103481292
3788742,1639f2c6-a885-4983-8240-4ce4f9c5b4ef,0,0.17621226608753204,0.1824399828910827
3788742,831dfb8b-621b-488b-84de-26cad8a53746,0,0.15346141159534454,0.1281409412622451
3788742,a3eb41a9-f84d-4f73-9293-a7713f714e53,0,0.14897029101848602,0.1422055214643478
3788742,bc22a0cd-59fc-4f89-bdd5-618a11e7de97,0,0.18380394577980042,0.2228613942861557
3788742,ae64158a-1a65-4393-91c1-a21550610c82,0,0.1588345766067505,0.1492486000061035
3788742,84f13e56-acb1-4331-b83c-fb58f9244991,1,0.24491828680038452,0.4817092418670654
3788742,519821e5-66af-432c-9aa7-01b19eef3b8f,0,0.15855754911899567,0.217075228691101
3788742,313c3490-1ee3-4da8-a65a-da630b9afe66,1,0.1422540545463562,0.0972635447978973
3788742,db478b75-179d-4eec-8e94-5ec9ee94bfe1,1,0.29739218950271606,0.235865831375122
3788742,9c5abba4-8f13-444a-808c-71b2685156e3,0,0.15520675480365753,0.0583412684500217
3788743,f8f1f605-fbf0-4f66-98e2-ec50b895af26,0,0.20553168654441833,0.0458083488047122
3788743,bed8678b-cbc4-45e4-94ec-b08756102bea,0,0.0952812060713768,0.0415564104914665
3788743,8ee9c71e-2dfd-4ba1-a991-2914c8ebc265,0,0.08319910615682602,0.1175819039344787
3788743,e43a61d7-e036-40a2-b0de-e610cba3ba5c,0,0.17053186893463135,0.2067574858665466
3788743,7ea9558f-4585-474f-8d4c-f07a8e4deb85,0,0.07015220075845718,0.1077714785933494
3788744,9aa540b4-46d9-4ca9-9e77-0d8c05feee05,0,0.1350281685590744,0.0624039396643638
3788744,bf87d942-2633-4746-bb2f-281211814785,0,0.3826388418674469,0.3259514570236206
3788744,318a1f9f-b08e-472c-b88f-33d4b51831d8,0,0.18136051297187805,0.0624205879867076
3788744,8407bf01-c857-45b0-9c18-f4b563db928e,0,0.030719486996531487,0.1286085993051529
3788744,e3cc2315-95c7-4c28-bf15-d279032da588,0,0.20511813461780548,0.2955294549465179
3788744,3dfa1f1a-5349-4af2-bb0a-80b3515f8e61,1,0.12730105221271515,0.1069539412856102
3788744,fc67d500-3338-4a13-864a-e6448a23cf6d,0,0.07917474955320358,0.1007124632596969
3788744,86e65927-ee62-4691-9ec4-6e8fab34b344,0,0.09558923542499542,0.0986433550715446
3788744,e6524d4c-bd59-46c2-827d-5e09f0e8c726,0,0.0849509984254837,0.0700752437114715
3788744,e4f1d3e3-9b11-48a8-add2-2b3174397a2d,1,0.11038883030414581,0.2738613784313202
3788744,b2d562ce-b22a-4cc1-afd0-0e53da51845f,0,0.2358676940202713,0.4824274182319641
3788744,ea711b40-93e1-4135-b931-c1f6993a1368,0,0.1937565803527832,0.1914105266332626
3788744,04b8632b-f2be-4c71-9790-c8637934f432,0,0.18927796185016632,0.2286244332790374
3788744,ce38bc5b-fb8b-43a0-b79b-e3e0c06dd16d,0,0.2660476565361023,0.4304220378398895
3788744,84315370-d150-4a83-94c8-90da40a829a4,0,0.29209068417549133,0.3169538974761963
3788744,6b793f75-5e5c-41ab-8f8f-6b5195b8bd54,0,0.21987496316432953,0.1077574267983436
3788744,cf4de2ea-7286-4ac3-a716-7cc7dae5f25b,1,0.11279177665710449,0.2238617837429046
3788745,ace3e26f-1026-4c62-a30c-2e79e2033124,0,0.2979908585548401,0.2735565900802612
3788745,df93d464-d0c8-4f03-805b-cf05f6519d1e,0,0.40268346667289734,0.3638385236263275
3788745,6741179d-555b-49e6-b35c-7bb1d2e9cbde,1,0.057213425636291504,0.0993982702493667
3788745,9328f022-5cec-4ea8-a4f4-89bc8a0f2f70,0,0.190346822142601,0.2185297310352325
3788745,0b1218c1-8e8d-49dd-9510-bfd4c33c2fb5,1,0.14411666989326477,0.2729559242725372
3788745,4a215247-90eb-4b97-b06e-655bff7caf20,0,0.07424356043338776,0.1179334744811058
3788745,8290e883-eb72-4fb0-84e0-1724906791c5,0,0.270170122385025,0.1812910139560699
3788746,c69ee6a3-8b80-4a22-9874-855d817bf1a2,0,0.12998126447200775,0.1232277825474739
3788746,06d52f06-d445-4bbe-8e1b-7091617e5cf5,0,0.17779171466827393,0.0868312641978263
3788746,8e48913e-924d-4324-a982-efaf60fd5e49,0,0.11088673025369644,0.1712514013051986
3788746,4652d201-fbec-4166-83ad-029ae8148e38,1,0.4756091237068176,0.2564397752285003
3788746,fcddc737-f53f-4dd6-8cef-0725f2101082,0,0.08779897540807724,0.221501350402832
3788746,eab034e9-ca68-4912-a639-5896e2b6aed5,0,0.3221963047981262,0.1836187541484832
3788746,c7a19c04-6146-4b80-83be-c1d46d1b896a,0,0.09000495076179504,0.05710444226861
3788746,ecbcc203-4648-45ac-be1f-f313fd70847f,0,0.05496766418218613,0.0635174959897995
3788746,a7b2d73d-7511-4191-bf8e-37c30a83c9f4,0,0.24624671041965485,0.3268808722496032
3788747,1db53ddc-72bb-4ff0-8ce3-a49e27b1600d,0,0.1899230182170868,0.0910370498895645
3788747,d6e47513-f3c3-4322-9987-bc5ad7c2ba1e,0,0.1355704814195633,0.122865192592144
3788747,ec17fce7-b1bc-4d3c-a2f6-42db8cbb45f6,0,0.12020173668861389,0.1385042369365692
3788747,05625b90-d780-4ce1-abc3-23f869156319,0,0.15183985233306885,0.1883130669593811
3788747,f3a82be0-d193-4fb4-8d1b-b8082c1b2d44,0,0.21884465217590332,0.2992111444473266
3788747,e61a1a9b-5515-4a8d-b9cb-8e35de7391c2,0,0.05891341716051102,0.2041562050580978
3788747,58acda76-1d1e-4e67-a0b1-f6f8ccb6c05c,0,0.23840491473674774,0.3387775719165802
3788747,9b59db0e-9c3a-460c-9f2d-d6b97d12dc38,0,0.31484442949295044,0.3796510994434356
3788747,49ee2f36-8037-423f-865a-481c42df8aa0,0,0.1507798135280609,0.1068956404924392
3788747,01e41203-8748-4035-84b4-0afdcc3cf834,0,0.07297078520059586,0.0971152484416961
3788747,c1a7ae3e-c506-4058-a12a-f1d1ecbad682,0,0.2887004315853119,0.5222313404083252
3788747,ca043f79-73d2-42ff-be0e-170c22c2cfcd,1,0.21860849857330322,0.1086272597312927
3788748,712e03c7-51db-4696-b64d-7fcda7cf7a13,0,0.19439473748207092,0.3798836171627044
3788748,c3abf88c-23eb-4136-963d-2f46021ffe1d,1,0.20097419619560242,0.1983528286218643
3788748,66b2bc9d-2c62-4ec2-aa66-8847f3b7642e,1,0.3019563853740692,0.4699257016181946
3788748,8253ff8a-c78e-4867-93b4-6b6360b9befd,1,0.12630949914455414,0.1079975739121437
3788748,efcb47ec-36a6-4a41-af9f-cab548f2a507,1,0.27458491921424866,0.296291708946228
3788748,2d3bcc28-7f22-42ff-9aa2-345fdf6b7601,1,0.243493914604187,0.2533090710639953
3788748,4c54d76f-3a44-470d-9ce8-07be7e371552,0,0.24115575850009918,0.1978634893894195
3788748,863dd3e0-2767-40e9-ab52-b5904e599d5f,1,0.2285538911819458,0.2743414342403412
3788748,f5f720d9-7bb9-4ffe-9c85-4b084c521bc7,0,0.15063998103141785,0.0782505720853805
3788748,c5179fc3-6e74-41ca-a15b-872784bcdbe1,1,0.2912403345108032,0.1915001422166824
3788748,528998b2-97f5-490a-a1f6-44cca84b1059,0,0.3329990804195404,0.3446541130542755
3788748,3d347ef8-5122-430e-b628-b59f1a92c4bd,0,0.37722939252853394,0.4081167578697204
3788748,4b0a5686-6bcb-4b3f-91d0-c4a74e8d06d9,0,0.10772573202848434,0.0508270040154457
3788748,88ed69da-d9d9-4d78-be5e-1b1aafdf6fab,0,0.12987208366394043,0.0848134830594062
3788748,f1604edc-7aa2-43f3-9720-337b431ec4bb,0,0.16997718811035156,0.08394306153059
3788748,fe304c9a-b394-4eff-ad4e-c457de8a8bdb,0,0.15593434870243073,0.1191486194729805
3788748,acf0a377-00b3-414c-9bfd-cb6b793dfe22,1,0.1376720815896988,0.0744565427303314
3788748,6c3318b8-db61-4cef-9aeb-4a99279112b8,1,0.2365032285451889,0.1683382838964462
3788748,f2e8495d-afce-4a42-8ef1-8cab90b1b173,1,0.2536274790763855,0.460702121257782
3788748,2e5702ea-6305-4157-a179-0703ef93fb94,0,0.17684437334537506,0.1102274060249328
3788748,86a64831-1e2b-4b57-aa05-50776ea98d1e,0,0.11619474738836288,0.0581807196140289
3788748,8f40f6ad-bd6e-4bcc-8401-cfe0525101fc,0,0.22808782756328583,0.2080094367265701
3788748,bfdcaba9-1b6e-4512-a929-498100f6c5b9,1,0.3002331852912903,0.2081565707921981
3788748,e33b5a72-b232-4889-93f6-ccdf4c9fc836,0,0.2649778425693512,0.2888737916946411
3788748,05ea196c-4b91-461f-9e4f-d7888114ade0,1,0.33009231090545654,0.2692207098007202
3788748,533951a8-3ee5-40e6-9be0-aaaf8641a279,0,0.13984118402004242,0.1174999251961708
3788748,8b087d05-3df1-48d6-93f9-43583e1af549,1,0.07909414917230606,0.0603535957634449
3788748,f78fd3f0-8c59-4735-9e0f-91ae987c023a,0,0.2893742322921753,0.5005077123641968
3788748,23c2f3c4-cb1d-4dba-92af-2153be7a3edc,1,0.22030210494995117,0.2069487124681472
3788748,8af55c3d-3fdd-4dd1-825d-a1f09879e1c0,0,0.05941656231880188,0.0738717839121818
3788749,d2a30371-23b3-4198-aa7b-3a5e73703c77,0,0.22982464730739594,0.0858817547559738
3788749,09fe3a02-e03b-412c-894a-499901e3a335,1,0.1836671680212021,0.4153281152248382
3788749,538dcd80-d1a2-4c42-ae10-c2b5df3382e6,1,0.1925947070121765,0.2193600684404373
3788749,eec6e87c-13c9-4165-be3a-ef69372cb23d,0,0.12537045776844025,0.1841000020503997
3788749,47cfe378-fa19-4bbb-9b2d-b5a31bef4650,1,0.22133219242095947,0.2124831825494766
3788749,1f65a89c-f900-4b3e-9bdc-580f814d87fc,0,0.141537606716156,0.0981710404157638
3788749,2a03de90-16a7-45c3-9b6a-ecfda57d70fc,0,0.22152142226696014,0.2048509120941162
3788749,758badf7-a238-428e-8ad0-690073b48782,0,0.09066008776426315,0.0916631668806076
3788749,5bce97a6-f21b-4ae0-8734-16d8092cfb60,0,0.07584559917449951,0.0966316759586334
3788750,5e1a3a48-3e09-4aca-8fd2-91cb5dd4ef45,0,0.13845786452293396,0.1659086197614669
3788750,040a6f70-4b6a-46c1-8207-c239f11ea429,0,0.2680284082889557,0.2562609612941742
3788750,89125b4f-4faf-495e-b05b-3eec08039287,0,0.03691593185067177,0.092109315097332
3788750,c18d72f5-2a0e-4f01-b60e-d0d0ecfe52be,1,0.223100945353508,0.1953630000352859
3788750,e0a51051-83bc-4901-8a1b-8c09778bc222,0,0.3702780604362488,0.3881146311759949
3788750,518f49c2-2306-4695-9e0f-f551549889dd,0,0.06853341311216354,0.1022600531578064
3788750,a93c2e66-a5b2-47a7-a697-dd07bd39e88d,0,0.21754589676856995,0.1605592668056488
3788750,5883847a-8391-49c0-a0fa-7025c44bf4ee,0,0.19586525857448578,0.3724960088729858
3788750,9fe73803-bfbf-4345-86df-baf8f334a9b1,1,0.25131097435951233,0.3176822662353515
3788750,dba4e7ef-5fbf-4b53-9e8c-1b1dd920f159,0,0.09791203588247299,0.1012301594018936
3788750,ddb2b777-bb1b-494c-af87-da6e6623622d,0,0.17661619186401367,0.2880325317382812
3788751,701b28cd-621d-4a45-99e3-c272e2e93a48,0,0.04766368865966797,0.0600243546068668
3788751,dbcb87e4-9668-470a-af54-6db30a277b31,0,0.2129320651292801,0.3358550071716308
3788751,f42fc0f5-8f9d-4bfc-9bc5-357cd27fe0f4,0,0.3105158805847168,0.3321491479873657
3788751,8c1cdf88-da62-4207-9608-4c5977c09a37,0,0.06424440443515778,0.0474381111562252
3788751,d31a1eae-ba5b-4d3c-94d7-7e5249f28e2c,0,0.1482546627521515,0.2706518769264221
3788751,ab768030-513a-40cd-8554-56b1327d1e35,1,0.275341272354126,0.2089131474494934
3788751,684ed2f4-f24d-473b-8aca-848db4c5e76c,0,0.3470038175582886,0.5483079552650452
3788751,75c6283e-71a3-4e56-abf4-285712054860,0,0.03856753557920456,0.1115885749459266
3788751,85245a3b-ea46-4132-b8e6-f103660d8a6a,0,0.14454402029514313,0.201385498046875
3788751,5a9e05ad-209f-437d-b1a7-c9f2b3e7d30c,0,0.24783028662204742,0.3296808898448944
3788752,1017a927-7949-47fb-a474-852b0da54fa9,0,0.05244189500808716,0.0424600169062614
3788752,510bf0ad-9862-4b5d-b7cb-13c43d3d064d,0,0.25953713059425354,0.2255228608846664
3788752,cd8864bd-d230-42c3-9be7-2007071ed0f5,0,0.08905284851789474,0.0440168417990207
3788752,77302054-4976-4913-9e63-b033ff8ab0f9,1,0.27632349729537964,0.266163170337677
3788752,672dea1f-bf77-4cb1-be19-7d16b3e9a343,1,0.28033438324928284,0.4083556234836578
3788752,03c64132-a22e-4427-a600-c8792fef9df4,1,0.1424008458852768,0.1753932833671569
3788752,af058f50-d42e-412a-8dfb-c47ddd546978,0,0.1167525127530098,0.1660294830799102
3788752,053d9f92-21cf-454b-b0b0-710947bebaa4,1,0.3112415373325348,0.3725691139698028
3788752,518ac38e-e0eb-446c-a674-a12296c5e4d6,0,0.08049331605434418,0.3614536225795746
3788752,372708e3-b472-4b78-9c15-0e0473575a5f,1,0.33881670236587524,0.441766083240509
3788753,eebca104-6a16-4cb3-8f15-23bb92a51a09,1,0.1695123165845871,0.3586280643939972
3788753,ca763867-dee6-4e5d-98a2-dd80e599400e,0,0.062065888196229935,0.0838570445775985
3788753,d882d0b6-1b75-4799-ae52-ec761c8c093f,0,0.40007615089416504,0.3332084715366363
3788753,96f99437-a1c3-44f3-8dbb-b32782215147,0,0.3354600667953491,0.3708681762218475
3788753,8d6722aa-a12a-4be7-acd7-971e8feedda8,0,0.3670976459980011,0.411026269197464
3788753,4f24e676-c30a-48ae-9921-6aed491ed575,0,0.06179856136441231,0.0775253847241401
3788753,97bc844c-b549-46a2-89fc-b224d5c85e70,0,0.3195804953575134,0.3743274509906769
3788753,cfc21822-6be6-49e9-a8d1-71750fc0e82c,0,0.12313675880432129,0.1345785707235336
3788753,2692db1f-a48e-41b2-ae67-482dbabe5f87,0,0.2836574614048004,0.29982590675354
3788753,1423fb9f-eefd-479c-975e-18082bd08380,1,0.19403652846813202,0.4129211008548736
3788753,a754aedd-a1dd-44d4-91fc-89ec7949e907,0,0.4118412435054779,0.2539999783039093
3788753,8ab20863-db1d-4c55-a15e-4c28ff9cf9da,1,0.24169965088367462,0.1805192828178405
3788753,b4f11b06-2b72-4dfd-972f-9a79f0020f14,0,0.07667583227157593,0.0415632501244545
3788753,8d93a022-5d73-404c-b453-755a6653b62a,1,0.2484133243560791,0.2600007355213165
3788753,ac6e16ff-261a-4fd2-b21a-1257aca7232f,0,0.07248158752918243,0.0737595111131668
3788753,dd6703e4-1c7c-4892-ac85-4dd30eb14b47,1,0.1102219820022583,0.2208275496959686
3788753,b339a017-440c-4a06-9608-5dccfdb2a9a2,0,0.28730297088623047,0.4689246416091919
3788754,6ae223c6-d4a7-4f3d-9c32-ae5cba749a27,1,0.14231844246387482,0.0532336235046386
3788754,41fffe96-ab40-4d87-a752-b14d1fc766f9,1,0.05623968690633774,0.2028213441371917
3788754,f539734c-1267-4049-89a3-79246195b501,0,0.17482030391693115,0.0775661244988441
3788754,1cd3ebe5-16ce-438a-8886-0d74fe8755d9,1,0.2516627013683319,0.3281549513339996
3788754,129e7517-a447-473e-bca0-145aed037686,0,0.28813162446022034,0.4121908545494079
3788754,b6e65c72-7181-4d0e-9f19-4a3b03711ed8,0,0.13846997916698456,0.1127677857875824
3788754,ca8df73d-e356-409a-a91b-b02d79bc39ae,0,0.1316240429878235,0.2125642895698547
3788755,0ce0b2bf-1683-4afb-be44-dabf309a7ee6,0,0.10627071559429169,0.1836654096841812
3788755,e49fb902-472a-4284-a8fd-aaeb92d333cf,0,0.22671383619308472,0.4510814249515533
3788755,f1bf6c37-402c-41c9-9821-8e2212d43c24,0,0.27845802903175354,0.322898268699646
3788755,5494fb97-b2f1-4f30-912a-18da74ada278,0,0.13740865886211395,0.0662326067686081
3788755,006a4558-b2bc-4975-8b6f-f4b59db71958,0,0.18617667257785797,0.0990995243191719
3788755,66605730-a949-49a3-841f-0936c6527811,1,0.12885984778404236,0.1441526710987091
3788755,b330ccb2-9752-475d-96ae-04e9f59c1337,1,0.15877005457878113,0.3923662304878235
3788755,9b54696f-0cc8-49c3-a37b-84b763df0c41,0,0.06393665820360184,0.0286344084888696
3788755,06c5c0e2-d44e-4694-9f64-bee32a8b5ef0,1,0.14906509220600128,0.1923634707927703
3788755,a9e36dbc-bea3-4c2d-8222-a4504d98c376,0,0.04304810240864754,0.0919455736875534
3788755,ff6cd250-ff35-422f-a6d9-057e4422f3e0,0,0.15044650435447693,0.3191622793674469
3788755,2b579a8f-b9c0-400c-ae91-f9bebbe4a085,0,0.14344727993011475,0.2374627739191055
3788755,7bf4ffb7-8589-4732-9d93-15b7af6f075e,0,0.07270682603120804,0.1206888258457183
3788755,e1db201d-dd99-463d-ae7e-c65e8e47acbc,1,0.37574419379234314,0.3588536083698272
3788755,3979d6f3-8845-43c7-8df5-41b20432de30,0,0.3208414912223816,0.4273147284984588
3788755,87d07bda-0d27-42df-a48e-2a1dcc7e68f9,1,0.09889383614063263,0.0458560809493064
3788755,76df3477-8d15-4bf1-a702-9b679681e066,0,0.14298869669437408,0.4243689477443695
3788755,8e9f0618-eaa1-4359-836f-3cfb29a74dae,1,0.3308418393135071,0.47627854347229
3788755,bcd782ad-f916-41f6-8a0d-5e854382d379,1,0.27840426564216614,0.1948547959327697
3788756,4cc13a83-90b3-4c81-925b-3846aae863ee,0,0.07433608919382095,0.0393047258257865
3788756,7c07c123-54af-418b-bb83-2b62d10fbe78,0,0.39682701230049133,0.3131926655769348
3788756,af141133-bf91-4068-91e1-b0bfb72e4028,0,0.29943808913230896,0.364078015089035
3788756,601b31c5-efd3-4a72-86dc-a52c94ed119a,0,0.2540300190448761,0.1472136974334716
3788756,737b4821-a9ce-4ed2-995d-0ad1919e381e,0,0.3110160529613495,0.1497823297977447
3788756,ca19d074-882f-4ef2-8e3b-d978cbd035a9,1,0.0792708769440651,0.0669388622045517
3788756,aa315cf6-7b1f-4f08-a111-b276fc5579cd,0,0.2643048167228699,0.252552717924118
3788756,a8163d9c-794d-4704-9903-220779245321,1,0.14310067892074585,0.1891332864761352
3788756,57a4df68-7f27-463e-90c1-dd0596dae69c,0,0.08944734185934067,0.0373873859643936
3788756,ebb8dc65-2b16-4f82-8ff8-45f883058976,0,0.11554227769374847,0.1299855262041092
3788757,7f485893-39a1-4282-b1ca-b54b51c861f3,1,0.22656747698783875,0.1505803912878036
3788757,e419a4dd-d399-4822-9635-201cbc0897f4,1,0.11632293462753296,0.0137737253680825
3788757,0fc5141f-d620-499f-a499-2a7868fa6419,0,0.2480759173631668,0.4037487208843231
3788757,dc4a48f3-4f19-4f70-ab38-bf308831680e,1,0.08028461039066315,0.2836533784866333
3788757,9ea91e18-dcd0-467d-a96e-fcb23232f713,1,0.3255443274974823,0.3740252256393432
3788757,dbe1af99-23fe-4916-ba4d-96e4a3a506e8,0,0.0348065048456192,0.0515824556350708
3788757,2bca006f-8c6a-411d-9c49-9ef4763121c7,0,0.16667591035366058,0.2943799197673797
3788757,a358e49a-dd1f-4618-9926-1e669caed35a,1,0.20587500929832458,0.3030105531215668
3788758,547d8a3d-64c6-4aa3-906e-30d5bb70dab6,0,0.21759583055973053,0.1066532880067825
3788758,3c5ff690-ca11-4d78-b685-cafe316b2bc1,0,0.12671250104904175,0.1629821956157684
3788758,b622eab2-ec69-4f1f-9e81-f20d5342b6c2,0,0.12047640234231949,0.0856472328305244
3788758,b8437af2-6898-47c4-b822-68111a014770,1,0.3215456008911133,0.4864204227924347
3788758,0ca2eb11-fecf-41fa-ade2-df208cb06381,1,0.19559144973754883,0.2395998686552047
3788758,56d66bd0-e66d-4189-a0c1-f0b7dd11c417,1,0.39448660612106323,0.3427554965019226
3788758,ce057f6a-1426-4a77-a2b1-c6475fc26589,0,0.034509651362895966,0.1026272401213646
3788758,94f30043-664d-43e3-a812-c950a772666a,0,0.23094408214092255,0.1513262242078781
3788758,3f1707e7-ea6d-4423-b191-edcc68701447,1,0.3240382671356201,0.3485614061355591
3788758,fc04ec13-6562-4be7-9857-d594b96b402d,0,0.13635163009166718,0.2760404646396637
3788759,ac07f0c2-b0d0-4748-b5c0-6aca937c9493,0,0.19079267978668213,0.0950452461838722
3788759,ca1d9f57-a7e7-4f21-961d-75b91c7a3e5b,1,0.2973053753376007,0.2934309542179107
3788759,ba05d6d2-e454-4f4e-93fd-1908b2776581,0,0.14384810626506805,0.0999343544244766
3788759,098de10e-3c75-4db8-a05f-95a4bea387f4,0,0.18672695755958557,0.0853190273046493
3788759,29749bda-a25e-468f-8214-031c893f4f8b,0,0.1297290027141571,0.1150568649172782
3788759,87f65e3c-6958-4840-a7bc-c532b0e41c66,1,0.2743746042251587,0.2968092858791351
3788759,a8a12de4-89a7-4961-bc91-7d3e6f471eda,0,0.24038611352443695,0.3169150054454803
3788759,fff8961b-3a73-4fa5-8b6a-8a248e211470,1,0.2870239019393921,0.4636019170284271
3788759,ef13c5a2-d252-4de9-81cd-167e941bea33,1,0.27205517888069153,0.3087931871414184
3788759,dca09e2a-0d0b-44da-9905-abef88128a0d,1,0.2917819023132324,0.368488997220993
3788759,b12a1e65-7ac4-46dc-991b-e253af5d6872,1,0.2917696237564087,0.16690494120121
3788759,8d650dbb-c90c-4d78-8b42-9c8c937f6269,1,0.16841061413288116,0.2690886259078979
3788759,6eee63b4-721c-4d7e-8ced-d295502c4c1d,1,0.10633232444524765,0.0771180316805839
3788759,859286c6-b311-4f73-a070-cb773bd47387,1,0.24544991552829742,0.3610669374465942
3788759,1371b0ae-b584-42b8-8a24-712739ce46fa,0,0.15748855471611023,0.2655977010726928
3788759,b7a2a714-1f04-4e59-99ee-de9ba23ca934,1,0.3692866861820221,0.4318122565746307
3788760,7829878a-ff0e-43c6-9c9e-da4bda72da8e,0,0.1778951734304428,0.2162563502788543
3788760,f26d6239-b014-46d8-9a4a-a3b10663aa48,0,0.2813185155391693,0.4919635951519012
3788760,8c29d524-6d7a-4c4d-9ab5-fc2afe2c10b9,0,0.1721883863210678,0.3213799595832824
3788760,607cb474-bd65-448f-b39b-a54dc03acf0a,0,0.09513404965400696,0.0648360401391983
3788760,cff8585f-3fa1-413b-8c30-beff1bf0e0bb,0,0.12012665718793869,0.0639579966664314
3788760,779d69c0-d05c-427a-85d2-7591fe8e0bb9,1,0.3421121835708618,0.4768584668636322
3788760,352a16d2-3499-40dd-8fd2-994b7b48aae2,0,0.2517068088054657,0.2098080217838287
3788760,92053cea-46b5-45b2-b636-f54dbcd7c509,0,0.13746695220470428,0.1601380556821823
3788760,dd795892-c6b8-46d5-89d7-f5bff4cb3fc5,0,0.17053046822547913,0.108779489994049
3788760,fb49706a-3750-48ba-8bc7-8d64f69e34a9,0,0.2658385932445526,0.245668888092041
3788760,05a24f78-1a9f-4cad-8c39-ec31342281b3,0,0.11153815686702728,0.0952313393354415
3788760,ce141e81-0207-4829-9c67-7367f303152d,1,0.20768803358078003,0.3241581618785858
3788761,f6baa030-c421-4abb-9667-48990e688ab7,0,0.36478933691978455,0.2408154010772705
3788761,94c9d24e-0aec-4333-bdd4-110f89a8155e,0,0.2410251647233963,0.1906865090131759
3788761,ac7ecc49-666f-4c0c-9517-e74441741f63,0,0.23811650276184082,0.2307415455579757
3788761,0fc897ee-12eb-44d6-be89-7063db5eb9e9,1,0.14110052585601807,0.3233821988105774
3788761,2f997022-71a6-4b0b-81c0-25c7622e97cb,0,0.2220962941646576,0.2568011879920959
3788761,25ddfca0-81d0-418d-81a4-4b86b7f21c01,1,0.11267717182636261,0.0871338918805122
3788761,3ef84110-6c40-4909-81a1-9efdfe8033e1,0,0.09033764153718948,0.0587025135755538
3788761,d435b27d-5206-4e81-a302-77ae20f060e1,0,0.29475530982017517,0.238091304898262
3788761,efc5bcfd-78e2-486d-9cb2-b4259a4c3c49,0,0.04731104522943497,0.1063310801982879
3788761,362bca4d-dd4b-4a46-b7df-7ac7fc65e621,1,0.12651722133159637,0.1517040729522705
3788761,7a6ba182-d0c2-4d5c-aa40-4098ead077de,0,0.3060523569583893,0.2752068936824798
3788761,96c3dd12-876f-476b-9ef2-a20acc789518,1,0.13579082489013672,0.2449950277805328
3788761,53b3886f-f8e0-4b49-bbd9-4f499ba68b0b,1,0.07134924829006195,0.2812599539756775
3788761,b87181ec-868d-4f55-bd01-5a09287166ef,0,0.210280179977417,0.3524661362171173
3788761,8d5ebbd9-1e1b-42db-bdb3-99b8db14bee5,1,0.1219986230134964,0.1677868068218231
3788761,d34da0b2-99e0-4da8-8228-c1faefd26308,0,0.22340460121631622,0.4140494465827942
3788761,086b7903-a1a8-4ab3-bdab-697d92fdf5a7,0,0.09528379887342453,0.0513314455747604
3788761,a35fa866-2f94-4f2b-a76b-035723ed370c,1,0.19471319019794464,0.3937166035175323
3788761,89027e44-ac7a-4fd9-adcb-dfaec5081569,0,0.2012496292591095,0.292231410741806
3788761,f0135be6-2e02-4887-a0a1-2c8892909344,0,0.3911205530166626,0.1916079223155975
3788761,b2bf58da-efea-4f04-ad5c-9eb7b0286540,1,0.1569453626871109,0.1819733828306198
3788762,48a9cbf5-385c-489b-bda2-e4a7948b2012,0,0.10750439018011093,0.0751457586884498
3788762,7ec1d2ad-969e-48de-bb92-3c80839f329d,0,0.39377903938293457,0.4725063741207123
3788762,6bf36063-c99f-40a3-8616-acbb5e560e1e,0,0.16324518620967865,0.1078714504837989
3788762,b359ab0e-d8bd-4683-b1d8-7e32d0762a7a,0,0.18256093561649323,0.2389063835144043
3788762,09a15491-64ae-4d65-959b-07176c9e77ae,0,0.32984521985054016,0.4042889773845672
3788762,ddacd3d8-8ea7-44d8-9849-e1876b8d15de,0,0.281087189912796,0.4735470712184906
3788762,67951149-f6a9-4bd1-8048-95799b030739,0,0.2814614474773407,0.1073945462703704
3788762,c6d36e73-3ac2-4660-985b-b3bf028c7947,1,0.07163827866315842,0.0707651823759079
3788762,ec8299b4-cd49-4320-9d66-40f191ff340c,0,0.17058490216732025,0.1580425649881363
3788762,ec01423a-3a87-4a25-954b-9e51b3d59b02,0,0.3368978202342987,0.4401175081729889
3788762,0f440c7e-b21d-45e7-ab53-42a74784699f,0,0.08885756134986877,0.0582128576934337
3788763,c25eba10-a66b-44af-b76f-930e360f8ee7,0,0.07041069865226746,0.1093025654554367
3788763,530c66f9-d74f-4802-ba1c-f8efbd8254e6,0,0.13478659093379974,0.0502701550722122
3788763,4666df94-58d3-40a0-8d0b-b4040ceb14d6,1,0.14675472676753998,0.0656859725713729
3788763,fb39256c-e72a-4ad7-aebd-ce24541e7e01,0,0.22533053159713745,0.1297429800033569
3788764,5d562c06-4946-4ac9-90ea-2fc02e879105,0,0.22565200924873352,0.2345950305461883
3788764,1d7c4dc8-2d2a-44b2-9550-fac4711df6a6,0,0.29977020621299744,0.4168129861354828
3788764,4b2f5b8a-a7ec-422b-8e5d-1b9ec1f67219,0,0.32240960001945496,0.3761703670024872
3788765,27520132-b8a5-48c2-8744-fd1eb18ad506,0,0.31138405203819275,0.2161699086427688
3788765,f59b686c-bc8d-4328-979e-76bae4280547,0,0.06566894054412842,0.0643726512789726
3788765,d2019b57-a923-4c18-8ecb-a30c5671e3b5,0,0.2718139588832855,0.2725958228111267
3788765,1c3a70db-b355-449b-9ff6-99318ff0d710,0,0.31358057260513306,0.1801822185516357
3788765,3495192f-1a17-498e-bada-789931be7fde,0,0.14667575061321259,0.2184914946556091
3788765,fc06acb3-7c19-49c9-988e-cd1e5a824f7a,0,0.2312055230140686,0.3641294836997986
3788765,55b606df-5459-4df8-8bbe-0836fa251cc0,0,0.08191457390785217,0.1622064858675003
3788765,1b2ce998-4810-4ead-8091-efd72a49ddfd,1,0.1651587337255478,0.2817267477512359
3788765,09d96444-5b85-4075-b175-407c4ced2308,0,0.0852530375123024,0.0625091046094894
3788765,8d5e25cd-3f6b-4e0f-8e93-daef35edd157,0,0.20300835371017456,0.2466460615396499
3788766,eb891ab1-1f08-4026-ac10-8080a52a8aaa,0,0.09399741142988205,0.1734296828508377
3788766,2206611e-f168-4d9d-890d-5b8b9cb8999a,0,0.06010056659579277,0.0771031379699707
3788766,558163ec-00cb-47e6-b0e2-2e8b0bd6fb5a,0,0.2067016363143921,0.3265058398246765
3788766,2de64d5f-db9d-4127-8ae0-6470baac4f06,0,0.0726124569773674,0.0534505136311054
3788766,79c243e4-4862-4cc1-9679-20b7755776cb,0,0.05486662685871124,0.0710052251815795
3788766,2d3cc14c-f61e-446d-97d7-b8eae75db568,0,0.13956797122955322,0.3739243745803833
3788766,42cafc01-1a92-4e48-8583-d553c07af4f4,1,0.16470138728618622,0.4131377339363098
3788767,77c25770-4258-42e0-b0a6-9eb5c811a8f2,0,0.12492556869983673,0.0884142816066742
3788767,85bfa93c-b663-4024-bb5e-9a398da60263,0,0.11618578433990479,0.0650407522916793
3788767,5e25b3f5-f160-40aa-82a9-fcdf4de94d50,0,0.28569310903549194,0.1550640016794204
3788767,a2c16231-bc0f-4bd2-be1c-6a376593d22e,1,0.18159186840057373,0.0953762680292129
3788767,70ff5cd8-bcf3-40f3-a43b-90747507128a,0,0.27475374937057495,0.2587714195251465
3788767,6e1da4d3-ca62-4bb2-a307-31ab8c78fdc7,0,0.07902070879936218,0.0300971344113349
3788767,2842ca8a-88e7-4f6a-b305-50a7795e7b36,0,0.13700376451015472,0.0685696899890899
3788767,2923f901-60bc-437c-a2b1-bfa4dea459e1,0,0.07814735919237137,0.0357095375657081
3788767,da29a43e-d8b1-459f-90d0-9d044b331c10,0,0.2647798955440521,0.1549560129642486
3788767,324a94db-29f9-4a5d-97b7-96c8122935bb,0,0.16510459780693054,0.0886700972914695
3788767,b2c08438-9b0b-4e23-9ed4-57022a023861,0,0.1732892543077469,0.1894859224557876
3788767,bba30708-62a7-4ba5-9329-304e7ea491cb,0,0.24278832972049713,0.2151944786310196
3788767,4c455d46-1909-43a1-b362-e1b117bfe99a,0,0.22405831515789032,0.0897327736020088
3788768,bbcd5d91-734f-4ca9-885e-aa00f3c0e59e,0,0.3440221846103668,0.300768494606018
3788768,80c98d11-278c-4d42-9ad3-c16da408705c,0,0.22495751082897186,0.1909612864255905
3788768,8f6dfc36-5855-488f-8c77-f3b3a0a2ac3f,0,0.17479079961776733,0.1311794221401214
3788768,c8949c0c-bf0c-4a64-bb3d-4a407957947f,0,0.2035473734140396,0.1739979535341262
3788768,f10308f3-0878-4094-a8f6-cdf5c6b27f2e,0,0.29192373156547546,0.3475680649280548
3788768,7c2b401f-d3e1-4135-a337-cb14a86203d6,0,0.3494114875793457,0.1830843985080719
3788768,308a27b7-d04b-47d1-8ad7-4479a0a137b3,0,0.24493876099586487,0.2716028094291687
3788768,a1f1be8a-c153-439c-b706-f2cc076cb55f,1,0.32553336024284363,0.2970559597015381
3788769,0b6840cc-c286-4521-91eb-99e834e7325c,0,0.31722670793533325,0.2549925446510315
3788769,e5a14cca-9041-47e7-9321-343ff748e7a0,0,0.10482275485992432,0.0923990383744239
3788769,304f36d6-c398-4aec-acc5-ce89db9fcfcd,1,0.23527970910072327,0.1473590433597564
3788769,12dd7f68-c095-4158-b88a-b1f299cfe187,0,0.20836205780506134,0.1534836739301681
3788769,bca98e3c-d9de-4d3d-99de-db8aa5a7aff1,0,0.0673808678984642,0.0597849749028682
3788769,053a8dc3-f90b-428e-ae9c-a147d0944860,1,0.13959768414497375,0.1192107424139976
3788769,51e9240a-a19c-4cb3-a5cc-b44a5fee3d8b,0,0.25476396083831787,0.3742035031318664
3788769,5e3cc708-d2a0-4db4-a237-ee9e188c004e,1,0.21755316853523254,0.3801451325416565
3788769,c0ccd35d-bff2-466d-9402-05b71bb18b87,0,0.26290175318717957,0.1317261755466461
3788769,62c9347d-d748-4404-84ee-d2d9d4756304,0,0.10621248930692673,0.1118296161293983
3788769,3205a657-43df-48d8-ba97-a3bed0fb9878,0,0.1805698275566101,0.0823071971535682
3788769,0b0bd93f-3a67-439f-af8b-d71529b8e631,0,0.2649044990539551,0.2600481510162353
3788769,405265bf-8e44-486c-a8a4-0d6f4bc678a4,1,0.420500248670578,0.3759757876396179
3788769,d597c0a3-11bb-443b-9fdf-ea3faf79c1fc,1,0.3078834116458893,0.3463674783706665
3788769,d169b8af-aaa1-45f9-bbf7-db4eb3e482f3,1,0.08751346915960312,0.0981115326285362
3788769,880932b9-4aaf-49ff-a545-a2bfc75b2f3c,0,0.3081149458885193,0.1825046241283416
3788769,e2291134-cb65-49fa-8ee8-07b3ebc024cf,0,0.26683297753334045,0.3883458077907562
3788770,a41c0e0f-fafd-4607-94ea-ec21e2f5a135,0,0.1480739265680313,0.0720831751823425
3788770,52668f27-832c-48f4-be4a-1d9e91a89fd8,0,0.24855953454971313,0.092799462378025
3788770,5dbb6a9a-5728-456c-9adb-a8e579a82b27,0,0.19166578352451324,0.0810400545597076
3788771,00d86fc9-7cc6-4612-b58e-7dbd95621444,0,0.22405704855918884,0.3929660320281982
3788771,32c3ba8a-dd18-4163-adc3-3f785bf53816,0,0.31704145669937134,0.4026228189468384
3788771,cd67582a-17ad-4c38-bf54-12ba48b1f307,0,0.34131890535354614,0.4837406873703003
3788771,9765a4e2-eb0f-465a-af01-fcfd0220232c,0,0.13039319217205048,0.1473021656274795
3788771,94df26fc-ee6b-4d66-955c-ca4515fd6257,0,0.17821258306503296,0.3836270570755005
3788771,f045de78-391d-4219-9239-d16d19f12970,0,0.28511154651641846,0.2008612751960754
3788771,1c4a1897-cd6f-4777-9319-86068450b94e,0,0.22597984969615936,0.0928983837366104
3788771,a77a0e8a-4a72-49c2-a5c9-f7ecceb8ffec,1,0.3291926681995392,0.2726999819278717
3788771,e9e659c1-f966-4f3a-8735-384dde028cc1,0,0.2522903084754944,0.1745119541883468
3788771,f691f8b4-0438-4d76-ab1f-b05f361738a3,0,0.31504273414611816,0.3799178898334503
3788772,025d838f-2b99-49b7-9782-a226116ce98b,1,0.22668880224227905,0.2576697468757629
3788772,430c5f05-9db2-4130-9c67-a5c6a7be22fa,0,0.16381776332855225,0.1591807007789611
3788772,4b753db9-77a2-4523-97f9-0bc81a4afe96,0,0.32164812088012695,0.2443777918815612
3788772,8a2ca59c-639c-449e-8fa8-a06adc0c0187,0,0.22224080562591553,0.2569648027420044
3788772,f7bed4de-99de-4fb3-a4aa-b764f1394de3,1,0.39043593406677246,0.1992539167404174
3788772,f71297f8-18ce-4f08-9125-f4281616e181,0,0.12121343612670898,0.1453518867492675
3788772,c35388b8-9b19-4a77-aaa7-cb721160b360,1,0.17277570068836212,0.1763930320739746
3788772,0ea7cee4-1b0d-490e-a6c9-6a53e0ca0201,1,0.24018453061580658,0.3264409005641937
3788772,b079ed04-c009-47f6-a422-5a9c7b0b1b2d,0,0.1722307652235031,0.187860831618309
3788772,ecca168b-0c87-453c-8961-36f311ff10e5,0,0.2109750211238861,0.2685815095901489
3788772,8ddd49b1-65f5-4ee2-9f57-794dc478da03,0,0.0906749963760376,0.0968571901321411
3788773,a34eae42-fa87-4972-835a-39fed83e7c49,1,0.3299558460712433,0.2851255238056183
3788773,0df42077-30b6-468d-80aa-da72cca7b197,1,0.28973549604415894,0.3554813265800476
3788773,a6b7e9d6-a507-4edb-9d00-cdf64253500c,1,0.15248814225196838,0.1548378467559814
3788774,6afabe1b-08e9-4b86-9ab9-38ac8af55c6f,1,0.28762325644493103,0.1696122139692306
3788774,9e70dc65-e538-47b0-bed0-e6b7b8f6f848,1,0.29687055945396423,0.27268186211586
3788774,bec6d320-d754-4f1d-951f-13d49ec9b9e5,0,0.11154051870107651,0.09190683811903
3788774,481ef884-d056-498d-b5d6-f1ca2b6a5c19,0,0.10642269253730774,0.1291180998086929
3788774,61164b54-30f9-4b20-9503-a2560960cdd8,1,0.39105191826820374,0.4654476344585418
3788774,764e64a6-1b50-4e66-a266-3cbf3885f39f,0,0.2951332926750183,0.2568429112434387
3788774,5fb4f527-a2a7-4376-95f1-3aef1afa7749,1,0.3087235987186432,0.4675048589706421
3788774,76c65f73-2545-4520-b3ea-b5f13e6ba3b5,0,0.28421130776405334,0.1986224204301834
3788775,2f757a02-7447-45e2-9c09-7fde2988ceac,0,0.18568186461925507,0.1297891438007354
3788775,f02a6a48-6267-4c97-87ec-2083c22328bf,0,0.1778378039598465,0.2724387645721435
3788775,a25405eb-438d-4a75-aac4-e31d1f9014a8,0,0.1535189300775528,0.1554944664239883
3788776,1e87d4a5-5bdb-49e4-b0a4-baf6fafe2c51,0,0.2525671124458313,0.3384580314159393
3788776,ce7c991d-1be1-4ac2-a6f4-74854533c942,0,0.326457142829895,0.2754468619823456
3788776,d75a9a3b-3fa0-49c7-ac24-eb732a43287a,0,0.1042046919465065,0.1305421739816665
3788776,0e8fb56f-14e1-4916-9256-e507bff32bee,0,0.4435034990310669,0.5820727348327637
3788776,7e82e738-d3df-43a6-a0b9-85682c354fed,0,0.313393235206604,0.11298219114542
3788776,1092e8b5-847c-4fd4-8462-1b9e12d2e4bb,0,0.14782345294952393,0.2270498722791671
3788776,398e3915-1dac-4cda-8a02-e61d1bac0bc3,1,0.25416943430900574,0.4255177676677704
3788776,28def1bc-8828-4caf-89a1-c990ea92f8dc,0,0.2920248806476593,0.2766139805316925
3788776,b75faeea-b38c-4ddb-9bf8-749ad27879ac,0,0.29550042748451233,0.0916801542043685
3788776,571c32d9-fd0a-4fa4-b134-8096161fbe75,1,0.2561548352241516,0.1532036513090133
3788776,97353f32-1dea-42be-82a9-7e0017caf433,1,0.22279751300811768,0.1576349139213562
3788776,14527510-9ca4-436d-b04f-a03884cbce63,0,0.2348746359348297,0.1317793577909469
3788776,26e8688a-96df-4ac9-81bd-020237468d55,0,0.14634990692138672,0.162697285413742
3788776,f88ead89-1703-42b7-8fe2-c775b11b1c45,0,0.09381026774644852,0.0842387750744819
3788776,3d13205c-1cc8-4e2d-9c77-82e842b48fa8,0,0.2253074198961258,0.1776924729347229
3788776,60ee1ca2-b2a9-4240-a1d0-322f1d96e2ce,0,0.25873133540153503,0.3226423859596252
3788776,d49d8682-ae21-4f8a-997d-20b1ae5ab2a8,0,0.16957862675189972,0.0826113894581794
3788776,cfbaecb4-52ce-4937-ac31-c9382d7bd0b5,0,0.1299663484096527,0.0857039019465446
3788776,e9358154-421f-4370-a7f2-b12028ce9802,0,0.16293388605117798,0.0556890591979026
3788776,559c1334-4433-46d3-9571-bad1c6eba299,0,0.19837450981140137,0.1566082537174224
3794685,e06f3a09-fb1c-4062-8a06-fb68fea7d743,0,0.18344955146312714,0.2023597806692123
3794685,73c7432f-8587-46b6-9fb4-00c4929bba3b,0,0.10528408735990524,0.1445731669664383
3794685,a8652cdd-ac86-4756-89ac-6cecd8f90687,0,0.06806334853172302,0.073750227689743
3794685,ffbb3c39-01a7-4482-bf99-0bd7ad0aad7c,0,0.12133880704641342,0.0569407194852829
3794685,62c1d95b-fddc-4737-88ed-9d286b414a70,0,0.11090145260095596,0.1503424048423767
3794685,05cdd9f6-6560-41c1-a2d2-adfba9e3185c,0,0.12558627128601074,0.1484775245189666
3794685,3ca36e04-a6e9-4d0b-bda9-69285d19de28,0,0.2650383412837982,0.2153127789497375
3794685,52b4bb90-eaa7-4fdb-9e53-4b5d1e4ee569,0,0.3717278838157654,0.366341084241867
3794685,4e109c0d-595f-4df2-b319-4134588d4ea5,0,0.13077959418296814,0.1908024996519088
3794685,d88d2bac-d9eb-4690-847d-72a0357b7202,1,0.2693178057670593,0.5047072172164917
3794685,a58813fc-8773-4f63-9ed5-32da979d3eb4,1,0.262448251247406,0.21405690908432
3794685,9ecdc7b7-d97f-4b92-bee0-a0635912d141,0,0.1759054809808731,0.1569396555423736
3794685,1ba0b62c-ffb3-4b91-8ab5-6226b0c34072,1,0.4021221697330475,0.4438801109790802
3794685,dcffd908-483d-4955-9e10-cf24f5dc9684,1,0.27892422676086426,0.2268697768449783
3794685,ecd33ce4-f7d1-4caf-8a89-fa39c5e5fcc6,0,0.18400824069976807,0.2269677966833114
3794685,2cf16c9a-a44a-4208-9d65-2bd4ada7b731,1,0.0986274778842926,0.1066264361143112
3794685,b06ac408-178b-4c6b-ac22-b97f2ea226de,0,0.058223873376846313,0.0806423351168632
3794685,149c287a-4d34-4a30-94b2-fd349259d9f1,0,0.2046983689069748,0.1035533249378204
3794685,9ceb9769-7a42-484b-b459-e4b3cf662284,0,0.3476734459400177,0.3835824728012085
3794686,3c2de83e-9998-4610-bc6b-0403548b1a47,0,0.07603973150253296,0.0695803388953208
3794686,9fe1032a-8a62-41d9-bb0e-67dd0df9ca98,0,0.17027945816516876,0.132608100771904
3794686,9d9a41eb-6c12-4f7e-9c34-d9aa833fea53,0,0.20240868628025055,0.3718228042125702
3794686,5ce9e696-da34-44ef-ba22-c63c1b104c7a,0,0.11841242760419846,0.0960114598274231
3794686,5a4cb529-34f9-4d6f-8f47-2efc3ae3de40,1,0.17582100629806519,0.1396278887987136
3794686,d9260414-0ba7-4450-8c08-60b049c46058,1,0.34789618849754333,0.2527906000614166
3794686,44cec3a3-0d68-4fa8-81fe-ac8ede21417c,1,0.3517720401287079,0.5200213193893433
3794686,db9d8a55-add1-4778-8d08-fa74715b7bc1,1,0.24618999660015106,0.2327205538749694
3794686,7d612664-98c4-4ed1-bdc2-8417a86582ff,0,0.32612869143486023,0.3734002411365509
3794686,873e847d-644d-4591-a431-6d31347e7ae1,0,0.3555002808570862,0.3096838295459747
3794687,6860f9fd-1d73-442e-b5ae-7365992fbdcf,0,0.118718720972538,0.1374053359031677
3794687,cf3338b4-6f8f-43b1-9b1e-48f3b4417031,0,0.1387513279914856,0.1474065333604812
3794687,aa88f218-4c7f-4fb8-8cd8-d6cb7d045e15,0,0.3093318045139313,0.3757085800170898
3794687,890a87cb-7902-4e47-bc19-cc05d01b0e3d,0,0.04793021082878113,0.0944278016686439
3794687,6f568e48-afc2-4ea3-88c4-0fb83f71700e,0,0.16696518659591675,0.2516687512397766
3794687,8f0ecf8c-4f30-4f96-9b38-5a0c181987d1,1,0.36293908953666687,0.3330204486846924
3794687,7bc8acd4-2630-4c5e-a3bf-814a28f0d642,1,0.394645631313324,0.4343156218528747
3794687,7588d8a2-0742-43c7-af5b-bb2f1175095c,1,0.3566224277019501,0.4539722502231598
3794687,7321b10d-24e5-4ecc-b993-04a50ffc2dc2,0,0.35390400886535645,0.5301527976989746
3794687,ac060f29-3dc6-4fdc-b24c-c0b3305957ad,0,0.22197379171848297,0.2085920572280883
3794687,340239b6-2cb7-4017-808a-0c9c9d14b9d9,0,0.0979757159948349,0.1071380004286766
3794687,28ac9c40-a19b-4401-b6aa-feb8f765622e,1,0.23303191363811493,0.2078053802251815
3794688,4c30bf0a-c592-482d-b4a8-0a08643b959d,0,0.2988385260105133,0.1795399636030197
3794688,58676687-1e59-409d-86b9-0dcb49f4dc34,0,0.18623515963554382,0.210314929485321
3794688,1322b4f6-4ef1-41ca-b930-dc882a815e9b,0,0.11266465485095978,0.2429926544427871
3794688,f23446fe-0584-41de-8998-0a416b9ae354,0,0.1184779703617096,0.2413967847824096
3794688,638d8645-8568-42e4-abbe-b3e72bd5403f,0,0.14120644330978394,0.2657983303070068
3794688,c086339b-63a6-421b-85f5-47d657310093,1,0.3049314618110657,0.2121322602033615
3794688,33f1d0df-3beb-4f4f-b867-76cb6ad9b381,0,0.2907920479774475,0.3302060663700104
3794688,2c4a4cec-a2b3-4742-8d20-294678a8225c,0,0.2729186415672302,0.2992738485336303
3794688,86e352c4-f08e-46da-a1a1-a3a1bd07bdef,0,0.30861037969589233,0.378433495759964
3794688,d2bcda9d-05d2-4218-91cb-3c2ef137e1aa,1,0.15026868879795074,0.2395810931921005
3794688,09ed9789-86c5-491f-a827-ec7ab60b01d7,0,0.26945629715919495,0.1515882015228271
3794689,4e4267c2-78de-427c-97c2-5057f9bb6dc9,0,0.09871668368577957,0.1456107348203659
3794689,5ac0ac17-88ef-49b3-93be-7060f9f51083,1,0.04740265756845474,0.0890723392367363
3794689,e590cfe8-acc8-404f-837b-61a73044da35,1,0.1592169553041458,0.2222143560647964
3794689,abdd8bc9-9a37-4493-b000-f57c867a09b0,1,0.10794974118471146,0.1014042869210243
3794689,f5290ce2-9a0b-4141-b016-22eb250767d2,0,0.08409182727336884,0.1566977202892303
3794689,4c7742e1-d00d-4ccd-aebe-c1b1ea69ced6,0,0.13913202285766602,0.1876066923141479
3794689,2c211926-386f-4a63-9ef7-4d8728f997fd,1,0.21133963763713837,0.3543387353420257
3794689,ce351268-fde8-413d-a855-cb8b0da69a0e,0,0.26078081130981445,0.2808436155319214
3794689,dd972352-b570-48c7-b0ef-3734af09222e,1,0.25336161255836487,0.2879156470298767
3794689,3e87c8f6-de71-42bd-91f0-a8d1aac71ddf,0,0.10838950425386429,0.111472800374031
3794689,c88d46b6-e516-4b26-9d0f-082695503ba8,1,0.15557317435741425,0.1394277811050415
3794689,dda91203-0151-4d08-87be-20c51ff62dd5,0,0.2528034746646881,0.4875352084636688
3794689,32997dcf-6dc0-4f14-824f-7cc95b5efcc8,0,0.4079490900039673,0.3117726147174835
3794689,7d132705-da24-4f97-9dbe-68652854097c,1,0.2655222415924072,0.2974492907524109
3794689,48165413-70e2-4cd9-ae44-82b2759477db,0,0.2465556412935257,0.3427753448486328
3794690,e8720c7a-d65d-47a9-982b-d07cd6910100,0,0.13975776731967926,0.0816080942749977
3794690,95addfcd-cf0c-4f9d-ad2b-5ea3b6fbe7e5,0,0.17164885997772217,0.119184672832489
3794690,0ea0d020-a227-45da-9ece-bd7d9b61fe42,0,0.1788134127855301,0.202537402510643
3794690,b6ff70cb-febd-45da-9ed9-c55c944e6c68,0,0.0506122000515461,0.1263481080532074
3794690,49eb5ba6-d3c2-41c2-842f-9c17f7f3a246,0,0.422251433134079,0.4588000178337097
3794690,7c488181-bf8d-4ec6-9b00-f7cce9a3519f,0,0.05310856178402901,0.0649560242891311
3794690,8d779fc6-03f1-41fd-9b75-9d6c487ea7fe,0,0.1293206810951233,0.1108139380812645
3794690,8c5e1a8b-26d0-48da-87a1-9bd40222e3d5,0,0.06328700482845306,0.1056151911616325
3794690,266d76ca-9485-452b-bd17-4f304131cf15,1,0.1260562241077423,0.0736702159047126
3794690,23679407-cd3e-4072-8a65-2f2e05494c04,0,0.09628751128911972,0.1210334300994873
3794690,4cb4ff38-1c19-45f5-8240-4055dd275b94,0,0.2342505306005478,0.2494186609983444
3794690,79ab2af5-0799-47b5-8a28-9acb158b45d7,1,0.17612990736961365,0.1523182541131973
3794690,e70a96a3-3caf-4041-9a74-723f944995e5,1,0.03382853418588638,0.0794051438570022
3794690,a65fff88-acf4-418a-9e4a-a0b212b35752,0,0.15565188229084015,0.1003596931695938
3794690,469e342a-e752-4bfb-86c4-916ec6177e08,0,0.23684000968933105,0.3029939532279968
3794690,12fb6ba6-49cf-49de-b724-548b886148f2,0,0.13085699081420898,0.2728935778141022
3794690,e01c2787-5b12-45d3-8a38-d029dfccf715,0,0.19655492901802063,0.3344343602657318
3794690,0f697578-1763-4c24-98f9-8a5d9cd0791e,0,0.17330875992774963,0.125903308391571
3794690,c259fb41-d449-40f8-a743-cd3994e9c967,0,0.07594681531190872,0.0422728434205055
3794690,88fc06bc-6e03-4ff2-93e8-106f3929262d,0,0.27977457642555237,0.3125472068786621
3794690,592b99b0-dbf7-4113-8dfb-87ac3d79193a,0,0.10892739146947861,0.2288849055767059
3794690,f4317c27-2d41-46c7-9d98-1daf25b68ffc,0,0.28388383984565735,0.3629131913185119
3794690,f4db476b-4bf4-48cf-980f-5dc3b82c898c,1,0.3245369791984558,0.2395412474870681
3794690,e66d0d1f-fd0b-4698-834f-3d6580b5d795,0,0.2742105722427368,0.2886891067028045
3794690,cad7d860-fe66-494f-9e1a-694075c7e1cc,0,0.14389456808567047,0.0413343347609043
3794691,1835eecb-20c5-470b-91f6-3e62f1a4f1cc,1,0.24490027129650116,0.2041049301624298
3794691,7e29ada6-09fb-45d2-86db-a7510e8f6593,0,0.05517558008432388,0.0507159680128097
3794691,c5d38bc0-8ab8-475b-a56d-a55b1c166b45,1,0.2580280601978302,0.1664058864116668
3794691,a86aa2cd-2912-40a1-a41e-399987bca98a,0,0.18676434457302094,0.1818600744009018
3794691,e181b589-c53c-4ac0-9369-070a3e91ff87,0,0.08364535123109818,0.067646287381649
3794691,2b8bb413-0f70-4ec7-a715-f1dda0326b19,0,0.08510807156562805,0.0932198762893676
3794691,317fce03-2c61-4cef-a8c8-78486954df96,1,0.28336119651794434,0.2525842785835266
3794691,3b408e2a-563e-451d-8ca2-9b4988f0c87e,1,0.17007796466350555,0.1717943400144577
3794691,7d2c9d1b-c37b-4071-8f4e-1c806a8a27be,0,0.34088772535324097,0.2435939610004425
3794691,5dd40998-44a3-4b90-b2f0-89b73d7c7fd1,0,0.056800588965415955,0.0813015401363372
3794691,7b56123b-e2ba-4da3-8aa9-a782ed219510,1,0.17387770116329193,0.1581767946481704
3794691,0be4afdf-07c6-4653-84da-84ff46a6362d,0,0.16589297354221344,0.123441495001316
3794691,1dcf769e-6016-44ad-bd7e-402397211011,0,0.20977461338043213,0.2240056842565536
3794692,6f4a847b-63ae-44c4-999d-e7143f13e988,0,0.10701163858175278,0.2510962188243866
3794692,46cb3e8a-621f-4206-b7ff-210e76ee095a,0,0.2418256253004074,0.2086205035448074
3794692,8376b7fc-4662-4554-8fab-8c304767cda2,1,0.18029610812664032,0.3349705636501312
3794692,a49a610b-bcc3-4ae9-8828-ba48b65dc8f5,0,0.11108683794736862,0.0860819444060325
3794692,1196f6d0-0c6b-46fc-a646-4070089f7fae,0,0.16835945844650269,0.1419740319252014
3794692,2a25fefc-c004-4ba7-b7a6-076b98078f4c,0,0.21507059037685394,0.3963752686977386
3794692,4abc35ce-1a68-4123-ba5f-8e7f0a1f4d17,0,0.23087432980537415,0.2793490588665008
3794692,9f2a7ff8-c803-4119-8dd9-9aec6192eccc,0,0.19179700314998627,0.3863219022750854
3794692,11059ed7-a02c-4bf2-87d6-f538256cfdbb,0,0.28516167402267456,0.5232508778572083
3794692,8e8c2779-6c4b-453a-baf5-98517c3ca9ad,0,0.14034628868103027,0.1353545188903808
3794692,c67c2404-feb1-4a6a-aa2f-05ec14d9ad83,0,0.2449648529291153,0.1743832379579544
3794692,e930cbb7-c31d-40df-8fcc-0fae5e5e5b50,0,0.22764749825000763,0.2037317156791687
3794692,a7322bbe-f31a-4ee9-9738-ed5252054b8b,0,0.200770303606987,0.302823394536972
3794692,ed434ed2-a30c-4b67-a773-11cc930977e7,1,0.31368035078048706,0.3893874585628509
3795107,f2c6a26b-dd9e-4c56-a301-58645d1fad69,0,0.03172628581523895,0.0790770500898361
3795107,0b96f404-2b45-41d3-977c-bf27eb3b80b6,1,0.21576501429080963,0.1353352665901184
3795107,ee5edfb1-4bf1-4164-a673-0a24e9703de2,0,0.16608557105064392,0.096770204603672
3795107,4238b014-05a3-4626-826b-197a6ee3a723,0,0.09696391224861145,0.0997096598148346
3795107,29835e6c-290f-4200-9e8c-976f08ca3fb7,1,0.20809447765350342,0.3618656694889068
3795107,480b490a-16f1-471a-ae90-3e7c86cfcf1c,0,0.2355479896068573,0.1483015269041061
3795107,fc88e42e-2664-41b8-975a-eaa4c8d70c3d,0,0.18577520549297333,0.2775675356388092
3795108,69d13fd0-9aa4-4121-9b14-973cf3be0d42,0,0.3619385063648224,0.4040326476097107
3795108,5d846a41-3b27-4815-938f-ed8bc6af804c,0,0.4186279773712158,0.1663832813501358
3795108,aa3b8b6a-9023-4b1c-8f84-818a2c562883,0,0.16242389380931854,0.2660390734672546
3795108,228f8694-669b-48b1-828a-f8df8e2034b7,0,0.30446937680244446,0.2439951598644256
3795108,c9c386d5-91eb-4a64-9383-96fef92903bd,0,0.2446974366903305,0.3723061978816986
3795108,60e519ec-c8cc-4abe-b953-88f476639d21,0,0.09105948358774185,0.0676169693470001
3795108,05c67c38-929a-4155-bef8-d72ffe4dec11,0,0.13056649267673492,0.1886130273342132
3795108,d5d51a4b-d724-4159-9c18-d8c9b71776d6,1,0.20175984501838684,0.1956331133842468
3795108,c9c0ca61-67a0-4966-8b32-84588dfe015d,0,0.29254576563835144,0.3923590779304504
3795108,de2eb1d5-2e33-4f31-af0d-451ab0250c90,0,0.21500816941261292,0.2139511704444885
3795108,442c7fdc-3610-464c-9169-1f6f0e711eed,1,0.3340579569339752,0.360027939081192
3795109,c2b96c2b-bdb9-4716-b087-0ddf41d512be,0,0.22059248387813568,0.1796700805425644
3795109,66d62f38-a497-46db-9348-a0d242ca3857,0,0.15669333934783936,0.1049375608563423
3795109,624d8ab5-c730-4d84-97e2-39b2b8cc10c8,0,0.20823150873184204,0.2793838083744049
3795109,bbd01fbe-cee7-4e8a-9424-22f4528b6377,0,0.28727805614471436,0.4586158096790313
3795109,16e564d4-add5-4fd9-903b-9ad1d809614a,0,0.10449650883674622,0.0882981196045875
3795109,9e2ae8e9-6ff6-41a7-afa3-d8c800d6784e,0,0.057128529995679855,0.1043978706002235
3795109,0c67feb1-3966-4169-91ee-3224bde46cb8,0,0.15434680879116058,0.0635461211204528
3795109,626a1d59-9d28-4ff7-a7f0-94597fdae9f0,0,0.34523406624794006,0.2477876543998718
3795109,3e5c715b-dfb6-481b-8417-23d58dffee94,1,0.2565556764602661,0.1783510446548462
3795109,2f849711-3cca-4673-abca-3d10f8c352d4,0,0.410419762134552,0.2561512887477875
3795109,9cf16383-5a6c-43ac-af2e-627efbb72e3e,0,0.22877906262874603,0.1961480528116226
3795109,030f4744-eda8-4e50-adff-5b0117e5dbd2,0,0.29348382353782654,0.3005449771881103
3795109,7c501eb2-430b-41a0-a03b-66a7e42d3ce5,0,0.20143358409404755,0.1683029532432556
3795109,157afc02-1ae7-4b97-bacd-4c15a8bd4c5d,0,0.05537725239992142,0.0842147246003151
3795109,adeb4f4e-8e9b-48fe-b6c8-be41cde861b8,0,0.2063373476266861,0.169085294008255
3795109,ca0ceddc-1358-475f-a31e-ffe180b442cd,0,0.19641220569610596,0.1963113695383072
3795109,637b07e8-0f65-4bc9-b35f-71368589e65b,0,0.2802426218986511,0.3899401724338531
3795187,3183cc68-bd9f-47c4-ba58-2758da1767d1,0,0.213756263256073,0.193470686674118
3795187,a93c72c3-e5dd-4c10-888d-47f537a04ae4,0,0.10918085277080536,0.0513410121202468
3795220,5ca9afc0-2e18-4a25-a037-d52563acaaed,0,0.1366996467113495,0.1161166653037071
3795220,59eda89e-fb54-49a9-8648-57ea957f0263,0,0.08507155627012253,0.0467776469886302
3795221,9601c116-05b0-4dd1-8288-1b29487d410f,1,0.16736561059951782,0.2692828476428985
3795221,d5413ceb-e216-44e0-b1d0-444c52959fe6,0,0.1035633459687233,0.0558422580361366
3795221,3255fce3-fae3-4440-91c8-89bb19cc4d38,0,0.07940632849931717,0.0919815301895141
3795221,b3b1d24f-2921-4f71-9dfe-b30c4e0971b3,0,0.3213944435119629,0.2383984178304672
3795221,ad7f7cde-2682-4e9e-8a13-e0ef551d7019,1,0.212474524974823,0.2917975485324859
3795221,f57da0d6-7aa9-4d89-817f-319022c7f1f6,0,0.14966480433940887,0.1639858186244964
3795221,869d75fa-97bd-4b91-8fbf-4c807af4b183,0,0.10376478731632233,0.0671957582235336
3795221,623d52ef-3d26-40c2-8b9c-55c2400f3be1,0,0.22640390694141388,0.1213041916489601
3795221,c7357413-3489-4c49-a588-266d2762b339,0,0.2973214089870453,0.4190275073051452
3795221,23a96b40-bec3-4897-a53d-79df3457f304,0,0.3686898648738861,0.4938701093196869
3795221,6beb4409-54ce-47f7-99b2-542de3b0d799,1,0.19377337396144867,0.1320201456546783
3795221,0fe6a0ba-a951-4027-a8ca-8a5500cc8504,0,0.1452798843383789,0.28600013256073
3795506,6552c53c-d415-497a-9c94-083d23e99923,0,0.1210646703839302,0.1129983365535736
3795506,55bfdca6-9e61-439d-a8b1-09713e650232,0,0.14189593493938446,0.1281946748495102
3795506,68fad3e5-d23c-4e80-aaa7-5114b658b0fb,0,0.22368685901165009,0.186739444732666
3795506,4226bbd0-76ee-4bf0-8e83-1ceab3875056,0,0.24337173998355865,0.1210249438881874
3795506,ff2e10e4-9d36-4226-8986-645174c1f907,1,0.18063032627105713,0.304808646440506
3795506,e77af8ce-f32c-478b-bef6-67439e359d29,0,0.18900685012340546,0.213527962565422
3795506,e867c9ab-80a9-4bb7-8dae-5330c02fc946,0,0.27190810441970825,0.3061588406562805
3795506,0688b7b4-cbaf-406e-bc3c-5ef321336822,0,0.3472185730934143,0.2494830191135406
3795506,f4629bf0-2ccb-4a12-8f31-e5102c2916b7,0,0.340996652841568,0.309361070394516
3795506,6acb651f-b91d-4e87-bca8-23dd0ec8f0d1,1,0.239686518907547,0.3332512974739074
3795506,3b5f8b5b-a551-4ab8-9ef7-46c04c37b9b0,0,0.23037904500961304,0.0771193951368331
3795506,9aaebbc2-adac-4953-9cf0-8d707af1a218,0,0.30619654059410095,0.18052938580513
3795506,2fea507c-a48f-42a2-b420-386dd2452fe6,1,0.25329217314720154,0.2138506919145584
3795506,a32d63d7-d372-4d6d-852c-bd035327a90b,0,0.18320800364017487,0.3343525230884552
3795506,c9825f9c-7508-4499-9487-7f3d317d1b99,0,0.08525599539279938,0.1680032312870025
3795506,95545de3-22a8-49f5-b55b-a8678d82b92e,0,0.21770311892032623,0.3361421823501587
3795506,22f76976-9167-4bc4-9ccb-66560d849b4a,0,0.059153858572244644,0.1566242426633834
3802643,81ceba69-9fe9-4e67-865c-940972147691,0,0.14311867952346802,0.1760628819465637
3802643,4cc725a2-8a15-4496-ad92-7388289dca48,0,0.12759292125701904,0.2583119571208954
3802643,8b2bd71a-2e5d-44cf-bd38-f9dc7ea553e6,1,0.1188974380493164,0.0685079246759414
3802643,b6e963c1-71a1-4c3a-8d77-59244e5be4ec,0,0.10076668113470078,0.1144620403647422
3802643,f723d9fe-00eb-459f-af8c-1b1f570af0c1,0,0.25845733284950256,0.3213455080986023
3802643,3e7f2c4d-8a44-469f-add9-41ebd173261d,0,0.19124436378479004,0.1778584420680999
3802643,357e641e-9812-4f31-ba67-e144b9b3385b,0,0.15689709782600403,0.1107640042901039
3802643,77b84514-71de-4b99-a692-b69adb3cb28e,0,0.36130189895629883,0.4639462232589721
3802665,0f836d60-9102-4255-9610-4e2a47ca0555,1,0.09757213294506073,0.0551910810172557
3802665,f3836ef7-dc10-48c5-a121-1ddb315d3234,1,0.3040599226951599,0.427913099527359
3802665,a36a54c2-6ad0-41d0-8c90-661d4a6f8d5a,0,0.19248966872692108,0.2020758837461471
3802676,a1b68cb3-5e7b-4d77-84d8-b9f3655e2fd3,1,0.1174842044711113,0.2609309256076813
3802683,2eb8d7ba-6847-4771-8525-28f4db900895,0,0.3580414652824402,0.3024669587612152
3802683,cd248f00-4c4e-407f-805b-784cb9f4a0ad,0,0.23598821461200714,0.2590325474739074
3802683,9e13d365-5df7-4a17-be8e-4115b6d7cec7,0,0.1967761218547821,0.1133365333080291
3802683,0ff28b52-c029-43eb-9bb7-ae3c7c83c981,0,0.16190125048160553,0.0858192592859268
3802685,05bfe098-f8b1-4556-a1a5-981e9e8aea1e,0,0.2771912217140198,0.1597507745027542
3802685,23b6b99f-317b-4843-8f3a-4f523798bdae,0,0.18140943348407745,0.1685065329074859
3802685,5c67aab6-d308-42a9-b863-8cbd1674b989,0,0.11217068880796432,0.0400737188756465
3802685,2ac5037f-36a1-4a2d-a123-9a361acead0b,0,0.14481310546398163,0.1681990325450897
3802685,0dbe3b1d-0524-47bf-9cd6-a57482f9a6fe,1,0.29724445939064026,0.4360299408435821
3802690,4a2d227a-cf82-48bb-a40e-c50ca4a3dc19,0,0.32068875432014465,0.204846054315567
3802690,be09e373-139a-44e2-8c5e-16ae1659a15b,1,0.047903310507535934,0.1357665210962295
3802690,5f9e5afc-1837-4c84-b20b-bb8f5bc14b8a,0,0.16454115509986877,0.2026052176952362
3802690,dc430a6a-f922-4a09-84a7-f8a52b9a0981,0,0.09648818522691727,0.2069849371910095
3802690,2cea8626-4f80-4a7e-a300-985c7188471c,0,0.21849462389945984,0.3113340437412262
3802690,1a9ab5f7-5b48-4f0e-aa6d-e424fdeba46d,0,0.084379181265831,0.085767924785614
3802690,6ec32ec5-d919-4657-bc4a-08779dfe7e12,0,0.2224966138601303,0.2228409349918365
3802690,95d6f6c4-4c63-45df-9461-26db7e15d5a0,1,0.3377948999404907,0.5464056134223938
3802690,69e90618-a7ce-4ac4-bdc1-585e69061a9b,1,0.13299068808555603,0.4637940227985382
3802690,6abf3951-83e8-46c5-bb6e-82023a946941,0,0.17029426991939545,0.3579438626766205
3802696,b393b0bf-c64d-4fa7-9c35-bd4ce21df60b,0,0.10235557705163956,0.1158649697899818
3802696,e0944f48-2c6f-4584-8d06-75adff8fd7bc,0,0.3055826425552368,0.0717029497027397
3802696,d6dbd2e8-7f48-45af-9571-f6b0418eb30c,0,0.2886670231819153,0.3934956789016723
3802696,bf247800-6d02-4aa2-be86-e96b44935c6c,0,0.1988353133201599,0.2890882194042206
3802696,5ecd7434-34bd-4248-b5b5-58011ee05995,0,0.1617542952299118,0.0989356562495231
3802699,cda07cbb-4d8f-4d37-b679-bb2b8d1a46af,0,0.17855486273765564,0.1365832537412643
3802699,2fbaf3dd-8a34-4895-825e-8996f34a20eb,0,0.03829557076096535,0.3230884969234466
3802699,fbbbbef0-d788-431e-aa91-fb9fd00f8c29,1,0.3814033567905426,0.4865364730358124
3802699,f35410ec-e1cf-45e3-a522-1a77fbdf59a6,0,0.05983395874500275,0.0335791297256946
3802709,9e594ecd-02dc-4ab5-9b9f-bc90434c2359,0,0.14252406358718872,0.1302355527877807
3802709,c5bd1f2b-e5cc-428e-83d3-bf83f8a11e10,0,0.12236785143613815,0.0759920328855514
3802709,77fc1659-8ce0-4cea-b814-3f10a0ff481d,0,0.2876273989677429,0.1970176249742508
3802709,5c3c9f8d-9ca5-4027-93fd-d3fe439b4d34,0,0.05805676430463791,0.1679857969284057
3802709,03bb16cb-a1c7-4ee3-861f-25bef6f8dc6a,0,0.28423935174942017,0.1963441371917724
3802709,1817f7b6-1e5e-4b1c-a769-107165b4e252,0,0.15068887174129486,0.1334081143140792
3802709,e6394997-b715-4605-ba53-36b562cef7ba,1,0.37450501322746277,0.515244722366333
3802752,29dd9275-5267-4504-8d4c-2d2182f8a2fe,0,0.13761895895004272,0.0749891549348831
3802752,849d9b48-d148-4b58-ad71-b19b94e3480e,0,0.022210324183106422,0.0812325254082679
3802752,8f547a5f-910f-4b06-b4f1-7c1a505571cd,1,0.20498624444007874,0.1299617737531662
3802752,094ef0b5-5c17-4cef-ba36-0577f2469095,0,0.14290449023246765,0.1075949892401695
3802752,7f145750-75ba-4b7d-8812-ad9093c42231,0,0.2820127606391907,0.3621184229850769
3802752,30cdf578-4941-4b6e-bffa-44649f164192,0,0.2792404890060425,0.3851716220378876
3802793,9158d9a3-5329-4981-a85b-08fa1bcf0a8a,0,0.1916617900133133,0.2053755074739456
3802793,91e44363-0030-4fc7-850d-422c3465194c,0,0.19498567283153534,0.4050891995429992
3802793,365fe5a4-9925-4f12-8dc6-fd0a68e9452e,1,0.3381822407245636,0.2420190274715423
3802793,ea6a745f-48be-440f-aee3-3530631eaad7,0,0.17370852828025818,0.1200196593999862
3802795,1babe276-2465-414b-89de-531695886b45,0,0.184957817196846,0.1805977970361709
3802795,25dfb296-8629-4b5a-8bbe-65e8be999645,0,0.26724424958229065,0.2722247242927551
3802795,fb86465c-e539-4d17-8aad-f52bae38be54,0,0.13815762102603912,0.2532896995544433
3802795,5a63abec-0339-481d-a91b-3a938ca23404,0,0.1786375492811203,0.2369143664836883
3802802,2eeb340b-29f4-470e-9b60-a2ea3078b0ca,1,0.23335273563861847,0.0991672128438949
3802802,28c72994-b4b8-4e8c-80d8-c8e0c945ed6f,0,0.1099267303943634,0.0880355611443519
3802802,eb84dcf1-56df-46a1-884f-30c4df57f868,0,0.22298812866210938,0.0992871224880218
3802805,7f145d84-a6a2-4be3-9c22-dc9da4e8c17a,1,0.11439117789268494,0.2134117484092712
3802805,f4591ff1-2440-4718-b8fb-0c8ae55ed294,0,0.24439488351345062,0.3589428663253784
3802805,2f30c79b-aa95-4ef3-a9c3-8235f8269c7b,0,0.2667405605316162,0.2565525770187378
3802805,fe5285f5-c947-4348-86f4-80ea9bc99b12,0,0.08991147577762604,0.1869252026081085
3802809,d016a6d7-1dbc-4af8-ba3a-ae7caef43e00,1,0.3129572868347168,0.3945699036121368
3802809,9e4a2ad3-8642-43d4-be2e-dba5a8f87fc4,0,0.2588912546634674,0.4829740524291992
3802809,1c61c6c1-468a-44f2-8aa6-0261c3b23e10,0,0.07347013056278229,0.0897907838225364
3802809,197a1279-bc14-4203-9924-1f6df5c72f15,0,0.06346669793128967,0.0638936981558799
3802809,02c38a6f-df2f-4626-a626-6b0c3915f8ec,0,0.09599780291318893,0.0903488472104072
3802809,47ba6a71-b1e6-48c9-99cc-59f286764d49,0,0.1816311478614807,0.2381750792264938
3802809,df758bcb-d2de-4d5d-a197-94589c21322e,0,0.27407461404800415,0.4821270704269409
3802809,c929b94b-ceda-49ac-823f-cd48a9d9cc3c,0,0.1145908311009407,0.1060315147042274
3802818,6439b4d3-9e54-4aa5-b806-cf61f3c4f59e,0,0.06602586805820465,0.1224512085318565
3802818,80ce4043-d088-4e0c-a4d0-8638c7b2c73c,1,0.3395319879055023,0.4087058007717132
3802837,02ab5d75-ca79-4db9-855a-fd817d5e6946,0,0.11002034693956375,0.0898611471056938
3802839,0318f465-4cd8-4183-bb5b-aa4a3f1bf2a4,0,0.4126846194267273,0.450929045677185
3802839,dd0f58fb-ab1a-4453-84d7-415bdbf7c15e,0,0.2137635201215744,0.2011604756116867
3802839,32b432b6-8c55-44d0-91ba-0a176d10140b,1,0.15517693758010864,0.1320814192295074
3802839,df3830fc-0ec5-45fc-ac4f-162f2cd763b7,0,0.15434755384922028,0.0817251950502395
3802839,d62970bc-1083-4d3f-94e6-4c80ef9e4ab2,0,0.0488545186817646,0.0394903235137462
3802839,a2a13d6b-26e6-4d45-925a-63cf0ba35f34,1,0.13086414337158203,0.2270032167434692
3802902,e1383ae0-8798-4477-b91e-10c00f2c5191,0,0.32370108366012573,0.3030595481395721
3802902,57b284bd-0e80-4c0e-9f4c-f5234a303fdf,0,0.21198289096355438,0.1063618957996368
3802904,b3644781-6d7f-4d64-9b13-ffeb82fd8396,0,0.33671045303344727,0.1424216777086258
3802904,b0894ff2-53b6-4640-aa92-13ba970271bf,0,0.155280202627182,0.0605944879353046
3802904,f6137909-8f90-4cec-8ba7-60f27db81be3,0,0.2856490910053253,0.3627437055110931
3802907,76ee80c8-3b64-49a4-ab3d-2936db88252f,0,0.32686010003089905,0.1786824017763137
3802907,286a5a7a-d386-46e3-9911-bf2b71c5058f,0,0.20762760937213898,0.1056901440024375
3802930,f2f83351-c0bb-4ae1-a3b2-f22acb4b2b73,0,0.3005058765411377,0.3729285299777984
3802930,d2a57003-a966-4da5-9e4f-5bb682f98036,0,0.26531094312667847,0.150833398103714
3802930,e7d833d2-e5f9-4a20-a739-def74efb8307,0,0.20639480650424957,0.1392039060592651
3802930,532b5fbc-2c11-42ff-93b1-8d9eecc9ea13,0,0.4283798933029175,0.5124831199645996
3802930,a6cdcd36-7e3d-481a-b0ac-7519808836ab,0,0.2595345675945282,0.2308788448572158
3802930,d50fc5b2-33d7-485c-a8e0-87d9e19994fb,0,0.06966524571180344,0.0620000064373016
3802930,3d81e406-2250-4189-a5aa-b709cf780bd4,0,0.2031273990869522,0.3001930117607116
3802948,b254b188-8ac3-4815-aca2-9de662f37144,0,0.09614557027816772,0.057886604219675
3802948,353aa97e-0800-4d89-9f09-6817bdc2ae72,0,0.21109959483146667,0.1380091905593872
3802948,055d386d-8e2a-465e-93e3-7969b8cfbede,0,0.3436139225959778,0.3963599503040313
3802948,f22135df-95a2-423b-bbad-ae533cd1023c,0,0.17083072662353516,0.1530594080686569
3802948,bc682eed-6dce-4c38-a2c8-2ecbeb2ea8d1,1,0.0708356723189354,0.1463699787855148
3802983,133ab5d5-f456-4cc9-b381-038fc60471aa,0,0.17075373232364655,0.2481299340724945
3802984,c7a3a345-72fc-4dae-a0bc-32e711cc11e2,1,0.22178420424461365,0.1906873732805252
3802984,32932301-0b75-4e5f-ae6b-a9ddf8bb39cd,0,0.11153030395507812,0.0838997140526771
3802984,3eaa1fc8-d6b9-4701-a4c6-1df85a2944b6,0,0.1535453498363495,0.1049854233860969
3802984,1d14b4bb-7d1e-4f21-8231-f348a688d6a6,0,0.11168020963668823,0.0837178900837898
3803000,a44a84e4-53af-489e-9364-5d1c5f23adf8,0,0.1554502248764038,0.1153589412569999
3803000,5922cd57-62ff-4813-b4df-c8055494057b,0,0.25279903411865234,0.3579613268375397
3803000,2b47b581-dfb5-494b-9375-0588a2d159e8,0,0.13221967220306396,0.1569255739450454
3837650,279cb406-f133-44da-9c01-003fc8db8176,1,0.08362648636102676,0.1400181800127029
3837650,29fbae5e-3720-40f5-b048-efd93f8618f1,1,0.40611958503723145,0.4568976461887359
3837650,fe362fd5-5016-4f96-8c76-e5f622850477,0,0.23529104888439178,0.3667525053024292
3837659,2d55ca33-3e57-4747-964d-da3e22558108,0,0.05843969061970711,0.1662816703319549
3837659,10269167-539c-40b8-a36e-2092d4b3181f,0,0.2614818215370178,0.15068119764328
3837659,de734c00-cd20-4b05-8772-2371d3815cd2,1,0.25089266896247864,0.1684512495994568
3837659,9e2123dd-ff85-468d-a9a7-5593ff4a54b0,0,0.058232586830854416,0.0782253146171569
3837659,4f6c49fe-6a18-4493-9802-269caf55368b,0,0.14962296187877655,0.1667895168066024
3837662,91cd7df5-d767-4177-8c98-edf88d04a17a,0,0.20265869796276093,0.1400598436594009
3837662,43c0b0e8-a4fe-4664-8b90-8a677a41c7e4,1,0.3408774435520172,0.3423916101455688
3837680,f250df25-d537-4a09-8fa3-f941752f8b05,1,0.13364635407924652,0.1152768805623054
3837680,010d5d3c-cb92-48ec-95b5-f7e2a087736e,0,0.2274443805217743,0.4813390672206878
3837680,27da5014-0f09-4ba4-91ed-1d8c1b1d1ee3,0,0.28172528743743896,0.1034064590930938
3837680,5e7b617d-10db-4cc1-a056-71333c57d2f0,0,0.06384166330099106,0.1261162906885147
3837680,ff1affc6-f987-4a71-bbb3-d67fc22d2b28,0,0.1731637716293335,0.1914476305246353
3837680,15e8732e-59a2-45da-9cf6-4e1b9c11def1,0,0.20137068629264832,0.1440958976745605
3837680,bad76648-bdcc-40fc-af1c-44146952c9d9,0,0.11278615146875381,0.1860430091619491
3837680,536522f3-c36c-4e85-9441-c369aaa0c837,0,0.07050719112157822,0.0778469815850257
3837683,3324d89e-eed2-4aaf-878a-e0d8e6f5465a,0,0.07923027127981186,0.1037479117512703
3837683,e0749603-d56b-4859-8d5b-bed77ed98f7d,0,0.1383548229932785,0.2792142331600189
3837683,d49b5b09-3508-4d71-836c-c8ff69b7b855,1,0.2699117362499237,0.4906830787658691
3837695,0b75d20c-d888-42d5-b683-ece401a1ceed,0,0.0805370882153511,0.146410122513771
3837695,ab3d3501-d851-4215-8194-15a60a97f8b5,0,0.1147548258304596,0.0921963602304458
3837695,5caca532-850e-4773-a351-b1eaefb97ebd,1,0.4286990463733673,0.3999758958816528
3837695,bca775b9-7e82-4ecd-a7bf-ee2c851bab76,0,0.251392126083374,0.1740620732307434
3837695,dab78af8-5115-45d4-89af-f33fb20a228f,0,0.19247685372829437,0.2525246441364288
3837717,d393076b-d40d-4762-9d41-954952218f66,0,0.12738649547100067,0.052606139332056
3837727,7f86b85f-a67e-41e3-bc36-7d3b65ee6d18,0,0.26244935393333435,0.4610068500041961
3837727,c2ef295e-442f-4a51-bbad-516184ef15ab,0,0.29121845960617065,0.2667928636074066
3837727,b4a93a4d-7a96-4bf9-8d33-307666c76356,0,0.04931306093931198,0.0222242157906293
3837747,92a611d4-edc1-447f-a043-279bbb6c122b,1,0.12915106117725372,0.2756893932819366
3837747,abcb507c-e656-4e36-a933-9e450fde4182,1,0.28311485052108765,0.1918343603610992
3837747,d3e001f8-4f3a-4770-9152-7983b073bb0b,0,0.15672247111797333,0.315661758184433
3837747,9fc3c386-c44b-41ab-8d03-3726acd05ac1,0,0.3337249457836151,0.260044127702713
3837752,d7e566e2-1b44-47b7-bc81-053b2d386964,0,0.17924591898918152,0.081829696893692
3837752,6d62da57-0cad-4c38-912a-6699373a82b8,0,0.15621419250965118,0.1202591434121131
3837752,87fa3842-4d65-48a3-9f8b-4c7e23401adf,0,0.11677591502666473,0.0774025991559028
3837752,2886f48e-cc14-4b9a-8fc6-b3cd50a858b0,0,0.04687042534351349,0.071113646030426
3837752,c6e2fda0-6b71-4701-a4bb-9bf9bfb117e2,1,0.3508116602897644,0.4950532615184784
3837752,fb0c0372-1cdc-4617-9266-e8d4f39b8b64,0,0.053529758006334305,0.0850227698683738
3837752,955e7cfd-b017-4f7e-9941-ed736c874a77,0,0.14481833577156067,0.0816723927855491
3837752,49efa5ef-c185-440e-831b-b33723200d5d,0,0.04433554783463478,0.0672836750745773
3837771,3b420897-2483-4569-a057-da5622ee5941,0,0.10013755410909653,0.2902946174144745
3837785,9e66e705-7600-4944-b0bc-037a10b170c4,0,0.07173284143209457,0.0886962413787841
3837785,1ad136cc-b653-4d22-88c6-8274fdca3ee6,0,0.09524744749069214,0.2871357798576355
3837785,f9ab1fa9-8e1f-400b-b7aa-bd6ef24d486a,0,0.11051374673843384,0.0592605136334896
3837785,bf81226c-3080-4ac8-8ebf-c421e3e5a28f,0,0.08129061013460159,0.0880623832345008
3837785,ec46efd4-dd71-4e9c-8298-941f5ed04c1c,0,0.034252651035785675,0.0831385180354118
3837785,91aa9706-a618-4f11-bd55-76cc332b59a2,0,0.11036822944879532,0.1169424206018447
3837785,57129612-fed0-4963-bc64-f8be8fcdc2c1,0,0.12459081411361694,0.4182860851287842
3837827,f11bd772-13e5-45d8-bba7-6ea7e2ac573c,0,0.06016908213496208,0.0367670319974422
3837827,ae0e6fe0-422d-4031-9404-356bfe24b950,0,0.0519576258957386,0.0581086911261081
3837827,05228a1b-055f-4417-bae8-5b8bd1b4df2e,0,0.10879325866699219,0.1145169585943222
3837827,f5c5f271-ba03-4fd5-90b7-e169003625ab,1,0.3147072196006775,0.4467939436435699
3837839,b06ac30f-ac79-4965-8af4-a7e50045fffe,1,0.27578410506248474,0.2959950566291809
3837839,69f33c32-3446-436f-ba3a-ca5fcdaff0df,0,0.15666843950748444,0.2267883270978927
3837839,ac043c14-035e-4a4c-8559-8f40e42f801e,0,0.06928716599941254,0.0509347803890705
3837839,fff55b6c-d098-4d90-bd8e-d819d92238ac,0,0.3460541367530823,0.1237006187438964
3837839,80419515-97a8-4698-8865-a4e816ff60b2,0,0.14965184032917023,0.290381520986557
3837844,da8b4f49-87bb-4e31-8ec5-7fce0b1e00be,0,0.300237238407135,0.1757892072200775
3837844,750efdc1-a9ed-4086-8418-4c2171a1c32f,1,0.329977422952652,0.3847558498382568
3837844,2c629824-8b73-48f6-83b7-1ee98764e51e,0,0.1697828769683838,0.0850081518292427
3837859,fcdd0a1e-c3ce-43d8-a939-0cb1d2ce86bd,0,0.2813689112663269,0.3617530465126037
3837859,287fe156-eaeb-4958-a985-b3cb772f93c9,0,0.20307238399982452,0.0772131606936454
3837859,6d57a920-fe07-46e6-a22e-eada90fb5089,0,0.338002473115921,0.5120084285736084
3837859,66abe0f0-1b4b-4746-8260-9ec68c51bd01,0,0.16722668707370758,0.2885984182357788
3837859,1b901fe7-8874-42ac-a7b3-d9607df74595,0,0.19371524453163147,0.0521955788135528
3837859,c3d5e11d-6cc4-489d-bcc9-a5cda58dde90,0,0.22752247750759125,0.119496464729309
3837876,d3818c91-134a-49db-b430-c6424d933f67,0,0.29571714997291565,0.2173269391059875
3837876,0c67b518-ec7e-48aa-9c53-ff83076d4ad3,0,0.13000336289405823,0.1218576878309249
3837876,90722113-849d-4ce9-b54c-94a68ebb03ec,0,0.13643372058868408,0.1159602999687194
3837876,6ee6cc7d-dac3-43b7-abbe-222873f1f677,0,0.34509778022766113,0.4227717220783233
3837876,c97d3745-3a43-4074-8f1d-a47eb962de87,1,0.29039621353149414,0.2650910913944244
3837876,23e520b8-78ee-404c-8f97-3f6ad27be3e8,0,0.23990687727928162,0.3011370897293091
3837885,8d897263-bb66-4708-acea-8facbed69704,0,0.18573613464832306,0.519379198551178
3837885,9d282261-231d-4f3b-9b01-7d044ec7586f,0,0.056823112070560455,0.0788969621062278
3837885,519cfd6f-0e6d-4c9a-b38a-2533e090e880,0,0.2081833928823471,0.1170048713684082
3837885,0595f9a4-b732-4da0-90f6-712fbbd4ea15,0,0.2677532136440277,0.3093089461326599
3837885,d4cdc669-9258-490b-b63a-0ea90cec1aef,0,0.29485684633255005,0.4298019409179687
3837885,32543be4-353a-41b1-a72d-126ad84139a5,0,0.1673596203327179,0.1103837266564369
3837885,e12e9a93-3b09-4cef-a9b1-6890757e4683,0,0.019216490909457207,0.130642369389534
3837885,65430e94-5fdc-493b-b676-a9ee4cf7b35a,0,0.16364265978336334,0.1627236157655716
3837896,7ce1fec1-0f0a-46a4-a814-9f5a038e1d37,0,0.3076062500476837,0.1820244044065475
3837896,9928e7a9-8951-446a-a428-c10c08c2ed04,0,0.14892448484897614,0.1234006136655807
3837896,4b791514-3a06-42d3-8602-6346b76486cf,0,0.21049487590789795,0.0949029996991157
3837902,138dc5c4-31c1-44ca-85f2-f3ea406e04a1,1,0.2155665010213852,0.13425974547863
3837902,1801f5ed-feeb-4caa-b2d0-633256371457,0,0.3350507915019989,0.3755882084369659
3837902,054ec86d-fa83-4c8b-be9e-308949aeda99,0,0.16581210494041443,0.1597422063350677
3837902,b80a0936-53bc-4ed3-a3d5-4ce33ed05daa,0,0.3316746652126312,0.2392249554395675
3837902,742cffac-17ae-401e-a23f-930e1162dda1,1,0.2597372829914093,0.2598970234394073
3837902,54ceebd2-2a44-4251-a1e0-e2e57615f1f6,0,0.27211639285087585,0.3062646985054016
3837902,3168818c-95ee-4c5b-81f3-4008965cf352,0,0.24972733855247498,0.1164254695177078
3837918,3545c304-421b-4dd8-a0b9-b2b50d033317,1,0.23837441205978394,0.1886081844568252
3837918,e5414deb-6e64-4838-9554-aa9df95e4730,1,0.09923089295625687,0.1077286228537559
3837918,7b94408c-9f99-4364-8aad-665057796a35,1,0.11443006247282028,0.1948867738246917
3837918,3c834666-9f0b-477c-b44e-871bc984a3fb,0,0.2404012680053711,0.2906116545200348
3837928,28110874-7daa-4a72-8469-19200e758aa1,0,0.1934421807527542,0.1658708900213241
3837928,f5dfbec9-3e50-4595-a9ea-ade935b5d3f8,0,0.29325026273727417,0.1908321976661682
3837928,e0e4688a-68f1-4e5d-8fed-0c57cadd9bc9,0,0.19167180359363556,0.1244629248976707
3837928,6679064f-ae91-4535-b171-e776d320ee64,0,0.2642497420310974,0.1399087458848953
3837928,6c609b30-8a30-4ce9-af96-ba28f79d4097,0,0.10959053039550781,0.1561545580625534
3837928,27f8feda-1f59-469c-8001-5e09ac5e2e31,1,0.11824129521846771,0.0772787779569625
3837928,91ddfad7-73d0-44b0-89a7-1ef38d0b8b24,0,0.12131349742412567,0.1303852647542953
3837938,df64e81f-c545-44ed-9311-0a4974c8feb0,0,0.148483544588089,0.186753362417221
3837938,c15d48e0-7a1c-4041-acfd-abc933bba406,0,0.3106815814971924,0.2103951573371887
3837938,90c5f0b3-ba6c-4a7f-80f3-d1b5b2307a88,0,0.32272759079933167,0.2872027158737182
3837947,727bad44-6330-4f32-9ea5-8d5e7ef52b09,0,0.15753358602523804,0.081452764570713
3837947,348d16c7-1f22-46ef-999e-7337863b7fd8,0,0.25782260298728943,0.2658994793891907
3837947,38895a1e-62ff-408d-99df-e4da0887c006,0,0.17262452840805054,0.1576059907674789
3837947,f98c6c92-199a-45b4-8a08-805d2e380193,0,0.2379356026649475,0.1434725224971771
3837947,ec5519d1-bffe-4d8b-8170-06e2b9f60485,0,0.2625446021556854,0.1224909722805023
3837947,70f661e4-692a-42aa-a6a0-4ab9bd86d5d8,1,0.3834609091281891,0.3249264657497406
3837947,a358a1a1-34c6-4ddf-93fc-1b68e87b2817,1,0.22276604175567627,0.2343871891498565
3837947,d6568f57-0b95-4bd0-9f02-e06ab42a7e11,1,0.3035801947116852,0.3015803396701813
3837954,3b5d9ce8-6c92-43cd-a675-51a74bf1514f,0,0.25578776001930237,0.2162271589040756
3837954,8f08bf6a-50aa-4a26-b7fc-dcc0f6ea75e3,0,0.052626967430114746,0.182803213596344
3837954,a763b237-7029-498f-a0c1-bfb61a726ef5,0,0.25804784893989563,0.1124737635254859
3837963,a088276f-f0ec-4867-b5fb-d8bca626828f,0,0.29576700925827026,0.1910255253314972
3837963,f9bb74e6-dff1-4a58-a8f2-8c5d0f671633,0,0.3400602340698242,0.3870671689510345
3837963,15a83394-7130-47d1-92bb-bf76d6ffdb34,0,0.3730109930038452,0.4775604903697967
3837963,25d2525c-181b-487b-b960-35fe209dd9a3,0,0.3512187898159027,0.2490380555391311
3837987,658d049f-b58d-497d-a74e-5fe4e24f0673,0,0.14666631817817688,0.0721546858549118
3837987,e4349ae8-d89d-4e53-ae64-816523438f23,0,0.18274877965450287,0.1046395227313041
3837987,7f693acb-e483-45c0-91ba-0115b96f04f8,0,0.24651512503623962,0.1452864706516266
3837987,72571584-0829-4c96-89c7-31b7516f0d4c,0,0.0937344953417778,0.0792368873953819
3837987,fbd468bf-c416-443f-99c7-9fd5fee70411,1,0.09256123751401901,0.1134309470653534
3837987,279aadc5-160c-4773-a6e3-ed8aea5b0220,0,0.30788949131965637,0.443021297454834
3837987,feb08101-63a7-41ad-9e1f-2a0536355c73,0,0.21861939132213593,0.2119912207126617
3837998,12cf889a-abf3-43f4-8c35-d271ab68a415,0,0.3229270279407501,0.2228655368089676
3837998,8b98ba47-6d4a-493d-9df4-c8d6e3a10605,0,0.19582810997962952,0.3588332533836365
3837998,389577f2-c68a-4746-99ef-abf43159ae3c,0,0.1584075540304184,0.1762372106313705
3837998,c7267d0a-f31b-4d7a-8756-22f5e0e52432,1,0.20310424268245697,0.2242159098386764
3837998,1dc669b9-e41f-44f0-acaa-58dc4ce02777,1,0.14054150879383087,0.1479514837265014
3837998,cc64cf80-58dc-42e2-9621-be312f7aff61,1,0.11608131974935532,0.1424618810415268
3837998,336368b5-edc5-4e61-97a9-d16ea1ce136d,0,0.09084615111351013,0.1312220394611358
3838004,baa0151d-0879-4a28-b53b-0c547a78307b,0,0.2834937572479248,0.188685804605484
3838004,6a41c938-d5b2-45db-8466-b1edf94fb83b,0,0.1968415230512619,0.1949924081563949
3838004,08cac2a1-77ed-43a0-b6d3-4890b7993eb8,0,0.26816603541374207,0.1610341370105743
3838017,cb3eccf2-c800-476d-b22f-c1ce81f2a90c,1,0.36714646220207214,0.2306330651044845
3838017,d4353071-8d3d-4634-8f79-3e862ff7ca6f,0,0.17174476385116577,0.1238104999065399
3838017,ca88d839-45db-48b1-a188-179f0a68d0ca,0,0.35948285460472107,0.247436061501503
3838017,88f95015-1ae9-4bd3-8e73-e328177b728a,1,0.297362744808197,0.2155066430568695
3838017,e8a8d882-627e-4b69-a778-5af89d19cf36,0,0.26887431740760803,0.1590297669172287
3857254,f1367206-f8e7-480d-8a8a-326a38c598c2,0,0.07243552058935165,0.1262888610363006
3857254,6f12c761-3bc5-48ab-818f-cf50b731173b,0,0.10431230068206787,0.094124712049961
3857254,e6737838-da7b-495d-a0a6-2b6156bf6674,0,0.08649874478578568,0.0586670562624931
3857254,48130cc1-6961-4b23-9058-d81fddb985c2,1,0.32444873452186584,0.3532496988773346
3857254,539f84f8-228c-464e-9d5b-f0c3fc0d2d9d,1,0.2215816080570221,0.4639831781387329
3857254,490b3721-b193-4c3f-8b31-eed9148607dd,1,0.28588971495628357,0.3949401676654815
3857254,e430c036-d414-48fe-b4e7-84b99564835f,0,0.39557239413261414,0.404826670885086
3857254,8d28b2d8-4d04-44fc-923e-7fa91ec057d3,0,0.3123380243778229,0.1147101745009422
3857254,54d985ce-9de0-489c-8def-1a0008d496be,0,0.3437216579914093,0.2887955605983734
3857255,0c7040c8-4cef-40ce-b90f-59f08a664f3e,0,0.31426459550857544,0.1870895326137542
3857255,c4ac42be-eb1a-4342-af18-9650479b531f,1,0.19664844870567322,0.2237179279327392
3857255,25fe12e0-ee0b-4b8f-b73b-7fabd05a596f,1,0.135490283370018,0.1309147179126739
3857255,bd901b90-3186-4f2c-a003-c74155a4f9ec,0,0.08173132687807083,0.1151803508400917
3857255,1ed1a176-a72f-47dd-b035-849d2f1c8c7f,0,0.2049647718667984,0.2141592651605606
3857255,eeacafd4-8eeb-40c2-b197-d24cef8be669,0,0.22058115899562836,0.1633844822645187
3857255,0a02d9a7-85eb-4367-b65a-cba0adf9b2e4,0,0.2858118712902069,0.3330576717853546
3857255,d18f65c2-b568-4240-93f9-bf8383f1ac04,0,0.12863317131996155,0.1032442525029182
3857255,74cd8a34-5614-454c-b6e0-6fd6fb998454,0,0.31084010004997253,0.2114824056625366
3857255,1057ca8c-98c7-4df7-90a1-14a16fd7bbaf,0,0.13553448021411896,0.0936307236552238
3857256,11848712-1d08-451d-b173-f2629fffef08,0,0.11187748610973358,0.1063483729958534
3857256,555f1cdb-f494-43f7-80ee-2945cce35479,1,0.26441800594329834,0.1478874683380127
3857256,ca0866a9-6ab8-4bdf-840b-e2eedf782ec2,0,0.1252417266368866,0.2631101608276367
3857256,daa0030f-6bf0-44c3-b52f-7473f6633734,0,0.20860446989536285,0.1920730620622635
3857256,4954ad1f-cdd4-44c4-b983-16d7cf441a29,1,0.29312026500701904,0.2306431382894516
3857256,11b9535e-ebd5-4983-98e2-fcc0912e70fc,1,0.14296355843544006,0.1666903495788574
3857256,b140527a-1fea-46d1-87fa-58cdc4f7f81f,0,0.35107868909835815,0.1798522323369979
3857256,cd9efe8a-d3cf-42cf-98ff-b5c94cd6f867,1,0.30037569999694824,0.2330843210220337
3857256,f33df20e-ef34-4a93-b65e-56a2e931864c,0,0.18025724589824677,0.1731486618518829
3857256,dddcb94c-6cc5-4346-a58c-ad9de7e717ed,0,0.34990349411964417,0.3190358579158783
3857256,3c6c4107-7bf3-4c37-9ec7-b60018e02745,0,0.27105632424354553,0.3021567165851593
3857256,7c35ffa8-da9b-4179-ac91-df5f64b6da73,0,0.20608440041542053,0.2961778044700622
3857256,80003820-e3c8-43a6-b8e0-d6f73a04dc32,0,0.22690238058567047,0.4797626733779907
3857257,11c2f882-c57a-4ed2-a671-772e8be2a2c7,0,0.19655033946037292,0.3284529745578766
3857257,20f6236c-1821-4f47-98f9-ce8b2a8e18c4,1,0.07316213101148605,0.0815696641802787
3857257,61ede9df-1c3f-408b-b7e9-f6012e39a022,0,0.08278550207614899,0.1148479878902435
3857257,8aec8980-1f57-40ca-94d1-4f8eb919591e,0,0.12639297544956207,0.0620209611952304
3857257,1f7fe99b-2c24-4258-aa90-240c992aecfb,0,0.06429426372051239,0.0555274002254009
3857257,a6920474-471a-4641-927e-8eb147e6a5b6,0,0.043475717306137085,0.0814693197607994
3857257,ba9984e5-1b4c-48fb-9015-7e172370c559,1,0.23857003450393677,0.2621969282627105
3857257,5d400a7b-6d06-424c-b8af-0940428b0335,0,0.17013241350650787,0.3701466917991638
3857257,268a85c9-c084-466e-9a90-8a573b65232b,1,0.12526705861091614,0.3408113121986389
3857257,98146b98-a998-49a9-ad86-c16cfef8f5bf,0,0.11597288399934769,0.0455678589642047
3857257,86a9684b-59a0-4f1b-b7ea-afc14cfb6a5c,1,0.15230801701545715,0.1786701530218124
3857257,5de220c8-60e5-464f-a92d-fafa793c85e6,1,0.3182564377784729,0.3850280344486236
3857257,b9b9e1ae-9bff-4204-a5ce-dabb36e56d99,1,0.3309040665626526,0.1864870190620422
3857257,40637a26-1d70-4e97-b595-0bf046c85063,0,0.05933871492743492,0.0339855216443538
3857257,80e72cbc-949c-416d-a682-51f59ad0bb07,1,0.35731419920921326,0.1229189708828926
3857257,42a6aef4-0eaf-4c3a-a21c-f862bb9ae8ff,0,0.18976537883281708,0.1015099436044693
3857257,fd21baf6-8a13-4f7b-b8dc-7ec0b86a86a4,1,0.145158052444458,0.4731149971485138
3857257,07bd7f3a-321e-4db2-9106-ab8b66cb2c59,0,0.1359136402606964,0.1046979427337646
3857257,99ec546a-9322-44ba-92d9-aa6927b25f40,0,0.07464992254972458,0.1871982365846634
3857257,bf00831f-79da-4277-8d1f-5e08b9d9e8a5,1,0.21967339515686035,0.1464872360229492
3857258,05f3e514-9d5a-418b-9f2e-9e1403b3037a,0,0.3545476198196411,0.2892706096172333
3857258,b0364a71-1679-41a6-9950-6afe949c96dc,0,0.09931518882513046,0.0690044239163398
3857258,987b7187-e421-4663-94f1-78e4c23c8f35,1,0.23838172852993011,0.2625282406806946
3857258,dfc4296f-1180-4228-b2c9-f7b7a1af516d,0,0.17513303458690643,0.2198890000581741
3857258,05bee11b-1091-4fdd-9554-396e34242d5a,0,0.22353734076023102,0.2007097899913787
3857258,bf591652-ff4f-4dca-9568-8fac4f69cf5a,0,0.1116705983877182,0.0353263542056083
3857258,746c2379-ea78-42ba-a26f-abc039b84a97,1,0.16871362924575806,0.0975135341286659
3857258,2a10f435-b1a5-4117-bd2c-f02778881f7c,0,0.26305750012397766,0.1900537014007568
3857258,d9c76718-3a95-4957-a71b-8a12dddc7544,1,0.06789859384298325,0.1754793524742126
3857258,82fec2e3-4601-40c6-89fc-ac824a3470b2,0,0.1819894164800644,0.1083583310246467
3857258,a0ecc630-cb8e-4bc0-90c8-1ba185cacf50,0,0.07056744396686554,0.0746805667877197
3857259,d8fd79cc-5144-48f3-afb8-e8506f5dc477,0,0.2262379676103592,0.151223286986351
3857259,1ab5b23e-445c-4e68-be03-efdcbfe11332,0,0.11319892108440399,0.0632862970232963
3857259,9b2e4c4c-96f7-4e52-8794-8299a659a66c,0,0.2635503113269806,0.2993626892566681
3857259,b1c964b1-d8d3-461f-822b-8c4fd88b2d51,0,0.18093889951705933,0.2321245968341827
3857259,34aefa79-703b-484d-a584-67f255ee85db,1,0.30801156163215637,0.1522348225116729
3857259,5eb7c72f-d404-4ce2-8502-cc0b50f1be75,0,0.10372711718082428,0.0762340053915977
3857259,3b5ce950-46b5-4f45-8497-aa373ab2b2b9,0,0.1089380607008934,0.1011963933706283
3857259,90cbbc77-3c7c-4214-aaa6-921fda44fd2c,0,0.24153168499469757,0.1725567132234573
3857259,4b92ac50-0218-4169-8f6e-bb3558be3ae6,0,0.10064087063074112,0.0739758014678955
3857259,bd452d0f-faec-4099-b231-507b979db552,1,0.13483887910842896,0.1184771284461021
3857259,985e6193-49d5-4135-a8ec-f3b97ebe8558,0,0.17287470400333405,0.1209741383790969
3857259,abd809b8-63af-405d-9638-2cad2f0554d0,0,0.09478802978992462,0.190375417470932
3857259,02284c4f-5e28-4417-a790-34cc85acb4be,1,0.16315577924251556,0.2043866217136383
3857259,0d1c463e-5902-4abe-9aef-3ee1dfcc73ad,0,0.17590069770812988,0.2022100985050201
3857259,942f47a2-2db7-4336-9d99-8830e1765179,0,0.2191537320613861,0.1764768213033676
3857259,10d43275-9204-4b99-b4d3-f5d088f75cf0,0,0.12657764554023743,0.1006946787238121
3857259,acb11895-5901-4dae-bad4-b610d3caf425,0,0.24269767105579376,0.2968370616436004
3857259,36243532-f669-4392-a31e-2809afad68bd,0,0.0860634297132492,0.1225829720497131
3857259,99b4b250-5d03-4ed4-b212-6f919dee5b93,0,0.06156114861369133,0.1752819418907165
3857260,92f0685a-8b48-4695-9743-96b026f07b85,0,0.24223394691944122,0.3236243724822998
3857260,1445928e-72a2-42c8-902a-63f847af0b25,0,0.12954935431480408,0.1280332654714584
3857260,3e4c0f5a-c752-44b0-bfeb-dc4e5da86779,0,0.14419034123420715,0.0774002522230148
3857260,6d6069d7-a43e-4f3b-8342-886705b0937f,0,0.25908610224723816,0.5545043349266052
3857260,d30815e8-488c-4b24-ae01-49961537c002,0,0.14964567124843597,0.2970413565635681
3857260,8d81f74f-eadb-4afd-bd0a-fff100fee312,0,0.17150737345218658,0.3312874138355255
3857260,6e3cbc7e-b94f-4c77-834b-d1398be7caf6,0,0.14228057861328125,0.2602125108242035
3857260,af76a08d-a6ea-45fe-8048-f43fe691c4b5,1,0.049583550542593,0.1078185141086578
3857260,a13989ab-9fcb-4661-bca2-023d70da9672,1,0.04843674972653389,0.1095460876822471
3857260,a0331406-1326-4345-bc2e-fd8c899a467d,0,0.1067422553896904,0.1014938279986381
3857260,2c691ed3-feb2-4e83-817f-b20a18d2c134,1,0.24945662915706635,0.5003522038459778
3857260,1fafd2e8-a540-463b-9eef-d2151bcdaeaa,0,0.319703072309494,0.2972519397735595
3857260,814b6ada-703c-4b27-b11a-c5257da94b02,0,0.03971858695149422,0.0470824427902698
3857260,43049323-22e3-44d5-af5f-3885a5627a46,0,0.16231514513492584,0.1980073750019073
3857261,eb811e0f-2b2c-4cef-b385-a5d69384f27b,0,0.10462832450866699,0.3463508486747741
3857261,ee69514f-2c65-4fd7-96f9-c5f522138319,0,0.057822804898023605,0.1539106369018554
3857261,8c6cf9b6-4e78-41c7-af81-b1bcad3198f4,1,0.06814738363027573,0.0630813017487526
3857261,4fea76a9-236a-4e7a-961e-5c3c821ad875,0,0.29312747716903687,0.2270828783512115
3857261,dfbdfd42-eddc-41fe-8da1-da08c6cca1dd,0,0.10973833501338959,0.0797927603125572
3857261,5244dc36-2c11-4541-a816-f3bd0037d8c4,0,0.10116308182477951,0.1840031743049621
3857261,136fe2e5-567b-46d8-ac96-3691b83ad055,0,0.07478825747966766,0.0469096302986145
3857262,2a96478b-814b-44e4-be58-a0336e41c10c,0,0.22072379291057587,0.4380197525024414
3857262,9425aeac-bbcd-4119-af45-862d6928452a,0,0.3334693908691406,0.5482497215270996
3857262,ce7b4a99-13e4-4d9e-b5f4-9fa4029e1e95,0,0.0868382602930069,0.0784475803375244
3857262,0066b904-c8d5-479e-9ae4-e93eef012023,1,0.08561598509550095,0.0684820935130119
3857262,9b68ca25-e097-44b9-926f-0dc4ee91cc68,0,0.10985363274812698,0.2361365705728531
3857262,6f4ebea5-09ea-4fde-a585-f6c8e6767b05,0,0.06658836454153061,0.0653189569711685
3857262,a149214b-882b-4c48-97ca-7fae7fbe0e8d,0,0.1378643959760666,0.1897369474172592
3857262,0a51390a-4d4c-46ba-aa42-de8817026451,1,0.24650806188583374,0.4374609589576721
3857263,4e59408d-c22a-40bb-b942-4d464eed347f,0,0.1949569284915924,0.1414100676774978
3857263,ee9feaa3-5da3-474e-bf92-fe432f78426b,0,0.24769054353237152,0.3226076364517212
3857263,2a734dfa-98b7-4d3f-96a9-3f204c97341b,0,0.1565065085887909,0.2111708670854568
3857263,34aad350-522e-4d5f-9c51-23157c1454f7,1,0.21085476875305176,0.2306908518075943
3857263,088e08b9-07e2-4fda-98ee-4a97b27a4d41,0,0.20222516357898712,0.2517191767692566
3857263,051a7d89-5036-4318-80f9-e6a6e51684cd,0,0.13468806445598602,0.0844813957810401
3857263,a82bbe91-b382-4bea-bbe4-0b73ad001af8,0,0.27217745780944824,0.2619997262954712
3857264,d7e61230-f7a7-4e87-96d9-210263b896be,0,0.060549717396497726,0.04627026617527
3857264,e0d88187-7c0e-4a4d-b7da-e11228e4c5ea,1,0.4127621054649353,0.4070894122123718
3857264,f8e7b4eb-4a66-403a-a7df-6003adca05a5,0,0.11754445731639862,0.0453796423971653
3857264,87209fe4-9459-44f1-80ad-5c5d09fb8c70,0,0.23303014039993286,0.1291614472866058
3857264,4aeada3f-bbe5-427c-b004-efb39d217196,0,0.28672850131988525,0.157662034034729
3857264,093fcbdc-8528-498d-a97f-8356353b8a82,0,0.07665588706731796,0.0827684178948402
3857264,fef300d1-45f6-4128-ac07-bc688e3a101f,0,0.23537369072437286,0.1318281590938568
3857264,2b551822-5e94-496e-8162-c076563ec461,1,0.24034573137760162,0.2405117154121399
3857264,ef57fa17-de7a-4e17-a0da-893a37c5460e,0,0.12779031693935394,0.1378164142370224
3857264,1a76ccb7-b146-47cb-8ee1-ee6897de2b79,0,0.05672099068760872,0.0962604358792305
3857265,a588fb81-0e2a-4444-8bed-d5f1247c8003,0,0.1606869250535965,0.1618208736181259
3857265,1197188f-5f71-43c2-9f57-400bc54f188c,0,0.09418632835149765,0.089615873992443
3857265,855b0194-5f10-4405-a9fc-d9ec3e7c83bb,0,0.06602338701486588,0.0604094974696636
3857265,3e3c7715-1563-4b74-9a2a-1952bdf27387,0,0.09894602745771408,0.1140911802649498
3857265,54541e9d-0c7c-44df-bcbf-2989d14c7abd,0,0.25529348850250244,0.2028571218252182
3857265,4437a5e6-5eaa-49da-87ac-8c4132f9fe04,0,0.18574927747249603,0.1673279851675033
3857265,f52fff32-37f4-4706-bd1e-9d385a5397b8,1,0.06300351023674011,0.0673220753669738
3857265,a3d6f205-16a4-430f-b360-623b0b15b650,1,0.2483527511358261,0.3503735661506653
3857265,fd514d8a-9026-4176-b68b-eb77e6c283ec,0,0.22066573798656464,0.1920398622751236
3857266,bcc2ac42-cd8b-47d0-828d-c9e624128922,0,0.0607864074409008,0.1846049427986145
3857266,20a2d27b-0f8b-49cc-b412-08313127c159,1,0.41355326771736145,0.4972709119319916
3857266,666ab184-a16b-4c70-90c8-1f482fb78a66,0,0.2416536509990692,0.1116397827863693
3857266,ba926c80-ffcc-4b84-a2a0-dbe363f7e1f5,0,0.042726144194602966,0.0873457714915275
3857266,69f2c199-16bc-4544-811b-ff792501f428,0,0.0717833861708641,0.0611744746565818
3857266,0398e2f7-519d-4be7-9ae0-0487b48d192f,0,0.04367430880665779,0.0834113806486129
3857266,b2b0f403-72ee-4463-92d0-e73ec879a07c,0,0.2534824311733246,0.3634347915649414
3857266,d97ba003-33b2-40c8-aa75-d6d69182a96a,0,0.41460204124450684,0.3716633319854736
3857266,6a2c9811-d359-411a-8dff-6d076ed40d18,0,0.1932915300130844,0.2992990911006927
3857266,7709d512-9b26-46cd-96f4-e6b8ce486cb2,0,0.1816166639328003,0.1107090860605239
3857266,a665f406-c436-4f64-96e5-a02c950a3559,0,0.21739326417446136,0.2148539870977401
3857266,744dfd75-a154-49a1-812d-4a997c7475ae,0,0.2056894451379776,0.1411652565002441
3857266,75efa691-3d76-4b13-bd6a-53c08a039e1f,0,0.09837375581264496,0.2161782532930374
3857266,95965eb0-8a6f-444b-bd31-774f3aeb2d09,0,0.17662550508975983,0.1149552688002586
3857267,bfa24e12-c3a7-43ca-8cac-395f1328aa49,0,0.21771441400051117,0.3263022899627685
3857267,34a83c3e-f3fb-4ad5-8745-6a7dd9584056,0,0.15754331648349762,0.1958967298269271
3857267,23793788-b14a-43bf-9e4b-762d8aaa2603,0,0.27009066939353943,0.1449881345033645
3857267,12cbb176-bfd1-4424-9f5e-5367571f35b6,0,0.17260302603244781,0.2046211212873459
3857267,65334da2-e3e1-4e8f-baa4-3878a26f8d0d,0,0.3059786558151245,0.1854340881109237
3857267,556915af-0ca2-4163-a7af-c23756c5277e,1,0.18887470662593842,0.1487622112035751
3857267,825be041-0ad6-4582-97be-c0cc78c9b946,1,0.2712911069393158,0.1907857805490493
3857267,d89fa2d3-66a6-45fb-b003-186754a066e7,0,0.23325878381729126,0.4690022468566894
3857267,4bff9161-4ff3-414a-9dc4-a2eb11d2440b,0,0.2555157542228699,0.2228059917688369
3857267,63c21313-987d-45f0-a4df-1e2f945dbcc6,0,0.32355445623397827,0.5249449610710144
3857267,4a048e09-2c98-4c16-99de-d720e87340f8,0,0.0585518479347229,0.1652246862649917
3857267,1b963ae9-f02e-46c6-9a6a-e091bfdadfc1,0,0.2319921851158142,0.1582361906766891
3857267,38e835b9-1bbd-4d40-a18f-1dad5cf4e5f2,0,0.05514227971434593,0.0973913967609405
3857267,322e635f-9c3e-4cb9-a229-72f632a04083,1,0.2648421823978424,0.3836206495761871
3857267,1b2f84e3-e385-42b7-a69d-d8a17ee4af66,0,0.244238018989563,0.2250682264566421
3857268,b3b4b658-0729-426b-8931-8b6c53fa0fd0,0,0.12630560994148254,0.2728303074836731
3857268,0ed4f60f-aee9-49e0-a54c-dfe7168efb74,0,0.0662587508559227,0.1382602155208587
3857268,bf6569cc-0148-4a5e-be7c-d500bc8127a1,0,0.005922980606555939,0.0480779446661472
3857268,6ffa0fef-4e72-40bb-937d-541e177df565,1,0.09898761659860611,0.051392562687397
3857269,3ddf9958-9b6e-4b1e-ba2d-71c8059231ca,0,0.16680225729942322,0.1255641132593155
3857269,62583b56-6320-443b-abaf-17c6ec7f02af,0,0.21014301478862762,0.341309905052185
3857269,4e88ed89-12e5-403a-bee8-e854764ac6f7,0,0.1254211664199829,0.1567922681570053
3857269,b3e296c9-1d5f-40c5-bf5c-2e9521544cd3,1,0.12550367414951324,0.2314964681863784
3857269,d044fcd7-89e5-4314-a7fe-9ab18b048446,0,0.3655390441417694,0.1943424046039581
3857269,f4b4d8cf-a20c-43fc-b5aa-ac82ffcb9867,0,0.08484616130590439,0.1117819100618362
3857269,aae7be9d-62b1-4efd-bc31-2da40afd4137,0,0.1437748819589615,0.0808232575654983
3857269,0c0ab8d4-50f2-458e-b239-cfee9a5cfc31,1,0.23488259315490723,0.2654124200344085
3857270,9d13d01e-a320-4f4f-985e-2d393a42a647,0,0.11422089487314224,0.0545133426785469
3857270,65960597-28aa-4279-ad8f-a24e2d17dd72,0,0.2832171320915222,0.140225812792778
3857270,15f9264f-b276-49d9-98d2-bde219f69dea,0,0.14846846461296082,0.1694510132074356
3857270,3e6139ce-f4f8-49be-9af7-e3ca067b2ab4,0,0.29904904961586,0.3361640572547912
3857270,759519ec-b61a-40fa-8737-71d39076b94f,0,0.3743835389614105,0.1710111796855926
3857270,b1ab2e8c-7935-41a3-a44c-970836bd16f9,0,0.2304908186197281,0.133868008852005
3857270,99ed7aa2-71bd-401f-aa2d-3facb3f17b30,0,0.2837330102920532,0.2398397773504257
3857270,156cbc07-022b-4d98-bf2e-8ac6b1214b63,0,0.1964503675699234,0.0972570404410362
3857270,914b5fbd-df5b-44f8-9e61-c3b4aede13e9,0,0.07517721503973007,0.0639458075165748
3857270,bfe9f897-4fc1-4a5b-8b1b-09904530791e,0,0.2938099503517151,0.1598138809204101
3857271,7b785280-21a5-4e4e-ab61-9305e5fa912c,0,0.14175322651863098,0.0756778642535209
3857271,43cb2132-4dcf-4e73-b237-3738bcbd4b5b,0,0.34316742420196533,0.2958249151706695
3857271,1ca0a78b-ec0b-4f1e-858c-75b968c51440,0,0.3594862222671509,0.3653886020183563
3857271,5fea8273-4c56-46bc-aa88-ed892c1e9244,1,0.11269233375787735,0.2763995230197906
3857271,f533df63-4943-4338-8b62-cea7e0a38612,0,0.1191311702132225,0.2087811976671219
3857271,b463c1a2-d9c6-4905-8100-53e6728218a2,0,0.2174733430147171,0.147545650601387
3857271,2656a5c5-b80d-4daa-8a73-74a368e10fa3,0,0.1771150380373001,0.2132187932729721
3857271,ef542316-ebd3-4560-9e8c-2cd0f47388e1,0,0.21046070754528046,0.1445000618696212
3857271,5f3e6244-4bf4-4dc0-87c3-48b6c1827315,0,0.11048178374767303,0.2245612889528274
3857271,2914c51a-07d6-4606-a785-d84781753c13,0,0.2852567434310913,0.2972316741943359
3857271,c90d2279-f014-4a13-bf2e-8352171aecbe,1,0.15769170224666595,0.4239318072795868
3857272,5d4d578c-dae4-4bdc-9e20-4398b8336c9d,0,0.2246474176645279,0.1287130564451217
3857272,a156ae3b-c674-4255-889a-4ec5b1b747de,1,0.16561345756053925,0.3290717303752899
3857272,6325f8f4-9db4-49b8-8844-06d444da046f,0,0.12174465507268906,0.1865587383508682
3857272,73290f5f-205d-45bb-b824-00c0e450271a,0,0.044995661824941635,0.1065656095743179
3857272,0590d16b-0c96-4444-9497-7d2c072af715,1,0.2988930344581604,0.2787794172763824
3857272,66a7bcd0-8d0b-4155-8110-bc7c4c887476,0,0.10876448452472687,0.2651488780975342
3857272,912e739e-c1c9-4965-80f9-023161abb513,1,0.10079258680343628,0.0786126926541328
3857272,e1cd8c8d-fa89-4277-95fb-73a07c5dd757,0,0.2596851885318756,0.2801968157291412
3857272,35857e6e-63d8-4dbe-a451-c5b50fa57b88,0,0.1483285278081894,0.1151035130023956
3857272,cba1789d-9ea0-47b3-9809-26a67e814835,0,0.08179942518472672,0.0750658139586448
3857272,66d7ad1f-ca17-43a3-8813-d945a77737e1,1,0.29423069953918457,0.4854900538921356
3857272,e5a5fc0d-5f37-4e2d-bee3-21220d3f0e44,0,0.1558201164007187,0.2844729721546173
3857273,8233a52d-de2d-4589-bb51-bd1db7c69674,0,0.24106547236442566,0.3821233808994293
3857273,7ea64346-671e-40fe-8264-4a101961f5b8,0,0.21141640841960907,0.2551057636737823
3857273,00702eaa-0c0d-4562-8ab3-109b7fa3333b,0,0.2111685872077942,0.298980176448822
3857273,ad69c599-7aa8-4590-af81-fc95106b6fa0,0,0.06794814765453339,0.0564549826085567
3857273,3db28285-7b18-4951-8cb7-5b5d2189c7c1,0,0.0798533707857132,0.0588118508458137
3857273,a044fb87-71d3-4d98-b116-751a5c51f180,1,0.2647678852081299,0.2645114958286285
3857273,49d255f7-7a6d-4aca-af22-b5999c9f8edf,0,0.21205362677574158,0.4032589793205261
3857273,1cdc38c7-7a3c-484d-b27f-ec7559c30ded,0,0.146342471241951,0.324576735496521
3857273,db013d36-3a03-48c7-bddf-99a8a4b02f01,0,0.2888391315937042,0.1563793867826461
3857273,a43982d1-3a20-4062-b5d6-8024470bd4a8,1,0.13862065970897675,0.0878468379378318
3857273,fa4b6d93-56db-4d05-9d45-6b469ecd6750,1,0.17506000399589539,0.1883847564458847
3857273,9f0d10ac-7833-48e8-a8a5-fb30defacc9a,0,0.19632337987422943,0.17311692237854
3857273,09a25ddc-e1f6-405f-9776-7bf2a3d15ce1,0,0.06696227192878723,0.0879025682806968
3857273,fb0b6cf7-e20d-4368-9a33-ece46daba954,1,0.13561365008354187,0.4317333400249481
3857273,a7fc52df-32a0-4f0f-9ff3-c9a706c2c196,0,0.25266024470329285,0.2485809922218322
3857274,8d8ca95d-ca5b-4109-9239-04bf3327ec56,0,0.16674038767814636,0.1452269852161407
3857274,aaddb356-d77e-45db-9e4a-abe9f02fadbd,0,0.2556988000869751,0.1938618272542953
3857274,62be1d7b-70d5-401f-8f7d-9a241ecdb423,0,0.4584660232067108,0.1612073630094528
3857274,703bf2ec-e5aa-4a18-a6dc-e2bede531516,0,0.07815400511026382,0.1418813616037368
3857274,9444c3a9-27d6-4a5c-95cd-5a83c4424e99,0,0.1920754462480545,0.1791000217199325
3857274,3ae30a6e-0a5f-4695-bf52-0d0ad883289c,0,0.11093815416097641,0.05003547295928
3857274,3ffc535c-1c1b-48cf-b1ed-a89c12edf50b,0,0.3142818808555603,0.3236957788467407
3857274,934c3413-8942-48e3-b645-ae9b5a754815,0,0.20577774941921234,0.1054560914635658
3857274,4d301f50-e053-4af3-93b1-87905c391a58,0,0.33072182536125183,0.2607370018959045
3857274,510d4c90-a410-42cc-b07c-c890fdff1cc1,1,0.2931421995162964,0.2282005697488784
3857274,bf22e13d-a29f-40a6-bd23-04b11171c45c,0,0.14254465699195862,0.3309334516525268
3857274,abbca836-13f2-40d0-b73a-3b765671230d,0,0.07223524898290634,0.1663629710674286
3857274,9ad24915-87da-4839-95a2-291f68fe7690,0,0.17811912298202515,0.1699242442846298
3857274,210b21a0-2e0c-47d7-9dbc-ab78c90534b7,0,0.1828308254480362,0.126409649848938
3857274,92c38fda-01c5-413f-bf79-3b3f186c2356,0,0.441076397895813,0.3406131267547607
3857274,7d017eb1-092d-4879-9803-7e27e306e395,0,0.207399383187294,0.1022097840905189
3857274,a8b62155-cebc-4b99-889a-d7b305eb2498,0,0.35849839448928833,0.5327314734458923
3857274,c799dc55-0ab3-444f-b175-80e7684178b9,1,0.3739188611507416,0.2755648195743561
3857274,d1a6de64-27cf-4927-9868-16c902147274,0,0.12893202900886536,0.3346238732337951
3857274,f38032e6-46d0-4290-b202-f88ba82d3ea6,0,0.19436189532279968,0.0521586276590824
3857274,466026f1-ccca-486c-beff-18210592a505,0,0.30905476212501526,0.2292046099901199
3857274,9499e04a-bd07-4a26-aad9-ee2d63a2a78a,1,0.40480881929397583,0.5607793927192688
3857274,2012d561-2d89-4379-bfb0-a92c31ad8129,0,0.3204967677593231,0.2439792603254318
3857274,82368ec7-2022-42ab-b61a-29ae98f198b6,0,0.17895901203155518,0.260893851518631
3857274,1eda31b1-3c06-4576-8c7d-c925d9570018,0,0.2512653172016144,0.2274826914072036
3857274,31abfef8-19e1-47c3-a166-c77b626a907b,0,0.11364667117595673,0.1279527992010116
3857275,c0fdef16-2203-422a-ae2f-6a89ac7f30ba,1,0.17985717952251434,0.3105010092258453
3857275,4fcb593a-9415-4dd3-b952-8dd1277f0ea7,1,0.2802833616733551,0.324293851852417
3857275,542e5353-0c01-48fa-9aea-b35a1e432858,0,0.12285885214805603,0.0897411033511161
3857275,cc88e8de-be9d-4fbc-b9cb-0800d2a5199d,1,0.2787286639213562,0.2056803703308105
3857275,d87349d7-cbd5-4c63-8514-4609ccd2b9a0,0,0.11853459477424622,0.0739386081695556
3857275,d6f71254-d3d0-41ee-9a72-751b1ae84585,0,0.09667696803808212,0.1206547617912292
3857275,4bd9c054-37ba-41e9-ad9b-37d77f3b20d3,0,0.19770734012126923,0.2782129645347595
3857275,81f5e335-3b8b-4588-961a-d9ba9fb30a3c,0,0.2515072524547577,0.3444778323173523
3857275,90191e0b-5b5d-4f8c-a8fd-38b91f677cf0,0,0.25719746947288513,0.0878356471657753
3857275,3b4a57d8-3c18-4245-b62a-9ebbca0c8c6a,0,0.12427780777215958,0.0732492431998252
3857276,e9e11533-0b60-468d-9a69-fb603efe3039,0,0.1164105013012886,0.18560791015625
3857276,41ff0ca0-f2da-4056-8b8f-9960b474ae60,0,0.12597553431987762,0.08443184196949
3857276,5d9b0a5a-9804-465e-9c0d-0057fadf91ac,0,0.37538713216781616,0.3665967583656311
3857276,d511416f-ad8a-466c-8ad6-e7a3dc98e9fa,0,0.1359768658876419,0.1418235898017883
3857276,59f320ec-9fdc-4d30-9484-df1469f72de4,1,0.1628522425889969,0.2019256949424743
3857276,3c3139b3-cd3b-4389-929d-4a83cab17c00,0,0.25664299726486206,0.1638777256011963
3857277,7e2c9b51-9014-4c94-a52d-6ce2748be8d0,0,0.13745960593223572,0.1362823396921157
3857277,bb56cc57-cb8b-4b9a-ae0c-ea3e52d13fb1,0,0.26373258233070374,0.231624037027359
3857277,00dbfd59-f6e2-40ef-aedd-314cce53aee1,0,0.16511622071266174,0.1043124496936798
3857277,4d34a341-bacd-4b02-b242-8c3b5b0fe09d,0,0.09745948016643524,0.0968109816312789
3857277,bb36120d-3b29-4e9e-a51a-2fdb37369e81,0,0.05577489361166954,0.1946073621511459
3857277,0c33ab24-a83d-47cb-8bb8-90bdf5519ae8,0,0.40088415145874023,0.4287518858909607
3857277,d837a345-bb7e-4951-8f07-8aef0fba0d0d,0,0.2816694378852844,0.2099193632602691
3857277,214c786b-5dfa-478b-80b5-a2c86eb185f2,0,0.029078660532832146,0.0760767385363578
3857277,8f2fddd9-3213-44e5-90eb-231a2bd5d547,0,0.16190817952156067,0.1106286644935607
3857277,8f16ba5d-76d5-49a0-82a0-460aa1b8e37f,0,0.1767541766166687,0.1538180559873581
3857277,9b4dd19e-4f62-4ade-9def-47aa0316ee6c,0,0.11708017438650131,0.1183967441320419
3857277,9e0623f0-550f-46f0-99ff-c5ba3cbf56a0,1,0.1255049854516983,0.1642395257949829
3857277,32293f7b-07be-43fd-95a3-534dd4d87c6e,0,0.06106189638376236,0.1273864805698394
3857277,76a6004f-a7b3-482e-8ad3-a34719894e2f,0,0.3023902177810669,0.2792473137378692
3857278,b27d792a-2032-4ec4-b584-b619de1bf4c7,0,0.2447691261768341,0.1093078181147575
3857278,b73c61af-1244-49f4-8850-e539e6bf8b61,0,0.16433922946453094,0.2797116637229919
3857278,df1891e2-b230-4ec6-9e81-ad3e54ac62fb,1,0.14756478369235992,0.4467509090900421
3857278,c2af91b8-5eb0-47d9-8482-9189b7aba435,0,0.28770795464515686,0.3910031914710998
3857278,2e78b14e-c501-41ad-9211-a6aefe11a971,0,0.3111366629600525,0.2006370574235916
3857278,2f98e511-aa1d-4ca5-b115-6fce7f2d9b3d,0,0.1697142869234085,0.1026031225919723
3857278,904e48bd-e473-4ba7-817c-99de897cf6e7,1,0.31030434370040894,0.3452529311180115
3857278,36038dd4-cfae-406b-98d9-be09f24a79a3,0,0.07024294137954712,0.0358238816261291
3857278,34be2ac7-46ec-489f-ac71-00d6c21dd63d,1,0.31390491127967834,0.4372000396251678
3857278,28773160-1599-4600-b915-bfa06b20ddc6,0,0.29310786724090576,0.3592672646045685
3857278,3caa49d0-dc96-4ccc-b2be-e919aee8d9df,0,0.1269221007823944,0.1203869208693504
3857278,2b1da946-a74f-4a86-9418-51d0c582577a,0,0.2546100914478302,0.0678152740001678
3857278,5f2b0321-1504-4ecf-8187-df9d24bf6e58,0,0.34246960282325745,0.2740866839885711
3857278,5cb3cf73-a920-4e08-9c01-f73ef13dbd3d,0,0.27004769444465637,0.2444972544908523
3857278,f4d83b4f-a673-4980-8cf8-aac825476ff5,0,0.15750712156295776,0.0628121942281723
3857278,8b952d76-67e0-42cf-85c9-7c2e88ce9414,0,0.04750121757388115,0.0435564965009689
3857278,a234f3e6-20bb-4f91-bc6c-bea20685f634,0,0.22868840396404266,0.2556118965148926
3857278,b1ab477b-93e9-4f26-873e-91513979f38a,0,0.2565735876560211,0.3476054668426513
3857278,cefa2d19-2e80-4b5a-bf50-dbdc394ac372,1,0.21546995639801025,0.3028895854949951
3857278,bae82650-3557-49c8-a721-dd26045cbd98,0,0.13013412058353424,0.2817771434783935
3857278,9cc9240d-b244-4c62-b758-720cf647b2d5,0,0.18101444840431213,0.1712283790111541
3857279,fc4bb1a1-a9d0-4341-a7ed-4c5e662d8955,0,0.3776296079158783,0.3905024528503418
3857279,7529b7ad-172a-49b7-96e5-a51f2947090a,0,0.31611382961273193,0.2726315855979919
3857279,fae5bc49-488f-4b66-ad0d-1564b5cc43bb,0,0.32542380690574646,0.4713420867919922
3857279,bbda591e-a441-465a-80a0-056d4588bebc,0,0.2599623501300812,0.2644305229187011
3857279,a1beff41-7bcc-476d-ba7f-0d29e1bb79bf,0,0.32441049814224243,0.3235323429107666
3857279,9564b5b4-4a97-488a-b550-893f164ba37d,0,0.1367904245853424,0.0890746414661407
3857279,5e8156a8-c1df-412f-8d60-1e05f4e124e2,0,0.37069281935691833,0.2635460793972015
3857279,146decc8-e198-47cd-9e9e-c8785465205d,0,0.2977198660373688,0.1650949865579605
3857279,36fad6c1-085b-4ebf-9e90-e03afdcfdc30,0,0.11034732311964035,0.1806072741746902
3857280,801222c2-6dda-4453-83ae-f5c90a6ca6a4,0,0.39188340306282043,0.656934916973114
3857280,df859799-fb94-49c6-adaa-20b48a81fbf1,0,0.040037304162979126,0.0798153355717659
3857280,cedc058c-9aae-486d-a913-7ff3da833c3a,0,0.16741639375686646,0.2248346805572509
3857280,b265e079-8ff2-465e-a38c-fbc2e822d915,0,0.17949539422988892,0.1335028409957885
3857280,9265c1be-6332-407a-8d0d-886e3c037249,0,0.18019987642765045,0.189438059926033
3857280,4609511e-fdd8-4d0a-a9c3-367a6dce30ba,0,0.1567826271057129,0.1231749206781387
3857280,203ca274-be29-4c4c-8fcd-99ff2c7e7944,0,0.19936884939670563,0.2017808109521865
3857280,14cc8960-019d-4284-bdb4-7189ff2ceed3,0,0.33738601207733154,0.2527247965335846
3857280,27bd7f4d-8aad-4c76-a31b-1ed57f3b0e2e,0,0.06925249099731445,0.0574924275279045
3857280,23867624-3b70-4451-ba43-2f095431ab2b,0,0.029004273936152458,0.0603333562612533
3857280,03605d98-c986-4b58-a7ee-45c140511747,0,0.3624890148639679,0.3934208750724792
3857281,c8e304c4-1133-4344-9566-f6603b6a2735,0,0.17794369161128998,0.0709983557462692
3857281,b5cac123-1617-42f0-864c-6b3bce02c67c,0,0.13309228420257568,0.0604458041489124
3857281,72ccc592-d1bd-445c-8ef4-a7155d7a3a10,0,0.19099143147468567,0.2097589969635009
3857281,d10cb453-9702-4062-8cde-9bee97146d40,0,0.15419746935367584,0.0821421071887016
3857281,4d5da179-1eb0-44c9-9087-6f03d9bf5fbe,0,0.22912797331809998,0.2562313079833984
3857281,7e4edd4e-4961-4e31-a394-5ee5d3d7eba6,0,0.3022342026233673,0.3232237696647644
3857281,06488d24-5eb7-4d41-a692-c66b0215fe44,0,0.28263503313064575,0.1948186308145523
3857281,7fae868a-2922-481f-b6ce-26ec14d88383,0,0.27841871976852417,0.2066007107496261
3857282,ed160276-76ae-4b76-adb3-cfd5f8d2a6fc,1,0.432624489068985,0.4477969110012054
3857282,2cecf0da-5c9a-4c6e-a052-220f644a27d7,0,0.10145867615938187,0.0917526260018348
3857282,103818a9-7552-416a-bb00-a22051295eb4,1,0.20656007528305054,0.1567257791757583
3857282,b4cd5efd-431a-4325-9d34-a0b985f1bebd,0,0.10468801856040955,0.1210894361138343
3857282,6c697f89-9f87-42a6-955c-943187796493,1,0.4001566171646118,0.3664909303188324
3857282,13f7631f-9286-44c3-b8e4-01ec69e069e4,0,0.143188938498497,0.1291628032922744
3857282,a3ca169a-59b9-4b39-8e88-3a040d82ffe2,0,0.14673197269439697,0.1250214427709579
3857282,9118ad29-5310-449e-acdb-ccfb6dafcb76,0,0.21721111238002777,0.3967853784561157
3857282,d7d2dcf2-43f4-4f93-b927-87e292564cf2,1,0.3825961947441101,0.3403025567531585
3857282,33df808f-14af-45c4-9290-648fd7400ddc,0,0.1739029735326767,0.278123676776886
3857282,fc698445-0939-4f40-a605-dc06714ced11,0,0.12979832291603088,0.0926178842782974
3857282,b7c58d15-e9b5-4ebc-bfaa-3f5ae1c6ea83,0,0.3282988369464874,0.2736016809940338
3857282,3fb063f4-870b-4a6a-a6f2-0d40c9fc42ec,0,0.28935524821281433,0.1813078969717025
3857283,b236d0e4-7bdc-405b-bfaa-efcf83b3edda,0,0.34533071517944336,0.1622666716575622
3857283,c6403922-f223-482e-8f09-00b428fe8289,0,0.2597941756248474,0.2822135388851166
3857283,b4beff45-d528-47be-b553-fda7595165d3,0,0.14186164736747742,0.1099295765161514
3857283,6bcf9745-19bf-438d-ad9a-601b27d0b375,0,0.2953726053237915,0.2784732282161712
3857283,71519970-1c9a-4c9d-99e7-83623d2110a7,0,0.06976611167192459,0.0691726952791214
3857283,43128eb9-6ca4-4fa9-9361-6de0f9c5df4e,1,0.2070898413658142,0.3755321204662323
3857283,237096d1-9a82-401e-8b31-06dd3689c178,0,0.1997777372598648,0.1673130989074707
3857284,b2982e14-6e3f-4578-8445-8ecdd6ef5b5d,0,0.056380897760391235,0.1441357582807541
3857284,d72793ee-0126-402a-9e43-b7a38bbac5a7,1,0.13567139208316803,0.2179236412048339
3857284,f24dfb39-198a-4b85-9bb7-00800d997e53,0,0.07450927048921585,0.1064582616090774
3857284,90b4ecec-33b9-4159-bf91-4b2d2218b97c,1,0.2550252079963684,0.1587033122777938
3857284,46bc4f90-a6d7-4292-a447-5b907c092d67,0,0.280593603849411,0.1843916326761245
3857284,87e1c2da-b0a4-48c1-9006-4d73f49a815a,0,0.31370699405670166,0.1813663393259048
3857284,0d162604-8dd1-425a-ac16-44ae92e2940a,1,0.2893594801425934,0.3713905215263366
3857284,69cdd3bc-7f00-4b4a-bd6c-51578a34a847,1,0.21522840857505798,0.1263801157474517
3857284,523b6296-e1b9-486d-95b1-3424d76d5b04,1,0.28907522559165955,0.230597898364067
3857284,935d5fc2-edd8-4210-b97d-084e732adfcc,0,0.4015597701072693,0.2897974848747253
3857284,0f1b8215-d9d1-47bd-b648-18c2644cb801,0,0.13495168089866638,0.0720813944935798
3857284,e99b4029-94ae-4575-9631-6e4b09065f6b,0,0.24855799973011017,0.1766049116849899
3857284,f0d84393-7911-4529-948e-9fc71c0df366,0,0.06857331842184067,0.0670723393559455
3857285,f337edea-1653-49cc-93cc-57f050665850,0,0.17636826634407043,0.184611827135086
3857285,5d7a070b-b109-4870-97e9-f97a5ce16f8b,1,0.2213394194841385,0.1433179974555969
3857285,485be020-60f5-401f-beb0-14e7fbd54c9f,1,0.30117979645729065,0.1093170344829559
3857285,b5187ada-e881-4c65-9dc5-db67bc1a557a,1,0.17404332756996155,0.1344381272792816
3857285,4c79b613-b76b-4294-9bc5-1fad7160302e,0,0.2222035676240921,0.2352820336818695
3857285,1421b4cb-5c61-4295-a8ed-a2ec4fb64adc,0,0.17546646296977997,0.1285225003957748
3857285,9430c604-5b25-48e9-8a79-63af0ba089f9,0,0.3138638734817505,0.224863201379776
3857285,a75b9e87-48ff-4a7f-8887-b53f1bc22418,1,0.33580031991004944,0.456923246383667
3857285,7260e6c0-ef3c-4bb0-8b43-7ff3e9c70d4c,0,0.15257884562015533,0.0927130281925201
3857285,e5641e31-afcc-47fc-8fc0-66d634e3a806,0,0.1667170524597168,0.1513096988201141
3857285,07354f60-82d2-4f87-ad3d-f14f7034b372,0,0.22907361388206482,0.1705725342035293
3857286,968e8236-8df7-41e1-87b4-222cff60f99f,1,0.06234893947839737,0.1415645778179168
3857286,2a2739b4-3654-4fce-b687-65f3a054ce78,0,0.22150638699531555,0.1456077843904495
3857286,1ed7e5d2-9028-4d50-b67a-058b174ccb1c,0,0.14548201858997345,0.1066726222634315
3857286,8d89b413-73ad-4162-91a9-55660195e7a8,0,0.118135966360569,0.223333477973938
3857286,ee182d9d-64f8-4651-a578-9ab24d4f3ac4,0,0.1435573399066925,0.1613185852766037
3857286,777240b8-4e6e-4043-aafd-cdca163d4707,0,0.21004578471183777,0.3695981502532959
3857286,c4116e33-4aea-4ca3-a347-237a54c0ac35,0,0.10609369724988937,0.2941901385784149
3857286,9f2126fd-3c16-4402-9448-ab5559b399e1,0,0.32558804750442505,0.2628075778484344
3857286,c07875f7-22af-409b-bada-847d0c91990a,0,0.048406340181827545,0.0543926246464252
3857286,6bcf46ef-060c-4b0b-b83a-ff7a0950cd5d,0,0.16958950459957123,0.2014612108469009
3857286,a59217c7-0870-4733-945f-5060ef0027f7,0,0.14341334998607635,0.0860737562179565
3857286,06321a9d-ce50-4076-a015-61edc107d35c,0,0.1609712839126587,0.2319348305463791
3857286,5697c2d2-01b2-431b-8a8e-243fdbc51747,1,0.18096351623535156,0.3880060911178589
3857286,764ac27f-655f-46fa-ba43-ca6effc8a08d,0,0.21880985796451569,0.2736128866672516
3857287,09e6a654-c4be-4912-ba09-0efe682f86db,0,0.14860932528972626,0.0524434745311737
3857287,d18e1e13-6c46-4bf5-ba75-f9469ce1e54b,0,0.13858647644519806,0.0900152027606964
3857287,41cbdb44-be01-4e08-8888-ff9158d96e64,0,0.24573642015457153,0.3155244290828705
3857287,efc77800-014d-4176-8552-976b69927e50,0,0.23778821527957916,0.1503455340862274
3857287,fbc9cd21-b5df-4bfd-bc1c-659ed6a1ede3,0,0.22031456232070923,0.252104252576828
3857287,8ad1efbc-79f5-4b22-8aa9-d65173c79799,0,0.2293616235256195,0.3130084276199341
3857287,01c3403a-d70d-44b6-9eb9-fbbc6e944890,1,0.27836012840270996,0.24977608025074
3857287,df679290-b59b-4156-934d-1b76699b40c4,0,0.23762254416942596,0.2747111022472381
3857287,cc48aef4-83c5-4640-8627-fc5d1c4363fd,0,0.3288366496562958,0.3540353178977966
3857287,d75c67f2-1306-42c6-8b49-262417e7c029,0,0.13401387631893158,0.1500659137964248
3857287,5c3ee644-ac2f-469e-b80b-2577110a222c,0,0.2894505560398102,0.202128529548645
3857287,8a1dacaf-54b4-4223-ba04-fd3029b98b9e,0,0.3096315264701843,0.2213096171617508
3857287,d4bcf6b0-b772-4722-bc9b-4cb543aa5895,0,0.2467522770166397,0.2523980736732483
3857287,94cd2156-b46b-4411-a362-09a634f958c8,0,0.1599155068397522,0.0765679404139518
3857287,8196a47c-d0f4-4f3c-8bc8-6541fffb5719,0,0.23465806245803833,0.2958787977695465
3857287,e09eb703-ac3a-4d09-803d-2c6c62fcdc7c,1,0.36459994316101074,0.6629595756530762
3857287,ee12468b-0b49-4e68-9802-5ba2a6e2c402,0,0.1197805255651474,0.0508980527520179
3857287,a9c54685-ca88-4158-addc-fb174e7bec78,0,0.10908176749944687,0.0695401281118393
3857287,418c68cc-fae1-4a60-b14c-f0f343563903,0,0.1966855525970459,0.129682257771492
3857287,068de13a-217c-4463-b72e-28fc10554eeb,1,0.1554272621870041,0.040699552744627
3857287,f5b93095-be20-48eb-8bae-b352e6899f9b,0,0.21350911259651184,0.3848218321800232
3857287,6858f904-6e4a-4717-83bb-67c1d24a4f09,0,0.0838627815246582,0.2147185355424881
3857288,c37e09b9-2a0c-4ad9-9b04-1cbb3f9eacbc,0,0.09537798911333084,0.0467921309173107
3857288,37db5810-6666-475e-94ad-93eba4fcc934,0,0.3166728615760803,0.4121607840061188
3857288,04031da5-90e7-4f89-83ec-dfd20ec0724a,0,0.217177614569664,0.1657705605030059
3857288,29272085-ba90-4517-8937-f27f81986715,1,0.1501307338476181,0.4263566434383392
3857288,ff558a0f-7eee-4407-a49b-2a135e30a3b5,1,0.311452180147171,0.5497676730155945
3857288,bef709ad-f8ab-4a9f-9300-d20834c769f3,0,0.12876872718334198,0.0822246894240379
3857288,271b2664-c272-45f0-bd9f-8f5a2e2a1367,0,0.23982670903205872,0.0938177332282066
3857288,9941ef78-19ad-42ed-a6c1-13250a9afac8,0,0.0959927961230278,0.0579814836382865
3857288,b8405f62-dd8d-4f6e-82a0-bb08d9bb50be,1,0.34335529804229736,0.1388323158025741
3857288,6add9fe4-032d-49fb-933f-5b1d2bd9bbf9,0,0.17668360471725464,0.2142990976572036
3857288,b45119fa-dc4f-40cc-8d71-1422dc7c5e50,0,0.1535000503063202,0.0753660053014755
3857288,259eeb67-0e92-4143-9c1b-45388670f837,0,0.09815079718828201,0.0749507322907447
3857288,8ea2df5c-87d9-4027-a50b-04ee9f0dbe53,0,0.20017783343791962,0.2329823523759842
3857288,5efda140-70cb-489b-9f28-aa60b00ddb7b,0,0.11331108212471008,0.1402037292718887
3857288,21f56c9a-b87c-4200-84df-fd7e59e6dfbe,1,0.3844047486782074,0.4730912446975708
3857288,a9721ff8-f85f-474b-9b44-b0e62f40491e,0,0.2739587724208832,0.2597402930259704
3857288,8ae4f2ac-95fd-4db1-9343-cb4c2b8fa1ed,1,0.28796839714050293,0.1037939116358757
3857288,0a3e23c7-e437-4e12-a4ee-8298ea57b604,0,0.21685804426670074,0.3111483454704284
3857288,b0dfff90-1a7a-40cc-ae75-4fd186a7e4e5,1,0.2880875766277313,0.2878888249397278
3857289,6dc0c3df-fb1f-400f-a4a7-4a5291e210b3,0,0.0973878800868988,0.0507657490670681
3857289,8eae3200-9ff8-47c1-9e1a-cba41050df79,0,0.18599632382392883,0.2526764869689941
3857289,53dac3bb-af4e-4515-b69b-fb6d1deb3d5e,1,0.3474615514278412,0.3010030090808868
3857289,5a0783d8-8b72-487e-ac22-b52decac15e1,0,0.2970893085002899,0.149911880493164
3857289,ab59d1b1-4e1a-4fc4-a4f1-880fb964cf59,0,0.29002097249031067,0.3288894295692444
3857289,6339fb4a-817c-4d0c-8390-01f31e7e07b4,0,0.26054301857948303,0.1509355902671814
3857289,026190d9-45b2-4307-95d1-ff334e04bcb6,0,0.3295496106147766,0.3906553089618683
3857289,a79ce62d-fff8-4fd5-84dd-a4f71644be3b,0,0.22804152965545654,0.171081006526947
3857289,688d8588-4e4b-4554-9b6e-61d0f476f60b,0,0.2855002284049988,0.209919199347496
3857289,984a9a9b-0b9d-41f9-81ac-7a3a0aff2aac,0,0.16498050093650818,0.0654619559645652
3857289,87801efd-8e75-46eb-9e0a-0c10b2b344f0,0,0.26400384306907654,0.1814820021390915
3857289,7d8e084f-777f-42f3-ac88-56f41688d11b,0,0.318637490272522,0.3532125651836395
3857289,d1f795c1-b428-4ae5-9891-61c255b1cfcc,0,0.14953720569610596,0.0670361816883087
3857289,f4dc937d-4c4c-44ef-b965-9aff4875943e,0,0.3088706135749817,0.5749216079711914
3857290,6c44744d-9b30-41a8-b28c-a77fbe87f4b1,0,0.13209268450737,0.1722662895917892
3857290,ef1098cb-ff44-4eb8-ae46-cb7b911c2203,0,0.30751216411590576,0.1339056640863418
3857290,1172f0c9-7075-482b-ac73-aa2371781a8a,0,0.28657621145248413,0.1986341327428817
3857290,e84708ab-e57b-48ae-9510-2847ca38226d,0,0.1419539898633957,0.0708616450428962
3857290,c4e565ef-c84d-4ccb-b115-7907a65db526,0,0.17006893455982208,0.1142517924308776
3857290,aae57faa-1ec7-491c-92ee-9fcdc4ffcaf8,0,0.10004118084907532,0.0870226174592971
3857290,da2d17de-967e-4d9b-9ef7-763345e19b49,0,0.09404122829437256,0.1304085999727249
3857290,6faa70f5-2a33-47d1-abd8-dfb87c83bbcf,0,0.1730758100748062,0.1029312387108802
3857290,0f6dfbc3-a9b0-46ab-9979-6aea74707f6f,0,0.33750802278518677,0.2805308103561401
3857290,a78e9954-5f4e-472a-a8dd-9c93602193c9,0,0.17310500144958496,0.3114821314811706
3857290,1cb8b961-f5c9-461b-b676-6159ded97f23,1,0.40951597690582275,0.4463841021060943
3857290,beca7e79-f999-47db-ba7c-14c41c880bb1,0,0.26252543926239014,0.2003098577260971
3857290,8b77b0cc-0882-40ca-b4ed-1bcd05dbc085,0,0.24166984856128693,0.1525315344333648
3857290,2a06a105-139c-4198-81fe-0fa51ee084bd,0,0.12038066238164902,0.1298052370548248
3857291,d3aefc7d-84f8-4f80-9cf6-22a8673014c8,1,0.2832418978214264,0.2110793143510818
3857291,efd21cce-60c2-497d-9cf8-1ff78165315f,1,0.09393763542175293,0.122566282749176
3857291,bd0a6e58-6773-40da-a330-cad0661302ab,1,0.2562653720378876,0.2046286761760711
3857291,284e2dff-2660-4553-aa9a-af69aa5beb31,1,0.197111576795578,0.1341312080621719
3857291,a16c20e3-a776-464d-9121-7b223833921b,0,0.11281141638755798,0.119071215391159
3857291,d9e77643-2a2e-4d8e-886e-8f7ca15cda82,0,0.10037548094987869,0.2139443606138229
3857291,308bdf9e-39d4-4474-a40c-8eeb9a705892,0,0.04251706972718239,0.0575343780219554
3857291,48df4109-30b8-4d15-8a81-ea17f4bcbdf4,1,0.12175217270851135,0.1433276087045669
3857291,d09ac5fd-4218-499f-9312-9cdfbe2605c3,0,0.09879308938980103,0.1845869719982147
3857291,b908d22f-5bbe-4a7b-96bc-e246fcb5f78e,0,0.12703979015350342,0.1154421344399452
3857291,d66eed59-da9c-4b36-a084-8ea841ecbc32,1,0.3899364769458771,0.2279346734285354
3857292,69198424-fb64-449c-9157-62d5980411fe,1,0.23414431512355804,0.2646875381469726
3857292,6189f617-3bb8-4f0f-9013-e5a3fb303bf0,0,0.09347916394472122,0.1428118646144867
3857292,977f2672-c301-412f-8120-a7c063acb473,0,0.14172109961509705,0.3137741982936859
3857292,89406d33-4ec6-4eb4-b91e-595cb7e60b41,0,0.0903029665350914,0.12603460252285
3857292,4c620809-acf8-4e37-9216-6fb7fbeff298,1,0.3143986761569977,0.3489589691162109
3857292,c9d705ed-03c0-4af2-b8f7-4687a4dcb68d,0,0.12956392765045166,0.1134647130966186
3857292,1443cbbc-c47d-44dc-8315-7d9b9c77d813,0,0.25333794951438904,0.138431042432785
3857292,cef906ed-6afb-45d7-ae29-16a8920c852d,0,0.19971448183059692,0.2159733772277832
3857292,dc6fef50-90bb-4403-aa75-81724da83915,0,0.05967723950743675,0.0504024066030979
3857292,45ae402d-b43d-4089-b6f7-2f4f8badb795,1,0.2351197749376297,0.1587643474340438
3857292,17971a5b-bb49-4fbc-8bcb-c9e16ebda517,0,0.4205445945262909,0.224675178527832
3857292,dbf2369b-5111-4986-ac43-51f10ae84fb8,0,0.1926385462284088,0.1375258266925811
3857292,aa4e5855-279a-490a-bb29-770fd1304f46,0,0.31671640276908875,0.199816808104515
3857293,1e1a0282-bb38-42c8-8f29-0b6a716f5834,0,0.21566550433635712,0.1550034284591674
3857293,68dc58ed-0e57-49d3-9d25-630612ecfcf2,0,0.1871795356273651,0.2431255877017974
3857293,2d70ace8-b441-47a6-9d4d-88c2e1ba915a,1,0.2348976880311966,0.3062099516391754
3857293,a67c913b-4e10-4ec2-a061-90add50246d8,0,0.10538353770971298,0.2195983529090881
3857293,37252f97-54a3-4bc1-92be-426c8cdb0d69,0,0.2041139006614685,0.2257977277040481
3857293,b88f34e0-58dc-48cd-a61a-48dc0e132c60,0,0.2871195077896118,0.3043966293334961
3857293,3f722291-557c-4ff3-8cbe-93c698825e8c,0,0.24902239441871643,0.2031677514314651
3857293,223b9715-592e-49df-80d3-27336a4fb450,0,0.16174358129501343,0.3129716217517853
3857293,bc377ae2-eec0-414f-a516-d10d3e155a5c,1,0.17264911532402039,0.4296488165855407
3857293,32167b16-b6db-4f14-ba67-bbff5daa72ee,0,0.1796831637620926,0.1490337550640106
3857293,0819a334-c2c2-409d-9b6a-7d345a8ffee0,0,0.1568881869316101,0.2399703562259674
3857293,afe7f669-ec3b-4001-8b67-66365b6aa5ca,1,0.12508733570575714,0.332572340965271
3857293,0e2184d8-8989-43b5-8a07-cd1c08086f9c,0,0.14459894597530365,0.1607016772031784
3857293,e92448ef-5ae1-4464-a18a-e4b9614b5651,0,0.20680943131446838,0.3268921673297882
3857293,aaedf579-a311-41f7-8010-0e465b879775,1,0.21054334938526154,0.2581112384796142
3857293,ed2818a4-c60b-405a-934d-a97c5879a207,0,0.10124033689498901,0.075105220079422
3857293,ae76b57b-f5df-4cbe-ae66-d3a610849d33,1,0.38498497009277344,0.3365020751953125
3857293,d7a83fe1-e08d-4122-b7d9-8a6138fa341c,0,0.22661618888378143,0.34622323513031
3857293,2276ae12-7870-4f64-9374-ecf54aea54ce,0,0.14837877452373505,0.1649396568536758
3857294,bc63fa01-3428-4c68-ac7f-e7d51ecc31b8,0,0.31700724363327026,0.2016475647687912
3857294,733a54ec-421b-4bb8-a8da-6af042de7da8,0,0.2283507138490677,0.1576495915651321
3857294,59bf0548-5a3a-46f9-9415-02e30be2fdff,0,0.17551057040691376,0.2752655148506164
3857294,c359f5f8-ccaf-4c3c-ae8d-6b044459de4d,0,0.4322139620780945,0.3637621104717254
3857294,42adfac3-728f-4c2a-b1b5-9994da8cb2f0,0,0.13511645793914795,0.1474617719650268
3857294,2f413f32-b1a7-4771-a76e-b19db5876255,0,0.1596490889787674,0.3504433929920196
3857295,00e0a470-9268-486c-a9e0-8fe98523c618,0,0.2788279056549072,0.1033882275223732
3857295,aa54d171-6167-4267-9721-658d11e6fe8e,0,0.15964482724666595,0.0598034113645553
3857295,664efa1d-86b4-4b3f-a72c-2162e6f9b63f,1,0.12921276688575745,0.3544900417327881
3857295,b13b77b9-e9e8-4ef2-bbe1-7ffe1e4d6e39,0,0.21714116632938385,0.2803332805633545
3857295,190917b7-de98-48c6-b9b0-b80d546de283,0,0.26573050022125244,0.1827225983142852
3857295,3ed4f255-af99-40ee-b88b-fc08e7ab408b,1,0.35175541043281555,0.2595076262950897
3857295,08a9fbcb-cc52-41b8-82ab-2e3c2b771ac0,0,0.2596508860588074,0.2527450621128082
3857295,12617fa9-ffe4-4f0c-bd6c-642bbac3531e,0,0.11538819223642349,0.051301721483469
3857295,b0ef2fbf-2c38-4ab0-bcf4-422892b857a4,1,0.29795753955841064,0.2847218811511993
3857295,44183e36-0036-48a6-9f18-375f7f9d3af0,0,0.3100762963294983,0.2491364926099777
3857296,01b936c5-858e-4776-90a6-2b8858af5b2a,1,0.1516147404909134,0.3606592416763305
3857296,d3d88a6b-27b3-40cb-8d61-6cf70e4cae23,0,0.21990130841732025,0.0943954959511756
3857296,7675e847-c0bf-42c5-9fd0-84227f272571,0,0.05158692225813866,0.0684815198183059
3857296,bf3aebcd-c680-4b6c-8184-e92b4fe90294,1,0.23039396107196808,0.351043552160263
3857296,28616b2d-0dc2-4c95-bc62-70fdcbfcc0a0,1,0.33726081252098083,0.4755027294158935
3857297,b45157c3-ca34-4a8a-8911-9032aeeef988,0,0.07487884163856506,0.0987562909722328
3857297,655cf536-4880-4759-8b3b-0b5284366dac,0,0.07039689272642136,0.1141987517476081
3857297,1c15ed70-b9ad-45ae-89ae-98c22b7af00d,0,0.3116951882839203,0.4392993748188019
3857297,7d74f83c-228f-4b21-9ac9-df779a119e45,0,0.08414936065673828,0.1380054950714111
3857297,564e6761-c1cf-4072-ad63-fde1e60c208f,0,0.1217203438282013,0.0986386016011238
3857297,7dbda998-bce6-4edf-ad93-80e98c6fa68a,0,0.2821801006793976,0.3337804675102234
3857297,d146d0b5-9496-49d4-886e-e15a0f12bb36,0,0.19586502015590668,0.2220372408628463
3857297,b1a2a599-9912-48a3-893a-f4c2c2144c50,0,0.11377190053462982,0.1462703943252563
3857297,0ee121f3-0451-4d89-bd53-d064579565ee,0,0.1997467428445816,0.1144551709294319
3857297,05ef4024-070e-42ca-a363-4de11035f519,1,0.2827107906341553,0.1467576473951339
3857297,27476704-2b57-41ac-8765-551e49eec237,1,0.20913363993167877,0.0719698071479797
3857297,af923531-373d-472f-9ea7-37dbc29ce74b,0,0.2357068508863449,0.2564074993133545
3857298,d01f3202-6ab4-4a14-b9b1-b29bb576ac5c,0,0.30456241965293884,0.1395070552825927
3857298,1fcb1b93-89b4-45d8-83c0-b96a784ce44f,0,0.13627146184444427,0.0891877859830856
3857298,7ee17bd5-f420-46d1-8a2b-7e536b9a4e2e,0,0.17479081451892853,0.1744723469018936
3857298,cca5354b-2eed-459f-b7d4-a9bf030a15b1,0,0.1639275699853897,0.1465315520763397
3857298,ec7c5753-0a02-483d-a340-d18f85f5d675,0,0.06686611473560333,0.1025253012776374
3857298,8776d5e4-fc4b-49db-9b36-b37e62e8bd31,0,0.17862078547477722,0.0785262659192085
3857298,89bf5f98-565d-4505-8220-4d8848822e7a,0,0.1160295158624649,0.0788410976529121
3857298,a5ae3ca8-244c-463d-a3c6-c1602927017d,0,0.17621508240699768,0.2019729763269424
3857298,2929dea8-bb59-4b4d-8eac-223c97d8048d,0,0.11161958426237106,0.131130501627922
3857298,cb644553-cfca-48ed-81b4-85fccbadb79f,0,0.06875907629728317,0.0552952922880649
3857298,0ffd003b-2485-49d1-a118-18670c9744f3,0,0.2899087965488434,0.1976077705621719
3857298,982d7167-61c9-4078-89d5-22b4d11863ca,0,0.1374400109052658,0.2142678797245025
3857298,19d09ef1-427d-43b8-8d2c-a2646eea6551,0,0.05645720660686493,0.0385372675955295
3857298,269cebca-4357-41cd-a387-9f5dc2faefac,0,0.21830709278583527,0.2063340842723846
3857299,f0c6246b-9d2b-4e06-83b2-2cfbb19d2c21,1,0.23927313089370728,0.3509339392185211
3857299,4fbde7d4-d8af-42f4-a75a-1ea17797dba4,0,0.3203079104423523,0.1330104321241378
3857299,054f7094-b0a8-4a63-86c2-98d9d12446d5,1,0.29413655400276184,0.4846143126487732
3857299,e912ee4c-6fe9-4d8e-a2b4-ee80ddf87380,1,0.336247056722641,0.5557461380958557
3857299,5018b001-8a05-4f11-a9a5-c60fce40c3a8,1,0.2667748034000397,0.2475586533546447
3857299,dc07dd67-fdf5-4ec0-be55-7aff865f937a,0,0.28259092569351196,0.283836305141449
3857299,fee2f112-fa0a-443d-ae79-811bc3b8b235,1,0.15622740983963013,0.1618080586194992
3857299,0e73c98f-f390-4299-8e9e-7053bbd415f8,0,0.2757929563522339,0.3558139204978943
3857299,cc561914-ace0-4696-bf63-c4c9eb31f508,0,0.3319838047027588,0.478812962770462
3857299,8cfc145e-93cc-4ebb-aa77-9864b9c635ee,1,0.2558155953884125,0.2410923242568969
3857299,b5892730-92bb-42c4-8001-b11117b203d6,0,0.3009181022644043,0.4939298331737518
3857299,1de29ee2-14bb-4322-ac64-4da17c47a5d0,0,0.2910200357437134,0.419092446565628
3857299,08afe059-eac3-4066-8e5e-47cec7e520f0,0,0.14045986533164978,0.1300081461668014
3857300,dbc24387-7084-4c52-a5e3-ce04447b1db3,1,0.344983845949173,0.3191049098968506
3857300,6a0cb513-da29-46c7-a4ac-bbf52c23e6de,1,0.05277511477470398,0.0905105769634246
3857300,26c77034-7710-473f-ad99-00704989b1b6,1,0.22606879472732544,0.4516764879226684
3857300,55d1a500-c0d5-4b5c-87df-ba576ea7fddb,1,0.2768591344356537,0.2561485767364502
3857300,8a99a590-66ab-4dba-a7b7-88d524b72311,0,0.06920395791530609,0.2019553035497665
3857300,23049c6e-a15a-4022-92e0-851344e97ef0,0,0.04472611844539642,0.0996274873614311
3857300,3cc95c58-22b0-45eb-841e-84b5f700fd81,0,0.17035433650016785,0.3544982373714447
3857300,5c67cc6c-683f-4d95-ba82-e7eed8a171b4,0,0.039533231407403946,0.0939378961920738
3857300,f0755c91-a25a-4574-be36-4f213c64e68e,0,0.1884569376707077,0.2179222851991653
3857300,42166441-49e8-4c18-9cf5-23cb6cd18879,0,0.2181759774684906,0.2129163742065429
3857300,5faa3868-9aaa-4afb-9eef-7e8ceb975366,0,0.07787331193685532,0.1150836050510406
3857301,ea6a3094-680b-4e9d-9ff0-9e86a6857fc0,0,0.11238732933998108,0.1221447438001632
3857301,842f3b67-b8d2-41d4-b6cc-e467a183c56b,0,0.33935046195983887,0.3220556676387787
3857301,5b212de8-a2c3-4db5-b2b9-a6dda224a538,0,0.21272268891334534,0.2859916388988495
3857301,366527a5-b532-4953-8a73-5e8d1d68ec24,0,0.2568318545818329,0.1842211037874221
3869117,235bda66-d45c-4ece-afc8-f9ffdf650d48,0,0.07985370606184006,0.0677815675735473
3869117,6f477c84-c1cf-4382-ae08-2d5cac88cf17,0,0.18040961027145386,0.2495424747467041
3869117,1b3b5af5-5f0a-4e50-bbc2-1afebaaa6f8c,0,0.14934414625167847,0.1345943063497543
3869117,3d3e0f4e-1d4c-4d80-85ec-be3c9e056c32,0,0.12332659959793091,0.1315964013338089
3869117,28afe98b-932d-4fb3-af1a-b08f235bc544,0,0.11672526597976685,0.1238878965377807
3869117,b35bc062-a8b9-492f-8f62-a482205ad4fc,0,0.10929781198501587,0.1444472819566726
3869117,a92d1c0c-9be5-46bc-bb0e-2146561a683f,0,0.1485186368227005,0.1855984628200531
3869117,2d5b9ede-704d-4f40-bf4c-3b4754ca631e,0,0.06241089850664139,0.0462250895798206
3869117,4fbdc53f-db5f-4994-95f9-07d1b3e14f3c,0,0.15162111818790436,0.1771464645862579
3869117,242e85fa-eccc-4b2b-aa8a-0575ef131073,0,0.2702721059322357,0.2877174615859985
3869117,774b4129-8dcb-4cc7-b40e-6305bfcb21da,0,0.15096420049667358,0.1132859736680984
3869117,46c66a93-f97f-41c9-bf8c-6e9822388804,0,0.12090868502855301,0.0990097746253013
3869117,a8bd7d84-7a9a-48b0-b998-4e1b2af2ffcb,0,0.16461113095283508,0.1872044652700424
3869117,1a10cb5a-0c91-4012-aed0-5e2c83c45d88,0,0.2653122842311859,0.2578709721565246
3869117,c92e9b14-54ed-4e8c-b71d-953a24dddd64,0,0.07541724294424057,0.3591993451118469
3869118,32751ce2-1bd0-41ae-a4cb-08c4c303b93d,0,0.23809924721717834,0.1307615339756012
3869118,a8bdfcd0-d7b9-4543-aea2-88c51a010434,0,0.2664686441421509,0.180264413356781
3869118,4fb1288d-179a-47af-a85b-9b871f0f8375,0,0.28189581632614136,0.2713398933410644
3869118,d1c2807b-8f69-4888-b614-f503a4a75589,0,0.17343232035636902,0.2773663997650146
3869118,8f559c92-ad81-4613-b3c9-c3d0a4c9fec9,0,0.0728185698390007,0.0391871258616447
3869118,64ec3243-500b-49ea-82a4-dcfd1f7bf892,1,0.3619828224182129,0.446441501379013
3869118,967b5fe1-0dd5-4718-9222-85c5e36ec5a2,0,0.31101855635643005,0.2293451726436615
3869118,3f6f57d4-0093-4253-a4db-b3d11cd5f950,0,0.05377193167805672,0.0218176450580358
3869118,206624d0-5b8d-42fb-a9ba-acaf0d80ff4f,0,0.27828338742256165,0.4641510248184204
3869151,b836f366-777c-4375-9d29-2782f880f7e1,1,0.34358611702919006,0.4027297496795654
3869151,dbc23150-eeba-426f-a146-3bfc8064d683,0,0.3215283453464508,0.280070036649704
3869151,1ec3c44f-5a39-4bf7-8842-85489bc38bb5,0,0.16240455210208893,0.1741282492876052
3869151,05c11f58-eed3-4b6a-b782-2fa0db00c474,0,0.09196076542139053,0.1187881752848625
3869151,29a49fa2-5099-4be4-a388-130ebd539d18,0,0.25255441665649414,0.16547891497612
3869151,c5d6929c-585a-4520-aca0-f6135fc2d7d9,0,0.10165300220251083,0.0789733007550239
3869151,2bef4e57-48ca-475f-af8f-b160336d00f7,0,0.11394092440605164,0.2218397706747055
3869151,813bb1e4-0ae0-41c7-ba3c-4c41d9d56ef1,0,0.15579214692115784,0.2085290253162384
3869151,be6af5ab-9905-450c-82e7-5b5f15f25ddc,0,0.16345804929733276,0.340684562921524
3869151,108304da-110c-4205-9b81-83341ae684bc,0,0.1909896582365036,0.2423503100872039
3869152,42e89997-057f-48d0-8878-b0385adf870e,0,0.19171079993247986,0.1141246557235717
3869152,e9113074-9a5a-48ca-bd95-40a10b4179a8,0,0.32111507654190063,0.3664258122444153
3869152,fc7aa1a8-5993-47de-aac8-5927c1fcd90f,0,0.23642319440841675,0.2875527143478393
3869152,1aadc307-050a-49cf-9f10-0674aadfef27,0,0.31745943427085876,0.1813553720712661
3869152,2ed4857f-f6af-4f42-bd2b-d27e2d188a4f,0,0.3039810359477997,0.1626465320587158
3869152,20fef869-57ca-487f-b0df-9006230365ac,0,0.35569390654563904,0.3394251763820648
3869152,1d3ecfb5-8c79-4164-956e-f6c1adde0e75,0,0.32208752632141113,0.2382961809635162
3869152,abb0f463-a386-47aa-8006-190b02ffcaf5,1,0.14451956748962402,0.1568747013807296
3869152,e0c7c958-f131-4228-b8bc-bcb296afcb5d,1,0.33734938502311707,0.3419454991817474
3869152,08f97086-b398-44fa-99b0-3314f3c2481f,0,0.19156479835510254,0.0990030840039253
3869152,58d4f80c-cc1d-4b83-be66-ce580621a4fe,0,0.25527021288871765,0.279912531375885
3869219,720f64db-3244-4565-9aa5-545072dd4635,0,0.34606051445007324,0.3602113723754883
3869219,4d8cac2d-1007-43b4-8887-d9b1bd65d067,0,0.246763214468956,0.2909879982471466
3869219,9cc14ca1-b1fd-4b2e-90cd-99abdb42fe56,0,0.13249912858009338,0.1145734041929245
3869219,562a9441-3cd5-49e7-adf5-60b27019de8e,0,0.036513958126306534,0.1199307590723037
3869219,60142ee4-1c32-42e2-861a-87135144d050,0,0.26352807879447937,0.2205813527107238
3869219,4d8220b7-4868-41b0-b796-1a3d968cea7c,0,0.21759848296642303,0.4695055186748504
3869219,a6dae17e-9a5d-4afe-ad16-41eddb3d58d0,0,0.21113397181034088,0.2153646498918533
3869219,dc0ad6b8-31f0-44d2-8cb8-b6e8d3b59722,1,0.18349668383598328,0.1677079796791076
3869219,873642d4-4105-4154-a1c6-8dce2f0bbd35,1,0.11812566220760345,0.1111811175942421
3869219,a7684121-4a9c-4371-b25b-25b0a4d61a32,0,0.31581878662109375,0.3068715631961822
3869219,a387cd7d-fb3d-4f4a-9fdd-0af7ff6f4639,0,0.1702258288860321,0.1353820115327835
3869219,34a82318-642c-449c-880a-baefa0c80467,0,0.20333561301231384,0.1515274792909622
3869219,b9ba5f25-2173-4fb5-82b7-e305be4c2e00,0,0.040281809866428375,0.058376207947731
3869219,4978c510-6baa-4d2a-92e2-70207a67577d,0,0.22796300053596497,0.4047591686248779
3869219,f35e7752-668f-48a9-8df5-edd58f2dc186,0,0.06003434583544731,0.0860103890299797
3869219,31fbaedf-7e1a-4c94-a1d7-2dbdecb94dd4,0,0.12376728653907776,0.0898778662085533
3869219,dc959415-5404-4127-ac13-f87d268c636e,0,0.17325493693351746,0.2374612092971801
3869219,cf92334c-1a82-4b2d-a2c2-306c8c637898,1,0.05678355321288109,0.1490571796894073
3869219,669253ad-5a52-49f8-8699-46e64e8ce3dc,0,0.14645269513130188,0.2238218635320663
3869219,0058d654-a567-4528-b133-8e6680bc5b1b,0,0.3422679901123047,0.4066338241100311
3869219,6d4d0881-692d-4ea9-906e-23d06f40afd8,0,0.14750100672245026,0.0695109888911247
3869219,88c3811c-5f02-4a38-b52f-b5a4ced04aa4,0,0.26925984025001526,0.1131816059350967
3869219,e7c4c3c3-13a9-4f07-95a6-5fb9bcc80552,0,0.3003178536891937,0.5425116419792175
3869219,ec2aa708-ae18-4e3b-94ad-ab7316d56162,0,0.29154130816459656,0.3279340863227844
3869219,6dec1285-b6b5-4268-b7c3-f5f106c7b62d,0,0.20650896430015564,0.2017957717180252
3869219,26c857d3-234c-4e85-b14c-caa68604b089,0,0.26289185881614685,0.3824034035205841
3869219,df760df1-35c6-4cfc-8468-52115d9fff08,0,0.3032478988170624,0.4852967262268066
3869220,24ce3698-7d50-4624-92c6-1a826c480e42,0,0.2841949760913849,0.2608073353767395
3869220,574c9f8e-a2e5-4c80-a2f1-1f1b3537f0bc,0,0.0688563659787178,0.0554898418486118
3869220,3915e97e-8bc9-4d3e-a3e6-c5c4862caf96,1,0.31311115622520447,0.2568519711494446
3869220,e136e3f1-a45f-4820-a77e-a8387fd39b1e,0,0.18018236756324768,0.1840974688529968
3869220,22153b81-e152-4fce-9b50-c9fad9d42790,0,0.2169402688741684,0.3828539848327636
3869220,01b39a97-7042-4306-84e4-44c5ff46a13e,0,0.10476138442754745,0.0766647309064865
3869220,92c9cf20-eb80-4c61-a099-8c8211a79ffb,0,0.1847039759159088,0.1420625448226928
3869220,e674c68d-a7f6-45e2-b3cc-23e5d31533c5,0,0.07538805156946182,0.0877607613801956
3869253,50ef35a4-0e26-439b-86d2-001a14dcb4e1,0,0.10003682225942612,0.1290549784898758
3869253,b68c5dc1-3715-4a8d-a0dd-4a9c76f43caa,0,0.23815029859542847,0.2222659587860107
3869253,2deda279-7f34-4264-803c-c47861bc6dbc,0,0.24402141571044922,0.1263823211193084
3869253,503a5be1-0732-430b-847d-8db83fcf59c0,0,0.3735736310482025,0.1573931723833084
3869253,e068b374-281f-4056-b458-8ca328ebbf8c,0,0.264591246843338,0.4093204438686371
3869253,735e827e-ad4d-4a6c-a879-5c8131fd5f37,0,0.13664406538009644,0.2356142550706863
3869253,eed664c3-ab87-43fd-ad75-c08475e219dd,0,0.32213765382766724,0.298283964395523
3869253,d875b6b8-cb4c-4b40-92d8-06d134d33353,1,0.41574424505233765,0.4425656497478485
3869254,a48f8120-f3cd-4551-aa1a-d0934fa7ca83,0,0.32516032457351685,0.3477528691291809
3869254,0e007f2f-e88a-432d-81d7-c4d13741a227,0,0.2146180272102356,0.1264597177505493
3869254,0c1dd981-395c-493e-a107-36cb9c6a9e9c,0,0.18236896395683289,0.2073544710874557
3869254,9e65cc2f-ab78-40d7-b94f-d0e0fe5a623c,0,0.14110170304775238,0.1782516539096832
3869254,4038853d-9264-4ffb-8ee6-3246c6dacd48,0,0.1319214105606079,0.1090308055281639
3869254,d80f4cf5-fd92-4810-9161-fcb9d8898a02,0,0.15840300917625427,0.1079683825373649
3869254,8a3bfcdd-ce5a-46a7-8fb5-22a7dea6a132,0,0.19545841217041016,0.1645326018333435
3869254,af70c018-2b33-49bb-aea2-7b26a44a5adf,0,0.1288757622241974,0.2587766051292419
3869254,c3768cbb-9ed6-4693-a875-6f64933a912e,1,0.11577067524194717,0.1377298831939697
3869254,0dec225a-db58-47c8-863e-c06c13a7faf5,0,0.38644179701805115,0.2122920155525207
3869254,5a2e06a0-d2f1-4878-8ff2-0138865cbbb7,0,0.14727725088596344,0.0759908258914947
3869321,0bdebc81-7ce5-45e4-838b-e343005a298b,1,0.06223686411976814,0.119933009147644
3869321,8be4cf4c-1219-448a-8d54-a22a92023ec1,0,0.35390520095825195,0.4872092008590698
3869321,5b94f481-b986-410e-9eef-53f366eb0c63,0,0.05675465241074562,0.1324697732925415
3869321,f9389d64-eece-4833-b27c-5a5c3e24baa4,0,0.04587696120142937,0.1271232068538665
3869321,abe5f41b-1b9a-4d1a-bce0-9bd1667d5116,0,0.07463531941175461,0.1775468289852142
3869321,2402aca5-0e64-44ef-9869-111a4d905d56,0,0.10710380971431732,0.0773579701781272
3869321,82ce5c73-6304-4bc8-a0d7-1db46232ef78,0,0.12488789856433868,0.0977204665541648
3869321,2eaf72c2-5e19-4466-ae87-cc5ba9e5ae9a,0,0.19460882246494293,0.248529314994812
3869321,abc10a72-8b9e-4fc6-b8cf-931f452bbe31,0,0.23940522968769073,0.1565317064523697
3869321,8848e6ee-6d35-4b95-8aa6-08030e6fe9f6,0,0.25947269797325134,0.135814219713211
3869321,d9f61d39-c871-4e70-a66f-80f4109aeff0,0,0.15013064444065094,0.0713774859905242
3869321,34500e95-8d8b-4c43-95c0-3a5c5d2d6af6,1,0.21795256435871124,0.1565550714731216
3869321,4b846980-047c-4ca4-8d3e-d20f8d38460a,0,0.05972835794091225,0.10721056163311
3869321,47263558-db68-4433-914e-99b6e36c84dc,1,0.31432899832725525,0.1581883430480957
3869321,eee191e9-df86-4fec-9bd2-8da1c1f0ddec,1,0.1913074105978012,0.2304985672235489
3869354,e8615146-b8a3-491d-af67-c47358de9ba8,1,0.353889524936676,0.2716772556304931
3869354,047e3d64-c1d3-4f91-9a27-d1e817f0837f,0,0.3685334324836731,0.158118650317192
3869354,e20314ce-04eb-4cd9-a4e8-d7c3a7d22919,0,0.2060478776693344,0.2151002734899521
3869354,144fbb92-4f04-466e-a7cd-3488f633b5d7,1,0.25505802035331726,0.2090670466423034
3869354,ddf656e0-37c7-42a9-96b3-3ed3a6825fc8,0,0.23730768263339996,0.1628011167049408
3869354,30e5fc4e-0f2b-4305-ae77-09622cd214e8,0,0.1971798688173294,0.1415960639715194
3869354,a829f868-0252-4e9e-ba76-22fdb2d092ff,0,0.19201421737670898,0.2041135430335998
3869354,41840bf0-baca-4aea-84ec-beba00b2ae04,0,0.20772704482078552,0.0850211903452873
3869354,ac6c987b-44a2-46c5-b607-515e3031e8d8,0,0.3514104187488556,0.4437673091888428
3869354,db05188f-08db-4d26-91ab-71dd97eed4a6,0,0.1963760256767273,0.1028217673301696
3869354,1e4799f5-43ce-4da3-97f6-09a55d88bd4a,0,0.27226555347442627,0.3818718194961548
3869354,e8546380-a578-4a20-b11a-aad4c5726170,0,0.14692893624305725,0.163777694106102
3869354,7ae9c17c-f058-4143-9a17-4dcfbe8267ee,1,0.10749401152133942,0.2316316068172454
3869354,341a1fb3-c9e9-4fde-a4c3-b97a3e77ead8,0,0.15557897090911865,0.0930420905351638
3869354,287e83dc-8fb6-4d04-b605-e5073c3c84f2,0,0.166352316737175,0.2430577129125595
3869354,630410f7-67f6-4be9-b48b-9bb9912763ca,0,0.08975563943386078,0.1696674525737762
3869354,f6b38931-aba7-40c7-ac88-c85505807812,0,0.20219311118125916,0.381976455450058
3869354,8d566bd3-ace0-4813-878d-abaeb5c5730f,0,0.1775740683078766,0.1957151293754577
3869420,d5369ae8-7a8a-4e85-8679-1f6ca3de818e,0,0.11319582909345627,0.0383983217179775
3869420,188acbac-c604-4a35-83a8-91c2465c98d2,0,0.3333733379840851,0.280072957277298
3869420,8bf9fb29-7574-4520-a433-18ac599d63b4,0,0.11655164510011673,0.0377329066395759
3869420,8f66b65d-cd63-4ca7-bd55-12c26f75fe15,0,0.22340235114097595,0.1681715846061706
3869420,bbf3b207-095a-48fd-a440-76ffddd1dbfa,0,0.22131937742233276,0.2542102634906769
3869420,946d168a-14b7-4c67-9fbb-ebd9bbf7d8cb,0,0.32648614048957825,0.5111709833145142
3869420,b27ab156-21d3-4636-a2dc-333ff07d1589,1,0.3534040153026581,0.4661165475845337
3869420,1a36dd14-067c-4a47-b50b-e32212af19a0,1,0.353380024433136,0.191803440451622
3869420,56b897db-2e51-45ef-a833-cb8df3510dc8,0,0.3344614505767822,0.3217515051364898
3869486,e857db7f-85ae-45e4-9539-23963b8c8ed2,0,0.190532386302948,0.0925619974732399
3869486,5566e6be-63e1-447d-9637-709b643ab7f0,1,0.14179344475269318,0.2983166873455047
3869486,30d5a259-9769-4376-89fc-2fadd52818d0,1,0.3029698133468628,0.2344717532396316
3869486,9cf4c1a7-beff-4b2b-97eb-acb4857dd9a7,0,0.1008169874548912,0.0683711618185043
3869486,e6dc7d8a-d75f-4049-8284-1bffdff679b4,0,0.31722626090049744,0.3254419863224029
3869486,fac77a70-7fbe-4aa4-9897-82fae69764a8,0,0.11423564702272415,0.0515988692641258
3869486,a7d097c5-3625-4610-8434-55b31cf1ab08,0,0.13658151030540466,0.1441955417394638
3869486,18b6c3c4-0ed6-4f97-882f-442de5d14e2e,0,0.2777877449989319,0.1398427486419677
3869486,6490381f-411a-484c-b0e7-fb885d1324d7,0,0.07414322346448898,0.0509601794183254
3869486,1426c2a8-4529-4392-9f15-3a714fe07ba5,0,0.26454591751098633,0.3089010715484619
3869486,2cb0ee91-5ad9-4409-833e-a0d2d6e52be5,0,0.05719699338078499,0.0728654861450195
3869519,c520c2ef-6d95-4115-aa6f-36b706e88acd,0,0.29189810156822205,0.2272614687681198
3869519,068513e5-6ac2-4d8d-a00d-cead88217cf8,0,0.3266090154647827,0.2399469912052154
3869519,9b22def3-10ce-47be-a585-3045ac117516,1,0.32699933648109436,0.3893129229545593
3869519,6fad1ddd-bd29-40bb-ab02-3c0695763040,0,0.4204915165901184,0.4517883956432342
3869519,4280aea6-11b3-4d7e-a659-49d748344b23,0,0.09274186939001083,0.0661538168787956
3869519,f39e843a-ee80-4254-a6d0-246fd0411152,0,0.19590339064598083,0.1627695858478546
3869552,8239afe2-d435-420e-a41e-cff46a6a7ec3,1,0.35845571756362915,0.4668090045452118
3869552,cc3a011b-6742-4df2-a6da-8c06fd29ae27,0,0.0673501193523407,0.092784509062767
3869552,fc1ff593-1181-403f-82d7-a14bcf5ab6bb,0,0.23281526565551758,0.353598803281784
3869552,d54ed379-6fd2-4ad7-8401-bdad31e18c0e,1,0.24809899926185608,0.3890146613121032
3869552,4f953f2e-65a2-4a04-b416-ea50abed6a59,1,0.30598148703575134,0.5497052669525146
3869552,b9499a7b-3d27-439b-a59e-976d038e3c36,0,0.16421031951904297,0.1762472689151764
3869552,83ba0aef-ca0e-44e3-ac66-6d634c2601f1,0,0.06043713167309761,0.0443374589085578
3869552,435ed373-6698-401a-bf51-a856e1adf3f0,0,0.03898350149393082,0.0694621354341507
3869552,bd295f0c-b8ff-4f38-a362-d7c5858c42fe,0,0.25896400213241577,0.3681147396564483
3869552,536501ec-0822-47bc-af78-73989cda77fb,1,0.4254644215106964,0.4238384962081909
3869684,b2570717-89e3-4066-a789-5c1b44cb2ea4,0,0.18301938474178314,0.1938643306493759
3869684,eb5fcdd5-a3b4-4a88-9b3e-877e9f2b0910,1,0.1951931118965149,0.1655922532081604
3869684,76cab884-c51d-44b3-ab83-a90fb8c6cd81,0,0.2050141841173172,0.239602118730545
3869684,8ec8d9a2-db27-4a58-aea0-f0ad402b04a7,1,0.11863810569047928,0.3040683269500732
3869684,932e2dd2-f791-4b3a-ba14-d456124aadff,0,0.03115817718207836,0.0778640508651733
3869684,0222761a-240e-4eba-a797-c5719b023c1c,0,0.05287862941622734,0.0399300493299961
3869684,885bfd8f-f6a7-4c98-929d-b353c03c76a7,0,0.22287404537200928,0.3310954570770263
3869684,2d4242c8-85fc-4d55-a103-969206b81f82,0,0.06965180486440659,0.0839491859078407
3869684,3dd00261-a86f-4358-89ec-f4a19aa6e1f2,0,0.08030432462692261,0.1091051995754242
3869685,4a9bb124-9586-47b9-91ea-f36b8f84fbd0,0,0.12395590543746948,0.0641875118017196
3869685,2f828f48-9e9f-4305-9dde-8a20ba48391d,0,0.15189920365810394,0.1778272986412048
3869685,a13637f8-0311-41c1-a5e0-043a5d7539f2,1,0.104564368724823,0.0789097696542739
3869685,a2890655-03a2-4098-b820-03133790f716,0,0.29846784472465515,0.4346573948860168
3869685,f6facad1-92eb-4fa8-95cd-1aa1f20bec49,0,0.08831437677145004,0.0763373970985412
3869685,974a316a-e759-4389-8eb3-ae7c7fc37c4f,0,0.0955747738480568,0.1762284338474273
3869685,23b5f45d-7557-46df-9be0-7bf98e232b97,0,0.3248841166496277,0.2032564282417297
3869685,472c13d2-1d5c-403d-8d40-422df81964d8,0,0.15385013818740845,0.2190158665180206
3869685,d025f93d-7829-442e-9df3-4450bd0b487e,0,0.2526511251926422,0.3446939289569855
3869685,61e41a6a-9bc5-4f55-966f-bc7d14496bf3,0,0.3475410044193268,0.2234347462654113
3869685,d98e3862-2d25-4b7c-92e7-0eeb3525a6e9,0,0.11974147707223892,0.1169769242405891
3869685,8dcd6421-1848-4935-ae2e-a355ca7491b0,1,0.22032926976680756,0.407084971666336
3869685,c8097998-0708-4718-8d1f-f35f045f916c,1,0.3978118598461151,0.4373794794082641
3869685,45809e76-264f-4355-9afe-404e59110c66,0,0.17752616107463837,0.2982131540775299
3869685,01c6e5ae-c1bd-40ff-bfb1-e03d6b3f751d,0,0.19904251396656036,0.078820064663887
3869685,8f2f8b79-9f53-434c-9489-75053b94de4d,0,0.3483092486858368,0.0990171357989311
3869685,c33ce821-3746-4c39-8550-9684e066f61a,0,0.26415151357650757,0.2308015972375869
3869685,d8d81581-599b-4e57-9126-234b4f8fe5ac,0,0.30690479278564453,0.0945256873965263
3877060,681cd5a4-5494-4bd3-b533-c1d7519b2a2e,0,0.3350914716720581,0.4157748222351074
3877060,a6839ab7-3e0a-4b32-b04e-9ce367c15fb0,0,0.3126662075519562,0.2347776144742965
3877060,5b944b2a-78dc-4ed2-bc5d-bde7495a4f5a,1,0.22801360487937927,0.1988090872764587
3877060,04189262-0a3b-475c-a815-eb46e649c0bd,0,0.15959399938583374,0.0747961401939392
3877060,be938d86-49f7-4d45-8693-db42682113d6,0,0.10647129267454147,0.1262989342212677
3877072,13625adf-7d4e-4a65-918c-a114838dcaa9,0,0.132189080119133,0.0954747423529625
3877072,f3fec1ae-388b-4a1b-a675-32d5b38e1742,0,0.24191343784332275,0.1565036624670028
3877072,61bf980f-09ee-45f7-9046-67df111efe77,0,0.06101765111088753,0.0528393127024173
3877072,5cb948bc-4d7b-4a95-868c-6bfff91c3018,0,0.13914528489112854,0.0634084120392799
3877072,0dedd4e6-bf99-4e6d-9359-cb0eb362e50b,0,0.1822068989276886,0.1750041544437408
3877090,7884ce1f-53f2-4143-97c6-607d876c1b95,0,0.11287609487771988,0.2818525433540344
3877090,5c0be0cc-6acb-410a-98bd-982a756c4e70,1,0.24667391180992126,0.0864760652184486
3877090,bda0c30a-507a-455e-a50b-2e4c3cf355ab,0,0.16470198333263397,0.1310507357120514
3877090,c4688711-42c6-4385-a44f-bbb51d477777,0,0.2679160237312317,0.2111519575119018
3877090,54b60497-d690-4053-bf65-f931cbc6345b,0,0.10248077660799026,0.0925039798021316
3877090,44e60faa-0917-46d4-94c1-3a03ed969652,0,0.35450491309165955,0.4788447916507721
3895052,5bc87cbd-db36-4bd5-a4d7-c07ed5435238,1,0.1530744582414627,0.0779778957366943
3895052,14022cd3-9728-4cd7-98bf-0f2f9d427d25,1,0.1671655923128128,0.2506508231163025
3895052,1e3d2cbf-b9a0-43fb-9835-69821e6187af,1,0.19966000318527222,0.1664091497659683
3895052,12032632-440e-43e3-b77c-4d1b637d223e,0,0.09756637364625931,0.091735303401947
3895052,721dbf0c-a4a6-477b-aeeb-7a35b74ea48d,0,0.09784156084060669,0.1111017167568206
3895052,fee18b35-b7e9-4b88-becc-ffe086391ed2,1,0.21078255772590637,0.0545579642057418
3895052,a8aa1263-3b1e-4640-89e7-434c09d27f53,0,0.18227513134479523,0.2166638672351837
3895052,87adc7d5-af93-461c-8e37-44fb0e8dd4ae,1,0.3003416061401367,0.2089006900787353
3895052,aa159657-303f-469b-bf5f-6995d7849a0f,0,0.2952473759651184,0.3109741806983948
3895060,2da5d3ff-deec-4d16-b866-8a7d1fbb93e9,0,0.07824089378118515,0.1360450536012649
3895060,d0c874f5-c964-4141-8b5a-b4603dc98153,0,0.1292252540588379,0.1627688705921173
3895060,adc6b847-abc1-4e9e-a5a6-ad44f825f339,0,0.19946381449699402,0.1414778679609298
3895060,82660486-852c-4364-a51f-2391d50fa19c,0,0.04959768429398537,0.0382457263767719
3895060,89be9981-038a-4943-83fc-9fa363d16c17,1,0.041254136711359024,0.070690669119358
3895060,e7cdba66-17bb-4b20-b6b5-bb88749b2cf6,0,0.12093005329370499,0.1569215208292007
3895060,7b27d54d-2844-4a7d-b66b-5f11e720c9b3,0,0.25140684843063354,0.3642454445362091
3895060,114f7913-a9e1-4102-90fd-82354bb18142,0,0.20831163227558136,0.2091531604528427
3895067,c8095c62-7453-463a-8f11-f45a07e2d6a1,0,0.1351201981306076,0.0675392001867294
3895067,d53c3462-aa56-4d95-ab95-6ee2d4f78636,0,0.14224854111671448,0.0684300065040588
3895067,52986c02-91fb-42f4-b028-11b2249bc4c3,0,0.22406408190727234,0.1505365967750549
3895067,9336ebff-4431-482f-82f1-87c0b5d537d6,1,0.263244092464447,0.1874226927757263
3895067,197b6b1c-7042-4533-88e8-5925aa9009b7,0,0.2942039370536804,0.2880090475082397
3895067,3e32b46d-319e-4f22-b480-4c451554d3b6,0,0.3213196396827698,0.2586835026741028
3895067,92be6eb9-d6b2-4e4d-a22d-ce52ca29f207,0,0.09843878448009491,0.0997933968901634
3895074,05f4b123-540f-4b43-a68b-46fc44a2574b,0,0.19424478709697723,0.353076159954071
3895074,caf9d3b6-4396-4fd3-ade3-59f5ebb3242e,0,0.2680230438709259,0.303373634815216
3895074,e2d7850e-5c42-4d79-ab4a-91e3e16f1963,0,0.14524780213832855,0.0995184928178787
3895074,9f078c9f-f9c8-4c61-a0f8-76c785b1505e,0,0.1818273663520813,0.0990545079112052
3895074,0f453a95-33f6-4317-824c-8e9bb80d9372,0,0.3009524941444397,0.2834334969520569
3895074,9dc77579-156c-46b7-909a-a8baeaa53ba9,0,0.14626441895961761,0.292587399482727
3895074,fed69d20-832f-4646-bc1e-3061d0ee2808,0,0.21536517143249512,0.3331259191036224
3895074,569b9cdd-bd9b-4cdd-ae8c-90341b882a94,0,0.12749595940113068,0.1274739801883697
3895086,99e0c535-eb27-4263-bf0d-fd14f94b5f6b,0,0.08460164815187454,0.0886275619268417
3895086,d0793566-ef87-45a9-b8df-39566408c616,1,0.15881164371967316,0.0489349067211151
3895086,204ce650-e358-4dae-8133-812385cafcf8,0,0.0723968967795372,0.0436350405216217
3895086,c66252f8-1a6e-4614-b93f-db30aa11e1cf,0,0.14099815487861633,0.2127364426851272
3895086,d8bd1268-8bda-4ecc-b304-7e242affda6a,1,0.16405922174453735,0.0907644480466842
3895086,84aab3d0-f43e-48d5-b000-4d4db6186b5f,0,0.22886034846305847,0.0880712121725082
3895086,94646ef6-2409-4c0b-a3fc-764b2a57547d,0,0.07043692469596863,0.0488135255873203
3895086,51220982-70d9-48ff-aa37-46923f081464,0,0.13688066601753235,0.0589370280504226
3895095,48ae3e9b-f068-4b72-8c89-64d3fd6673db,0,0.28161102533340454,0.2689699232578277
3895095,0f08928d-929c-417d-9c32-4b22b7ff172f,0,0.17675922811031342,0.3607359230518341
3895095,4e4fcbbe-c87b-441d-ac67-ee53c16fd4f3,0,0.3435812294483185,0.2125628590583801
3895095,98c5c877-343b-48be-9024-22a2bc3081dd,1,0.34939953684806824,0.2844733893871307
3895095,893e6d7a-38d0-4b64-ba6a-fe71c2701a6d,1,0.26796382665634155,0.5925284624099731
3895095,0be15f0d-8183-41b6-9d8b-22050d364103,1,0.16527801752090454,0.0944553464651107
3895095,4191e82f-8c26-43a3-93a6-19ea2f767262,1,0.18254795670509338,0.1084629520773887
3895095,5c0360d8-451e-4fcd-8858-cc8d37ebff14,0,0.06813440471887589,0.0806220099329948
3895095,74dcb29f-ff4f-47d2-80ce-81c7021aebff,0,0.39923977851867676,0.4292084574699402
3895095,10dc32aa-1350-4762-85af-d1a6430c6eae,0,0.13811790943145752,0.1959746032953262
3895095,57032d0a-fc7c-4ad4-a505-cbfdc996b10b,0,0.3182353079319,0.5443777441978455
3895095,242f77a6-c15f-4648-a036-6a5dc7af67aa,0,0.057969532907009125,0.0509039722383022
3895107,20619fe5-acd9-4561-b937-977ea2e815a4,1,0.39115196466445923,0.3821312487125397
3895107,44d96b24-c305-47a9-824d-c1f6a1a2103f,0,0.2473379224538803,0.248864933848381
3895107,046f7eb2-5db8-4b97-be22-ec582ea685a6,0,0.25640401244163513,0.1167810633778572
3895113,4d5b7fe0-e201-44e0-ab8c-2eb1d49f5caa,0,0.3564192056655884,0.1730547398328781
3895113,62a5dbde-e7ca-440e-b34f-c0d5cfefdeb9,0,0.1473618894815445,0.3391985595226288
3895113,a8ac3088-18ce-4640-b22a-9cafa45ed967,1,0.3165394067764282,0.1820613741874694
3895113,42fd20cc-f6c6-4675-8f36-f414728f7590,0,0.21501728892326355,0.1900993138551712
3895121,5b4be5da-e353-47d1-9aa2-e412034a7cc9,1,0.12178274989128113,0.1200987994670867
3895121,aa38c8ab-3054-4feb-b80a-3a75252713eb,0,0.10457156598567963,0.1289395689964294
3895121,ce0e27d4-cb12-49dd-bcec-2b7a7064b20e,0,0.35820451378822327,0.3429652452468872
3895121,d7a20bc3-a51b-4203-ab8b-281a905619be,0,0.08311034739017487,0.086119145154953
3895121,1c7fccce-97c1-42f4-8541-d17e602d15c3,0,0.21631300449371338,0.1081728488206863
3895121,7097c48f-7a8a-4eef-b86a-feeb1d06acd0,1,0.07461793720722198,0.1688660085201263
3895121,3c36f9b4-3d08-4f2e-acc8-9404d96a48e1,0,0.09517258405685425,0.0595585964620113
3895121,12017c27-c9b5-4e7a-b211-9da43f6d49c6,0,0.2764306962490082,0.3875332474708557
3895121,3713f8c8-de47-4479-8cf5-a35212fe779d,0,0.30691033601760864,0.2539876699447632
3895121,5f063e61-cafb-4a6e-b4c6-b4b231b04fed,0,0.10501949489116669,0.063073456287384
3895121,216c0326-a3c3-4eab-a94e-6e85508af9e1,1,0.21855638921260834,0.1657346338033676
3895121,586b4154-fd61-4091-a39b-93eeb1389895,1,0.1988060623407364,0.1090214252471923
3895121,acdc0884-057f-471b-b7ae-59efb6ef7510,1,0.2184656858444214,0.252685010433197
3895121,b4e490f4-44a5-48ff-948a-3787e7530c83,0,0.09382006525993347,0.1114920005202293
3895121,925c5048-5747-4943-a736-6f40178770c4,0,0.3179094195365906,0.1352709382772445
3895121,7386b9eb-f0bf-4fc7-a31e-ac1f37f80811,1,0.14763134717941284,0.1870874762535095
3895121,a409b937-5973-497b-a10f-bb047f089954,0,0.10626231133937836,0.0498055033385753
3895134,4f0f9b3d-3bb1-486d-bb22-809466ef54b1,0,0.22073815762996674,0.139379009604454
3895134,27dee45d-5bac-4f7d-9878-7e63ba1cd287,0,0.14940766990184784,0.1982287764549255
3895134,303a74dd-c324-4ce1-9811-265f5310ff29,0,0.3225310444831848,0.2541988492012024
3895134,1efae366-46a1-419e-a8cb-143287216232,0,0.11182492226362228,0.1577679067850113
3895134,91608f55-9433-46b2-9561-ded1f812efd4,0,0.3201398253440857,0.2313471287488937
3895139,c63318db-5d9d-49ed-98b8-3b7ed707746d,0,0.2246856689453125,0.1687168776988983
3895139,dcdfdd24-c6a3-41ce-bc50-bb9a0abd68ab,1,0.19636337459087372,0.2828653752803802
3895139,c82bab5f-58f4-44a9-a5f9-e59c2ce51aeb,0,0.10314183682203293,0.1180059015750885
3895139,0e94103e-2cb7-496b-a203-66ab77857e02,0,0.20607715845108032,0.2360466718673706
3895139,32ba1a79-5c7a-4bff-8a13-3363f6a5f0c9,1,0.19560590386390686,0.2903082072734833
3895139,f5966cba-1a34-449f-8bb5-84e451eaec71,1,0.28498250246047974,0.4071424305438995
3895139,c68ffad7-fbe6-4b3d-9f57-3f622a95456d,1,0.31088295578956604,0.1655863374471664
3895153,df080d16-539e-4e7a-b2f7-6c9e8739b8f1,0,0.3288053572177887,0.2653480470180511
3895153,1dcea3e5-7abf-48e4-9526-17a9e583892f,0,0.13953138887882233,0.0806862041354179
3895153,db189770-c03a-42c5-816f-20d724609380,0,0.249409019947052,0.2348701506853103
3895153,3de9513a-e580-4a07-b59a-21963c43f037,0,0.07227043062448502,0.0670880749821662
3895153,dc885762-99fd-45ec-a1ea-fc6e889a2394,0,0.04878399521112442,0.0844038650393486
3895167,010f5e91-ac23-4435-82fa-e1ff63d55460,1,0.3200320303440094,0.3035572171211242
3895167,693280ec-581f-4a62-a9da-11cae82e3ded,0,0.06939123570919037,0.0893207564949989
3895167,fcf7febd-fb70-48a2-973e-36543e8ec4fc,0,0.23197701573371887,0.1174007430672645
3895167,013acbb0-f2fc-4b82-af4d-ff430d287a07,0,0.18495507538318634,0.2107809484004974
3895167,e42a8a00-3c42-4a31-80af-b4f7a65ab9b8,0,0.24600906670093536,0.2625893652439117
3895167,3c98ad48-5857-4e99-b599-90fb9161080e,0,0.2070569545030594,0.1108470633625984
3895167,f7f191bb-10cc-4a53-91ce-57136f592ee7,0,0.2939346134662628,0.1682144552469253
3895167,7e3e65d3-90f0-4213-833a-6b23417a1b50,0,0.08857934176921844,0.0508582256734371
3895180,4a665e5f-7478-472a-bdbc-9a2b0269462a,1,0.2497989386320114,0.4402168691158294
3895180,f1c90805-ac3d-4640-9506-843054a9788d,0,0.2553095817565918,0.1568626314401626
3895180,43488035-b330-4e9b-9f41-d30b86e37c63,0,0.23671741783618927,0.1612955927848816
3895180,0697560d-422e-4c73-8b14-5376a83faa08,1,0.3840472102165222,0.196435660123825
3895180,0a243a50-e792-4413-b44c-ef1385f0c7fd,0,0.3082379400730133,0.2587521970272064
3895180,02cc7cb4-99d5-4560-8c07-cb09fe21ddc4,1,0.3119414448738098,0.2577938139438629
3895180,0d51a239-ccfe-4385-835b-6ef6b5405b75,0,0.0779418870806694,0.160019040107727
3895180,522e3e78-e8ca-4e4e-920d-504c9c66bf7b,0,0.0921032503247261,0.1417299956083297
3895180,4bd400fe-547e-4d83-9dd4-5406110d9e8f,0,0.03439681977033615,0.1071768403053283
3895180,040c6151-3c50-492b-b940-6c65f18fa4d9,1,0.06390929967164993,0.0651192292571067
3895180,d96696a5-da1c-4569-b595-0fd036a59783,0,0.355373740196228,0.1411105394363403
3895182,06b79f05-dd87-48ba-a7f9-e290da2ea8ed,1,0.1870504468679428,0.2319108247756958
3895182,17e409fd-ee43-40c4-aeab-cb230f0081a9,0,0.1772766411304474,0.1054348871111869
3895182,ea9aa5a1-52b3-49cc-b5c7-6362b84c5aea,0,0.23208299279212952,0.1142836958169937
3895182,3b26138f-476f-4bbf-a69a-58d174910d21,1,0.2675243020057678,0.3310076594352722
3895182,f9edbecb-49be-42c9-95b2-954c14168f43,0,0.19970446825027466,0.1506219655275344
3895182,4ab8b0e6-d4e4-4bb8-9116-98fb750fa5e8,1,0.15009556710720062,0.1045633032917976
3895194,7b2e10d5-88a9-483b-af3e-16c77dfe3d38,1,0.14818134903907776,0.1825042814016342
3895194,11fa74b6-b0c4-4cd4-bcbd-f573d212df1f,0,0.1477329581975937,0.1501646339893341
3895194,367d4448-5a41-4161-aece-f6d009c5b9b4,0,0.28339898586273193,0.1104759275913238
3895194,3033c0bb-5844-4a64-823f-36a50d79c2ff,0,0.09235544502735138,0.2231848984956741
3895194,b1806844-52f3-44b9-94ce-aa01430f3119,0,0.28768956661224365,0.2300179898738861
3895194,7b523f44-e735-4ab6-b9fe-39b93b9cfaf5,0,0.19982273876667023,0.1259104758501052
3895194,ff4179df-5d2e-421f-b058-8f312853d3ca,1,0.37522807717323303,0.0938184335827827
3895194,bc2251f7-4866-4272-9bd3-94bbc641a442,0,0.15375806391239166,0.3062191903591156
3895194,5bbb36f6-e023-4c82-b044-4d19e83dd625,0,0.2818291187286377,0.246344044804573
3895194,51abf663-d175-4cd3-ad50-acff233d9cab,0,0.25072619318962097,0.2514660060405731
3895202,7be2a652-970e-4e61-9826-6ee2e2824991,1,0.1815531849861145,0.1456788331270218
3895202,7518493d-29f7-4005-97ac-aa343406f767,0,0.14607739448547363,0.0479720830917358
3895202,2f501eb9-8032-4718-bcfe-3c50be85764d,0,0.31332263350486755,0.1522400975227356
3895202,dfe13ecb-b22e-4cba-a5e5-dd964a1b2132,0,0.4278206527233124,0.1874624639749527
3895210,2216eb37-8f42-4fb2-bead-d60f1df66639,0,0.06251730769872665,0.1042469665408134
3895210,b4c8e4a4-5c4c-465c-9bb7-841c2d5ab4eb,0,0.1662258803844452,0.2074642926454544
3895210,63c52f5e-cbcc-4880-9d65-06e303334691,0,0.26835617423057556,0.2648321092128753
3895210,a261dd01-d8ab-40c6-90a2-30ec05216d83,0,0.22780145704746246,0.2117685973644256
3895210,b6c31316-0bd6-4219-84a5-be73951928e4,0,0.23373602330684662,0.0972575023770332
3895210,a1ab19f5-eb05-46e1-b12a-7310cb9e57b9,0,0.06951287388801575,0.2564307451248169
3895210,fab32b06-a32b-4dcb-a64d-ae581da69fd1,1,0.26419806480407715,0.3041439652442932
3895210,2084c580-8ac6-471b-bd31-2b4107c52a20,0,0.20712962746620178,0.3821882307529449
3895220,0d836875-f935-4718-9157-8154105f4dfb,0,0.319990336894989,0.3120070993900299
3895220,eaee9b02-79d1-4741-882d-2854b7de7760,0,0.27518513798713684,0.1898630559444427
3895220,668d7391-4aa3-4b69-bcf9-07659c2e0438,0,0.09190153330564499,0.0901117026805877
3895220,355faf6a-7103-4e2b-b9c6-31d682595cd4,0,0.23928236961364746,0.2984640896320343
3895220,dfbde916-1857-4567-9638-b7fe2a70d609,0,0.07108298689126968,0.1414553225040435
3895220,c06afdff-4c42-4283-be73-4f49e6194cfb,0,0.28635725378990173,0.2464679032564163
3895232,1e83a8d2-f6c6-4672-8156-713b711f17ab,0,0.21048933267593384,0.1738111525774002
3895232,663ab44f-7446-403a-be1e-e25a5e457925,0,0.28493908047676086,0.2219684869050979
3895232,cc006bd0-32cc-4bf5-bd3a-2e2d069592dc,0,0.2243230938911438,0.2153848558664322
3895232,b05ebbeb-50f1-4970-8a25-449376edadda,0,0.21434159576892853,0.130116581916809
3895232,ebb4bde0-b250-479c-8d24-7494b1eff242,1,0.20793671905994415,0.0913792550563812
3895232,3505e3ea-60d8-483b-9fb8-4443abca2791,0,0.2060459703207016,0.1374483257532119
3895232,89e2c8dc-1c0b-4205-bbc4-ccee8161149c,0,0.25138822197914124,0.1907260417938232
3895232,78fcaddc-66db-4850-a884-a8b3e084936e,0,0.19023294746875763,0.0994699597358703
3895244,fbc1d13b-da4a-402e-86f5-5ac1a3ded49d,1,0.12287165224552155,0.089422583580017
3895244,b78ff4bf-5dd8-45ef-8bab-dc2ef2138ff4,0,0.11657305061817169,0.2261049598455429
3895244,90c3eaa6-8989-46ce-9b80-b8af7537461e,0,0.215209499001503,0.3687158226966858
3895244,d6da3b6b-ca29-41e0-8c8c-45561d0e335d,1,0.12706783413887024,0.2207691967487335
3895244,edac5f49-1557-4191-a31e-93caa426f318,0,0.27357444167137146,0.2705838084220886
3895244,fdd8324e-5e99-4719-a353-306d72058809,0,0.13614530861377716,0.1563676595687866
3895244,157cf2e0-3e03-4ddc-94f1-26136ba1c8a0,0,0.1001870334148407,0.0475577227771282
3895244,7d647040-72bb-4b5d-8e9e-4de22e9bf791,0,0.20327921211719513,0.1725139766931533
3895244,b773f060-eb42-4ab9-88b7-f0a364282401,0,0.21277157962322235,0.206359788775444
3895244,b7200984-5325-4a4f-82de-4a381e119be7,1,0.1619967818260193,0.2233335375785827
3895244,c0063b8e-06bb-4f1c-bc91-3031c435d4fd,0,0.2350952923297882,0.0916971489787101
3895244,9c706be8-d05f-4440-9259-d441fccc6026,0,0.11265547573566437,0.1274483352899551
3895250,c1505717-b205-4b35-ac27-c9950f06499a,0,0.32878872752189636,0.1202483549714088
3895250,1aeddd22-4222-4e60-91ec-df84efdce10d,0,0.23112846910953522,0.1821617931127548
3895250,05eefb1c-e5df-4d91-9c8b-20d926e4e208,0,0.09349780529737473,0.1195946112275123
3895250,4763d3e2-8070-4579-8895-fdaed0dfcf72,0,0.07490844279527664,0.0707215294241905
3895250,3c74d163-12a7-467a-a561-7041527663f7,1,0.31361639499664307,0.187776044011116
3895250,ef137d06-acd3-46f4-8d77-edba7cb89520,0,0.1928728073835373,0.3510518670082092
3895250,cb43adb5-99a7-42a8-b795-20298caf45c9,0,0.34185996651649475,0.282994270324707
3895250,5d501587-5c20-4e67-a1f0-202dfa63115f,1,0.08292514830827713,0.107937142252922
3895250,f4b14b32-0941-47fd-a157-8fbe11d3ba70,0,0.30375033617019653,0.3632842898368835
3895250,1de17e36-12b5-47cf-b48e-0b7ce8d8f20b,1,0.2692808508872986,0.269864559173584
3895250,23379fae-fbb1-4b1d-92b0-5ee5dbcd05be,0,0.2719268500804901,0.3884378671646118
3895250,e086a1cf-6362-4fec-baf5-be33f2c06662,0,0.2731277048587799,0.3260242938995361
3895250,c140e2d3-81dd-43d2-8c64-8842dc96b2c8,1,0.180273175239563,0.2430474013090133
3895250,90692c94-dccf-47e4-b7b0-a6c3e693102e,0,0.16865074634552002,0.2158867269754409
3895258,cf694685-f2dd-471a-87a9-5e20595271c8,0,0.2516242563724518,0.2606930434703827
3895258,01609da8-1d43-4124-9be6-5dead82513d5,1,0.2125379592180252,0.3194891810417175
3895258,876cdc2d-e44a-4e3f-8ce3-b24fc5669239,0,0.20346255600452423,0.1642394810914993
3895258,6ce57c33-d731-4885-8304-378fe12d686f,0,0.1593417078256607,0.1152838096022605
3895258,1501823c-abd0-4e3b-af9a-7a31812fe6a8,0,0.17576248943805695,0.389993816614151
3895258,5fa1a5c5-0feb-4d31-a38c-f7bad47d7065,0,0.08839929848909378,0.0531284436583519
3895258,57774ec4-8475-4a2f-8a1b-1a6f2d8abf74,0,0.0439799502491951,0.0630438327789306
3895275,514b0134-ec04-48af-959d-0eef4bccbce2,0,0.22386279702186584,0.1918036490678787
3895275,514842f9-e86f-4213-ad65-53fe7521eb13,1,0.1309538036584854,0.1134604662656784
3895275,dbfef837-17f9-4031-b4d0-ef96cc1b3a36,0,0.20958203077316284,0.3428071737289428
3895275,c2762cf2-6d74-491c-a060-388cac90c2c4,0,0.11328458786010742,0.1351497322320938
3895275,8267c10e-7406-4eb1-8acf-fb2187840d80,0,0.09934022277593613,0.1030921787023544
3895275,8e2dad16-b0ba-4900-a2e8-04a9f8eb9e16,0,0.15199241042137146,0.1122688576579094
3895275,651e025c-009a-406e-ae38-e298f20e41d4,0,0.2526467442512512,0.3740177750587463
3895275,5c769c5e-e5b5-4562-a235-142ff9f95ab9,1,0.21032679080963135,0.1502712219953537
3895275,7ff7ad03-d574-484e-abb1-da86a481eaf4,0,0.14253948628902435,0.2512436807155609
3895275,767e39da-86d4-40a4-878e-fd67a099f791,1,0.181327685713768,0.1518083959817886
3895275,ecfc9719-e58f-4cc2-a42a-72587be4b413,0,0.11820562928915024,0.2355533838272094
3895275,bbedf337-1e1e-4b29-9cca-55b208e92e79,1,0.16402748227119446,0.2382303178310394
3895275,e31a7be7-0764-4fcd-8232-73aabdb44f42,0,0.18725748360157013,0.1724896132946014
3895275,2934efe7-d2a8-4f48-81b6-fdb6cb4c4c02,0,0.20510344207286835,0.2925420701503753
3895286,597a8edc-314b-4df4-a34d-fd987928ef7f,0,0.15259341895580292,0.1257144212722778
3895286,562ae31d-783a-4005-91f3-275c6ebd35cb,0,0.25338202714920044,0.1330358386039734
3895286,925cf8e7-5945-4bba-8b40-9e2016a539e2,1,0.1656760722398758,0.2469495683908462
3895286,127a2ce7-8170-42e3-bd43-6e3800f29837,1,0.4147043824195862,0.2458799332380294
3895286,a779be1a-2be9-4ad0-8cfa-794359642808,0,0.05085404962301254,0.0593507587909698
3895286,fdf66722-c65e-4837-a73f-a541b87e180f,0,0.22848379611968994,0.3240287601947784
3895286,aabf2917-ad03-408f-bd4b-1dc2b11cd541,1,0.204243004322052,0.3267159461975097
3895292,13894f82-069e-4df0-b751-7bb17df756fd,0,0.18522824347019196,0.3065890073776245
3895292,8ceefcc3-1231-4623-af29-9cd62a2c6573,0,0.1767786741256714,0.0765555202960968
3895292,0b00d7fb-b225-4270-9a00-c3edad0602ba,1,0.36126187443733215,0.306578665971756
3895292,756e38ba-f109-4ae1-993e-232221a3c7b9,0,0.19817589223384857,0.2221201956272125
3895292,90d68c41-f368-4ae0-a381-e1a0d6eafc1c,0,0.0947120189666748,0.0570468679070472
3895292,744594b6-1950-4a53-97fe-bb2b02cffd36,0,0.27532970905303955,0.444879949092865
3895292,840b8f90-5bea-45c4-82ab-7905db24f0a1,1,0.045716166496276855,0.1081677749752998
3895302,8624c0cf-c057-4e91-a3f4-2b6892686125,0,0.2751404643058777,0.3757695853710174
3895302,2e814c7f-2df9-4bec-9bad-2dffe8239518,0,0.14018741250038147,0.1100682914257049
3895302,d980706a-ef51-4c56-9cd3-d70b0a776083,0,0.09616566449403763,0.1025479659438133
3895302,f3a230d8-986a-4197-b169-f8cb0221f866,0,0.4877505600452423,0.369321197271347
3895302,4b5572e8-bfeb-4cdb-9141-00c3be59e01f,0,0.3380334973335266,0.1759010553359985
3895302,d7d5c29c-3398-4d2c-95e1-82beaea83686,0,0.12953464686870575,0.1700817793607711
3895302,bc314377-a11f-40e8-95c4-8c3e116c57ef,1,0.19483204185962677,0.2541325092315674
3895320,4ba1d361-45f4-4cee-9c1d-0688c30f9d1f,0,0.42312127351760864,0.2906690537929535
3895320,68796266-8322-4971-98a5-8dfa293a0b50,0,0.14103363454341888,0.0798093602061271
3895320,12b495b2-ef68-4b0e-b4ec-aa1b732307e2,0,0.1448538452386856,0.1261133551597595
3895320,f2bed22c-228a-422b-95e3-c86dfa2a75c4,0,0.19956174492835999,0.1879157572984695
3895320,ebc78cb3-4406-434c-b33f-3d6938db4883,0,0.3223215639591217,0.3314567804336548
3895320,732cde21-259f-4fd0-b1af-9d1772ce9ee8,0,0.1667471081018448,0.062645673751831
3895320,61852f9f-47a3-492a-84f6-b24b06da52dd,0,0.09979864954948425,0.075169064104557
3895320,14e353f5-1e29-4387-97e6-e6cee1205bc0,0,0.14631381630897522,0.115319550037384
3895320,60cd30b2-fb17-4e41-ac7a-0a99caf8bc51,0,0.34404948353767395,0.1742932349443435
3895333,42f96706-6b30-4c39-b42a-17a1ee6a0aec,0,0.05926588922739029,0.0893188118934631
3895333,47deeaa9-a8e2-48d5-8064-a0f8e75cad81,1,0.24496394395828247,0.136368453502655
3895333,2304c583-6d69-4763-95dc-0ddc610d9c08,0,0.22417056560516357,0.3896611332893371
3895333,baf79937-0dae-4de1-8e68-b052e1ccfc92,0,0.22693036496639252,0.1556906998157501
3895333,c297df22-162f-4c23-96f5-77b5e606fad2,0,0.39536914229393005,0.5978763103485107
3895333,2880ef44-0530-46fb-9e73-ada6aceed0d6,0,0.16796252131462097,0.2941200137138366
3895333,6dad95e6-8096-4cf5-91f7-9113b3c9c1db,0,0.04224978759884834,0.0829621478915214
3895333,1b7291c5-7b7b-4cca-8ef1-26445ece5441,0,0.24812966585159302,0.1160082146525383
3895333,72eac4aa-31bc-4251-8fea-6ccece18ac7c,1,0.26354268193244934,0.4863814413547516
3895333,ec1b0617-4720-458f-a2f2-65329e26e6c0,1,0.11225426942110062,0.100516028702259
3895333,ccf76c64-842f-4265-a107-f35b603de19b,0,0.31286439299583435,0.2603485286235809
3895333,c8e9029e-15e9-47ae-b5b3-f32f217abbe1,0,0.37104901671409607,0.2843641936779022
3895333,301bfb5c-e0f7-4254-af19-c7530d1e8478,1,0.14046694338321686,0.1358000785112381
3895340,b3870177-1ada-4b38-9e73-dc0cf2fb6c6a,0,0.08752910047769547,0.1817505657672882
3895340,fec4f89b-8edb-458c-89c3-b1217b565bab,1,0.28116631507873535,0.3258116841316223
3895340,f7c07b9b-2c90-493b-8d49-6e6b48d614c3,0,0.32117438316345215,0.549139678478241
3895340,9d39f6a0-4f03-4695-b5be-a05d6a65b70d,0,0.0970994234085083,0.0535725578665733
3895340,c0d09f57-7cf9-475e-bf21-539a41f00e4d,1,0.2148098647594452,0.2494042962789535
3895340,295caefb-105c-4230-aaba-b79d3b7b9253,1,0.2826874554157257,0.2963258028030395
3895340,f2637177-437f-4e2b-a261-68c274d222e4,0,0.13424451649188995,0.138402059674263
3895340,c389fcd0-c11f-469d-aca0-12dbfa86abf9,0,0.42641186714172363,0.440340131521225
3895340,f2189c6e-c9af-4a53-a28f-750113c13157,0,0.20736123621463776,0.0659317895770073
3895340,0d68a088-38b1-417c-b061-4053398b4031,0,0.17101198434829712,0.1878838092088699
3895348,f45cd73d-a4c5-408f-b3f0-aac35dff8909,0,0.13372424244880676,0.1877669990062713
3895348,5de8d802-cd5d-45d4-88e8-9c3882223562,0,0.20561620593070984,0.1617641448974609
3895348,85ad660a-e185-48ba-8ef2-07b585f040bd,0,0.17484687268733978,0.1903167068958282
3895348,80ae0b4c-ecf7-4cba-b958-e1656fc6ff52,0,0.2484816163778305,0.1424256265163421
3895348,ef98887b-5517-4028-b05b-24076e659d78,1,0.1692599654197693,0.3051982522010803
3895348,8c694827-0f25-477f-b0d4-1e9532e6f221,0,0.16155275702476501,0.1420008540153503
3895348,ca11809e-c132-4579-a1a6-c6e4ca6d3956,0,0.13414014875888824,0.2108726352453231
3895348,afdeae2a-de4e-4edc-a745-d6ab7a19ac95,0,0.15719659626483917,0.1575778871774673
3930158,c4ac0165-7761-4f4d-8d9a-ad93374b8fdf,1,0.08561253547668457,0.3296112418174743
3930158,c4b88ebd-10ee-40ce-b1c2-88e83bfd50a7,0,0.2484210878610611,0.4529545605182647
3930158,4759cebe-e58d-4bb5-80c7-8bec232ab77d,0,0.3307039737701416,0.202422022819519
3930158,d80b5a88-59a4-47bc-bca7-0fa51d7537d9,0,0.05903375521302223,0.0692165121436119
3930158,6a746bb5-1d3c-4f79-8e29-8b9e76ba27db,0,0.10805032402276993,0.0861703231930732
3930158,8e898655-c23a-4d4f-8d87-d1f0c8dcdebf,0,0.062482383102178574,0.3280035555362701
3930158,455f5889-1e09-4da8-8c47-9b0dbda50eb2,0,0.38018539547920227,0.3099256753921509
3930159,b4f5fa7b-ad04-4275-962e-14dec26b968a,0,0.1384153962135315,0.2219374775886535
3930159,4db5698b-60ac-433d-bebf-4c4cd9869811,0,0.08656952530145645,0.0788097009062767
3930159,176f3ddb-7c91-4f1c-bad3-615963b0b146,0,0.34342533349990845,0.3222156763076782
3930159,1bd31edc-1330-4ede-80af-6afa2a22a54c,0,0.10591436922550201,0.1423746645450592
3930159,96db74be-129d-4d08-8b13-703ebb6a4566,0,0.13433274626731873,0.1408881694078445
3930159,47633993-e87c-42bd-8844-594ecf0a70a8,0,0.14434672892093658,0.0318425334990024
3930159,3c89bbb1-0e6b-4547-b58c-a7e50bfbed9d,0,0.10544243454933167,0.1369796842336654
3930159,b869e663-4b2d-4db9-a0af-4373558942d4,0,0.2858363091945648,0.1571506708860397
3930159,56d6635a-bfc0-4410-8796-5dc7ac17eb2b,0,0.0768754854798317,0.226230189204216
3930159,9f8996b9-17f5-47af-b267-65915a542ec8,0,0.24410752952098846,0.0917468070983886
3930159,b463a140-738d-4960-b8cb-3e9fa22fc4ad,0,0.35337281227111816,0.1689697951078415
3930159,56db71c0-d275-4403-b988-fbafd7c2a0c5,0,0.15011972188949585,0.1220907866954803
3930159,a11b3f68-779e-4119-b61e-96a2f3f184ac,1,0.33644333481788635,0.3349658846855163
3930160,7fdb6753-1044-401d-8ebe-185db3dab512,0,0.124260812997818,0.0886649340391159
3930160,1ec623cf-bb30-444f-bdcd-1f58b5c0b158,0,0.38485080003738403,0.3043045699596405
3930160,aa9c3b4f-2238-49d1-9bd0-678aac808dda,1,0.2063986212015152,0.1236741840839386
3930160,3874da99-0276-42e7-8291-973d15c5ced7,0,0.10690315067768097,0.1451094597578048
3930160,64a81c0c-c3f7-4356-aad2-f1dce38584ef,0,0.28928902745246887,0.2185977846384048
3930160,9913a5bb-0568-4c0e-ab66-0227ba54b2fd,1,0.29082393646240234,0.3218693137168884
3930160,a305f833-041f-4515-a424-b5df6f484a60,0,0.292916864156723,0.2869606912136078
3930160,971884c8-02f8-45d4-af2e-10a8e7c90370,0,0.18103386461734772,0.1241354346275329
3930160,ee322355-3ec5-49ea-9fb2-8aa44e6eb848,0,0.369682252407074,0.3984422981739044
3930160,6418978a-cc4d-4d45-80c9-c6941a3f5490,0,0.16843700408935547,0.0982853844761848
3930160,85acf046-5935-4900-ac45-1772a1e97802,0,0.12193547934293747,0.1591993272304535
3930160,d4ed4d31-9bfd-4915-8fed-5f4029f0cee3,0,0.20234017074108124,0.3808256089687347
3930160,c6772020-0247-4852-96e8-a880f575ed0c,0,0.14404073357582092,0.2572315633296966
3930161,34f74e79-0c0d-402e-bd3a-cc338b63b02d,0,0.14966338872909546,0.0771216005086898
3930161,b74848de-e2c6-4623-b3c4-25cdc28f0d83,0,0.14909401535987854,0.1271096765995025
3930161,ac251821-bc2f-478f-af7d-99da2bcc89b2,0,0.11662930995225906,0.1135620400309562
3930161,0e984600-b734-4dc6-8b0c-cd1fd5a2df2c,0,0.21559512615203857,0.3513796627521515
3930161,1a502d51-c693-47e1-b0ed-7e9d721b140d,0,0.25830432772636414,0.1918814331293106
3930161,c90e8f78-8217-408d-a4bb-4b6eff1fbf3f,0,0.2679726779460907,0.2605423629283905
3930162,9bb215ad-592a-4391-8c52-554e6ae52149,0,0.2275681495666504,0.215346023440361
3930162,6cc7f653-9509-45c8-9f01-2dafae037882,0,0.22462615370750427,0.13630311191082
3930162,fb9d590d-4eb1-4004-97ab-a3505eeb5b29,1,0.27954351902008057,0.2208282202482223
3930162,59f5824e-49aa-4dc5-b379-04744c13cf31,0,0.07573065161705017,0.058567676693201
3930162,cfc6f1da-e8ba-439f-b3f4-bf57cf40896e,0,0.22860892117023468,0.2761270403861999
3930162,697bdf01-cc1a-4e2a-a239-126080cef15f,1,0.36607223749160767,0.4116684794425964
3930162,b364dee7-ca9e-4c01-8632-14835725e3fc,0,0.3964961767196655,0.5471463203430176
3930162,dbebc3a0-d393-4610-bbd1-8e0cc3c9fd63,0,0.28271058201789856,0.286561518907547
3930162,43712024-5429-47e0-b46b-ab2f06ecb077,1,0.4095732271671295,0.2988770306110382
3930162,592306c8-2c71-4e8c-bcc6-3b89d8a59654,0,0.33679383993148804,0.5068202018737793
3930162,306090df-c3e6-4ab0-8f97-e79d6977dd56,1,0.19680362939834595,0.372586190700531
3930162,fd0ba11e-818b-45bf-9ba3-cdd824978001,0,0.1089765802025795,0.1002151444554328
3930162,838dfd32-3a46-42a6-9775-6eab0e297c39,0,0.11046908795833588,0.1267728358507156
3930163,08c1733e-cb33-4a0f-a0f6-9543b67b35e8,1,0.07766775041818619,0.0584548115730285
3930163,9b6f1f81-10fb-41b8-8e83-8c9c03bce7d9,0,0.37780478596687317,0.4830281436443329
3930163,56eca593-3abe-445a-b065-c62c4de08c3c,1,0.19237810373306274,0.0885188356041908
3930163,6570e76b-eb9b-4fe9-8449-0cd2a558e7c4,1,0.33408617973327637,0.4547182023525238
3930163,9e0ab80a-2bc0-462b-bfb9-895d348ba599,0,0.22148972749710083,0.3876447677612304
3930163,ef0116e1-54a3-4c17-990b-4d7b26297cd1,0,0.24290677905082703,0.5722583532333374
3930163,6e8ff901-53be-425c-ac92-b23282af2ea4,1,0.04560171440243721,0.0913765728473663
3930163,65b728ad-8df1-451d-a79e-2144ce3b8c2b,0,0.0788731798529625,0.0927969887852668
3930163,1145dff9-af9d-4eba-861d-35363f53f842,0,0.157729372382164,0.2834149897098541
3930163,68285816-2221-4383-944d-a5c13deec311,0,0.194711372256279,0.0815043151378631
3930163,5d8ee061-cbf6-41ce-a3e7-e21b1504bb66,0,0.12580092251300812,0.0755211934447288
3930163,e42bb842-cd71-4c88-acf3-f1ba3ea1de6b,0,0.17290925979614258,0.1063823327422142
3930164,7e056686-5e7a-440d-bef1-4eac143c6642,0,0.22007228434085846,0.0771319642663002
3930164,de0107c8-c74d-4e96-9535-71164d1fff4e,1,0.2725708782672882,0.2521688044071197
3930164,b0d1818f-b749-47a6-a361-a6a7ecac7a1b,0,0.3801167607307434,0.1797774732112884
3930164,f1b48c3c-458c-42c1-96e6-f6c1cfaf0b26,0,0.1557006686925888,0.1191964149475097
3930164,6dd1acbc-6f7b-4955-a6c3-a374b6704c37,0,0.26785773038864136,0.387080430984497
3930164,716065b8-d212-4847-83e4-fd39408612c9,0,0.19349350035190582,0.2593507468700409
3930164,efbb1b62-8977-486b-af69-2e63b00492f2,0,0.07405880093574524,0.1498781591653823
3930164,f78a52c3-e227-4772-98a9-6527f35c5eb4,0,0.2529655396938324,0.0823753848671913
3930164,2cc092d7-97f6-481c-9feb-ad1fe04a394e,0,0.24124789237976074,0.3686240613460541
3930164,21d5bf8d-9b24-4fc4-b67b-5569bc308c10,0,0.034082550555467606,0.0768001079559326
3930165,38a9cd7d-5fdc-4b60-a858-8da16583f749,0,0.29209575057029724,0.1586516499519348
3930165,19ec4cbe-a7a8-452c-ab9f-0d5e83d024e0,1,0.32164227962493896,0.2895113825798034
3930165,ebf88626-b722-41ab-aaab-6c3d0a47da59,0,0.2774852514266968,0.1428015530109405
3930165,d1c7bf9a-bc9c-4c3c-89a7-1318e089225b,0,0.32848674058914185,0.16143599152565
3930165,376eb9d5-9f56-4ca6-a091-77bc66fee6fe,0,0.1539772003889084,0.1707129031419754
3930165,95b58ea5-b084-4b19-9d63-60ea63e21c3c,0,0.22309519350528717,0.2728153765201568
3930165,1a4c7cd3-436f-495b-aa65-8cbad880597d,0,0.12668174505233765,0.1422861069440841
3930165,9b21e8b3-85a6-48e0-b65c-e8d4713a2909,0,0.11782962828874588,0.0676247999072074
3930165,e20a165c-7b40-4c81-9cf6-91e5835ab94c,1,0.28517815470695496,0.2184017300605774
3930165,d62e5c04-5f84-4b86-a2c1-a78ffdc6cbd2,0,0.20500709116458893,0.1681238710880279
3930165,81da97ad-d9a0-4b35-86c0-4ff9946a0e3a,0,0.3601812422275543,0.1832011938095092
3930165,ba28a318-cfa5-4b26-a9ca-86a3f38743d5,0,0.17731432616710663,0.2012366503477096
3930166,6ec77eda-41f9-47b3-94c6-d402f829fbc9,1,0.26559072732925415,0.2722170352935791
3930166,aeb0adcd-7a1f-41ac-8dfb-dd21d0158918,0,0.20045070350170135,0.3174832761287689
3930166,06660113-d037-4075-9b59-b2add9eabd5a,0,0.12475699186325073,0.302288293838501
3930166,46e76e45-1c11-4ce9-a163-d2ee3562efde,0,0.22289635241031647,0.2567917704582214
3930166,e3a8d392-6e53-434f-a7be-848f928282f1,0,0.013975323177874088,0.0734504610300064
3930166,dbf83a6d-d32d-4b8c-a7c2-a3c7e2992b39,1,0.3970147967338562,0.2940806746482849
3930166,919da44e-606a-466c-8b5b-976105f857e2,0,0.09656580537557602,0.0685245990753173
3930166,94247803-e9ac-467b-bb68-b9168b13a54a,0,0.07701461762189865,0.0984522029757499
3930166,0270794c-b94a-4f3b-8671-9e0d999801b2,0,0.1454208642244339,0.2059278935194015
3930166,dc0fa7dc-4d2b-49c6-bab9-e7cc6eeb073b,0,0.08074171096086502,0.1422881186008453
3930166,7c6f732e-6c58-418a-8994-5b408ac837c5,0,0.16749973595142365,0.1996482163667678
3930166,b71bcd74-b9c6-4703-92c3-cb4d3797b61b,1,0.1273445188999176,0.3098105788230896
3930166,a7c443b8-f623-49a4-8891-6ef7f10bb09e,0,0.17207571864128113,0.1404177248477935
3930167,bcb23c21-41fc-4bca-956e-61a12ddc63d7,0,0.17936743795871735,0.2560147047042846
3930167,d8d9a855-8742-4437-a689-f796110708dc,1,0.03682567924261093,0.0873652845621109
3930167,5869629e-f9cf-4f2b-a824-3d6dde7ab0bd,1,0.23322471976280212,0.382863849401474
3930167,b52ad4a7-8a2c-4584-983c-79b88a1ad9a6,0,0.28597646951675415,0.2934786081314087
3930167,120ae5e3-c999-4d7d-9cf6-8679d857d59b,0,0.16219620406627655,0.1925825923681259
3930167,ba1d81fb-6678-46e1-98cf-31bae91f70cd,0,0.12517373263835907,0.0512294434010982
3930167,db150176-92e5-414b-895f-1f6011e51bd6,1,0.388558566570282,0.1803109049797058
3930167,a51698cd-4b06-4579-b608-7d85d8fa4bc3,0,0.10468196123838425,0.0591984428465366
3930167,cc72d7a0-6623-41ec-98f1-405dfc65ac18,0,0.11251182109117508,0.1935049295425415
3930168,ef2a634e-13db-4a10-b293-6d335956a44d,0,0.28611335158348083,0.2274569272994995
3930168,29dee8fe-be1a-4910-ba4a-2389e313b355,0,0.10475597530603409,0.0625179260969162
3930168,702be352-51f0-470e-af1f-aab6b13a8920,0,0.11804240196943283,0.0633490532636642
3930168,e0e93447-ad6d-4849-8c00-0d2d7ab40c33,0,0.3030356466770172,0.1674249470233917
3930168,ad9e5bf1-d900-4cab-ac85-ea2d26f04eb7,0,0.07780464738607407,0.1890115737915039
3930168,3c8361ad-d934-4753-8462-becc94bfa76d,0,0.19921357929706573,0.1503284275531768
3930168,d52fb405-360f-4e3c-b849-50368a4a4e75,0,0.3095897436141968,0.233735129237175
3930169,d0fc0b19-c568-4d02-ae9e-8df6fba662f5,0,0.0672852173447609,0.0462967008352279
3930169,90685a71-41b5-44e7-97ef-c7570d77b9d1,0,0.24259687960147858,0.230646938085556
3930169,aa77bc76-44b8-4f84-888e-0ee8f9ba2290,0,0.14737831056118011,0.2208354175090789
3930169,2dcdf7b2-ae9d-4678-bdc5-d750a787f3fa,1,0.21456202864646912,0.1549604535102844
3930169,8330bee8-cb47-4b84-a312-4b57f771e5e0,0,0.13711051642894745,0.1005077958106994
3930169,5b9b43d8-1aed-4d5d-af01-3defa17178cc,0,0.3115691542625427,0.1725036054849624
3930169,da03e59b-c12c-4833-a5c2-6881742b1e94,1,0.21021869778633118,0.1770909577608108
3930169,7d3e367d-9b99-443e-ba18-62d9d269226f,0,0.13357484340667725,0.1077074408531189
3930169,44384760-74c6-4a6d-bd0d-a1dd1f7e38d8,0,0.11831258237361908,0.0815237164497375
3930169,7807e25c-2b2e-477a-b4ad-b70bbc837266,1,0.11849065870046616,0.0802915468811988
3930169,1dfb7d30-19aa-44af-bcd6-d9560cd35382,0,0.19658268988132477,0.0987211838364601
3930169,68123277-f60c-49bf-a7ca-6c297e9d9e82,0,0.13786008954048157,0.1141075938940048
3930169,9dea0ed7-a88e-4ff0-b853-7885228197d4,1,0.0818079262971878,0.1476222276687622
3930169,c387d5a8-c1ba-489a-9ef4-daef512af7f1,0,0.1414729803800583,0.1967163532972335
3930169,1f2678a8-37c7-4e93-a593-ede6f3a56275,0,0.38891685009002686,0.3798789381980896
3930169,1132d918-5f67-40fe-b0d8-0a085351e076,0,0.07229886949062347,0.068462036550045
3930169,fb02d113-b3ea-4b05-b401-4bc8255cff86,0,0.2501694858074188,0.1190628483891487
3930169,7d799f9d-cbe4-4ed9-aadf-89d7be180af2,0,0.3072832226753235,0.4171000719070434
3930169,ceccdaa4-4e8e-4819-a4a8-1672d6ed4700,0,0.17621071636676788,0.1291416585445404
3930170,3e690917-7f79-43f9-988e-6fe4955bd0c9,1,0.3302575349807739,0.4691479802131653
3930170,6b8ac496-1b32-48c3-8d1c-752c16940f7a,1,0.25658684968948364,0.2636266946792602
3930170,04367b2b-88b9-434d-9f18-ac4438ffa7b5,0,0.11992829293012619,0.1428223401308059
3930170,d4945513-768d-404d-92ab-1489fc2bf763,0,0.25743818283081055,0.1480811536312103
3930170,5bc7423c-6956-4163-b326-b4ab31bef97c,1,0.09648817032575607,0.0770278647541999
3930170,8f270e72-a87b-49bb-b801-3de71fcac02c,0,0.14255744218826294,0.1414462774991989
3930170,4ff04f14-f90d-452e-988d-2df16a891e26,0,0.3040437400341034,0.3325786292552948
3930170,262bcb04-2ed6-4883-b23c-6867770c00b1,1,0.09661772847175598,0.1210595890879631
3930170,77d30f36-e233-4f9e-891f-c5a3a605c95f,0,0.20172977447509766,0.127201646566391
3930170,4c1a16fb-5a87-4fde-8fd6-832781de4c3c,0,0.3829135298728943,0.3973621726036072
3930170,ba1f7f42-bf14-4591-b82e-f952edeefffa,1,0.36676347255706787,0.3794015049934387
3930170,1642d00f-865f-47dc-9af5-a4f47bc2ea64,0,0.08814998716115952,0.0785689055919647
3930170,b8b82317-260e-4be8-8ab8-a972464b6acd,1,0.3206900954246521,0.3326338827610016
3930170,eaeedccf-d76d-4f9c-bad7-bd62f1791b4b,0,0.26105040311813354,0.1600266396999359
3930170,946e55f6-a00d-4008-bf02-0249625377c2,0,0.38909369707107544,0.3995623886585235
3930170,dbe23dc4-a3c9-4243-bb2f-92b83e9daf8f,1,0.2530408501625061,0.343514621257782
3930170,abffd5cd-01d5-408d-8445-43a6f61de52b,0,0.1824244260787964,0.1026204451918602
3930170,c1b3841e-1a70-4ea9-b7db-b92210d5f315,0,0.17406770586967468,0.0923284590244293
3930170,0907e9dd-ab45-4f59-bf2a-2cf33ad11640,0,0.2929879128932953,0.4481381177902221
3930171,457427ae-416f-480f-8e97-50ae33d8a2f3,0,0.1528901308774948,0.1565373092889785
3930171,a99e7388-7db2-415d-afd4-e8e8cea51a3d,0,0.05163818970322609,0.0923728868365287
3930171,7c6e2343-53b4-420a-8ffc-48e11ce52e70,0,0.10175725072622299,0.1634345203638076
3930171,a7eec006-1a16-4a5c-b403-0da5f92557bb,0,0.029967421665787697,0.0336917378008365
3930171,772f38ab-e216-4af5-a115-4cc26a9a5c69,0,0.25218841433525085,0.3166380226612091
3930171,8c71814c-7477-4a14-b50d-0bdf5621c9d8,0,0.18805645406246185,0.1574765741825103
3930171,3ad633ce-517e-42de-83c1-062dad9e5b41,0,0.2278953492641449,0.2009260654449463
3930171,4cd9c320-a8cf-4fc8-8d78-487a6d6e3bcc,1,0.23246560990810394,0.2514650225639343
3930171,235e76da-7877-42cb-af27-7246ef88941e,0,0.04331349581480026,0.0363472439348697
3930171,753440de-44f3-4565-b026-7cf475ab7151,0,0.050369780510663986,0.0334607511758804
3930171,b6d1574b-670a-49b8-be6b-8a4cc0cf8da6,0,0.09291057288646698,0.053290020674467
3930171,9765d99e-b496-4087-9496-07c405bdebad,1,0.08128508925437927,0.2450017780065536
3930171,742a5e95-2224-49a0-85d9-2240949ac135,0,0.044056154787540436,0.078872799873352
3930171,cbcff34d-c133-44f6-9d7a-bfa299cb9000,0,0.1237904280424118,0.1675632745027542
3930172,a0cee522-2323-4812-8e8f-39d9cbb506b1,1,0.11147360503673553,0.0775684937834739
3930172,d521671a-b933-4431-82b1-1b5ed53b5b95,0,0.09471821039915085,0.0579276382923126
3930172,dafc5a87-6787-4a4c-a08f-358aeda4284f,0,0.32444289326667786,0.2498249113559723
3930172,c8bd3fd7-656f-4baf-96d0-d44a76903448,0,0.14760294556617737,0.2278006076812744
3930172,c73e60c7-bdfc-47f2-8721-f14041cf6054,1,0.19895312190055847,0.2213179320096969
3930172,eaa0db43-8e7f-42ad-b9ea-bd8c8fa99153,1,0.1722918003797531,0.1706255823373794
3930173,5e9d35bc-2f5a-4f5f-bca7-74b234f5a8e1,0,0.27249395847320557,0.2024956196546554
3930173,41780cf9-526d-4402-ba62-c975b0dffec3,0,0.24798081815242767,0.1314920485019683
3930174,c0733ac0-bf5e-4fd5-93e0-4b3c451e16ff,0,0.11620321869850159,0.1849709749221801
3930174,1e4328ec-177f-4a4d-89b6-ff35e4fd490a,0,0.15870033204555511,0.3532538414001465
3930174,df94c10b-325b-4679-96bd-bb96f12336af,1,0.11222384124994278,0.150711253285408
3930174,b3da2122-672d-4984-8aec-f799a89bd36d,0,0.14492784440517426,0.1425053477287292
3930175,c01cf4bd-7f8b-43e6-a79f-a9903a366396,0,0.23817069828510284,0.20249804854393
3930175,389fa4f7-ad86-4113-9557-db4a35649473,0,0.11765123158693314,0.046956893056631
3930175,66591df6-6599-4d36-a580-da43543210e5,0,0.31237369775772095,0.1961110234260559
3930175,10c9ef00-4963-4c47-8189-52a99f432823,0,0.33619582653045654,0.2413702011108398
3930175,2c1f29c6-ffdc-46f9-ae74-c0ac383d401f,0,0.11440277099609375,0.2725372910499573
3930175,908c84b4-06ad-45a3-9a71-dce14aefc226,0,0.18393810093402863,0.0745943635702133
3930175,d56a9a8d-0f68-4d74-b158-2b7a29cd916b,0,0.10403233021497726,0.0319546088576316
3930175,ccb81f31-bad6-407b-8db5-29f136df7871,0,0.3305590748786926,0.2236296087503433
3930175,fc1f591a-5d92-4e1f-a593-97a1310c2a1d,0,0.0768149346113205,0.0826989039778709
3930175,6e2be166-e146-4155-b763-861a7f5efd8b,0,0.15263253450393677,0.0965196639299392
3930175,fe8759fe-c7ce-41df-8fc9-e2900170e99e,0,0.23192134499549866,0.1280467212200164
3930175,126cee5c-efa6-48ab-93e0-9193769548e0,0,0.09207957237958908,0.0681342333555221
3930175,1749e604-4e2a-47ee-941c-eaa0d820dd4f,0,0.07536149770021439,0.1395700275897979
3930175,36510ba3-45ed-4b03-80a2-3a907707320f,0,0.37787461280822754,0.3214732110500335
3930176,8dc4c8d3-ab27-4bc9-807f-043174a7b3d3,0,0.10384561121463776,0.0850893929600715
3930176,4705d18a-0900-4c5a-987e-1e1d2f14cbdd,0,0.15382863581180573,0.1580226123332977
3930176,32ffd2a3-9e4c-491b-bc86-1ecd6b1bff3b,1,0.24513746798038483,0.133236825466156
3930176,2468322e-87ba-4e72-b376-ed0f60aa093a,0,0.33708372712135315,0.4556544721126556
3930176,7d066596-0c6e-4568-9d41-2bf677f06fdb,1,0.2127087414264679,0.5520796179771423
3930176,c8d9b234-590b-420d-b5fd-a689ebfc69a2,0,0.2522333264350891,0.1718519181013107
3930176,70b01463-9e1c-4d8c-ae15-15335ff4f587,1,0.31955745816230774,0.5371796488761902
3930177,8c1253a6-80a7-4168-8584-1598d4d5e716,0,0.05134361609816551,0.0679738670587539
3930177,01776784-eb37-4d6a-9cd3-cc6d2c16558c,0,0.07282645255327225,0.1554475724697113
3930177,5454f49c-a1d9-45a1-abfb-e7950c1b20c4,0,0.3605329990386963,0.3293882012367248
3930177,ea6415cf-f515-4e1a-9ec8-6efbdd8eab0b,1,0.26069921255111694,0.3444479703903198
3930177,8eeb815c-7562-4a29-ba58-459e432b5dff,0,0.04340033233165741,0.0627608597278595
3930177,8265f9cf-9488-4834-9a69-d727720ac555,0,0.36931541562080383,0.3250870108604431
3930177,ec8728f0-e886-486a-9414-2365524caf6f,0,0.3271852433681488,0.2152903079986572
3930177,a24d855a-d659-4d23-b67f-62ab68df187d,1,0.2178441435098648,0.1548268347978592
3930177,642f7a69-7970-4cf4-ba9a-353f2f1690f9,1,0.11648827791213989,0.1130270734429359
3930177,6945677b-e993-4dcd-9bca-8d244976058b,0,0.2177104353904724,0.1367971450090408
3930177,27e14dcc-847f-4faf-b490-863bbc3ce323,0,0.18738824129104614,0.1522590517997741
3930177,65f5ddb1-7255-4808-87a4-ef4b7055fbf0,0,0.21829620003700256,0.1839370280504226
3930177,7dcdc137-4129-4a62-bdb1-58f5c08a6c30,0,0.19364136457443237,0.2412268072366714
3930177,804dd0e9-57dc-40a2-8239-75d2afd15b4f,0,0.2038194239139557,0.4426776170730591
3930177,df3c4f4a-96e3-4180-b031-c5917adc428a,0,0.30982792377471924,0.2484359890222549
3930177,14175771-befd-4a26-8938-74dbb74895b2,1,0.3371852934360504,0.2572143375873565
3930177,997ba92a-a94a-46a1-ae60-505a7ad9706f,1,0.03402251750230789,0.0502939373254776
3930177,6186444a-1d7e-4012-9f79-5bb0121d0c3d,0,0.21180635690689087,0.2034812271595001
3930177,cb2aa55a-77f8-4c16-a39e-1dae5428f692,0,0.18985623121261597,0.4154822528362274
3930177,8ff999e7-6a05-4952-84a8-00b1805e33ff,0,0.2210395485162735,0.2788399755954742
3930177,105036a1-b722-4f17-9d9e-cb4829c50aa2,0,0.17103545367717743,0.1054374948143959
3930177,887b9a5f-527c-444d-a422-92c7689fde4a,0,0.16685037314891815,0.1948380917310714
3930178,70c4dc0c-6a93-45f1-8c89-dd4df9b5c14b,0,0.08414842188358307,0.0767216756939888
3930178,cfde01f3-3046-49fa-a544-7ee21d2ba5c9,0,0.3136744499206543,0.2376398295164108
3930178,dba76990-2cec-4d2e-bbf4-29c3cc363478,0,0.1351182758808136,0.1752949357032776
3930178,5ea7958a-1912-4988-8aed-4e564dd5eea3,0,0.24563637375831604,0.252443253993988
3930178,aca0bd30-478e-4454-a88c-e4769755bc4c,0,0.33700257539749146,0.1534754931926727
3930178,f52799b6-8e68-4fab-a970-332b9564af2a,0,0.11447678506374359,0.0485227443277835
3930178,366b03a3-3a59-48d1-82d3-8a617feb986d,0,0.21655558049678802,0.4138304889202118
3930179,04c52bf7-d988-4898-9974-fdad96adb4fa,0,0.1548415571451187,0.2431845217943191
3930179,4bcf25bd-e527-4608-9b22-52b06abc1d7a,0,0.34723588824272156,0.273624062538147
3930179,dcd1f3eb-c529-4b20-96fc-f57c63aa0c12,0,0.3399158716201782,0.4919449687004089
3930179,6ce1d2ac-d85f-4d14-9243-60eb56625c5f,0,0.2051103711128235,0.1200804337859153
3930179,cbb32a39-692a-4bda-8075-9dc3a280d95d,1,0.312177449464798,0.1554439216852188
3930179,e0e5cb63-95f4-4fa3-905f-bfa41fd45aa8,1,0.24201567471027374,0.1968280375003814
3930179,3067933f-ed28-4542-a675-8602c1f4fceb,0,0.1799391657114029,0.1358261406421661
3930180,a4530695-00fe-4427-a809-4cbddc6b4d2b,0,0.16061758995056152,0.1593772619962692
3930180,6c22252f-f8d7-4781-9711-a11835585a14,0,0.18822211027145386,0.1284953653812408
3930180,968ba808-7de3-45bb-899e-e84831a94c56,0,0.28179433941841125,0.2764140665531158
3930180,d038009e-c37c-483f-90f4-c534ecc4c2cd,0,0.06678216904401779,0.0449415892362594
3930180,83f0f86c-1128-4ce5-bb12-9c1f3a93ea42,0,0.2084847390651703,0.179342582821846
3930180,56205f98-3ea5-4a53-8fc4-39a49d6a0e75,0,0.1705915331840515,0.2534938454627991
3930180,171ba71c-b61b-4b37-b390-be4dc3ece88e,0,0.2429090142250061,0.196138709783554
3930180,75c79e44-4611-4ad1-a5f2-4178563e22ab,0,0.11298355460166931,0.0802717953920364
3930180,0e95a886-57aa-45d7-89e4-d7ae0da33a16,0,0.08494473248720169,0.0620773360133171
3930180,b6406253-fddf-43a7-b55e-282db6156490,0,0.23269964754581451,0.3782158493995666
3930180,4514546e-6724-457b-8ec8-6aa8425787fc,0,0.11015243083238602,0.1540491133928299
3930180,6075af66-b44e-45b7-b3bf-008108eb3290,1,0.12113390117883682,0.1292407810688018
3930181,14a591f4-ca4f-4110-868f-1095642aa4c1,0,0.14302988350391388,0.2753672301769256
3930181,2b594c80-ccd8-4da7-9fdf-4c6e89c99b80,0,0.07219827175140381,0.1206975355744361
3930181,2014dc71-cc03-432c-89f7-97bfb591db2d,1,0.07021969556808472,0.0409281626343727
3930181,068eb0a7-4586-468e-9787-44f2973f60f6,0,0.06281489133834839,0.0511408299207687
3930181,b42e14c6-a51b-4092-8c2c-d3f824e6668e,0,0.13833147287368774,0.3482413589954376
3930181,a1048239-2255-4a3c-84a8-68a71578c21a,1,0.22244025766849518,0.3189226388931274
3930181,a289e616-b856-4209-bcd0-57b1cbbc2dcc,0,0.15276466310024261,0.092139758169651
3930181,7b9a1c4b-f9bc-44b4-b5cd-ef26327fb9c7,1,0.36239251494407654,0.227534219622612
3930182,5d6d3f3c-202f-41ff-8715-1500d46bc915,0,0.11328370124101639,0.1190380305051803
3930182,2a7dae40-3e14-4817-9a94-9126522f93d4,0,0.14172327518463135,0.1077201142907142
3930182,db4612df-17ce-46bf-bf65-99c4cf877d4c,0,0.27622190117836,0.1425815969705581
3930182,1a6d820f-3abc-44e4-8cd7-01088c5dbec1,0,0.20022065937519073,0.0844777077436447
3930182,79cbea0e-d5e2-4c9c-a793-df1412463baf,0,0.3582177758216858,0.3984382152557373
3930182,c3e2bb89-961b-4393-9cb7-10aa1bedaa5d,0,0.24706308543682098,0.1797381192445755
3930182,6368dcb8-703d-4a75-89f3-c072e42937a3,0,0.32242074608802795,0.2645198106765747
3930182,2ae38e33-1c73-4c2e-a929-02b723d549c2,0,0.11848501116037369,0.1715691983699798
3930182,1c96b753-f462-4522-871c-ab9720dce173,1,0.17579282820224762,0.2441160827875137
3930182,9d9ba429-fd22-4a09-b09b-c97009ad1e58,0,0.1999100148677826,0.2157883048057556
3930182,9227cb32-0edc-4384-a819-7c55542dd557,0,0.22797982394695282,0.164375826716423
3930182,0b9010d7-e80f-4f7d-b045-3d8b96d3cb63,0,0.14092537760734558,0.0698067396879196
3930182,4f3daea1-49f0-4901-ac83-72e2a91eece0,1,0.2795713543891907,0.4914082288742065
3930182,aaa34627-3b91-40cf-9132-df53ecbe61bf,0,0.08920252323150635,0.0951798260211944
3930182,24562d42-35cf-4284-92c8-192031e033cd,0,0.09258683770895004,0.0602459944784641
3930182,1af4302f-3584-42c4-8872-49957a52489b,1,0.284814715385437,0.3445557653903961
3930183,6e328145-1cff-4464-aa9f-e8eb1155d316,0,0.1456681489944458,0.1118339672684669
3930183,e6360505-9efa-4b4c-a9df-a3f1b55aa66a,0,0.07935693114995956,0.0706293433904647
3930183,6906bb52-353f-4f53-b8b3-083e77c91008,0,0.1618807315826416,0.240188181400299
3930183,92cbeb5c-4360-453c-8b6c-13b9ba92c6ea,0,0.2803303003311157,0.2557148039340973
3930183,d1f47da2-1684-469b-b39d-ed94fcfc672d,1,0.15528206527233124,0.1417089253664016
3930183,03c17eae-893e-4a80-a3c4-3b3ceacc59ec,0,0.23367629945278168,0.1281167268753051
3930183,ef333fad-f901-4507-8454-6d0be7515c1d,0,0.17703956365585327,0.2352416962385177
3930183,89cf49d1-045b-4825-8459-18c34fbb212b,0,0.24822944402694702,0.1316141188144683
3930183,cbf613c4-910d-4ba0-b3e6-4a0e39363d8a,0,0.13737523555755615,0.0644860416650772
3930183,dbebd86f-455e-4f4d-b3ae-ab87d94bdaf2,0,0.3584124743938446,0.364555299282074
3930183,c15aa0e7-7274-4109-8c70-bdb93d336313,0,0.21805597841739655,0.1945867091417312
3930183,426dd1a1-e917-40e1-9a38-783456e3c7c6,1,0.3024686872959137,0.2569944560527801
3930183,13b5f011-2e56-4230-88dd-127b9a896bee,0,0.12094112485647202,0.2699577808380127
3930183,0fccd748-d902-46c6-a17f-795fcc2227cf,0,0.21816539764404297,0.1372968703508377
3930184,68fe7fdd-93d2-4b6e-8a7e-8c5ec2c0b43b,0,0.05378656089305878,0.1400020271539688
3930184,a78fbaae-ab9f-4c29-850a-eb20f1162f41,0,0.2626144587993622,0.3335866332054138
3930184,45944de7-3fcb-4a65-88a9-4d5c9a84ceb3,0,0.1911107301712036,0.1246780455112457
3930184,7ce8baa0-4425-4be5-9e71-c25b6db24c20,0,0.21518632769584656,0.2468626499176025
3930184,35763cb9-d4df-4df1-b855-0f42bef1fb26,0,0.3037092983722687,0.4462147951126098
3930184,a3a95d08-3b2f-4288-b588-b24b31b2882d,0,0.31394603848457336,0.2681907713413238
3930184,03f67930-7709-419b-88fc-63da9e3b73e3,0,0.20621736347675323,0.2416444569826126
3930184,5852a17f-e8b9-4c76-9ac7-905e2b667a5d,0,0.3069867193698883,0.145364761352539
3930184,f3477107-61e7-4471-9ceb-feee140f7f94,0,0.22435268759727478,0.3003373444080353
3930184,40216536-0378-40c7-9bfa-dd977d4c81b3,0,0.11541034281253815,0.0637091174721717
3930184,94e1481d-7a4f-4cde-a07c-830e13dc2dc2,0,0.31917160749435425,0.3901292383670807
3938637,bb801a48-4522-44c4-b8b5-e850799d1eb6,0,0.2801021635532379,0.342293232679367
3938637,13fe08aa-78b5-4fa9-8a11-ef6bb7cd048a,1,0.3404217064380646,0.2291913330554962
3938637,48d2c5b4-7420-4650-adb5-bd512f861685,1,0.3234178423881531,0.2082518488168716
3938637,d94b072e-37b6-404e-b66c-341ade52c411,0,0.35319575667381287,0.4289688766002655
3938637,fcc56f55-bdb1-4186-8d1c-30ddc3d0a1a3,1,0.3677822947502136,0.2092908769845962
3938637,9b2279eb-f41b-4d69-8757-d12cb859537c,0,0.18554799258708954,0.0899542272090911
3938637,cbaf4ead-ac33-41b5-9c85-693fd785d290,0,0.24690885841846466,0.1783346831798553
3938637,7185348d-7baa-42c2-aea9-745796c1f9ce,1,0.33384668827056885,0.4305136799812317
3938638,3a72ad18-3bee-4164-8131-6a5e5b5a341d,0,0.055012933909893036,0.0823578834533691
3938638,2d80e327-d914-43b7-8559-ef793bbc0f20,1,0.08417370915412903,0.1160012483596801
3938638,cbac53d3-bcc7-406e-969e-64c705811058,0,0.07604558765888214,0.1260237693786621
3938638,78928d9b-5191-4d71-a652-dc37e89e2995,0,0.14088958501815796,0.1863689422607422
3938638,44c03eda-86b1-47a9-97be-24f94f7d000f,1,0.20433199405670166,0.1957148164510727
3938638,62335348-02ae-4faa-a9f8-60d4c536f556,0,0.06234264746308327,0.1677233874797821
3938638,05067cc5-734b-41e7-96d3-ae3d41289121,0,0.045393649488687515,0.0688495486974716
3938638,aed74af1-dce7-4e82-8d26-7ee30b79d889,0,0.0758613720536232,0.0704174265265464
3938638,a80138e9-2ef3-4fea-8661-c0f5dd142556,0,0.2333272397518158,0.3851918578147888
3938638,393a2165-861b-410e-a3d4-c4a23365ae78,0,0.06819956004619598,0.0912476181983947
3938638,b488858b-164e-40b7-bbae-a2d2e19ffe1b,0,0.038022976368665695,0.0967535451054573
3938639,8717b842-df4b-4773-ae80-f77d4367120b,0,0.12105090916156769,0.0253866966813802
3938639,79961fcc-b479-4fd9-b067-8dcca6b20ed8,0,0.3795786499977112,0.3026914596557617
3938639,2ed06c72-ed1a-439f-b60e-1dcdef17f59b,0,0.13275185227394104,0.1358675062656402
3938639,0d8177e1-5871-488a-a1be-ef1458006bca,0,0.17688727378845215,0.1980006843805313
3938639,8df0ed7c-0dfd-4f3a-b662-8ac463d202b9,0,0.09909262508153915,0.1079359650611877
3938639,ff4783cb-777b-48c3-bceb-bc2e387a5b22,0,0.16685062646865845,0.1735688894987106
3938639,8f8c69bf-b7ba-40bf-be95-8944e515ecf8,0,0.33712583780288696,0.3635274469852447
3938639,33d5cab7-e7b7-467f-9755-8bfd0f325c8a,0,0.3323008716106415,0.3178133964538574
3938639,c8e36e52-8ad8-457c-8fca-04f19a3607e7,0,0.34578338265419006,0.1324189454317093
3938639,b87900f3-fab7-429f-b687-8f021fa817bb,0,0.1597663164138794,0.1471323668956756
3938639,0c1c7ba5-031f-4072-b4cb-e7a67cbe825c,0,0.28687962889671326,0.3652042746543884
3938639,8cb51118-9f15-4f72-a9b3-a5f5097908dc,1,0.2666507661342621,0.2697446346282959
3938639,004f20b5-dae5-4cd7-bf0b-401e61fce48e,0,0.14058203995227814,0.1132109612226486
3938639,93ed5add-c3ab-420f-8bac-a3bff9260098,0,0.11253079026937485,0.1089366674423217
3938639,0a82295c-9f2d-4032-81f8-7ed6f0624cd7,0,0.07497324794530869,0.1513956040143966
3938640,5215f396-d53a-4db1-82de-abe6c09f9f6b,1,0.0633087307214737,0.0411718860268592
3938640,5900c59e-586e-4697-b0c2-e9bca5c83177,0,0.08881077915430069,0.1524649858474731
3938640,5436c65a-88a0-42e8-8f1e-3a315fc11b8a,1,0.34774425625801086,0.2737974524497986
3938641,2ec4eeb2-bb24-488a-bfbd-023b63bf9664,1,0.12508508563041687,0.1815502345561981
3938641,bcc8ce5a-4504-4d6d-9fcf-7b788f0b58a0,0,0.1195426657795906,0.1974752098321914
3938641,e22bcc45-7e42-421d-9c83-5d91b638d9eb,0,0.3709818422794342,0.3081294000148773
3938641,04a2fe14-9e14-42a7-a133-22514ca34a2d,0,0.18497516214847565,0.1173378676176071
3938641,63ba9970-dd25-463b-978b-86999216c39e,1,0.07732578366994858,0.1004854515194892
3938641,c64fdc5d-b470-45a6-bb8e-a68a5f608cfb,0,0.23018719255924225,0.1248799934983253
3938641,c3f65c10-b81d-49c1-b965-29757286221d,0,0.4112256169319153,0.2747825682163238
3938641,7162a745-a57b-42d6-b919-6bddc439960f,0,0.07089391350746155,0.1170181259512901
3938641,923be010-0cf2-4d7d-8490-27e3e5110a5c,0,0.2342718541622162,0.2692222595214844
3938641,42e71eda-da29-4fdd-9c3e-6aa28a257273,0,0.2608843147754669,0.3712347745895386
3938642,980c4f50-d22f-4b17-a811-5fc65d05641b,0,0.10118474811315536,0.4635644853115082
3938642,d62cf474-061b-466a-bb37-867507df0184,0,0.1672806590795517,0.5807375907897949
3938642,53763840-e230-4894-9c6d-2cf38d3fa7c7,0,0.24097804725170135,0.4230244159698486
3938642,35c8a326-2de3-49ff-8ec8-55add0066f40,0,0.1951836794614792,0.1354249417781829
3938642,34e9ebc5-2dd8-4cd9-b305-299cb5526131,1,0.26833710074424744,0.4389364421367645
3938642,c1c7b270-d225-4888-a8d0-10a4ea8d1ad3,0,0.2476368397474289,0.2390310168266296
3938642,0488fc9f-00a5-4149-8a03-fee2314577c3,0,0.3219813108444214,0.2594903409481048
3938642,fa3f54a6-75cd-4d7d-a7eb-b1d1f40dfb52,0,0.18644334375858307,0.2406014502048492
3938642,2dc0c7f6-94da-43fd-8ae2-3894133caebf,0,0.10395893454551697,0.2822906672954559
3938642,3be25a73-5529-4e7c-92bb-83252fd71ca5,0,0.2772344946861267,0.2191383689641952
3938642,44f86539-c58c-49f6-a454-e0e09a428262,0,0.2836132347583771,0.2416024804115295
3938642,4e0df8c8-0ad4-43a4-aa99-826c11fc2f87,0,0.08711948245763779,0.3442544937133789
3938642,48a195ed-568a-487a-9fac-6799923ddffc,0,0.23311331868171692,0.1419199854135513
3938642,bce5589b-0166-485b-92f2-9670069516b3,0,0.34843456745147705,0.4845821857452392
3938643,48644015-08dd-4eb6-aae8-4bea6f1a30d5,0,0.15723803639411926,0.3371442854404449
3938643,d0375c52-0d6e-4f76-b029-4f9d8782ec1a,0,0.30063214898109436,0.433952271938324
3938643,c0da310a-1795-4840-a47c-d03c34d4b069,0,0.11911404877901077,0.0940658971667289
3938643,389d6424-d20c-4f04-8729-493d5f857b0a,1,0.18240748345851898,0.065587431192398
3938643,7032e077-bc7d-4adf-a5d5-b6338fd4354b,1,0.2300458401441574,0.1957476437091827
3938643,786cbab4-104b-47ca-a4ea-02cb74c4b6cc,0,0.3250449597835541,0.3356671333312988
3938643,416ea0e5-30eb-4f37-8dbb-92a73b34e3df,0,0.08101429790258408,0.1139089167118072
3938644,f9ef8b29-96a7-422f-aca9-3c3ec6401b6b,0,0.1534338891506195,0.1117007434368133
3938644,5d269541-ef89-4702-8580-3950bbe72af2,0,0.18758311867713928,0.1393762230873108
3938644,0a90a57a-0554-43b5-9cc7-804192b32aed,0,0.30336856842041016,0.1965063065290451
3938644,7cea6100-2b02-40f4-9410-a1ad5263150f,0,0.16553045809268951,0.1676914095878601
3938644,30e49030-9dd4-4db6-9fe4-7dae0036b391,0,0.3636804521083832,0.2942554950714111
3938645,15e98114-a558-48a3-b53d-925a226d1aba,0,0.07942783832550049,0.1729934960603714
3938645,80c09aba-aa09-45ed-a2d6-026072e7c9f6,0,0.2045593559741974,0.1630535721778869
3938645,af5f93de-a07b-4c14-a810-65f6b63eefb0,0,0.02826865203678608,0.0971921905875206
3938645,571fc473-b123-47c4-a6b4-5b2faba9d1a5,1,0.13498856127262115,0.2060600519180297
3938645,1e9013c3-47d8-4b1e-a98e-56fb2d727173,0,0.0851074755191803,0.0751595795154571
3938645,dd94020e-229b-463b-a4c1-7250eedc4e3a,0,0.20118966698646545,0.1676279008388519
3938645,9b16988d-6bbf-4859-b836-27cafd7e7707,0,0.1385398805141449,0.1493352502584457
3938645,e9073c8b-8024-4b89-91a8-f073e6e3ae59,0,0.2616179287433624,0.1839006245136261
3938645,6a116c8d-4b3d-4b97-adfe-5328ce2d79c8,0,0.1366942673921585,0.1345495134592056
3938645,bab7f3bf-3bdd-49bd-9e11-092316b04f54,0,0.18194976449012756,0.1235434636473655
3938645,7316aafe-f45e-4c55-ab23-b235d4555038,0,0.12089443951845169,0.0513042882084846
3938645,f3e63c1c-93f7-4cf5-9d03-6e667967827e,0,0.23071809113025665,0.2641248404979706
3938645,59c9b4ad-40ff-4539-bcb1-2ba151b58f76,0,0.19678641855716705,0.2010650932788849
3940878,f468a9b4-75c3-4216-bbdd-0107aa8fb931,0,0.14951366186141968,0.1218494847416877
3940878,d0bda493-4944-47f5-a1dc-023c46f6ac4c,1,0.2098669707775116,0.4522728323936462
3940983,7e6be3f0-9fe1-445c-a283-dc3b2b9e86a2,0,0.1406221091747284,0.1776821017265319
3940983,3321220e-fe8e-4cd3-b6d2-0df435bba0b1,0,0.34059709310531616,0.60987788438797
3940983,ae8162a0-2f1f-4215-abdf-7bc8430d0f87,0,0.13438357412815094,0.0748218968510627
3940983,84416ce2-06a5-4774-91af-56cccfe028c5,0,0.12989312410354614,0.0988585725426673
3940983,87f3087e-2980-4904-ab64-379a43c2c660,1,0.1342560052871704,0.2752761244773865
3940983,d44d4b76-ff8a-488f-b102-a03b76f58188,0,0.11431051045656204,0.1095659881830215
3940983,c9b8931b-3fda-406d-9560-672cb28f7fff,0,0.20849061012268066,0.3136644065380096
3940983,d7649bc3-717c-4dac-a6ac-540f37f9ef49,0,0.30732235312461853,0.1081461086869239
3940983,7fb1183e-3f08-44cd-a371-b7e7f4130351,0,0.030043603852391243,0.0691615268588066
3940983,4a6db59a-b849-4f08-972e-eeb484590faf,0,0.17590512335300446,0.2599409818649292
3940983,3f65ed20-3771-44b3-afdc-ae9099584abe,1,0.10213641077280045,0.1325660645961761
3941017,880bda4c-29d5-4b95-a789-7ba3f9d357a3,0,0.05796601623296738,0.0903940871357917
3941017,412e6a11-24ae-4e81-8498-5e31ecf4f14f,0,0.08077804744243622,0.3774457573890686
3941017,25cfa59b-a30a-448e-9dfb-5e9d879e7e51,0,0.18404920399188995,0.214160069823265
3941017,7d10efab-cbb8-4ccc-b7cb-37ed10e33737,0,0.34564685821533203,0.1014795005321502
3941017,92f595ac-46df-4302-bbe9-8557f680d21b,0,0.3716539740562439,0.1701323688030243
3941017,1f0e9fcd-07ea-4cab-8358-6aa117e3d5fd,0,0.3048291504383087,0.1613843441009521
3941017,a686033e-f76c-4244-831d-4056669db4d5,0,0.22893673181533813,0.1759640723466873
3941017,a9a434b3-3c30-4674-ab3d-5355e2c4fa96,1,0.3942442536354065,0.3604348599910736
3941017,47e1cef4-008b-44a8-92b0-eb7ddcda6cfb,0,0.1680823415517807,0.2712153792381286
3941017,ab1b1403-a21c-42c8-b5af-8ea10da0b1bd,0,0.24178993701934814,0.1315110474824905
3941017,c3c97bc3-3c1b-46b5-99d3-805de137d6af,0,0.053284652531147,0.056900817900896
3941017,5306c103-f45e-4d53-9c4d-7dffc1d3160c,1,0.0756286159157753,0.0657614395022392
3941017,1e6297d1-2695-4f39-b84f-28ac959871de,0,0.1870056837797165,0.2413531690835952
3941017,3db86c24-aace-45c5-a47a-2b2660431090,0,0.33865708112716675,0.4742248654365539
3941017,3e063dce-978e-4d17-b750-dcd59c0b8dc4,1,0.26588502526283264,0.2782232463359833
3941017,029f7c22-48fd-462c-aef4-6b13fd0e96cf,0,0.08234572410583496,0.0659064501523971
3941018,a2b2b5a4-b189-4658-9221-a7a89ecdd656,0,0.32367897033691406,0.2476856261491775
3941018,cf998028-ab0c-457d-b30e-c634c80f815b,0,0.388875275850296,0.4150544703006744
3941018,59084c7f-8f6b-4f21-a9d5-3705becc09b1,0,0.054539840668439865,0.2160133570432663
3941018,4a8118c6-0000-49b4-b0f5-67efef1b9c84,0,0.1589861661195755,0.1262581646442413
3941018,5b78776a-1bce-4b58-8864-a1aebfa6b13f,0,0.02500983141362667,0.1774785220623016
3941019,c36ec74a-ea2b-4cd6-ae7d-f7cbe226f5e7,1,0.09302984178066254,0.2391012758016586
3941019,1722d372-5384-4d1a-a27d-82c78526481b,0,0.2790178060531616,0.3456236124038696
3941019,5f949a14-4594-4f7c-bb27-2a376aa0ab83,0,0.2399820238351822,0.2244286090135574
3941019,35176991-15ae-4f6a-8406-e88d805d394d,0,0.12716463208198547,0.2600740492343902
3941019,935223cc-0632-4931-9a50-40def29906ae,1,0.1831575185060501,0.1762634217739105
3941020,7286269f-31c3-4f43-be00-4a12d1884b34,0,0.1673314869403839,0.3205628395080566
3941020,15a7077b-c93a-47e4-bbfd-b7d407d1a728,0,0.2541174292564392,0.2988180518150329
3941020,e193bb54-361d-4e47-b937-7fbc520ed841,1,0.1386205404996872,0.3668999373912811
3941020,2700de32-97cd-4889-9587-111b25c07a23,0,0.058772992342710495,0.0482979528605937
3941020,46dc7275-5ac4-43a2-84ae-86d34ad34994,0,0.1710575520992279,0.3332115709781647
3941020,1c078545-e863-47aa-9221-52833725220c,0,0.20547020435333252,0.1746859401464462
3941020,c29f71aa-66d6-44a7-a42c-c4d9d580496c,0,0.21645115315914154,0.2657365202903747
3941020,5768068d-2f7e-4ec5-9008-f029b2bd1ecc,0,0.17533539235591888,0.1973715871572494
3941020,9c3fc6ec-446b-4c7f-8711-3af9b76ed4e6,0,0.2955821454524994,0.4210604131221771
3941020,8d888d2b-ed04-4e0b-b15f-981e0265f8d4,0,0.0886891707777977,0.0737359896302223
3941020,eb39faf1-17a4-4c6b-a108-f45c475ca45d,0,0.21038618683815002,0.3062371015548706
3941020,e823ecae-7294-44b2-9042-b952150063e9,1,0.30419203639030457,0.3482020199298858
3941020,1e76a4d9-4dd1-4d76-a538-3ff598a3fc57,0,0.18546968698501587,0.1006474271416664
3941020,7ef61f30-f53f-4d16-b0ee-b10402b69039,0,0.10835006088018417,0.0444013960659503
3941020,1bda5004-1ca4-426d-a5de-2546ee613171,0,0.13624805212020874,0.0556767471134662
3941020,93b972e4-2cb7-4946-b002-5053c487dee8,0,0.12663841247558594,0.0848804637789726
3941020,75f4f0e3-8171-4088-a1cf-c211a951a16e,0,0.09241217374801636,0.0376068726181983
3941020,673e5264-8d6f-4e33-b410-65818655f6be,0,0.2264537364244461,0.1296436637639999
3941020,22e26042-04b1-43f6-9e78-952b133c71c5,0,0.07958339154720306,0.0791345760226249
3941020,98ef9a46-fa3f-4690-8923-2853df051976,0,0.10554952919483185,0.0452872551977634
3941020,1e720b39-4b66-4635-ae6e-ac3e66ac4996,0,0.059187863022089005,0.2207765430212021
3941020,1d363bab-b41c-480f-9048-bae2c7e132c5,0,0.15243640542030334,0.1116380244493484
3941020,d93335c9-a75c-4088-9d9f-d18357965b1b,0,0.07741314172744751,0.1378489881753921
3941020,4f1cddf8-2a2b-47de-b125-055d3fb2ade4,0,0.18428759276866913,0.3559474349021911
3941021,5cdecf0e-3585-4497-b8c1-65bb21af921e,0,0.14937818050384521,0.0689774230122566
3941021,0ef39a89-c1bc-4006-9c19-cb7d98040a47,0,0.38180023431777954,0.4155960977077484
3941021,9aa25060-7865-4199-b00f-c78da6c96f66,0,0.2606581449508667,0.3594667315483093
3941021,f36e56f2-2a49-4028-b9c7-465f574d20de,0,0.08170288801193237,0.1005301997065544
3941021,f5f127d4-c6bc-4bd6-a7c4-55eef3d5ff09,0,0.22575324773788452,0.0726560279726982
3941021,590d5673-6760-4542-973a-b2b608d34535,0,0.32059425115585327,0.26425901055336
3941021,c42a7a18-b2f2-4e78-8cea-21935c5d2bd9,0,0.169686421751976,0.2229032069444656
3941021,b9b524f1-02dd-4377-9492-fca060ac2cd1,0,0.14440017938613892,0.0520075596868991
3941021,8e4b5efb-eef8-48ff-8abd-5fc87ef63a65,0,0.35796767473220825,0.1608825325965881
3941021,cedda43c-c8b7-4aa1-aa2e-4e3a87b5e0d0,1,0.28709250688552856,0.4370221197605133
3941022,02ea9109-8354-4134-a4cc-ac984df6852c,0,0.2735677659511566,0.1615962833166122
3941022,7039ff4b-4e0e-4e3c-8419-c3af4ce71787,0,0.09373196214437485,0.1891307085752487
3941022,bb11c954-2c17-48f7-9f30-d90eae554bcf,0,0.20701265335083008,0.2219051122665405
3941022,03f17a10-cf54-4d3d-955b-08842781c59e,0,0.18868272006511688,0.1118726432323455
3941022,25a41ce5-0882-4100-a04d-164d42feaeae,0,0.2546510696411133,0.3611055612564087
3941022,1d99d5a5-cb82-4735-bf09-5b36ddf975e0,1,0.21251030266284943,0.4305103719234466
3941022,aff5c9ed-f60f-42c0-af01-c1f217d8e619,1,0.3656987249851227,0.2961941063404083
3941022,42616641-43e5-42ae-9b38-73914034bf54,0,0.4354693591594696,0.5252200961112976
3941022,6f1301af-66dd-4475-8d6f-808db1304471,1,0.26861968636512756,0.2934803366661072
3941022,b6c4a0f0-8f52-4f9f-bb25-5b517957bac7,0,0.29677560925483704,0.1849372386932373
3941022,a5af5f35-c759-4517-bda3-8234be74cbdf,0,0.20545223355293274,0.3995043933391571
3941022,1d94cd7e-e97d-4482-9826-a8c7d701d39f,1,0.22850637137889862,0.1955291181802749
3941022,d3dbdefc-6699-417a-9e6c-dbdb8f97c08e,1,0.3004632294178009,0.1497638374567031
3941022,598f33ea-cf9b-4303-8b9d-7529da3a1856,0,0.1819962114095688,0.2184838354587555
3942226,f99df16b-dc76-42be-9690-2689c7937c4a,0,0.2658437192440033,0.4827017784118652
3942226,8c2aa051-5ab8-43d2-a334-e27e1074dc98,0,0.06679315119981766,0.0438644737005233
3942226,23d70f48-45f3-42b4-8f4f-ffa0eb9b6732,0,0.07822461426258087,0.1293215602636337
3942226,d8f7a15c-532b-4666-9bee-88fd2b7f9584,0,0.3153131604194641,0.1567669361829757
3942226,408f6d02-9476-45b6-89fd-4cdebd7e5cf2,0,0.26927095651626587,0.1623022854328155
3942226,0fb8a5d1-60a2-4d02-b450-9785f84bb6f8,0,0.1721533238887787,0.206541895866394
3942226,a648aa81-c6b4-4150-8d0a-d4f9d4edbc3f,0,0.07928015291690826,0.087928794324398
3942226,48df6fa1-7164-44b1-8d68-df046e21476c,0,0.24012576043605804,0.3095574975013733
3942226,f43e0b47-85b6-4f13-9662-86c629bd624b,1,0.2377990037202835,0.2178359478712082
3942226,baff0f3a-2b7e-4853-91c1-6619a0d758ef,0,0.044785358011722565,0.0998156145215034
3942226,ef1e3e72-a218-4bc4-a0ba-0cdef0d0def3,0,0.1547878384590149,0.0804694592952728
3942227,496ca10b-0974-4a9b-9757-f67f6b5da589,0,0.10141631960868835,0.1450558304786682
3942227,e823f939-ee43-4ca9-a1e9-3faddcc453f5,0,0.15052852034568787,0.0898938775062561
3942227,eeb8cba4-4917-478b-9c03-1ca7e782d252,0,0.26525452733039856,0.1009981408715248
3942227,7eacd1b2-35cb-469c-8756-ab28bc7467a0,0,0.29063811898231506,0.3912939727306366
3942227,c5f38b37-c926-4cc4-b9cd-aa55ff68c006,0,0.14606623351573944,0.1984534412622451
3942227,c4a27b4c-050c-4bb0-ab22-dfb672864c84,0,0.10665252059698105,0.0782380551099777
3942227,cb02a4f5-2f6c-4eed-82e8-a33ad0ea6268,0,0.3330184817314148,0.2861511409282684
3942227,ee44a083-cbc4-4826-a627-35ad96d9859a,0,0.0796646773815155,0.0707579627633094
3942227,7e9f93d3-d0ae-476e-93b5-e2158ad6d487,1,0.21945622563362122,0.2305149286985397
3942227,030fd2a5-e0b4-4abe-b80e-f6075b41d795,0,0.0970350056886673,0.085463747382164
3942227,3facb3ec-3321-4d41-9fce-5bed831bfdaf,0,0.2846415638923645,0.2028261721134185
3942227,8881200c-72c0-4c55-9902-79d5c4433b11,0,0.18569163978099823,0.1677858978509903
3942349,61f3192d-4a3c-46af-a649-1d936b06cde0,1,0.30074188113212585,0.4091736376285553
3942349,a455e45f-9275-4fc6-8de8-6ba46cc96195,0,0.3637889325618744,0.2933928370475769
3942349,a76eb650-557b-4962-a4be-9cd3c8062c22,0,0.11402001976966858,0.0680667161941528
3942382,bb8d2725-0682-44aa-84a7-eeebcac2f3ef,0,0.3738938570022583,0.5167524218559265
3942382,6b1caa0e-ad37-4c50-8005-ebb49a17fe5c,0,0.28796032071113586,0.3954235911369324
3942382,5c9de7ea-e3ca-41a4-8971-7abd129f3a0b,0,0.19018572568893433,0.1821915954351425
3942382,8cfcdf07-6106-495f-aec9-c6f1ac03defc,0,0.08164598047733307,0.1368628889322281
3942382,b4b18f1d-d615-4890-99f4-c8569604bc62,0,0.2865610718727112,0.3827757537364959
3942382,63232790-89f3-426b-97a4-1083a6b8f277,0,0.3925725519657135,0.5867582559585571
3942382,2d83dc4e-2d7e-4b7f-a66c-e9f446cf0199,1,0.23524782061576843,0.1855418086051941
3942382,852276ad-595a-47cf-9c76-67a7c3870991,0,0.044071733951568604,0.1526895761489868
3942382,bef4dc4b-484f-42ca-ada4-4b033a1e75fd,0,0.22633981704711914,0.162420704960823
3942752,86e460f4-76ce-47c1-9f2c-b78283ca5f16,0,0.1863972246646881,0.2134721428155899
3942752,62b44fff-83f2-41a2-b215-d8d9d5a66cd5,0,0.2361583709716797,0.1760819107294082
3942752,020527a2-efe0-4121-b82b-b95a814616dc,0,0.22819219529628754,0.2672629654407501
3942752,d8b081f2-6d72-40fc-b5d9-0ef4196764ad,0,0.11461229622364044,0.3515728414058685
3942752,07a4ae90-f8cc-4fa5-a154-853ae6ce46f2,0,0.3209572732448578,0.211898073554039
3942752,c6e8695b-134c-4193-a66c-b180ece4bb55,1,0.05524083971977234,0.225966528058052
3942752,0ab88e90-f765-426d-bf4c-b7a21f569597,0,0.20340292155742645,0.2914714217185974
3942819,71decc13-a4ae-4a3e-a92c-514487b5a7cb,0,0.24437284469604492,0.2192845344543457
3942819,b81de908-4a35-4f85-a776-2f28cc4550cb,0,0.4024113714694977,0.3271700441837311
3942819,a881898e-6334-40a9-97c3-81eaae624c09,0,0.19275163114070892,0.195186510682106
3942819,e2627570-af7c-4f19-978d-030256fcdb6e,0,0.2644709050655365,0.2170436382293701
3942819,c2c38da0-de11-4031-b03f-0d8f08014946,0,0.05116504058241844,0.0627203807234764
3942819,398047ac-8a8e-486e-8193-715040e0f233,0,0.1366875022649765,0.2669005990028381
3942819,79586a5f-2bcb-4e92-8810-20269807339f,0,0.14068159461021423,0.1448268741369247
3942819,3b688676-04a8-4b8a-a2cd-7e75e53e28ed,0,0.3642991781234741,0.3866795897483825
3943043,303f41e3-3754-436c-af0c-48eb82e116d4,1,0.20959234237670898,0.145462229847908
3943043,96139fb2-efda-4bfe-bfb5-83ad1a3eb509,0,0.34495803713798523,0.4722890853881836
3943043,38403df3-75a7-490a-bc98-bd1b20a74fd4,0,0.08970461785793304,0.0753786116838455
3943043,d4906489-3b0b-4cdd-9f4a-3be0ee122b9f,0,0.21329627931118011,0.3395309448242187
3943043,fe2e280e-921c-402b-bc6b-bc6f65c8fd79,0,0.10588490962982178,0.101743996143341
3943043,ffc8e1cb-8af2-4377-92c3-300ab0b603c2,0,0.17059609293937683,0.1219982281327247
3943043,c03b1e1b-9203-4afa-b026-f8bee12947e8,0,0.20055851340293884,0.1070583313703537
3943043,ee293a76-bfe1-40bc-8fbc-08c1c4fd3766,0,0.10478363186120987,0.1013953164219856
3943043,60317334-c45e-488b-91cc-bb32de938350,0,0.3618395924568176,0.271541029214859
3943043,087dfdad-4e76-41dc-b63b-55d34a9c3554,0,0.3007063865661621,0.173168197274208
3943043,bb717e83-0a26-4ffe-a390-f2e7eb01af09,0,0.0504135936498642,0.1002809926867485
3943043,e72ce8fe-0754-4ea1-9990-2fb5fe55e227,0,0.2787368893623352,0.4272002279758453
3943043,eb9dc193-69a1-4bc8-8237-0cb1d1884251,0,0.10716565698385239,0.1122737079858779
3943043,7d8c980a-3feb-4980-8623-3c1a99105ee0,0,0.2770654559135437,0.258905291557312
