iteration,delta_log_loss_gnn_minus_xgb,delta_brier_gnn_minus_xgb,delta_pr_gnn_minus_xgb,delta_roc_gnn_minus_xgb
1,0.007058069572967285,0.0010754986624768037,-0.020175531648179923,-0.03918489837357908
2,0.0101984268445926,0.002666347951798431,-0.021297709460236958,-0.03393359558797637
3,0.0016039587290202495,-0.0003381560741455847,-0.0006201709162519387,-0.016984255610699384
4,0.012698560641842993,0.0029690389662868355,-0.015286350434471907,-0.03826535044285306
5,0.002893584198910004,5.368386594606367e-05,0.002489892764258761,-0.024470570637185052
6,0.011247308001023915,0.002147227549765235,-0.004169940872313149,-0.04347109368024127
7,0.004972439368266968,-0.00014953677224099904,-0.011632312523396304,-0.02818183771997529
8,0.008178512504336544,0.0020771015244002433,-0.015244496591582446,-0.03254065754065749
9,0.004562169870591104,0.0013590105891039261,-0.023322590156775957,-0.02483090530697185
10,0.0102841615980519,0.0030931478142246505,-0.03126182531420668,-0.029179330429687567
11,0.0016855865055863672,-0.00018123957312507488,-0.004736389119584239,-0.016007041964588797
12,0.013184379650832578,0.0033300512482384026,-0.03355660050125164,-0.0410724467659801
13,0.018101994241414454,0.004914754563312168,-0.030348518771791455,-0.054517545222046104
14,0.0066294101036165065,0.0014774412695935657,-0.0032763999028426194,-0.029238345813937805
15,0.008379819763773888,0.0018894396090990695,-0.013566877394195376,-0.033415298252348014
16,0.003285035231783251,0.0006470320746591873,-0.02224823034868073,-0.021649536260554214
17,0.0074108251878245435,0.0015858115370107895,-0.016291879345202598,-0.03002082295379349
18,0.01003673842299857,0.00250203882530331,-0.03087786945190607,-0.03908221897657016
19,-0.00011949892854079547,-0.0009844110618855428,-0.0064976914494682125,-0.018133391710449476
20,0.013787717268804234,0.0035239716358035633,-0.022516191383347595,-0.03876242862587109
21,0.01736884828759161,0.005548711212688073,-0.04641875746349722,-0.053208483156146014
22,0.00714051868303045,0.002351239467975219,-0.03455893244055652,-0.03303591900053182
23,0.010575460272926995,0.00301779757712467,-0.013789966627380856,-0.03342335390946505
24,0.010193674571791433,0.0025265114274928002,-0.02547971559256962,-0.035536998410732656
25,0.004762814851013819,0.00037690531658837734,-0.0034899341497659497,-0.026729901871027528
26,0.009404443388748351,0.001964893712291832,-0.02106979489221178,-0.029875771306801524
27,0.007635143995197491,0.0006142342949002066,-0.010571073901461336,-0.0386683381362074
28,0.010010669196029776,0.0029241733492444966,-0.03232752962336971,-0.03898889672338657
29,0.009452077275955317,0.003614927944977392,-0.04328746209303863,-0.03823773194224478
30,0.008726424973380387,0.00294340152398051,-0.033065838527260305,-0.03118377785896964
31,0.013591713905500735,0.0032594731356744566,-0.03192223188293092,-0.04976310863149358
32,0.00925392714062806,0.002363490878714153,-0.025542018655601573,-0.04012536038830705
33,0.010562491764330217,0.0028727167411726484,-0.022987184691137252,-0.03266878717798527
34,0.013140376277405053,0.003638716418889326,-0.02998201779784615,-0.03972902850032445
35,0.006567712860006569,0.00217457614981012,-0.03305973629987613,-0.024986786082602852
36,0.006320889115616457,0.0018093716195505816,-0.02144587246185714,-0.03233261108876806
37,0.0029012923066312757,-4.3388530702404005e-05,0.0021385609660757865,-0.02052059193510547
38,0.011184427386156659,0.0028222205770998265,-0.03433225685918917,-0.045081292343262636
39,0.008019017552511665,0.0014339988191231223,-0.013780727617716593,-0.030611804212075655
40,0.014407682515058029,0.0036868476948914153,-0.04114875605494367,-0.04726983711587007
41,0.01415968137775614,0.003886610733154827,-0.03651297860745095,-0.04130771656998666
42,0.01890145763957407,0.005447054552212949,-0.041726076157001135,-0.05035391003049594
43,0.010741424392267218,0.001998236802005754,-0.02303378626569641,-0.046244560599428386
44,0.005160808815135531,0.0007907349912549821,-0.009527055679869001,-0.03279353899473336
45,0.014105313027757083,0.004513678342197819,-0.040618345709609316,-0.039095931692616825
46,0.007914670771421384,0.002119577452389998,-0.031521257705593,-0.02690809020505569
47,0.010629179611822415,0.0019527716156155783,-0.008340416142642249,-0.036190582538877414
48,0.010045275940425702,0.0021899509973053732,-0.028370077994366416,-0.0377337240894573
49,0.012468846620531882,0.0029213710328508946,-0.019019379007338633,-0.04449851745707123
50,0.006226158281768979,0.0018034424053010867,0.0017912247335398201,-0.018920612512424717
51,-0.002077289257320758,-0.0008710117562904518,-0.005279225226769491,-0.016055198792855552
52,0.005147789687795945,0.0012202554008868827,-0.012486595601870265,-0.03220066171868008
53,0.011761272705544723,0.003423965849619154,-0.03668605950700088,-0.041350649990845145
54,-0.0009308064640919378,-0.0009775926752330355,-0.004341067647035957,-0.006650826972863455
55,0.014658291479560659,0.003927364716381221,-0.042711129850673546,-0.04894788633396918
56,0.013302541387977707,0.004061893012463347,-0.03983025495608222,-0.046191710048593015
57,0.0018480767981897683,-0.00027964205872221815,-0.003915759858158674,-0.02376691634171979
58,0.004727750862599356,0.00022587228726503317,-0.007411479468477977,-0.032882431640885
59,0.010187519925017152,0.0017659052475519077,-0.006005652607785961,-0.03269448403243591
60,0.0025212535196397767,-0.00019749673733593376,-0.01721697169061115,-0.01902573895055104
61,0.006781831289640883,0.0015819897390979831,-0.026221783039499347,-0.025708282081955525
62,0.016902233761953322,0.004677113899054064,-0.04203115940612434,-0.053510919684026104
63,0.012072419949356594,0.0025604755931895595,-0.01956250051654701,-0.048357431956286834
64,0.0028490096718912783,-0.0004899722920366778,-0.0011596714144587739,-0.01190399307685841
65,0.0013555266010688571,-0.00041466832007333587,-0.006255068963460619,-0.01654988542217517
66,0.008288295219054553,0.0024176166936243915,-0.026093657428819084,-0.03378812355242411
67,0.017947884164031702,0.005305846993446134,-0.03774685648473902,-0.04947432406979324
68,0.010434087850881735,0.002990978991901594,-0.030998994222128706,-0.037238023952095745
69,0.002856159357891075,0.00043284389179382154,-0.012168261362371646,-0.022835355643145983
70,-0.0007564889502656991,-0.0007231745561884495,-0.006525857900196219,-0.006472321428571459
71,0.013129948383024947,0.003330404360242456,-0.0294814035065612,-0.04685307979443176
72,0.001118634490618109,-0.0013432275860864318,0.015702321849487666,-0.014277127466243322
73,0.01066293893221637,0.0016990377270267865,-0.004402566167226563,-0.030875848103124492
74,0.004393338019075377,0.0008226853703240944,-0.002994855761699111,-0.027528861288794726
75,0.011876284962170525,0.002880985031546379,-0.020926489666055925,-0.03431997356370675
76,0.013993035343628724,0.0026614663465427957,-0.019379444444458938,-0.04877830780190151
77,0.01818298023820686,0.005176678944227964,-0.03620825289169333,-0.04905225020999271
78,0.018222366565082915,0.005091947724788243,-0.03638977408468802,-0.048698725531902465
79,-0.0008719330906269418,-0.00150948829382333,0.008189338034994553,-0.017218063269741513
80,0.0076415891048340345,0.0012911910702974316,-0.021032737902763443,-0.03253810959539527
81,0.005541247291316276,0.0015459527625778235,-0.020632715393121615,-0.024147922381387854
82,0.014630997599391349,0.004926762280226232,-0.04974187507793015,-0.04160454145232273
83,0.008473222949578807,0.002676029423978793,-0.024870756579091047,-0.030143087772522947
84,0.00979946404035792,0.002921800620877102,-0.022878202770234113,-0.036109461289588585
85,0.009619316505130482,0.002330566038568349,-0.0216501702716676,-0.03425920530845439
86,0.015618511574822191,0.0044940137752014775,-0.04334628475212404,-0.050371035065065795
87,0.005108176523528685,0.0005891614654609523,-0.016970943241040204,-0.031276957158177465
88,0.007471622660701449,0.0016976901657901333,-0.01573264219417031,-0.03311297348916897
89,0.010187281646069357,0.0025541877502435473,-0.02089962485297986,-0.04490681935791718
90,0.008073895316569213,0.0025038501379611444,-0.02427144867645542,-0.027409786223277943
91,0.011169159647574922,0.0027830224576084195,-0.028036989137032342,-0.04051436885779125
92,0.012215462048067116,0.0035173496629630763,-0.03518015182984935,-0.04302783604355742
93,0.006589416391978298,0.0009746074194124099,0.00431926165195623,-0.02653226077883608
94,0.0008973751934465701,-0.0005434414315007297,-0.008269492176530113,-0.011524553923890846
95,0.0007140269999661442,-2.1125048971837312e-05,-0.004737805055176569,-0.013118133226123208
96,0.008913117848407037,0.0021177146574023753,-0.02579535671851324,-0.02254893602968211
97,0.014495448788342857,0.0038191860662677435,-0.03809857322228816,-0.04811250865572114
98,0.006468013785088544,0.0011479185922061153,-0.01442363387977913,-0.02863254107409563
99,0.00909794095457711,0.00121628866329343,-0.0022238679354196766,-0.0384362768241977
100,0.013332183366273176,0.0040464908155270485,-0.015855706040841133,-0.04290101526850132
101,0.00022259622163145476,-0.0005383084838901375,-0.011982039780155385,-0.01797350076630244
102,0.0070654499817845995,0.0016370829912871199,-0.01857792807567582,-0.03238621240924511
103,0.0009899035745811746,-0.0010723843381121034,-0.007612587316140396,-0.018134493940945462
104,0.008201578762861872,0.002563532638750282,-0.027422693907817652,-0.03119116827567514
105,0.021094342386596465,0.006377624169759594,-0.043287501549302054,-0.06199475648542241
106,0.004892114372618828,0.0003114050617564479,-0.0013102979957039795,-0.028519147887392515
107,0.0023306973749436244,-7.745656685503866e-05,-0.00540397600656084,-0.020936255377434487
108,0.007564174811197644,0.0012562464784255933,-0.013787806803873814,-0.03261009321761488
109,0.0046742872944343095,8.627225720306275e-05,-0.009393930855927435,-0.02264855780026276
110,0.003931337985421224,0.0009473138781586066,-0.02165479184630914,-0.0156668584922508
111,0.020163744012795193,0.006385628940996979,-0.05179649305254458,-0.05921701556655967
112,0.005398967134521704,0.0007111080576332196,-0.0171629212389246,-0.029930549601303147
113,0.007814877163747236,0.0016571745065329657,-0.02180035996038343,-0.030485839862708253
114,0.005574509575501874,0.0006366036050380608,-0.0141780350614375,-0.02386532679221398
115,0.013083351202798688,0.0037132091674370316,-0.04074716318608629,-0.051411540690454505
116,0.006532526162545793,0.001627018281535969,-0.010269650120598717,-0.024591862939320475
117,0.009988471351657369,0.002355455671161688,-0.019599253451051346,-0.042499594462004575
118,0.004866264768494055,0.001439494216216447,-0.03545736551622247,-0.02536668857912372
119,0.00885086247535083,0.0017234628274023778,-0.01372274656612077,-0.03186198233928483
120,0.011026543522204613,0.0024305553363719867,-0.0241616890297911,-0.04184236188170409
121,0.006294537449125226,0.0017333310240288669,-0.016944443165199108,-0.028798037966462298
122,0.010020170056766364,0.002828217554868062,-0.031588598813122815,-0.036723071025683174
123,0.0107195158237271,0.0027775230328498657,-0.03199271549570598,-0.03841810956200031
124,0.010704841963669942,0.002766422287572512,-0.030315326140032628,-0.041792299935907495
125,0.009038334633053702,0.0025805489234999313,-0.022865939867654006,-0.028866107486797188
126,0.01098780332185001,0.003168450347601187,-0.0200505478793217,-0.03505808301025248
127,0.00976251167076636,0.003060335764343447,-0.028681834023062014,-0.033712148960116206
128,0.006519958883532184,0.0016870792160438297,-0.027806814876509156,-0.02825755499987248
129,0.009384832844493873,0.0022857298310014207,-0.009054555160919742,-0.038392941238523215
130,0.013958210647071145,0.004061229404215438,-0.03711445361751631,-0.036963804529896005
131,0.01621186227730792,0.004142744481933275,-0.029878501961752457,-0.04985547044370586
132,0.008772316991460527,0.0024166891545216174,-0.028310746162769296,-0.03732321457850252
133,0.005054126216353649,0.0006419679508842258,-0.013309762130785274,-0.028307090183752326
134,0.00911357876159602,0.002355564194443327,-0.029921480117126753,-0.03216315334093689
135,0.00914048720307048,0.002666081835532602,-0.024385628690367867,-0.03431910192099874
136,0.005831093463917081,0.0018408560975285704,-0.0203290226828155,-0.03353686075597562
137,0.007932748053725291,0.0012111854586575599,-0.026020175208515905,-0.03599611687305926
138,0.00760628364918281,0.0020320898103496354,-0.02654530993371995,-0.03222481374968866
139,0.005602701326707926,0.0015082959873288782,-0.01946530930535778,-0.022610856269113078
140,0.004325378600390173,0.0004005627616803509,-0.008390705504034313,-0.01701330294330361
141,0.009677899593700912,0.002037230971746129,-0.00010318383319413149,-0.02832709588385962
142,0.01163879930046996,0.003266185018789114,-0.03197333238353639,-0.036677616239909616
143,0.00615796681967784,0.001247087069857794,-0.002994323370139662,-0.024885036125376403
144,0.008538966770811451,0.002284586892725149,-0.024261902782731493,-0.02782782215487778
145,0.009296721954523135,0.0019516060832663884,-0.027960377272924553,-0.03212259768203807
146,0.010402016015272075,0.0026604874309291426,-0.02853063131262329,-0.038745209553926796
147,0.0017970063057842212,-0.0001579304471333587,0.001309515477545209,-0.022909969332529312
148,0.01754273774418913,0.005174846744571027,-0.03598661672396153,-0.05555765979237748
149,0.011027588130428922,0.0024076394727547967,-0.01421141210365362,-0.03931131558054535
150,0.000897125361257356,-0.0015864412985931997,0.004322624763279936,-0.0163801950754362
151,0.010618103776308896,0.002449068901928836,-0.021340899762729293,-0.039622623133324764
152,0.0019536918930720404,-0.00018754381591484792,-0.0046785866581272595,-0.0194573001910483
153,0.012234359975542008,0.0030655870313250067,-0.020949382753489454,-0.0437194009219074
154,0.008341450934302386,0.002134048743248157,-0.024925247832392028,-0.03263034908253415
155,0.012812644451540178,0.0029083991251755703,-0.02704438768314049,-0.037818113663985464
156,0.013379492838200835,0.0040114462235191495,-0.046529869250783396,-0.043599374021909165
157,0.012254679666373003,0.0035581090684173866,-0.04320917218456455,-0.04779214787474695
158,0.011265891510405357,0.0031744628875302883,-0.02889035037225751,-0.03891175984494488
159,0.014091123622853474,0.004442474831197751,-0.03417266450366341,-0.049189371936133375
160,0.00798963324520574,0.0014393113625552068,-0.002196460069347761,-0.032712301278391864
161,0.010467837422907467,0.003008644454083692,-0.028798747638351774,-0.045874844333748444
162,0.010961695168124008,0.0024304960920293883,-0.02620215304592055,-0.04209249591309405
163,0.005773413603596067,0.0004227421030138512,-0.01580778623243928,-0.03532272775155243
164,0.00032104006596433976,0.00011744070460331657,-0.0016034206245549298,-0.016271953112650506
165,0.011960136652390818,0.002402805206120018,-0.01868897967631561,-0.040389817070478395
166,0.013926045464108028,0.0036647377541801363,-0.03023204221153869,-0.042288904040412634
167,0.013588978627468884,0.003642578847555117,-0.024497252416223414,-0.04231444956409325
168,0.0024719784962912716,0.00022211534121238663,-0.01588232894802738,-0.018563952387481764
169,0.007575988583242321,0.0017990414151015377,-0.01617475924680911,-0.031330276139995616
170,-0.003238304868386277,-0.0012972024741594035,-0.0012915547762643587,-0.0053805544036493735
171,0.01749985991960229,0.004380516203440821,-0.034269375172063576,-0.06091783229022263
172,0.012862145602428321,0.0031588345015745867,-0.03208612301268332,-0.05131763801700562
173,0.009639563312177857,0.0019036091089541796,-0.02226950390085336,-0.030945017182130607
174,0.008365750938309602,0.0018323788501027616,-0.007278401688950054,-0.042016571135844005
175,0.00499180888328371,0.0007470797152485942,-0.010213267256429792,-0.019955594241977126
176,0.016024713817652858,0.004760381447264539,-0.050223007995797264,-0.053706032658601854
177,0.013098532565065324,0.004183566080596779,-0.04766644762663114,-0.034711580484728444
178,0.005935979200481167,0.0003656240873591843,-0.005768955275582743,-0.025554550363622308
179,0.004205268846470656,0.00046821960266293927,-0.014008591844576535,-0.02023920909369825
180,0.006254662982926762,0.0021195646894982545,-0.0382373864634748,-0.03207589285714285
181,0.007292977508654652,0.0021185802600055814,-0.03651006609823093,-0.033802030197334854
182,0.022624423755132295,0.006646510759022117,-0.04664211998652368,-0.06405710599278036
183,0.005847790053044588,0.000630832667693676,0.005868633978467319,-0.019489629134725295
184,0.005762919749168982,0.0008519623893798178,-0.020001990360700883,-0.025965964886145887
185,0.002099434589055038,-0.0001297599170859698,-0.023953523402376553,-0.02856614246068445
186,0.009890036289748605,0.0022662102930799677,-0.018781632934379733,-0.04095113588712662
187,0.0023927465678835746,0.0007412243172409683,-0.014514337691531709,-0.023512904855307215
188,0.005968552608966393,0.0010555058891180968,-0.010794446568823612,-0.036065734288558526
189,0.011510689072912916,0.0031795717041414873,-0.03971070681910288,-0.040532703509644885
190,0.00461380521346777,0.0002452244564476458,-0.013190489539495254,-0.031347976772475805
191,0.009805562611336582,0.0033027943648532843,-0.03001207829224095,-0.03750718162788924
192,0.00464196577154774,0.00011486263851853695,-0.008731569449445531,-0.03032970550576175
193,-0.001392455575623952,-0.000663205053144128,-0.006645161077447559,-0.010331447932890647
194,0.011101324947816515,0.0024181199628878214,-0.015076806194123715,-0.03677091757162665
195,0.010433226240821436,0.003093363036024782,-0.03115684957972298,-0.03316171186641248
196,0.014027958677356178,0.004720333266032051,-0.04771479869379963,-0.05059181776258481
197,0.013974956764871815,0.003783406734636896,-0.026615091784841283,-0.05075603299053055
198,0.007739008616639342,0.001366630725812501,-0.023407750434671026,-0.024943052391799503
199,0.011500303782106924,0.003277436994509275,-0.03833289151801289,-0.04063347213906576
200,0.009002532077069136,0.0020717875711065425,-0.022735340571457985,-0.03347670230571709
201,0.005749491217970415,0.001384030445178458,-0.020362512537565047,-0.025067360914743264
202,0.010700556623771174,0.002627646159835184,-0.030591235814313555,-0.037570393968922144
203,0.015840175477977336,0.004733681599246753,-0.04012134163792569,-0.04839578454332549
204,0.014684018152710254,0.004564172445132991,-0.03377878203784057,-0.04216741182882999
205,0.006577176726954348,0.0019905753731961906,-0.02554075200249739,-0.027103003010686688
206,0.0004989741690547556,-0.0002858876584132808,-0.02581807963161875,-0.013482679435188438
207,0.004335522140527348,0.0003382920891944752,-0.009114509031160456,-0.026420969784074155
208,0.012847563330821321,0.00433469125280142,-0.032673206012950984,-0.04090953546881437
209,0.005223876367440705,0.000868287899265352,-0.010722908684630827,-0.026437738521188248
210,0.0038590170843118,0.0008444848152811824,-0.01672580890694092,-0.02854876738726919
211,0.001091737741689136,7.456550286738528e-05,-0.002460157387348949,-0.016008983471671234
212,0.0018520975785336624,0.0012535807862672221,-0.019098312252853245,-0.024724257724581533
213,0.010310574805693529,0.0018894518355292433,-0.013349318256157594,-0.03584834976403639
214,0.010517223286698352,0.002906288221836223,-0.03567810477192568,-0.04185076889755257
215,0.0014718150284110942,0.0011186134767847689,-0.019364234024051852,-0.018199360935854503
216,0.011334759427406582,0.0027040732083795094,-0.02183541288104568,-0.032829401441911155
217,0.013361159521667942,0.0035597147228145776,-0.03152563393678576,-0.04447585175061208
218,0.005055888275695863,0.000431427443043475,-0.017589157588331572,-0.021244057392114102
219,0.008912689506481941,0.0015071920366661329,-0.02087335145130964,-0.03528396447115656
220,0.009524800679149292,0.0009734809984744686,0.0016405133777005476,-0.034543612644462374
221,0.012275855978019057,0.003494555747179995,-0.029976031966429117,-0.04439744441748683
222,0.011038009380532454,0.0032832018341604763,-0.037128140683116984,-0.040440113466753025
223,0.006772556739514768,0.0011498779597552133,-0.015348582110242981,-0.03272153858850324
224,0.007224513473064187,0.001316959836131365,-0.01905245868811639,-0.03230007963152692
225,0.0036403576097857604,0.0009106913124195537,-0.020985761528490132,-0.02406314048105085
226,0.007024421616967369,0.0013171439339605129,-0.0186086992750204,-0.033306079444325176
227,0.00894283036884802,0.0027689771298766153,-0.03681674959798603,-0.02486191774327362
228,0.003778098582972511,0.00017468812066148698,-0.00868356660770142,-0.021621824083900343
229,0.013915700496910766,0.003610124109660634,-0.031522584444235835,-0.04506957857843441
230,-0.0003225315163586373,-0.00014267420868105396,-0.005658502362997919,-0.014860110373488666
231,0.008292321365564348,0.0020949536458949314,-0.025775095945787974,-0.03247915593032136
232,0.008595407490716744,0.0027258188711139497,-0.03806263331829196,-0.030401752423564465
233,0.009112637206614038,0.002339853460128133,-0.018134178626653008,-0.034828044982570416
234,0.018471755717544447,0.005419022403742257,-0.02637266140702904,-0.058184469240574854
235,0.0049486388396459136,0.0014648006832324312,-0.019174480664351456,-0.030669939755816333
236,0.01142729480550253,0.0024266606774938637,-0.01954336417533109,-0.03539815855932238
237,0.0034077821866180247,0.0009683374565573888,-0.019883829103030604,-0.02121503930000468
238,0.010172474038698032,0.0019646090143598527,-0.016849307740118558,-0.036177452177452274
239,0.019195195454343394,0.005512978457487661,-0.048349950026871646,-0.05411916812512818
240,0.004233905172408958,0.0005973076858732385,-0.007330632336903731,-0.021569060261920625
241,0.0030982580185157094,4.277048960982244e-05,-0.005155252593794291,-0.02086697086697087
242,0.015518570651638086,0.0038198355390065275,-0.030077159944388643,-0.04165022598464729
243,0.0004938760862728264,-0.0005681455075436381,0.0014884767888086459,-0.012720891071030027
244,0.0047943302299860435,0.0004885007377326833,-0.007739024436579256,-0.01926997759522031
245,0.01586378578037928,0.0048549546082261585,-0.0500491228779566,-0.04904364343139844
246,0.002011096081221464,-0.00033091761754158733,-0.0032223499531711663,-0.026577906383548178
247,0.004552590818105551,0.0007375197042338855,-0.01071165211388142,-0.019425152518677602
248,0.011508396749991046,0.0017791507030884834,-0.016712803400189408,-0.04874953427719819
249,0.011125930773037973,0.002854746093712196,-0.03393325066081926,-0.03500797163911151
250,0.0070361489433994895,0.0015909795963827411,-0.01824053744452031,-0.029161204862500623
251,0.0017651145720638528,-0.00032454725715547195,-0.010075272399924007,-0.022519708175320785
252,-0.0037596485773041532,-0.0012250330282572996,-0.008687711453732427,-0.0012144567346696888
253,0.008307589670819793,0.002128033943079949,-0.0274666786478745,-0.03200889424736775
254,0.011155561871837083,0.002032208079227077,-0.019403172822796244,-0.04222405945523078
255,0.011508394727276494,0.002415739033834935,-0.015256991590805069,-0.03008680133041297
256,0.0047217212137988795,0.001039133272255216,-0.023762182920801733,-0.02870358680862406
257,0.0016285226135671627,-0.0006719164678047063,-0.01386710530880364,-0.020817152805749806
258,0.0017243172744648705,0.0006773640784482893,-0.028594783225212972,-0.021199728911001303
259,0.008140084850101204,0.0020123104873995268,-0.03035611562546986,-0.029553726992012974
260,0.00435586558589518,0.0007553465448690566,-0.011861688825981154,-0.0247458085800073
261,0.009344051277849819,0.0020025141622656284,-0.021121153698319406,-0.04178049841315157
262,0.011388209604223043,0.003391659535131264,-0.029742542313618725,-0.04354119240435872
263,0.011362437072334475,0.0028843093442928736,-0.01983790456984158,-0.03450522618153362
264,0.007875349738767023,0.0018343118407890546,-0.022347365158393306,-0.028207235758430316
265,0.014790432882963889,0.004426746326114839,-0.03954713371427593,-0.04976023723894263
266,0.011598918175837913,0.002996102540784723,-0.028890283926669647,-0.04025863162773757
267,0.0026911288308292813,-0.0006397598546785122,-0.004568510937300929,-0.0192388928198034
268,0.0009080838798352087,-0.00019641763959923897,-0.0014629728165408418,-0.018945190421794544
269,0.007402429891166962,0.0017614409816263388,-0.024480280437170654,-0.029250012279279813
270,0.015428664119711888,0.004305727080547939,-0.030336269635455215,-0.05363391560795017
271,0.008975079729645064,0.0027499424738428035,-0.02324121054582501,-0.03288622613919756
272,0.020000316627727832,0.0070146379543419846,-0.055549932084782594,-0.06258016597783311
273,0.011540714854190837,0.004096487427053569,-0.030595763516984065,-0.0326895191950628
274,0.014477826647309122,0.003971289231742864,-0.0272382581879696,-0.04294944338767015
275,0.013411470856764973,0.00399182309260937,-0.05553126154543908,-0.04265381568523907
276,0.008888946187982971,0.002182969093824122,-0.028036405630093575,-0.027511685788866647
277,0.010563177166696303,0.002892899264459653,-0.023228694866767596,-0.03291376738147578
278,0.007232629859395101,0.0018593687933782244,-0.009244657035148485,-0.021909057273591714
279,0.009830543937067948,0.0025884529404216206,-0.022242410817536307,-0.034720457302654495
280,0.00337871368413295,0.0004463188712336419,-0.01415496964283014,-0.02713673422528695
281,0.004511961598036962,0.0009646781764243162,-0.01948805628895267,-0.019254855149732575
282,0.007618180787108408,0.0027221428344549603,-0.043357051208426034,-0.030983807026465637
283,0.013797318525215485,0.0031185860703617785,-0.02430938191148785,-0.03861566189425081
284,0.007613717408937959,0.0009877920379345317,-0.006834798807817732,-0.037979033762987724
285,0.0062613670772209695,0.0009599353718242332,-0.015304019795628176,-0.023700252915446307
286,0.021152478111872264,0.006245041262205014,-0.05918812994327638,-0.06404064155155853
287,0.008279649058822836,0.0017002404584836317,-0.01400417616165539,-0.030988709591521557
288,0.0036975569868833436,0.0011867310540858156,-0.020209207289109243,-0.025339083858877287
289,0.00659684770096397,0.0016583118038115685,-0.021472976134052746,-0.026380795256026657
290,0.010449312791685872,0.0022058858297114847,-0.0103093712706257,-0.04019799966563431
291,0.013052283816801458,0.0038386006709849596,-0.041941698449320663,-0.044522794550680755
292,0.0046045435935205825,0.0010269571603638006,-0.004823490049307877,-0.02134588149298733
293,0.009492865487190305,0.002485255856031071,-0.012410886438776081,-0.03752997026760729
294,0.0024204193563235332,0.00030954955892434355,-0.02084702366631036,-0.024487609619983974
295,0.0038097511404983075,0.00011129189624983771,0.004576128159191728,-0.02179323867618066
296,0.009378554388451643,0.0023413025606333626,-0.02308827296705601,-0.03213520666328262
297,0.011114096834170861,0.0030117569875613426,-0.027236492622385033,-0.03735024878025217
298,0.014327753837132251,0.004906499913932605,-0.03379262775216152,-0.04968345195955293
299,0.013121122036047428,0.0037136469292349816,-0.03946723560891574,-0.043446938666293344
300,0.01102592215047915,0.0029857972507683628,-0.022893534851338215,-0.03547059159723642
301,0.011688077012139586,0.0034462682997617455,-0.0349510035658715,-0.03948692847371271
302,0.012180280227855111,0.0032222314703140853,-0.03517247573467602,-0.040843308778391596
303,0.0015848343039677193,0.0005025833401169633,-0.024678210003796497,-0.018652812601038238
304,0.011786938675198144,0.0030713282325999236,-0.032464731113542256,-0.04541812674989876
305,0.0007861935738029402,-0.000758864311917018,0.001177791288279384,-0.017324198521446066
306,0.023046198615342572,0.007628318297524889,-0.061562892297952754,-0.0630826280958191
307,0.004142634278370028,0.0018515795964340054,-0.02393521852121555,-0.01881774583452478
308,0.007414952293278598,0.0013019003581072608,-0.020823688216105918,-0.025786815179380862
309,0.008580541725165758,0.0012101037583784058,-0.008381272601483969,-0.039952895370362285
310,0.005100167844268089,0.0007330871762525892,-0.020439900586878723,-0.029874937646447552
311,0.006764009590187248,0.0018596510715583325,-0.031062331873427496,-0.02924861321230454
312,0.006269711326564231,0.00139935374115141,-0.025053123257234522,-0.02446277239709449
313,0.016321128203728386,0.005052926428086413,-0.04672753560157955,-0.049429172942626276
314,0.006850927688202113,0.0012239571559798101,-0.012898066915737083,-0.02901953433401061
315,0.004861224971206002,-0.0004766190947152471,-0.0023386611215621134,-0.031766395600239195
316,0.00102082720686536,-0.001075636245295053,-0.0054447299110963465,-0.022055072909666573
317,0.006091129745566137,0.0018883570669089578,-0.027624690690277287,-0.02414388301770054
318,0.006187133572035708,0.0021490475233672535,-0.02154896815912105,-0.02757906264810228
319,0.005071242267878695,0.0002780726936871536,-0.007875502618068686,-0.02596429997907812
320,0.0019969860471870104,0.0008340506880274434,-0.02074701117355482,-0.02418937404557009
321,0.008511504795121971,0.0013174887060145024,-0.005840250688465942,-0.024714499125620404
322,0.005805780017048789,0.0016361046216176178,-0.013566548010548463,-0.023858397715080804
323,0.005303850447974989,0.0006622214912653246,-0.018619629994025888,-0.029180352512307883
324,0.009417830196028598,0.0022830828373203993,-0.026666565508745244,-0.04321611113538071
325,0.0026222114518792417,0.00016573111312895294,-0.007489125290578436,-0.024765646539840147
326,0.014943895783929628,0.004502681186023733,-0.048042884641997574,-0.04716929351261079
327,0.005899036350684728,0.0007318523557766077,-0.012118434923483967,-0.026751308157222264
328,0.013443713503053734,0.004554499606006679,-0.0490416403332915,-0.04897008670882219
329,0.0037918891895902807,0.0010799285957168725,-0.020136370266023884,-0.02267311530784577
330,0.009853374941658388,0.002654361925920834,-0.03255607350731465,-0.03704216570025065
331,0.017133479905598548,0.00483651347640679,-0.03463984438163653,-0.04492301483826899
332,0.011255862445320286,0.002978531940134782,-0.03554854434181215,-0.03485239659606143
333,0.0077428906833179045,0.0011037249369462432,-0.006304779936006977,-0.02991976129883467
334,0.009651080200998696,0.0025992016988347633,-0.017597976324601527,-0.0420154919654635
335,9.13330343307317e-05,-0.0006509410777819358,-0.01522701964499995,-0.015612170794243596
336,0.007993752354090888,0.0015803965880483162,-0.013448434135413523,-0.03873459978291294
337,0.008885244539681758,0.0017781089498194735,-0.019233388297776766,-0.03069062774532627
338,0.0052369019729902044,0.0010156283736741933,0.0004028979055573645,-0.029657438977856
339,0.003926919803337814,0.00016752348201892753,-0.011425867925104083,-0.026619699869250946
340,0.010045461011163659,0.002815369685759933,-0.032161913397045216,-0.03254885361171622
341,0.01251412050750289,0.0029570827500709496,-0.019255887654984594,-0.03911727888449523
342,0.001532276751873951,-0.0004823055071805915,0.003965590307348055,-0.019689761196926114
343,0.014096754991842486,0.004439327437072316,-0.044997253927271774,-0.04607139337252297
344,0.007752274629789779,0.0019312776337820636,-0.014286777543001283,-0.021655488314667015
345,0.008262113266477245,0.0013417874909555372,-0.022095937337474114,-0.03772045840893534
346,0.002679815151788778,0.0006357243252755884,-0.008571743523645037,-0.0196775981844326
347,0.006578668511845465,0.0011200103788081561,-0.013192734366701875,-0.0327738687662249
348,0.010129131971312932,0.0032962757734479875,-0.028237376837699057,-0.03996796738497388
349,0.008399281388818292,0.0024384578456372596,-0.01823095521662138,-0.03443770903010024
350,0.008601366723343218,0.0010301731554336613,-0.0025391169421654647,-0.031369400201833986
351,0.012565117940526394,0.003423376353101526,-0.030115417058654836,-0.040569720193570746
352,0.005523313259824969,0.0008038347744861452,-0.01338895706889065,-0.024191480017567102
353,0.008386616650640444,0.001986944102141147,-0.025620407792331157,-0.04247198584547973
354,0.011961121580642664,0.002166547655193446,-0.010599385574290798,-0.036992761992762024
355,0.012936720969836002,0.004273760337072663,-0.02319708081320554,-0.03467595754935959
356,0.00883812087061886,0.002402513748171159,-0.0219935976255054,-0.025824109759981284
357,0.01055931715681685,0.002684299405350088,-0.035132064898324156,-0.039905471060413866
358,0.020524091131522926,0.0057056041386880085,-0.040982204247836496,-0.061875940640525595
359,0.004921644506141631,0.0020857532542656043,-0.022671261167801826,-0.031036124249529062
360,0.015125503318437095,0.004092535176012796,-0.03138565480867589,-0.06055467231937817
361,0.006934777057175656,0.0014698647495488548,-0.010478203806316921,-0.02831398374499905
362,0.017478560607378346,0.004834499116437352,-0.043193722849777016,-0.04684672494204045
363,0.006195361974368319,0.0011743731472904917,-0.011832339045810103,-0.02909845452983717
364,-0.00767437970447904,-0.0032894879556287504,0.01391711820425623,0.010155117814395487
365,0.01340879764534919,0.004524989653482053,-0.04068502518179934,-0.04501395975738898
366,0.0065451370705427725,0.0012413033733259804,-0.012837148407177368,-0.02568191156484101
367,0.01163908577197581,0.0036164891504523455,-0.04285759363654479,-0.0434096619392943
368,0.017089760892454897,0.004902268528501036,-0.04608525733236146,-0.04602090165291994
369,0.010333220444867286,0.002881246449398578,-0.030864476323709256,-0.04015983768804432
370,0.00851799066520953,0.0014322135041291706,-0.013373488354726237,-0.02988676282040159
371,0.004447517088472797,0.00023881155807023435,-0.005738399801665683,-0.02899390305286642
372,0.013767203105406411,0.004070772833121544,-0.039664283651278276,-0.04382296253618123
373,0.0068639607484031195,0.0020467117112920874,-0.022894826195978157,-0.021119490181674028
374,0.008489420429240724,0.0017309471340703486,-0.02101143529810301,-0.03831857853514309
375,0.006738438152541382,0.0025099815495221445,-0.04339362090309251,-0.026482954026140204
376,0.009150351084832531,0.0022908441755472297,-0.026299216967189565,-0.03195870364695064
377,0.007513597920760617,0.0016120659058670161,-0.024321129428990895,-0.036556235963130845
378,0.010292844276433344,0.002630821196526245,-0.007198977130955353,-0.029838343045739846
379,0.006867343232558498,0.002661155086742445,-0.028085697391073583,-0.03502898485597439
380,0.011543510919543254,0.0023690557546485747,-0.018603531410398277,-0.04330703909651279
381,0.008862701352257751,0.0012989477287705942,-0.009405453834872124,-0.035538158367379946
382,0.014423270360927443,0.0032295490845980768,-0.034073969976168406,-0.05334968303643084
383,0.011874205150908979,0.0029177088792707306,-0.022041911495447097,-0.03698755112944396
384,0.015233600819745896,0.004676350963423309,-0.04457287103496671,-0.04546252629575287
385,0.005192900416338575,0.0018006736180527227,-0.01753441621865187,-0.027942099227557082
386,0.01845493181779967,0.00577648439743883,-0.045862335723982295,-0.051768231005591914
387,0.007778002816475227,0.0013191253690917615,-0.01792505438847941,-0.02818186154102975
388,0.00917148640379406,0.001998072186556954,-0.01845771159342452,-0.025425396972033276
389,0.020789363371772285,0.005693437866203244,-0.03970397872470721,-0.05418858855284969
390,0.00982046416121457,0.0022917852257607063,-0.015358307291769513,-0.04079140287983185
391,0.00797535078748568,0.0021854197743507997,-0.020771596909091472,-0.03220692297387351
392,0.004305773470314189,2.3378675026192175e-05,-0.004846696274167173,-0.026887661141804742
393,0.0056671870312644534,0.0010415565686081318,-0.02247939053985265,-0.028872288518637657
394,0.004113055565693913,0.00027266718218096897,-0.018808034624701486,-0.02641366567294967
395,0.0013796316409011578,-0.0003492626744034111,-0.010827726063873111,-0.016696951579309283
396,0.02092169452532533,0.00625731387977127,-0.05806655360490798,-0.06436046630326053
397,0.003915043064150914,0.0006081749285392901,-0.014503526678324219,-0.022742620206102626
398,0.003629242514108788,0.0001689145817917459,-0.009244243772601857,-0.029371034595052747
399,0.00882319521586361,0.0023750426172173544,-0.02580695487786655,-0.02488117472589524
400,0.014334788318340064,0.004136012835112057,-0.03398455964662528,-0.04214762905058711
401,0.0057852789265936955,0.000606615959142992,-0.004580670712472867,-0.020051680099522295
402,-0.000309472645539266,-0.0012818139816728746,0.007890773192599676,-0.00900350643280512
403,0.006695323076063908,0.0016282703739986526,-0.022371411439293054,-0.02846915947587092
404,0.008758879888411508,0.0020683956310060536,-0.01336313582101134,-0.03982250578494706
405,-0.0064872790796639546,-0.0019839841906315048,0.008920981318096266,-0.00194138276553113
406,0.012612770524331629,0.0032320446310490913,-0.027033503986054086,-0.041561254691866334
407,0.005077926649526998,0.0004722932442773886,-0.010827145142667083,-0.019987268504874534
408,0.011865242201882342,0.004091003256102843,-0.043652548727613816,-0.040792249115155
409,0.008049763948045019,0.0023229220202304612,-0.004731605473051348,-0.02375997557891074
410,0.01017529684315388,0.0024060047320364764,-0.016307562182144242,-0.03594523898160096
411,0.013311447582768199,0.0033743082616725373,-0.03231274627701941,-0.0532674234636219
412,0.01088161668570592,0.0023519797128124798,-0.019019033237426985,-0.03823183843965039
413,0.0013327918781033121,0.00031532394825792287,-0.0062408419288628725,-0.020536689764580784
414,0.021184646817553276,0.007334167693864718,-0.05553885903794542,-0.06050419581700461
415,0.011444413408867038,0.002860802096570969,-0.0204202137282678,-0.041375240273315295
416,0.008028745888691236,0.001642653797564786,-0.027932431162878024,-0.031001205234159834
417,0.013373735575910484,0.0033816262218772375,-0.03937196679868746,-0.05238024342725589
418,0.0147708254387659,0.004510364686751284,-0.04730644721664634,-0.056352181981358385
419,0.009200174724353971,0.002582646506961467,-0.03258236360770739,-0.03497727963747388
420,0.008559249409423542,0.0027980512002388214,-0.030262736013455194,-0.026232529031360752
421,0.0016316590626154204,0.0004607584435612211,-0.021690151195340124,-0.018709367183369685
422,0.00868366100595841,0.0018439193994778391,-0.02312004498669329,-0.038347190136533094
423,0.009493175041721647,0.0025570648496909543,-0.021334374563159786,-0.03809660437071527
424,0.003627666966736942,0.0009919004132472875,-0.005498974092157161,-0.01512204890101665
425,0.011293885657789882,0.002512182163454474,-0.014046468742369256,-0.04688515806394
426,0.0037714905913488472,-0.0004402392100338881,0.00200651280793962,-0.019062620988326784
427,0.019808690225435632,0.004934247106873596,-0.039214386966011205,-0.06809314434093583
428,0.009295639913138087,0.002322737017058374,-0.031722570064609934,-0.03541712807003228
429,0.005363272586509482,0.0007906071550113636,-0.014267281094732742,-0.026066563341218707
430,0.01340395238440989,0.0030127185593536443,-0.01814678436923367,-0.05794146105244169
431,0.008501453606770182,0.0026269917240396012,-0.025578200684623686,-0.03055966266907617
432,0.011810578559378837,0.003667982530340702,-0.0319056712608764,-0.03789935610876438
433,0.007517048989941544,0.0018127305358897894,-0.023009395190496662,-0.031677568913677234
434,0.013326194334837949,0.0033232577548374664,-0.025776952535688236,-0.04235464857226523
435,0.01272870755730282,0.0038205842547776314,-0.02642638862393376,-0.034647790240933785
436,0.010422421549632799,0.001732764609889137,-0.025351255188725885,-0.0349290770099252
437,0.012290190334286966,0.003874124723376393,-0.03651439663875433,-0.042302425665101784
438,0.0013346135590911468,-0.0005177052981963082,-0.018291287400440615,-0.022399139287034076
439,0.005357203793885934,0.000956829164431322,-0.011134839287773424,-0.01785536337105842
440,0.00673381425623415,0.0015322028910933205,-0.015888062028475924,-0.031901338072476415
441,0.008885142432813575,0.0014777560219427777,-0.00881100518641631,-0.03172955879325423
442,0.008957559596010967,0.0018543925280631035,-0.030780358881358327,-0.03585502384609174
443,0.008967140643550586,0.002164469997247037,-0.024265944334662726,-0.025839365021817717
444,0.015142254624240237,0.0031589006429883215,-0.017881805460603084,-0.036964661109628816
445,0.0186413853374382,0.005180151263038196,-0.04826253090293964,-0.053234058439680654
446,0.003541338499729152,0.0007275865283439542,-0.009196270089308622,-0.017111628958066394
447,0.005469600169507927,0.0008480448508979832,-0.007709670728740015,-0.026667089070992134
448,0.006819677295504478,0.0016922844347066202,-0.025249108484923843,-0.033198064501874236
449,0.016230939141873846,0.0044088157991771515,-0.041423399322332244,-0.051378079864061066
450,0.004206659160582993,0.000591232662332658,-0.0035775674494509246,-0.020914150784280605
451,0.012938100150722609,0.0028815621076512254,-0.02242054663111359,-0.05144874704816926
452,0.010240916987375004,0.002098250984341077,-0.014437352875267151,-0.03788933287464613
453,0.01238735534795421,0.003710769746487791,-0.04074836936650861,-0.04233779413788352
454,0.0017253776903402573,-0.00048108294047960465,-0.002747215599156916,-0.01457136721266672
455,0.015257561158105615,0.003971790284891197,-0.03372971027648369,-0.04139501923466293
456,0.01573233911685068,0.004269913131522057,-0.03210754513370534,-0.053029552722358875
457,0.005909160790036894,0.001564338495031542,-0.01812233366955851,-0.028004038783171148
458,0.01082785171183498,0.002497749214880246,-0.0031122837922717417,-0.03386309463536319
459,0.01045640939677156,0.001895231354628435,-0.01136119520345763,-0.04418919503706131
460,0.012801548395016571,0.0031830473865671893,-0.029896988349728537,-0.03438807686380496
461,0.005965912440448196,0.0010801684559221814,-0.015500085470709635,-0.025408262573772933
462,0.010812194694051591,0.0030159485721778234,-0.022512252090871487,-0.03255427166219127
463,0.006217684522456524,0.0013079784079318424,-0.02303212921885739,-0.0331687194980248
464,0.009089688634455362,0.0026936129824505772,-0.0236550474294005,-0.030394201831610457
465,0.014340159101218886,0.002981379708845433,-0.021891880708619138,-0.04883204139583075
466,0.0069596269145584255,0.002482966087566263,-0.03559121078404459,-0.032156476050475113
467,0.006205791346926559,0.0012547494531285341,-0.014905835626936259,-0.036014740721242444
468,0.0010010335972784334,-0.00024723189745681773,0.007032126539576133,-0.019037852181936543
469,0.009845678121185308,0.002772131338615924,-0.03462105332879406,-0.04509252036951761
470,0.015091965604808522,0.004153676856225197,-0.03652814634762641,-0.048618406874629594
471,0.015129839612698426,0.004195343147888636,-0.028890963660565705,-0.04509554946830363
472,0.014513794737270436,0.003500914449674375,-0.024016268483982084,-0.04507118805280608
473,0.006694295226154168,0.0010605770360840316,-0.018482472552658336,-0.027890929933289677
474,0.012376441324866705,0.0031329879686733397,-0.024205947050922272,-0.03859291568516088
475,0.012558512188843296,0.0024928991998816596,-0.02103247256559676,-0.048259813502524174
476,0.004621007717569903,0.0006549702929136147,0.0029260057391797822,-0.025721647776231205
477,0.009020294441269505,0.002795423378585682,-0.01981439389976608,-0.039537856835631935
478,0.012857566666481635,0.002715546146835335,-0.03250265946254022,-0.039356545459888315
479,0.004192272033491928,0.001654650356382792,-0.03221792646844868,-0.019768041783576384
480,0.007951190723651913,0.0025169843805510905,-0.018730048219360973,-0.02873426632669651
481,0.016424038134923324,0.004232155160446449,-0.030484673644488813,-0.05307823018103386
482,0.0109560615987781,0.0030571278402970747,-0.02859993220932,-0.03013863773357439
483,0.010104167187203639,0.0029764108452783045,-0.027485864297522145,-0.03509067640540631
484,0.0020202814920338152,-0.0008364087013443267,0.009130330092068262,-0.019597511116902666
485,0.007982500698420658,0.001225332017534414,-0.008290329485295844,-0.02798546577725003
486,0.000746716115382906,0.0005451630701253929,-0.020079075813696667,-0.013187388776648712
487,0.009178593338200036,0.002192068699243349,-0.0294139690909741,-0.032426209376781756
488,0.0030265405498429154,0.0009565263374372024,-0.01709655590608644,-0.023763947184447964
489,0.004959894682745047,6.875455002414155e-06,0.009091971490528095,-0.030377618435535547
490,0.011563591543304219,0.003191319953134153,-0.024246582976045372,-0.04509839755146272
491,0.01416566954016879,0.003942683221781512,-0.03677374817082879,-0.043301059680370124
492,0.014970914549716552,0.003811742040688182,-0.03619249008474923,-0.05507245214951395
493,0.01086433474213988,0.0025864222212108046,-0.019550155410761882,-0.046541930473984694
494,0.009925256610347266,0.0023535349194354904,-0.01132224144141969,-0.03213881706528765
495,0.0041112189899850105,1.3441320057955286e-05,-0.00017076672413585126,-0.028535377875136825
496,0.006384929673247441,0.0009492203024786539,-0.016270934681036298,-0.02973731888403297
497,0.00880625132964119,0.002299624076090634,-0.017398132432693003,-0.030276023371732186
498,0.005904585191918166,0.00029974623289882874,-0.0025906828685232086,-0.02978341510111282
499,0.004324670654243912,0.0014547910545634757,-0.033621210258144685,-0.02569150784787977
500,0.0025993281187887685,0.0005923232389802857,-0.02074952000003627,-0.0186043591335886
501,0.004539198363006092,-0.0005778598180807004,-0.02002467891766402,-0.037527729689384115
502,0.009172524224845047,0.0026478999121937463,-0.01742782859673342,-0.030555555555555558
503,0.011079232624610247,0.002311966123462156,-0.020584271516440544,-0.03932946030459661
504,0.003645787522156496,5.3625077082924966e-05,-0.009761134118511983,-0.03078652722368358
505,0.003485261499787118,-2.690796748455737e-05,0.006327305840652997,-0.018464091780667435
506,0.003568591141192512,-0.00021385814507521306,0.0013136547469554394,-0.023689632858797105
507,0.000496673299642092,-0.0003739286551915355,-0.008351034246671274,-0.019807466058072265
508,0.008243566204210073,0.002286250811826096,-0.022243296483537234,-0.03565739534550194
509,0.011728856448980918,0.002872250846798402,-0.028427983825195624,-0.04979655512170211
510,0.002965745858900859,5.705172753875387e-05,-0.004109029382097118,-0.022456929391236002
511,0.0048762512390417845,-0.00014019362034695115,0.004518681278443737,-0.0239256678281069
512,0.004148575711296898,0.00026255778983613753,-0.005659431411092597,-0.028054510544637146
513,0.011550734718454803,0.002222477979809928,-0.01885370733686248,-0.03675633786480226
514,0.007604270952126346,0.0018687901387481887,-0.006899064250344089,-0.028693892130015497
515,0.006915530197347697,0.0018142790398439912,-0.024441096911830884,-0.036431037220926665
516,0.00960710300917289,0.0029057228854700856,-0.037528367331851664,-0.03772886437149903
517,0.014608978773318182,0.0044115329626998045,-0.03647757520192202,-0.045101391414341
518,0.02440029397214194,0.008050439874433435,-0.07107004877606782,-0.06519254136601604
519,0.007363723685044232,0.0009991676729548815,-0.0009631098855995002,-0.02645144525088683
520,0.0047882167795181285,0.0002664529265248572,-0.006920932939415314,-0.024715571044920726
521,0.013061746538490238,0.003795789054516857,-0.022937680724519238,-0.047543303327877706
522,0.015498919352256668,0.004638706268048548,-0.04353294682856085,-0.04148952110964865
523,0.010046722791469898,0.0026914362515889356,-0.012923969940729751,-0.03446668856955126
524,0.012090786515138396,0.0033418727232513434,-0.023820490064194455,-0.03958178128291423
525,0.013720643988799408,0.0038259489733454832,-0.0278417890780292,-0.042070432717818074
526,0.008204651507832228,0.0024688190857268255,-0.026865063644646525,-0.02957089552238812
527,0.014950606185904602,0.004817208504678594,-0.05006973270463866,-0.0493992498156447
528,0.008711877295564996,0.0027715964930694337,-0.02257766922324328,-0.026942713655093153
529,0.00752091348789502,0.00040485080680213725,-0.000982786301734817,-0.030340962972541963
530,0.011768268592508124,0.0030757899199275462,-0.028925862635848898,-0.041606096665989245
531,0.004860575525704236,0.0010552173538048437,-0.022567950891617006,-0.02141545663759259
532,0.01158318357710586,0.0033423199051204333,-0.026250428629911837,-0.035247323532604624
533,0.006812159941838147,0.0012337009324699388,-0.017126464080852832,-0.02794332357824425
534,0.0026694540822483903,0.00011310397403918593,-0.005548147762499567,-0.02987991673257151
535,0.01313634246017692,0.003761144773203301,-0.0409535051612786,-0.04956702927518408
536,0.0012049114338408273,-0.00029642485945863273,-0.003574943281351828,-0.009455661081288591
537,0.013332693379213223,0.0032348266796042857,-0.03639259820991797,-0.041305206303104414
538,0.009417733492314617,0.0022702639712051387,-0.034280934093986026,-0.04011985681534802
539,0.004573196198034091,0.000546695553097637,-0.005370705382906349,-0.0163461538461539
540,0.005279032333286748,0.0006389367657782252,-0.012218340598692312,-0.02782611625785547
541,0.007406674924012924,0.0022026455959225644,-0.0022931482209471166,-0.0347565101709193
542,0.0031889815674009947,5.793124424824381e-05,-0.0038993500999418007,-0.02044137486318398
543,0.006585039000596815,0.000890824264224932,-0.0183756493490439,-0.029303056324363697
544,0.003470653287610981,0.0007792732929596813,-0.012688574116337725,-0.02315712988192542
545,0.003254313137356024,-0.00010454968106882179,-0.003888078396932837,-0.022602825930758463
546,0.01409345046222138,0.004531668920423504,-0.03932873751028193,-0.04907695654106037
547,0.009271524317651436,0.002920677444390951,-0.025951349974845994,-0.03575383641828822
548,0.004190882358694692,-0.0002255046372728331,0.0007005672345540837,-0.025539552836580937
549,0.005539446728281772,0.0012169311135696304,-0.011017285485808992,-0.02756918534066799
550,0.011536005312527076,0.0027109578448922533,-0.025815820597429484,-0.03874680995764557
551,0.011258846518645615,0.0023536284060025336,-0.01550414005459183,-0.03538841542211246
552,0.015921258866257115,0.0040614661453580725,-0.03289993630104687,-0.05621641528397103
553,0.013590126051339024,0.00376445044108098,-0.04088112718626602,-0.0453829417752849
554,0.015295349797665725,0.0041359770088764125,-0.03503732220227995,-0.045053955694196124
555,0.013358178314540614,0.004034358464288124,-0.030795174951220694,-0.039323013148077623
556,0.011796781061912176,0.004195563728850021,-0.035332209297473105,-0.04053774982552516
557,0.008790709748450254,0.0022822509365583443,-0.02429041702408624,-0.03840899750032001
558,0.011893346619484602,0.0028588082769653855,-0.02982029140179815,-0.03944706797662345
559,0.015011329453990974,0.00475930455029025,-0.027809051203472435,-0.042860365441010684
560,0.0072593250922323715,0.0017405900925218099,-0.0234046674892604,-0.0339064312023174
561,0.002466247762419438,-0.0009790426814256792,0.006455086718651248,-0.01751350854199718
562,0.009257819073252072,0.0020091175613170253,-0.011380025446898479,-0.03158719360092355
563,0.01016930220750989,0.0027451184886379265,-0.039308689858398915,-0.036076684208356746
564,0.013662405625026575,0.004184162966831273,-0.05104597628688551,-0.041301383914064016
565,0.006885152409423445,0.0022145928566303097,-0.036524563096968554,-0.03383361435982524
566,0.013145725055595858,0.003098292012720133,-0.020928902697554264,-0.048298541607091794
567,0.005377912917271854,0.0006246831846751788,-0.008600448905980551,-0.022459440892035998
568,0.006663286545429914,0.0019238480300354244,-0.018684495378024413,-0.022179858275107267
569,0.007626385538709424,0.0010832936536557536,-0.016568750042503688,-0.03171664815500419
570,0.0033681535857748024,0.00019179688843351528,-0.0076581548107639286,-0.020152342807077117
571,0.010697716070153018,0.003074119303738493,-0.033327390091763665,-0.04298263604047037
572,0.011025170936668993,0.0029855154061670386,-0.03323421710088997,-0.043010624521624075
573,0.0007740466897213638,-0.0003477370564319293,-0.010029954779957218,-0.015184069985006765
574,0.003615417432209722,0.0006694936052185629,-0.023963393015515477,-0.029286955898428446
575,-0.001216726850186367,-0.0007439182076103279,-0.003038264597369611,-0.013372008481253639
576,0.011778656480268379,0.003086964555650995,-0.029699506799857223,-0.03819282720074524
577,-0.005522000783473868,-0.0033279365226044355,0.00030410654758386557,-0.007683742204989685
578,0.014972969144629367,0.0034661889582499883,-0.029653029297339317,-0.05824278955267226
579,0.002049982399231265,0.0007323781201037938,-0.019540172655801658,-0.027671442539979663
580,0.009651705251008114,0.0029464375786608377,-0.03405033413857861,-0.031023912916943064
581,0.003341388665556888,-0.0001908928112090702,-0.014321152988894525,-0.024086621263649244
582,0.014532883834667776,0.004832189128895631,-0.047064447600568604,-0.048182810739537896
583,0.01643873980989774,0.004732845458339213,-0.04385856608494937,-0.05276933834667363
584,0.01343182685605765,0.004243725076850169,-0.03212974430258214,-0.05293691823879543
585,0.004425749392915068,0.0006897471034079672,-0.010339850455325261,-0.03070673945853286
586,0.0069863739392090896,0.001264110224320908,-0.006743170077356253,-0.03023261975413316
587,0.009236574898510208,0.0027934610295502205,-0.03841550094075191,-0.03803579561249426
588,0.008383559997682422,0.0026344035842417457,-0.03343333161985057,-0.033994211240551464
589,0.008261051445301204,0.0015643009984195044,-0.017713785311294694,-0.03317891465504297
590,0.008856287814410002,0.0022980693285302445,-0.02693661167790712,-0.02499327931180151
591,0.009401944090104863,0.0014987261569797683,-0.008880542960091886,-0.03155274717948331
592,0.004348371034108622,0.0006532753970471261,-0.01465345492174469,-0.02453326897205199
593,0.007774222535330055,0.0014521767732502688,-0.025924889041259502,-0.0308566200080701
594,0.008513816355601111,0.0020824720634000093,-0.027728365364331986,-0.04320777379973051
595,0.004071333201879135,0.0013736272101692037,-0.01330722080281227,-0.01995455002513824
596,0.016577876318430218,0.00455876119998852,-0.03323890881381619,-0.05465617648193144
597,0.006048213104223765,0.001909892877478836,-0.021978305029266954,-0.024781872208342826
598,0.013332311628428961,0.00476338573525123,-0.04684257816819093,-0.050154731137464825
599,0.013830665213983295,0.0036848556328327176,-0.035430215686023114,-0.047989865427196965
600,0.012583657000852788,0.0024857703493370575,-0.019203269966645842,-0.038589362626194945
601,0.0074381754006275225,0.0019621931208560206,-0.025521932906006684,-0.03205366699674317
602,0.004787285344699965,0.0002718584297313198,-0.006450967225561488,-0.024916293994993843
603,0.018208199015457782,0.005161925711277576,-0.04768711460391162,-0.05496809429687055
604,0.01061077340671357,0.002648979594765788,-0.014570530781202129,-0.03472109853405081
605,0.003281503537446606,0.0003959818853883912,-0.003472121458256816,-0.015837439212028626
606,0.006952688792420614,0.0024171225082750547,-0.018458412440933714,-0.026182604637534856
607,0.01115779823802171,0.002648902872966402,-0.02269822101496488,-0.043721777534620254
608,0.0064192060913066395,0.00114169611468376,-0.029864870884456052,-0.03143429962242961
609,0.011369349282305596,0.0028695948626978607,-0.027917544479329204,-0.040784704472266564
610,0.010634075669985532,0.0018835436218885282,-0.01490783760511133,-0.03889360498019245
611,0.008154889985105163,0.0026909510080416477,-0.03576119068743194,-0.02714142085136173
612,0.008319371176339463,0.002499961368515158,-0.036934053978874726,-0.028146796222987658
613,0.006166400841818853,0.0007979384365406073,-0.010789420595042953,-0.03111782701675181
614,0.010731680214059458,0.002810598338164466,-0.024829607585218683,-0.03651657666148722
615,0.01390236537449796,0.004246908499386304,-0.02421634141845541,-0.04913398040755368
616,0.00912134194362113,0.0027397576790147704,-0.02723319216495973,-0.04261323350066648
617,0.008169196214175334,0.00109311591850339,0.011797690733585164,-0.03833930722235934
618,0.013037621546035383,0.0028814448497646583,-0.03614938790461769,-0.040860940695296444
619,0.005479390027091913,0.0013735124135597632,-0.0077496156379441294,-0.021819237065873853
620,0.008396430700318036,0.002102388222585516,-0.024580040526780866,-0.029573673772103848
621,0.018732600266562094,0.005011862242484788,-0.038016922194860636,-0.05433847981407747
622,0.008994650428955031,0.002393877318653953,-0.02426409995999268,-0.03376306363262005
623,0.008861671434181262,0.0018539961357288692,-0.015856702591916294,-0.025945101384565628
624,0.00011438330238761063,-0.0013686096878592069,-0.0002909980966121495,-0.018954635575882506
625,0.000246308098339032,-0.00036186879010979833,0.0044816910132973176,-0.01906351066476364
626,0.006510364431124849,0.0019863443844914674,-0.029591562441731056,-0.032756535136305276
627,0.0004959191449848133,-0.00041783977463472066,-0.015538145225585887,-0.012926748425588275
628,0.010455399737528015,0.0035669488828238283,-0.03622109361413284,-0.043339830292902226
629,0.019406516420075515,0.005621705062681559,-0.05295226988080126,-0.05869457340045581
630,0.0055715940084973825,0.0004362401240111946,-0.007275109899672616,-0.016841946150212506
631,-0.0003548462664665353,-0.0005472341158132554,-0.006193926968547481,-0.01722705171651684
632,0.009460502329075415,0.0026038818611812398,-0.0167284788554814,-0.03494627215730939
633,0.012932284152402607,0.0031670169461924524,-0.0254170119551419,-0.05035688287623963
634,0.019124002124851547,0.005327980280403405,-0.03584507566076717,-0.057336000551838295
635,0.008115680533991476,0.00263572795845185,-0.029802066968518004,-0.027246753900171505
636,0.007316527513066329,0.001216482309048389,0.0035646066836504953,-0.03229972181813534
637,0.005276181674920055,0.0013281214850522638,-0.0025504456911227824,-0.028997457568886165
638,0.009501184788630268,0.0021200284902312405,-0.009644416873229866,-0.03316484377631723
639,0.01078911333267657,0.0021994845827856824,-0.017179880341816445,-0.041095928924876235
640,0.006772676452772131,0.0016787712629331986,-0.01913072108698438,-0.03445154288251384
641,0.009773748518718595,0.002818386087881264,-0.025586224728079365,-0.02861604505665638
642,0.016731929147213442,0.004866361234760169,-0.02786535830267023,-0.05314875852155765
643,0.010679075532301074,0.003079995660017071,-0.0323531662904592,-0.04104792035643834
644,0.0030846554549408545,0.0017056466768804457,-0.029068822289845975,-0.020678777731805376
645,0.008731839513404838,0.0019553753392505258,-0.01889999981984608,-0.03360986102648056
646,0.010353431563085103,0.0030523286801401317,-0.03816800425192618,-0.037117688535831306
647,0.0022083659261265542,1.4102645863739438e-05,-0.0012737086048957291,-0.02178647135853151
648,0.01192775872105234,0.0030171965090598774,-0.02717019148559341,-0.04263057929724601
649,0.013132554357532356,0.003907639032819071,-0.03621604414764262,-0.05246362433862439
650,0.008153453382926279,0.0020611119477366713,-0.02634245343839481,-0.03207249969129211
651,0.008208334922412908,0.0016949467212367952,-0.02241874089252832,-0.038125744224815517
652,0.01720630816918378,0.005312378635554144,-0.04400601706706836,-0.04952904899912369
653,0.012835462705432898,0.0029609966227084894,-0.03037479267330645,-0.04220898634872006
654,0.010942947733883879,0.0030750624082813705,-0.030700958031357195,-0.046743906646878663
655,-0.0011655009748076095,-0.0012216047759888438,-0.00966501631768013,-0.014819425897850458
656,0.010339088948231767,0.0030343825155416393,-0.02357845499047695,-0.03786563019405298
657,0.01632708320117504,0.0046694181408817315,-0.02080526647747738,-0.04703726233369199
658,0.010423839247417854,0.002880385230811522,-0.027094388183594276,-0.03547758795374345
659,0.007251018330829306,0.0015800483192300874,-0.018277492649900196,-0.03386674534293255
660,0.010662491280448827,0.0028431154693152327,-0.025511883135615643,-0.035500089903425236
661,0.0018322960936943966,-0.00034579743346321856,-0.0034303714581664924,-0.018277021988765352
662,0.008716694441642137,0.002543428127681824,-0.018071047970231624,-0.033055512681998245
663,0.004028424304838407,-0.00013920840434478166,0.0008567853774459344,-0.02617505076576354
664,0.005309765919162768,0.001283925577748729,-0.023404393362613463,-0.02259536472532664
665,0.00804685010641587,0.0011734483666320794,-0.01953557810598061,-0.03178060355241663
666,0.007091289362102127,0.0018549766454732108,-0.010065050613970727,-0.02967719591913298
667,0.011247432812133251,0.0025726486943578597,-0.02881872756672349,-0.038304171292459555
668,0.010118825203902726,0.0024433982819361266,-0.03125542083369834,-0.0512638696443366
669,0.012123989446689465,0.0026618449654515763,-0.028872602320216767,-0.045378245669686845
670,0.005058342318606024,0.0014538900879485783,-0.0176629261595998,-0.027276388532933016
671,0.010449658320494826,0.0037605553278073356,-0.04557486832646457,-0.035908741642908915
672,0.00835145608572041,0.0015498268290956851,-0.022361655352661547,-0.04490844332704791
673,0.016467361719439855,0.005357305182482869,-0.045893060971717636,-0.04927289666626167
674,0.006594002789228504,0.002621766514511764,-0.03239590180115676,-0.030209490883648327
675,0.008517384109749782,0.001677720273521588,-0.02034091939414373,-0.03546101044469052
676,0.010754410053727126,0.0024862013472624622,-0.012881771183474167,-0.03976904696663208
677,0.0020225923693186765,-0.0003970897025931952,-0.011489336644351589,-0.025567526297930132
678,0.010193959622358584,0.0028291063718305642,-0.03847542264171233,-0.03649151469356915
679,0.011349154281655227,0.003460202982359134,-0.04877896214632993,-0.0393328662659721
680,0.01629537659703295,0.004684386289911802,-0.04806107274181459,-0.049901556531129376
681,0.012810463042808196,0.003724568068082579,-0.028932530759754216,-0.04048165594348874
682,0.011921901983748373,0.0030821674865920135,-0.03095511822812952,-0.043569364161849755
683,0.011236543617457961,0.0027802859605365604,-0.023249063255650126,-0.03572498081566189
684,0.013928904258279473,0.0034348036856530484,-0.03620219423720078,-0.04093212716643024
685,0.010140650954201691,0.002746533278371044,-0.03230206601066732,-0.04460535941691279
686,0.012906925400583358,0.003462516793669712,-0.036890879265380705,-0.04506922242209299
687,0.008884036399498696,0.0027369533440053384,-0.029308404181307257,-0.034899534304869695
688,0.008512240566850682,0.001146846573564675,-0.005850827613710585,-0.034686028954614145
689,0.006040818469317533,0.0010492998972439493,-0.007486297325722813,-0.02354834328413924
690,0.009033813314851202,0.002141966892060615,-0.021789546923116132,-0.0269922541510631
691,0.015747860000815406,0.0051184965778448,-0.0403382743531297,-0.04087790129831348
692,0.005827227186760098,0.0015993634544802515,-0.014851804428976212,-0.02020171563823847
693,0.008782636770582553,0.002542274807833367,-0.02300092669365844,-0.034047388479320206
694,0.005318656320364767,0.00018489948720404326,-0.011605828267022944,-0.032412002396791983
695,0.00336098265025242,0.0009205541910032033,-0.006587564855213668,-0.019411635716989117
696,0.012359650695605573,0.003543489495101443,-0.029035936799991058,-0.0453581519823657
697,0.008827220130530333,0.002437607289282273,-0.03092905170248711,-0.04051138595288506
698,0.0031670596591142353,0.0006787621513184572,-0.012242539934574359,-0.01425787887713248
699,0.016386015153169287,0.004894585127340506,-0.03737053674952312,-0.04985277423016887
700,0.011420947009797344,0.0030772712058470264,-0.010681650322572789,-0.033173463238248324
701,0.004839046889771437,0.001465785145312648,-0.03221733100946089,-0.03253959590186817
702,0.0032727073625955505,0.0008726117548132628,-0.015356220511197782,-0.02286994531406783
703,0.011150999858747457,0.002866525259766356,-0.02596100834475823,-0.037469768627904076
704,0.010749054490782506,0.0023645044207697696,-0.030257600197718615,-0.036882882000049966
705,0.012162936169207494,0.003084341874259433,-0.023691549993138883,-0.043588166974106723
706,0.0019906636393041133,-0.00014042074498349377,0.004459274550261572,-0.011873890028794465
707,0.0008595657601216944,-0.0005091984072672917,-0.007567851431505845,-0.018397143558721907
708,0.006423628299841222,0.0008678542054603167,-0.0010140996894559273,-0.030194050688750362
709,0.007864033291033912,0.0020168140185558847,-0.010365960143556063,-0.027911225124378047
710,0.004847469360183099,0.00027666524635805434,-0.01653344047564209,-0.02602246823033605
711,0.009224876684816752,0.003221340142801954,-0.035531378921730694,-0.04106566290567171
712,0.020354535142917962,0.006415201690713579,-0.06422602320155602,-0.05841497983790467
713,0.006196939185686312,0.0015268182101663141,-0.013991331783769434,-0.02926572327184873
714,0.006201049438807504,0.00040332412116619865,-0.004983853241841252,-0.03424611271723299
715,0.0027604481592204966,-0.000550819521253576,-0.006232898713423363,-0.028213269989011636
716,0.021648293720385126,0.006266548219707013,-0.04462742933181979,-0.0640205915141977
717,0.0034477354346605926,0.0009313208559852404,-0.011326812469889147,-0.03380370848632752
718,0.020193548919398063,0.005583231873150851,-0.0392263711985239,-0.06118881118881103
719,0.01811421160058474,0.0046165642031883725,-0.04049583207306795,-0.05721779800278093
720,0.0069003046673434265,0.001400174263141818,-0.02151019982807495,-0.031160566838724257
721,0.007319491015620572,0.0020227388459054807,-0.023675005111862046,-0.02714692774403482
722,0.012605734483210895,0.0036302107224654434,-0.029991501004061227,-0.04208220437007815
723,0.0005955779759095892,0.0001998788016059072,-0.012849011621066886,-0.014519733177731253
724,0.007999321663593073,0.0019672759203304413,-0.02412474525109115,-0.02718890176863642
725,0.012860742821686255,0.003789784134991231,-0.027814550718456676,-0.038925291300099474
726,0.010971061440329333,0.0033003489830609745,-0.027640175906632758,-0.038317312157518435
727,0.015296859717962241,0.004144447698132714,-0.043243390420392824,-0.05465734486708529
728,0.009917657299175708,0.002353889157705319,-0.01714865552421785,-0.04242588330851493
729,0.005781326899192862,0.001288479933633374,-0.015180981797334403,-0.033354175861899815
730,0.010078987706546139,0.0012434618918363283,0.0028372494876453547,-0.03916141515366811
731,0.000868868806136236,-0.0009981016486491912,0.005756657323078118,-0.01837447523364011
732,0.009749033025361009,0.0023433807775872784,-0.029875797335948473,-0.03996826146259569
733,0.008896635352521387,0.00201840741746126,-0.018729569456245765,-0.03344321252060811
734,0.004965076577694183,0.0002579191336578024,0.005406313523157902,-0.019837008937182432
735,0.0024176789614294147,-0.00013518222909686406,9.76860819307257e-06,-0.016082699025441793
736,0.005889431344121787,0.0009534119533888552,-0.014817908663828427,-0.028326517306780485
737,-0.0008636143868581136,-0.0006788456218711769,-0.004756725472876533,-0.005914932120784533
738,0.014536207589476047,0.003931278563042234,-0.03091027497675658,-0.0451300187155913
739,0.005169088070090089,0.0009872730359045678,-0.010814585915050634,-0.025763172197390993
740,0.009312663220762296,0.0023228288048869616,-0.017146252347106983,-0.039154305820972346
741,0.015308692384421563,0.0037957362077265244,-0.025128425499450713,-0.04372073784630548
742,0.013586550097881567,0.003723208733476646,-0.027496293118495774,-0.038461277519590276
743,0.017154840543524563,0.005231392475938429,-0.04908909121108407,-0.04778725788919869
744,0.009010540505985154,0.0022288765837713553,-0.026268820445524144,-0.03520183347387096
745,0.003423128228599248,-0.00021838488510095289,0.018304415297011156,-0.025284818914577345
746,0.0116123529014589,0.002511898682229202,-0.025004997621493552,-0.03431580654959132
747,0.011480605572466718,0.0024470302933999044,-0.021566639047881808,-0.03672677753476661
748,0.0021555118757004,0.00020014799698442332,-0.005791114499044014,-0.020935182223846827
749,0.020119752277544645,0.005626042889862931,-0.03915570248953165,-0.06450605479973315
750,0.011469891962430812,0.0036834133483452935,-0.0337520852834467,-0.04121251306144458
751,0.0074501288297560975,0.0021846214426013977,-0.015810541919584642,-0.02840077686434128
752,0.016242019897821036,0.004218299064034509,-0.032316657228792345,-0.04531489058886318
753,0.007808131536823026,0.0019994890169432455,-0.014116041633155607,-0.028598066720820547
754,0.002606534483337364,-0.0006993533142491959,-0.010101385250318728,-0.018307214312540565
755,0.006214622478846965,0.0019209829397331957,-0.03964736281322451,-0.028015834545160656
756,0.019023769640755694,0.004873000884202644,-0.04391330767727414,-0.06122895990111599
757,0.006835105412391074,0.0013517992910087318,0.003997040280852737,-0.030718059088241212
758,0.00380402999243612,-0.00017405046377549915,-0.004065903943651861,-0.022861477897154092
759,0.003478143111927845,0.00059305379207511,-0.01096948584526608,-0.027543972326448785
760,0.01117865884368946,0.002950095775799022,-0.02222374589177617,-0.035579582599949644
761,0.001228688358469343,-0.0003965022657376749,-0.012515915609399242,-0.02197529438928647
762,0.00901376421296124,0.002998068660385156,-0.034879628695865195,-0.030852560074213664
763,0.005486201284607528,0.00024320378534725684,-0.007440766976003488,-0.026326040356301705
764,0.003240594190541901,0.0010997502184131036,-0.019586614435951222,-0.023236622187830624
765,0.007357466929403644,0.0005969323157079542,-0.009970026040249325,-0.03357655011213234
766,0.00900603185837856,0.0026507461042174496,-0.020838498376950287,-0.04368217750628822
767,0.012100689583661228,0.0023674125135914603,-0.03534430931017932,-0.040689121176926024
768,5.423365179813011e-05,4.404626927850819e-05,-0.009311323939121208,-0.010019099613089333
769,0.01539645964813774,0.004690267412039512,-0.034401142327418976,-0.044759807125421824
770,0.009892888613734274,0.002658347884467227,-0.026811553825500656,-0.03816605508427284
771,0.00905615997249487,0.002344276551419,-0.017494565160692144,-0.03714788425692028
772,0.009106353344306484,0.0014113738610603,-0.012739213324780785,-0.035849084863553315
773,0.005300732044917211,0.0012291612200186486,-0.009779206970337961,-0.02760205909992053
774,0.0122384926415387,0.0035016461261679066,-0.03132680637299512,-0.04348217675782107
775,0.013589431560169396,0.003286007720642553,-0.03357234524961983,-0.05117247306236816
776,0.013113395721185972,0.0036692759031111966,-0.030319638019766892,-0.049046802562496494
777,0.009487362594920834,0.002226167953363306,-0.016107431460653132,-0.04506052303609176
778,0.010265007987310004,0.002112607500943081,-0.01947750498957318,-0.032803228818409025
779,0.00960824197718163,0.002102703671682443,-0.017648883439184082,-0.03195102930475846
780,0.007925157475600297,0.002675907812417805,-0.02842599276407176,-0.02719306704325941
781,0.008347636671619307,0.0020589476303090604,-0.026819967233029818,-0.03407581477526944
782,0.005255458551523651,0.001548955808398561,-0.009955662801633236,-0.023561553441810323
783,0.00967033669257511,0.0020260361697304607,-0.011581610875553483,-0.0434182015167931
784,0.012626670965690479,0.003923513900062098,-0.0455261084297397,-0.046267773913454935
785,0.0054565523273930605,0.00163915368218584,-0.0368893511766617,-0.025879849672622246
786,0.005178501980326267,1.0604886729187468e-05,-0.0022734652850978643,-0.032198196132622314
787,0.0068305370259805764,0.001187521921265755,-0.010938045541939945,-0.020841450509624382
788,0.004989256523080576,0.00028634981829189776,-0.014265386247931278,-0.033081144174857524
789,0.009603920426130674,0.0022167438363962233,-0.002237897644986664,-0.031553262666009996
790,0.018217843901077724,0.0049666908991348735,-0.032746216778448856,-0.056807142895059504
791,0.012072810183238969,0.002685080813721541,-0.033018143271139055,-0.03968163543058345
792,0.012302340828057645,0.0033976154363766498,-0.029154454883281,-0.039209604437308365
793,0.002959052615733593,0.00026939736801978587,-8.022274450303346e-05,-0.019284429362824262
794,0.008417610133371944,0.0022598962931689726,-0.019409303462741112,-0.030071720708815475
795,0.0014796742409551866,-0.0001866403768615299,-0.013446292175711527,-0.01637571674068028
796,0.0016511454009324744,-0.0007523203463353223,0.007956841880314758,-0.0178039963333948
797,0.010372163329294914,0.0030821769389874354,-0.01964192044499763,-0.03531891919685326
798,0.008455578974008948,0.0030287224921862477,-0.028822300950506252,-0.03355087880704566
799,0.011842864501385941,0.0027809717731375194,-0.015336190220253842,-0.03827853298249828
800,0.00635351037790044,0.0013391505997430442,-0.022463646158386197,-0.02646506584862751
801,0.016556617176092026,0.0049944128675443455,-0.052060341751203276,-0.048602629722514945
802,0.017699723767089948,0.004357014348053384,-0.009086967453953654,-0.05362363104847523
803,0.016751038953397523,0.0043340214618581285,-0.02935130858895052,-0.05366353558151882
804,0.013641830311053704,0.0035252697364315244,-0.017788906525922743,-0.046228017482445094
805,0.014845576600056032,0.0027996769484886497,-0.02408118953560856,-0.04775897088693282
806,0.0177888155533793,0.004466225578478006,-0.03898380087756137,-0.06062907429060527
807,0.00481698234210215,0.0011269819904685396,-0.022321662176206125,-0.02398673652050598
808,-0.006156444954572571,-0.0025839987826184463,0.005662654579412785,0.0004765639138565314
809,0.01074252484173821,0.003487992957274255,-0.03085368477070416,-0.03505237353144197
810,0.013684442241660877,0.0047102740324388714,-0.04333292245362397,-0.0465636682790872
811,0.011264575106565144,0.0034395720099207883,-0.03764700548028793,-0.037094673372717546
812,0.008639032972431626,0.002552992585363817,-0.028285601299562646,-0.033879648308149046
813,0.005537399299757051,0.0020401999686015526,-0.024937295136367832,-0.026332501608138714
814,0.003540534001930773,-0.00017436225574127273,0.0027849066314531434,-0.017137622447724654
815,0.01410926573672211,0.0029915832671787157,-0.013520547250467196,-0.041696082984982175
816,-0.004182887513539346,-0.0016752562180870623,0.0032732806668845926,-0.008659491193737656
817,0.00516586129778196,-9.566331405430617e-05,-0.0038531156244152043,-0.023209976343037786
818,0.004956618723886086,0.0010686406793581904,-0.013011457216900446,-0.030926674457751213
819,0.010275633289131059,0.0027635104673918998,-0.03565391674269702,-0.03513089609041631
820,0.007428452978787803,0.0018918368343907865,-0.0037278028573276556,-0.029703037525165454
821,0.0026368769459494956,0.0005750546696885461,-0.01488276127742505,-0.017891629650841456
822,0.009933300855832217,0.002805796349439643,-0.029148892554930195,-0.03718572084939775
823,0.00038152635075816566,0.00016526709859626676,-0.021351145282425765,-0.02228553811545242
824,0.008538636209878714,0.0022344821467858156,-0.027048964276161103,-0.03267610314188729
825,0.011518469613793991,0.0036390830262976737,-0.0360461719616616,-0.04282682512733449
826,0.01351779170494849,0.0033732109497472407,-0.01863106141383375,-0.04531260202415921
827,0.005234376827836618,0.00034834673815356543,-0.0004899355708096742,-0.023224660460744895
828,0.007991464443892538,0.0025514090719355176,-0.027190574274166046,-0.032903858069186276
829,-0.00016109409214970505,-0.00045381262257010446,-0.0008367771273997127,-0.017338614654050732
830,0.0024132415262160256,-0.0004983488853633755,-0.01053844354500788,-0.025822360155314805
831,0.008010261921569783,0.0019416693342876046,-0.029598864088226873,-0.03953064331159284
832,0.019243207153739783,0.004408417239078227,-0.046786636626736045,-0.056842221979731766
833,0.008268344118260995,0.0022377292692065953,-0.02498244447758874,-0.027040266305377036
834,0.009731635514053871,0.002721391668532608,-0.012662370539778312,-0.03462511471767371
835,0.013198056690977011,0.0030213058807996573,-0.024966025134880776,-0.04097505122754108
836,0.003896352819323101,0.0017000837430076188,-0.020079117131784896,-0.029255795007670837
837,0.009206754142853435,0.001947770312577285,-0.010570633114987127,-0.03218156688732099
838,0.010651841534585593,0.0025255710209589055,-0.012104956410310452,-0.03855004914946436
839,0.01147961413605969,0.002608110978335576,-0.022560812190598023,-0.03822529391600815
840,0.009291176598042461,0.0022685817477579584,-0.019292005313881255,-0.03129477174104012
841,0.0033334043641368716,0.0005714162029923364,-0.009331580078686952,-0.023168192314035885
842,0.011495468704630474,0.0032304794813383664,-0.020993982837155034,-0.03481537474803009
843,0.00873254385261446,0.0018239057470604836,-0.0233409480685996,-0.032642435966097394
844,0.008177693396227315,0.0013429701978479314,-0.011139045402849268,-0.031076715225563878
845,0.006975065318833684,0.0011593867001071234,-0.008981459842575978,-0.027496997232231424
846,0.010953690085103718,0.0033431535389764344,-0.02767823472580344,-0.03199754257867404
847,-0.0014245754601623917,-0.0006900033858511234,0.006598849484810487,-0.015623798275009593
848,0.010219932142027766,0.0027326057033708884,-0.02491622348353617,-0.03645158383133984
849,0.005774442475252606,0.0004196671892318371,-0.009099550039183169,-0.03051581889756172
850,0.010586902310589452,0.0018175790964671257,-0.027941372157298694,-0.04240353564855137
851,0.006064779862790026,0.00022552141675719062,-0.005648380258042207,-0.024835729113015126
852,0.002943452483306963,-3.815541876575623e-05,0.002075118006233667,-0.01846632431612949
853,0.004341661720545176,0.0011011144804030648,-0.029396689436507917,-0.02434578502083551
854,0.008477170486878571,0.001908812563871598,-0.018724744251252312,-0.03913911919364721
855,0.007100273800946244,0.001276571802530324,-0.012725235558703474,-0.03414492726588758
856,0.013454665257230158,0.004429945881128272,-0.043692701708261394,-0.03961213878933345
857,0.006992424491086224,0.001289387453625751,-0.020944389966020494,-0.031261343012704224
858,0.008487676354013263,0.002387244713237091,-0.019982236010704924,-0.02864473781647381
859,0.00795515498524857,0.002311448013706613,-0.0021214886380916953,-0.023141104743873653
860,0.008404947738330004,0.0026558415116245404,-0.031038132940570173,-0.04248192479054458
861,0.013033245176935548,0.0031688141915582058,-0.028995432607290428,-0.04673795534665104
862,0.005301254474665118,0.0008781374583536894,-0.009500826390835104,-0.028099991227129584
863,0.014864518730786314,0.004696369729328909,-0.04882601538691034,-0.041754864347527176
864,0.002489950114161421,5.73104484417053e-05,-0.008386359547485012,-0.023804844515569634
865,-0.00018947543508995857,-0.001024755794472032,-0.004557641895027054,-0.008339546505894302
866,0.01580628171334647,0.003933463997675107,-0.03399854959437637,-0.049363302655630825
867,0.010867318631944123,0.0030385522070247306,-0.03258196678387432,-0.04524383867410109
868,0.0036805259900852816,5.918890449152503e-07,-0.003036507335013483,-0.01997395472948771
869,0.002569435873166437,-0.0001686191577463525,-0.004396311509276718,-0.027928049655871257
870,0.004715599295340378,0.00043849809145754537,-0.019484573754224743,-0.02902344280038749
871,0.008369425271350872,0.0019175109170737614,-0.031085381618320307,-0.04035745553548353
872,0.01481477021915556,0.004452205648963037,-0.026074499984061972,-0.05012788453904027
873,0.012297511527551763,0.0026524404133068114,-0.032713445513744666,-0.047477670844007336
874,0.006474455244797395,0.0019945860037252072,-0.020672446795106048,-0.0238033945634627
875,0.006915778495883651,0.0011958110983921189,-0.012198391457531543,-0.02227362552718648
876,0.015082835345784806,0.003798977178725932,-0.0339275653863928,-0.046964417909542755
877,0.008423386398587585,0.0022114875626075836,-0.017150271858621502,-0.025993477824036715
878,0.010202313130377894,0.00312273191308457,-0.03594342407070239,-0.032797295195313714
879,0.0061410081425888885,0.001571460191082813,-0.01748250294811665,-0.02498938449520438
880,0.010505475879140358,0.003038500337626565,-0.031188534478593932,-0.03779587935990092
881,0.009739838302335713,0.002428221977961026,-0.03274664750994205,-0.04710217568872044
882,0.0033437449840637568,0.0006805349572594765,-0.01766706402512619,-0.023451833218667728
883,0.0059809476450520815,0.000980432458414865,-0.00827026653973928,-0.02528645202937141
884,0.008914266863086051,0.0027982079086291134,-0.030170349247687855,-0.027786452536702533
885,-6.84570917762195e-05,-0.0006769527276470899,-0.013839454219130187,-0.022947633012149193
886,0.019771085218401874,0.00578274232867193,-0.045674831754331624,-0.054316175953785906
887,0.005995124562569565,0.0006648502217491414,0.0012263953856225251,-0.0252719308663365
888,0.012474571519214162,0.0025756365219001265,-0.0255093358588655,-0.04652372807192018
889,0.01729650547830941,0.005177815931246943,-0.0480140315319994,-0.051819283512277936
890,0.01139122817087046,0.00291571227496909,-0.03129692894541369,-0.034982369134278435
891,0.010708249338612807,0.0029994685756186412,-0.028012800011938066,-0.038694485811796575
892,0.010647935309998524,0.0027642300596009695,-0.022890632284044865,-0.03846661081114633
893,0.006576789063605093,0.0007619568717990022,-0.01016922109864904,-0.0260200259879233
894,0.000373529341674006,-0.00030089812939995686,-0.0013792976997293316,-0.021561085972850558
895,0.010828195877941371,0.002951702459578348,-0.027977177953409482,-0.046721508985659965
896,0.011625512538027905,0.002899468844928782,-0.028371389003201075,-0.04088522407381989
897,0.00993458730635488,0.003160318325433037,-0.028623709510420703,-0.02989124679047417
898,0.016480321559287137,0.00478199832690282,-0.027368427471634482,-0.04763431817512487
899,0.008539228908695962,0.0011459551148713665,-0.017239371489426225,-0.03168143824758618
900,0.008792189772461545,0.0024126137080871524,-0.03231153338274356,-0.04019582131305188
901,0.006394287276302368,0.0012552360083185055,-0.012629818062309672,-0.027756579359264455
902,0.01160996763576988,0.0028569344972284028,-0.02575960639990832,-0.044365955826351944
903,0.008556344743217537,0.002342199437524034,-0.02845781615210541,-0.032537871102995886
904,0.004166131643753457,0.0013926148313375686,-0.018711646002663396,-0.03287080827369582
905,0.010015151651636689,0.0025798778598535854,-0.03600439279608125,-0.04236631651752909
906,0.002455930669976958,0.000583456199550636,-0.015358523051719086,-0.023547947145460824
907,0.002392745270297647,1.080766050420845e-05,-0.0066961918349476846,-0.018304823849355834
908,0.010237866363706771,0.002851559710816687,-0.035459418434192924,-0.03706148951738053
909,0.009481297146586187,0.0023269902589746205,-0.019921296857842496,-0.04197532951749672
910,0.010644276719872892,0.0021266478804017885,-0.021251673390248194,-0.0409446919524068
911,0.003368927553166867,0.0011990498008027373,-0.019674279255440852,-0.030966775045722317
912,0.009981185097191814,0.002794566215837596,-0.016368159480693867,-0.03421405963411894
913,0.010777126771662981,0.0033496784436487514,-0.0413779612605093,-0.04265069158811008
914,0.009060200357380976,0.0014683092848383206,-0.014020650450821515,-0.03975720528650306
915,0.008795441298913853,0.0022012283260600674,-0.022410266686438307,-0.027155732347886485
916,0.006561036940727183,0.0016707645647496827,-0.03127782815247354,-0.02826247196277598
917,0.009393031630743454,0.0027218180613956255,-0.023459541775613324,-0.033635906764095
918,0.008898464127723438,0.0026704607465566077,-0.03452907930063337,-0.031613539051627115
919,0.007317055739592737,0.0016397716628585302,-0.031157562353895607,-0.03219728048980608
920,0.007399473672882351,0.0023492196750360406,-0.021041365629498154,-0.032618917937545344
921,0.01024469421568408,0.002109884562373099,-0.02578052831126726,-0.038948100577357536
922,0.008087213699987439,0.0017891403076892298,-0.02249053289891323,-0.03146811328008192
923,0.00709384227888854,0.0008291593832673028,-0.008271472448887873,-0.038034788582849255
924,0.012187678714350558,0.003058026284265686,-0.03495017141139489,-0.039113220229883394
925,0.017055558759903167,0.005719715480232118,-0.05200385877888741,-0.04789720650791551
926,-0.0016674432158412245,-0.0002408966515597133,-0.01561751350154239,-0.007802546719563819
927,0.010690121965078347,0.0017474225026621881,-0.007487585969493282,-0.03837496131781293
928,0.0064147363650188804,0.001982404447391145,-0.02045995930229816,-0.027383887018213815
929,0.01704796515893725,0.0045095510434843,-0.04506858592284657,-0.06043477038161926
930,0.0066904602962761794,0.00033018950149329984,0.0040711525540431115,-0.02965885788852307
931,0.0027682540904758746,-6.89567054267537e-05,0.0010074498119644892,-0.015509440791457996
932,0.016839224342503845,0.004534125084282775,-0.03899209345530458,-0.044606173170578356
933,0.013213667815226537,0.003270605776896751,-0.041572517699014516,-0.05014981766696036
934,0.004997409108704609,0.001509620726766192,-0.018475443766272193,-0.02275760720405806
935,0.010588571406314085,0.002502184159207138,-0.02389459746944278,-0.03960615511873711
936,0.004769425554518036,0.0008255538446232669,-0.021183208342541504,-0.023563563678743016
937,0.0013671962555346084,0.0005079723486036136,-0.0005070682814085625,-0.014186222039247909
938,0.007494176814484388,0.002511521730009042,-0.02967508498841842,-0.03851129894773164
939,0.0017956514731644058,0.0004753410516639134,-0.014067251967943395,-0.01859636674669274
940,0.010305978218946965,0.0016084625380416995,-0.012826738331206622,-0.03870491424575606
941,0.014475842661058058,0.004237255936563322,-0.03859062292451171,-0.04940205754869709
942,0.003085824252482716,0.0003972285172269552,-0.008900520193786399,-0.021582178164624932
943,0.006303278571053728,0.0010754693183461506,-0.012253579537840176,-0.02450036243139686
944,0.013890868218383035,0.004250766496857072,-0.03691819934305446,-0.04688690154694142
945,0.01241126845301499,0.004485144068832964,-0.0380301412631342,-0.043375407605034
946,0.009349986932772336,0.0023359390281422754,-0.022246694434537695,-0.03982204790239252
947,0.008128239310985608,0.0023116160367429306,-0.023654877576771705,-0.03436613768203822
948,0.0028855385177782855,0.0004623963719211366,-0.013190641128060343,-0.021947780772045178
949,0.004216662624330625,-3.016910007619389e-06,-0.014700021497770499,-0.017959920147420094
950,0.0036557408701322625,-0.00011108584824082168,0.008266135638092587,-0.014216702537034998
951,0.0034617929348189636,-7.915920204495941e-05,0.0005418826921433362,-0.014376850134238284
952,0.009925357652677769,0.002918301230134146,-0.011055227175671922,-0.029840973025554662
953,0.007392420588411719,0.001563486622764676,-0.014655253916003141,-0.026327982110645576
954,-0.002645267956017938,-0.001076476753489486,0.006616472424220143,-0.010540447551915633
955,0.012461650530977808,0.0033252838823378816,-0.03990798851638877,-0.04318659503839961
956,0.0035894974319317097,-2.9337176623983607e-05,0.004707159982660136,-0.028065012645868137
957,0.007284916176717449,0.001944221976962035,-0.02555832149338655,-0.03330097398950593
958,0.005731814479780106,0.0015388474072328129,-0.019825584458094958,-0.020639968845329926
959,0.007284871921172886,0.0017866568359232726,-0.016469268687383798,-0.03553618143422965
960,0.008213289474591823,0.002548539614160572,-0.03257370235780466,-0.03305100992316401
961,0.008633532667988608,0.0019462962319337918,-0.024390015285282063,-0.02888523527198872
962,0.010575409062105412,0.0011866693122919714,-0.011922191002660898,-0.04175322990304409
963,0.012067287178549657,0.003804794141181067,-0.029783868725128504,-0.046120273616181984
964,0.011411783422053678,0.002806188212755023,-0.012538811481065892,-0.04740608309016914
965,0.013366892073633951,0.0035781039526178726,-0.03197835690834033,-0.04246336055174704
966,0.0102251388280018,0.0024476249881878742,-0.029341117795925076,-0.03885303631875303
967,0.002206123250728498,0.0006953462911851449,-0.026201134566727458,-0.018190042463099076
968,0.00632090477154712,0.0009768962557916705,-0.019736020938159182,-0.02938773758448565
969,0.006400201545354367,0.0015370393968823504,-0.014393761261989158,-0.029097208211173342
970,0.004149081532690779,0.0007731420084199914,-0.012755740977437757,-0.01587150747238464
971,0.006806912827325595,0.0011245231960935742,0.0007201604449778576,-0.026984755742925692
972,0.012490405467937338,0.002541684154000079,-0.024529232549100888,-0.04248792628854925
973,0.012770686099116246,0.0045958210857742765,-0.04749263259510966,-0.03988943077386675
974,0.00837798107280241,0.0015875169383139653,-0.024319269338235694,-0.03152955822084047
975,0.015495338459985963,0.003880239518009171,-0.02487170410079903,-0.04925221210977471
976,0.011091812390496225,0.0031842015743725194,-0.0389349353326407,-0.03844854814674603
977,0.00844856599646665,0.0018873580111306854,-0.01956133499362278,-0.030645533711571415
978,0.012137605574536359,0.0037911993556073165,-0.03404116185557471,-0.029863576169319117
979,0.011795773594591386,0.003424022345366623,-0.032540225113249,-0.04011501720895527
980,0.009941891448231988,0.002137284005782142,-0.01578382555164748,-0.033771191820544666
981,0.016720277888103152,0.005372962922595592,-0.049706147814120805,-0.052123688693207715
982,0.0067605003723711365,0.00145505631415907,-0.027577746805899195,-0.0299412013957705
983,0.01543426247162305,0.004153368304816163,-0.04160413355016118,-0.05298453533747649
984,0.014508798690802793,0.0039771332666875825,-0.036129567753547864,-0.044564912593635375
985,0.01134895558649418,0.0027273477175484284,-0.0323089804261214,-0.04610785235116843
986,0.01122856435859132,0.0034058167903613656,-0.030240973748465405,-0.02891588568783987
987,0.00889843131701118,0.0021902203972805345,-0.025908284985489805,-0.031710951391149655
988,0.0025647627745594703,0.00011307861986253886,0.008543436739213706,-0.014407881000208733
989,0.01275837010989167,0.0027749340176940196,-0.02095381519544126,-0.04931186832016732
990,-0.00012724526728769003,-0.0010177044421808834,-0.005287038518477505,-0.01356349880489105
991,0.006953875747249705,0.0021042141892440303,-0.008551079807100848,-0.03061294701220385
992,0.008762278193955364,0.0033018387676608807,-0.035985785764923506,-0.03782707622298065
993,0.014107446235728904,0.0034022642889317556,-0.01589626530871463,-0.043439716312056786
994,0.012673645658852095,0.0031732081565041814,-0.028613301925645707,-0.038733068958443306
995,0.002492205657270652,-0.0005236565515676361,-0.006184836406617988,-0.01839291113904662
996,0.014008990531836518,0.003588236090764224,-0.02865706972247556,-0.04918652885694319
997,0.01832888692904089,0.005182861586449733,-0.04478573194825097,-0.05064917977322181
998,0.0048490651134651674,0.0005293996726151717,-0.005617799312372496,-0.019910077741554177
999,0.016268533589145928,0.00487079566220705,-0.04328353071683155,-0.049902881067380944
1000,0.0009827625311892296,-0.00021928489083436475,-0.019088346364982856,-0.025713941922027805
1001,0.009281247305357287,0.002593957783435491,-0.020861021222772558,-0.030605552453586204
1002,0.012937280578991794,0.003451301284193964,-0.02071164149594018,-0.039479863801808124
1003,0.009101819746446083,0.0024988452896110847,-0.018473920144646494,-0.03313896441055619
1004,0.011646165282450216,0.0025935566336335314,-0.02879213231013744,-0.039110984669741056
1005,0.009649425845068449,0.002468528988184754,-0.019429802210882252,-0.043141156694380234
1006,-0.0011225336256932006,-0.0012636578506481366,0.004239808950933455,-0.00965823650034181
1007,0.012270065719404588,0.0039655166519700635,-0.037087689141121205,-0.04802621989195788
1008,0.01745333708933161,0.0044892097507188145,-0.03912942468392494,-0.04596241826980563
1009,0.010286923396139125,0.0027243853287423625,-0.02076791353334101,-0.035325691452060326
1010,0.0073670018939664406,0.001538779123309103,-0.014881122017116222,-0.03009203960290907
1011,0.0015855623854911238,-0.00029604254691620313,0.0016503620751746606,-0.02259887005649719
1012,0.003970079274333127,0.0007122196442204132,-0.004718666576487285,-0.02544893067207965
1013,0.00322496656606186,0.0007692514949918239,-0.025994422331965472,-0.01968320149382574
1014,0.012140660795718516,0.003719499552618688,-0.03369581978004221,-0.039220027706549976
1015,0.004393132077328166,0.0011246686756798963,-0.02621190023791442,-0.022865512329206972
1016,0.014972875713630762,0.004021823121218515,-0.03844608211739442,-0.053807472246916954
1017,0.01752847775417432,0.005387810430746154,-0.04131265550634683,-0.053522576709338576
1018,0.005998548159624917,0.0009316434541878638,-0.010000577068585759,-0.032222680695963124
1019,0.013131677611754156,0.00284559596674247,-0.02411703175329083,-0.04467181035446721
1020,0.01472458161182888,0.0037405894983259247,-0.027428659880486816,-0.04524821134115453
1021,0.007125685315851005,0.00046794719015796904,-0.009179180278564791,-0.029682677715825112
1022,0.008351687409859365,0.0014968233462791802,-0.01375897023208833,-0.0396107843806589
1023,-0.002570392082182349,-0.001962424916903266,-0.005667110731369829,-0.014376173408431447
1024,0.0015602345611301915,-0.00012999685281508966,-0.0014704285800221095,-0.015653683421738895
1025,0.0034426530507591924,0.00017603300139215627,-0.008522888418617813,-0.01611900387164522
1026,0.010184707711126728,0.00213991605455785,-0.01262187986984703,-0.03608025068836829
1027,0.004422229686326773,0.0012033241343373247,-0.009665518594451805,-0.017966074486301276
1028,0.008897210893659913,0.0021764013589708753,-0.03381926289288434,-0.033556086663937834
1029,0.014263219373664315,0.00409495820647518,-0.03852235318283104,-0.05252080635577061
1030,0.012708286831687843,0.0033961039830903983,-0.023437116933020308,-0.04151091455168432
1031,0.007275977206021578,0.0025712132410076194,-0.026527044314722414,-0.03290977869617395
1032,-0.0012566499277430476,-0.0011700367083081475,0.0033417898737998497,-0.010933707524271918
1033,0.010987761198152368,0.00310995775751452,-0.027110172573030444,-0.043026325032404666
1034,0.01330821099745727,0.0029346982879958627,-0.015593907719192668,-0.04553864580034028
1035,0.010943391875391062,0.002780948866259486,-0.018446716029065613,-0.042440270669572566
1036,0.0062327074645571745,0.0021650281904603275,-0.01578229862482783,-0.023622580552305483
1037,0.004110257387026861,0.0005890950664627359,-0.011391257427817825,-0.02164161156635913
1038,0.013121633179345837,0.0024194512117897693,-0.018540433390556887,-0.04363592708937747
1039,0.00515253175277941,0.0009981439790048285,-0.016209742379385272,-0.028693370031277365
1040,0.00839947837454702,0.000990252960122423,-0.008620773642536661,-0.03099470846178476
1041,0.013258702080887308,0.0035004003856128896,-0.033445958313793545,-0.0494435913247806
1042,0.010095313396768058,0.002697852292105618,-0.027205612383629507,-0.029522307069416498
1043,0.018077894613262036,0.005429221790969996,-0.048870684778020757,-0.05911442269948963
1044,0.01378925165962036,0.0034602422167282487,-0.026601833458794966,-0.035705119038452415
1045,0.01248380438484975,0.003700531899431342,-0.03946277873295978,-0.04317122084842784
1046,0.011157414707669011,0.002043957598735824,-0.025966490913998053,-0.04051794139846687
1047,0.010446454589512433,0.002321513872251074,-0.026987271565755144,-0.03775466958016893
1048,0.009700770717927631,0.002479506551632288,-0.022584666910840545,-0.032046936605743426
1049,0.006295853459308387,0.0011437609025771456,-0.021361417337433686,-0.03160832853173734
1050,0.010705299818211,0.0023401366406370083,-0.012691831700798684,-0.038930888902773186
1051,0.001477672016552245,-0.0004066237723099053,-0.002459221923359567,-0.024715949423724792
1052,0.016288012963442233,0.005095312981977351,-0.04441473193214751,-0.051217110249095366
1053,0.010573466262377984,0.00303705587827352,-0.03136383788780389,-0.04012938207783856
1054,0.008975051359569275,0.001955917660240475,-0.012891861174920582,-0.031150304101879245
1055,0.0040846036884995,0.00044185662073342735,-0.016117375698246006,-0.02517223318244799
1056,0.016640602110364333,0.00456572686172288,-0.03974464791803989,-0.06043400540428179
1057,0.0073831365795601345,0.0016630380614033602,-0.02517629695246182,-0.0304051999880105
1058,0.004332939407142744,0.0008694202472336043,-0.011424214618146467,-0.029998759228239913
1059,0.012025961780792016,0.0038944746444903033,-0.03117728594668545,-0.04253346547865433
1060,0.006239226435262535,0.0015780408176331862,-0.015649717443996014,-0.03661217177183396
1061,0.006634508294309782,0.0006592354769223152,0.003987723118215103,-0.03115810039380107
1062,0.004566857794213952,0.0006364520942684082,-0.0017501095205473272,-0.031137755644316645
1063,0.007905316888223823,0.0011506879069821674,-0.012171506856928471,-0.03308395677472986
1064,0.013075307363874022,0.002808289445814738,-0.028435894301611753,-0.04758949880668262
1065,0.009760605535308331,0.0020909557905237075,-0.019019394535032652,-0.0346860801811677
1066,0.006217930294781293,0.0004466956622667939,-0.007621332233527012,-0.027402004891741272
1067,0.008558384048560685,0.0012442754655769273,-0.006651383321295112,-0.031668798261718756
1068,0.0020375934682065333,0.00046665026232162177,-0.005190930294049767,-0.011851694172447358
1069,0.009745783231625671,0.0017226687221571224,-0.015587286499121389,-0.03215962364678693
1070,0.010805771431231848,0.0019612571768786446,-0.007370416448809536,-0.041794600341315546
1071,0.019904442780382947,0.0061967326370235,-0.05304346391903769,-0.05662063046192256
1072,0.0026763594310228456,0.0010497594527289766,-0.013725713771017223,-0.016212231692107837
1073,0.006925825429625276,0.0012112790088012748,-0.012758447329438427,-0.029804101525412907
1074,0.012867891280269661,0.003061209020865152,-0.027620070654013174,-0.03651860758419445
1075,0.011062710698730771,0.0018864650925951854,-0.023000186232357084,-0.046824046258834295
1076,0.01283295323341116,0.0033065016555103854,-0.021499243423768133,-0.04599080071341399
1077,0.012761147782911375,0.002929907796447667,-0.026326243316478315,-0.035181553594496706
1078,0.011824459420736455,0.0031378578343117247,-0.022029731860557344,-0.041957662767890924
1079,0.0010285775737420844,6.640763320053811e-05,-0.013397259381301596,-0.019302102492675943
1080,0.013449255149759032,0.003385377129983852,-0.024363924518102986,-0.041273311993748285
1081,0.0013900957784456214,-0.00022945432957185985,-0.008786869292462751,-0.02159775885676518
1082,0.01388995396193693,0.004160375720649506,-0.036587882752784406,-0.04495891594342649
1083,0.011064367580893353,0.0032405355136841396,-0.025839687466956862,-0.042152808186963875
1084,0.0006459916725248815,-0.00045638703163022876,-8.515929710606329e-05,-0.02164763226685873
1085,0.016237030081093617,0.004670124584780527,-0.03448676774704096,-0.050045187170014716
1086,0.004794592419886001,0.000585972633703552,-0.0040167359662157676,-0.022234334445680237
1087,0.019735665480050124,0.004682304787384434,-0.04812532063086733,-0.07107536206906029
1088,0.008858078877592268,0.0024465743725068656,-0.01948828629730065,-0.03813147785750526
1089,-0.006145655747065493,-0.0027709570254709492,0.012859979254309206,-0.00726932641826239
1090,0.016413607582177248,0.004474316655828814,-0.03335156190635663,-0.053889456589175544
1091,0.013083268422158845,0.003308723053069007,-0.03261848479396945,-0.041926658493726565
1092,0.016079002870592607,0.004543246188615624,-0.041184432030425155,-0.05114500442086645
1093,0.012069660975705387,0.0036170813205770036,-0.03823112900466752,-0.040908659981768514
1094,0.008039356687965127,0.001415770638359598,-0.023134346854064014,-0.031912848180469355
1095,0.015944533799406524,0.0040717901183401906,-0.03783340523950063,-0.054618900605428844
1096,0.006389617656436142,0.0015152328567182294,-0.02391973536319364,-0.02892691826082061
1097,0.010910850448578868,0.003315630163670369,-0.026996149017389337,-0.0408689857615222
1098,0.00766414009500993,0.0016444517464039021,-0.02470521934367964,-0.03106354647477605
1099,0.006452191640438643,0.0015129941396026803,-0.00955855281848722,-0.027640405117822064
1100,0.006560291300102439,0.00047864287874788136,-0.011772628091574588,-0.026683506647533273
1101,0.011188382771375571,0.00346244280001759,-0.04126716042533701,-0.04626085739449337
1102,0.011384531949547139,0.002956080163014435,-0.03542722460549497,-0.04527577529214655
1103,0.008932454523510547,0.0017158681146900168,-0.005728166923385014,-0.03878750618247295
1104,0.007420432203993355,0.0011613814114475596,-0.02486603041698182,-0.03469360233034835
1105,0.019160892153146536,0.0061530067022664,-0.04578361184321683,-0.05916217632090992
1106,0.011747708410767665,0.0034789074594965552,-0.029568837046893615,-0.036208469763286955
1107,0.0034003351595718323,0.00010578110729039802,-0.018998069909987647,-0.01748492875411045
1108,0.008982853818409131,0.0018756522514440654,-0.024212379949087315,-0.03746043593253512
1109,0.005237797799276689,0.0006564894765350993,-0.012972740315927378,-0.02733461768973311
1110,0.005322518085926986,0.0012618695831744797,-0.00797472363162749,-0.027332218109956452
1111,0.0072188091279663524,0.001753060259891026,-0.008639200584707463,-0.02920009886291497
1112,0.004687021822235127,0.00035282888340060214,0.011005072519784387,-0.029876110420043567
1113,0.011064075927111783,0.002665362376968017,-0.02454750814356521,-0.038058571067912106
1114,0.006807544433047208,0.0015835009188120697,-0.016485666067699134,-0.03183047790802518
1115,0.0075514450562468305,0.002589751252732614,-0.03083737653613794,-0.028588462218190447
1116,0.004166593471379987,0.00027434194486883334,-0.012162340360076906,-0.020319549207368115
1117,0.0036466611830372475,0.0011406131745567705,-0.013858578260990295,-0.016629125466790518
1118,0.011638431387487436,0.0024196436523710174,-0.011058001179391652,-0.03567540230530952
1119,0.013360185838027505,0.003161599514257818,-0.028179132000976215,-0.050513186434900104
1120,0.007099880573770645,0.001778135533423153,-0.012174970293865828,-0.03286918540955852
1121,0.01010106696844082,0.00235892081106151,-0.020628572820297453,-0.0464035151603428
1122,0.008263528481160964,0.0024741892720514247,-0.02817408628330942,-0.038032198766603464
1123,0.01235061975253221,0.002881768666929574,-0.022869697588530635,-0.04730346279831543
1124,0.009694175920894943,0.0022046979211571838,-0.012362038372999151,-0.03422400647741275
1125,0.0071929875573745194,0.002153094383567866,-0.028168913214041136,-0.03121893805072007
1126,0.0037161389305474524,0.0007520167191345517,-0.013164896292777784,-0.01914349553128103
1127,0.010587317013930564,0.0036222342223943826,-0.03351670356038794,-0.03989877908796835
1128,0.0011994915069614143,0.00017607341032280233,-0.01968412929590818,-0.01903364547126052
1129,0.01196387192513848,0.0026022741307879793,-0.022484733293316128,-0.039436446805559244
1130,0.012550844656046722,0.002657870786270472,-0.031761872925171075,-0.043179391701772984
1131,0.015567341870876938,0.004692022425913989,-0.052443654968325315,-0.049443220694940115
1132,0.005687451036417102,0.00154953772801944,-0.02700539936098495,-0.02356475510129563
1133,0.008059958196419914,0.0024758950081386344,-0.028714231898018583,-0.03375910381716696
1134,0.0105694392245399,0.002369487894638145,-0.013941048106780873,-0.03811803565547789
1135,0.011988040370126574,0.002745753804604928,-0.021057590974735085,-0.03510608034257123
1136,0.004637363134700423,0.0008453620163151043,0.0024392365929304383,-0.030659543900787734
1137,0.015988032020831378,0.004803996441926528,-0.042081571463405354,-0.05642796080752277
1138,0.012878262374348526,0.003910426696498048,-0.051399743594538305,-0.041963277599392446
1139,0.007270703861574579,0.0010617043053433028,-0.0008294007857388985,-0.030075114967385574
1140,0.011601310380617291,0.003349922123194321,-0.03321504148900506,-0.04022567795715937
1141,0.011691119055740662,0.00326390018224168,-0.03832042746574077,-0.03754195362597945
1142,0.005372325373568632,0.0011923285120212235,-0.024499046839858818,-0.02451170828134175
1143,0.01570327685214845,0.004545653978772379,-0.03520812162027087,-0.05425762145766244
1144,0.012389806335223963,0.004292108747336293,-0.03866271260520748,-0.03918092595447309
1145,0.01431952333483294,0.004012691527487261,-0.036757934748166354,-0.04598100664767324
1146,0.002709728291150404,0.0002486942787807145,-0.003267886507817397,-0.01649588990089934
1147,0.01308588646889386,0.003447098000181059,-0.03363433635025759,-0.05110209660441145
1148,0.007519107539109893,0.0014702098130458807,-0.015335996096377758,-0.03620142103349189
1149,0.007839882399088949,0.0015241561891993216,-0.006807126899715632,-0.027162413439343447
1150,0.007571608135495067,0.001087660764984344,-0.01253120445549516,-0.029491051925161993
1151,0.011320945744676736,0.004139780813788491,-0.04016774850823024,-0.04334891627709303
1152,0.011395892158049314,0.0028171778502974476,-0.023480198071608782,-0.03675453121503691
1153,0.004014157197908985,0.0010237304912424916,-0.012136169816560682,-0.022894826051280015
1154,0.004111764112475935,0.0004839389691366214,-0.007991916419466671,-0.022025563920994973
1155,-0.0011663449488048538,-0.0012464851207001915,0.02766506856924078,-0.012473049400911762
1156,0.019596497802712776,0.00683725010500133,-0.056088832645506514,-0.04967381996443887
1157,0.002726148082349167,9.662343517655159e-05,3.334052034542623e-05,-0.022176245029536967
1158,0.012157055833590835,0.004172042868535508,-0.03867943504682253,-0.0364366493238788
1159,0.004862579045299298,0.0006623496859840539,-0.023132699386417543,-0.028275643211381096
1160,0.003599702315433384,0.001339019376648265,-0.02786181205487448,-0.03037361618887291
1161,0.011901468973231855,0.002870520936595511,-0.016099826055709587,-0.04078759533405363
1162,0.009581572138445016,0.0022962857044632468,-0.01748889185057073,-0.03520038758646671
1163,0.02007667540602498,0.005830258374560221,-0.044747760121064795,-0.05783598669510481
1164,0.006838294067974204,0.0025309483202686223,-0.03324862498780157,-0.03010811121945922
1165,0.007568077868229106,0.0020731848195601477,-0.028753095194138656,-0.026263281215461398
1166,0.0010078448447626842,-0.001205299905743168,0.006038963488154192,-0.014499603559912089
1167,0.012837409633088104,0.002251690313370247,0.0022798828351185962,-0.03663915663915662
1168,0.007342156076981854,0.001948528954173745,-0.01675231061359833,-0.03150090627909452
1169,0.008450269284262402,0.002045343465950228,-0.028124025966200006,-0.04143286842935279
1170,-0.0017604210385251395,-0.0003717130980314398,0.0013784347682959663,-0.00655221923965299
1171,0.010325711959927153,0.0025240163412927064,-0.02582789037975597,-0.029765099813409024
1172,0.004238105187689634,0.0006923882353944422,-0.014256133197192822,-0.02745093032361301
1173,0.0013895959538610114,-0.0001450435089989932,-0.01654916947067686,-0.011201318001936245
1174,0.006380109311534987,0.0011266550449862411,-0.004571280877136152,-0.02492061964783987
1175,0.011237462653451713,0.0020936911115473633,-0.020165423062546206,-0.03917676851397922
1176,0.008741572541172027,0.0021203904172485133,-0.011919168818502024,-0.03534513245884774
1177,0.014932062481263109,0.004013568551343855,-0.026797601703177576,-0.04165627846570752
1178,0.007724745800271826,0.0022065621830794913,-0.039659985082402205,-0.024521385893541248
1179,0.006880680820699481,0.0015311012091097087,-0.026944850039680668,-0.03307700260608859
1180,0.00902240776825075,0.002550199221041216,-0.022044893291746248,-0.03802838782571838
1181,0.011972947579491078,0.0034073501292460062,-0.04085874496578812,-0.049208449208449245
1182,0.011919995170746711,0.0037122984025496353,-0.03381995026155382,-0.047397508161443724
1183,0.014417900886321111,0.003555601237011652,-0.028903688475552247,-0.04811714369236497
1184,0.013400474827899078,0.003500276867543173,-0.03094660303689656,-0.054677180482728294
1185,0.01211744127922515,0.0017645811181142002,-0.006831179001946519,-0.04050993020208893
1186,0.020070954166455546,0.005830838227501162,-0.048076325036509326,-0.06150414589625841
1187,0.008264684769497266,0.002398057477127097,-0.02889932746158297,-0.0386957973862162
1188,0.004351059056272866,0.0004689556641051529,-0.01011394132789184,-0.022897876604836775
1189,0.008804374613959332,0.0018323419522507933,-0.015259350834872287,-0.03741430543090507
1190,0.011438688882181913,0.0025574398957281252,-0.023532866464878954,-0.04199869535588774
1191,0.010674815669869941,0.0031837603675496096,-0.030678629568517968,-0.0361428187094045
1192,0.009830507872631844,0.002063750122581559,-0.021411978298375323,-0.04010052810469089
1193,0.01433791370382087,0.0033880301780478683,-0.029468312748271497,-0.055235477765015584
1194,0.003711364720508925,0.0007530569986587132,-0.010874587765555832,-0.024256858904879497
1195,0.012164166000176668,0.003258637483490978,-0.02149249400940123,-0.040151404270543756
1196,0.01316543898768624,0.0035706593141575926,-0.032249632143698526,-0.044680353922999294
1197,0.01536891606590346,0.0033541701462213025,-0.036788964431575366,-0.046483343151973555
1198,0.0067907379350696795,0.00012115009738669635,0.014724910252432444,-0.03044728609383618
1199,0.017091800910232213,0.004853955725935083,-0.037789211126126876,-0.05657105323634537
1200,0.0032448243574076385,0.0002931133401227193,-0.010700528088287475,-0.023834778174400717
1201,0.010658402726737681,0.002700483590365288,-0.003662623124024267,-0.03323554834173148
1202,0.005638734878882834,0.0006716882175280547,-0.015268722473837093,-0.028653778176577882
1203,-0.001420896734157684,-0.0018222145253301847,0.02114096659987985,-0.014697426609577957
1204,0.008509671245266692,0.0020185576843648745,-0.018789868260462916,-0.03493453431765903
1205,0.020952888360434907,0.005283611858481724,-0.03972866485679877,-0.0639087015794233
1206,0.006972222175478104,0.0018485181711528076,-0.024819779146028176,-0.03141085457993431
1207,0.0036491256756934765,0.0005187203032298859,-0.006109312624876295,-0.018448733879818713
1208,0.00703699248104761,0.001655645170646508,-0.021728019468812254,-0.03228751617132031
1209,0.0028557764062428492,8.706984996029177e-05,-0.018013846471500616,-0.02209871544775288
1210,0.006133357758075109,0.00030855260532156037,0.0028085031943503314,-0.026438411013677388
1211,0.01180919905878186,0.00412563475354627,-0.029884349085237183,-0.047283039390878745
1212,0.007798311039580452,0.0019786240499858054,-0.005792758513611329,-0.034680419145515895
1213,0.009993322332498944,0.0024248834183372148,-0.015604712206551463,-0.0389581444481637
1214,0.004327268793562711,0.001993624766785357,-0.02608312249720912,-0.028919368954474334
1215,0.00019296775312788172,-0.0016271814152780395,0.0026436981541238525,-0.015509073997966638
1216,0.014228379269788705,0.003739175093138092,-0.030582564908690046,-0.04701466450639502
1217,0.010884033311829355,0.0029901247993443514,-0.026281793977957768,-0.052079025482253294
1218,0.003488568756372934,0.0008463834732170272,-0.002388498135434347,-0.0262491988913931
1219,0.00878092072717529,0.002433102530970177,-0.025040309055214982,-0.03292768509362354
1220,0.013106234652607296,0.0034843256955400526,-0.02089908096998594,-0.03784917140071942
1221,0.005675845106039801,0.000943814005712057,-0.017590150746101874,-0.030951180973656234
1222,0.01847072686514173,0.006479778063359171,-0.05275222899782078,-0.049512309608819915
1223,0.010443011297651017,0.003105998168790508,-0.03562622542702304,-0.03965005960094958
1224,0.003993909482650049,-7.162284471812219e-06,0.001474073519324881,-0.022832799656950953
1225,0.01299242693453817,0.0032790831859894343,-0.02418831947966904,-0.053249181860682504
1226,0.004589705765593033,-0.0003109490875598808,-0.005444870422346648,-0.02443251947851588
1227,0.012405205095201821,0.002759024125292636,-0.02140728425496541,-0.032324921343865
1228,0.018376469089276815,0.006053647699731962,-0.06182993017061378,-0.05434494323383221
1229,0.003931129588670201,0.0006937604194720004,-0.017319161644042236,-0.0251369551930829
1230,0.019233663139456236,0.0046601114198033255,-0.03657839106466515,-0.05395248029725619
1231,0.015310977013951288,0.004120441577917161,-0.02444359649413974,-0.051871405270838666
1232,0.01715441030404169,0.004850569672824989,-0.03952235850264446,-0.055506780324298566
1233,0.0035967658754312293,-0.0006894560669410965,-0.01000862601237168,-0.01738870155695038
1234,0.0035548771720482764,0.0007349908547586159,-0.016899384237868298,-0.01835783274965974
1235,0.016220541125502752,0.004803455009611296,-0.03272918813550546,-0.048649238291715635
1236,0.004578524155101293,0.0013953790009181843,-0.03272580402763198,-0.027442982105767566
1237,0.010934007323102624,0.002012074344702741,-0.022982026208477058,-0.0409053655472289
1238,0.007987226103676748,0.00278086400915889,-0.03340869991105466,-0.027259474310492027
1239,-0.0024783358479078532,-0.00212226588101902,0.00557437087776419,-0.008696615329234159
1240,0.007862367107509427,0.0015793085267747364,-0.009841761983888864,-0.02876905146135922
1241,-0.003924149985655989,-0.002223597392484594,0.0041456394274447805,-0.013258087562977305
1242,0.008869080026557674,0.0021202668107060396,-0.015330612906776009,-0.03455596577813291
1243,0.00666463001722889,0.0003942208424092264,-0.0005384413541367206,-0.026701618220076218
1244,0.01366489377871788,0.003221714613882376,-0.0332493906284011,-0.049110062522890185
1245,0.010752784435691165,0.002406275580913525,-0.019824212262214314,-0.03687600521955525
1246,0.009127775351895517,0.0021082295937130957,-0.009988867415019587,-0.03231885967694981
1247,0.011524839437670187,0.0037702144308703334,-0.03540603622017513,-0.03614423501588515
1248,0.011614794217318203,0.0026229525455044034,-0.016624458218122085,-0.037469676105278515
1249,0.007644590766072157,0.0017434531319218682,-0.019952443797639496,-0.02970618270290859
1250,-0.0030574769222629916,-0.001432198768871712,0.004355035662688911,-0.002165221433913511
1251,0.011722083128003935,0.002899998897247069,-0.029653515255624485,-0.04434003792496277
1252,0.008290222927484048,0.0017567207406678775,-0.03293183378888126,-0.036792856583796496
1253,0.01112818835003132,0.0025218803736895556,-0.010947354662948994,-0.042060297230687826
1254,0.009051798919896492,0.0021435467890278948,-0.02602021570996438,-0.0319777453378749
1255,0.010496791362659463,0.0029528941116066243,-0.029577521396191797,-0.05010694918815839
1256,0.015689552683042673,0.0035076038709649926,-0.019418164866227272,-0.056863832414999704
1257,0.010742631253637502,0.002613288610434722,-0.022985816156483263,-0.041111898664897506
1258,0.010324629622894876,0.0034456655213469245,-0.03543345534016318,-0.03623750451643992
1259,0.01099271542712621,0.0027533040689324273,-0.0275839272028488,-0.04100903960798874
1260,0.012663736311441243,0.003960138314630768,-0.026183292910304634,-0.042817562034013656
1261,0.01938685309148025,0.005323114063607609,-0.03959698403419476,-0.06284055296991553
1262,0.014288915204141273,0.003749758523928809,-0.026330462253399967,-0.04118981251926401
1263,0.0015054444794854183,0.00018393384568615723,-0.002957359168161533,-0.0179945086868325
1264,0.009788199242825812,0.002499843488444786,-0.010664101147404625,-0.03172628874156491
1265,0.006967799878336012,0.0014429894937237897,-0.027911820163054768,-0.02734652432528417
1266,0.008247658923017487,0.0018956289589625863,-0.022749710200238638,-0.024804073676254035
1267,0.010664708646805798,0.002250664965064819,-0.01037326776655928,-0.03773174325759909
1268,0.010162409966272268,0.002314259773732563,-0.01584814658372713,-0.03798277244309911
1269,0.01345350622341518,0.0029007877025255535,-0.03718616583470638,-0.04594151567485283
1270,0.015553607573210504,0.004161323952882545,-0.04450313537754014,-0.04725606034714247
1271,0.006935254774361077,0.001359073594059318,-0.02495428191259874,-0.03844219204180743
1272,0.013381438506477328,0.004227915653291586,-0.044383250663297846,-0.04117879683190506
1273,0.011858686242171235,0.0033798129147693534,-0.0226164737673335,-0.038795813357216824
1274,0.010643405736971312,0.002824522039246713,-0.026763089783455485,-0.042226696999508095
1275,0.007317294294495014,0.0011674713192887654,-0.004685692079114068,-0.028805177252680503
1276,0.007368603086635894,0.0015650455131388519,-0.0034853121350120198,-0.02979278010549047
1277,0.005452583211203232,0.0008358071679621937,-0.0033095042477362946,-0.026014717508970442
1278,0.0077964692066871955,0.001644728576938731,-0.017923446370198326,-0.03703234849113968
1279,0.017920061447094682,0.006486437760651997,-0.0525678463723141,-0.05466885441527447
1280,0.0065735115405100575,0.0014546761554704302,-0.016515529446038235,-0.02269136142657502
1281,0.005665597821949975,0.0008130876115481356,0.008670355775207195,-0.022422605000858686
1282,0.010478527436680318,0.003585892243605865,-0.03671533877732225,-0.03958563535911608
1283,0.012940357135793779,0.0038397840820927898,-0.0345107101750739,-0.041412191412191324
1284,0.00935242410357262,0.0027476783748766054,-0.03855876913061507,-0.04019538551673463
1285,0.003932917749392417,0.0010706534793733236,-0.015929587778709675,-0.021811851473042876
1286,0.009890554307480537,0.0028664169931283123,-0.03240481932032252,-0.03901227441674382
1287,0.00931940454172886,0.0024704346404311184,-0.017494812327137454,-0.02918786856143507
1288,0.0025303650103449815,2.193635623110035e-05,-0.013832576837396138,-0.025365157967014773
1289,0.011375057278638079,0.0031105112901296528,-0.028779209275130058,-0.03761259987939092
1290,0.014041814705960998,0.004045417613688873,-0.03409643841595161,-0.05115129929770945
1291,0.010178362070171643,0.0023425458212056327,-0.018540983316905624,-0.032877654768849074
1292,0.013867130618699042,0.003339198134862026,-0.021882268125723858,-0.04463293360631759
1293,0.00536388432756596,0.0015742311059711855,-0.029996289235243556,-0.0237821049835516
1294,0.008165049479555375,0.0020091775267273293,-0.019408325936027426,-0.03648940934340783
1295,0.004010796417256823,0.0009049800408411635,-0.010387779360788219,-0.01828675681441616
1296,0.00298179331499826,0.00046421644004837614,-0.02193163282079874,-0.019978820755659377
1297,0.006148712613211871,0.001253166392401417,-0.013801442306849487,-0.0338084748985803
1298,-0.001085477445907923,-0.0011797792860303302,0.012794857325582332,-0.013962169190118723
1299,0.006038937568092706,0.0015146227211929042,-0.017802280908555457,-0.026294983200774946
1300,0.014938580215309583,0.004520420552325155,-0.04571624544957731,-0.045019864124685505
1301,0.005107053177122123,0.0011146291954885201,-0.014580523973859116,-0.026018530486187186
1302,0.0035898080040596136,0.0007374196046613934,-0.016699410986701746,-0.017902062720107303
1303,0.012367501325415808,0.002948952191627441,-0.028439097135920077,-0.041818659119414736
1304,0.011155155380608406,0.0034568970895306472,-0.03986812959073083,-0.045409419082020896
1305,0.018748218376633152,0.005902638008989186,-0.0406825686656046,-0.05269231728921819
1306,0.014341979611822209,0.003834566728822597,-0.0366463408748785,-0.04714843359668375
1307,0.005803700431708525,0.0011268563917523344,-0.020678957958528033,-0.020664096101644436
1308,0.007227057074743748,0.002052594791384532,-0.022919391871370653,-0.025888648435963058
1309,0.007579388779249019,0.003191444785822728,-0.03660124879102733,-0.03203836751101985
1310,0.012797882512273762,0.0032008537650931035,-0.02975425824577993,-0.04792027939436305
1311,0.01711692257876757,0.004354936188970565,-0.03202155770140258,-0.05103595368677627
1312,0.004001714248518029,0.0002393826886933348,-0.010279434817483946,-0.03000820916579361
1313,0.006497544347943196,0.0016560708064348173,-0.01553470915542976,-0.031128346805374796
1314,0.009315382867152944,0.0018481078826446673,-0.01686345946172385,-0.03298141736907145
1315,0.017743118289454185,0.004145069048214406,-0.0314012358195479,-0.05566128090463707
1316,0.006181164339581824,0.0020079662336555115,-0.028806253544150173,-0.025610409081173735
1317,0.01298681838503829,0.0031461709078224043,-0.02656923357461982,-0.04583019720006021
1318,0.0014610489394402126,-4.13407230874796e-05,-0.0044900051311828615,-0.020074591884566062
1319,0.013303944837858794,0.0033710441081055698,-0.03743513057588932,-0.049902962102592374
1320,0.00803826004423136,0.002065801762220709,-0.018497981275700015,-0.03489839194755795
1321,0.007265937431442326,0.0012620179103659812,-0.007968236308837973,-0.028846153846153855
1322,0.009248979655109957,0.0016624506397537597,-0.018244989775766052,-0.03570041652703426
1323,0.0021309430183057976,-0.0008592083391333327,0.0012255960455354598,-0.014608292367182751
1324,0.009051657915912004,0.0019270499031547317,-0.011327504160449864,-0.03785916807724887
1325,0.005308982964938425,0.0007762037976716263,-0.012511117064227306,-0.023634080932379287
1326,0.0078044183549323964,0.0026259958745671885,-0.02744593600981937,-0.03427777866458093
1327,0.0012099905567047875,0.000680488646397498,-0.021026651716027522,-0.016892780441753574
1328,0.01298701430631799,0.003127008405217069,-0.02821549809866375,-0.05027310518174777
1329,-0.00617797656591651,-0.002798858719860492,0.01791038801574757,-0.0030177222598167797
1330,0.013298880106803412,0.0036650581358093626,-0.03264604259575282,-0.04160450643521807
1331,0.009723123167080794,0.0024881439729981525,-0.031536843868523845,-0.04015961439690252
1332,0.0057126174307619015,0.0012769801827196003,-0.01672333609003379,-0.02773226188498279
1333,0.017403018144176552,0.0050308495793995045,-0.03630213146155231,-0.05419183922441484
1334,0.01193357139856438,0.0027985326527559806,-0.027538239507735207,-0.043470492708123976
1335,0.017013600488223646,0.004270236412782791,-0.03483284802545383,-0.05175754978824998
1336,0.0021776938482110375,-0.0007723114770319117,-0.0034109876584129117,-0.023747985553541073
1337,0.004601843904560976,0.0008987229612663628,-0.019409156024729757,-0.025132654972220614
1338,0.01692009640537384,0.003971941407237195,-0.02948230344842534,-0.05244466268792014
1339,0.009467831865361487,0.0027549031150137515,-0.026906784161416064,-0.0452054361378571
1340,-0.0017997876037978422,-0.001095794082833057,-0.005129465030633662,-0.011773824462980698
1341,0.015689663259033426,0.004634898751468802,-0.041416246023501635,-0.045151592356687864
1342,0.01014519036534589,0.002885416914908151,-0.029230099635399187,-0.03790727418065554
1343,0.011848487191655321,0.003738843289398386,-0.024483254160242662,-0.04796039451379264
1344,8.363162241908917e-05,-0.0004105203622005449,-0.0013881561326640202,-0.012468850264087172
1345,0.01824113240131231,0.005175979186691965,-0.04695905440035453,-0.04680283648255168
1346,0.005349051249637915,0.0011092088524393695,-0.024581765383019927,-0.029518671069790225
1347,0.003573949506778973,6.395071591747126e-05,-0.013188779916130378,-0.019805921242280977
1348,0.013534665626045772,0.0028354873599148733,-0.01857429771519964,-0.04889524945338897
1349,0.007823718037363037,0.0013812279327836408,-0.015229248042107624,-0.031617192140932615
1350,0.014563005193417466,0.0038712706485658777,-0.03462578297114011,-0.04076895645231038
1351,0.007880400628498985,0.0016192434465205907,-0.01809074862689053,-0.030630492309637547
1352,0.008110995751752448,0.0019411715654280293,-0.0223577667285228,-0.03416046319272137
1353,0.009882525438636214,0.003200865909230022,-0.03476906660839285,-0.035253301320528285
1354,0.00709068612774022,0.0011651508739718708,-0.02011184438838881,-0.041016720191670575
1355,0.007540033244922362,0.0024242253704013506,-0.02796686162444678,-0.03066819801513676
1356,0.016088848398629618,0.004694216500298998,-0.04773611607560646,-0.0546150214736455
1357,0.013104296001986149,0.0030066764448644923,-0.027815585399185994,-0.044211815524533904
1358,0.012037503628288315,0.0035694971573236867,-0.04218572728143272,-0.04172773629624116
1359,0.010826468340354167,0.0025717300060024983,-0.027575093116312455,-0.05328548887870921
1360,0.0090979349393564,0.002860857357428248,-0.023905647957514098,-0.032726066036170565
1361,0.012826008534552902,0.0030018496997911426,-0.0318282098684185,-0.042659142659142724
1362,0.014211324530761682,0.003938078669745854,-0.022820253520450973,-0.04074174348037962
1363,0.012629685702392424,0.003204248258380199,-0.025116254048187903,-0.04371225212585761
1364,0.018128877216812223,0.005374576564480926,-0.04250314442155545,-0.05671615902310412
1365,0.009623053596161335,0.00289325602303786,-0.022988295655705593,-0.028224395265054047
1366,0.019766348488696905,0.006154505890559575,-0.05570697343495046,-0.054170785961443424
1367,0.011277773030913152,0.0027842144170092398,-0.022554726490525367,-0.03478107565834809
1368,0.004225516011208574,4.7727599997410275e-05,-0.01756208184329011,-0.028832841445542323
1369,0.005243989806407057,0.001510294680041352,-0.026068114560581446,-0.03341503703720872
1370,0.007888407101831196,0.002709570593046523,-0.023178538679034744,-0.029882770870337416
1371,0.008200538574848315,0.0014930723974663496,-0.003413379209096068,-0.03240937723767923
1372,0.005022341377762141,0.0011340234516064307,-0.011443361870991375,-0.032934460072250316
1373,0.003700373548621183,0.0007156125203750252,-0.02178892014080941,-0.027776213933849436
1374,0.007614844917592234,0.0023358998729245406,-0.019472023884000877,-0.03536887706536285
1375,0.011198713704853702,0.00423902142789459,-0.038289568279399055,-0.03621487947849811
1376,0.008957433483475663,0.003023598476085465,-0.025916165393188972,-0.029929909366580576
1377,0.008940511574634491,0.00150668010884919,-0.011573810948826257,-0.03442555636395428
1378,0.012866451017572333,0.003644738320263241,-0.02839958857027758,-0.04749440641123581
1379,0.011244472053525134,0.002248777108757455,-0.024148663230164513,-0.0501871355948027
1380,0.017275570215506575,0.004845016209098468,-0.03758329367475799,-0.055403071292888795
1381,0.0059235020313344044,0.0012552200073638053,-0.013181766611438717,-0.026678699749169477
1382,0.0077893998501220585,0.0018249680439945404,-0.01506525515429491,-0.033137254901960844
1383,0.008979800099840007,0.002040243940178016,-0.013689654512659133,-0.03322072072072091
1384,0.004276985704751657,0.0010865977073978017,-0.009851701640833932,-0.032437942433030886
1385,0.005523607263011265,0.0010343475496717158,-0.01378619739067427,-0.02854256586171766
1386,0.00741234766274923,0.0013001738050519296,-0.01950550664100542,-0.0385728134323442
1387,0.02185005594278666,0.006666969662405403,-0.04731452158837168,-0.054257774447358464
1388,0.005037527055676283,0.00028861072964833645,-0.015522508298684956,-0.03142537463240569
1389,0.014606111824568058,0.004157778943527396,-0.02324699869973701,-0.05142959686352244
1390,0.005756032448384962,0.0018689263418442958,-0.02161794458782218,-0.03393076601031797
1391,0.007727587410470749,0.0021069491852753197,-0.019931411873274463,-0.035799790775884466
1392,0.014611724007589033,0.004682752324421918,-0.03397915421299469,-0.042647565826373746
1393,0.009261454562425997,0.0021511040872827514,-0.025957951771962973,-0.033634251290877715
1394,0.00445664903827292,0.0001941799806287614,-0.008575940202871168,-0.031625305245461144
1395,0.01899581673038986,0.006045408737585439,-0.04510758095696327,-0.05336986339279837
1396,0.007623871613458011,0.0018487705736636995,-0.01988277000012051,-0.04010012045952205
1397,0.0011696637180262925,-0.00046578286206350183,-0.001363779568590795,-0.02147773610037751
1398,0.019044351144395177,0.006222723927383711,-0.05078675082583234,-0.05677860042666205
1399,0.008531689235007578,0.0017604074997484565,-0.014324538848648483,-0.03596648245831535
1400,0.010449895326717695,0.003103390106274695,-0.027049455798022315,-0.03951219422176944
1401,0.006764652755100631,0.0016347874671589213,-0.020090029096360873,-0.02787200065969231
1402,0.008135735122764887,0.0018711085145604045,-0.019913946305448516,-0.03699775444760245
1403,0.009916980328438685,0.002630911736791419,-0.020478142632419094,-0.03762497004712573
1404,0.0073393600574142015,0.0020321356402727697,-0.02317011945974895,-0.032767598422623556
1405,0.011185603138497702,0.0036664479270978045,-0.03495155074364914,-0.03498176775875639
1406,0.012575074824272336,0.0033912350224329646,-0.03445598454337817,-0.042337198093504
1407,0.01398976538933544,0.002835475628451961,-0.00293357472717104,-0.04675285986653954
1408,0.010578782548198329,0.003076306553247893,-0.04015008298781436,-0.037347241848537216
1409,0.00553927113259628,0.001277727385281674,-0.013855266612352923,-0.024071473158551848
1410,0.005689240796604433,0.0008286775698919391,-0.014454992746278539,-0.02275215115469076
1411,0.001906864164707589,-0.00029068964107828443,-0.008250539527355216,-0.02199575047844793
1412,0.008102253138543736,0.0020827231849034067,-0.028528832795982617,-0.03717170959025706
1413,0.007059594449981443,0.0018420888409608205,-0.025104976476130192,-0.03825477326415383
1414,0.008437824892843782,0.002017564715002501,-0.032860036679520754,-0.032822415487331114
1415,0.014707032396128639,0.004401715652943811,-0.04357673809585594,-0.05101973745525257
1416,-0.0018884946487662257,-0.0017969121917831843,-0.0027182478288153566,-0.008386153640137617
1417,0.01328007591627145,0.0035683034733222097,-0.027150982028874504,-0.041686404547607636
1418,0.016117950677973614,0.004463353583835206,-0.04103819551379384,-0.044664428501348996
1419,0.013552637507989462,0.004138502681386408,-0.04994161323632723,-0.0529928634418001
1420,0.004489251380341175,0.0010317302390811522,-0.012681437949156216,-0.019845252756032772
1421,0.006357054498798642,0.002068677594770252,-0.023751108438728963,-0.032472196510681894
1422,0.0040578544373292,0.0008505296940760632,-0.00013489555191903424,-0.024126698920692857
1423,0.004676677744531843,0.0017566100156360676,-0.02038187939928432,-0.019901032702237642
1424,0.005431448324883625,0.0003899563167795439,-0.002971048402821974,-0.02149241505168953
1425,0.006521042721728598,0.0014914746671272072,-0.019109363811783575,-0.02803539757611584
1426,0.007193562005588183,0.0010699272932665205,0.009490666340152831,-0.02922389951195603
1427,0.008022588326192293,0.0015754468833621693,-0.012815674548152578,-0.03173258090734443
1428,0.008074293158603085,0.0015662517699269185,-0.01756748638345118,-0.03813483551863717
1429,0.003312389862149989,-0.0005419310813392086,-0.00452314285183375,-0.02133910688120877
1430,0.011168195998537356,0.003739896023151057,-0.04055038910716424,-0.039945789156178524
1431,0.004028320200474,0.00028427912113904164,-0.0022718608052065825,-0.025211740307439
1432,0.005758928528690199,0.0009147760208322309,-0.003795594878350017,-0.024210903873744583
1433,0.004713028098220495,0.0007717279425566992,-0.002980428261209034,-0.025484359237273324
1434,0.006149143221536757,0.0015069647472170378,-0.03267139920686685,-0.029456804823094096
1435,0.0013978168277688496,-0.00014545918714514716,-0.0024849070084845826,-0.021060351719898174
1436,0.008801717723800284,0.0017217545061400663,0.002938896239621236,-0.035727959066838455
1437,0.012337407266881706,0.002711034481629182,-0.020903369222960044,-0.04156879909388278
1438,0.010581612860412648,0.0019994445791133575,-0.018842729525773816,-0.0370563535532461
1439,0.004804238606341438,0.0005190074123690991,-0.009791859065644504,-0.02769315426129315
1440,0.004128659995834616,0.0002517622780265627,-0.011186324797498148,-0.030035335689045817
1441,0.00807072027803768,0.001663105071411597,-0.014459255732874654,-0.026180491849701393
1442,0.003573985542883129,0.001315873322440153,-0.018472716271519696,-0.01794320486815415
1443,0.005852435189989791,0.001131878180080842,-0.010331802357836484,-0.03262563626751114
1444,0.007273866787725791,0.0023095367630322217,-0.03175418961669996,-0.024331991406103315
1445,0.004380676411239515,0.0005553478427372804,-0.020885534554272334,-0.020107946889524775
1446,0.01271796249615198,0.0029405710587212808,-0.019324533015875223,-0.04079751248720409
1447,0.013889714531700736,0.003495154357599395,-0.02129564574078241,-0.047079646017699206
1448,0.006416701693769289,0.0007233418255897517,-0.0072221059453718706,-0.03007947954259027
1449,0.011914719990129163,0.002371400554535108,-0.026035082506187468,-0.04539227503545895
1450,0.007952263449441221,0.0019095279292226652,-0.0285436061867107,-0.03232565466198323
1451,0.012281098372507071,0.002844220220002691,-0.03374333978069849,-0.04452263734936135
1452,0.0004512249822252734,0.00018769900052609256,-0.0024791921946018536,-0.01801239193789339
1453,0.008982088244375852,0.002393589643378824,-0.024571397545660456,-0.030681543168564418
1454,0.016104248221564144,0.003959259117182173,-0.03332498932404898,-0.05729180276463974
1455,-0.0016741190158718888,-0.0015824638402078262,-0.003117439084273921,-0.010306986606474888
1456,0.006026707789918095,0.001195507516332378,-0.0042349291193036764,-0.031678827067482374
1457,0.016222992471262243,0.004662239334806667,-0.03778335530729843,-0.04559271798201414
1458,0.010110243007232511,0.0021922745199330074,-0.03350035755955122,-0.0300686793532694
1459,-0.006810229881335839,-0.001190669290858537,-0.0025712351077773477,0.0005276493444029695
1460,0.016239707330103936,0.004035591870845845,-0.03423565001150819,-0.047361720569911725
1461,0.00892388265851779,0.0021001767730857157,-0.015583445685291797,-0.03892252509495986
1462,0.013328930086001056,0.003778066552374726,-0.037113422856465794,-0.04672905401360805
1463,0.009469924711401512,0.002144547393038765,-0.005590084675117124,-0.03453151724694803
1464,0.01614579009470385,0.004404040873418502,-0.03112297748283832,-0.05284331370052964
1465,6.782199505295239e-05,-0.0008519106537532573,-0.006770414577655592,-0.01729051433657569
1466,0.0036450299441448397,0.00038672094366079546,-0.0172134540675562,-0.024566291233832138
1467,0.012763369670962088,0.0030700998486150044,-0.015732732318315568,-0.04138412934138447
1468,0.012599281269425,0.0032256466975463527,-0.022501831597556476,-0.044892252816133627
1469,0.0033806758324170794,-9.20928146045108e-05,-0.013173133908932322,-0.031111287397188048
1470,0.007097487527600976,0.0022345451399234384,-0.02354635078369005,-0.02547149262129933
1471,0.012286312142707367,0.0036583204767096367,-0.03830330273814331,-0.045324153757888674
1472,0.014170449151674869,0.0038709185251718514,-0.025160858254373475,-0.04576716278593984
1473,0.008235302425623647,0.0011243763584978805,0.009476773168498265,-0.03017104846373131
1474,0.009908636864317422,0.0021783128456943357,-0.025629776868814125,-0.038881969733562616
1475,0.009336338584044868,0.002735895419084061,-0.02067426205218653,-0.029470640569394857
1476,0.009039077221587366,0.0023877131110144334,-0.03126931338771621,-0.032485784787040006
1477,0.009243296511956656,0.0025066054291116857,-0.03441924935477708,-0.03624627606752728
1478,0.0057177950126242605,0.0022071753840087194,-0.03221056677673939,-0.022536061491005177
1479,0.0049096095219841596,0.0009252416494168747,-0.009019698231656659,-0.026441759555691502
1480,0.004688071643051295,0.00025217588576750827,-0.009447308753428252,-0.019952215908644377
1481,0.011871194074542513,0.0026303518829280392,-0.021053719733994947,-0.04578161825236082
1482,0.021047522996354984,0.005406867942603949,-0.03990970403798305,-0.0691439322671683
1483,0.0080602136630743,0.0025566431978017445,-0.031828527165731924,-0.03705269816386658
1484,0.00857173273645273,0.001153450580904991,-0.014203383192704089,-0.03775316476166446
1485,0.006231125989187181,0.0018120751591597095,-0.021974745261394535,-0.022506593955637588
1486,0.019330933547378026,0.006115775677618396,-0.05035953579883151,-0.0556839630451339
1487,0.019055249644303163,0.005635143301231438,-0.03566988512618313,-0.056415450979649506
1488,0.013211661708457778,0.0045264753657244805,-0.04185152897509353,-0.04539221888064693
1489,0.01021165413221492,0.003058426772481332,-0.022601316930778104,-0.03059693587986345
1490,0.0055250573315719365,0.0007060741965640993,-0.010656576361826486,-0.030024928631739778
1491,-0.003252947939473394,-0.002348524284391945,0.004676655823853293,-0.0013440139298610543
1492,0.010837718660686169,0.0029206592990445313,-0.036266177152118884,-0.04089311894441605
1493,0.019168729908168092,0.005392162093893121,-0.03166703972971158,-0.0599632101601979
1494,0.01070187145572854,0.003164499539926313,-0.0192709671784963,-0.03010523924894004
1495,0.008611842172574713,0.0028396463010420814,-0.040691860546744896,-0.028970674338086533
1496,0.005949962500599593,0.001622254274837781,-0.022865784338172546,-0.027836121333243757
1497,0.002592354879807801,0.00018672479445408507,-0.01503149599692205,-0.024629510918359188
1498,0.008712175519763332,0.0019787136640024017,-0.01695656467244888,-0.025724346708175916
1499,0.007613258600021322,0.0018845857141695233,-0.03307157782031306,-0.034285189184221965
1500,0.0074664359315435025,0.002001762717476041,-0.015437417714402824,-0.033032945662243796
1501,0.004098189005597996,0.0013231269500437182,-0.019021033271091503,-0.023413310478047178
1502,0.003317300642561527,0.00046685518139782944,-0.003193872071281023,-0.024030759108479405
1503,0.009394720076464469,0.002332094541907359,-0.02355020776121758,-0.03500078869221124
1504,0.010798657651555632,0.0019221904042916738,-0.010191568050424205,-0.041736594088720436
1505,0.010082497490797704,0.0019163733086884904,-0.006298278303616234,-0.04157887318981013
1506,0.007294086633141572,0.0015920278945443234,-0.017154901726795346,-0.03006972814396014
1507,0.004035240595022804,0.0007151594026177654,0.0009138863546583886,-0.018233371529767117
1508,0.009172280493754403,0.0019771731283522165,-0.010725249185868702,-0.03109327248278393
1509,-0.0009905312124083299,-0.0018615304447090475,0.009692166223480625,-0.012265126653655978
1510,0.014752029445644688,0.003053422814386114,-0.02244373379277731,-0.04430986422084349
1511,0.009416479404776856,0.002671368017099246,-0.01701708376800637,-0.02988334131856618
1512,0.01010643277954304,0.003025972370732849,-0.032102833411376375,-0.03054521735514082
1513,0.015087792359615437,0.00393408853462629,-0.032178934199466325,-0.04521709810849439
1514,0.009694175196521382,0.0028310892955452083,-0.04256292413238444,-0.03291763671451453
1515,0.005298957961397899,0.0016288593965738118,-0.03085806783174455,-0.017374590724520855
1516,0.013944026112092667,0.0030598988948493944,-0.014836110539338254,-0.03881479537968413
1517,0.00818171341010454,0.0024004706112074614,-0.025408182346611796,-0.030067297292963313
1518,0.003983851046091669,0.0009990051739647565,-0.02680831942497658,-0.01826922765321015
1519,0.011514328977573096,0.0026015057218745086,-0.020973651074283617,-0.03810656890022546
1520,0.0025049139842620027,0.0001449836840395069,-0.021135407681593887,-0.013632689804825238
1521,0.010602745550316706,0.0029296903907571614,-0.022897759173711674,-0.03886182761287771
1522,0.006309053310967816,0.001672512481196875,-0.024894472576131088,-0.02683353285867307
1523,0.01832624586879472,0.005056439806018803,-0.031115787763380254,-0.05253734063720994
1524,0.008096058599239175,0.0008975589062139577,-0.006615790655714271,-0.03416053962839938
1525,0.005599036832464044,0.0012384905615513697,-0.013689075415883711,-0.025525051568318302
1526,0.008604349668903,0.001831643203759975,-0.009398425484543893,-0.024841681605347055
1527,0.010051857572143885,0.0019101482690045135,-0.012154173674383817,-0.033946731124473106
1528,0.008362945760755691,0.002337235942917404,-0.02568815978345773,-0.040332300760349216
1529,0.009439413903682192,0.0025380552843074222,-0.029481701525439385,-0.041768417310939276
1530,0.01020336039066816,0.0027481671523376383,-0.030768344157530936,-0.044292476900285926
1531,0.01464719719584645,0.004183979348021283,-0.03570333583401469,-0.04823078831482985
1532,0.0016005682855094738,-0.00046587056237296087,0.010975466588358351,-0.022647227764677536
1533,0.011692652357570554,0.003288610031517647,-0.032764593761614114,-0.036810888533054476
1534,0.004767751652702046,0.0012959855807491705,-0.009683056322749684,-0.025169780209672865
1535,0.015189993336644503,0.004039147174826674,-0.03528857566247129,-0.05300446152249916
1536,0.00026035962826875814,-0.00010044106106252282,-0.0031259358465841602,-0.020154956672137847
1537,0.009350405488979585,0.002024691598876416,-0.025949210025157154,-0.0359877785112076
1538,0.005850275863308885,0.0008843884803221291,-0.006147539682538838,-0.02468747543045835
1539,0.008639213376732013,0.001958686916056329,-0.02094499292574642,-0.029036840994333346
1540,0.003680731582549779,0.00011846162094283907,-0.0003295166725692522,-0.02956832808434884
1541,0.013855420630332183,0.004386554673388998,-0.03913535268603002,-0.0416937273799054
1542,0.010748458323236287,0.0030725870618298345,-0.025639352407084037,-0.049757363920184594
1543,0.009375113647762334,0.001639549151909614,-0.007898674886665957,-0.026786723916787047
1544,0.015458504406679563,0.004359637210456069,-0.03291990685649887,-0.044640449591218934
1545,0.01155239772207406,0.002846502671556256,-0.017104912943358253,-0.04497390879481611
1546,0.009374179902036484,0.0025936893664479654,-0.03186433303412628,-0.04124097310608155
1547,3.551048305194815e-05,-0.00023406739305664725,-0.0009465854801787854,-0.014208380044556934
1548,0.005836788944569737,0.001354860911113559,-0.0208785926019478,-0.03087190284044128
1549,0.009693350307649118,0.001547622177397845,-0.00662943551854972,-0.03745242389981629
1550,0.004119563226748446,1.2677482317952071e-05,0.00011987995225276604,-0.022758073328999373
1551,0.012293575362410047,0.003287055471168282,-0.02413728127020398,-0.0419629732308644
1552,0.007053961394791697,0.0018116602169460094,-0.015202987741145924,-0.033060142317207775
1553,0.01009397151118313,0.0021703799674991087,-0.01770533803030583,-0.03216475821157949
1554,0.008381411018931195,0.00251222328206116,-0.030260461607686473,-0.0356964517555749
1555,0.0036064308571732706,0.0007269810320084669,-0.020266521214574063,-0.021264482707668675
1556,0.006502745958703704,0.001562773369958248,-0.014995540112530792,-0.020824949698189044
1557,0.01077296276483447,0.0027062086166776134,-0.0305311707482267,-0.04115679052021792
1558,0.012653792467250846,0.0036524914928127983,-0.02987615719405956,-0.035607125762833536
1559,0.011519781497155768,0.002963260683547575,-0.030538226636705856,-0.03910243356073717
1560,0.00836976135877987,0.0024101518195216443,-0.017288292960121632,-0.03529247230813748
1561,0.003950410042692698,0.0009218795137569125,-0.020231429881901908,-0.018880723743450623
1562,0.005284952152774469,0.001292680183119982,-0.01595631040166945,-0.023891436695475332
1563,-0.003294405550146595,-0.0013934674378321965,0.012268533590403474,-0.006960079061958169
1564,0.0077434923326420435,0.001108561618499676,-0.005741043875410579,-0.02813790649105763
1565,0.005965235951013004,0.0018633657343737342,-0.01590506078754389,-0.026145293094445687
1566,0.004794223544493992,0.0007999861510616657,-0.006908591351265758,-0.023308432328761453
1567,0.009277245540018408,0.0019368406398254934,-0.0054904832537351345,-0.027902785879316605
1568,0.015308309472866544,0.0049013451463318924,-0.04134571323473407,-0.04362152010622655
1569,0.0072357854381036035,0.00192452141823643,-0.025785597294488483,-0.03272653497211675
1570,0.017819419131044456,0.005472904187878075,-0.045686259421248376,-0.05017597983835931
1571,0.0171629874052307,0.005414321227945024,-0.04728112084082048,-0.04451602544147382
1572,0.007755208333321328,0.0026502378178192842,-0.04059534120090169,-0.02955640152274086
1573,0.016196215921992052,0.004517677308585738,-0.03207844330307669,-0.0427594537052256
1574,0.011195762849647961,0.0028947197787583534,-0.01880716283374495,-0.034367792820548915
1575,0.0031417315753689,0.00024160776045042964,-0.0023252851468362756,-0.02191943022795495
1576,0.006941253325246477,0.0011890511787141234,-0.005668887229508479,-0.031778729038027476
1577,0.011433735681134483,0.0035399508416655012,-0.03433353439128661,-0.04161456890752979
1578,0.010340317041766744,0.00310871441237609,-0.026384052632621113,-0.03697135849812416
1579,0.009968738280141665,0.0024350134125311063,-0.03142854003867762,-0.04024280575539585
1580,0.013521033236783886,0.003455155978225377,-0.031688380255481874,-0.05138486159306632
1581,0.01670096797024756,0.00472866654369275,-0.031430087960244435,-0.04876510905530418
1582,0.0129586066137658,0.00321722728667162,-0.023003656302099385,-0.04114167256547674
1583,0.002940453896679629,0.0005988691114180156,-0.014262650211513628,-0.022113792182352432
1584,0.0023576537045535972,-0.0005354327137113701,0.00023549789582366643,-0.016005663542484228
1585,0.012435840404756371,0.003865244544402957,-0.04188669440077919,-0.03815215179095954
1586,0.007489278746039663,0.0016367970612174154,-0.020848042947715528,-0.03137305800575829
1587,0.0028424195563592214,0.0007433856181484622,-0.008115965276329906,-0.02666374461246268
1588,0.009031363559010575,0.0014672955382655228,-0.018844263649221316,-0.0343297659848234
1589,0.008940123513520082,0.0019112888588362353,-0.01900097223684838,-0.030421969379046176
1590,0.00914444033105366,0.0019150488981191927,-0.026458551328716662,-0.02971536337463776
1591,-0.0010432657341195029,-0.0019307402913869842,0.01286306091998829,-0.006255937582115512
1592,0.007482511574423367,0.001956968591370206,-0.025746736597545172,-0.030671626277025354
1593,0.006073813412203699,0.0013919936022460944,-0.02341529536069953,-0.03290866510538637
1594,0.005963083834257532,0.000925917109712987,-0.02757781603735604,-0.03641698216691425
1595,0.005280522906852325,0.0009289772937388641,-0.025263243842211736,-0.027487536157218884
1596,0.008978717323173013,0.002301889665269008,-0.018042036974155407,-0.03436680599449493
1597,0.0010203098968607494,-9.156556432909913e-06,-0.007806614731828643,-0.01965274621690305
1598,0.008317229070282317,0.002319410094741542,-0.02184869189196481,-0.02983394381840121
1599,0.008319893298153413,0.001373382720869759,-0.006107207571881379,-0.02941365253112238
1600,-0.0028792851378133255,-0.002075968034206427,0.00032579808090182905,-0.010467489961871967
1601,0.010134022293748157,0.0024223359486594265,-0.02076597900174748,-0.0398563640425299
1602,0.016507510470221864,0.00485575935791932,-0.034186917160060726,-0.056339117822628015
1603,0.01116853696557496,0.0022442047274275345,-0.01686480822503572,-0.039932419735853264
1604,0.012362109542291166,0.0031489614882047046,-0.03142896933276462,-0.045231149576571594
1605,0.008065785834695582,0.0025358553085144953,-0.03204237095727386,-0.042776280200508054
1606,0.00423401196698181,9.334708943639636e-05,-0.00638085278190581,-0.013708579778612173
1607,0.010948944977414332,0.002500253350529641,-0.026990065715056633,-0.03698117554314473
1608,0.0026183331106542918,0.00046970164965320915,-0.008206524707077834,-0.022463688681830685
1609,0.00692308863575225,0.00150254446640391,-0.02251233757190524,-0.028381934940519993
1610,0.005615364856804805,0.0005743051869600835,-0.0005797283430837852,-0.026014231096006757
1611,0.015143721966573653,0.0035852049820531418,-0.034809767588918294,-0.04885790055896211
1612,0.00025322085350742984,-0.0006761010574803383,-0.011052618379701007,-0.026288374459774944
1613,0.012513982635188547,0.0032352618278753964,-0.03279485717019648,-0.04213734161262994
1614,0.007558854125950698,0.0020073222502148824,-0.010228739947357512,-0.028963924336221414
1615,0.009001859311984384,0.002300518663634371,-0.01846414803156915,-0.032925150149365034
1616,0.016057387795253897,0.005269505585569212,-0.04450821585941078,-0.051866241707919314
1617,0.004820874940553499,-9.365339716271848e-05,0.0004595990712498166,-0.030957219183632145
1618,0.00016522025144849461,-0.00021939167719939312,-0.017462079622163784,-0.014418430235477175
1619,0.012597224524172668,0.0030358629208354915,-0.029050245283213316,-0.03877612618514159
1620,0.006616740384609909,0.0011367812513978781,0.00036982995319068124,-0.02404414062202309
1621,0.006661847380829866,0.0021472321319560284,-0.023554842218142524,-0.03554563600450189
1622,0.007727566539703634,0.002084672512872976,-0.026113414970708293,-0.04284280049453104
1623,0.010932291760515578,0.002391945268035739,-0.027341380935986148,-0.04357088535245468
1624,0.008508690560041998,0.0025804961439630514,-0.018749147465785432,-0.030929315301479354
1625,0.01077204067475096,0.002811322073639877,-0.0284496037327564,-0.0435657196588084
1626,0.01847481852475308,0.005496243372846932,-0.03855585382121057,-0.04606269942519259
1627,-0.0005371998577317627,-0.0007315490264463709,-0.007246391955424869,-0.02213668025274418
1628,0.0051078454717981,0.0009022070303736363,-0.006347141310633353,-0.025755889917508434
1629,0.009109969191646416,0.0023806148357072565,-0.019733201324911076,-0.04346769449862231
1630,0.008235205926303668,0.002093911467659637,-0.032552179199265785,-0.040193010828294296
1631,0.004947005539121141,0.0010361354242171272,-0.016424897427381124,-0.031955377975187105
1632,-4.850651125132277e-05,-0.0008574111830744191,-0.0006434700731117182,-0.014158518806172471
1633,0.00185158309339023,0.0003213069887161024,-0.014783073583280293,-0.021661276023141718
1634,0.002297183000284031,-0.0003545627979056887,-0.00044598386069771845,-0.015597242867830041
1635,0.009948811671335656,0.0026699500539704435,-0.021304557151224146,-0.033830642506091024
1636,0.009028688629704629,0.0020357015518150112,-0.015353313578182981,-0.035321086843131844
1637,0.007457689769750697,0.0015486175451985273,-0.015227008461257796,-0.03250987281004658
1638,0.010451636181744273,0.002096564199594947,-0.01309094463991839,-0.03468668132184449
1639,0.004592516668664559,-2.627510461428173e-06,-0.0009434435455045742,-0.02787572911926528
1640,0.00252003225116737,-0.0003505871054283183,0.005649187344214213,-0.01927635227836655
1641,0.019749419321386408,0.005397807893111395,-0.04568185692918314,-0.06634316170647636
1642,0.0036477612300346296,0.0012244778830967362,-0.01538530112522668,-0.02158674199511068
1643,0.010317327527985753,0.0021246759861900666,-0.032500564727879766,-0.047097455681087586
1644,0.007532480869688274,0.0021630535017711228,-0.028381238528218,-0.027092005000457053
1645,0.017130822227214126,0.0051662812942189495,-0.04304574749775586,-0.049649409278647694
1646,0.005304662886229661,0.001200391233075776,-0.023349916780167845,-0.028922926929392467
1647,0.010704991163736133,0.0026356257937972805,-0.03112929956117283,-0.03181660482094906
1648,0.009005938562567317,0.0019338578022795039,-0.026510832367261372,-0.0352329707449448
1649,0.01762016330553612,0.00484337535224047,-0.03631705055237788,-0.05093937142599847
1650,0.005771216520802702,0.0015333769220448323,-0.022815574629835744,-0.02453253052349902
1651,0.001961851278847737,-0.0002848575612679205,-0.0022417671211075185,-0.0168342111390688
1652,0.003507524435739151,-0.00014620071555518366,0.0005551783458423998,-0.019785433176990663
1653,0.01964816954090931,0.005469878916089382,-0.03769188002196322,-0.0574758180695617
1654,0.013049097061842874,0.0034260523200546344,-0.022647420164340626,-0.045360582569884844
1655,0.013311959295491671,0.003696983603010323,-0.03220985941928589,-0.03602387401918128
1656,0.01483388846649536,0.00379141290890439,-0.031368840147456944,-0.05173232414919915
1657,0.006474214728820926,0.000894050566100868,-0.017373561434029683,-0.04022069491363889
1658,0.010199068419966761,0.002052638267497381,-0.016021318972746,-0.03278044593796059
1659,0.005065854619579202,0.0011357610886855718,-0.0077631409022944076,-0.022403920582728554
1660,0.006726573372200839,0.002208674866986171,-0.015464833415160084,-0.026735482335617733
1661,0.009188049777709373,0.0021401780022693717,0.0029550170331079095,-0.029588801781931906
1662,0.006816626606301557,0.0019137884332063315,-0.02620771282812362,-0.028610730925027306
1663,0.008311683037108553,0.002742170575937508,-0.027347223948060884,-0.03540704592400645
1664,0.004898209792608577,0.0013058058447062149,-0.021078111091105856,-0.023683553157473947
1665,0.007284086383247623,0.001106578882611342,-0.015790831206620726,-0.03595292544653639
1666,0.018099951040962847,0.004597526579641936,-0.03685265428640716,-0.05654971429185618
1667,0.005127708290287858,0.0006238678276509202,-0.0008441896891586698,-0.020758359574149177
1668,0.009216355479458094,0.0023359528935563423,-0.03448662231183486,-0.03311819058978038
1669,0.009497889232266465,0.0022796550600605314,-0.02467335493443168,-0.03683536359520978
1670,0.005134806809293901,0.0016236608446510148,-0.024404075363404,-0.02821040258595353
1671,0.011782899239995426,0.002397078968015137,-0.01589742758178414,-0.0362279353279491
1672,0.006770007436081582,0.0014725620513758308,-0.01606435038357995,-0.02722222222222226
1673,0.009689190900165623,0.002115903886115128,-0.02940521126373874,-0.03798513215722521
1674,0.015194196733269938,0.005368654406562617,-0.042049121005795664,-0.05477472057243238
1675,0.005986041976175305,0.0012788930560430622,-0.019994970614257535,-0.028873446483535514
1676,0.004265642905554201,0.0002254368479301938,-0.0030381317607206526,-0.019074661328279507
1677,0.002171991159409581,-0.0009285960902525314,-0.00263648859019755,-0.01687202216849748
1678,0.014311110874126731,0.004252857279624933,-0.03266073424086913,-0.04302374518665364
1679,0.010513639047441792,0.0028358714494218507,-0.038517630677797676,-0.038010008436229814
1680,0.008171182581465541,0.0026627722612976024,-0.028455041960207317,-0.032592885782505965
1681,0.012509581940053194,0.0022782255048192923,-0.019659865104006746,-0.050428560545673795
1682,0.010702345502127064,0.0038396273517707358,-0.03773488947850012,-0.046327519507783355
1683,0.004868422824392593,0.0012568960567124476,-0.020541372793877855,-0.025174575563945645
1684,-0.002903958965443154,-0.0011557973765725094,-0.005125428481394523,-0.014415758524593425
1685,0.006944144446226597,0.001675160576580348,-0.012482761165825973,-0.024920301865770433
1686,0.006328516795312655,0.0008976135338216451,-0.017458300644559888,-0.03246166445454812
1687,0.01172515570093935,0.0029807286815365097,-0.033737816100078255,-0.0471049968659486
1688,0.0071871367821148,0.0016437327112835132,-0.023234965455106116,-0.03324309450526275
1689,0.008732435779442993,0.003250469092300423,-0.03573223026637373,-0.04159840126145187
1690,0.007818962946172514,0.0024182499779722144,-0.029056677260317465,-0.036923056482377925
1691,0.0013635799775039703,-0.00017410217061261668,-7.42091897626973e-05,-0.01952989286751705
1692,0.0024979051001523533,0.00033402887998854047,-0.017715367063757814,-0.022034896167844154
1693,0.003002113817366814,0.000785876363691429,-0.015684683249019837,-0.016258152898171563
1694,0.007386377240186204,0.0017620462969087647,-0.01217920443817,-0.021360198202729164
1695,0.013963346133876064,0.00320054386749849,-0.02205555914093038,-0.051445343392626186
1696,6.467175653690482e-05,-0.0012261886951875078,0.00040815444945396795,-0.014431344922611666
1697,0.012238893461626321,0.002563812571899887,-0.022545280144073754,-0.047020902700702916
1698,0.015391558656663584,0.0043465938109337465,-0.02747390825277274,-0.050782746491136566
1699,0.010020691576182239,0.0020633002398635636,0.00031057877687190594,-0.034169514341928164
1700,0.008491072938142719,0.0021515473003027308,-0.017704255752298947,-0.033499880992587494
1701,0.014876706449025723,0.004346341258032932,-0.037343051292962115,-0.04878804847806095
1702,0.007728921770886188,0.002350980928555818,-0.02772903210272093,-0.03776274207924801
1703,0.00804634699954243,0.0017076896429987498,-0.019101441706509237,-0.029523903050852174
1704,0.012710423089139555,0.002818312225690428,-0.01826370341118666,-0.0429844640758954
1705,0.003251654711826424,0.000374845197760737,-0.012374622942545765,-0.022823685159184093
1706,0.017473226423842914,0.004645432255841658,-0.03819884791626171,-0.05501883040003963
1707,0.004725287608618123,0.0010844851639629227,-0.024176377836014173,-0.018336043360433596
1708,0.005637993248774009,0.0021302960278387906,-0.03458739200591382,-0.0298527463542807
1709,0.011093557383186958,0.0037577115696645624,-0.03114184849592777,-0.043590091667083386
1710,0.016811890526750806,0.0054699694320983205,-0.04828596127801427,-0.04670403141845114
1711,0.007787949519330484,0.0020807269419223506,-0.027563129297810518,-0.03405968390176728
1712,0.007507589710378237,0.0012970757140033928,-0.0007352093526973302,-0.025507011763400866
1713,0.003612412029152745,0.0007041193707154059,-0.0034131345882055797,-0.02398499118107078
1714,0.007302221306494272,0.0014533141696954355,-0.014590099942615398,-0.02884566518053089
1715,0.010181414122410692,0.002359240736179019,-0.0026794342739297483,-0.03245917934774667
1716,0.00708246722115391,0.0011586521327165977,-0.014288682287262156,-0.03374827274382297
1717,0.00488550347324207,0.0009692935193605923,-0.022056075510081263,-0.022376117873656787
1718,0.008344067825370782,0.001971800598986523,-0.026381391923781194,-0.03908935233069821
1719,0.006492831609081928,0.0012710584574860406,-0.019581563570476412,-0.03221764166993846
1720,0.007022862813109598,0.0020744762302644104,-0.026412878226099112,-0.030344794188861934
1721,0.006300245360953527,0.0005517132353053678,0.0003268385520089345,-0.03406544290946434
1722,0.008773074653063262,0.0017598234403067847,-0.016283266985829215,-0.03315542978929176
1723,0.01196352963334324,0.002115422964938718,-0.016190213359026484,-0.04384099150294962
1724,0.010239845449058649,0.002633999386630337,-0.020903175699121757,-0.03971256671006673
1725,-0.005746762349084444,-0.0019681719654963403,0.00014940045346162334,-0.002673187555140788
1726,0.011568362520026965,0.0033576382652634462,-0.03330516494189262,-0.03774218548178754
1727,0.012351451295435634,0.0025967758862203982,-0.019254393246660062,-0.04044584833913456
1728,0.012472710080884797,0.003432555099518231,-0.030699414391653357,-0.04150865693155115
1729,0.004511206148725078,0.00048425394307485825,0.007724985165332654,-0.020113758932993164
1730,0.008725899162545903,0.00259792113762361,-0.04088539831347354,-0.032383319096062735
1731,0.003035373987581691,-0.00035723027753412073,0.006900008729319063,-0.022780948534753875
1732,0.014882811116326833,0.004606000544608302,-0.03777084045990997,-0.04649272762940326
1733,0.005254873418856998,0.0017321096319278806,-0.023837144554702316,-0.024577485293047152
1734,0.006941322385931592,0.0023856651700232268,-0.03136499826907496,-0.03221085619678332
1735,0.0034682370858752365,0.0005625340431327508,-0.007545365958320005,-0.019357315848543943
1736,0.013352894280209138,0.003861006310961562,-0.03184974062269097,-0.04788687606599962
1737,0.01612472223478001,0.004594996227735959,-0.029639917194265286,-0.04166011014948878
1738,0.009578784196190515,0.0026994679133065524,-0.0264959383207215,-0.03509558790443967
1739,0.004608993770608638,0.0007415096877500527,-0.004935020260996181,-0.015510020518874623
1740,0.008821112373946283,0.002753296249708298,-0.02116655436858428,-0.02885772903498318
1741,0.0045236666170754836,0.0005955506238762842,-0.023064938988397676,-0.02337125204699042
1742,0.00834269060067927,0.0028421467979144743,-0.03879387798342265,-0.03276963840399005
1743,0.008932294457050738,0.0021858592607579552,-0.027683647069544015,-0.04312748633676622
1744,0.008317792030329119,0.0026948465608700456,-0.03774604078657362,-0.024831851345189393
1745,-0.0032800340092842273,-0.0020543308737915045,0.00019204401191619258,-0.0072446661466245565
1746,0.021798857488047996,0.006505806350003196,-0.0637999513982983,-0.06576351703430716
1747,0.015494999768428441,0.00439564905143619,-0.03142009262188661,-0.04241916384648736
1748,0.008141026251073713,0.001956904928572867,-0.010293243291867427,-0.033370796159317706
1749,0.0037719085981612888,-0.0001027988849163497,-0.010018905261051037,-0.016300435293858162
1750,0.010226892508106822,0.0029403634892286312,-0.0256690005826975,-0.03840113418506741
1751,0.010956700998491498,0.001775091252545269,-0.016853773831220442,-0.047180183728088854
1752,0.014721293224555176,0.003851143061331469,-0.039470507303054625,-0.04334603867084175
1753,0.011512184951021853,0.003265678153938939,-0.015911514513238523,-0.039028894624206334
1754,0.012733114215075614,0.0029573960932376686,-0.019277722042982837,-0.045950651769087636
1755,0.008573980834925998,0.0014721046781709934,-0.016481115323226436,-0.03629731235800937
1756,0.0143579448474076,0.003398905522903173,-0.018177409114756515,-0.04181578020151466
1757,0.011556282419369068,0.0036251779596152833,-0.03514457743996674,-0.04299610987126079
1758,0.0039088801550657415,0.0005370238368461455,-0.0174792945279425,-0.027367046753808744
1759,0.005437674616570853,0.00016137884436115413,-0.0006370775228030645,-0.031966348072211326
1760,0.009904851855887742,0.0022413913047534817,-0.023543948607376686,-0.03062194765870485
1761,0.012836902543639894,0.002613739220303418,-0.006584713385844321,-0.03287139186346211
1762,0.015498729852370774,0.003582661082684402,-0.02220602424256396,-0.04784146896588659
1763,0.008403875643828163,0.0015659905921803219,-0.019399271398836127,-0.03290935801012029
1764,0.0030260705875871374,0.0004621773048315847,-0.022829859710393696,-0.02436869505300554
1765,0.014543061245536892,0.0036189461468082995,-0.026411622992023487,-0.046515628406365805
1766,0.010158606681521576,0.0017284354259950452,-0.012728818294319322,-0.03926807181456615
1767,0.014852376615644647,0.004648212266302437,-0.04756540833038092,-0.04668808345910891
1768,0.006342553564678166,0.0011334205600881941,-0.009237567474642272,-0.02959998617065418
1769,0.009430131655751461,0.002583857269763401,-0.034650314335959054,-0.03629601128639215
1770,0.006266367158383579,0.0019449981457433096,-0.015368245485675835,-0.031964780836908235
1771,0.006135663686196835,0.0011917386144678077,0.004279176277035723,-0.028972824549084453
1772,0.002044031057790441,-8.929533867269024e-05,-0.01333644848763349,-0.023322781047500074
1773,0.002971221723801154,-0.0004504085788401835,0.0009663766042769528,-0.022830018083182635
1774,0.00046404896265406226,-0.0008183081210202114,-0.0015113457951579923,-0.0169334519045502
1775,0.005422648138409036,0.0008246342931827744,-0.009950988190518428,-0.023540066178715624
1776,0.01575078372460148,0.0048609768457567315,-0.04057139347507965,-0.04943937716675828
1777,0.008281676114097025,0.003554899087939656,-0.032717062812513686,-0.040638701655650866
1778,0.013866855361230557,0.003507562246542306,-0.0211325981727587,-0.03821153478687722
1779,0.014463161286901616,0.005074107095995539,-0.04656756180260202,-0.04858417428212569
1780,0.011443755821305912,0.0022695850364831405,-0.02303430939182005,-0.03857225585483448
1781,-0.000350701939494491,-0.0001810984814983596,-0.007782897034719571,-0.010219572488003648
1782,0.009493290677225596,0.002460397713138829,-0.021616751177068738,-0.03958449778393569
1783,0.01117057975602509,0.0027181577506207866,-0.021531663013472424,-0.041007154529828393
1784,0.0055626422830657996,0.0006545102427922556,0.006532935753931379,-0.029201337835872754
1785,0.01454342600546188,0.0036198387058228865,-0.02721150590122967,-0.05217148182665421
1786,0.007499941923574949,0.002366039784389401,-0.028401861723774402,-0.030830975770941516
1787,0.012784801812871671,0.004487253578859707,-0.050362166842272515,-0.041687400689842335
1788,0.007850497379266574,0.0018545579516225652,-0.022224909065763077,-0.025575012964218824
1789,0.006360792929165693,0.0016829395996410257,-0.009272650059838572,-0.02564511689689708
1790,0.004735730342150912,0.0008355769646160582,-0.014875815355572142,-0.026621506770103553
1791,0.010406045000429132,0.001952039992436455,-0.019242628574065335,-0.04542369151601333
1792,0.007356943074920241,0.0011899326285764178,-0.017864273336615555,-0.024212988780780598
1793,0.007544731577913577,0.001325670277400326,-0.016624065154031642,-0.029322901134776203
1794,0.019447704881931538,0.005767122638626665,-0.04765906340548448,-0.05918198813833375
1795,0.008367251974879364,0.002156544444175429,-0.028263737085781226,-0.03621707421707421
1796,0.017711747080472073,0.005620283111636565,-0.03666676009775349,-0.05297730929490552
1797,0.014319189437592028,0.003867212972143097,-0.04240777152350683,-0.048894720491816646
1798,0.00983855516968185,0.002530991133178201,-0.02090321300923731,-0.034466988119535746
1799,0.008720330119433073,0.002733943688926127,-0.03547550618834311,-0.028133150659858552
1800,0.014385470001251122,0.0043221555825750935,-0.037852623595657664,-0.04859074462007229
1801,0.0032072710962022244,0.0014332983935529398,-0.025233374763478977,-0.02145842460212133
1802,0.008432239752292015,0.002030052674555999,-0.02429287041065964,-0.04077355975712105
1803,0.005993823128059406,0.0012173148725082295,-0.023226984449867483,-0.021454447147877698
1804,0.012858635571533106,0.003314416784992169,-0.03375199878728086,-0.045330028436551206
1805,0.0187655100937823,0.005617268991079588,-0.04475925120987839,-0.06409248206085638
1806,0.011622574555451959,0.0026362825934428957,-0.02271581897079994,-0.04303666657370653
1807,0.012382962756988358,0.0033703431785327975,-0.03621120096950159,-0.047071187902263945
1808,0.006876185951053659,0.0016155917431626143,-0.008373379538044567,-0.027597955706984645
1809,0.01766742810691363,0.004688106058376967,-0.04210176771747037,-0.050012580732984424
1810,0.013081773356451443,0.0034162419926068166,-0.0317351532862844,-0.05330928845880667
1811,0.0022486320506655,0.00026184964635711516,-0.003660831728337144,-0.026026972900568435
1812,0.011102021839687337,0.0017944674666335314,-0.005904327600648962,-0.03800255408442543
1813,0.010545467529979924,0.0026288938474346435,-0.0184841629940094,-0.03496181498348172
1814,0.01174264281904025,0.003084787339682288,-0.03218410605405436,-0.039097377317272475
1815,0.012858012898905313,0.0029530371260512722,-0.03083718205344277,-0.05187586126229515
1816,0.010971423694295046,0.003353673010926178,-0.03236559429543395,-0.032174464060856
1817,0.0023568577832393522,-0.0015766214794136202,0.023264696862687284,-0.008674991621902106
1818,0.011567959653756288,0.0028879947621680002,-0.030421685564297973,-0.04026775796067872
1819,0.007415053171477726,0.0005930702663186349,-1.5215549046820875e-05,-0.029388076124646
1820,-0.00046584396894799873,-0.00097392501840049,-0.008615960941243339,-0.011082180880531034
1821,0.01125718785875629,0.0022721085965304033,-0.023105622152524374,-0.045647304207171335
1822,0.009370310491579936,0.001940731454072142,-0.012055025133584363,-0.03041738822877771
1823,0.008350640931596653,0.0028851529204537985,-0.035884958812857415,-0.045913689280732806
1824,0.008107596887382107,0.0014442657234210732,-0.019873764050929665,-0.03549506341324238
1825,0.006694348957826168,0.0015707068990532813,-0.018891505019150934,-0.029943239025755353
1826,-0.00120436605901042,-0.000941368472865689,0.0014498154490769632,-0.012992942817504183
1827,0.007857046287367275,0.0014313335691704399,-0.014422980523548512,-0.028314171042308045
1828,0.005704056075547803,0.00011263645818304635,-0.005031947768902478,-0.022922217667554756
1829,0.013100158137035356,0.003536306561249647,-0.03138338291612075,-0.04350068381057959
1830,0.0157964191558001,0.004391536143477676,-0.0412339484499758,-0.05413498187806842
1831,0.014751834474333592,0.003906411669775511,-0.03935184480148468,-0.041219121912191126
1832,0.012529289787239106,0.00306706710355778,-0.02434441404802451,-0.03951220517895426
1833,0.010539623653597563,0.0022447443445264004,-0.016463220121312128,-0.03826487383565935
1834,0.014115224259277359,0.004173853536980854,-0.04122249737797007,-0.043920585695910286
1835,0.007768122384899212,0.0016621179588260648,-0.022819345285384485,-0.0331280242391353
1836,0.007491386466652705,0.0018703526966581119,-0.0103098906213282,-0.03004999126216845
1837,0.0048797324110047,0.000678755041475354,-0.004158694011003883,-0.022020500425227185
1838,0.013245189637990984,0.0040253828008463555,-0.03337360359091163,-0.04591299982733121
1839,0.00783760489750368,0.0020518202872868985,-0.035972113907139835,-0.030335308464874866
1840,0.01239351508563491,0.003574293321326749,-0.025731691498607046,-0.03720001807314466
1841,0.010390255015378602,0.0023067294267906935,-0.0130580113878776,-0.03988879208732632
1842,0.005937043894090388,0.00187145884958273,-0.02225120974866729,-0.027345275439497496
1843,0.013310427520019985,0.004039333077975632,-0.03748220022448351,-0.04380867370494623
1844,0.0019639042474189905,-2.3251825729930786e-05,-0.004019369339218315,-0.015535834519906921
1845,0.00868571659192846,0.002659130168999546,-0.027766954677542643,-0.03131498316285475
1846,0.015659181728249316,0.0040798524294352045,-0.04215464766201821,-0.05014497697424514
1847,0.006661286879513395,0.001859769087418195,-0.014001568256904295,-0.028835458201420416
1848,0.011353722241680075,0.0032232272895193204,-0.006007554256173442,-0.03935796839022643
1849,0.009150859346313323,0.001974401956472055,-0.026345348549192737,-0.037854626725329465
1850,0.004441154377352374,0.0008643645795017307,-0.005383107759356465,-0.017762468637525064
1851,0.002917021190848801,0.0004929993354866047,-0.017644439725693906,-0.009018753917867328
1852,0.01499556951123232,0.004431774797207522,-0.03397149123765475,-0.05369141420768053
1853,0.011660965113194088,0.004285410592514138,-0.03862306237905089,-0.039355034404539246
1854,0.003901988382423227,0.0005747939904831023,-0.014941052016354484,-0.024679293281834047
1855,0.0067651388477416585,0.0020916583868612615,-0.029453999847467438,-0.033958308672817905
1856,0.005557795605684479,0.0014574341180125794,-0.015021700618261968,-0.027314166599743728
1857,0.010944616783676975,0.003348641755065246,-0.02940935658056576,-0.031101596498841366
1858,0.011655208536474393,0.0034816646694247333,-0.028446073339262856,-0.038430481646562153
1859,0.005048807386055287,0.0009271079063363497,0.00344346041408089,-0.015578812218207783
1860,0.014497070295606596,0.004824614686982781,-0.04281226350488376,-0.05510877076353837
1861,0.01144745564815619,0.0027566780155146853,-0.027003567284589802,-0.04986119147671386
1862,0.011566250237482978,0.003122895473363363,-0.025890736088576505,-0.03742911891683576
1863,0.02484639390368082,0.006843332963990728,-0.0391418972706834,-0.07088416092232552
1864,0.012946141649093745,0.0031601344020433797,-0.02525169521567061,-0.04685487019324619
1865,0.005453971863112139,0.0007966112682254167,-0.004289166113720488,-0.019764351134988756
1866,0.013419972365692812,0.003442301766659911,-0.01672850366413392,-0.03869495881936669
1867,0.002155287261860095,1.945757986818175e-05,-0.014159619609075746,-0.015615437510744345
1868,0.012971848713980272,0.0037596603827060315,-0.04531205776407149,-0.04250288576210348
1869,0.007230715055538961,0.0017861009253097304,-0.012861957714511985,-0.037194523704510485
1870,0.010246342694715915,0.0024570942448042254,-0.0052208369299683866,-0.029084697177808483
1871,0.007761338298840625,0.0015408660175307287,-0.012593566778609344,-0.030924385705921154
1872,0.005062218359381143,0.0007986864508896518,-0.007557961576832806,-0.026615329735095172
1873,0.008950969318485491,0.0022080209368912085,-0.018298227207613094,-0.03046365914786975
1874,0.007508178111844566,0.0018452498092997038,-0.036840804495008705,-0.03132043705332599
1875,0.007562449593545406,0.001978515226960409,-0.02053572096777989,-0.028436687042661335
1876,0.008342096127820442,0.0017905911842197308,-0.006530084228433375,-0.029639573443249745
1877,0.00799453730481997,0.0013936685227058376,-0.0111410950464928,-0.032421014548434934
1878,0.008534940093599563,0.0013297846027835458,-0.004105145477600547,-0.03429412447379798
1879,0.008422458981285352,0.0018315439917226672,-0.013970597901904358,-0.03461892769671426
1880,0.006312151495850737,0.0011486101474133814,-0.029174245831403794,-0.04016837336194001
1881,0.007530143340349238,0.002120584900652145,-0.02160306599901246,-0.022263446278332766
1882,0.004159530278735057,0.0006987994602681291,-0.009118211751940553,-0.021617896111283397
1883,0.009026637962514683,0.001637345546110447,-0.0070679829793588445,-0.03380297542986155
1884,0.004728132042270905,0.0011582176439922376,-0.022263438038057748,-0.026467465493705378
1885,0.012532579701222735,0.003246983908257839,-0.028590301716747424,-0.036431296516354905
1886,0.008857089101334925,0.001983542947341904,-0.0218115036277704,-0.03559735400240549
1887,0.002487178538011059,0.0012469079401697114,-0.016850444173225176,-0.016430846575783864
1888,0.006014868504616633,0.0012041465623080505,-0.010621961549715175,-0.031118653860041867
1889,0.008549291311779728,0.0025653215627818304,-0.025223443749392893,-0.03145132500540526
1890,0.002199817503613144,-0.0004374865224279212,-0.010555701956597718,-0.02020643754455531
1891,0.015077056684319523,0.003836956423504817,-0.025416743401988795,-0.04848794378927157
1892,0.00829653587869772,0.001373973236571624,-0.015437447660123005,-0.0354502517084514
1893,0.014512647761338426,0.0041502328347494954,-0.030035104418067227,-0.050516503305848115
1894,-0.0028171924270170567,-0.002516257789826448,-0.0014900546544338034,-0.009750201197122887
1895,0.008396370976889278,0.0025863882639705627,-0.02514121756038823,-0.03454448819435896
1896,0.009550283534143666,0.0018357828011137667,-0.0115748234043474,-0.04444374788856498
1897,0.014805994311700932,0.003731211943140994,-0.022952126719718746,-0.05373703981968447
1898,0.011231398602206899,0.002648476041789305,-0.019049751913232882,-0.036882713486039
1899,0.006832311082624276,0.002075311840048638,-0.03472793993027368,-0.02820581905857411
1900,0.007491498539070052,0.0014581042585933846,-0.026991085387943814,-0.02943486013976826
1901,0.004547765222347566,0.0007535547086241767,-0.015476135812773073,-0.02773358439649176
1902,0.0017275712691975365,0.00019890665586816403,-0.020821594220922834,-0.021480771572082724
1903,0.00787928018859535,0.0020879832944968035,-0.020713498463884927,-0.0276982442214726
1904,0.01502320045227068,0.003928302008546297,-0.028348792408605716,-0.05183413294669503
1905,0.004662309089214722,0.0006031597794301791,-0.008599296642064214,-0.032788784916444436
1906,0.005686505437010436,0.0015529410342012273,-0.011745297858732018,-0.024936702813739053
1907,0.0019629145743080834,-0.0004315716985948681,-0.003586856072268163,-0.017980176505522083
1908,0.008077102482254683,0.0008491852048235493,-0.01436239354940938,-0.02975742888822941
1909,0.009492357326931877,0.002325420878542178,-0.02253061534470774,-0.03296127211008082
1910,0.008651427378889243,0.0022159110294427686,-0.009225955381225115,-0.02590600589063885
1911,0.01408710598722196,0.004326097106616439,-0.04017125835543878,-0.04062258029271626
1912,0.005151929091431973,0.001258665048704699,-0.011201789366660275,-0.03208562665906811
1913,0.007870773184372681,0.0026288321584894414,-0.02637205727665015,-0.037096205279937955
1914,0.006718962052088495,0.0013063785473501066,-0.00790199968748373,-0.027304533147126886
1915,0.009731629889152105,0.0025475033199671426,-0.02540214380544309,-0.028728972044479995
1916,-0.0036592101677623834,-0.0015251679949807306,0.010430979829201215,-0.008308926409499762
1917,0.01117674969811605,0.0021846229880316814,-0.022387720991646876,-0.04508799308088607
1918,0.015955933560794056,0.004757644524889221,-0.04661868252052398,-0.05588132431261561
1919,0.007245569849974265,0.0017768519328661136,-0.01748033865684151,-0.03552908305430902
1920,0.00767939771944226,0.002370733405569009,-0.029604376477015526,-0.028123842936831234
1921,0.010291760533513217,0.00347642835862233,-0.028635885615062917,-0.04042289182889813
1922,0.016004928050549094,0.004727083531561899,-0.03312697332142428,-0.044742840855219956
1923,0.0021506986459797206,3.917280428927805e-05,-0.003709551500509334,-0.01470783753240712
1924,0.010866623822337107,0.001896922276106744,-0.013521435721542185,-0.040033543769891766
1925,0.006132627643266608,0.0018552091875227439,-0.021218368468310544,-0.024610075737142023
1926,0.012224276830480663,0.003975118083065443,-0.03577829694369378,-0.03070607553366167
1927,0.011468047764820244,0.0024977398998575484,-0.028060679951980583,-0.03780051906399684
1928,0.0014095169934390528,-0.0006516642687212637,-0.003895725071593692,-0.025343305351684386
1929,0.013400130582077674,0.0036364433600364343,-0.03946313048989342,-0.04731790287013449
1930,0.0023535742928616488,-4.7927403913849975e-05,-0.005766170868214404,-0.015509263980695409
1931,0.013000011006365275,0.003367318626812721,-0.03024832568647695,-0.04322446595818863
1932,0.001719983109731038,-0.00022308467915402308,-0.016535470020431098,-0.025134994453002935
1933,0.015342093171773152,0.0043083192027056905,-0.03511884170608076,-0.044205274411974416
1934,0.0038353564170056087,0.000720195333426682,-0.016989747902247332,-0.024956672443674166
1935,0.007565921924821972,0.0018298800324551279,-0.007180163760386549,-0.030583452893352403
1936,0.009819680385250718,0.002604054991658805,-0.03211694875191862,-0.03619784077472177
1937,0.007881227519848877,0.001897402021306005,-0.019440118143637497,-0.031190773303081842
1938,0.007564484844041597,0.0019181392324989777,-0.02261254468743995,-0.029311853039801772
1939,0.009265307734295625,0.002828756650170572,-0.03919811796223416,-0.033120852260609235
1940,0.009967661460932975,0.0015270684346225527,-0.015675195913248285,-0.034233814625058256
1941,0.011683664579035025,0.002099479339249838,-0.027073790791917907,-0.04037666458893374
1942,-0.001536806187265205,-0.0016388928919006673,-0.001160841189819739,-0.0195483922444748
1943,0.007833224252120408,0.0016720390354990067,-0.012943477428411565,-0.026641863623018236
1944,0.0167910435789268,0.004700339130775999,-0.03419038541786046,-0.047001682756689034
1945,0.011690955647127521,0.0024617302018841436,-0.019123766479718474,-0.04995698914078994
1946,-0.0015081204195142028,-0.0017488846942513014,0.0072697030404405005,-0.009461728080241594
1947,-0.0004003301564420303,6.466429748941405e-06,-0.006451504459148438,-0.013545202661080613
1948,0.006607422587951994,0.0008886539045968311,-0.012366702041721078,-0.029757518869254262
1949,0.010367300754880349,0.0026902774272898056,-0.02793329935194111,-0.043191952070276596
1950,0.015583994111915134,0.0037392872748314154,-0.03270655696573854,-0.05827080627761083
1951,0.010457615760353867,0.0023900467925606905,-0.020360227002450104,-0.03534293235304653
1952,0.009630409995793343,0.0022820779029912863,-0.019016733518380624,-0.035877522954333996
1953,0.004695320202381392,0.0011275755644354624,-0.014621464061542744,-0.029952210034980276
1954,0.014054801764170177,0.00508008552362596,-0.03831902930674541,-0.04644911258269546
1955,0.006367928252097588,0.0018750961774629538,-0.026889620963036986,-0.02833913636526797
1956,-0.004794503087881874,-0.002286520567934741,-0.014534653616525395,-0.004968830507334654
1957,0.010461847454129813,0.002611515338367537,-0.02811126031560429,-0.04411247653183137
1958,0.009559225137997618,0.0027875325560312025,-0.03519901999019964,-0.03560746598971565
1959,0.01863434250402074,0.005731858747683588,-0.03967016493427494,-0.06572224414319816
1960,0.010180940323768872,0.002516320768457092,-0.025464969958384653,-0.041617543940759893
1961,0.008780885556124995,0.0019765206470863383,-0.01831011597804405,-0.033288130389171666
1962,0.013299203186636022,0.0037544088719907442,-0.03458232996501409,-0.04498579129429825
1963,0.003800927956941369,0.00034203732823209765,0.005338117784074281,-0.0193197706385988
1964,0.016063800623434488,0.004869989299656485,-0.037540497537283335,-0.04623480143367764
1965,0.00013557353714538367,-0.0008542540486482786,-0.0028264192013852663,-0.027094917162779453
1966,0.007521751939639165,0.0012551849287527617,-0.016580340417982786,-0.031859704608959816
1967,0.014845092127889647,0.004574140903748941,-0.04168034908691581,-0.05359534530466836
1968,0.007454160066837523,0.0018912945053167485,-0.009380138301053331,-0.03022683446665997
1969,0.003982149004788882,0.0009292366360536819,-0.012770815227439003,-0.02450033940418539
1970,0.01586973115598367,0.003915032187407186,-0.03444081989896208,-0.05501444414037793
1971,0.006992129226205512,0.0008012466729009071,-0.013220916427087448,-0.026727059555510913
1972,0.008552029142828432,0.0015645356304360425,-0.007173572955679275,-0.027045636809673645
1973,0.001101167514773016,-0.0009849829192770387,-0.00021732479455427445,-0.028243563231937885
1974,0.006177987018394782,0.0018744419361428621,-0.01797706319524034,-0.02125660809970631
1975,0.008411108170583048,0.0023864561162040276,-0.040825315634116566,-0.03457455546429278
1976,0.011112359500626945,0.002079089386304328,-0.019498756509990556,-0.04411081372439696
1977,0.007675900223979126,0.0014834152443958248,-0.02498477245753833,-0.032802440084740536
1978,0.01035358294518085,0.0023546904228817778,-0.02267160513003752,-0.039581993076616806
1979,0.009763646438984308,0.002301596331148681,-0.023149684125258918,-0.0401913829827939
1980,0.017469041103232552,0.006419368137470488,-0.06481078986123429,-0.05346898215360962
1981,0.011634257315396634,0.0027772251791185476,-0.027196909249844914,-0.046975266674270655
1982,0.011587637105590298,0.002756845683654696,-0.013536871687337415,-0.0381788424341617
1983,0.007363611734273079,0.0007538777660049123,-0.010948841766361739,-0.03352842895068642
1984,0.00823725762492139,0.0014741270832660525,-0.020210367301446763,-0.03252854987873188
1985,0.012934887068963008,0.0028059003427242935,-0.020598254540864502,-0.04371612324452112
1986,0.012355127917263342,0.003019231379166043,-0.02392425386184216,-0.033496875044354946
1987,0.015407441444469316,0.0034484426969687842,-0.02120099302848827,-0.054584462845828186
1988,0.010477587454093995,0.0025250355066057384,-0.027398673551193742,-0.038754386105138705
1989,0.0013452815815419017,4.60662001692258e-05,-0.009064508983090747,-0.016259957648482426
1990,0.00456146781277722,0.0005482933949054192,-0.012123038802967445,-0.025390467268586625
1991,0.009143163609969418,0.0023121489257527106,-0.016814492814802406,-0.030279215231094114
1992,0.004947548865756213,0.001037965838466326,-0.012037358213675353,-0.023059075338710655
1993,0.01171892848726147,0.004168131652493551,-0.044355398449094474,-0.03859866852962934
1994,0.007244553581264079,0.001179601659651447,-0.018808114263038356,-0.03435195787214507
1995,0.007034719508389964,0.001085962130137702,-0.005643419065833766,-0.031419249217995104
1996,0.011375540463284706,0.003499439573051377,-0.030648164413229873,-0.039724478175377276
1997,0.004581462907219613,0.0008034714655144881,-0.005791742239903863,-0.022805478328243867
1998,-0.0014589866421624853,-0.0009431801613628277,-0.007024116141354786,-0.015550126289450628
1999,0.005234420306993004,0.000347696070533976,-0.016725565291529465,-0.03045610501976581
2000,0.008798977441258016,0.002490390000291859,-0.0279722054473886,-0.03337579438198024
2001,0.00842145336741218,0.0028025409221662245,-0.029327426035238024,-0.02493681522147062
2002,0.008351710046440086,0.0025494411467636147,-0.03247450600064561,-0.03730894916545768
2003,0.009489072407441124,0.0026836261074692502,-0.030867417073482672,-0.03513726414841578
2004,0.011473409810665136,0.0017272269706055665,-0.00645833362952386,-0.044886004799797985
2005,0.007980463500275037,0.0024434048364893324,-0.024346358052158956,-0.028891440297049042
2006,0.010016406890672125,0.002066882160884298,-0.011445752658013397,-0.03437722789803355
2007,0.008816436258290594,0.0020220929228725038,-0.028447292165249438,-0.03019574159657712
2008,0.004764454907823956,0.0013218547423557991,-0.017117366449053484,-0.026435795666564843
2009,0.0003817770553717903,-0.0005060346511065739,-0.0061224149423259044,-0.017132987910189912
2010,0.00970989853855031,0.002176402598289856,-0.02669893103918186,-0.03699584359605923
2011,0.011601278504243473,0.0023088813294541988,-0.028702657016449584,-0.0367362417300211
2012,0.014857698976515343,0.004243239828209788,-0.028890877902963408,-0.04495664704737823
2013,0.010769131345679972,0.0026694737480460196,-0.035431036169847885,-0.044906545278984744
2014,0.007800685391621376,0.0018256255339255678,-0.01726537760973823,-0.03202714408538199
2015,0.009745837526890067,0.002010671946471143,0.0070894331883445405,-0.04591168077927632
2016,0.007912401688860093,0.0016975553865876403,-0.006461898681555833,-0.03485797602332863
2017,0.008451046332693002,0.0024610707380886,-0.030470275232106325,-0.03071621611157138
2018,0.0018439808993319096,4.270240608589271e-06,-0.0069697127646712875,-0.016863049517894968
2019,0.004066892624672747,0.0007304789376928189,-0.010102919242449104,-0.025569859749932533
2020,0.00872239375745576,0.0018061985027974237,-0.0066675717422897685,-0.031189903437778277
2021,0.0038614168227292245,0.0004724738831509423,-0.009578888788170759,-0.018723381508137793
2022,0.006028885296498476,0.0016313921820507449,-0.02105255795727251,-0.03620332389632941
2023,0.008691723362788784,0.002968516514217784,-0.025534192548442414,-0.02791257805530789
2024,0.010505512938671191,0.0024679926789704376,-0.033050747550814885,-0.04001986233846688
2025,0.00043111793245942387,-0.0012731012081538817,-0.00842318443929041,-0.016914230480924886
2026,0.010961614277185228,0.0022397334764406585,-0.01943127883159529,-0.03775943502606438
2027,0.011663198755884785,0.0034172089494494684,-0.03880546679742086,-0.043319509803384504
2028,0.013372601389484928,0.0036006732032722866,-0.03342962931491478,-0.056268622138706426
2029,0.01194946663845553,0.003993954771019659,-0.04188138396049179,-0.0439230887911749
2030,0.014750424606694512,0.0038545431225973648,-0.02908562583919383,-0.04191591528306704
2031,0.011075549100645898,0.00304015842494737,-0.02742019901384357,-0.03963959704838338
2032,0.008069211690240552,0.0019568388647749624,-0.021115074431767855,-0.03448831449311385
2033,0.00869082501552687,0.0016562224765676037,-0.009837087273718792,-0.03746061999873973
2034,0.013924430825431933,0.004519296979603155,-0.034849923638000324,-0.03895581418211247
2035,0.01191658689526126,0.0030142803449322852,-0.03385541385661961,-0.04221004713121412
2036,0.01276907880391387,0.003486382390285564,-0.02384942089589731,-0.03897069723773272
2037,0.00962913907773194,0.002019682930494704,-0.022612577746776386,-0.03750968203539362
2038,0.006109532447696908,0.0017632485298291756,-0.010231573551865658,-0.02604337011524327
2039,0.006499622661481408,0.0013961391787122857,-0.02836701409943393,-0.034988764396260086
2040,0.006437604012490272,0.0023422506037205915,-0.016406152941814245,-0.019809775470152946
2041,0.008751929878856701,0.0022315667652131888,-0.028146221245660075,-0.03762619874861428
2042,0.008028130674811229,0.001988106509015264,-0.020402521265426576,-0.026809295845622638
2043,0.015074709112596119,0.004064339276601464,-0.040969312468789654,-0.05152275145254903
2044,0.009919537398781486,0.0027130630302579783,-0.03622345988980785,-0.028460229031259776
2045,0.001657126762286576,-0.0005859286475527192,-0.0032808462266502025,-0.018098876299622257
2046,0.006659107405448728,0.0015210275084496516,-0.0181433605926149,-0.028837094210691694
2047,0.006957278803666145,0.001270616381843226,-0.014372188778601858,-0.025001972047128396
2048,-0.0019359812607586124,-0.0007300800533573959,0.0009695310294118853,-0.006068535857327251
2049,0.0056691357919950724,0.0008681038843742217,-0.00952048894018137,-0.026230378573693147
2050,0.007154566041584376,0.0020463960902431244,-0.020852705312714104,-0.029419338174507148
2051,0.000812130089754115,-0.0007810322027934635,-0.0004954022469619845,-0.018666985188724228
2052,0.014163804857890483,0.0035928793658266678,-0.030777481238485394,-0.04627761402504871
2053,0.01242704906011527,0.0026287009318541055,-0.019792824295306266,-0.043901003882059975
2054,0.012908597632517838,0.0027008443755407174,-0.023061754017717873,-0.042026882522934406
2055,0.0147004313472055,0.004037398642491058,-0.030065063204940845,-0.041406046147537845
2056,0.006100240331131435,0.001846225947677499,-0.0177593113509103,-0.024433797372770516
2057,0.010540014682861976,0.003218132766280468,-0.02124646829939142,-0.03774965505935701
2058,0.006699603143856203,0.00220135571552188,-0.01866445088057489,-0.02887955428058464
2059,0.017054744400614497,0.004954971138115688,-0.04240865479682915,-0.050357299737982975
2060,-0.0009615552462738375,-0.0013238697587606152,-0.00017638780374834573,-0.015477851724631564
2061,0.008692556301808319,0.0014339118377145743,-0.01202367900389778,-0.023870568261260328
2062,0.015196405468373642,0.004700101666044093,-0.036454987028982866,-0.05065796900802766
2063,0.005772108424984879,0.0018055394283822135,-0.026261858629215262,-0.023827300150829567
2064,0.01399140355147066,0.004089296471021131,-0.03745694969564517,-0.04498393893340713
2065,0.008569360711646934,0.0019472351254107567,-0.021110322209932253,-0.03326960562050385
2066,0.005811180263386562,0.0007072774104754931,-0.010050970574133511,-0.02786141493588945
2067,0.012154696895259387,0.004129758214671542,-0.03957406459943691,-0.04002498524562936
2068,0.01248854818881523,0.0029554852210887106,-0.022715245851471833,-0.04415579672098213
2069,0.008443183719095415,0.002340982857196916,-0.020924175731338646,-0.030259481990107306
2070,0.005744663202686517,0.001050975333553833,-0.014496943376891502,-0.0270872858590957
2071,0.01591055043604961,0.005128096997615794,-0.03327285614930042,-0.04857871337857134
2072,0.010111110367324594,0.002484050898860779,-0.030405029885837098,-0.041071912102840336
2073,0.015795114330104942,0.004319300553559169,-0.031077551894279187,-0.04566399402713761
2074,0.011242440300817669,0.002750391061687285,-0.02003755784929645,-0.0385388302848686
2075,0.013200445359858315,0.0029147692600628994,-0.013704347073999534,-0.04980212268393602
2076,0.006067425750500788,0.0017675136002132386,-0.02286490073107722,-0.02855601504879557
2077,-0.00026599809806626684,-0.000974173679340884,-0.001325943702879473,-0.016271718739061525
2078,0.00513945141610217,0.00037923260769476275,-0.006327746067490203,-0.026437529895475986
2079,0.0056400317671223,0.0003563728623957596,-0.012452677041647042,-0.021428912783751475
2080,0.009133813582231975,0.002515528096905889,-0.015575395919957602,-0.03817833284715433
2081,0.007298140842680767,0.002138040802924124,-0.03282809561743266,-0.03517461040104286
2082,0.007784866284630709,0.0021349284136758517,-0.013508351842180077,-0.026180966344776402
2083,0.00967176898850819,0.0026716504986083744,-0.022982442668792014,-0.036592967837641655
2084,0.012236702768434249,0.001958597276531193,0.0003146908383340197,-0.04546464748505363
2085,0.007399460901178823,0.0015606600630190814,-0.017545628728967033,-0.03535305855740789
2086,0.008978993813849478,0.0024036271120855823,-0.024185652714035333,-0.03641366495140075
2087,0.009426236347726324,0.002949887320933653,-0.0309203697072028,-0.03828157946379729
2088,0.011894820921804605,0.0038306738922420924,-0.034875280912509576,-0.04556493235310344
2089,0.01224975155980379,0.004070078424186607,-0.04260446535084128,-0.045933796842887675
2090,0.006038048997183854,0.0023080500725430053,-0.029394533285571345,-0.02855591764450771
2091,0.009308348985571091,0.0030338223747846393,-0.019858810067168053,-0.03735777420407971
2092,0.006307444833378528,0.0014129402305165795,-0.024459603609140013,-0.027565508660467142
2093,0.007881241857935206,0.0028173062129029647,-0.024608467064945794,-0.023866581264540332
2094,0.008261017323897168,0.0023553130864010785,-0.026590959295283045,-0.032256379983652717
2095,0.011168565223383164,0.0017485350022964086,-0.0208680692646242,-0.047342098894893936
2096,0.002985199280210793,0.0002828605401324902,-0.00020157433736744945,-0.01724211859307412
2097,0.01818175170215386,0.004970711626518437,-0.03533724566806856,-0.05093939067834863
2098,0.014244824753743945,0.0034196579165790275,-0.025255522728789614,-0.04273967899124054
2099,0.008305545113045376,0.002649411011442726,-0.027836847359826167,-0.03143225942414585
2100,0.007752313455985038,0.0012956011688407265,-0.010829777745227143,-0.03059119289561074
2101,0.021571850724797337,0.005891417274221211,-0.048435093491810355,-0.05721317895666589
2102,0.011412970635752695,0.002543749205987794,-0.013016622597656347,-0.040117758724993235
2103,0.012658229523973552,0.0033451543432786446,-0.032679104610171594,-0.041435166423794745
2104,0.009626656408612377,0.0026478524608084253,-0.030929630503131245,-0.040012876486328786
2105,0.009278497145385534,0.0029764820992505825,-0.021069664323466297,-0.037831616626966436
2106,0.011300264673078375,0.0021511909819272867,-0.020767699590364896,-0.04769105429021625
2107,0.005659167541999299,0.0002087526176480503,-0.01710969995147288,-0.0361386451052601
2108,0.000772026419006977,-0.0010129377065414558,0.0014275022649452573,-0.013281633906633838
2109,0.01664359980844149,0.0042864011479980535,-0.026089602639933318,-0.05364835033709214
2110,0.004470508560471931,0.0015112593828623955,-0.014498207494092308,-0.03151483183884651
2111,0.01249806613314608,0.003112337396617759,-0.03905596283275303,-0.045198531973329126
2112,0.00043730420520993185,-0.0003495646358571969,-0.0002985077546647785,-0.014546082005047145
2113,0.007313799452140057,0.0025560796392839757,-0.023756946580478833,-0.028772215351724917
2114,0.013982721322732261,0.0037996167052097574,-0.024617238505269368,-0.04775236255608395
2115,0.006319422819160314,0.0011097892588792513,-0.0076980417899416564,-0.025088775667747476
2116,0.008528917474471098,0.0016488979078438382,-0.025169621126042596,-0.037469101629889034
2117,0.006556441298273097,0.0023274393653670566,-0.03943810028995193,-0.03471689123011368
2118,0.003848317104209187,-0.00010658614698766389,0.0024922741845025964,-0.01815278669806608
2119,0.007772299454905873,0.0020241240190284893,-0.022826965356443074,-0.035120985243055514
2120,0.0013203110591203382,-0.0008901216391219713,0.0023602128335862838,-0.018316235241876644
2121,0.011002697021553987,0.0033454108937203964,-0.025921875556340346,-0.02811134737421761
2122,0.01062329184304528,0.0030566469858485934,-0.006082672384080334,-0.03363872268531054
2123,0.014061634882193141,0.0035355996367248954,-0.026946256241460187,-0.045981052106706555
2124,0.009969391061003252,0.002274454701619244,-0.02443521370307372,-0.039964113357048414
2125,0.007727463292087511,0.0015632784249217657,-0.014563910089406995,-0.03238941390111849
2126,0.019844237076585503,0.00593114450437407,-0.052780962559822564,-0.058241317825653116
2127,0.012669016606088879,0.003556642901615309,-0.023005637263724066,-0.034844621203259596
2128,0.01081301863515055,0.002286497014950234,-0.03249124502932474,-0.04765952623824088
2129,0.005318923631894568,0.0014842106745997508,-0.018357149154230423,-0.02654202791493332
2130,0.015780637702622835,0.00483498612262212,-0.035483713417073015,-0.04532301667208405
2131,0.004981862423160344,0.00047162359892108374,-0.007042031146749617,-0.028047138047137987
2132,0.003893344924921216,0.0003073870122884126,-0.0066263212471639465,-0.023283678850200107
2133,0.008297552986725076,0.001284656322025013,0.0063626661885785585,-0.03705611530223729
2134,0.007500506361904802,0.0015583769805165848,-0.019301265665026213,-0.033022858289073254
2135,0.007249213881667993,0.0022798393564562036,-0.027951740596367958,-0.03310164653518044
2136,0.013350913924991326,0.0036112515401146017,-0.02862265567422695,-0.043417611159546676
2137,0.006491657608487578,0.00125402938426461,-0.017242520513895798,-0.033571751283265505
2138,0.006024149937658763,0.0013212738126986423,-0.016652157555505365,-0.027146793801436142
2139,0.0056281843567203005,0.0012651705485594023,-0.007715554065791164,-0.02863979020674301
2140,0.002008469042999783,0.0006044826168853656,-0.01707372355662856,-0.022085217922221068
2141,0.005877772673245074,0.0007855786887937255,0.008122258971235918,-0.01720643477578465
2142,0.003685170715758579,7.182199486563401e-05,-0.014281380715980507,-0.024199888165252315
2143,0.007947802521829361,0.0010665022272439983,-0.014853790537796452,-0.03339985786945321
2144,0.004889520977584549,0.0012232322305802679,-0.016988556565449564,-0.022305489072860674
2145,0.005975766803797966,0.0014194389313767208,-0.025913357826345518,-0.032377176616915526
2146,0.009964599198328483,0.0026137019784299997,-0.030436965859935994,-0.03696783237520129
2147,0.017728302945488716,0.004935154443072687,-0.03139585558760066,-0.06182806504659233
2148,0.007982845099932856,0.0018407052444102956,-0.025616405692800104,-0.035631269931962195
2149,-0.0037850601566928876,-0.001327964738598253,-0.0020382368499645143,-0.010522457518923889
2150,0.0033610544304533696,0.0004854876338176717,-0.0007939701099802798,-0.023230624650823817
2151,0.012693304036630604,0.003306968426169954,-0.024479101840267525,-0.045604728000372186
2152,0.007892306199251187,0.0022915318856516487,-0.022943238236787733,-0.02753098631000317
2153,0.010845687285420735,0.0024731492182726578,-0.02224129290689386,-0.036945268606779935
2154,0.008693911608993021,0.0013962409175318213,-0.020005349646831816,-0.041323955262630996
2155,0.016730439400009678,0.00498533962237091,-0.04069543898012801,-0.04976540707185506
2156,0.008105909297393632,0.0004893711027530168,0.011076436794991762,-0.03340522480307406
2157,0.01260314039935706,0.0028460692800385823,-0.018452112435420887,-0.04360168630040551
2158,0.006452963068527606,0.0015562432374295332,-0.021717495149700117,-0.028216178963493266
2159,0.004097673877778152,0.0015140488905249494,-0.019892103154824203,-0.020582370085632018
2160,0.011262760925841997,0.003881287229559993,-0.04540159915782188,-0.03658525215294195
2161,0.007513933113390048,0.001854480930033764,-0.009875266627170753,-0.023749179185483915
2162,0.0011999633263626297,0.0004995125597119232,-0.011980720499710606,-0.01867779894051924
2163,0.011491586622324856,0.002599831167995753,-0.01916008787607698,-0.037747901371305126
2164,0.009311786268810407,0.002686757602537282,-0.022539049693787783,-0.03942582149818985
2165,0.00921477689984379,0.002204363176282087,-0.0316235295967337,-0.027190368493170913
2166,0.010699286333165747,0.003101767748173556,-0.028436498891247275,-0.03564963178159142
2167,0.0050686043271754855,0.000333075996382326,-0.01086024581428463,-0.031752648949105344
2168,0.01065566497872783,0.002842635902395807,-0.02868932241015365,-0.03607107492573436
2169,0.009252470288479142,0.002128309881945095,-0.01518692430305879,-0.02965702871072584
2170,0.018280755495684087,0.0049755982167221935,-0.03778417073496082,-0.04845780196014493
2171,0.013346090446121894,0.003084719252809509,-0.026256919031190096,-0.04451182152145383
2172,0.009038496064053492,0.0019738762185365077,-0.019039542510679353,-0.03276623301162185
2173,0.004949118598586488,0.0008035677179328016,0.00358108386559175,-0.02495231712974899
2174,0.011947142284046475,0.0029953886721162115,-0.020449320971562046,-0.03711958927148795
2175,0.007782529154909845,0.001876544834744448,-0.0028638834785317258,-0.03238373912796044
2176,0.004817908848150698,0.000667428460286279,-0.011667649495986754,-0.023941188542080938
2177,0.012100439347423997,0.0032037500588286694,-0.008623543298705627,-0.04748532906542513
2178,0.0026648058884553016,0.001663101376750853,-0.014403380487932993,-0.027514487894225836
2179,0.005535203040925363,0.000417081463749136,-0.005557103817888487,-0.025610435663627085
2180,0.00867460520679142,0.002159223069398364,-0.024724571414599494,-0.03837766675668386
2181,0.006931039485886137,0.0010362250694791464,-0.02917594310565297,-0.02793583228365837
2182,0.007723655727620626,0.001958678686120735,-0.03139014918574323,-0.03054356893690635
2183,0.013782164928003993,0.004659760531029816,-0.050521280565150095,-0.04701791663847754
2184,0.013578142914725866,0.0036388943415605057,-0.04141393916275665,-0.044325543007830426
2185,0.007474921254908118,0.0012135071066369518,-0.0255352464904422,-0.030360382712794842
2186,0.006837149429123501,0.0010896317948921597,-0.0028712274714380315,-0.02973673584753289
2187,0.006770468167806465,0.0014185717078913085,-0.019486366493973506,-0.025322315301114395
2188,-0.0004901976465848668,-0.0005803801588498692,-0.003931733711935503,-0.010237894229029765
2189,0.015871642192792024,0.004368812603070427,-0.037397710584570865,-0.058816631386510165
2190,0.017770278383739346,0.0052376986906774725,-0.038205240752398395,-0.05068643522042038
2191,0.008732454652672528,0.001988752483735423,-0.0153980040832849,-0.03651964960500165
2192,0.0001457612829426913,-0.00017538868474270553,-0.017033058632033526,-0.01427714510815059
2193,0.007106048799538578,0.002192298440389817,-0.02502486999023734,-0.02859720471989924
2194,0.007681247634661825,0.0018058893427874978,-0.01325510124437701,-0.033028010794857954
2195,0.00680165684312517,0.0012453978979173053,-0.013258452356518124,-0.030959250755783096
2196,0.006181332361257064,0.0009936821220647152,-0.006112038859541202,-0.02670459745797682
2197,0.007628248869217424,0.001337760392945475,-0.022826690328030308,-0.027817315774726792
2198,0.006220291771834918,0.0012389969193491168,-0.01431888002846926,-0.03195691077370466
2199,-0.0027348007304963673,-0.0003882756327618919,-0.018704294308407254,-0.016654175277236005
2200,0.00381786585490701,0.00016321137904193317,-0.006252587745757376,-0.022546569872789912
2201,0.0013915258305852163,0.0009879149306333823,-0.02446966657740446,-0.01867809388549435
2202,0.012867580709051807,0.004055982933353158,-0.027868577325580346,-0.04336529324550398
2203,0.007593158902815089,0.0007874357138012988,-0.011908314201839298,-0.038036042836250394
2204,0.0056483314092664605,0.0015040846242500294,-0.016057511276771186,-0.02031672930861228
2205,0.009082691899227502,0.0019389596819779642,-0.006416060644079902,-0.030129569657715405
2206,0.007390091180820679,0.0008005042351479086,-0.008929011501996098,-0.03215722736089499
2207,0.009086997221544213,0.0021190754145725688,-0.01520063555119805,-0.03697248987571555
2208,0.002264322086011017,6.22412162706587e-05,-0.011064802862361112,-0.019209328407441717
2209,0.009936917821225744,0.0026188871419776105,-0.01933945337287646,-0.03294548786074203
2210,0.01418139737252172,0.004964069830397794,-0.050332297719274444,-0.049446663338325925
2211,0.009238480632925539,0.0026263468365141374,-0.027455914344606758,-0.035462095469374844
2212,0.01568041671458098,0.004140480887125597,-0.034705660628643,-0.053870545670471004
2213,0.015400309123222933,0.0050137283068427685,-0.04723609422427377,-0.0547941132748625
2214,0.006972119470675109,0.0016238739919585965,-0.011449787776377951,-0.0337689178729641
2215,0.006031933571928216,0.0011636825727456834,-0.018225085660093454,-0.03526696632626991
2216,0.0075774320457828725,0.0027987530111820147,-0.02412605621336067,-0.028579563702510136
2217,0.007383336054147649,0.0016764776445117036,-0.007105717200533768,-0.02683600099826655
2218,0.011683851751613128,0.002816944669202903,-0.021101869127046147,-0.03896398224820041
2219,0.007033792777254577,0.0014508335250296434,-0.02247928080338296,-0.028133874777715784
2220,0.011674041010611313,0.00328463946797361,-0.030689038947065483,-0.03157445477538123
2221,0.012379698118033466,0.0034098749873716916,-0.01793992741875511,-0.03618548568086455
2222,0.012445881496013778,0.0036604481619361973,-0.034227484940150654,-0.03617590236264956
2223,0.009403127861384586,0.0027672473106953033,-0.027960368258439394,-0.03466780950984627
2224,0.012898095549472743,0.00358030318101929,-0.03578630827750445,-0.04051417928931078
2225,0.007530979941230254,0.002134389637221984,-0.026523048181612274,-0.0367777200828574
2226,0.0062886437760740765,0.0015730273205294687,-0.02617452185750313,-0.02804154015741933
2227,0.011483573669122449,0.0032581268841379574,-0.033400774678031875,-0.03914363919004038
2228,0.00599435661075387,0.0008769168767795987,-0.007449806851777707,-0.022418281980633892
2229,0.008509669046483037,0.0025231126315611307,-0.027360453698085707,-0.03486000544328771
2230,0.013211971617901386,0.0031243835895055083,-0.028532917807754965,-0.051693012386716974
2231,0.012425804514266614,0.003057609645603504,-0.02808024546846216,-0.04404626646054122
2232,0.009369050581061189,0.0021620150530535787,-0.02629792665749653,-0.030402012867102424
2233,0.002572808830458684,0.0007822677296179525,-0.020438091238814626,-0.016548790107808076
2234,0.01618769066002851,0.00458053200812969,-0.03672047297431119,-0.04721166425243384
2235,0.015128254564055865,0.004078931132887209,-0.027303899221741146,-0.047405898803857816
2236,0.011572198054096594,0.002683161558259567,-0.0043131510587405275,-0.04502794115805053
2237,0.008695121908527392,0.0016362490029932508,-0.009822209511950675,-0.02904561339979339
2238,-0.0020013493829068585,-0.0009866719917205613,-0.009479277967133437,-0.010183748446254914
2239,0.00839058102582646,0.0024499880386229245,-0.01044282680337738,-0.02889957264957277
2240,0.014424928992294195,0.003821433543052255,-0.02948458226284667,-0.05605034999822345
2241,0.011086962476827167,0.0017602863609955388,-0.015409454992175609,-0.03983812770673789
2242,0.006782290788990508,0.0015956280734847061,-0.027083152135360944,-0.02280726300407321
2243,0.011044586871746254,0.0022247634223012958,-0.018071105446249125,-0.043779447684894834
2244,0.009877512479849582,0.0017522740537220527,-0.0274314236356758,-0.04436807519597241
2245,0.009809133030432737,0.002938732930187704,-0.032953310321617746,-0.032265472233369064
2246,0.005149079923648436,0.0006101556017241438,-0.012454619002110145,-0.02522442397369351
2247,0.0034474522920844297,0.00018549210363760782,-0.009901062974326635,-0.02396155143167067
2248,0.006726012147883376,0.0010371864576910472,-0.020694635440715314,-0.024652444341423996
2249,0.00021713981316273667,-0.0007830301499108516,-0.010957275303327185,-0.010465874983687895
2250,0.011536367607118847,0.0030033580727678033,-0.030688774520468642,-0.03654814626521252
2251,0.005474387908102951,0.001239365959365496,-0.023080163288568267,-0.02360762995996224
2252,0.012293097453268953,0.0027904776771131012,-0.03450222560170779,-0.04479053071610317
2253,0.007795248828661672,0.0021723285604491327,-0.02291519557152344,-0.028808793627572715
2254,0.005250851125546463,0.0006250408690719744,-0.014009972498553735,-0.023759048124907367
2255,0.014135789233055862,0.003959124296018163,-0.03813886738983596,-0.057305346695374904
2256,0.0009229368490346612,-0.0008083250879110104,-0.008989849608452727,-0.01965294592413247
2257,0.007265965556949583,0.0021686599832805575,-0.03807000421128065,-0.025493605473129954
2258,0.022566292579400793,0.005517360963415985,-0.04468253818202195,-0.07040708646254568
2259,0.014408339945231219,0.0032688088926350056,-0.03364784909980312,-0.04904970487623783
2260,0.008535714969136299,0.0023874019210520236,-0.02983631095291084,-0.028480550912719282
2261,0.007151126102599659,0.0017531256046090793,-0.010528316296291418,-0.030783916400113798
2262,0.015209592956484386,0.005052386998225106,-0.04315475882530623,-0.04997199462296764
2263,0.0171053364964745,0.004021970008823872,-0.03352518529588322,-0.04903658781988329
2264,0.018131625333180357,0.005289580526553261,-0.033108244921020935,-0.05170222642744249
2265,0.007351561933385875,0.002036202973040163,-0.01956623418514203,-0.03254591173375809
2266,0.006250347840974002,0.0012129095311174398,-0.010010364196489041,-0.02981261135331148
2267,0.005138427814483815,0.0009336286363858803,-0.012677415087999466,-0.030068584270823928
2268,0.010904417652718768,0.0034708748903099496,-0.029349720026915438,-0.04103525162435939
2269,0.007337914329637041,0.0016558702273319348,-0.004248962085337982,-0.030260248733302575
2270,0.005324952553484752,0.0011209300077406614,-0.02408725124550609,-0.02195709963858561
2271,0.007875980346351508,0.001460281684271536,-0.016068938274865108,-0.03765150581371457
2272,0.0031951351756249746,0.00010092886294679748,-0.008880686580830133,-0.027170237944296516
2273,0.0033161073454023304,-0.00011086919429514897,-0.0030460323067559303,-0.025041654415368098
2274,0.001948870706867556,-0.0005530920029846176,-0.0076499112967066685,-0.01539592352092356
2275,0.012622746458907375,0.0037543770122468734,-0.03928896342591992,-0.03619317237725306
2276,0.0068159672226477674,0.000627218110594352,-0.015738988305861235,-0.030327844826954498
2277,-0.0024601473657229755,-0.0005407994970383911,-0.010939958497754088,-0.004241777888222775
2278,0.009456840217019091,0.002967346658462905,-0.034033330721539856,-0.03857469845877015
2279,0.018103940312757527,0.004523754392220608,-0.04441544946514586,-0.053911504131958
2280,0.021958983128233633,0.006779054371925136,-0.057355104558196646,-0.06844922592495395
2281,0.00735152860395738,0.0020409607791382622,-0.019580327902023187,-0.02473094133107101
2282,0.0013262711556780715,-0.0006598480313534105,-0.00389888576840669,-0.018868027627207518
2283,0.0032152762177979355,0.001000033405144235,-0.00936125047802483,-0.021145830093010298
2284,0.00860916973311765,0.002514421751958318,-0.03806631301593644,-0.03291117212899419
2285,0.019253559848565027,0.0054811150799244646,-0.03521602769343779,-0.053856950196153996
2286,0.008564018640242588,0.002793913855106661,-0.021973068975090937,-0.030829172340747446
2287,0.009849575486694295,0.00306255071988773,-0.024098158846235562,-0.03880263433788911
2288,0.011108246113199272,0.001984896229486721,-0.0161022668509887,-0.043824495075116876
2289,-0.001877201364471004,-0.0011805003409453563,-0.001541868633049337,-0.012175176377997143
2290,0.005316382155005406,-0.0001804563579747842,-0.0029504134024669892,-0.02981903084808657
2291,0.008052880523470085,0.002099040607223601,-0.020640690863627298,-0.029866830507565445
2292,0.009529340541575726,0.0022625869575362556,-0.022456869830212833,-0.03448819344405951
2293,0.004089443560624795,0.0005185510425435025,-0.023136000474789753,-0.02944293138462306
2294,0.004999569908884061,0.0013477289484976063,-0.01576418198477575,-0.02645330568124682
2295,-0.007705504084799086,-0.002721592715479143,0.006480542952421731,0.00397413996351792
2296,0.006374296965143744,0.000989900884838163,-0.00514983494036203,-0.028942312856593877
2297,0.014196394188318695,0.004375280766529904,-0.04085390714776305,-0.05071538920443397
2298,0.015246341715872136,0.0043800181444831054,-0.047427820044096236,-0.046914634777657005
2299,0.010557676651800407,0.003181989671984048,-0.03349914876612198,-0.03632250272898152
2300,0.01043221227096891,0.00282396422444528,-0.027399113386381346,-0.03612561944658699
2301,0.00922705493550724,0.0025053281515123316,-0.019844805991092507,-0.042687521272558704
2302,0.013693448642627781,0.00350620895906692,-0.03484299391929879,-0.05029699705083024
2303,-0.001328081624337174,-0.0011851938839236298,-0.0002999038887879779,-0.01413685032072387
2304,0.013429636952793422,0.003605725223929962,-0.025620630398453748,-0.0552139909037308
2305,0.010689023203860337,0.0031361011324841925,-0.033210878315074244,-0.03668139284099203
2306,0.007063135621327543,0.002220745286719561,-0.02108048001341667,-0.0232028926505915
2307,0.0054020279746086475,0.0018467129533893678,-0.010990178054911703,-0.025498025297075344
2308,0.013411737732917317,0.003539416152123692,-0.029909073944375864,-0.047979033938339466
2309,0.009199818044356878,0.0012978761375115055,-0.017152828637121087,-0.03950031124039355
2310,0.014155267295426044,0.003949942143651325,-0.029941183937343796,-0.043464381552826614
2311,0.011306306756099949,0.002219456650301682,-0.015927068958099977,-0.04257961960895995
2312,0.013115898621169575,0.0032106487327960564,-0.012864639066627603,-0.04570658723929677
2313,0.014558812320776271,0.003785489863186886,-0.02850366484022082,-0.042875740178336286
2314,0.013339959830272585,0.003413527655397791,-0.023088094542599025,-0.03804719741353424
2315,0.009375224770832746,0.00209902606840609,-0.018576753587681627,-0.0364968580015399
2316,0.0050109266728075585,0.0013527867549021355,-0.007678595319179249,-0.020475682303085052
2317,0.01422940199865752,0.0038418294443625656,-0.030532738437100693,-0.04946026100062262
2318,0.008641846748428716,0.0017533754889173803,-0.03072203483571051,-0.036307046871219106
2319,-0.0019115560053847291,-0.0012041098982916165,-0.004901042870724681,-0.009550278606558549
2320,0.00144852383139904,-0.0009596849579257549,0.013747602367801093,-0.009990195471676011
2321,0.006608210510829382,0.0007599206562266814,-0.011345115721595411,-0.029888303082084677
2322,0.004488568254946257,0.0005752199901018773,-0.016246241659660265,-0.02882854850067962
2323,0.0031772915173600147,0.00016123131000855828,-0.0016331450070347642,-0.018005825816837184
2324,0.010155143931520394,0.0029819374116069053,-0.029353758070265967,-0.04432991262971675
2325,0.01134461959520544,0.003107211498707768,-0.030871758831648832,-0.0390662108874974
2326,0.01337194671087577,0.00327409260044928,-0.0292488466196269,-0.03951961719228936
2327,0.005588993897331029,0.0010065128701246262,-0.014655947162433403,-0.026570936433800485
2328,0.0023014320809795485,0.00013832965311505463,-0.010560844911593537,-0.018728975901022182
2329,0.0061267117637049395,0.001262151850464105,-0.02255415159516022,-0.026753062033070152
2330,0.014978741890596559,0.004483234138181302,-0.03764883054523144,-0.037841883824390465
2331,0.013543963838677064,0.0033437011408112283,-0.024781207522710902,-0.03938049737182714
2332,-0.002434202708383737,-0.0013560795197350428,0.0023056433702085544,-0.007604101533804086
2333,0.0068581424386542356,0.00037235103162400196,-0.013497211006847643,-0.02596871254977251
2334,0.007548632864363913,0.0015265721338443838,-0.01156939140489377,-0.03492507506410458
2335,0.008621949753215619,0.0018827590457235754,-0.02100029558487504,-0.030335923163201217
2336,0.00749579655310656,0.0022617606217318897,-0.03433157370208062,-0.03886838935330306
2337,0.004354588527005654,4.746350089887552e-05,-0.002778046845397064,-0.024841489994055888
2338,0.009953573892206857,0.00319529137155522,-0.03594965770229369,-0.03429783574794831
2339,0.013334168235446975,0.003964050609956221,-0.03761861010633166,-0.04017263955003414
2340,0.006010556594808647,0.0003376429935487979,-0.0030011752597211006,-0.032306459199334836
2341,0.011659363127126565,0.0035872335443209724,-0.034225358934265315,-0.04398629876308269
2342,0.013320060980100079,0.0038049472770520787,-0.0356707333090347,-0.03950431523960929
2343,0.008382078622434008,0.0014845326127518876,-0.020044689240176716,-0.0405912305516265
2344,0.012235856080561935,0.0035021551957721553,-0.038406712456016345,-0.05497822555731624
2345,0.015290158086188055,0.003839619784051035,-0.022471826893364577,-0.03808434128800253
2346,0.008251741363067222,0.0017864858706272135,-0.016459398577283957,-0.03288233164708143
2347,0.00436386774093489,0.0006365678522418927,-0.016331723261020392,-0.023700239365265663
2348,0.011502442262332657,0.0042871396266736805,-0.04173384730897617,-0.036839198546266494
2349,0.007611475949708235,0.0009586411530720373,-0.010801627523148949,-0.03585177069169421
2350,0.008764915259756312,0.0033910509873756323,-0.028809728443647653,-0.03636357007969315
2351,0.003953782312549836,0.0001714278965357363,-0.01270631071648215,-0.026494735410537706
2352,0.014825551686910021,0.003809129887328261,-0.03931122204161874,-0.04669920465391819
2353,0.005233772639182233,0.0004098895273504377,-0.010523497157318262,-0.02852893408184154
2354,0.0017724529931195665,0.0008934992200860248,-0.011400161117530339,-0.013506807055194026
2355,0.014343802647531101,0.005019581188771105,-0.04142933075438415,-0.04494889400549773
2356,0.004603403475232026,6.868994153283459e-05,-0.013343878763532546,-0.02468877472485198
2357,0.0069673502080953575,0.0012589076184457426,-0.012167658381863344,-0.033582913684954585
2358,0.005673294988328359,0.0019229181543334584,-0.02416796536119037,-0.024438850164665737
2359,0.009468870946130636,0.00277434032199092,-0.032934030555009486,-0.029555958314454123
2360,0.006663542198230732,0.002267702724401577,-0.021940731937860947,-0.030435051947822034
2361,0.010433913277701157,0.002367156288872324,-0.017312763272932852,-0.03650177072768879
2362,0.011360473830925921,0.002648402567549085,-0.03516787301443847,-0.03867588051716453
2363,0.00960025097478412,0.0028407328305539437,-0.024724355169172207,-0.04573095835970875
2364,0.013171660715571465,0.0042340003932613,-0.05094257552756154,-0.049435122078380744
2365,-0.003087519048055598,-0.0009709237802152382,0.0010597941708403447,-0.002503529238084501
2366,0.004079727682098189,0.0008680569187821396,-0.012386968552561717,-0.026190831344470977
2367,0.010696995695049338,0.003394089958824148,-0.0321091921737553,-0.02994898939968149
2368,0.0066716701029708725,0.0012892367849946518,-0.014180797307190629,-0.02988589228360683
2369,0.0035910625770810833,-0.0007820047514014161,-0.0018009286913176492,-0.02110032206893242
2370,0.008983180616239483,0.0019844024255032955,-0.013426750583355573,-0.03405974951835544
2371,0.013522765136883108,0.0037711363602288273,-0.02833916127738939,-0.048834870808376674
2372,0.0009589196313699588,0.0004983654167916296,-0.022883620754796163,-0.016049228825954054
2373,0.002143383053676895,-0.001136057365644455,0.014044664231182391,-0.025123038255948305
2374,0.0064822448773436125,0.0009720276764177416,-0.00560336946519574,-0.026603056521387503
2375,0.011972733589732165,0.0033248560802532356,-0.03396700870073471,-0.047387464024463366
2376,0.01842961548610844,0.004556100568460286,-0.029966978155636204,-0.058553791887125284
2377,0.01238636671150739,0.003435322547288483,-0.03256812852876423,-0.039127125572013366
2378,0.0034943247904869468,0.0007566500582925073,-0.017256847817517018,-0.024949466609703652
2379,0.014771231440576682,0.004924385860071129,-0.04238387200534127,-0.042867767165993165
2380,0.007011554798634689,0.0009915521466316857,-0.024759038252224586,-0.030015234006137925
2381,0.005138046521757311,0.0005595061596143647,-0.003417920194036639,-0.024858060458122
2382,0.00940843720875767,0.0024648800907974555,-0.018967028180071566,-0.031209221908477747
2383,0.00879387675725124,0.0016159994499046482,-0.016092185522333213,-0.032245184973302865
2384,0.002383547678055542,-7.382172045455881e-05,-0.0037360409550906137,-0.019146534824599826
2385,0.009832446932188432,0.0021556403952090464,-0.017571156967878754,-0.041749526820863414
2386,-0.0014847001567248608,-0.001233304209915742,-0.0018633681515134448,-0.0072921298354824415
2387,0.014108676235152051,0.004033476183543605,-0.040534561534992186,-0.04749849155269503
2388,0.011244392316236917,0.0036670378461453046,-0.03321545563730821,-0.03912998564462067
2389,0.006223992026376357,0.0009884761543237919,-0.004152817956228239,-0.02612418747100398
2390,0.011881673478836507,0.003413716295433772,-0.030758070741427557,-0.04534901318096418
2391,0.009184973130035745,0.0018199615980706296,-0.01430155372638231,-0.03877721303199577
2392,0.01903816293337446,0.006165920150171866,-0.06364694023558215,-0.05535628060978115
2393,0.007814060306088944,0.0018619355470874677,-0.020486426838386362,-0.03815420133871483
2394,0.011972818309208155,0.003281355794248819,-0.02784281231988106,-0.03671996484348583
2395,0.012072364999994756,0.0030804427821637947,-0.02030453168530244,-0.03744440345159783
2396,0.006227649073444419,0.0014092813258213543,-0.016501664361364077,-0.026664440995657013
2397,0.011434898756719658,0.003824719437809626,-0.03738674499085931,-0.0430432650276138
2398,0.006897161199345692,0.0010730097428527097,-0.010720943148019635,-0.03873572710680728
2399,0.0126855731758303,0.004277990847382035,-0.0395997632998048,-0.049093365203941586
2400,0.008564436751432924,0.0023051722455396106,-0.025608863157470796,-0.026167245151772267
2401,0.0020899835826311275,-9.172624950279373e-05,-0.019515850888815356,-0.020156242476768282
2402,0.012482084889266387,0.0030064194285446544,-0.020964812421878476,-0.03781196009326948
2403,0.01288075263313182,0.005099690868675982,-0.057179444227687726,-0.040249413051169136
2404,0.0010402487414417072,-8.956336264215325e-05,-0.0009204834563943387,-0.013661368161722476
2405,0.010377155935726856,0.0024378058319634854,-0.009924441227771086,-0.03671851223859823
2406,0.006673339632873809,0.0012634365829406746,-0.010323281776418447,-0.02879879862125223
2407,0.014377773904418634,0.003279468289499682,-0.02897102318275091,-0.04611526776553354
2408,0.01760884592662637,0.005236805451584475,-0.04292340605755973,-0.055493385359500325
2409,0.007498481150170322,0.0022807460534610413,-0.024582733282824842,-0.031666104612981694
2410,-4.014661459017521e-05,0.0006363804453949351,-0.02323404153912334,-0.012491439570153307
2411,0.010894978123338839,0.0032481699091339578,-0.027732645334696715,-0.034408611728447225
2412,0.014953544445993283,0.00360722284429571,-0.038111373004257376,-0.04548551038062287
2413,0.005599528741908166,0.0001945864189659141,-0.004099714187792258,-0.03254305801827728
2414,0.00812068025157453,0.0025733666501371877,-0.03457073331226701,-0.03562159557700628
2415,0.005754781478872706,0.0008693590870492152,-0.016019295248895393,-0.02615125002889518
2416,0.006575449546163403,0.0016008662314444255,-0.02072605196390631,-0.025375143626416907
2417,0.006847789541144955,0.0022012937869238525,-0.02524070588528976,-0.029167168953074363
2418,0.017628403894627387,0.0049687155305488395,-0.038068538679703,-0.05005852412790179
2419,0.010043573231933056,0.002754465321583799,-0.02214079149981185,-0.03909268227174989
2420,0.012942483080380096,0.003376136436256505,-0.033326154961018206,-0.044530537866293574
2421,0.007614720539271702,0.001487906297244379,-0.003787387900510031,-0.029615598388992637
2422,0.0015076904034376781,-0.00018754836719075962,-0.00258165670170879,-0.01586138012174687
2423,0.01231063917363906,0.0028544806220761887,-0.03625038047225415,-0.03736378563964782
2424,0.011118212234790759,0.002709280821055704,-0.0161639003885522,-0.042705304004900246
2425,0.011504422204379083,0.003064846294373952,-0.03495633209066834,-0.03416964610820461
2426,0.0014454582422613882,-0.00028297498884094496,-0.01593747454908767,-0.01471009316442573
2427,0.016491944689203564,0.00530515700195075,-0.053875285502795245,-0.0480230769348049
2428,0.004499878631495979,0.0012335691275285054,-0.010266328945100489,-0.018551573103189334
2429,0.005375863271578907,0.00047929618900000026,-0.016111092588432296,-0.02849503797047026
2430,0.008804006896050987,0.0015067562311364413,-0.01773638275125128,-0.039844229862728064
2431,0.0024894915540581986,0.0002169735216883406,0.0017485701460043246,-0.016953170570418785
2432,0.021435893493898295,0.006490103142338499,-0.04550538881637889,-0.061349917337978455
2433,0.012955600741912598,0.0034008899179880925,-0.03129823925998826,-0.03976977084001554
2434,0.012193327568626733,0.0030010918203827175,-0.03147961098286117,-0.04655367651153741
2435,0.0011505722349410274,-0.0008675903286699815,-0.0026832074652366478,-0.01534429709379781
2436,0.01505552869498894,0.0036258736211139952,-0.02323140053656597,-0.05400100603621738
2437,0.01224377775974117,0.003221547913242334,-0.011847388990582464,-0.04080081185016371
2438,0.007503073639083535,0.0015942568031247495,-0.006966752315546498,-0.031443344368212056
2439,0.012139988790002443,0.0033871735746159592,-0.02472183569378028,-0.04888959228018552
2440,0.0071994434636484805,0.0017310374010180984,-0.012786115586992775,-0.029327017166182134
2441,0.008495729244585748,0.0026249003639275403,-0.02575660460901308,-0.029715066978895477
2442,0.012619700385560706,0.003218023237875872,-0.023792080933973225,-0.046367779283163046
2443,0.0052532902659037095,0.0012165641554408302,-0.015582958273184344,-0.026051033081909036
2444,0.009159418064584424,0.001610767143897851,-0.009731941397591037,-0.04199529645146527
2445,0.014356047882182088,0.003167723894999974,-0.022528460274130746,-0.0487450259562503
2446,0.006432639980674559,0.001892655560385148,-0.027404196362124877,-0.02175895383210058
2447,0.006796253226397209,0.0010438035619320385,-0.010189371627179311,-0.029636529869412898
2448,0.008154189814455703,0.0015333607489464163,-0.013779977025704881,-0.0337620158468408
2449,0.0070000568294182886,0.0013360506662579152,-0.005682615492770715,-0.028394703098270746
2450,0.010987325398168879,0.0024649756645041265,-0.028030721457556695,-0.03350870705304909
2451,0.004643368689883021,0.0009138683427523386,-0.00512763204607547,-0.02532703858855856
2452,0.011542280283091733,0.0025931187552710455,-0.032291173480566815,-0.04296354913525979
2453,0.005421831865042193,0.0011176936111113311,-0.014069379864058151,-0.02924635309833501
2454,0.017645508838197266,0.00534562619978704,-0.041002469312106105,-0.05057053249699717
2455,0.011933253241021513,0.0037071524732264494,-0.033956761200243823,-0.04094283380856978
2456,0.0068492085650009304,0.0006668254974340204,-0.001010775326213409,-0.03229334249200111
2457,0.01501884852043911,0.003800687629347682,-0.024674901496587798,-0.03722480452563692
2458,0.0017794474135259808,4.399348362565947e-05,-0.0021882900967313823,-0.021021408918586504
2459,0.0020177075620973484,-0.0003307679386541085,-0.01087674339867628,-0.014171017067201697
2460,0.002435269531177675,0.0006286258809376499,-0.009903207342053078,-0.019841904900463114
2461,0.009075891883520648,0.0024403205515099446,-0.023834380003102784,-0.03921153975480529
2462,0.005070437927607974,0.00033585598681298845,-0.010484792612301896,-0.023883805300725314
2463,0.0033972440185299213,0.0004931679893108165,-0.014446277792133422,-0.01810142287690386
2464,0.004905903538394596,0.0015803961029283442,-0.020853252345024165,-0.02956708623088644
2465,0.014789388266425063,0.003871234626220299,-0.0405975116762578,-0.05121369147815924
2466,0.005661748073430339,0.0008136640237918491,-0.004531900096812147,-0.03112419104135622
2467,0.007885382515843642,0.0012851190241331967,-0.0075049093485987095,-0.03083875438605055
2468,0.0006926793751863558,-0.0006797435710549915,9.126771759315755e-05,-0.011370588737930398
2469,0.011556085086817047,0.0026617547057497526,-0.01995513575432395,-0.043721690184219675
2470,-0.0004681428696833301,-0.0001402279466613532,-0.008708074868043258,-0.014650642503339473
2471,0.011976256204118574,0.0034607082167008307,-0.033314035438034906,-0.03990737074499351
2472,0.012384310517534136,0.002855668148046442,-0.024491139466053025,-0.04465970949753251
2473,0.009344857546032148,0.002319763789241841,-0.027059023655445824,-0.03233511210411166
2474,0.011115237106978815,0.002821057561952639,-0.02126069094560068,-0.03734729389130542
2475,0.009752038471558033,0.002131378502091885,-0.012083404654324725,-0.032570528158327505
2476,0.006945359411085206,0.001472574615208777,-0.016101934046398703,-0.03607402747683719
2477,0.009746516003992178,0.002741867071431925,-0.027612398536499105,-0.04046639351104686
2478,0.006040184822341255,0.0011934767530548673,-0.014896458540391677,-0.02242639992646267
2479,0.012797087254756812,0.00404339780150198,-0.04671683827062889,-0.0392175587706316
2480,0.008846324722486643,0.0017231219947357879,-0.0015320067411512817,-0.029859173610091383
2481,0.00704450056879502,0.0015413620943694473,-0.0194548148031069,-0.029162510564747612
2482,0.005413178067591173,0.0003725002342918893,-0.01043205480377929,-0.028672893924047593
2483,-0.00040721294496293137,-0.0014280938103134744,0.003434297313822554,-0.010306274715261243
2484,0.007603914281662738,0.0015414404377679103,-0.015618254843717205,-0.03175905326328776
2485,0.0027718048890688074,0.0006808871880581713,-0.0205812919055548,-0.02177907303095783
2486,0.00919890313560301,0.0022841721796343917,-0.02613774126667079,-0.030539960725652016
2487,-0.001976128271453881,-0.0018485335397529779,0.006781967392843091,-0.005373124596779633
2488,0.0013037776146554991,0.0003612336155057738,-0.010717046628163585,-0.014986291231434357
2489,0.010042932269308469,0.002485118072195064,-0.03191312031137633,-0.03580839223136323
2490,0.0052927785924873905,0.0008654097334092059,-0.008552144491591196,-0.021368065824896587
2491,0.0024651649440660117,0.0009351010822819528,-0.023151186209144137,-0.0171193791371832
2492,0.00229129441484488,-0.00041722991801848575,-0.005952120853342624,-0.02520414673046245
2493,0.0032117606816249866,0.00023373510175958567,-0.0034426204641690994,-0.019806971746440083
2494,0.007789383819947371,0.0016210592303771976,-0.011459483110118185,-0.026886620753920343
2495,0.004824285542150697,0.0005229000416630547,-0.018106657381947666,-0.02851623132918124
2496,0.0018326507486026156,0.00013808085653829738,-0.009287002345175932,-0.023211667822436888
2497,0.012561077719196179,0.0031233654410638134,-0.028502413703001217,-0.03864332927144487
2498,0.011792377372850438,0.0038493748747200074,-0.04525298221207419,-0.036079410366143705
2499,0.0141368584152336,0.0038197595101655824,-0.03520740678673345,-0.04903887851876998
2500,0.009196629002638568,0.0026380896105421825,-0.03267868427442083,-0.03948176720597174
2501,0.0051026792433118695,0.0020760415061967796,-0.023303618856576724,-0.024423545492363363
2502,0.017093620956923794,0.004649151874886487,-0.03713491880552389,-0.04761918832708645
2503,0.007869433973201834,0.0016440434652836844,-0.006197259114452236,-0.026054948928480925
2504,0.009704385118124048,0.002685175625050412,-0.02678666968197374,-0.03369708422722084
2505,0.013424490990695093,0.003586133945438885,-0.0323159572112835,-0.04192419478215992
2506,0.007758269228734238,0.0019828625380483023,-0.011795268985109408,-0.029571069555671348
2507,0.01515572423089917,0.003619079239883749,-0.03927993415408204,-0.04726553591547622
2508,0.003902252302757536,0.0003563524869938661,-0.0035044187519144288,-0.026490220946532195
2509,-0.0028893641222398347,-0.0009045716937539083,-0.0021044462025799904,-0.0009053248401867942
2510,0.009377133315004893,0.0017641059286722938,-0.012844600638745596,-0.03902766868382912
2511,0.014538424125612459,0.004602001583024012,-0.05271069927715333,-0.050385614245235466
2512,0.0057342812897875906,0.0009010381869036521,-0.006388814282263844,-0.018131116312806617
2513,0.007886136680352762,0.0025892047907712934,-0.027568051426247353,-0.025422000605207384
2514,0.0032101203434007353,0.0002616767688532473,-0.010806414489066052,-0.016426419459183217
2515,0.0008191846146867743,-0.0002919663418046725,0.0008339834293553672,-0.012308537209232417
2516,0.004612479049212137,0.0017694453808145272,-0.018208228387417535,-0.0239710579022393
2517,0.008416760263964873,0.002585681240194676,-0.03503402583312015,-0.0366092176994548
2518,0.012606399191971152,0.003061849652404691,-0.02165300497435979,-0.049441660453260705
2519,0.006813304408838539,0.0009421564899182444,-0.005616816314842288,-0.020272520683689232
2520,0.011100249222365521,0.00242353891009478,-0.02058773254713142,-0.04211254636099193
2521,-0.0025061562875378085,-0.0021438144144704796,0.008294629939832265,-0.00536766165861402
2522,0.008578142626902763,0.002558329964660405,-0.04163571799585042,-0.035025033954561136
2523,0.004490010256710475,0.0008794868712782011,-0.010728359092609718,-0.027555710089109398
2524,0.004816253356921485,0.0011381914334385457,-0.018030673371502548,-0.02428641975308654
2525,0.008041142162113157,0.0019590053029038823,-0.026180127519226826,-0.03333674933387987
2526,0.013140803297335746,0.0041741731440577134,-0.05474180220448677,-0.04372435126200025
2527,0.011389754429964927,0.0033970646653225245,-0.02731676428815527,-0.04270054741279494
2528,0.014734951882263148,0.003815513080467736,-0.03251651475918399,-0.04675334504078299
2529,0.01818932418004382,0.005557451374105377,-0.052322812202090285,-0.05127102581141929
2530,0.011194754025063758,0.003374029837877296,-0.03238492330658799,-0.04004937773594486
2531,0.010045407046865518,0.002879820573645664,-0.028543661589297165,-0.03202441418373336
2532,0.009985662641747273,0.002412780438919071,-0.01985190504087575,-0.028462377228799185
2533,0.0001275659497563808,-0.000277369178912662,-0.007684553408740469,-0.02317297632425319
2534,0.002401058398717626,0.00012010940253065483,-0.0034681714752690107,-0.015109282312964711
2535,0.005279646302701391,0.0007904712071420961,-0.026937686699151364,-0.022445839672573742
2536,0.009554715088584242,0.0020259190176168673,-0.005932210247272085,-0.03316591867788976
2537,0.0068599223964339595,0.002175158484096912,-0.025836648298719955,-0.034147440244584826
2538,0.007074091774000757,0.0012549428014606567,-5.6142476892673265e-05,-0.025953358785674396
2539,0.010150726744442617,0.002926882157148508,-0.03472435544591018,-0.04019113527764051
2540,-0.0019381039327702743,-0.0015172800957599653,0.002752499536433417,-0.010558975365543954
2541,0.0001605913472980669,-0.0005305663418008755,-0.002338690580860281,-0.018977469670710567
2542,0.011430284926763679,0.0034293801065742313,-0.017310991004430898,-0.035959289148412954
2543,0.016156035642735156,0.004263619018166492,-0.02709293092198778,-0.0429900745852454
2544,0.009609125141527675,0.0030949161942969428,-0.022492224510800074,-0.035370654829579684
2545,0.01062245282036689,0.0034091910972076644,-0.032484408676935306,-0.03781353809820398
2546,0.0067795841299364,0.00021028681330231835,-0.003669267234105933,-0.028781900021811913
2547,0.010612267613798076,0.0025463746407091425,-0.0192614546649732,-0.0439220982225933
2548,0.006961386974895845,0.0015277903983659802,-0.015711704523345305,-0.029434071848467247
2549,0.013968010550737264,0.003434883766206348,-0.034110957677454756,-0.04719575631938244
2550,0.00599735055212125,4.988723782101134e-06,0.0030329618535699376,-0.03243696283131947
2551,0.00895588000806491,0.002535875216656297,-0.028834508476027088,-0.04141588758930248
2552,0.002714359761751939,0.000403864326138037,-0.01897312588402117,-0.02052667416788201
2553,0.013725446676820297,0.004401127457028059,-0.03931981426881731,-0.04291758376131083
2554,0.005907955632286188,0.001672892003834442,-0.003979005259455659,-0.03422210193955799
2555,0.0038284953976220892,-0.0003442426412589572,-0.004769944535769011,-0.013482334370803262
2556,0.008983245710262155,0.002091649281238589,-0.026239416692701245,-0.03695468338989649
2557,0.013969465257363034,0.0038868494009112464,-0.02119221207437577,-0.04247639684259408
2558,0.0015614861377530875,-9.992974520117714e-05,-0.01734446698109965,-0.01618890606158674
2559,0.004601681605103325,0.00047331155162053107,-0.01135700550084151,-0.025207552195631533
2560,0.008747242309736059,0.0023496147898336706,-0.02171005018140776,-0.03320375106564366
2561,0.006696941409387147,0.0011825340169998588,-0.013734978089109284,-0.025117587862084845
2562,0.005275945502098367,0.0016056087409716535,-0.028722323913515813,-0.02176925551831499
2563,0.013473865852458689,0.004212627762979149,-0.0339575858892589,-0.04591320588311587
2564,0.007019654393072616,0.0018938688850398122,-0.010966411862885772,-0.0350515892415697
2565,0.006101543281977206,0.0016366656054379591,-0.006376678712237405,-0.029718527662737637
2566,0.0014637649971643851,-0.001084975610441602,-0.014154964932739433,-0.018082771174643963
2567,0.016294759629233435,0.0035691131910286222,-0.0009028659825022212,-0.04183957219251333
2568,0.010148874893903703,0.0024468400569419013,-0.026580174093959186,-0.035321291483269346
2569,0.008161833212950387,0.002250966157201828,-0.012185676272867041,-0.035197534089919325
2570,0.0055612635997035476,0.0015352254684585787,-0.022674053801080785,-0.030614197226499607
2571,0.009929324303513343,0.002776474837606846,-0.023821658625636677,-0.03657964312254458
2572,0.022040876377367624,0.00654616347894782,-0.04983064082495631,-0.07390522390522392
2573,0.005050422987949277,0.0009316582276939767,-0.015073253446130808,-0.021687290993495312
2574,0.012871852959895125,0.0035701525453644967,-0.029220438784900438,-0.04763962379097686
2575,0.007814586486106945,0.0023931156552917388,-0.023422913014548574,-0.026212245989681304
2576,0.0032810548916800686,0.0006725102115526793,-0.017043761273778213,-0.023253255777764603
2577,0.006655071056719031,0.0015830790135617223,-0.023039845811500037,-0.0339519171711854
2578,0.006696320905209552,0.0013624432383612384,-0.012591722750456502,-0.033745223903408283
2579,0.005150742082395299,0.0022466690620183416,-0.026715919038563463,-0.019217287731835953
2580,0.010630721274802135,0.002622887861271017,-0.0346300645755207,-0.03470584138809074
2581,0.01566944023342509,0.003919909834201762,-0.026556110107631092,-0.0518670442318373
2582,0.003406318918509288,0.0004096011026620272,-0.015194206849373837,-0.02272654543372188
2583,0.0067318601063980354,0.0017456811281010565,-0.00913136211451726,-0.033586295228946406
2584,0.006478754874799986,0.0013789038391767983,-0.018143482204526162,-0.029844465550153854
2585,0.015261120948883544,0.003889433081136928,-0.02861332190850774,-0.05152690620137246
2586,0.0022718757521749122,-0.00019340628781586156,-0.012026456398518848,-0.025412947831552568
2587,0.006864616090864195,0.001689420136978259,-0.025281790299873097,-0.02559810665979978
2588,0.008053455375867435,0.0017485056541071964,-0.022177600839456968,-0.03014010849627269
2589,0.008041717874932186,0.0029293627500051878,-0.02583863843059836,-0.03508771929824561
2590,0.007612943501561276,0.0017201262109329818,-0.008863926009288536,-0.032285154275389916
2591,0.005184490925660312,0.0011345173150567878,-0.028366695969220646,-0.033044738022144804
2592,0.008276000301226105,0.0014671947284934928,-0.01732544769250427,-0.03298531671429783
2593,0.013187604582338808,0.0036012459469804414,-0.035353460372050005,-0.04508691261500919
2594,0.01302414714243788,0.003209384460007847,-0.016459551904540515,-0.04696967146896458
2595,0.007239536652683287,0.002254812520089189,-0.0297861328839667,-0.03435265615618377
2596,-0.0012783368703831455,-0.0008962407209017198,-0.010376074459426676,-0.012841499118450894
2597,0.0064864316359071195,0.0015558379103260966,-0.01693813179096726,-0.03018546079480755
2598,0.010389863096190277,0.002676034171567615,-0.025328711641200097,-0.04374241079006125
2599,0.005909122270040423,0.0014578103878411242,-0.023776562473137253,-0.02792316131096595
2600,0.01071357239374715,0.0028848015098871527,-0.024563982801445283,-0.04631192408420748
2601,0.010391580037612425,0.001548186969710763,-0.011882476180150259,-0.04420560461005829
2602,-0.004046203952150218,-0.002435179765989892,0.014287111761231375,-0.006203827116668892
2603,0.014933900131283928,0.0037344786590965406,-0.030693562028158816,-0.04975860184155079
2604,0.010572172620371856,0.002419065083047456,-0.016916120302103044,-0.040901232089975315
2605,0.005762366651028805,0.001416596230840339,-0.013400773371471608,-0.026354313108316152
2606,0.005819864807149633,0.0019195885690011238,-0.03539327734559411,-0.030480388914155165
2607,0.00787990459822785,0.00222855616785525,-0.029139446978882322,-0.03394783884567576
2608,0.008776315483526087,0.0018424845062451345,-0.013256800465290597,-0.03047215496368061
2609,0.011384316779733838,0.002530624023662248,-0.018223821966858622,-0.03845346725232113
2610,0.006763796956440471,0.001866529943372719,-0.026543317694513235,-0.029060998078763278
2611,0.004470321366285113,0.000956322139328919,-0.012268864161173287,-0.01859840237619137
2612,0.0003649256952253932,-0.0005984826866265447,-0.007031300703010057,-0.016502902029373323
2613,0.012136561082852104,0.003997011553364349,-0.054836271716796114,-0.03982819857720965
2614,0.0070728569407793596,0.0015290449840890397,-0.018433221587658588,-0.036626029254527515
2615,0.007623716189849639,0.0011381957346769944,-0.010930227113001956,-0.03571077414312307
2616,0.00883106150739299,0.00243316728099352,-0.025307553519533843,-0.03813096056404808
2617,0.008765808090298477,0.0019510091181614286,-0.015082264677221624,-0.02819787794509576
2618,0.0063661358148833225,0.00153340111238498,-0.019024301269483457,-0.030840309408844968
2619,0.013841769589729935,0.0039948756313069045,-0.03143896181147132,-0.04812893429918064
2620,0.00569420868333903,0.0012481332153571334,-0.017323085189659748,-0.028857201681621092
2621,0.0071539280871050215,0.0010846973930128956,-0.008016312701221884,-0.028972162517476696
2622,0.004823420488814734,0.0007524429798628773,-0.005463147647726707,-0.0237679529407564
2623,0.010387735714913582,0.0031621351895218253,-0.036090750223369494,-0.03561361353388115
2624,0.013376327768331642,0.003499052490340132,-0.03343415742452205,-0.03816584929520983
2625,0.0036720768986092667,0.0005894984674703618,-0.002837113258723045,-0.022684931323080804
2626,0.008968666439439832,0.0017619767662334918,-0.020631974785800977,-0.03366039838888102
2627,0.007784124670392911,0.002265534717668105,-0.027131123081141795,-0.032878374467413374
2628,0.005300526719017429,0.001542728821268019,-0.02675397462910184,-0.024603625856363887
2629,0.011382289558785508,0.002307774223838127,-0.02311363819439083,-0.041929300403043324
2630,0.011745375786911594,0.003330733841428818,-0.023345762651712065,-0.036408891750074224
2631,0.005985441795311575,0.0009431285669941614,-0.009161792868795093,-0.030392912318076948
2632,0.0035722069121034705,0.0006883421510084087,-0.01133344751697346,-0.02308072494849811
2633,0.005079691853325463,0.0021869389978172726,-0.04018050768369713,-0.02717985203372253
2634,0.008341672415822954,0.0018708195193920252,-0.023597440230322397,-0.03275288961717382
2635,0.004879977746430786,0.000802215433324649,0.003039684764334083,-0.022491207190993734
2636,0.0035264282040192163,0.0003524672577767951,-0.019748757355895152,-0.02276207265827057
2637,0.009791331576736728,0.002970735396736285,-0.028393419981767754,-0.03630242810680695
2638,-1.4504212173527264e-06,-0.00040521780502864035,-0.009881373944301275,-0.009734948473469451
2639,0.00634226411341221,0.0016485516758572016,-0.010733671351188856,-0.02739987285441825
2640,0.008402137469467608,0.0026206213958019364,-0.01567770966713855,-0.03414677511789932
2641,0.004214423834341119,0.0010878036453519924,-0.02306547899385958,-0.01825280925235173
2642,0.01586060770029707,0.0041818266539877524,-0.035341923744780734,-0.04797403229980057
2643,0.006817820216324433,0.0013038460062632928,-0.025412353780454533,-0.03251752230013716
2644,0.00839887080890539,0.002199565146335347,-0.03872199554617328,-0.031835072903468764
2645,0.007368591657087364,0.0015665823740303453,-0.016779448384948548,-0.03461330836613741
2646,0.012253999780427016,0.0033077121460486913,-0.021839383456622508,-0.04199376171596292
2647,-0.00011779488768570712,-0.00043814741273015545,-0.008427419262670377,-0.015123441954095762
2648,0.0036020960595056772,0.0005588785920388473,-0.00507558256744961,-0.027061544021542705
2649,0.002757691645308813,0.0002703537659659583,-0.0009970774679907701,-0.022290469585892536
2650,0.010874008741193097,0.0027941597508851224,-0.03380597254622436,-0.03741166748902636
2651,0.007090412391509204,0.0014747002891098704,-0.019016210403177858,-0.023091850686952964
2652,0.005748603626167692,0.000579413291381059,-0.014247309823660681,-0.03063002929506431
2653,0.008142534745976149,0.001533635928698901,-0.01188762783789965,-0.038767281285071675
2654,0.009964378048187839,0.001228909979714643,-0.004936688320904992,-0.03343869101914121
2655,0.0054190406948675385,0.0012202828064960536,-0.014136130555599369,-0.0313556839435809
2656,0.010117069321672612,0.0033513537913094638,-0.031927694471033385,-0.03703542872247023
2657,0.0016754639610834232,-9.496175897957815e-05,-0.0008356702094960422,-0.011872749534272864
2658,0.003907685215713941,0.0006104063353482014,-0.006792619054987403,-0.026075919978330697
2659,0.006067337883169932,0.0004420950776345134,-0.012367582991141157,-0.02850563033049036
2660,0.013589782635175851,0.0034583242316786333,-0.02138206711362478,-0.04330332511489732
2661,0.011772928563691665,0.0027892757338377205,-0.019784752150174556,-0.04203197524497171
2662,-0.0028209788633503097,-0.0005390502750888537,-0.016121288044741222,-0.01081658872151825
2663,0.010750705731603194,0.003416271118925146,-0.03671131069991801,-0.04358059451674423
2664,0.002749275391334849,-0.00018206088647707008,-0.011175553778314418,-0.021944671944671867
2665,0.013304522102428107,0.002911876401614444,-0.0200290236185654,-0.045043178636417824
2666,0.001195725249031554,-0.00017504435243567706,-0.01291302884593043,-0.016692507872989926
2667,0.0052587217861642666,0.0014883852974479639,-0.016189604992622786,-0.021281995559412237
2668,0.006462801388187667,0.002001167060290243,-0.01803045177995166,-0.032309360958009514
2669,0.014047950265851594,0.0048024251181583155,-0.04786063090465753,-0.04699344892570867
2670,0.007353066871163216,0.0018736695961441563,-0.026589224208705853,-0.03401015228426407
2671,0.009138954012259615,0.0028113322995633183,-0.02396700499594656,-0.03897380440564269
2672,0.011795143745372716,0.0037834520807280003,-0.03860922565265401,-0.040039426404045786
2673,0.005335140744268552,0.0008181831396013584,-0.006106472518015993,-0.013525178351948886
2674,0.016675291713646234,0.004433526173685115,-0.0435625852982891,-0.05465820020110457
2675,0.0013527175817706905,-0.0004000080566277653,-0.010206128232753076,-0.021608575208798553
2676,0.0073838552149030345,0.0014516410885657416,-0.01389377218752047,-0.023861875419437406
2677,0.012576091306835402,0.0030700867716174918,-0.026130430528153004,-0.04338401619130228
2678,0.0044398855589034,0.0009604546369519351,-0.0020816362188814663,-0.026711931747016582
2679,0.0052989182505998045,0.0008663390223396239,-0.013207318132981039,-0.029213451341579377
2680,0.01125448194787565,0.0033233314047537432,-0.039897581073577715,-0.042573330452585934
2681,0.01255900086474615,0.0045604550099548335,-0.03919337962909469,-0.04596660300978872
2682,0.013220280589258948,0.003939382452176954,-0.034840837238380995,-0.040416702835832874
2683,0.0069730628076738466,0.0012381662154358486,-0.011329672253719558,-0.0343106897562343
2684,0.015437917829318415,0.004433751126723562,-0.049192506282664084,-0.0407371423926548
2685,0.008327146072999114,0.002599317112546823,-0.022708797024190375,-0.035370556123230146
2686,0.002313027207344498,-0.0003569829528543844,-0.009298553023441403,-0.009455449850678033
2687,0.011376001123484136,0.001826600471393408,-0.016981698380238608,-0.04234640841783688
2688,0.008930267333917774,0.0028640961746990157,-0.034500824982308276,-0.0335084380154802
2689,0.010040942230956307,0.0028614023924140863,-0.031728205391626685,-0.03365678415036755
2690,0.016192806724627473,0.004341778383360584,-0.023564599025930166,-0.04808114183114176
2691,0.014907938520439312,0.0047434179408039345,-0.046971883151669114,-0.05150911878446707
2692,0.007814230409019962,0.0011114386263985365,-0.003838441952763838,-0.032757525956369826
2693,0.0024649527982744113,0.00023716875691459638,-0.01915668723006647,-0.016702494076263563
2694,0.01432193722561359,0.0046497528829703705,-0.042898732766798675,-0.048739740380697394
2695,0.006606919161325275,0.0021238170781534282,-0.03069654729880633,-0.029968614608591015
2696,0.0131543980724238,0.003756195651053229,-0.03431422002542389,-0.047109291215755134
2697,0.008282989403341157,0.0019008622839216671,-0.020956676005706942,-0.03403911632473944
2698,0.010342422625628622,0.002623105201643827,-0.025306894595300222,-0.042250151097422584
2699,0.003785539195455212,0.0008327727065179646,-0.004733563098398452,-0.019268155765454487
2700,0.009242278816005478,0.0025087837247409484,-0.034545557308855945,-0.03264679455305186
2701,0.007200606303047474,0.0011522791206495242,-0.01616504417477388,-0.026259854215872847
2702,0.012630560367559607,0.004250626313581196,-0.04119266480846712,-0.0481666306716968
2703,0.00666496272629058,0.002581378412466029,-0.0301698384022685,-0.030209786943346417
2704,0.007825501181952133,0.001051055971304088,-0.01269071032808139,-0.03301626912107858
2705,0.00524099446506987,0.001073017180854119,-0.00931209746444367,-0.025956867517072824
2706,0.008350426914442655,0.0011635726631109844,-0.025544543677573694,-0.03720003607355726
2707,0.008581207878748054,0.0021695713220139523,-0.022758158845272825,-0.027804987530125835
2708,0.016993526911131818,0.003986701728241809,-0.025929282247534602,-0.05988297858336955
2709,0.010844516351244449,0.0029017746106123066,-0.020744572398203542,-0.041840741660310266
2710,0.02313325649396636,0.0063518662321313535,-0.04506341965922178,-0.06972301577443796
2711,0.016377077795519113,0.003912910083722826,-0.029775010506786326,-0.056568970223588755
2712,0.012700386799529229,0.0039548794791742226,-0.026413187205004574,-0.04704307187065804
2713,0.006278431572373011,0.0013634406135533128,-0.01824848762560749,-0.033910919915135174
2714,0.013228482150830001,0.0038870334786888505,-0.02507442100612217,-0.049258543987309
2715,0.016354662681660415,0.00445751914451592,-0.038686527167313856,-0.0605708708165662
2716,0.011734954051959012,0.0033062371870020424,-0.03203893553091147,-0.03695446523006107
2717,0.012116837399112124,0.00413291268514665,-0.02851624327672314,-0.03664177124009549
2718,0.008627952312582843,0.0022397927315702393,-0.012589238157096116,-0.03686715678690078
2719,0.019997116538289228,0.0055715894176883995,-0.04526366020705769,-0.06249061801870215
2720,0.00459107424191052,0.00026924237161754516,0.0015871304718875212,-0.026784931948426904
2721,0.00828369011310337,0.002937909640189057,-0.036570052592211244,-0.032222490691349304
2722,0.004161181978160955,0.0005985492042774321,-0.0003261553468524858,-0.026541684257886944
2723,0.016609405387238985,0.005000733803963431,-0.052869166035352966,-0.05176299725065636
2724,0.014389571683999458,0.004032865136069791,-0.03808210049018751,-0.04706011500436591
2725,0.012431606008429297,0.003214659295345229,-0.028511146737754678,-0.049822906641000975
2726,0.024859159539601827,0.008611990162612243,-0.06516620488032338,-0.06663334241099328
2727,0.012176735602060673,0.004015615662398775,-0.036037436718395044,-0.04226966168267843
2728,0.013614038884289636,0.003158032466855226,-0.01741842681364708,-0.04591668228762191
2729,0.01246707132103847,0.0030035382641355746,-0.02454433511229781,-0.03715012812209606
2730,0.008215778450019029,0.0021889395496024755,-0.028285743178247558,-0.028979378121475774
2731,0.014954783619651468,0.005041658512363878,-0.05523554288689986,-0.05353500666000666
2732,0.013792358949274552,0.0030422769484372003,-0.026355398437341138,-0.041674059359314786
2733,0.010001161741372,0.0025729754449336506,-0.02681998021043991,-0.03560210268317865
2734,0.011508308862653749,0.0026707897385598034,-0.026950114363550104,-0.04343589467255815
2735,0.00623026248962999,0.0011360181905916977,-0.001518509345765362,-0.029709401345859754
2736,0.01313588019730827,0.0034224963039667378,-0.03220410334242546,-0.04559602733357526
2737,0.009044065093387732,0.0027941426935861047,-0.028709990494339865,-0.03685639115854222
2738,0.008854518260921873,0.0021690559252235397,-0.011679737200852636,-0.03899819578809849
2739,0.006916812134138306,0.00199894575061052,-0.014536120729226887,-0.03577117520200701
2740,0.00533173647898022,0.0003994933422577507,-0.006096072045152723,-0.02828714693121459
2741,0.002628133105617547,0.00035746750742979283,-0.007913661910687486,-0.02216099954082984
2742,0.00898213437904588,0.002828721137511786,-0.026357018045226555,-0.03568786948478064
2743,0.018806454845509357,0.005446798508915163,-0.04087947990441171,-0.05136685216979464
2744,0.012223877077115808,0.0028174917536298305,-0.014063278427337289,-0.04099386841742081
2745,0.013878265111267662,0.003988502093844187,-0.04043951002003121,-0.04877856265845992
2746,0.007788934883227683,0.0022662976005023705,-0.007560279302350759,-0.03337052978372912
2747,0.008355430340283965,0.0021560081603370362,-0.01809387577524124,-0.0387932185051455
2748,0.001661656186497218,-9.029140205119024e-05,-0.013091604550818148,-0.015507989596265204
2749,0.00019802413613234648,-0.0003925264987843513,0.0009421245767858855,-0.011179934921161316
2750,0.010008573338759819,0.0024250450557927183,-0.02335298558767812,-0.04239916543162836
2751,0.0042625153090150025,0.0004843570068043257,-0.004954636837463444,-0.023917182294145745
2752,0.007456922503301544,0.0016142018588463647,-0.031756616466901144,-0.026131348740044413
2753,0.014715522417945603,0.003968348031886865,-0.03712619625764502,-0.054436690411382105
2754,0.007356678821735185,0.0016476553769885216,-0.017812241072337753,-0.03131434627548624
2755,0.014224386263543387,0.003983680220883745,-0.025990526823212567,-0.044242296988670216
2756,0.011747885169994143,0.003054649074250071,-0.027996416930818946,-0.04063915470305435
2757,0.008651659217047636,0.0010605805229154386,-0.005694865631654222,-0.03391877288712897
2758,0.01261954955513378,0.0029310822053426333,-0.021446697867707865,-0.038966721541486504
2759,0.0036421668050728995,0.0004222948100606194,0.010046157013112733,-0.018573213213996742
2760,0.0028652992010166356,-0.0004148826413842288,0.0028344180203329072,-0.020617037115113424
2761,0.006756985002807081,0.0021445320657494382,-0.030596442432664572,-0.03428802557518218
2762,0.011079286054709758,0.002486190220829798,-0.027426007925701934,-0.04170239901488659
2763,0.012382829883979096,0.0040395797406395095,-0.02965664139176022,-0.04012036108324979
2764,0.008964178325009176,0.002285439366610964,-0.03255841777537599,-0.03532303644165358
2765,0.003353906693592479,0.0004911878848960771,-0.0071291985868582874,-0.020160973710433572
2766,0.009073178029719409,0.0023777838977342147,-0.021362560588827295,-0.03269583540120713
2767,0.003685024715539109,0.0009558592061182647,-0.015251350289665011,-0.018438686698704965
2768,0.012252927204265573,0.003114276639532343,-0.029158095578584176,-0.03946315705256431
2769,0.009819852521820327,0.0026150169439648763,-0.023800082371041142,-0.03574517697048629
2770,0.003635199330308758,0.0010626185238839514,-0.0007864543970501625,-0.023683546639892583
2771,0.012088534143813945,0.003858626333918508,-0.040068387941360306,-0.0356880740958766
2772,-0.0007428603255517086,-0.00087937255430659,-0.0007420288261065777,-0.013374413905010263
2773,0.0004764349843845439,4.934826958979954e-05,-0.006493210517386938,-0.0226670796523738
2774,0.018447313307055957,0.005468473875553853,-0.03961418502486741,-0.06130061165522149
2775,0.012252712878360827,0.004432286573286148,-0.04304533296919155,-0.04050472928897597
2776,0.007855967779896611,0.0017016488836071597,-0.02104694610304597,-0.02921781899643483
2777,-0.00019233509615701472,-0.0008350877106516885,0.0020510228636657635,-0.01220527530280291
2778,0.005993439689877367,0.0017300792247032792,-0.021708889716376356,-0.028327884722927577
2779,0.01419741026912169,0.003851297934589687,-0.034544553117196564,-0.041290076211833227
2780,0.014484621479247117,0.004157489552513549,-0.039904799124464374,-0.04453056475115302
2781,0.017324571390236465,0.005598956296467061,-0.045068170493320736,-0.04908375826602651
2782,0.015515596811166987,0.0053004800440215605,-0.04643207481913181,-0.049788737138952266
2783,0.016618355888037728,0.00437848615348127,-0.03092371826138207,-0.05749366595205618
2784,0.01377933745495391,0.00441549302486785,-0.05082825545071573,-0.04276018212623889
2785,0.002079934731382127,0.00033185216923933836,-0.016125331620285288,-0.010616111362380054
2786,0.01006051387309903,0.0029114112794398905,-0.02233074139135438,-0.033390007436294056
2787,0.011746811402308877,0.001967244956536912,-0.013987801068468475,-0.035729475732912186
2788,0.009709300636176144,0.0015704674430358223,-0.008754724589837004,-0.027494384049059684
2789,0.007273329378941984,0.00024412531776812907,-0.006334882973222489,-0.027244116066981405
2790,0.01170945641151755,0.003419990634793396,-0.025746519913532884,-0.03740246109407297
2791,0.00696657082608243,0.0006852993625307835,0.00031049386590009664,-0.027118929788438217
2792,0.01608372843022149,0.0042742332942109496,-0.03492868391150228,-0.048532836604689766
2793,0.013601638066851107,0.0030349666545245735,-0.013790783554350816,-0.04212605681027981
2794,0.013520211290369843,0.004197743555063499,-0.03349671910838048,-0.045201097490701336
2795,0.0171789084070747,0.00537232036574925,-0.05162633392272448,-0.05318670974091255
2796,0.008941989627414937,0.0020897300895279802,-0.017367222131768445,-0.03715544505516977
2797,0.0019529027521835163,-0.0006048995230631959,-0.004345925158455888,-0.024089826629231204
2798,0.009422847357023312,0.002050760544196617,-0.025936287772395317,-0.03202984768235684
2799,0.004064196919274177,0.000866304164774151,-0.016773662716317694,-0.027558631271127787
2800,0.016440859848241618,0.0041832534508843555,-0.030933446278613608,-0.05922531132348674
2801,0.012245238254512625,0.003348226095527901,-0.031667653963158404,-0.03463808331082352
2802,0.009299404092401153,0.001681201264764065,-0.009455625534496415,-0.0360383698541078
2803,0.010840644352063389,0.00224003342043691,-0.024159890562471975,-0.03731255513084397
2804,0.005653241609822501,0.001212682435272422,-0.019928233747548707,-0.026779181169776844
2805,0.006423950457805416,0.0013637784453547908,-0.013042138005193937,-0.028763957899236026
2806,0.018417515457869515,0.005011246966982408,-0.038779515431710154,-0.05483128060266573
2807,0.006456732736210724,0.0009387641440345706,-0.020652576354706742,-0.027307349921748214
2808,0.00807478752297136,0.0036008072953954695,-0.05259175012355499,-0.034085606229453336
2809,0.010807768544393637,0.002064914364146214,-0.010011581530276148,-0.041117359158596156
2810,0.009333525231117856,0.002329520324527129,-0.0251792239529407,-0.02969911477129017
2811,0.01073572128579725,0.002519475609126992,-0.022266939863485047,-0.041348248140243404
2812,0.002188457356205875,0.00011121822868420672,-0.020109018614729968,-0.018504836251409085
2813,0.005678540673405452,0.0008722239745495575,-0.012472008949210134,-0.026305351877462635
2814,0.0046719995814473725,0.0006139144312490297,-0.01955084800845891,-0.026852652483347783
2815,0.008533862528505964,0.0018687619677561218,-0.00547424338935143,-0.02985178484447848
2816,0.01569134183124815,0.004363898071550382,-0.022732798458297176,-0.046529488167546096
2817,0.012210476935575698,0.0026457385503231012,-0.030852593713872056,-0.0469678374698429
2818,0.010338869541089035,0.001887314792971967,-0.008943476397719807,-0.03548807428117773
2819,0.0040308141273347475,0.0007693893448348366,-0.015383198416563604,-0.02821591223731823
2820,0.010708474650795274,0.002929764202402596,-0.019411079266711317,-0.048027692152205814
2821,0.009061387475836735,0.002926007595951352,-0.03553790508497867,-0.03497682184832385
2822,0.004366109566644738,0.00044047219164650153,-0.014085703131118621,-0.021054121033502793
2823,0.013903514178748577,0.0033335285322469432,-0.026154070836079457,-0.039399737682490166
2824,0.008141321338071439,0.003033276046652794,-0.0255228471560473,-0.034508004685669724
2825,0.0053033647209600465,0.00034986653439933457,-0.004659300472703298,-0.026081111619740693
2826,0.006685647042998455,0.0003444724597969073,-0.007854035910119406,-0.034394143268869914
2827,0.014658760707539464,0.0038040742497821856,-0.03275422918619053,-0.04508629632003336
2828,0.011811835931289871,0.00251216215936631,-0.015668457110119993,-0.04910558062735071
2829,0.010304990786400237,0.0029234236925065604,-0.03238010479062381,-0.03660845363347198
2830,0.004582347653880103,0.0014775785916072703,-0.017843827191491246,-0.026600353782654573
2831,0.0006965474041745745,-0.0010230509648784525,0.01463415856238437,-0.01584610275629783
2832,0.010253085418370222,0.003599152007318307,-0.04196723676227199,-0.035615028306742236
2833,0.00450419570172933,0.00036295514573150833,-0.0009077003061484512,-0.026009534991283334
2834,0.007072435514495767,0.003278620044740277,-0.041081074432883,-0.035424285044538206
2835,0.013648243398435067,0.002962587062223798,-0.01700858452474313,-0.043266450538859136
2836,0.0007863909625671628,-0.0021883306744736875,0.017367553261556534,-0.012727680951979958
2837,0.008063410914081692,0.002421702077666399,-0.032675595499777776,-0.03598873806853298
2838,0.0034083686756044562,-0.0002055349028025899,0.021343634390639743,-0.0232570752490322
2839,0.003662534404984652,-1.3818104210583382e-06,-0.009293526475630864,-0.025886004860416145
2840,0.013197182155110232,0.00378685072619786,-0.02890631342013389,-0.0385621291348035
2841,0.010358468948803434,0.002914611795838129,-0.0321630902228604,-0.04217334786065352
2842,0.001219787856847121,-0.0009087637419508687,0.0008403253251637599,-0.01757258410089091
2843,0.006589799925378226,0.002059059163611099,-0.02394740873084039,-0.03295865412573806
2844,0.008850299373812098,0.0020218371495012155,-0.018276103842501557,-0.028193636995882843
2845,0.00496288161050551,0.0019318332619393253,-0.017433448448041955,-0.030215566571239805
2846,0.01324617572418807,0.0028123473995310955,-0.026245068755527956,-0.04811667412986631
2847,0.012530282109200708,0.0029075763359215634,-0.03113839100027349,-0.03780612302134856
2848,0.01366193095256063,0.002677110109770814,-0.020421466768709096,-0.04367205235796601
2849,0.015854702542149046,0.004691881727015984,-0.04323150136335735,-0.04717897294116913
2850,0.0010683326923278669,0.00022670406112751396,-0.0104293421023402,-0.0313463897191929
2851,0.003459312826364913,0.00021774564825949305,-0.0072439433539158715,-0.02354641076461661
2852,0.011377386810185408,0.0030715611743944438,-0.01406511680700423,-0.03858973135570409
2853,0.01637724144734376,0.004650791916709723,-0.031153476701109073,-0.05650126845102754
2854,0.013767739613028962,0.0036507581374375375,-0.03365879925430737,-0.03538114985642804
2855,0.0058274793940096825,0.0008343735891028214,-0.016699005436211833,-0.030401458265681525
2856,0.01294549879802609,0.003631673212877329,-0.02777786701116075,-0.04287107710533111
2857,0.006158104713758827,0.0011862714097786997,-0.01819697993283942,-0.025040518884531737
2858,0.011968023341889178,0.0035507193216837984,-0.03434728802773823,-0.03691926397269507
2859,0.010498534233391421,0.002580580223271123,-0.03168845906650736,-0.03870993379314169
2860,0.0068430655825065245,0.001601037432004765,-0.02523508605083874,-0.031706726788693906
2861,0.012119721548644102,0.0028841218419192183,-0.041193358340977704,-0.044823909655887006
2862,0.0062758354281735595,0.0012198954127568828,-0.009492910157942958,-0.028901243207964056
2863,0.008671068895491518,0.0017335183549037902,-0.01908351119902507,-0.03740888587616009
2864,0.00881728278669236,0.0027705200075024417,-0.02311308817394303,-0.034247762537291004
2865,0.00041432763315363275,-0.0013107897256881829,0.011482677464002666,-0.019002839726634413
2866,0.01696586536811323,0.005602106675242663,-0.05202771740670642,-0.0505283053946024
2867,0.00906976368564344,0.002508513378744831,-0.02974707073194216,-0.028422485303001288
2868,0.010360154248502784,0.002520887420111473,-0.018024852141173997,-0.03238746263407766
2869,0.010242129048644188,0.0031851329360730873,-0.026075467537928942,-0.030998512887414398
2870,0.008420165444822603,0.002340115209648108,-0.021321606315681918,-0.030505461631405217
2871,0.015102911997870838,0.004486720601179328,-0.0442469144215068,-0.04498105897100313
2872,0.0055804916236325,0.0013369046659094108,-0.018668674844320277,-0.033347980406701394
2873,0.011224341097971102,0.003119472202264356,-0.011602008372239125,-0.03514446647848024
2874,0.005080237613144245,0.0010975839640744167,-0.008984872266346755,-0.020751714824372658
2875,0.006861078149162703,0.0016234522068273027,-0.018337310649436,-0.02231587004664315
2876,0.01853182036703882,0.006117224451184983,-0.05322317739230625,-0.052907379205316296
2877,0.0016020796491914568,-0.0004948681840154789,-0.00013646013288770575,-0.013150293989290796
2878,0.007944527500284293,0.001335118690572873,0.0025673779956537635,-0.026252158616423382
2879,0.015385031242169611,0.003956406687478736,-0.03606250316931625,-0.05699755054593758
2880,0.008587010716876453,0.0022769284620473007,-0.018942553975806575,-0.03286228686351533
2881,0.015926142067251847,0.004647773492197194,-0.048672876287332634,-0.05095297249334518
2882,0.007242058908540905,0.0018856207965246008,-0.019932513894759196,-0.03508274860716909
2883,0.01314936275241474,0.003783718812476855,-0.037830655018106674,-0.0495776416390743
2884,0.007050006587480007,0.0014072531715085268,-0.008367325933816228,-0.021056954856337518
2885,0.006103467102109017,0.0005136900995396654,-0.0183225679682682,-0.027208882611424956
2886,0.015415436802420246,0.0046601900983758715,-0.037729649239491014,-0.04375644223731956
2887,0.004813880071365628,0.0008411858392173288,-0.00312808406561349,-0.020999423068388534
2888,0.007991384606185536,0.002071272820104414,-0.02647929753605216,-0.03423270848799809
2889,0.009204468337265848,0.002316458438355401,-0.023788509346852116,-0.03603556292611021
2890,0.005577416895014786,0.000921992702992952,-0.011975176371251506,-0.02568273907747065
2891,0.014283522757080724,0.0031712647733318777,-0.029175289618434685,-0.04973251352304542
2892,0.010324146745190277,0.003098014406991978,-0.026735320047580613,-0.039929866564307415
2893,0.011641099140014599,0.0035091305729300637,-0.04385974521431568,-0.04107279315699952
2894,0.01392292347337687,0.004123442975887209,-0.03563876175458158,-0.051667583929554284
2895,0.007119415399418294,0.0008464427466154112,-0.002482649188585484,-0.027503931439568863
2896,0.005757180284816532,0.00191152973822184,-0.027693683758794385,-0.026630618560501196
2897,0.011126870430666846,0.003472450331233251,-0.026317742942736644,-0.04130062434388637
2898,0.010651329489226424,0.00279363052887574,-0.024451934710310763,-0.046244164501143326
2899,0.013321730717906655,0.0029168774956464805,-0.028999739130798674,-0.047069489627219685
2900,0.017380019871016117,0.005232062983601765,-0.04069233401096273,-0.05854774627094761
2901,0.0019370129013048798,-0.0003608454134609862,-0.011973090750018067,-0.018052160576245035
2902,0.008559095155389052,0.0022405394477963136,-0.03382432146021308,-0.039069277592331475
2903,0.009711525916392127,0.0026196467203802865,-0.024493530886251724,-0.035200541546793085
2904,0.010665822969812666,0.002139902836396451,-0.0057233959861522354,-0.0331078287668658
2905,0.010756887118438141,0.001958512828382275,-0.00014434845434474486,-0.03994678427220333
2906,0.0008569851718235322,-0.0006526012248029012,0.004870562870003758,-0.016639606054456024
2907,0.006833661950380543,0.0017022901843682103,-0.015151453135005988,-0.02860667353118085
2908,0.015461434527634044,0.004271652791905389,-0.032810470307117756,-0.05120229701459644
2909,0.016691939830764224,0.004512195091194188,-0.03377612774702843,-0.05532826546888869
2910,0.008726718357311092,0.0019255882405141145,-0.00800942598476928,-0.028960870890987422
2911,0.005865913884057772,0.0017818049135978342,-0.025579678922646176,-0.029367680652996442
2912,0.007617428500174994,0.0013467297252745536,-0.018091591109214544,-0.027787861786739754
2913,0.015148471429467458,0.004097089544145588,-0.03297748127283723,-0.04714221487834935
2914,0.0035161977050448545,0.0003243734351329186,-0.020173297324006467,-0.023691195388448327
2915,0.00871056288286609,0.002404401611571516,-0.01633547988064854,-0.028303012779348657
2916,0.011243092201148941,0.0035631291719714353,-0.029012486217017297,-0.041363277953342825
2917,0.0064896830210278145,0.0016697919903232716,-0.02589822042444867,-0.03229955118827288
2918,0.006824240051210073,0.0014410765727931873,-0.005041813659408811,-0.02993166130921221
2919,0.008749673746141107,0.0013889002975206177,-0.022866460820891,-0.033406185506747565
2920,0.010727367524722475,0.002429956939203698,-0.016563561114011804,-0.041947099205815075
2921,0.008209912477539105,0.00202827870368244,0.00041627403355376513,-0.03277061767327072
2922,0.013733028456082097,0.004201585977355593,-0.03959383596144633,-0.044959741715736024
2923,0.007268064602393154,0.0019000683418600728,-0.01925743483709491,-0.032787352045868245
2924,0.007239022429125552,0.0021630529105007568,-0.02401782699411764,-0.026990824459178775
2925,0.012795033092224184,0.003345060098990993,-0.027460853262042062,-0.03720884597130447
2926,0.00656812534439688,0.0013364432792998537,-0.011551211809374462,-0.028575296647288306
2927,0.01113834371434319,0.004032591947901953,-0.03984192486340743,-0.033324436437238036
2928,0.013225729762481542,0.003205293365535572,-0.027307995867569657,-0.041614946316786194
2929,0.009636012967173646,0.002947899168674245,-0.03102647342389253,-0.035548995900989366
2930,0.011636427329557497,0.0030602591375154253,-0.030961641685178065,-0.044494640090183224
2931,0.00999476039876801,0.0019441082471868265,-0.015619161004381765,-0.0448291576333717
2932,0.0015313750843543583,-0.0006849666166926505,0.0029092890869316657,-0.014395003903200587
2933,0.009276739307970128,0.001880255078513443,-0.008564187652369215,-0.04245634541201038
2934,0.009498299268260402,0.00352648028972255,-0.036987640112838005,-0.03623002167845235
2935,0.006131730884670006,0.001187513333633955,-0.014376401487297519,-0.02391036365237298
2936,-0.0006293559826426876,-0.0006116209153625707,0.0025212577961736815,-0.010685670519466783
2937,0.010280302022376453,0.002565222065098821,-0.018791383069747924,-0.03570775013808658
2938,0.020034219205725456,0.005233257656864887,-0.02541104111606346,-0.05939534113766687
2939,0.006146841134155201,0.0021437575292000133,-0.02351063002746695,-0.031976100411267305
2940,0.004334661510663862,0.0005765283827670331,0.006105111640356153,-0.020411344599936987
2941,0.008612441861524378,0.0025216419479838492,-0.02580855720600317,-0.03517504077013833
2942,0.009074324697567748,0.0026792316657669457,-0.031286780568113515,-0.03812504745593981
2943,0.005142111109628478,0.0012333771219065204,-0.024732786292784026,-0.02130177514792897
2944,0.011683777423021846,0.0033019507490048006,-0.04015026135846078,-0.04442699439521047
2945,0.005820107827002707,0.000766899315711056,-0.0067136361804246425,-0.029139936844201686
2946,0.013803515805131505,0.004384007707146725,-0.045221690855773156,-0.04421642532557846
2947,0.008887522080193833,0.0021021777879125236,-0.02015857243291458,-0.03461427770793257
2948,0.008473434372317845,0.0019047139009354397,-0.014323880507900011,-0.03471989957380317
2949,0.019436019788122316,0.005251952341229327,-0.04835991808510892,-0.059325437652347324
2950,0.008448072761071512,0.0020641559839460477,-0.014714639914331251,-0.020334406672485095
2951,0.00982936794922823,0.002521579713990696,-0.02101359525249913,-0.04223791183874126
2952,-0.0009037840476200376,-0.001959513406933594,0.009502906112662468,-0.010252081874436714
2953,0.006448379496745149,0.0009127051628785854,-0.0013453923358680564,-0.024392571904214844
2954,0.004677361473051755,0.0006740582681992735,0.004510744329732086,-0.023162331551230597
2955,0.0064710933854637,0.0021375680515622886,-0.027382199179825262,-0.029583672976481568
2956,0.014247432962541218,0.0036592642224000382,-0.04384648364526794,-0.051584437861774024
2957,0.0032399228985953155,-0.0004596989663371298,0.0003347040754904107,-0.026292134077725127
2958,0.005193693984872683,0.0015780684294683656,-0.016742019775971118,-0.02494931465046968
2959,0.008921992271970991,0.002920416807508125,-0.022757082755625324,-0.04157499501508988
2960,0.0035862975995460955,-6.990357893096877e-05,-0.005133709731478531,-0.01871221353327024
2961,0.007886336481924494,0.00184746420389037,-0.012839715040267707,-0.03278699107813132
2962,0.0046184639896566515,0.0006203461362883911,-0.016159190955892522,-0.028611387664153942
2963,0.009956838736911333,0.002286041329529892,-0.01815760591572496,-0.03675725717115985
2964,0.017655279322963402,0.005367113899303583,-0.028696936167417586,-0.04960966130874245
2965,0.00502066677814289,0.0009977561517443279,-0.01888017451788071,-0.02900349931989965
2966,0.006975976522422989,0.000796868165737985,-0.0014778065436325538,-0.026457943966526565
2967,0.003907602376112207,0.00041241649960024884,-0.00683101446314871,-0.015152423039472618
2968,0.006245868385523323,0.0015420665790701615,-0.017180855022679853,-0.021433255025251174
2969,0.012800072062839785,0.0036929171608071354,-0.04634960274066463,-0.04102649606264652
2970,0.013309882859493638,0.003409589144797054,-0.018921606359102616,-0.03793209662639285
2971,0.008109714320660766,0.0023017751602487646,-0.004908514722514246,-0.034759083989674866
2972,0.01520757618153401,0.004467102863249528,-0.037784431665090046,-0.04877840205238049
2973,0.007840705378832635,0.001166545083685383,-0.01893279677303711,-0.037768604606303824
2974,0.00333938931862765,0.001020258186485573,-0.02079940103157335,-0.026143364466919783
2975,0.010741116288073393,0.002985783332295322,-0.022165585283405953,-0.030891624182623256
2976,0.012158152825563318,0.0031636509973943794,-0.030721235321684803,-0.040718117131910314
2977,0.005303741033093057,0.0007172111425671202,-0.004885514954355852,-0.029956735132658396
2978,0.012660628801044127,0.0036259502429378254,-0.03494045357298764,-0.046565667388090204
2979,0.005418483295375087,0.00024670537886320454,-0.012058745291367523,-0.026747505984957898
2980,0.015233349811699048,0.005120375584845016,-0.039923321280668056,-0.042833638535401786
2981,0.007239346477660391,0.0014042037389083994,-0.015421310925779697,-0.028021849317457992
2982,0.009187030924132977,0.002684965878557405,-0.02807498802577063,-0.033310752833852764
2983,0.010601225862637453,0.003046200476065214,-0.029438586373300657,-0.03444108299718862
2984,0.005191931987714948,0.0005472682188176203,-0.020080529744505027,-0.02180539554531502
2985,0.013664793399086883,0.003876128080885305,-0.029621021144348336,-0.04711969713009301
2986,0.00675057929100048,0.0007365400667671551,-0.017393198405793564,-0.041381436941103966
2987,0.008560642074653901,0.002641020051367543,-0.023783541300580413,-0.04029215192717128
2988,0.015406802718889556,0.004379271858392375,-0.04199442150538629,-0.053001813318134694
2989,0.013545437466872146,0.0040808224025557505,-0.0374231428778623,-0.042158645964584185
2990,0.0021085456280695025,0.00019137823150319755,-0.008505763773804242,-0.01584733485872092
2991,-0.0010148319672343975,-0.0006610841139065571,-0.01500258766655499,-0.00806378847439515
2992,-0.000305186207293362,-0.0007932568254900296,-0.007504183624429783,-0.01600677199961653
2993,0.006769666289785703,0.001783135398137542,-0.019295324765238042,-0.02510545821862753
2994,0.01409372366977979,0.00338898716723679,-0.03224834275171329,-0.043344084220261814
2995,0.005773996802712511,0.0004944711920914779,-0.009413548603244837,-0.0289045001489604
2996,0.0044275357327737686,-9.630151362360895e-05,-0.004652175120720303,-0.026548421849197035
2997,0.007473135973527445,0.001269261464916932,-0.0028666278604604356,-0.03295651636194452
2998,0.013487715291723101,0.0032995480773853336,-0.022544521392866335,-0.05409358676300624
2999,0.008551930859524659,0.0018070670560834945,-0.028287052737830498,-0.02882692029274536
3000,0.010033719529201957,0.001949296113929272,-0.008420006272693514,-0.037628259971248856
3001,0.015438108184702648,0.004915820077511901,-0.03929338709402597,-0.046253801059594535
3002,0.009418905308931858,0.0028653849970688428,-0.018983675412509338,-0.03580225956732497
3003,0.009520167340059116,0.0032430139495582266,-0.03213014772291367,-0.036423704030678516
3004,0.016021941306913312,0.004620741501033837,-0.04757817241392748,-0.06193848687308767
3005,0.009239974960115749,0.0030043276052497403,-0.02755886442695943,-0.026846342716838834
3006,0.011004815723254846,0.0016964515057954488,-0.01707275018798421,-0.03953947554148829
3007,0.01944754329503484,0.004654038504624619,-0.03737610334737454,-0.07341368333720977
3008,0.006349127238158503,0.001487194386660784,-0.016889248691470682,-0.02687899162811591
3009,0.018314299724598637,0.005596342978217622,-0.044321012288815076,-0.05384408147909625
3010,0.014574543034433174,0.004328932079832454,-0.04442756447434981,-0.04939408666206824
3011,0.0020332692236058048,-0.0002162204322464778,-0.006117329222034895,-0.02300199754430332
3012,0.000298154444976495,-0.001233965026150391,0.007968703089987095,-0.00867619493908145
3013,0.011218258669424608,0.00241768676508497,-0.011166682053868615,-0.037730358874878744
3014,-0.0021209276305352853,-0.002154712612378762,0.020465828856274015,-0.010449058425881286
3015,0.007202776998382454,0.0012634624163283814,-0.00996461735597437,-0.03988644378048767
3016,0.010131087112619896,0.003431647700603474,-0.04111109319297401,-0.02948520035987756
3017,0.017671625788570178,0.005186412931701134,-0.046048303911967736,-0.050132555216994557
3018,0.013193411880624784,0.0029945013847151036,-0.031225998135805566,-0.04742656042076476
3019,0.008302658823384768,0.0013577085265850108,-0.015308877375548424,-0.03839001797641961
3020,0.008984508798857593,0.0027360827442648727,-0.03696517256613263,-0.035669016283952915
3021,0.014682515754709358,0.004900537283608619,-0.048851517724403715,-0.05175199763243554
3022,0.015443452033071514,0.003936986753097199,-0.026242616055385803,-0.04247833487700958
3023,0.009812383888488707,0.002678611771151057,-0.03256250508715214,-0.0402592162193095
3024,0.008072194604582972,0.0019548599293071067,-0.015384796611789209,-0.03931446547201478
3025,0.004454617235573055,0.0010211803464944547,-0.022353689073806526,-0.024294866523080216
3026,0.01483134119086671,0.0040766980796433094,-0.03486383843251012,-0.050064052120125324
3027,0.005126384818395946,0.000735687260311424,-0.016889951129759162,-0.02697829561828513
3028,-0.0025369075145427744,-0.0016048554058679665,0.0017674993815192108,-0.017457198989615397
3029,0.012039249404692698,0.0032399153591956553,-0.03510613733720103,-0.04059304822594234
3030,0.0007858181696991928,-0.0006614340098305971,-0.018094512294017928,-0.024480955844192853
3031,0.0053446832358378105,0.0009721037704429336,-0.01506244675394286,-0.03171923516914532
3032,0.0008853326548951546,0.00013906669007995864,-0.014478914270959264,-0.02093507799072536
3033,0.009702329257076592,0.002746958467030741,-0.022780214024163747,-0.039798608704262994
3034,0.00546553257058735,0.0019329570144434594,-0.011763561134065847,-0.01974061764909918
3035,0.01800617726548326,0.0058522455473869195,-0.050201571331063566,-0.050771297135757565
3036,0.017248456657042555,0.004284066871708764,-0.033972114750384474,-0.057894142186685316
3037,0.021189902869467092,0.0070526395407397025,-0.060850668520388396,-0.06294248987719642
3038,0.007010047569175115,0.0015077554798561266,-0.011155935361538749,-0.024566778362852926
3039,0.010648402002280455,0.002790491381212734,-0.026650422997875456,-0.03768556025765635
3040,0.010276749584128608,0.0023433841932158084,-0.01982534099499772,-0.033816715903792316
3041,0.011778053949232592,0.002529802522941993,-0.024100066006911947,-0.04314837924019399
3042,0.019465397267582563,0.005398651988027692,-0.04269160042968556,-0.0597811241133972
3043,0.011187504128533254,0.002526893320721424,-0.02016874489182463,-0.03918934763436521
3044,0.014308419899094593,0.0031145327564416903,-0.012278207078864178,-0.04275282428653959
3045,0.00723268847162184,0.0010985526464127315,-0.012787464906679702,-0.03476417199821458
3046,0.00716099192846531,0.0012030671335394594,-0.018090924170429568,-0.02103888974322088
3047,0.005005374857461942,0.0010735707358680846,-0.008531764811918807,-0.020138008143648745
3048,0.012643590574056285,0.0027248252098332204,-0.025912686488546055,-0.04092176708589468
3049,0.007120824574967988,0.0014833104714004341,-0.015470897161385888,-0.03452985741939929
3050,0.0161351646224418,0.003945801950785727,-0.028764016334849096,-0.05276240816873268
3051,0.002992973682472866,-0.0004888554965448155,-0.013769271818100282,-0.017796470394194297
3052,0.014351911245039206,0.004672955010344537,-0.04575293015263382,-0.041429578417982005
3053,0.003088838413265238,0.00018674486749559183,-0.00044828288444143105,-0.024489148656608117
3054,0.010796876563275437,0.0024700094005103146,-0.036793813050265745,-0.037874038232980856
3055,0.008294693699599953,0.002008390807703514,-0.02828193719300337,-0.04018527835733465
3056,0.0068803941867315865,0.0005724733475971078,-0.003697871114672735,-0.02675612759776047
3057,0.009231040956733438,0.0021098221217181468,-0.025966658755476435,-0.03963959311398846
3058,0.01651609810513832,0.004160381513901745,-0.031432117566080664,-0.04692195831313617
3059,0.009911319179129074,0.0027166168147546577,-0.020135866265126534,-0.0375560461725063
3060,0.010774216475258669,0.004046705498330194,-0.03963814824663853,-0.03913988640201205
3061,0.009875114149383413,0.0024121240803924304,-0.026997875867014354,-0.042155345714461445
3062,0.0038158510041514937,0.000977143355791188,-0.01702335662291965,-0.023309519285880653
3063,0.007366791017980212,0.0012227566736342232,-0.024971187039525722,-0.03550182625329057
3064,0.00627713307953548,0.0014474910588270773,-0.020859530862934184,-0.023622730280085436
3065,0.011720654588607937,0.002449164978647056,-0.02170218440461863,-0.04087229813370885
3066,0.00887021273092381,0.0023927484877362404,-0.02129921898787951,-0.03325120292019246
3067,0.007511552918278208,0.0023772373144909653,-0.01938767669752517,-0.03301828996613787
3068,0.00791693213190603,0.002335401882509497,-0.02197399043654097,-0.03730744606776404
3069,0.003675587757917209,0.0008492257546988125,-0.011806173792051289,-0.019398134797346867
3070,0.010351307706527701,0.0023626426857767946,-0.019173738477496538,-0.038941787422599905
3071,0.017737188954132677,0.004583208143646211,-0.04216881227187769,-0.05941337346334352
3072,0.0055827598008166834,0.001833307441387988,-0.03533010058199698,-0.023003272581946455
3073,0.009885501301457489,0.0018755760341618022,-0.012293632422365253,-0.036715294258972686
3074,0.01783672145053966,0.0050254523961312525,-0.04451719383996522,-0.05664687501335841
3075,0.008534642243503643,0.001763069011389451,-0.009518130948385772,-0.029734369090221424
3076,0.014484508765857496,0.0035039759945243443,-0.025796170769701476,-0.04547028214130844
3077,0.006495834555299895,0.001421986072046827,-0.021115787712804146,-0.03091115716291193
3078,0.00759704519058646,0.0015024351940091107,-0.02081565963660087,-0.034064334259175766
3079,0.0062487162297864,0.0015551349536143955,-0.02029853140363269,-0.030094980914652902
3080,0.012319110729568872,0.003480247767982808,-0.021178928891924076,-0.04575818903232498
3081,0.0038715849693752302,0.0014783649192122439,-0.014176381030497065,-0.021089556654410146
3082,-0.001363347854964836,-0.0007101857128597455,0.004620110233821917,-0.012079043329043304
3083,0.008219384454647205,0.0014133570878366863,-0.031117231415714486,-0.0335409697689687
3084,0.011422531116210055,0.003276508996732763,-0.031430005968517805,-0.03871683757802569
3085,0.008467795678064993,0.0018894020888123308,-0.027780648344264525,-0.03138724343163912
3086,0.007944345288261434,0.0017451479050075436,-0.012412410051854617,-0.0305864949530108
3087,0.006950643392259814,0.0019743231888680324,-0.03195449605445738,-0.029467791503063223
3088,0.008588111056174519,0.002285647749970504,-0.031654654886925426,-0.04296157450796623
3089,0.01469306580009766,0.004628286128257303,-0.04207768755721847,-0.04504095441595424
3090,0.0045429139197240564,0.001155089981696722,-0.013369334978377778,-0.0256203920193131
3091,0.01548628582342454,0.004489217919543265,-0.03990648870353741,-0.04755407224383679
3092,0.009177018159022055,0.0019861322951605365,-0.023768973152773543,-0.034607965120812545
3093,0.012430638537825778,0.0038311496604118978,-0.038344332047703156,-0.0499195257780819
3094,0.014988560979456111,0.005021292618695217,-0.05256208590085937,-0.044562028675560805
3095,0.005640512276239962,0.0014278153072439792,0.002430066410534615,-0.023987785056052036
3096,0.0069978538347463815,0.0020744312968033196,-0.022462334246050708,-0.030504815273027175
3097,0.012049220013951922,0.0030632954056218353,-0.02808682976342214,-0.04427606489135372
3098,0.005842536347279603,0.00040974914935559825,0.010774042366537118,-0.02598028553349674
3099,0.006252334695366124,0.0004810248091758895,0.003470057308765484,-0.02774061734360822
3100,0.009831890608169802,0.0023502254152479585,-0.021041910446828016,-0.03885475874301003
3101,0.017931588654361952,0.005117048392206391,-0.047133918478748815,-0.05632375569063297
3102,0.0015335317972540174,-0.00036153131782490355,-0.01473850538874466,-0.016854896210296788
3103,0.017190312178687384,0.005185745189419333,-0.04530522467067688,-0.053934823818019506
3104,0.007421098723024544,0.0019434659286594047,-0.028090912459404815,-0.031162928673942103
3105,0.018083391755983613,0.005900532178780726,-0.060845223109673385,-0.052212645526468204
3106,0.00940225276072848,0.0022814275951716922,-0.036118361540041166,-0.03486282314237554
3107,0.006589796670463777,0.0014532962867964128,-0.010767785458224655,-0.02469338675850996
3108,-0.0003598620847848899,-0.0006958936245530789,-0.0015785791661716564,-0.018836679426306735
3109,0.0194079415428266,0.005904910767647598,-0.03958180388182425,-0.05637848359682851
3110,0.006093521809020064,0.0010999696547498716,-0.006733320817770672,-0.03130302361242587
3111,0.006271669599730578,0.0014501910945827479,-0.007689515539543279,-0.015844129459750778
3112,0.0043493063328595705,0.0007195932144843098,-0.007190886587639556,-0.02124081657232324
3113,0.004499706387039448,0.0007996441097300189,-0.010942725853627489,-0.02490484918360525
3114,0.009432988165915757,0.002255093405220371,-0.02189394767131886,-0.036785660841660794
3115,0.01009641781945858,0.0031242274063784936,-0.03191069875302466,-0.0319740533041496
3116,0.009761195426668423,0.0015994447435747905,-0.008251334271807687,-0.04287600460708263
3117,0.004337074350714176,0.0003274064938784127,-0.010720991527496393,-0.02701928907165352
3118,0.010128628421373909,0.002675078370736772,-0.027427299445615394,-0.03813975891826482
3119,0.006857799643688434,0.0017091484821286917,-0.023687378114325974,-0.0257192789578492
3120,0.01126113240456239,0.003472059473253214,-0.03727253684862797,-0.03778412979588541
3121,0.011741193501580316,0.0023305931219344267,-0.01930310037886257,-0.04014120608881466
3122,0.009431024679656286,0.002615039510725864,-0.025287479459936535,-0.0388275360173862
3123,0.007963670896692698,0.002307154948272716,-0.02680854334259558,-0.024890599120194423
3124,0.00910254776206948,0.0025643216322376594,-0.02078830302208101,-0.03795005807200935
3125,0.016018189140442507,0.00530243866038746,-0.059084013749784114,-0.04524266283908274
3126,0.004167935321513938,0.0003050918826995874,0.014985713895421526,-0.028910481520225906
3127,0.0183121877585406,0.005182138005254716,-0.034012564940210266,-0.0484556444856874
3128,0.008629327683537968,0.0029759384247756426,-0.03726622819059544,-0.03238280500924695
3129,0.0008340141497124032,-0.0006484933095989853,-0.0005516066201141645,-0.02102436823104692
3130,0.0049791324417863825,0.0013410062557680236,0.0008673926423483636,-0.026803771575014568
3131,0.015105880459791332,0.004493111439916042,-0.03161847483991931,-0.04310269180958837
3132,0.011061521738737867,0.0026230414734250973,-0.016474922463751263,-0.03909575126966436
3133,0.002765219905209171,0.0008865759939839513,-0.0014364596802784457,-0.02233689322423127
3134,0.009873062754841122,0.002507151967922505,-0.022371926450826918,-0.03446952906726841
3135,-0.003952956149671949,-0.0019855991130346695,0.008687451164798743,-0.0014264219772694986
3136,0.008413593635427652,0.001914654245395886,-0.018490356049166212,-0.028530223286337808
3137,0.009767796154182218,0.0025188492744016577,-0.00678395156780226,-0.03256135707410979
3138,0.010502785999285225,0.002528133817381456,-0.030554934494555597,-0.03274427745193875
3139,0.009051227673981033,0.0023033423303110145,0.003547074508219783,-0.03146294451888432
3140,0.007332322183520534,0.0013525817336488832,-0.008894379198287061,-0.03117940236178307
3141,0.012300109876523635,0.004070725414082738,-0.035842893460889313,-0.039890471817568884
3142,0.007972829247511859,0.002295984536975715,-0.018214188314992663,-0.027479649190813027
3143,0.008566880777400032,0.0019494841518759298,-0.023899855232089817,-0.030904102409963552
3144,0.006219786741669786,0.0002535681949918378,0.00373314847349554,-0.026452564556180724
3145,0.00333194873586673,0.0005320426830020542,-0.02141231870189575,-0.0195868319338931
3146,0.007766329067017852,0.002180185478000196,-0.035530763280164857,-0.03756068802885282
3147,0.010585981403994582,0.0028212008643296316,-0.03252086687686673,-0.04284268481559372
3148,0.004231597396275322,0.00032295336805052144,-0.011407586826750915,-0.025241157415628712
3149,0.0062695734392897995,0.0019049574749918918,-0.014308554136308105,-0.025751852893120986
3150,0.010195244117052638,0.002103021073968536,-0.023974259557215938,-0.04192934844420648
3151,0.002571324955728427,1.225815359162663e-06,-0.0030858844909179006,-0.019929564305398606
3152,0.01207549489373716,0.003247778082379804,-0.021104943822312372,-0.041841666331739136
3153,0.007817522151731204,0.0015841562967452427,-0.029747061726941026,-0.03626481710729379
3154,0.007610419004275781,0.0018495725460217494,-0.020170246811556602,-0.029866716546398053
3155,0.01969736520426557,0.004926855019722259,-0.0320928680278732,-0.05899685249326514
3156,0.011600637218898258,0.002762342561284603,-0.025514258876295715,-0.03946737120211352
3157,0.007821021441338116,0.001136911105683952,0.008621274319853656,-0.03072198547124394
3158,0.017267109922496582,0.004439145698620112,-0.02941992857736747,-0.05093649458662075
3159,0.0028393360376270937,-4.944176409218959e-05,0.0017902496995267914,-0.022770874308519984
3160,0.003868934722479067,0.0009143007041224616,-0.01247038001781442,-0.02612387949046313
3161,0.007451763004839851,0.0014969264277995553,-0.021519216491642346,-0.0333759450561838
3162,-0.002590726381791142,-0.0015166820760585675,0.002777164281360156,-0.00615381321419417
3163,0.007425604501027139,0.0024269997926640863,-0.016341296165455155,-0.03248498212188977
3164,0.005863905397455738,0.0007598449206373259,-0.010662579293988339,-0.02624450495666253
3165,-0.0009772499460546369,-0.0015135351139334285,0.00550710491801748,-0.019300727917130445
3166,0.005994528825444545,0.0015043440766711602,-0.022643523846489266,-0.02089965023114093
3167,0.006430231857048052,0.0016984977711721194,-0.013826223173450725,-0.02704062258037465
3168,0.011190472383118377,0.0032356104194590507,-0.026167900941789557,-0.03888244812619979
3169,0.012668664531165552,0.0030730415003691336,-0.025701494698146365,-0.04373466191071995
3170,0.00906789821068571,0.001975487323065739,-0.021825337266576483,-0.04420430045643098
3171,0.01393722600471109,0.004795614642726126,-0.04417414646523016,-0.05655781140014404
3172,0.0038117036795689563,-1.9379054556400988e-05,-0.011902917690732207,-0.027155920031646463
3173,0.01858501389104794,0.00520895316814915,-0.0386066364907125,-0.05917815888682343
3174,0.015537439170273004,0.0041690112101749055,-0.03785825133661691,-0.05292772975403914
3175,0.000938842038879284,-9.905335612836463e-05,-0.006708552038293847,-0.009867029645729608
3176,0.004835605645778673,0.000994934984649004,-0.011395441328835632,-0.02268753372908805
3177,0.004208164513478829,0.0010351750532772985,-0.021269734341146207,-0.026445024554665464
3178,0.010605335468991783,0.00178473721086983,-0.02165673598093454,-0.037773694395965784
3179,0.01011029789888751,0.0022971145584178565,-0.0281076941610231,-0.04045037010389896
3180,0.011911108906986767,0.0032839930477509827,-0.024733248584824175,-0.04251276822717531
3181,0.0021893723960600964,0.00036889680853427476,-0.019469139120902312,-0.019762606718774278
3182,0.010313041042213034,0.0024445325682302954,-0.028445487498390043,-0.04655963782502215
3183,0.006997076407627256,0.0020052369465915765,-0.029204181855418676,-0.031571336522387305
3184,0.0023686949774017196,-0.00019333009962269054,-0.0018020128927059287,-0.02364283894526764
3185,0.010067444904342193,0.0027534899172252103,-0.02550491151929285,-0.03663465619522488
3186,0.0021399842359144383,-0.0003381763331756493,-0.005325233719799871,-0.028653360620573665
3187,0.015390504500112812,0.004596901482517679,-0.03398156655417561,-0.05330374753451672
3188,0.010961130279050102,0.003132138297783249,-0.029908299399172444,-0.033686067019400356
3189,0.010095012534587278,0.0032272644950575857,-0.03471213795850753,-0.03200454687989973
3190,0.016891928534564615,0.004233960228264028,-0.03812310194590579,-0.04837120033198461
3191,0.0027539572532156997,0.0012262415037937457,-0.02586422095492652,-0.01864250504734921
3192,0.007071265322132092,0.001126411040554609,-0.016448722241497737,-0.03260755139146376
3193,0.010704415043198634,0.0033343757772787697,-0.026698178610221723,-0.039334858072130774
3194,0.01091966320167792,0.0031873966315330293,-0.018874166757188393,-0.03518567734992262
3195,0.004091802652708254,0.0007893806644601875,-0.0187481697734595,-0.025639656299319413
3196,0.005146029292427967,0.0006829956423144712,-0.024582241781167136,-0.02561375342832295
3197,0.01168469502813041,0.0030174187059769098,-0.026609515649483217,-0.03332953648016512
3198,0.010962263748972412,0.0028979568951681967,-0.03512624273098758,-0.03433093957678346
3199,0.011432018816063538,0.0034985495161140023,-0.03149396440030389,-0.04478793990210839
3200,0.007953098609232323,0.0021971806344707745,-0.02970732149343669,-0.033022778844475464
3201,0.009586674053722488,0.0033944812111944833,-0.0378930245387738,-0.040156698484747344
3202,0.0033719964903208832,-0.0002043729958188245,0.005313388041690348,-0.019768330576855564
3203,0.008303479853814577,0.0017968287273777972,-0.018665446789648654,-0.03337259849787477
3204,0.011122736960225144,0.0027910282590404845,-0.027608875791582943,-0.03768518834682366
3205,0.012352388155316363,0.0024481643526951813,-0.013380350407340313,-0.04234169348813155
3206,0.003457637448996187,0.0003443202592695871,-0.004286991180285804,-0.018756688135165178
3207,0.0023460766389295507,-0.0014929875592489261,0.013271978284465302,-0.024159985723376964
3208,0.006498453040461094,0.0015667960977492346,-0.021597832242552073,-0.03187245595485677
3209,0.018782942064362318,0.004867458954539411,-0.01522201652194799,-0.0523395787645049
3210,0.010967177365010794,0.002530607263586032,-0.022055179424354643,-0.04310100430790076
3211,0.01104711171387307,0.002794157742106812,-0.02756637815602403,-0.03784801703828733
3212,0.005396464287901082,0.0013090492779854745,-0.01930481385230165,-0.025536389372439294
3213,0.01249817590530522,0.00311663057852013,-0.01747691843698984,-0.04525910463810723
3214,0.017142148645893363,0.004500650551798685,-0.03916380252698792,-0.05544404332129971
3215,0.013913847252787437,0.003926746165958117,-0.03528884754191747,-0.05248479833197439
3216,0.004855741018417181,0.0007269809851496722,-0.026804746845628502,-0.023949987587171817
3217,0.011885281152875904,0.0030386449456798748,-0.03572371183419165,-0.043498840837084995
3218,0.0028524121251156664,0.0008128325682389692,-0.020875541267585285,-0.018725263372329826
3219,0.012551911447633624,0.003558947161739462,-0.041775472661599033,-0.039205667533933064
3220,0.011496481647824464,0.003331550667939165,-0.026697132118743028,-0.03676012803041118
3221,0.006244260607214502,0.0016554400636967503,-0.008756262605844056,-0.026913170770493267
3222,0.01735854942506787,0.005504957560645146,-0.047269757294491455,-0.048902021271012286
3223,0.010599331338735918,0.0023174505645246757,-0.027914514596529105,-0.03495816302510213
3224,0.010111279405314866,0.0029656243997907283,-0.023920327863940383,-0.02656154317207593
3225,0.006524251230160094,0.0011494921213900666,-0.016178521540853363,-0.028733943265022877
3226,0.005308295370237359,0.0011725047434130165,-0.012755237548830956,-0.026939265538934
3227,0.001734123925558051,1.860768280340097e-05,-0.011873995496944456,-0.023771059680668616
3228,0.0157610815750715,0.005023023209185351,-0.047637328023159786,-0.042849646444711675
3229,0.005003247416960788,0.001516728812430701,-0.02568522170128401,-0.03303956852974055
3230,0.005566117361850198,0.0007295708898994724,-0.006185783243751186,-0.025560531422600397
3231,0.009457914626311348,0.0016386967668113872,-0.01061307917877874,-0.03303744995613722
3232,0.011643721413434616,0.002420858723776592,-0.020398637762837957,-0.035303862508859085
3233,0.002683648817515427,-5.8679733229288766e-05,-0.005673106098767755,-0.01538586623813909
3234,0.006149065652866548,0.0013617195317039421,-0.016444010863310654,-0.0253878702397744
3235,0.013711745375539763,0.003743969961941429,-0.035834242691648144,-0.045448907288105356
3236,0.006420523387452082,0.001427818373006401,-0.019023729452225913,-0.03344568295525785
3237,0.0045720472562467696,0.0005988966640013971,-0.004238289220619584,-0.023421869892121694
3238,0.010660598413560818,0.0025764332933785328,-0.008051621354993821,-0.04395907322440207
3239,0.009718597810533303,0.002766558242301348,-0.03276110515797542,-0.02846836654932594
3240,0.008999646653508386,0.002182640974405403,-0.02855926013465837,-0.02823000045222268
3241,-0.00031648674005679833,-0.00045271863047538496,-0.007142340712712192,-0.016846854765462438
3242,0.011811672194157019,0.0025928723508650553,-0.02679400246289848,-0.03693226465503707
3243,0.004707831957374786,0.0016152894801077788,-0.018166769909855884,-0.01876999377755073
3244,0.005263216013549454,0.0006579511001845451,-0.007004873530192857,-0.030492018368685758
3245,0.0025664052172524876,0.00012643845166940282,-0.015958684084544483,-0.019742497727703756
3246,0.0054031626526326315,0.00146641716479734,-0.01569822470127369,-0.02450781777569999
3247,0.006004572301843036,0.00046670353495492645,-0.01709361802962639,-0.027244714821807348
3248,0.017035891559843308,0.005135359130232525,-0.035236305464815376,-0.05477567526997551
3249,0.009312316449093416,0.0018559949196217118,-0.014282092376400601,-0.03380086614844957
3250,0.005719827951470968,0.0013483218391394103,-0.006670753310276112,-0.022894343577151144
3251,0.007585271679520722,0.0019155933282977433,-0.01817807232183427,-0.031196581196581197
3252,0.01251052643917927,0.003382121884017014,-0.020212950411982122,-0.041913609362289606
3253,0.013805041073152946,0.003907101640883176,-0.02262953324835848,-0.04203324061673697
3254,0.008096700193217565,0.00230198793535652,-0.013550071701481092,-0.030462403087867518
3255,0.01085448329928218,0.003845352055968171,-0.04260466962796683,-0.03477007291644907
3256,0.01553939380596464,0.004859289547699347,-0.046352498940072207,-0.05416485844372687
3257,0.007026950938130105,0.0012851048283919753,0.0026094182090473095,-0.027676814804905803
3258,0.014084875653437745,0.0030180244420141555,-0.01915065120887166,-0.047091232754783996
3259,0.0028231558492622932,-0.00017477713746674728,-0.005259654923461643,-0.02014340090289457
3260,0.015417534987731685,0.0046283278362480584,-0.023313356318288347,-0.049760059062384676
3261,0.007362472785647833,0.001471189271424117,-0.01564644354153688,-0.03485768257345112
3262,0.003786700094446316,0.0006592817891422076,-0.007217936025029736,-0.023241151185438902
3263,0.01293201543455802,0.004179927554943896,-0.034239845652887846,-0.036813493508069284
3264,0.0036911683290173913,0.0012242953163462134,-0.030243947780221936,-0.0307173578774822
3265,0.01071522733010899,0.002767795123459982,-0.02467341012366725,-0.03992675444245197
3266,0.0044705808747351194,0.0005926660498358494,-0.01537943308046491,-0.022304708400214035
3267,-0.001976841738583146,-0.0016284368242438785,0.011697823900853555,-0.016513015442265133
3268,0.005810920674061304,0.0003825066435885205,-0.0011096084907847303,-0.02970408636233257
3269,0.011275785094757906,0.002200068866144711,-0.026802094085695227,-0.03301089929544476
3270,0.01215649231409921,0.0028901759489428913,-0.024767845712755254,-0.03885317899343799
3271,0.008813346440869174,0.0015338208173295287,0.004419595407154087,-0.029006030816774442
3272,0.010325916996531403,0.0037829819113754104,-0.046139541492563496,-0.036200486850125224
3273,0.012980408527405451,0.0032848197050021344,-0.017232183523727795,-0.05608999281657068
3274,0.010729246951511007,0.0027959467716471287,-0.03510575920264242,-0.03710425489009894
3275,0.01941360305176315,0.0059531241018813685,-0.04632138834308458,-0.06210752827847421
3276,0.00931651335822331,0.002131039460469053,-0.020981672773536353,-0.026267292212278526
3277,0.004957814205415301,0.0003865666139216406,-0.01757159127670216,-0.034816309623308284
3278,0.014271107532054406,0.0030947195927253923,-0.02066304917738454,-0.04781822128952884
3279,-0.004801899189704528,-0.0024426099722295036,0.0152930633285156,0.004524945419260962
3280,0.00879160256386502,0.0022291968498025505,-0.008209748218710122,-0.028231475091378355
3281,0.008064700281169235,0.0024499088015528525,-0.024856105887389457,-0.03638629000819993
3282,0.003128262884764532,0.0005928527733883859,0.002420696916463849,-0.022209300825177358
3283,0.007667029806544379,0.0014839313660867381,-0.0200195269255648,-0.03566420966420947
3284,0.009730515398996054,0.0023178882628263897,-0.01883652307528233,-0.03359785946669103
3285,0.012886550923360662,0.003931074128207257,-0.030200712026059562,-0.04161544425514818
3286,0.01381519564158662,0.0038938922031486467,-0.03590819809337814,-0.048989483521392985
3287,0.008997546453078376,0.002115133548081932,-0.023802848215803085,-0.036300705740258454
3288,0.0060279633949665845,0.0017792375897554003,-0.02355433726096584,-0.024812360178551818
3289,0.0035251573282781834,0.0006848040450216364,-0.007664194072259045,-0.021279140175597844
3290,0.017502416893897976,0.005450803704585394,-0.04556457490830429,-0.04825981631914866
3291,0.017489607944960017,0.005213351897252444,-0.034626448052678394,-0.05355827387912948
3292,0.008896388467220406,0.0018945112227150562,-0.017886823157307552,-0.03617984841415167
3293,0.011020245169669485,0.003257575857850914,-0.027196791432403333,-0.04053251369469091
3294,0.006474283905301137,0.0015268756027486952,-0.016432193188926913,-0.02929151435248989
3295,0.015585800803835093,0.0042842013934635825,-0.026843367796611783,-0.04247163186729319
3296,0.009998642618857856,0.0027376133682904535,-0.028930374509824386,-0.03715534251554531
3297,0.010980766471949233,0.003119706321693949,-0.01932850306838535,-0.043933557800224565
3298,-0.002102572742790021,-0.001853259072201685,0.0035715058519709686,-0.012821198666167266
3299,0.012041639493339806,0.0029219476163466207,-0.018851861954199522,-0.03919990785887051
3300,0.015118450894901159,0.0034605472244168267,-0.02786919588971226,-0.05290442271170992
3301,0.004467281266792522,0.00032806454444914146,-0.003865210235868166,-0.01997849109736205
3302,0.01572979306114941,0.003457089343270131,-0.030204426646789684,-0.051810061118946815
3303,0.013223405281343137,0.003807959141522238,-0.021396266127093777,-0.04121181171209687
3304,0.009011100947289463,0.0021947185494108623,-0.033364586659861806,-0.034243675240817284
3305,0.010597221943632884,0.001377237383105523,-0.01430935891277263,-0.03902566193298562
3306,0.019054525083903928,0.00467435015953388,-0.04168524687353725,-0.06346350253725674
3307,0.0049510057191222145,0.0009957777118688727,-0.028999377977437235,-0.02721955687410693
3308,0.010312354457563289,0.003254866301077436,-0.03596829025141951,-0.038010119638719475
3309,0.006354417109569299,0.0020663834370187595,-0.021877353459317073,-0.032098321362800886
3310,0.01296885657974678,0.0024803900446583316,-0.01604102609274516,-0.04470183809853645
3311,0.007736870723132561,0.0008038226556933425,0.0035555303224537593,-0.028789361860646734
3312,0.010269690147040933,0.003093788679243925,-0.02780015250892609,-0.038973233373140403
3313,0.014672948094176907,0.004493103077839011,-0.03102273710715775,-0.04734526000188344
3314,0.005926417602187095,0.0012946995711599074,-0.023052185023921035,-0.029652950780447274
3315,0.008319099474745517,0.001834708227587467,-0.013301278199934319,-0.03731925229771105
3316,0.010821409799153359,0.0016343424523465044,-0.011117789479979934,-0.0381525188316757
3317,0.005436734314980707,0.0007000020621281688,-0.01728961871011292,-0.024800710131810844
3318,0.007156516877564134,0.0019308741701895005,-0.011271371877557113,-0.02258668703063682
3319,0.011093206843408088,0.0025612985307992275,-0.023840401730186478,-0.04646639326712454
3320,0.006842812778574459,0.0023775228296588624,-0.030912475872766965,-0.023104047432040864
3321,0.007500168153402043,0.001186516239078117,-0.00822351014976963,-0.030988326896743024
3322,0.010825991042713978,0.0017959720275345092,-0.017703527945240993,-0.04064747301554317
3323,0.012058407440401653,0.00391555752333958,-0.03339993931042212,-0.04464086802908074
3324,0.01033870748410165,0.0025632406377100736,-0.010328649064419992,-0.034470261984458905
3325,0.013148403744933979,0.0028959884846465056,-0.007022476253292442,-0.04382776324778659
3326,0.009816431688285499,0.002479172618459896,-0.01463686418065191,-0.02826679932856835
3327,0.005305277282246612,0.0012970757908042085,-0.017183773385501033,-0.02804299368435259
3328,0.003923419955423224,0.0006865527503554236,-0.007947604514190798,-0.01560490940970194
3329,0.01007955533468985,0.002079802658531915,-0.024778033083726003,-0.0420994510001893
3330,0.012099877558507943,0.0030520018797330073,-0.03060297795742628,-0.04075402686924112
3331,0.010914657537075323,0.0035655471679549855,-0.04071619601048232,-0.04153143379513502
3332,0.01078260217500926,0.0029299381215025233,-0.03310124876323711,-0.038472228482144155
3333,0.007377620271705743,0.0012134305660453648,-0.006589553429191597,-0.03073900344845537
3334,0.0049333919258301995,0.001850554420910172,-0.03497338802366878,-0.023062535535493978
3335,0.015377310447774684,0.0051925506562335855,-0.03653240679696318,-0.047490414778668444
3336,0.01928389091317051,0.005038070529269911,-0.023669114463613417,-0.05864525913316043
3337,0.014641604683269638,0.004193195663843269,-0.03912986255063272,-0.04966710207350111
3338,0.003824475832050256,-8.162796904540026e-05,-0.009789294454587205,-0.01664443583896269
3339,0.01161888027718655,0.0034667610920448844,-0.03751442376091796,-0.04035993154111295
3340,0.003588313630386475,0.0014094816031345048,-0.019933291770363515,-0.01902908278804416
3341,0.020136737238703795,0.006025075257860085,-0.03459019062672741,-0.05865505563618767
3342,0.0008582498097714497,-0.0002059590870925332,-0.01237839484828307,-0.012587621412630035
3343,0.0088925155510714,0.0021865248275482474,-0.029761353724188144,-0.04000079702708881
3344,0.008313885199168536,0.002503098343706406,-0.02304276578296449,-0.033016089305191954
3345,0.009855430339139382,0.0024351234503460772,-0.01572604754152096,-0.03504327136768892
3346,0.021086081622315622,0.007374172777641574,-0.0614820586447169,-0.05413068995910442
3347,0.015999716105514483,0.004433826247040473,-0.02715832228759474,-0.05372841670999473
3348,0.005580645527845152,0.0018284582951242634,-0.015984785523134926,-0.03402548209366385
3349,0.004206861900847181,5.48470644295973e-05,-0.004265947278944804,-0.028502520262093767
3350,0.017179235224420886,0.004812649932678131,-0.03423922823430381,-0.04766179977408691
3351,0.011448921650209387,0.0028108629635092697,-0.01690819580157321,-0.03992886219271918
3352,0.004883076593650226,0.001012525663558056,-0.009723053483910171,-0.020535196061320593
3353,0.000720044296124267,-0.0001299109644920804,-0.0239793411804613,-0.018032005447735755
3354,0.02199702256831415,0.007468990238410772,-0.05898515099434021,-0.06573416365029805
3355,0.005085199202694679,0.0006211692442734951,-0.021441157004630673,-0.030173190631000324
3356,0.00858994934279067,0.0028191199453956872,-0.036606157962820074,-0.034282506369564314
3357,0.008599133789381375,0.0017445665464551896,-0.025028037278596094,-0.03527298585201877
3358,0.007024148216260295,0.0017465038837676528,-0.02470460478787384,-0.040776977500159184
3359,0.00019687860101180732,-0.001439254852526689,0.01842698578247165,-0.014202640054835292
3360,0.007993521028886508,0.001935765168299658,-0.0169376203220592,-0.024106458295949484
3361,0.010806294910872982,0.0029783028091424912,-0.02818117078727539,-0.042568297183086745
3362,0.0032684392302702037,0.000690833418306086,-0.006153072742200283,-0.02195842600101161
3363,0.007466272256571482,0.0019277778909458643,-0.015957536084758195,-0.03358676781948278
3364,-0.00038375435920423584,-0.0015539722960080382,0.00684664355157194,-0.007415239038108368
3365,0.012276899434355004,0.0026220560910563406,-0.020745238764899143,-0.03925279359055456
3366,0.02750967022503059,0.008385899790487539,-0.06468928977677368,-0.07256800456383639
3367,0.002684517905468309,-0.0011647012371752696,0.001233298821109452,-0.01738389184349165
3368,0.007257214281429447,0.0017332826496280207,-0.0260967015648767,-0.031659065686490795
3369,0.007581270120925132,0.0018177888710872725,-0.017620959662066893,-0.0293616492796821
3370,0.009406377702230573,0.002418431992898512,-0.015337492485706483,-0.029508722432411316
3371,0.012073577393314272,0.003858786966627281,-0.04221530209655161,-0.04977966548231372
3372,0.005773944952732091,0.000739936485332604,-0.011307311070191117,-0.031109985065073675
3373,0.0071450473790399815,0.0016177854562952065,-0.023507483533415863,-0.026795610088470645
3374,0.01713701667775458,0.005207743764852613,-0.04743497672962915,-0.05108160486067459
3375,0.01185406186839244,0.003117458776803528,-0.020004629909252447,-0.036422587479852386
3376,0.0006732855232378654,-0.0005788484041158448,-0.008843334449448681,-0.010604898425411347
3377,0.012837580729827769,0.004124014555516781,-0.039973151404915974,-0.0461285757953559
3378,0.006498856365697636,0.0015792063367995879,-0.0036700936154843156,-0.02276951899971491
3379,0.012628938962694902,0.0028018613949099824,-0.020526000697745295,-0.0435751249741928
3380,0.015920453431946036,0.0049747181309054145,-0.03893748457783974,-0.043458081868276044
3381,0.01014486281108451,0.00255356332539608,-0.01903233672999871,-0.029983122422740482
3382,0.011801319754498496,0.0025295919577943415,-0.0250922088874872,-0.0415408255179357
3383,0.008113276837623973,0.0021961618180504905,-0.016831828133366644,-0.028319622674829348
3384,0.013644670493919708,0.0041920425719919885,-0.049702643313715045,-0.051130806845965826
3385,0.009813287667542858,0.0019267946510174438,-0.006207279270962651,-0.03242536738259172
3386,0.005803471731701704,0.0005297946740932535,-0.01729456442906324,-0.03217761557177623
3387,0.0038491462458760672,0.0005289293435870035,-0.005960057924561224,-0.02227114815968101
3388,0.0013948954472965958,-0.001335887891410703,0.003129820458357746,-0.02116583860597343
3389,0.004223632724074167,0.0015103572401496401,-0.024285042054826567,-0.025686796111677457
3390,0.010147983267350003,0.0024147810833103356,-0.009094281540791616,-0.03433021362371014
3391,0.0077269585463635715,0.0014332150799219456,-0.02483255582810656,-0.03578260691139934
3392,0.00981980572432195,0.0022164484379103844,-0.01662921501996134,-0.03446936151008961
3393,0.016874573623376743,0.005699305779559516,-0.04043205579961601,-0.054073582817188215
3394,0.013851211180203216,0.004204460869943388,-0.03560222468611601,-0.04281589305814815
3395,0.007935352145236552,0.001303715395204047,-0.008056000771732519,-0.0370070617299032
3396,0.013043263575308217,0.0037161358102010267,-0.046674748809298644,-0.050842363498580734
3397,0.011281601390586316,0.0028158140238763174,-0.02180697634151474,-0.045569819614244
3398,0.005864033917409195,0.0010306991335432558,-0.012068182445455378,-0.028254532236164476
3399,0.00960488078395999,0.0025089694929747164,-0.03538235387812083,-0.03221859743515698
3400,0.007446454613382114,0.0019065330061236452,-0.023831897164739213,-0.033969742143673876
3401,0.015282419315022056,0.004649830933971394,-0.03947106101825015,-0.045337821366913555
3402,0.003387797962570327,0.0006475505142268523,-0.017075605479463518,-0.022514898763215663
3403,0.006456745694369381,0.0011738582041934675,-0.016810594914771215,-0.02980351964318162
3404,0.007419749913099183,0.0018536878751272412,-0.013460255469298743,-0.028191931794551928
3405,0.005714232655031015,0.0011319417501198803,-0.012600886184054083,-0.021215502661284247
3406,0.002906348192280084,0.0007019472438316576,-0.003296060236251397,-0.017135563449363067
3407,-6.511981597417948e-05,-0.00020162928827871518,-0.007016678123385689,-0.016302384350016075
3408,0.01388925229831528,0.0032170033898721584,-0.03311808030279306,-0.05004221470300907
3409,0.01586236815758224,0.004181186220876543,-0.02368518294013644,-0.05288165335951822
3410,0.00804220432787861,0.002200736923298169,-0.01563013680639347,-0.03145718220126936
3411,0.006790924216772298,0.0012583667574391777,-0.01975686167474988,-0.030492709904474613
3412,0.011775615144103968,0.003086633026229718,-0.030940550766492048,-0.04329139454475606
3413,0.015890578473549466,0.004067749214404781,-0.03306594391311324,-0.052598346499099335
3414,0.010103389338726121,0.0028356353789709965,-0.020881791527204152,-0.039082640316876915
3415,0.0164636197144562,0.005613805211155454,-0.056847900307271826,-0.04885559772154602
3416,0.0023325457473724054,0.0008956831780934371,-0.004839841606036677,-0.019968859356447544
3417,0.007808137909287249,0.0009832258265189409,-0.004485142566399092,-0.028192435725120868
3418,0.016919686061627748,0.004878503693979658,-0.04334005354575554,-0.05760772942359271
3419,0.005488970681152616,0.001910944638940204,-0.019451772453515592,-0.02283468169306202
3420,0.007001225430302849,0.001633639107280399,-0.016472809808135924,-0.03227969150510679
3421,0.0058568826299536525,0.0006143062560490797,-0.00020417368499020538,-0.027088147142454666
3422,0.010170340780277842,0.0020618412056747637,-0.024127013789506546,-0.03360656467216694
3423,0.011804735586006032,0.0031311690271884074,-0.033412669356037705,-0.03494361593393813
3424,0.0034647393602800225,0.0004915829650039283,-0.0153003674994861,-0.024902065277349394
3425,0.0067202607334880815,0.0012598136878610444,-0.021201028397941524,-0.03364171334804511
3426,0.004263893334140456,0.0010566312256440336,-0.019688812242315168,-0.022527907067197428
3427,0.009570177849852646,0.0018866766136541036,-0.022112756481392937,-0.038035536427018846
3428,0.005580976449140795,0.0010486347688442865,-0.013270515428965513,-0.03235040888183127
3429,0.005989853056860062,0.001339733306816332,-0.02174800530942478,-0.02612452749211802
3430,0.003151859991092465,0.0005378078009788956,-0.017169609033281297,-0.02515875787322641
3431,0.011148043137183206,0.0029969670791616942,-0.017428040965102032,-0.03990634344148325
3432,0.0016464275688163887,-0.00015707633369183016,0.00437199777191305,-0.019743487506645452
3433,0.009406322035170167,0.001358884264047816,-0.006913787859891607,-0.03754779147639531
3434,0.006646584922926135,0.001754858450986857,-0.024303112747604994,-0.025815957431951198
3435,0.010786570670314799,0.0025176153953074265,-0.028300488817023406,-0.03910534903379259
3436,0.01356491402538551,0.0038113058228915753,-0.045306478591652266,-0.03401337315063724
3437,0.006604960807489069,0.0019607779939210257,-0.02360082784970896,-0.024768399382398387
3438,0.006432690573173527,0.0008292426543339004,-0.011738047171158561,-0.02504642173674143
3439,0.006637173341520919,0.0016163342519053825,-0.028024690952541065,-0.02907075555072125
3440,0.0048162907826511114,0.0013895492415007815,-0.006436574171266418,-0.025963373356783004
3441,0.0086029782335586,0.0015953281708294687,-0.00964122650518262,-0.03573629081947016
3442,0.010851106378691466,0.002410006363369993,-0.02690792370622752,-0.0441504054174463
3443,0.011956993640425795,0.0026588033834917812,-0.027962743656109346,-0.043608961960025616
3444,0.006272239409817193,0.002119175462270806,-0.03302278247180834,-0.028734097069705644
3445,0.010036623534937172,0.0027739416208004686,-0.03151027259983252,-0.04013157894736841
3446,0.0034173235194853158,0.0006972845855654775,-0.01681662301437281,-0.022940837571519324
3447,0.005666090609342422,0.0012660731203598952,-0.021935468015115367,-0.025953689821755832
3448,0.0092174745626864,0.0013030956344813882,-0.0014490527683747034,-0.0356047637638941
3449,0.0049746848086139606,0.0004762753793197405,-0.01156903879345983,-0.026958221619927114
3450,0.014905371018895441,0.004575470461412656,-0.037995995520944514,-0.04291307025759139
3451,0.011852760335511081,0.003020038223844168,-0.007792239380990107,-0.03634746019383861
3452,0.009428158253555863,0.002821883700768274,-0.02931627729786579,-0.03879516550488271
3453,0.010627987117053095,0.002674680676568786,-0.02742606994979696,-0.03442206986758145
3454,0.01596910077638286,0.004295620040012937,-0.04379573859973923,-0.042159166339800325
3455,0.015667790038856044,0.004741116270641693,-0.02950318705902788,-0.05187460233922725
3456,0.0077593098234626234,0.002231600129911082,-0.028836544980202328,-0.03194355093532408
3457,0.005714201069419889,0.0008196395955323288,-0.011671142584037841,-0.02098070827712517
3458,0.011939369592368743,0.0038291384433051523,-0.04083478347366659,-0.04508677512960957
3459,0.0023845621066748146,9.868484577962855e-05,-0.007242107710785484,-0.021614356181370198
3460,0.020490923573156183,0.005879578369665822,-0.047742683123996044,-0.059685392183438934
3461,0.010748693469556536,0.0021789726336600423,-0.027601298559055465,-0.05069131697462015
3462,-0.0012260448300923654,-0.0013709610370261915,-0.009654751769001768,-0.020995834244362133
3463,0.010896099488123645,0.0035609745628496503,-0.02498484770045495,-0.03884928781831387
3464,0.013058284661704889,0.002655464335444918,-0.023897982949496077,-0.04908437969589696
3465,0.01006984542424827,0.0027959064296268765,-0.02686167142069723,-0.034043466515684795
3466,0.01070950320172398,0.002923787608429068,-0.023260275366912775,-0.04479791468983141
3467,0.014411416668233645,0.004175446704147101,-0.04020893590438085,-0.050105151314411844
3468,0.00665719210652449,0.0014654841445129185,-0.021221196042515267,-0.029474029575583316
3469,0.009313561882382748,0.0015965880574118352,-0.012944655217908385,-0.04689907482323141
3470,0.003946587472127172,0.00030276488335814755,-0.009475193964625594,-0.026336269320565542
3471,0.012008859762758561,0.002850156525759928,-0.027098529337039934,-0.044784032434118326
3472,0.011630526278924525,0.002912523696247088,-0.02751885414485067,-0.034442232177423815
3473,0.013739446636922614,0.002938440221124078,-0.028060007924643027,-0.045907535834378566
3474,0.007597498884784837,0.0017671899929077306,-0.02347465356074757,-0.034548002405509926
3475,0.013334196513861474,0.0036909966359955915,-0.025219114365952866,-0.04183136140304489
3476,0.006411637452819585,0.002143902818215665,-0.025744990085424302,-0.028773144030202702
3477,0.0063747841962477625,0.0016236389116680017,-0.0190335886669718,-0.028407832570500502
3478,0.004303611139249819,0.0010299607167806313,-0.02238210458564649,-0.025057416609949312
3479,-0.0016410719803603424,-0.001210543660304847,-0.006403408641125374,-0.011107327716577742
3480,0.007935911943021345,0.0013323581992859823,-0.01799269362576922,-0.026984493276442922
3481,0.008465115275560986,0.0023623321801548858,-0.029209319343697693,-0.03820465066340706
3482,0.012781768038411079,0.0036832743617957187,-0.02847009820714491,-0.03580494187975358
3483,0.004591707032277514,0.0005009450372216728,-0.006538662786420679,-0.027943615257048027
3484,0.01225636261490648,0.0027747553575276085,-0.027313992359401462,-0.041878261337349953
3485,0.005509319725972017,0.0011528935737248058,-0.016174441753998514,-0.025803763088454
3486,0.007095692385916674,0.0014408596934052942,-0.005555742007642583,-0.0255891138400266
3487,0.0006902727784158236,-0.0007782260606810087,-0.0033398964917027985,-0.01635320315176425
3488,0.007762051091247113,0.0013007227567098933,-0.0009963573512573043,-0.028969792158649144
3489,0.006992524664428845,0.002256179668494479,-0.028502193511546314,-0.03825174669077436
3490,0.007227038281018283,0.001765446977820495,-0.021842693075707298,-0.0220290396249484
3491,0.007519590747973481,0.00291158780079534,-0.03416170213816755,-0.03580312556357779
3492,0.0049443057075683194,0.0011826724703696834,0.0036019503609542314,-0.020589744561118284
3493,0.011071300494961633,0.0028712126976330465,-0.024740940818393842,-0.03579763868949415
3494,0.013234524704433315,0.003887149141200863,-0.03962068279210479,-0.04517243999398601
3495,0.010176254320307554,0.0031266234367078594,-0.040353420070681156,-0.03650036591213046
3496,0.010384458942628738,0.002527312523446401,-0.029144021137047227,-0.038373699099618075
3497,0.007598454212602079,0.0018891677747949198,-0.009511656830110404,-0.02739871494095425
3498,0.009231321307334617,0.0017040569467216549,-0.014807626239665861,-0.03383065769711879
3499,0.0048443829928210835,0.0012004559417339578,-0.019365189973852948,-0.02812496320455904
3500,0.011379388344066155,0.0032283254191370903,-0.029955197923151655,-0.05418850053121571
3501,0.009703041095778575,0.00274931592812247,-0.023329887399735794,-0.035792149317785404
3502,0.006245869719851083,0.0012707615221204671,-0.01896116039820317,-0.030206121690280474
3503,0.003880253875714168,0.0005685516726716133,-0.024401990798429363,-0.022566519014802333
3504,0.014241248035215093,0.00426867287993582,-0.0509541760190082,-0.04509728282182068
3505,0.012988007366450949,0.0039330939554796385,-0.03911964818825281,-0.03862789333201111
3506,0.007320573106358197,0.0020369575119007777,-0.005783314886175839,-0.023822556502758885
3507,0.0028877311732936617,0.0010732491569350189,-0.025413561478582092,-0.024529475676433377
3508,0.005444440569347897,0.0006472958830603115,-0.019113622504667527,-0.02958140432098766
3509,0.00999209260977263,0.0027769272511982968,-0.02434129430940246,-0.03685270985175104
3510,0.007442405771385552,0.0019081055160640181,-0.010092238891923344,-0.0231581605297978
3511,0.0019459269664896528,-0.0009279295861156223,-0.0007321301451120865,-0.02175605328190211
3512,0.010501764070861674,0.00304100741884325,-0.02373185703433034,-0.03561144000393568
3513,0.009381324534959545,0.0014587602967644497,-0.014270367649114601,-0.03194485260770974
3514,0.005886956149116052,0.001524129958868109,-0.020576223359727253,-0.028074957410562207
3515,0.012435346298569017,0.0037904553243354733,-0.031886990872232845,-0.042222150165062367
3516,0.0180238005991189,0.004589695562645213,-0.050886581879658,-0.0581058075346661
3517,0.007892077546640563,0.001514902431337145,-0.015061554427798995,-0.02715006109839435
3518,0.010742548204557334,0.002950444595013868,-0.02886713421621978,-0.04150658633972004
3519,0.011516474500087082,0.0027806671015877527,-0.031189149490369272,-0.036266556540258454
3520,0.012283462129056122,0.002522237363526969,-0.019734028661240355,-0.045318219870030374
3521,0.009657253617359196,0.002124355907666964,-0.02354945640291428,-0.03472993938519264
3522,0.010419335463354107,0.0021274890957027615,-0.01389860559368028,-0.0401835297304618
3523,0.011274226796015419,0.0026891553386173273,-0.02418711930493367,-0.0399100250051867
3524,0.011182876676116005,0.0030316496295898776,-0.040507916522073195,-0.04703935442870599
3525,0.0011140987910702727,-0.000647251033207813,-0.009345981149424976,-0.020407537083692806
3526,0.004388872755268114,0.0005423912196564074,-0.016528273284101946,-0.027619003066991388
3527,0.009424856972720663,0.0021437298030519136,-0.018843261319865412,-0.032851277529523104
3528,0.015428319679697378,0.003948510251687548,-0.031914587020305196,-0.057137277330617686
3529,0.016371198430099876,0.005278502961997639,-0.044754114161074665,-0.04712140837287071
3530,0.008944109745185003,0.002492182953807792,-0.022659893924633245,-0.036963083352681614
3531,0.008866354313299074,0.0023611775795482626,-0.03020474308592891,-0.028795352776697536
3532,0.006499084604848326,0.0015446095495595114,-0.032496176157839674,-0.028996906041361292
3533,0.006049467686951693,0.0009360029830722261,-0.005803718277237524,-0.02318517018428612
3534,0.007967935510676372,0.0015577807789259601,-0.019973571848038663,-0.026550835633319392
3535,0.0023725289846384667,-0.0003530627210674153,-0.00981529843057699,-0.02626449736276315
3536,0.01365653753837115,0.004840484677552548,-0.04372288424883225,-0.049446410420364795
3537,0.0030282746604731736,0.0007854272262550754,-0.00041331907354474895,-0.016817967536989165
3538,0.0061759894946025184,0.0016762859284101816,-0.03510972775072668,-0.030588736208565392
3539,0.008843364451001035,0.0013319954436418757,-0.016569379949624208,-0.026637688209586452
3540,0.011848928198232689,0.0037736450393913157,-0.04139568134131749,-0.03574426396535868
3541,0.00582074357655149,0.001663244233578165,-0.016952075018192903,-0.02867586165032765
3542,0.012385855436228221,0.0035913071424133747,-0.03866188471279214,-0.03930847997829989
3543,0.007618233462423518,0.001894349477422369,-0.01986219380703058,-0.037290909041157394
3544,0.011396631599763063,0.0031044822445673304,-0.028742257497162305,-0.04345438262191936
3545,0.019410389146427565,0.00528645065451358,-0.028992512315850094,-0.05879381081343937
3546,0.009763590157154889,0.002451838086416941,-0.019539736337404134,-0.03549112863776971
3547,0.016771056537499107,0.003998277238084186,-0.01924145505743935,-0.053730030671725215
3548,0.013370114468082839,0.00396560478291394,-0.03760438676537842,-0.05011804992340263
3549,0.008281031777930992,0.0011722552094287353,-0.01564426616656317,-0.03146341384435536
3550,0.005917554326742569,0.0005089257070503006,-0.00907899296214243,-0.027780908238600355
3551,0.007972973540229411,0.0019910315227394115,-0.01843926624804393,-0.02765306544297008
3552,0.011417007134922774,0.002308789139866374,-0.019014203694943888,-0.032903060188431366
3553,0.011278353095410698,0.0031538218306685906,-0.03159337751151481,-0.03787751069360412
3554,0.017196089653173097,0.004479650170695182,-0.031196221263031287,-0.050848885103353614
3555,0.011790764197553982,0.0026957945247799153,-0.02002759098517315,-0.046876948230414106
3556,0.014160583380360081,0.004146799550886648,-0.024613869608070105,-0.04321912459992616
3557,0.0021194108319680938,-0.00029912704023205006,-0.005862285890219088,-0.02173440453686193
3558,0.011372059429019199,0.0025869151048200922,-0.025274952918142246,-0.04310319113838812
3559,0.012036709052002492,0.004262161075174825,-0.03120609361735205,-0.03991796842845108
3560,0.0057783219697964405,0.0017686829352038802,-0.015521862609029158,-0.02742600199469214
3561,0.010241696117452403,0.002191095153230488,-0.014349466376405995,-0.037258721319411214
3562,0.004878850437848192,0.00034263183852692447,-0.0035278129309970208,-0.023033757098021357
3563,0.009354396275858823,0.0023218223827611018,-0.01885682621529633,-0.034011112405508914
3564,0.013088487047298702,0.0030195745503666938,-0.022531960059228417,-0.04944088135842395
3565,0.011984705729188416,0.003369076648992081,-0.034598177235608374,-0.04061472413582101
3566,0.015354633251151495,0.004218613517334935,-0.035949651056581766,-0.04361827349740899
3567,0.014810305255865519,0.003526173144137834,-0.027753413664378057,-0.04380075458138699
3568,0.007494345515898337,0.0015942046611298888,-0.016776530285438684,-0.040286712693912485
3569,0.005026929774231692,0.0006818187750967097,-0.02070906414209661,-0.03188310429124108
3570,0.006990306641360355,0.0018145534332553725,-0.01687041608180062,-0.027172618741228005
3571,0.0032775676864627012,6.015209911641728e-05,-0.003470793845611775,-0.017500286303252288
3572,-6.081301907157055e-06,-0.0008192251479617052,0.0025004253884935435,-0.008871219394079977
3573,0.0026744479927586773,-0.00013721616253595248,-0.008159255886990402,-0.022202628976024097
3574,0.011158215471947619,0.0024729949501849646,-0.023039989036282127,-0.04618777198836921
3575,0.0027481945727095836,-0.00022901627983717976,-0.006229838233630713,-0.011955254259468306
3576,0.004099472734027665,0.0016260519533409235,-0.016917276045072982,-0.02404880395677944
3577,0.006971389380974524,0.0017601385435479788,-0.012536186127054538,-0.028943167610670617
3578,-0.003726606631374474,-0.0015458458335933511,0.002129737919334851,-0.005320133007418404
3579,0.013190149254433903,0.0034573888400244723,-0.02793681930501074,-0.04382317221277621
3580,0.005524743080066008,0.001304150130681414,-0.005097050341643039,-0.023013599358706616
3581,0.01162591806147567,0.0031212943452147424,-0.03894774843055737,-0.03657870877564118
3582,0.009463882019428493,0.0023890331180342617,-0.030475916721141305,-0.039317733003248256
3583,0.00960608794596507,0.0024726390191734116,-0.010231692325508801,-0.03137527653671901
3584,0.015547418539538505,0.0038638138400667876,-0.03552482173301197,-0.05263524382450813
3585,0.007071104767201075,0.0019130623427468518,-0.016893986526549942,-0.036057964251371644
3586,0.005403941072467777,0.0009043010151117692,-0.014139004285203982,-0.028246040892986768
3587,-0.002629703417849738,-0.0021850484418412253,0.008015925402061364,-0.01586228638972398
3588,0.012186791465258195,0.0034436677524963544,-0.034250175431778385,-0.04520686494516246
3589,0.005791213210655344,0.0013001624684080282,-0.01559243732299781,-0.02100425623462787
3590,0.014972735628280276,0.004805100411685664,-0.0412219258592898,-0.04256574748354214
3591,0.01884829034006663,0.005266930902312866,-0.04666081550645895,-0.05092403518910937
3592,0.005412089346932714,0.0012795895166393678,-0.011152662292613913,-0.02541084584725628
3593,0.013011025938148069,0.003963586077356224,-0.03652506829816082,-0.04622033244794799
3594,0.004590048335089469,0.0006500301449757218,-0.005177656463351943,-0.02422716573323591
3595,0.013489624222458418,0.003937521481478801,-0.03690814145245486,-0.04363288004112331
3596,0.008312424593097223,0.00184663409056951,-0.028483223372046784,-0.03427342760658514
3597,0.005886218064491411,0.0006055425973634232,0.0028167851589140924,-0.02920365023348659
3598,0.0033806150211349584,0.0009806035353808473,-0.009071784199392696,-0.018443232523549957
3599,-0.0016704971523711087,-0.002287863437422266,0.01790202760375803,-0.0138754414005543
3600,0.00816163535690001,0.0015113240122291427,-0.021843187869417358,-0.030118717356601432
3601,0.008942408943689362,0.002234228324245857,-0.019226117376110352,-0.03600182646484584
3602,0.0138290574167933,0.003244882378830971,-0.024486709050113242,-0.04041900459992265
3603,0.013686993515466539,0.002742457980606877,-0.01682687548236672,-0.044983643259667305
3604,0.015030625793823083,0.0044781763297554456,-0.04654040148134597,-0.045442548761941315
3605,0.019286232471046827,0.0054638139390401075,-0.0445124191048103,-0.05186906173748285
3606,0.004792239248025132,0.0011002132410850018,-0.013558869556796083,-0.015225853214333895
3607,-2.380349786113012e-05,-0.0004548433861390755,-0.007787870797525909,-0.010481168701727328
3608,0.008522862151961186,0.003274603619434935,-0.03752500359625216,-0.030130463350128034
3609,0.012476424250918383,0.0038641450389232113,-0.030544783772491868,-0.03642530683365719
3610,0.008353646230933487,0.0017978629789734135,-0.010300622019979278,-0.026274207639853664
3611,0.01179051580537227,0.003620438192370651,-0.03647068171688711,-0.035726776164768714
3612,0.0007071071696215236,-0.0007485146894853356,-0.00699420123500627,-0.008822490007814543
3613,0.011884598884035924,0.0030311062367779085,-0.013547647308530364,-0.04131384391884485
3614,0.009394002668567714,0.0022498020853634892,-0.014535220249781322,-0.040659291085523463
3615,0.003792196496860467,0.0007660771786952569,-0.025376506666590304,-0.032003435179495554
3616,0.0121979724554101,0.0031109853098299223,-0.024688964439754046,-0.033378606219557905
3617,0.013049267380538465,0.0038239091468488806,-0.029441999042789546,-0.03684660698667497
3618,0.006489448960458888,0.000867178720460271,-0.003730901902541328,-0.024764851138219912
3619,0.007343710123973335,0.000968720197352807,-0.014423440682688748,-0.031548345142109024
3620,0.007663507608562492,0.002403815409041249,-0.0306127651173288,-0.025909541523324697
3621,0.009856903639690495,0.0028459244871717193,-0.01607210498785233,-0.0349737016393159
3622,0.012704368707197156,0.002934272175260877,-0.020865356089127263,-0.03931546962726884
3623,0.012447206582729298,0.0031537932577192784,-0.030675321463575267,-0.04881206389994697
3624,0.006649673361507014,0.001425576409131435,-0.00842674712021696,-0.032423087438285036
3625,0.014076836090911149,0.0042140654117908405,-0.0514724966792002,-0.05458376837297563
3626,0.01454128788595177,0.0033501031830234507,-0.039346120830594605,-0.05094411599929227
3627,0.010289326169863666,0.0028496980914182735,-0.027531322194767505,-0.03331688906536401
3628,0.0033705540450290616,0.0006115462167434471,-0.014092696962273332,-0.02172648369692709
3629,0.011381106066351232,0.002929896991634817,-0.024375923462363613,-0.03760065316765748
3630,0.011468600507096749,0.0026867371224587877,-0.030728808299518517,-0.0386236511373943
3631,0.010689300561640247,0.0024747181865939216,-0.018514108150390618,-0.040715106119112665
3632,0.0026477395918433344,-0.0007507910950857455,-0.003047903005024555,-0.025314737399564025
3633,0.00557441298056871,0.002484398802622856,-0.02225330998369257,-0.030474629078254822
3634,-0.00032521458689749316,-0.00042039192821086147,-0.0009416878963897646,-0.02052886818201971
3635,0.0145310385239249,0.0036914457235626696,-0.031246497669882967,-0.046235307728435426
3636,0.016222737926932795,0.005180509365411562,-0.04734223413402705,-0.04374879227053141
3637,0.017069476333801625,0.005051609708853877,-0.037683507995563525,-0.049747143089254875
3638,0.00871107693361206,0.0021020447722118474,-0.022085068285816578,-0.031216555847850214
3639,0.0174608725669545,0.005494781612279037,-0.04168356930970868,-0.05253490826432872
3640,0.006775465056570507,0.0010797586262328018,-0.002255280108863722,-0.031163806103680414
3641,5.2950576551968886e-05,-0.0010147234013876405,0.0047359580094401,-0.01985999481462275
3642,0.005600089438557998,0.00047141889839197315,-0.0050061759005823325,-0.0312761791376206
3643,0.013752520864178885,0.003943462535884179,-0.04437679857334531,-0.049065428436594005
3644,0.010253839765353545,0.002156812515379636,-0.017625244960291497,-0.03878060451961274
3645,0.005017708442490498,3.731094463405027e-05,-0.005411871034732341,-0.027283247090674978
3646,0.0005582975401020596,-0.0004940406232444294,-0.0036934226565986106,-0.017723198677812135
3647,0.008745113062266552,0.0013283776068384878,-0.015478362247600574,-0.03800631831867474
3648,0.0074528557312106836,0.001721542421486394,-0.01664220839872088,-0.030029813858345022
3649,0.0053934422933723525,0.0009657046744548092,-0.007333808981646706,-0.02266104853739559
3650,0.007650282712392653,0.001633633015393987,-0.023995394470630926,-0.031490463393851975
3651,0.012746822801052327,0.003582844417138742,-0.03728732725201772,-0.04901060931367729
3652,0.008119473917938214,0.002420572470438559,-0.029926601218281335,-0.03563623641528635
3653,0.01492161548452453,0.0044163185447387565,-0.05025264096334192,-0.051375105391919695
3654,0.012557850401971438,0.0028083832803792452,-0.014403021716026032,-0.04291949563530573
3655,0.007388135672528717,0.002433774842539649,-0.021504619853126294,-0.020302957116143938
3656,0.008313949409860133,0.001454622585958909,-0.016053118771530706,-0.029890751352219858
3657,0.008291198889594287,0.0025715225306828238,-0.020632821433077764,-0.03152707502991592
3658,0.010976441453660946,0.0031348185730262768,-0.02841778760872543,-0.0392378813611175
3659,0.00798015556814291,0.0011651347650283306,-0.023497908281642665,-0.029131246621787565
3660,0.009446739906394719,0.001986854066121979,-0.03187873978964026,-0.04556729586897945
3661,0.016093320973530112,0.0033911175001994642,-0.022006066477537334,-0.04846422210837065
3662,0.01206168572345201,0.0030235645056738703,-0.030256275405628363,-0.038824770512194684
3663,0.0009281384998317543,-0.000621930027068035,-0.018514709622038827,-0.015761572921851652
3664,0.011379224538002775,0.003096490336879809,-0.02041177524238652,-0.0374912986638144
3665,0.016264357544333585,0.004841786805644538,-0.04898397403299304,-0.04982444928201957
3666,0.016576704770469186,0.00398699137436484,-0.0339943810705533,-0.050144053055011906
3667,0.006143343404379942,0.002292613313250258,-0.02556303507262009,-0.025734949532130513
3668,-0.0038396581169692356,-0.002127868832364488,0.00937324041524773,-0.008625323038736199
3669,0.01292253896894996,0.003959493712161255,-0.03373536822999651,-0.042706129089900235
3670,0.00942114881511602,0.0023821941783322698,-0.014767138059718188,-0.031894988732871665
3671,0.00746779101490902,0.0014647983761817973,-0.0024165123136442035,-0.03606114428987506
3672,0.003252806067543079,8.771638114940528e-06,-0.006967619532480318,-0.016118635970859163
3673,0.0019313355552479372,5.6290735564012984e-05,0.0006237367937253491,-0.02188153485676847
3674,0.006399119254584473,0.000801704325149144,-0.010140412492428474,-0.02885653252313025
3675,0.0027769130024751787,-0.0008061681542834431,-0.0005990501249490965,-0.02451028770843866
3676,0.014577215010770528,0.003448558673558977,-0.0265214713902876,-0.04097737509437882
3677,0.006959995499706162,0.001417687842501264,-0.011862907081094776,-0.029207762039216933
3678,0.006472781100194447,0.0016382093108041063,-0.010514316032529114,-0.03403138427050256
3679,0.008438684904982452,0.0014227232720359362,-0.011962080592673008,-0.03777885977337114
3680,0.014051913713472308,0.004349486782744411,-0.04149187108179231,-0.04670810559782801
3681,0.012977729254867176,0.0028661792219803195,-0.021085913275971202,-0.04990925723620099
3682,0.006553437388930661,0.0018512154400753267,-0.020706488761570108,-0.030482468934134532
3683,0.009442415324949938,0.0028449784760674335,-0.021765940124839345,-0.040028796644395515
3684,0.008566970302002153,0.0023022530579341616,-0.0287944864861987,-0.029292731766840996
3685,0.009488899787211347,0.003154081304995421,-0.027064946943953283,-0.03340443916843894
3686,0.012568389663714541,0.0036448887584860923,-0.02453920856466213,-0.03782257945191292
3687,0.01846618422543922,0.005584800497555609,-0.04713134545077746,-0.04881611669557595
3688,-0.0015724897131282889,-0.0015201460860260196,0.00808010750425181,-0.013744002761704177
3689,0.00081003671337887,-0.0009666307128734508,-0.00734267513887954,-0.0160734638543516
3690,0.015524459293786208,0.00389951180707937,-0.02323662218051653,-0.05437378368572088
3691,0.01312884674069803,0.004198382914818721,-0.03575614340101946,-0.03880471280597053
3692,0.0076625699231933075,0.0018265163703077847,-0.03811219038426983,-0.029410906746092702
3693,-0.0003430878446954999,-0.001255446994500059,0.0114478654295328,-0.017443262458678666
3694,0.01895729160312909,0.0053806759564299644,-0.04435568342030588,-0.05834481440297279
3695,0.008899522192541864,0.00161261911009275,-0.011016667602527286,-0.03172688936597989
3696,0.005419614935746275,0.0007547212480324139,-0.01156955394719228,-0.02956461766530416
3697,0.012719288553730168,0.004282886258481805,-0.04444379174306623,-0.038310991798226834
3698,0.0033167278771908393,0.0009091558042162162,-0.0205512989568038,-0.023106792520387387
3699,0.008134686014280579,0.0025265331932770863,-0.028390388884395823,-0.04111042223582073
3700,0.015198037716011137,0.003355364801722188,-0.031191633251498818,-0.045252388231443286
3701,0.011242638116106596,0.0031489202802319483,-0.028037594231835827,-0.04108096629963087
3702,0.0043188955473303925,0.0006531069150930435,-0.001957674657556474,-0.01833732022941459
3703,0.00483713810750086,0.0008334835319079026,-0.015540570701324197,-0.027557003476354813
3704,0.012615032718625185,0.003173611884359523,-0.014280878937849295,-0.043924197480102234
3705,0.0058789451642657364,0.0014086573043604056,-0.011593168848644253,-0.025883539051056337
3706,0.007454986384952678,0.0013929104135382286,-0.011939400686175883,-0.02651665620181365
3707,0.004846464695128061,0.0010925407435033174,-0.019215669412019243,-0.022947952569317143
3708,-0.0009970439281697385,-0.0010458665954270752,-0.00855757831496401,-0.011612637764458755
3709,0.004140619963945158,0.0010199894830461298,-0.022373670613355046,-0.021023164148359585
3710,0.008883056560085478,0.002334898507894645,-0.018593033771927225,-0.03974756421612058
3711,0.009717848185036237,0.0025676595828226234,-0.04231773588509202,-0.03685202964751211
3712,0.0009109884516580458,-0.0006873793820963148,-0.008165787160105797,-0.015872988036070623
3713,0.018988109032449685,0.005617603895418183,-0.03135762916124424,-0.06593866171003715
3714,0.00786408842921038,0.001700312010164684,-0.015157825235118494,-0.029770293994016206
3715,0.0065807926225273095,0.0016553837948550254,-0.025072800637680248,-0.03344642874988746
3716,0.010890192537053811,0.0030219931034992653,-0.02704865616892016,-0.03644052201383241
3717,0.012822005057501529,0.0034116112162205225,-0.023713677480142026,-0.04366583794674628
3718,0.0029745616841180267,-0.0003111464496115546,-0.002819233218612216,-0.02464417033882993
3719,0.005477989627496682,0.0019252783483573177,-0.02011120343798589,-0.01813964767358156
3720,0.009701575423854691,0.002851554113029786,-0.03931456413451412,-0.03554973395037819
3721,0.010086627007864724,0.002663640541576473,-0.022463826546892163,-0.03564994243630637
3722,0.003248156063981822,0.00044451305900430893,-0.022964055282219287,-0.022817042407782706
3723,0.005575966041331815,0.0010525142264532217,-0.019777324339813607,-0.02688622211474523
3724,0.01036486146409088,0.0031746674889993887,-0.04006499514781475,-0.03820328287304564
3725,0.0150641918017006,0.004324851554326881,-0.038074948393786,-0.051844269886934025
3726,0.006272017723147394,0.0008258451326901006,-0.01918044680247477,-0.030160130609544034
3727,0.011019202355488034,0.003194297775971966,-0.025748167484028806,-0.03849603047703787
3728,0.01585051772884638,0.0044238370224373436,-0.03739660147503049,-0.05247132116541775
3729,-0.0008645890830205061,-1.3689356880869363e-05,-0.01943470739460179,-0.011209661033419582
3730,0.010226848160988622,0.002732741721528875,-0.019905439926185875,-0.03627667622232844
3731,0.007267812017186626,0.0015859600306284416,-0.01700804611786,-0.03761817101829257
3732,0.010166871140157518,0.0028018151099894195,-0.034758570608441286,-0.037564188950116484
3733,0.004905994056242924,-0.00021561519480145508,0.006609768155339313,-0.022839333017154684
3734,0.01146918397286717,0.003318802389729092,-0.028368887331645942,-0.03410908826484749
3735,0.009401828178227212,0.002735287231384359,-0.023954592415065534,-0.03901058006485636
3736,0.009517038908982922,0.0017896852878019898,-0.02104684617946717,-0.03742313814191167
3737,0.005970410453616348,0.0017999519421069143,-0.016476326282033216,-0.03899319875551699
3738,0.007392229072192169,0.0010700373716133749,-0.012092566911626523,-0.03547619506367894
3739,0.006280839016061801,0.0011378768802249029,-0.014984696941603315,-0.032157329087066144
3740,-0.0018956409407882013,-0.0013560618225904042,-0.005247392226130854,-0.013778264173334498
3741,0.00917681050955299,0.0024176701554890767,-0.02312221325501762,-0.026770429225590364
3742,0.004730115851437788,0.0018399356077677953,-0.03480642257760458,-0.027348212920231374
3743,0.01727693352750065,0.005466765115853006,-0.05848163711374421,-0.063915458604765
3744,0.006996064066534968,0.0012777369259272808,-0.021164751778611657,-0.027355646062982797
3745,0.012549425498102229,0.003846236399742381,-0.024821068409747127,-0.04443127962085314
3746,0.012969764304046782,0.003454604165020775,-0.026896253770510303,-0.04130226882996968
3747,0.010644018936799005,0.0029654727323185637,-0.03508581318423598,-0.038674420234008244
3748,0.010319460381797763,0.0023682550134906943,-0.024555522468946378,-0.04105693522753462
3749,0.006967821406514807,0.0022586750338161043,-0.020773607562866725,-0.03408838603437747
3750,0.006180055068791435,0.0013697882497529235,-0.01716872326641261,-0.027510102300409844
3751,0.007628339146489194,0.0017587784053128552,-0.012967121302702944,-0.02773853779429991
3752,0.010255208544099115,0.002370269265820818,-0.01859381127480414,-0.035766607729224575
3753,0.00741058160429342,0.002029258791365701,-0.01842493733758549,-0.027689755904342306
3754,0.012779858257183752,0.004225715369883615,-0.03326020380300493,-0.04536538839350779
3755,0.00961916516832445,0.00209405737162191,-0.009679319200851466,-0.0382356742435257
3756,0.014994212176778932,0.003444860917160314,-0.02067774699475633,-0.04872660370370707
3757,0.00656188563159843,0.0018480039938316706,-0.024979554290434247,-0.027703557868091644
3758,0.013646268109472892,0.0043319222616222675,-0.024701890079294353,-0.04196744548432818
3759,0.0054483441828112045,0.0002632477288009305,-0.015227405814467965,-0.03071288983825271
3760,0.015199286199332196,0.004894513897147623,-0.04809775560964524,-0.04856143838412508
3761,0.0015214877431753426,0.0007401420882624798,-0.015761143916165732,-0.024360668004264507
3762,0.010016657681311658,0.002385059956855423,-0.021926952168178304,-0.038651530897188424
3763,-0.0028036180302920544,-0.0013987877974218355,-0.01438410174178223,-0.012763150135629231
3764,0.007831211867074361,0.0012768006411517652,0.003553338683072671,-0.03214075545257267
3765,0.006903477096336652,0.0016314509922908393,-0.017835267014094436,-0.03804128178147381
3766,0.00947712679540097,0.0022941578505195626,-0.024100881519406203,-0.04183698862243235
3767,0.0019470546253156362,-0.0012644421442815357,0.004470054725097039,-0.02218251610105515
3768,0.003740431988397408,0.0007847135643617442,-0.013990856507324678,-0.023109256429458824
3769,0.005352725860810259,0.0018924899129798278,-0.025520903535476758,-0.03348332403064813
3770,0.009928114555896816,0.002386286104928498,-0.023832981766344685,-0.03959138332539858
3771,0.015868778994066246,0.004518853001742179,-0.029922211686469025,-0.04326102652198183
3772,0.012689920096157215,0.0028368970381790204,-0.02224109057043,-0.0418063103648143
3773,0.0070504481331401525,0.002382703153836152,-0.02157011712879059,-0.03189735403176086
3774,0.0021312792734644037,-3.5785679996125364e-05,-0.010968549369960723,-0.01994309729896404
3775,0.011443076246053896,0.0023354446553935926,-0.0210470552927427,-0.03723141836289834
3776,0.015165059549674398,0.004985439121028751,-0.039048314765473546,-0.04753208760152228
3777,0.010770135072829534,0.0027823504966089374,-0.031321970801644894,-0.043320577921299064
3778,0.010331051440439998,0.0031725980745891114,-0.03069272559385483,-0.037216430831915503
3779,0.012416558608278505,0.003726750112534455,-0.03312036322460932,-0.03986685392812661
3780,0.009778236348462421,0.0022766198971591045,-0.022900646473647535,-0.036928897360364976
3781,0.009907896142195227,0.0022761813481833593,-0.017830597569800655,-0.03781437571308088
3782,-0.0023290164344959563,-0.0018072474037127972,0.01814850332187129,-0.008858504786176113
3783,0.00674242332097541,0.0012502176904639062,-0.022873087099045508,-0.026274058206102957
3784,0.006708299387526706,0.00157037403806487,-0.010994836409993214,-0.026101561352192437
3785,0.0039798597770152044,0.0007908070426997371,-0.015925540137460503,-0.024648318097430733
3786,0.00419243340971176,0.0012764552558638675,-0.012477484858285426,-0.02198055626458162
3787,0.011298839896849877,0.003385911515383755,-0.03052265519126518,-0.047190172167604905
3788,0.009192911366136203,0.0023223852779097887,-0.011223751690200179,-0.035622227918304716
3789,0.007782196008964459,0.0013361416291788053,-0.010211026402204448,-0.022431964623382372
3790,0.004201186971588666,0.00048597744626530104,-0.01028622262957879,-0.02815694554411896
3791,0.013404310672666453,0.004167844142316496,-0.031590806528221216,-0.041237782469309425
3792,0.006920570815341032,0.001226514257215816,-0.026906163159687246,-0.04198878053869526
3793,0.01600416001134375,0.004592444397284956,-0.04131499941930866,-0.05018110688433608
3794,0.004304000923534501,0.0008325859578160177,-0.02704908609835044,-0.03144424200163454
3795,-0.0013274171160619908,-0.0011608331780519343,0.0059838071498203305,-0.013579898449598171
3796,0.01001097669812967,0.0037104903794441257,-0.03326514884886517,-0.0381760618612188
3797,0.008887669498044759,0.001696086699113808,-0.021103916914368637,-0.03521257193615768
3798,0.01312258230816682,0.0034641366659106665,-0.045519033375369555,-0.06037693217076934
3799,0.012872533961907295,0.0037402962141946383,-0.03654300206230304,-0.04647025786387082
3800,0.012723053582710087,0.00314425443374175,-0.03216092927828601,-0.04412333125204404
3801,0.01587635325522474,0.0049522365779630095,-0.037422939184393655,-0.0524064973221926
3802,0.00605451470660201,0.001050237618841099,-0.006867375157330213,-0.022137095775508375
3803,0.010650657684164844,0.0023200891020934145,-0.022276762236341785,-0.03550701000726242
3804,0.007437770818738421,0.0018078738227959856,-0.02567121730466032,-0.033404114193120615
3805,0.0015034480996944377,-0.0002608363259521407,-0.010445634271334603,-0.019731218474428713
3806,0.010439233680198168,0.002468861420975077,-0.020721250545764347,-0.037959659059084716
3807,0.012648223445241025,0.0029965911845322157,-0.02960591477273733,-0.046308872032344794
3808,0.004254056618043234,0.0007889087406738049,-0.015397419330012374,-0.024805759896330715
3809,0.005781426864879258,0.0013319361832546395,-0.023458807640148294,-0.02571107494381164
3810,2.7432783548664297e-05,-0.0010739650293545289,0.0016105249457805115,-0.01080253635588635
3811,0.00394152451306129,0.00017208327059300976,-0.0004317350667536468,-0.02149162308754682
3812,0.014985486110124069,0.003960832403782005,-0.026165413423712203,-0.03793789771718514
3813,0.0089974622664446,0.0024668797015315602,-0.032159865434108315,-0.03445427028310277
3814,0.005041745470712622,-3.8982782382540604e-05,-0.008271461400847224,-0.020018627229623
3815,0.0031467088101532203,0.0002683561025138004,-0.012790141512701969,-0.023845009722704757
3816,0.005335609781645045,0.0007521857297793089,-0.0013291711225459912,-0.021793765110227015
3817,0.015683903592435433,0.005086944209595601,-0.03899974806123191,-0.0383307617578148
3818,0.0026120163715863676,0.0005629513016535137,-0.004945698065037252,-0.020637543182632112
3819,0.006848773133368569,0.0015596563724480372,-0.01779868317552924,-0.03560693287406591
3820,0.0036361707809683397,0.0006851432131449731,-0.006434060824937138,-0.01963363012698882
3821,0.005801178107863514,0.0011663111600131726,-0.01091205470938722,-0.027493526346987762
3822,0.01228685976077637,0.0046759019466006135,-0.04766138915181328,-0.040121274824975295
3823,0.009066611901976995,0.0028730119978163104,-0.029792905940548176,-0.04203349849943849
3824,0.007055047808608272,0.0010506344918489452,-0.010127024730423762,-0.030450085369689628
3825,0.011608942766280606,0.0030792076655406786,-0.02763734189628897,-0.04585378118394212
3826,0.005711886763372531,0.0019114695146360827,-0.027511086365002657,-0.031026841808873273
3827,0.01438313893499693,0.004575778122883373,-0.04065493031379824,-0.052019078012086495
3828,0.008543130230919904,0.0022727440886166073,-0.03219265506951946,-0.036993091853489646
3829,0.01519989433619573,0.003895378424204038,-0.026759521660761953,-0.0439630028641248
3830,0.008120068811077352,0.0015078587807294541,-0.016970523504055257,-0.03403917459953665
3831,0.01408949388345948,0.003472837064440154,-0.030441138985898508,-0.04587470844249897
3832,0.019435972543079716,0.004846946936718749,-0.02623074950300902,-0.06515742536436298
3833,0.015543259833006473,0.0049465600370430796,-0.041786394575028085,-0.054572407890480124
3834,0.006175770493757393,0.0015322873411765803,-0.008671100030439305,-0.029541985657524972
3835,0.005085406102042167,0.0004621333205096778,-0.006852857476371321,-0.029849384176212523
3836,0.006458790915347623,0.0009320843224394637,-0.011925029516001051,-0.02365860717120072
3837,0.008651709701621213,0.0027726352458709025,-0.02613370373358026,-0.03162099377371996
3838,0.0031363525744388943,0.00025047418833779034,-0.009719928061366179,-0.012587628721147492
3839,0.01779851708626351,0.004289095418838651,-0.027088611570809662,-0.06341445190093908
3840,0.005774181563457437,0.0011885653145251307,-0.006878781626942387,-0.023133507545906262
3841,0.004285468839653139,0.00017758697840650206,0.006030388142502285,-0.027234647554001956
3842,0.009192703951889758,0.0019218547212053183,-0.011752403510339238,-0.03320749142067869
3843,-0.0018803631450342584,-0.001579827050806587,-0.00879060495628814,-0.009883802661332597
3844,0.009882782785789801,0.002771124861798424,-0.02189648152817164,-0.03696278746397208
3845,0.007844417782653879,0.0019753296817192345,-0.021352229843633108,-0.03584124482469642
3846,0.007982355422771037,0.0009698608141766318,-0.010456999818988122,-0.033186804419801263
3847,0.01513347104530599,0.004413162307432689,-0.03162326587041531,-0.043539120349719074
3848,0.01013021978538664,0.002788281492131839,-0.024215881426068064,-0.0313409303967761
3849,0.012783401560658658,0.004235801586096627,-0.039053283798643035,-0.041515733054744874
3850,0.011196896990189442,0.003208277382697383,-0.02760779466231389,-0.04342427252683356
3851,0.00019780244546430126,-0.0004509971672893298,-0.007847356716642773,-0.012187394674755714
3852,0.0041715102934354875,0.000455236648303714,-0.0018365295171688945,-0.01970900020785704
3853,0.011371622388152647,0.0031099446030420086,-0.03316246298902498,-0.04093441159611644
3854,0.006614467372785371,0.0017671088944979652,-0.020637083550894608,-0.03029906276110106
3855,0.013548033261505332,0.003785214618488908,-0.03793523518160469,-0.045062927456164914
3856,0.01711614392583838,0.005291853759048781,-0.03657386360640119,-0.04605823621617933
3857,0.00894233477040185,0.0026354134213435187,-0.023833499294781957,-0.03571442067513897
3858,0.0033173307036753474,-1.9603898359810135e-05,0.0028348942614269124,-0.017990722834619777
3859,0.008818579887592826,0.0027875470236265187,-0.03352110335859604,-0.03849301785809711
3860,0.010585931014325645,0.0028641293353229014,-0.02321386838277245,-0.039475001668780485
3861,0.01617746858282676,0.004580668084265466,-0.04760916498829937,-0.05199922688507175
3862,0.00800461756778087,0.00193457251385587,-0.017581265173548022,-0.0313317437321422
3863,0.0038870638673812463,0.0012031017259768462,-0.026405336154919468,-0.018359281085528756
3864,0.008785198642249914,0.0016156763516602113,-0.023209497079558605,-0.030377503954047036
3865,0.014812239020841611,0.0043152863085346715,-0.04224032333857758,-0.04514826577690789
3866,0.011449631419032436,0.002530144224573566,-0.02003311647007544,-0.036882363444880495
3867,0.0119384812435957,0.003603562508549457,-0.035810449623088214,-0.04262517781850328
3868,0.0049696877378142545,0.000587786196494855,-0.0060640609011491375,-0.02935869234758648
3869,0.0025431033935783276,-0.0006464550184681617,-0.0029596504696757786,-0.01869460050985272
3870,0.007033889425346995,0.0021017424068795476,-0.021074295861620074,-0.038509177807248274
3871,0.0032599494955821706,0.0013615763048915042,-0.011230275653332678,-0.02324452830320889
3872,0.0026094733586004004,0.0012714494622558248,-0.01566242312588384,-0.023166312258528388
3873,0.007988722192336595,0.002118726242858554,-0.013635805960722669,-0.035205550499019744
3874,0.013316001210366246,0.0033502378523224963,-0.0187736130628694,-0.04742779040553102
3875,0.006179324640504802,0.000497593771606436,-0.005330823242680582,-0.025947858628727838
3876,0.01484451643196727,0.005469418158991296,-0.04376552369583553,-0.04521159673186703
3877,0.004014611592202844,0.000720982478159049,-0.009253185877879933,-0.021328750516233064
3878,0.01063784433130821,0.0020382856566594776,-0.028346464695662377,-0.035795647115139384
3879,0.00660606147229903,0.0017785252325734635,-0.018540614258380217,-0.020704056778682367
3880,0.0045660118149655204,0.0010653274306642868,-0.021211475782039413,-0.02661206187506504
3881,0.0012233328603419302,-4.978099332481056e-05,-0.012202706907795513,-0.010537721127796162
3882,0.007673396439796254,0.0011080256579306114,-0.016687405274507627,-0.04236495422059816
3883,0.011734604821126426,0.0032952052260817044,-0.020706584669820616,-0.03943064220996295
3884,0.01299094063753925,0.004375133370516038,-0.037107613652393345,-0.035124961701755164
3885,0.01212228352290362,0.0025506353359831535,-0.026534144216640465,-0.0444253557112021
3886,0.005092715886971577,0.0015372766052677012,-0.018051066023152373,-0.020042754275427566
3887,0.006581256667209379,0.0017782112650464033,-0.022972245660333956,-0.03298644376317306
3888,0.011590515439087845,0.0031819873499338847,-0.04295243186119446,-0.02904637683457678
3889,0.009637346448938267,0.002128840049772235,-0.013853160920125285,-0.03550515083695849
3890,0.010141601414957457,0.002393572639158098,-0.02846148483331784,-0.038087186383472416
3891,0.010656060297903003,0.0027385776784440985,-0.021657512578330373,-0.04306811083479689
3892,0.004355295983450691,-0.00010685355687761744,0.0007665591730789401,-0.02317866304924543
3893,0.01842362444321821,0.005339343373785305,-0.04175206890604599,-0.05989184076642029
3894,-0.0006166157800762129,0.0003651430551360746,-0.014732973158270657,-0.010110683714721347
3895,0.011267260923635614,0.0031951754884985695,-0.033767724667628674,-0.028219959799120065
3896,0.009723046609607544,0.002267835304700039,-0.027733887752295017,-0.03420041682219732
3897,0.01180638571915521,0.0026712136546191145,-0.02650046999085609,-0.04137359752083836
3898,0.010960600041570845,0.003206546480133271,-0.033357405269243634,-0.04491817809418874
3899,0.008611658400990041,0.0014368652797366877,-0.007943473790568312,-0.0248807360290777
3900,0.0023134311728085777,0.0006916489053523378,-0.018837681140822127,-0.022468322606596924
3901,0.014063036804826401,0.003486768687334829,-0.01788246644706154,-0.04805930788989876
3902,0.011775623895340481,0.0036684749234345004,-0.02641530896290395,-0.037135680134895765
3903,0.0070904256908768115,0.0013559586708430105,-0.017097257781249875,-0.03238196370781321
3904,0.01237080888757297,0.003682985031547653,-0.04144191911720513,-0.04990088289188743
3905,0.010236005708265161,0.003073582460945662,-0.025491592762874438,-0.03467057722403477
3906,0.007473009221934279,0.002155511722897685,-0.022340598416011215,-0.02973514181567871
3907,0.01429743273663564,0.004007377539611334,-0.02851019226429352,-0.045506119896363884
3908,0.006518555927966019,0.0015242435205872207,-0.016123040995259352,-0.03035815354413296
3909,0.011497604690976937,0.002932470483701044,-0.02911122099189367,-0.04566197123309956
3910,0.003587414907506581,0.0004990026323963281,-0.010655109686596609,-0.02356211040421563
3911,0.009387562679554984,0.002605976808762206,-0.027939866817818626,-0.03442608239396372
3912,0.004020766504091111,0.00011079710959244204,0.0010451739798379434,-0.027619049228190584
3913,0.005747393644567389,0.0018354163414056879,-0.027716217461792036,-0.030159442909443834
3914,0.010356925181664756,0.00244599891534808,-0.033803512413654146,-0.04225690173568397
3915,0.013497926252525771,0.003326141649222236,-0.02239453077621295,-0.044122760614165646
3916,0.003930712377890222,0.0003254038964938255,-0.01956421708053563,-0.02517273746047377
3917,0.007548997954551273,0.0017784045343519073,-0.021077093359072874,-0.03193882141250559
3918,0.002873878266235641,-0.0005934619779868477,-0.001624134345852568,-0.023893748533391324
3919,0.008681158339239825,0.0024874402141829566,-0.030335314254597567,-0.038320989996232346
3920,0.008685491741791285,0.0015221663475051828,-0.02295696743063519,-0.03188995215310997
3921,0.012746273610438341,0.003172599320513364,-0.026462481490125533,-0.037132099632099735
3922,0.005021830155206575,0.0008743099042320679,-0.015747518373857572,-0.029643484382774865
3923,0.017718815528742105,0.005729469133340104,-0.04988522158498393,-0.05113917096229437
3924,0.008101263529028402,0.0014477199572887067,-0.020165082462615613,-0.03437435533700817
3925,0.018647901672664613,0.004900502167963838,-0.03649533420583034,-0.05739871835375154
3926,0.00788123928338147,0.0017309082361022243,-0.004121188207879711,-0.025494739864241445
3927,0.013136625872910035,0.003876928899260057,-0.0327895476531615,-0.04749244387358709
3928,0.00148606713508187,-0.0006263210313112999,-0.013155137332854894,-0.026902616254677936
3929,0.0012172241717655075,-5.8666399169182704e-05,-0.01619683882512818,-0.016339624910010397
3930,0.009609904705153993,0.002687700762162959,-0.017527946834343278,-0.03294089722666271
3931,0.002124983078896192,1.9966776424629185e-05,-0.008302737202021793,-0.020641849739680307
3932,0.004520880559236551,0.0016088160926719108,-0.024259339106469047,-0.025627108939442977
3933,0.010346770798460692,0.002894206894336948,-0.02174043969540501,-0.029497292418772525
3934,0.00368278493957086,0.001191752432130988,-0.019269280563352253,-0.020780235075781084
3935,0.0066580316194401745,0.0017746489142803912,-0.035563167391343964,-0.02957811935211796
3936,0.0008053403763229605,-0.0003533872273738803,-0.011211936331803896,-0.01410837908808793
3937,0.01446865633572103,0.004406299780565254,-0.033920832901788156,-0.043775222721388896
3938,0.017784500020069927,0.004875781016079467,-0.025038519723131147,-0.051642683996080296
3939,0.0027519377930008693,-0.0005416302904134862,-0.004278426873341512,-0.014866183857159987
3940,0.012749011397430454,0.004025019859683537,-0.023236196451280944,-0.0367249882104691
3941,0.0092430958812173,0.002202249283522556,-0.029269627259762843,-0.031920332432792686
3942,0.00954629804171725,0.0023943051806221416,-0.022974537212622104,-0.036593096775269784
3943,0.009210631128138747,0.0024139304137139606,-0.03790240997543881,-0.039335439297551456
3944,0.00506913187524638,0.0003197229543083213,-0.0031356478986118708,-0.025106380496811687
3945,0.0048413854810149815,0.0010534522762928877,0.0015760405705688707,-0.020903514144623547
3946,9.705956998451448e-06,-0.0007483027965166644,0.00838634644981473,-0.01689497336344703
3947,0.0018964531001584017,-0.0007494595731366849,0.0016777176393973914,-0.021565927252198525
3948,0.009401049475777468,0.0026708101998838274,-0.024840981462571132,-0.03821353558830132
3949,0.00985629999624521,0.0026469031958133438,-0.02007431081412192,-0.036150477430058725
3950,0.007235152659992972,0.0008342366366717036,-0.008380607945797924,-0.02491230040782466
3951,0.0066717442416758255,0.0013213020502048367,-0.018010349643922452,-0.0274538660202861
3952,0.014032570154333457,0.0038249874807592676,-0.024062506468029432,-0.04877126654064279
3953,0.012965945307989446,0.0029721188645032426,-0.024887332170304588,-0.04357154168080535
3954,0.013564833154133926,0.0039899913938903075,-0.039308564603087404,-0.0466538740671788
3955,0.0011710502676693935,4.194095834153533e-05,-0.005537984266571316,-0.02401752212707131
3956,0.005603502300230101,0.0008151922510508669,-0.02223861548199013,-0.028453519385896353
3957,0.01696182863234974,0.0049326862636046576,-0.04646453238584647,-0.054256797905319565
3958,0.011211365574570142,0.002147451588287025,-0.020260700351920513,-0.04641725595688584
3959,0.00916392002147104,0.0015779918937836035,-0.00806403066640593,-0.034924555897098974
3960,0.013264282124819393,0.003967585049383993,-0.033214673016306206,-0.043063689019024354
3961,0.005020402116472311,0.00046161544488435013,-0.00612621189303969,-0.026155647841249352
3962,0.006645889431885654,0.001933565082069988,-0.03452264524090509,-0.029108151999800547
3963,0.01109100320731704,0.0022278252215286454,-0.012138148522547743,-0.039603183297986844
3964,0.007380195185718197,0.0014185608151086881,-0.02895986752905122,-0.033439248153949386
3965,0.00730168639639861,0.0028681731394214205,-0.02638492289620359,-0.03523572208512149
3966,0.0023277833534979253,-0.00034968763952067383,0.004843988450445702,-0.02007579314073693
3967,0.012631338658268432,0.0044732571430237955,-0.044662267286992074,-0.043645843214673685
3968,0.0090894760633905,0.0025399606040590883,-0.03529044376574225,-0.04292595353161344
3969,0.008005241336515367,0.0007939799095734723,-0.005480408370819423,-0.03152073411430378
3970,0.009787784733069682,0.002766417591359094,-0.0210737684943213,-0.04147352901780221
3971,0.014188545448308387,0.0032607606823835678,-0.03182696263133589,-0.04785871659479135
3972,0.004442374966988072,0.0006126872043716314,-0.006781520400693908,-0.024827802971695623
3973,0.0025209511061397016,-5.3269070909300886e-05,0.0051233153428189016,-0.02213581624058103
3974,0.00645511225590123,0.0022899466835393234,-0.02636644900027596,-0.035795930247769614
3975,-0.0003441356001268048,-0.0013610671092549875,0.005382066544216801,-0.0131423272261747
3976,0.011511064946815253,0.002886024476696919,-0.02280073815868916,-0.04604131423228197
3977,0.009562821435460056,0.0030787993995514407,-0.01941986976985549,-0.03296184120609813
3978,0.01002558792957875,0.002687352083508343,-0.021962451310812425,-0.0363939547450185
3979,0.0057398504719604615,0.0009445252433347151,-0.010415825685187508,-0.0299511759669161
3980,0.0052452866106816876,0.0007987592003245447,-0.013395849112411873,-0.035677423822150556
3981,0.005566015688707737,0.0014128163115078307,-0.014415897159039404,-0.02565394533921883
3982,0.014005182452246911,0.004050024048005807,-0.0381676302315625,-0.044182467104854406
3983,0.012059442404435294,0.003086926582538757,-0.019159318269853898,-0.04171477200793172
3984,0.01356189395349977,0.0046558433086149875,-0.04623556805461665,-0.048144055907207606
3985,0.007630823254727914,0.0017476128888262443,-0.027606065270925295,-0.03128460293014246
3986,0.014962658211677193,0.0040665866298379705,-0.02755108702100062,-0.04714109053113258
3987,0.006440044400100153,0.0018060178219553302,-0.02481463062682504,-0.029904306220095767
3988,0.012651530872758776,0.002570516968313702,-0.022139681416927903,-0.04583278356863263
3989,0.0036858328145301655,0.00011630763775768993,0.006620212120740765,-0.017957534244396722
3990,0.009130473781743198,0.0024547962789870925,-0.006494177127282896,-0.04011327927997821
3991,0.0045615107209786565,0.0007765636434107492,-0.014537279176029538,-0.024925699984357785
3992,0.010051460183364003,0.0024825503294022278,-0.0233345251561628,-0.04162562104703871
3993,0.00734485591641304,0.001539263710444605,-0.013714317855049674,-0.028906889638392275
3994,0.0009542909545487976,-0.00012043795113561573,-0.013474961430318011,-0.014003463476070621
3995,0.015350837258833794,0.00400595926929273,-0.01827134910849748,-0.04144866986342555
3996,0.0013997646594224866,-0.0002463482750705015,0.004371583969907,-0.012583315022339447
3997,0.007599946397660373,0.001629818155054641,-0.021472434715216704,-0.03514859078843835
3998,0.01085345625585099,0.0028458168525410388,-0.019006029666589208,-0.038581395738280455
3999,0.008546083749478184,0.0019656459828341355,-0.025066743726635754,-0.028938553494875507
4000,0.004034209008417666,0.0005064652722487906,-0.012630976400083038,-0.03015853810560909
4001,0.007903077885127563,0.0011858442546240078,-0.01033799026690907,-0.03488231064445435
4002,0.008024725116506648,0.002491321981389294,-0.03248667969911534,-0.030093709204618624
4003,0.008823891391768923,0.0017244009803011606,-0.021312737501101908,-0.03362197603239403
4004,0.007798658111265677,0.0010890689163538247,-0.02201198397516524,-0.029357108570599588
4005,0.001212265507954946,4.512641644666138e-06,-0.00020306011810539148,-0.014985869115962558
4006,0.0014541641146014195,-0.0001390217964772622,-0.0007634488309483656,-0.01699339568802105
4007,0.013204934633649634,0.0037344829774850208,-0.027589589505075063,-0.04400218997219929
4008,0.01363965744114115,0.0034444037580174947,-0.019917424477335355,-0.044778300279879946
4009,0.019223995538769467,0.006445843177969424,-0.05372329894030581,-0.049997564641614756
4010,0.01560423868459182,0.004707489808082277,-0.03807776388373929,-0.04750643224699824
4011,0.0041763257895091055,0.0008613820632718816,-0.02009998617083797,-0.02206213924963929
4012,0.00853282158483093,0.0013770435414891258,-0.0058280141033588695,-0.03509987445166318
4013,0.014751201422294358,0.004288551424259657,-0.04739710948657905,-0.04338222809627568
4014,-0.0016077282555314598,-0.0006435550342437923,-0.013579806490702062,-0.013806227110270686
4015,0.011209870473861794,0.0037978335106266803,-0.030394344679087415,-0.041990622588877535
4016,0.015960974848019727,0.005235970282726016,-0.03662555324892036,-0.052754812559698494
4017,0.011680431876706088,0.003090623158616884,-0.017210008777190255,-0.0394322194318939
4018,-0.0035349805727787897,-0.0011206263409790362,-0.00926356314974458,-0.0032566287124771165
4019,0.010574919380233916,0.0029587636831664432,-0.020361898863378747,-0.03791886795975141
4020,0.00923248256917697,0.0032742579945139183,-0.034610180300708504,-0.035222637699417914
4021,0.015368506187080744,0.004320294956227544,-0.02604519991028409,-0.0472304388559639
4022,0.007336560358250144,0.0016903632043573369,-0.019754695574382475,-0.02976373352405237
4023,0.013025955230298314,0.003613361410417043,-0.03427677141516666,-0.042675558076025855
4024,0.007620534017463654,0.0014601641433401036,-0.01655069098811185,-0.02922804225667963
4025,0.006143058647918087,0.0008314608251654976,-0.002183646801949213,-0.025388894002550844
4026,0.01135035380326438,0.002869754174252531,-0.015280888535534387,-0.037008736383625784
4027,0.0065072150829206254,0.0009647260998524032,-0.009689329682438352,-0.024857373005920946
4028,0.008400495555162757,0.0012398980960471595,-0.01143109307592921,-0.03624952975903373
4029,0.01274187920846337,0.003820478982874659,-0.03961246820838982,-0.04312254708436869
4030,0.007561733140869831,0.000986322702457243,-0.015961007651518977,-0.03311470614706147
4031,0.005945282779781902,0.0015319570705220609,-0.021852943563522964,-0.031716100258405766
4032,0.013488454149079065,0.0033286414350261195,-0.02157346429285406,-0.035539474122334824
4033,0.013733731742548994,0.004020803822330166,-0.039409694176319454,-0.04048348099565513
4034,0.014178044218405406,0.0043140128480212425,-0.0419710866678199,-0.0551818262352447
4035,0.009713029444760268,0.0020627134231465116,-0.020850645844145643,-0.035071384233395286
4036,0.007009738663252607,0.0021104265188792992,-0.027144756031635076,-0.024190494372738902
4037,0.006054171613670056,0.0009126527428703901,-0.012349068447751632,-0.022739087102417788
4038,0.007071184906087602,0.0017106631802066008,-0.029705467740221647,-0.0340749009120862
4039,0.0012587248997887879,-0.00015237738790632727,-0.018534517048624632,-0.017129623639915548
4040,0.009287196991652591,0.001736421920754988,-0.008946050411061446,-0.03219833084599932
4041,0.009690396429055115,0.0024545643656955496,-0.01828646700301184,-0.0378966038932913
4042,0.006956024876919431,0.0012482857016140048,-0.022208203988114295,-0.030770773894436387
4043,0.004377061618036082,0.00039045672939289067,-0.016884903894029524,-0.030155224810411663
4044,0.008224992897563232,0.002303544584986106,-0.029673229890232355,-0.03354822678391467
4045,0.0024141481300450907,0.00022268122198770834,0.0028442844084383134,-0.017799881988813104
4046,0.004537200341202419,0.0008829157274226618,-0.0056509612482973925,-0.017870030865408726
4047,0.006731800724406933,0.0018432907333167659,-0.027938006339914,-0.0284614567848801
4048,0.011858021438375999,0.002894815215119473,-0.026490867290503595,-0.046372994200066575
4049,0.009722647878057766,0.0023221429724375187,-0.011159476053726358,-0.042016755174649756
4050,0.006915665560739193,0.001576873929957201,-0.02071282346239417,-0.03100112928535903
4051,0.010707026715523593,0.0027645230150709355,-0.027275183534054226,-0.042324871990412904
4052,0.018101596734984793,0.005701042140146856,-0.04037975652212844,-0.05962938624820047
4053,0.011692945736314742,0.002760369191604911,-0.024282583413648196,-0.040818733212941716
4054,0.0061066368224168555,0.001175134478817147,-0.01932575000421244,-0.02561250759413969
4055,0.0034597269710686662,-1.8431798869539273e-05,-0.0014709577275136554,-0.0268119499220143
4056,0.01207871104280106,0.003331044109203485,-0.03449477774265508,-0.046623542005019836
4057,0.008922387799433606,0.002918705241934022,-0.03355776069424038,-0.0387594620023094
4058,0.007035408879485172,0.00160106577403335,-0.02148525739360868,-0.03978139436074091
4059,0.012085812706692178,0.003049620776913148,-0.01962552873843082,-0.03901037037037047
4060,0.00789862226196203,0.001888186009163323,-0.01478672982624557,-0.024331506394286717
4061,0.0016868625364481193,0.0008113089595049583,-0.030186244638871484,-0.02591604483162957
4062,0.00987854540405081,0.003125367333839335,-0.036999201357800715,-0.03830116948356965
4063,0.006146858275710598,0.0017308356716922157,-0.013341012082353443,-0.026403048701505005
4064,0.015039977968317575,0.003973960198615123,-0.02889060802473964,-0.05219301653909414
4065,0.013245399290365167,0.0039821734052013225,-0.03648908081831698,-0.04213552608661064
4066,0.006677631476479484,0.0014487197349964398,-0.013665522220619064,-0.02943984237995989
4067,0.013149544302552718,0.0030466673586233284,-0.014358248147974928,-0.0400092721372276
4068,0.01933286844526627,0.00572355986256734,-0.04936762535204231,-0.05196346406991592
4069,0.014798370397713922,0.004445074321002551,-0.034882064121698364,-0.04548760691514375
4070,0.013158360154292559,0.003165050834851718,-0.03275900060869763,-0.047119470196855695
4071,0.007837682925895595,0.00214219083216588,-0.006941669382868387,-0.032099605294509725
4072,0.01035846340067681,0.002804048478045801,-0.03440108431190464,-0.04095739761984363
4073,0.01866822380406241,0.005345950434428676,-0.048069315621430186,-0.05659984524184225
4074,0.005228783400815673,0.0023288015877264145,-0.03472237048345217,-0.03397212543554018
4075,0.018578550964938323,0.004832863415315691,-0.03188946299436807,-0.055907749672336804
4076,0.0007090746145821392,-0.0007100340672994421,-0.0015531339376363973,-0.006546731996487032
4077,0.0022559923673269866,-5.00068737825099e-05,-0.010665406400395372,-0.014944495336509656
4078,0.015229387835400232,0.0041112791658106385,-0.03282938122285728,-0.05530142444000086
4079,0.010432082366183315,0.0027970971721022753,-0.0332490203728556,-0.03502889593282421
4080,0.01240300614054235,0.003093481872046555,-0.02907086933043418,-0.04175834266598
4081,0.013084677051035554,0.0037982314864104805,-0.03727044577866595,-0.04690572585309427
4082,0.016308936215342074,0.004017690522788581,-0.03716895252421465,-0.05420090113967668
4083,0.003503674622379993,-1.1567295842618286e-05,-0.010316763727587108,-0.020109189716715048
4084,0.00430252839698797,0.0009099884248081891,-0.021959099229549972,-0.01860067698577017
4085,0.0132637111397087,0.0027706804896390214,-0.0064369525310424835,-0.032220862361137304
4086,0.0030820937245360502,0.0005508055560024538,-0.012351837152654976,-0.026475264191527126
4087,0.00041705104333145115,-0.0011104356879418908,0.0012652334979054713,-0.015257669791574058
4088,0.007109751885689075,0.001860942518841141,-0.017680250926183416,-0.032701530466018314
4089,0.00959769792996712,0.002460130637461505,-0.01617338221591419,-0.03743767754289806
4090,0.0032278110753969913,-0.00012866295171801156,0.005180071155311827,-0.026162606770009478
4091,0.00900291998352909,0.00257116354726053,-0.01793201519359272,-0.03195282457498605
4092,0.006321061507366443,0.0020971506019576702,-0.03704968589652585,-0.03360721715050419
4093,0.006705252612425161,0.001784300548260398,-0.018949408632245812,-0.02555175661821718
4094,0.008009894731302702,0.0018191662030343503,-0.02719067822888821,-0.03082853179684164
4095,0.003325041282219221,0.0008323318567225457,-0.01822835059669753,-0.01860908526765892
4096,0.010809604019703323,0.0018745667114561104,-0.021865622917330185,-0.03711469089663888
4097,0.008741050563535413,0.001766971136576534,-0.023440965451758,-0.039312093139709625
4098,0.00946065207232627,0.0022980455294254742,-0.014510807942865245,-0.03633020248945851
4099,0.0023200654701571732,-0.0011419696363516585,0.0034359946455832513,-0.01986436458282803
4100,0.00077173420140908,-0.00010589016092824033,-0.005332270541266337,-0.010481530628370983
4101,0.015140437714060595,0.0046406520146562436,-0.046671451388486496,-0.053798816793167004
4102,0.009309253507541082,0.002106754927360621,-0.02615706164475251,-0.03609142195862869
4103,0.0050590010860782075,0.00078233585845916,-0.012202674699770488,-0.030509881338610545
4104,0.014281374551849968,0.004390247331932828,-0.047580932686962396,-0.04575037923372749
4105,0.0004773630073121593,-0.0009639482700113111,-0.0032718038229940793,-0.01531598924534594
4106,0.0027446642422415124,0.0006295796557121702,-0.026296532780436643,-0.01530356105876396
4107,0.02049386352427507,0.005456267851644603,-0.03976459306726077,-0.05389915641702625
4108,0.016635582236811053,0.004795065755800604,-0.030050528370695995,-0.04491249806411657
4109,0.002623417000195083,-0.00020568564887890606,0.0031864960026374844,-0.0170904004022443
4110,0.013084411288315834,0.004188576756634227,-0.02727789866436564,-0.03578864891702349
4111,0.012089283235105719,0.0023728547601619687,-0.014234772167388554,-0.043482530494107996
4112,0.008404988219298137,0.0017280059744638199,-0.03709443495834858,-0.036609218303778945
4113,0.00587918434281598,0.0012016295883204298,-0.025812498489221736,-0.03678890535964441
4114,0.011052136389867406,0.0029990806424211314,-0.02496136545099248,-0.03778345139700534
4115,0.011413407575820766,0.0031475976126790206,-0.024210661718437998,-0.037706363723885694
4116,0.017067431670793165,0.004300083848558733,-0.024300916386805593,-0.04878353099079469
4117,0.009340569520937314,0.002433654583153727,-0.016752986356681432,-0.03659260932483854
4118,0.007875861652410054,0.0011851899937410926,-0.0044379421048694745,-0.030575743069759187
4119,0.0026136061691351964,0.0005693726919579478,-0.014867173331141903,-0.017713468849265945
4120,-0.00018407613284887603,-0.0008360077385260734,0.0024838886660489834,-0.011968991235029924
4121,0.01123075074547003,0.0032075882354133667,-0.0276328283288651,-0.03969349333751915
4122,0.009786312436126654,0.0022264931445515335,-0.020139319633584007,-0.03477967384696079
4123,0.013041341816011243,0.004835284121532973,-0.05382595266157386,-0.0456906474941392
4124,0.011615292586459491,0.003062412153358701,-0.038553434467866465,-0.04300635754386084
4125,-0.007049017322216855,-0.0037683262580642807,0.017084097377662144,0.00042820009639887857
4126,0.002167628238042174,-0.0003858882654806106,-0.009497630294330595,-0.020813044973468364
4127,0.010402156706009413,0.002717469379075327,-0.00895167043782702,-0.032817858036410796
4128,0.011407654528130085,0.00281076877396344,-0.013677146704298093,-0.03757297601463028
4129,0.010356799275990092,0.0034744585466376654,-0.03960421072909737,-0.034623774295021614
4130,0.0076622555525528435,0.0005220612212675779,-0.0120108221131634,-0.03891175038429584
4131,0.011538993816735288,0.0035554191497457754,-0.032082888225251294,-0.03709602120418065
4132,0.017501574441967982,0.005521812140243054,-0.04178441785463105,-0.05451328222499563
4133,0.011415085522718582,0.0036227812685117877,-0.03219939650224374,-0.03597399460649586
4134,0.014892607815809922,0.003518456122643593,-0.0216909545394548,-0.04863840346131343
4135,0.006576781843936619,0.0014608266910746404,-0.020464523631042453,-0.029115414582209564
4136,0.018064793427493286,0.006103286499900495,-0.04378440927675037,-0.05158115009863451
4137,0.01761674308108846,0.00489571248896345,-0.038920595034592664,-0.054287668577707726
4138,0.009231458935379244,0.0024615836380441347,-0.02102414108618289,-0.03229741392472396
4139,0.00412871874480647,0.00013131624487036642,-0.02229380145476212,-0.016674274174585446
4140,0.0018615625300225647,-6.210568802669791e-05,-0.001388289037006163,-0.017828379982880338
4141,0.0037928696877221335,-4.0749740529838485e-05,-0.010145116708844437,-0.02774056632002464
4142,0.009537698749779056,0.0028022567504357443,-0.029440935912408928,-0.03046113877462653
4143,0.009658813008378231,0.0028110213260608974,-0.02134651650699948,-0.0363275174275699
4144,0.01673278913067827,0.004893633152494609,-0.05466691818745345,-0.056246745218824445
4145,0.003421602416963987,0.001146736100888529,-0.013279749170714006,-0.028952140648151548
4146,0.005007946763283089,0.00010364444474952883,-0.01171495464078881,-0.030102544458031955
4147,0.0024070452558646593,-0.00019604733796918516,-0.011503279019139834,-0.01822036552071271
4148,0.006955045308094432,0.001974598951624995,-0.0208492665800592,-0.032138035278662325
4149,0.010069861331050978,0.0027527490231024077,-0.018112953949944777,-0.03968795122733837
4150,0.007427300212346166,0.002337121386897817,-0.03255938080865639,-0.030091274479442376
4151,0.010482825647994742,0.002677444879187557,-0.034937978096218236,-0.03579680009241615
4152,0.007466122978759704,0.0013336682833485491,-0.010974107509964304,-0.04016249978550712
4153,0.009492386474091397,0.0024416717766537477,-0.025978658146430578,-0.04403824110865695
4154,0.006904271218482361,0.0015495954213980423,-0.014526516705089698,-0.03643921128866445
4155,0.002998219387865708,-0.000339927801526696,-0.01032063777939729,-0.01818526500311024
4156,0.009504587563309297,0.0022645271332484007,-0.023435015288264915,-0.03206880008259172
4157,0.008127527910738341,0.0018682514569745845,-0.028697561386568926,-0.0411325320362701
4158,0.010204605875085315,0.0029851065916205455,-0.030182419994924048,-0.03816426329151912
4159,0.012212469730014996,0.0035602609982539613,-0.034956808862735445,-0.044908472891762696
4160,-0.0005470963416963626,-0.0013095669839739976,-0.0021077455773459985,-0.020854503850742834
4161,0.006377851373512322,0.0023375606839745044,-0.01828051495222327,-0.029199345604537852
4162,0.006073239622362503,0.00094672036529872,-0.0024200692088431897,-0.029659628074859
4163,0.009278677139545333,0.0026061333412774057,-0.027119082046136833,-0.03825599746907349
4164,0.006205237827484056,0.001900586318240638,-0.020795498372954635,-0.024187109463080114
4165,0.011195015276393772,0.0030653586818659984,-0.023866454034974893,-0.03947537387505129
4166,0.014716499851365084,0.004158908580719989,-0.039121444044523945,-0.050190332570974605
4167,0.0047994313683187295,0.0008253759320826226,-0.012653895063544973,-0.02987953742370697
4168,0.009908639841286426,0.002523464520325175,-0.022219835673050636,-0.0341134705147591
4169,0.003026540330037464,0.0005664937136775627,-0.008346745770456687,-0.0229571453627736
4170,0.01265044314563768,0.0031741002368240456,-0.042033183147326514,-0.04600140820637366
4171,0.003699322441626185,0.0008402246198001007,-0.010958202986018906,-0.018221926434608404
4172,0.011363285790022826,0.002830515681966156,-0.024944423762000567,-0.033195069132100574
4173,0.009944612554033117,0.0019875232698822187,-0.016940850606442015,-0.03634445066164438
4174,0.011670753412901858,0.0038600797240172513,-0.03904186857225833,-0.04363832906522358
4175,0.008640171274337027,0.0025917439410595433,-0.031748117290146316,-0.03258474774320297
4176,0.010297188058346174,0.0036828785646323137,-0.03833911810984569,-0.03899110626198499
4177,0.014858611993421644,0.004447315914152011,-0.03480988623345893,-0.04249672961066231
4178,0.010561790370099189,0.00223120693908338,-0.01384142293537971,-0.03111203890551184
4179,0.003443604016711954,0.0004894752706437466,0.0011112905056664402,-0.01596205538921247
4180,0.005815658269582524,0.0009716115657608937,-0.009121536249831141,-0.019969911830236775
4181,0.008647238848940031,0.0017905894238188225,-0.02320877994362658,-0.03710315296440658
4182,0.009585802475636007,0.002741535196196354,-0.028275235680100264,-0.029009337401112112
4183,0.010058387078615116,0.003048906821509434,-0.019170052129421522,-0.034155301738833854
4184,0.007016417283790155,0.0007678709620628776,-0.01183085123473221,-0.040004516554910996
4185,0.014410527404270013,0.004869410836318505,-0.04966364464440515,-0.04197359735973594
4186,0.012007792854154653,0.0025905262826696474,-0.007905498200056482,-0.03692392905248054
4187,0.006382782970201117,0.00040795409488134093,0.010648918967665844,-0.023173290598658358
4188,0.003187789762918669,0.000740965148813888,-0.003143328130295553,-0.02127796072062016
4189,0.012322535327616957,0.003589785439939791,-0.03906856615542775,-0.04246930246193903
4190,0.009051691339158507,0.0020646174429769237,-0.024345307453035536,-0.03116088065674083
4191,0.011414008128536879,0.0029581882310545926,-0.026264706304276186,-0.03891990740150242
4192,0.010268828576041167,0.0036920237865891714,-0.038057068692044616,-0.034677945193409165
4193,0.012127618540269725,0.0037090780161527503,-0.04105182995686674,-0.04462669934093533
4194,0.001856323286890782,0.0005939694495016301,-0.020558561354938498,-0.020017280027791795
4195,0.002749475461472528,0.0001826255259169962,-0.019801766535949006,-0.021779047051712186
4196,0.00655761144337641,0.0006366936122316758,-0.0016501221302280267,-0.024681619049005232
4197,0.014027229154028764,0.0034769241865421074,-0.03352545942428903,-0.04142260102672102
4198,0.007062535564729688,0.0012725723544088352,-0.02297537173297337,-0.024716120301877975
4199,0.009485707184198666,0.0021783621196108383,-0.024947852806056325,-0.035918091374480876
4200,0.005323538379016779,0.0006599854894518975,-0.013842934339201196,-0.026783890729930038
4201,0.012171290975080407,0.0027768819050539573,-0.01975368763699953,-0.04401341939483572
4202,0.008051253198492092,0.002317297878998814,-0.020868551476861508,-0.031542929018684274
4203,0.004524268778417273,0.0012438780028890817,-0.025407138395832196,-0.020560746062580737
4204,0.020641939862714898,0.006425323592821608,-0.040605580845434364,-0.04631392453322869
4205,0.012427638772147032,0.0037669687712812705,-0.0155644558661866,-0.04518547024277608
4206,0.014538909454847704,0.0037275287080177633,-0.035681150249211036,-0.05016857033671618
4207,0.002329304920439701,-0.0002274723903442355,-0.015558806811536374,-0.025513467961690517
4208,0.010688770097810218,0.002832957865190777,-0.010826393650243127,-0.040258403052325975
4209,0.0017089815760493732,-5.988026342382269e-05,-0.014677983858866706,-0.02714422726568355
4210,0.010488052039750229,0.0029378554404634327,-0.02652528246903857,-0.02770662473568586
4211,0.012799933003214914,0.0031037549539062737,-0.031096258051627135,-0.04193101246827413
4212,0.007071873558928854,0.0017905647853768414,-0.019640627543308142,-0.030259475875971553
4213,0.00195429388869528,0.0002658078880158621,-0.014846435434324845,-0.015131113134071672
4214,0.014589343915131336,0.004226005407764161,-0.03398834361534964,-0.04799369545996235
4215,0.00874003039436666,0.0022042484709368093,-0.016798405390052507,-0.032057295483786996
4216,0.0005046517914871762,-0.0002952005881366737,-0.011430264450416006,-0.025817530959752255
4217,0.006866565917673151,0.0009940911828223986,-0.014664724206946977,-0.029601874208580625
4218,0.01361332082063671,0.004286003957260837,-0.03999999088833783,-0.043235971214677926
4219,0.003438886196452162,0.000744399566379006,-0.011135671700368888,-0.02396151540697955
4220,0.011546705675872349,0.00334416008846955,-0.033642895573115006,-0.04876735790326481
4221,0.013155445001480914,0.003976842781212686,-0.028361257437681253,-0.03955001168332384
4222,0.013578421320515788,0.004333542427631731,-0.05055789359183199,-0.04001560476020949
4223,0.004052770420844176,0.0005994009903979303,-0.013860064082035217,-0.023592170752390396
4224,0.008707043902809852,0.002678790466047243,-0.029595186642449034,-0.03532865801127516
4225,0.010084769646326652,0.002960168029414234,-0.020763495923224795,-0.0334856765887368
4226,0.006588284445740777,0.0016506138618414545,-0.017489692770939258,-0.029196614069719407
4227,0.005724296625263525,0.0011556491308839512,-0.01594252908224536,-0.025891687451187972
4228,0.004774132236462947,0.00031443755539437013,-0.010497754920513247,-0.026509716434730213
4229,0.009171111653587416,0.002306559526408264,-0.017049865038684664,-0.033192175207244046
4230,0.00542774335262497,0.0009748507379797877,-0.011684135633758586,-0.029814524656968877
4231,0.0036190171104792945,0.0004462828964383325,-0.00820915447773335,-0.026673936566291356
4232,0.0029022734947551365,-0.00013832841023159181,-0.005556002213011113,-0.02351494136716714
4233,0.008229554490761903,0.0018452597659808778,-0.02598774793491454,-0.030931967591937726
4234,0.010415565785597658,0.00293461828623931,-0.02990371207699577,-0.042878428242472566
4235,0.00869430017156847,0.0016958808205111975,-0.016787850874828814,-0.03365645384604399
4236,0.014278648469546629,0.004273699007738857,-0.041623588701979575,-0.04828023280598903
4237,0.010946757211109603,0.0029688482620185974,-0.03362794609330627,-0.04553291634679524
4238,0.011958093328862995,0.00374652800773298,-0.030313901066336746,-0.03594727072858661
4239,0.005846890530175786,0.0012700926687370662,-0.013111425434172819,-0.026823591683596826
4240,0.0029839904395554395,0.0006822390501006748,-0.016458632588233657,-0.02354692878769027
4241,-0.0030491168899573484,-0.002152319628021676,0.018583661053343692,-5.770249227332602e-05
4242,0.006613653090821958,0.0009309687277777035,-0.013146405974743813,-0.020304765380842693
4243,0.01142042502029711,0.002867225830904402,-0.01927454856989974,-0.045058806588763156
4244,0.010131183913500763,0.0018420756770385904,-0.02623031620750177,-0.04229001880833705
4245,0.0012020159861962365,0.0001233593382047593,-0.013768657613040192,-0.021903782656548687
4246,0.011957967080791665,0.003104957730105884,-0.027458957053794197,-0.04382838599596561
4247,0.003181524699013172,0.0005686620965553169,-0.012570974916157662,-0.026739825352632418
4248,0.010791640671324876,0.0025692723056421896,-0.02426309971048768,-0.042124109284921385
4249,0.017271115435750273,0.004291919674160372,-0.03878097303873179,-0.05746318321961674
4250,0.014978817052742288,0.004361173758335196,-0.04350278990867429,-0.04542847602469724
4251,0.009044924574298563,0.002656578160539297,-0.02181602183050313,-0.032373548600381885
4252,-0.0007296711057743765,-0.0020172638467931825,0.014104665187967602,-0.010894198598573213
4253,0.0060334773136718756,0.0015896842168443004,-0.010891659296149603,-0.029002405347994586
4254,0.008946761030106942,0.0026731243511694813,-0.021460087460708654,-0.030722887128085463
4255,0.005525747833303729,0.001971799696004778,-0.01744506643108007,-0.02234769079593857
4256,0.009046916935921634,0.0023016744847526305,-0.027016852936371905,-0.036057281120476015
4257,0.008578192842657928,0.002870608381534495,-0.02020062262141814,-0.023154903323885923
4258,0.007125756564022756,0.0013821333690400839,-0.011710043577117857,-0.03650174976407683
4259,0.005561638233967048,0.0013583907232334325,-0.01758699486954851,-0.024971590239729502
4260,0.004138459724769672,0.0008769032872981142,0.001531369284459183,-0.018833827347614185
4261,0.0037939621896332376,0.0005784204975814999,-0.013137344326342504,-0.021165162057002473
4262,0.006842912548909341,0.00177945342355601,-0.010872190261999315,-0.027669369491188145
4263,0.011088532227818138,0.003661620403284993,-0.036886614819274854,-0.039176686332594746
4264,0.0029720240170406087,0.00036952491848513125,-0.010263272069083229,-0.024028667812268423
4265,0.007189328174715182,0.0014127873783781608,-0.02519709851079105,-0.03596626150013915
4266,0.005130987569173406,-0.0005861065996892734,0.01653706750303996,-0.02894195570010316
4267,0.010792911877125277,0.002640520242362304,-0.0311157841887309,-0.0435820563185394
4268,0.0013722786205198068,0.0003406752769777588,-0.0002063620378201514,-0.008357036435053478
4269,0.012126819602749361,0.0028581437259656284,-0.014131553114600959,-0.045370214201382986
4270,0.006864928784224622,0.0019568079530017934,-0.027968613859484293,-0.027380637689916165
4271,0.001003646842462791,-0.0008361272704229261,0.005691805619105761,-0.008114214296014999
4272,0.013947297013378435,0.004271171357804138,-0.04374101462246999,-0.04535223039817826
4273,0.003408873892264519,1.90969256839979e-05,-0.0016147870649996787,-0.020883484874039793
4274,0.01286944411492913,0.0027415056228735912,-0.028749952398861023,-0.035779402732995624
4275,0.015322857404302448,0.004236824182371035,-0.044279782884764196,-0.04780296806732309
4276,0.010498103072413167,0.0018977798561756187,-0.024122810773666847,-0.04206911163120397
4277,0.0011598376806331023,0.00010595923460332557,-0.00810121621979254,-0.010844868111778538
4278,0.01078694613985376,0.002720070472708419,-0.018977444553143763,-0.04082222037391292
4279,0.00758380606913267,0.0015989565365786829,-0.024998717124239067,-0.03106709866220725
4280,0.0060859989496291345,0.0016479412519394554,-0.019550824834850544,-0.024279824982928355
4281,0.01161797572797868,0.0038800458021798767,-0.03297494006375862,-0.04983063314170688
4282,0.00559463311123376,0.001110897708301417,-0.017236058181778258,-0.02236381136858201
4283,0.013729471842793939,0.004424861281212528,-0.04192479885272865,-0.0461571415163744
4284,0.0026660214666468507,-2.472233474568042e-05,-0.008988741574708137,-0.024510313971334075
4285,0.009969212722362675,0.0020646380656554053,-0.023994475651581082,-0.041653275244319055
4286,0.022342350147589563,0.006628780497462183,-0.05265054273530445,-0.05825387678342098
4287,0.007814286444931318,0.0028535118076206123,-0.033737676107219894,-0.032817822715082934
4288,0.006618000524323597,0.0014077912525991831,-0.013620247071519154,-0.03296672658187938
4289,0.003137218642234041,0.00016244690477190682,-0.01956592680623359,-0.02117093803540826
4290,0.0038952786711106135,0.0010513215029216705,-0.012658240469515358,-0.017369109853003883
4291,0.00963947046917979,0.0017141742742880495,0.005412819218042375,-0.02607637035985355
4292,0.005432401170903711,0.0008865489429773776,-0.004857903502399563,-0.020737086942572924
4293,0.004335340445825064,0.0009004695853666866,-0.008575457957764099,-0.01699259959061572
4294,0.0031050126980965986,-0.00022371027984036118,-0.009839028019299034,-0.021672792233464744
4295,0.019375476265846348,0.006324095892159681,-0.054409774120285415,-0.053733405549586055
4296,0.008625076875260873,0.0021804684309245648,-0.02410490240048846,-0.033988351089077495
4297,0.00526611272839983,0.0014989681187538573,-0.017470897965036425,-0.031430982276668296
4298,0.007433468594538528,0.001400713183131591,-0.015642027693383576,-0.033340604941897056
4299,0.002626949520985078,0.00020215015010868753,-0.008919914172532128,-0.01726734598556845
4300,0.005213264423100883,0.0008567317111911887,-0.003456882641222514,-0.017162080976746985
4301,0.007379404343892726,0.0021403472506535126,-0.026566362800417354,-0.033866149250053934
4302,0.012820471219429197,0.003002602568612567,-0.0153760564082277,-0.03836562091967355
4303,0.011921498398923924,0.004069810814721853,-0.044846003249914834,-0.03709331792113091
4304,0.0033323694487878974,-3.5216170903434874e-05,-0.006047198830095191,-0.030369991446253963
4305,0.008746179404111709,0.001517174205827948,-0.01876652273681567,-0.026307026307026304
4306,0.00560936474827034,0.0005351155541344077,0.0032448703065797724,-0.028001390803400805
4307,0.005220723534140159,0.0005238407992710081,-0.010449544417393763,-0.027538237006166866
4308,0.009903741596976934,0.0025237163637304716,-0.010967357355441743,-0.03417881944444445
4309,0.00861412200320777,0.0014694219752423576,-0.012805719147090111,-0.02680448570237226
4310,0.009549917182151424,0.0021407498836480132,-0.024449612041894164,-0.042019398219814486
4311,0.003045032085176369,0.0005605622036903013,-0.008630864137827932,-0.022197933928004843
4312,0.007788689934269566,0.0020682811697778913,-0.02309028482589226,-0.04330180865268585
4313,0.00840446366413139,0.0026231713045163363,-0.02688790959389703,-0.036635272929365637
4314,0.0037141586248500835,0.00105825271490681,-0.011598037841348385,-0.019318850455071535
4315,0.014581925223423942,0.0044753473213835215,-0.03858948349901803,-0.04783692351830171
4316,0.01700769668710944,0.004909826605581452,-0.04413134613568298,-0.050047875443683054
4317,0.007129312198533133,0.0015874257235511946,-0.021855058325813304,-0.02749217452259456
4318,0.012446822722733009,0.0019409929404267945,-0.012729799857349344,-0.039470313965974224
4319,0.011951699127289495,0.002423848786702487,-0.017477262644852887,-0.045202767573713
4320,0.009498281831981314,0.0018786888030754012,-0.030757814233404623,-0.04508472296933841
4321,0.017716607131146866,0.005148274653265561,-0.035230182810480126,-0.05653078280248869
4322,0.012876185966889442,0.003386803447942871,-0.00822210196617329,-0.04753072107581724
4323,0.010748480059573629,0.003062364739152723,-0.030208400191659157,-0.04095480594167167
4324,0.006479439654763719,0.001780829643725751,-0.012698382429369381,-0.023794145463772454
4325,0.008048739189775833,0.002012293023422179,-0.018492973156683856,-0.0400653155110009
4326,0.009104438019430672,0.0014581457935718134,-0.005303618278420352,-0.039253215639039496
4327,0.011829293026041632,0.0026250226851162184,-0.03416899451066274,-0.037902729561434256
4328,0.01395611220304449,0.0038333797111033407,-0.02318856137730596,-0.038138838671089914
4329,0.007610869364692685,0.0023720538070351738,-0.0314840868923964,-0.03717874638864471
4330,0.018195306691636493,0.005599182675487924,-0.046214447087276844,-0.05884252359662201
4331,0.007619164684745328,0.0009954058050953007,-0.01253661204134493,-0.027780541892929222
4332,0.009957117085969358,0.0027550342048467125,-0.03046151823150889,-0.03563179694866947
4333,1.103262381507708e-06,-0.00027033893486996807,-0.005598327781429657,-0.016975474179710348
4334,0.010708312381506213,0.003815624408792795,-0.044209811544805355,-0.039355134030747196
4335,0.011128648832659072,0.0033326454052715337,-0.04654877069133312,-0.03148859210993171
4336,0.009985549306976038,0.0026892778894878067,-0.018338928653981623,-0.028010874199621894
4337,0.0005870933260700983,-0.0011527712387054967,-0.0033224799017011475,-0.013608697764208366
4338,0.013474957465973991,0.003539230107600544,-0.021456030063593978,-0.045576030055771044
4339,-6.926647422678123e-05,-5.517081949291125e-05,-0.009898605216278555,-0.013803621039046754
4340,0.013745643929050366,0.0038440449753297246,-0.03378633592736491,-0.03591125898212888
4341,0.005559438707539888,0.0014513630564403635,-0.02909357611651686,-0.025762433610877378
4342,0.010366636613655222,0.0022333179721769347,-0.021419273730058697,-0.03804394241368003
4343,0.0056289599473489105,0.001273931298809261,-0.010380958265662765,-0.026314404202013808
4344,0.010414424841109882,0.0029939832843703107,-0.024096891847212976,-0.04442934359293049
4345,0.002629080023214936,-0.00011175914392261288,0.003330758540270262,-0.02008149435527462
4346,0.010794695199958348,0.002167569448073614,-0.0066684202379287405,-0.032618750723307
4347,0.008279747855509667,0.002216273888143494,-0.029761437431170767,-0.02943730211833684
4348,0.02248763311854396,0.006555985477438131,-0.057479716147186444,-0.061055303210756584
4349,0.006886733884678975,0.0007709581928941056,-0.014951432542583742,-0.031471292384997906
4350,0.007898853179180154,0.0028054271121494834,-0.0295379577392052,-0.038662719577237326
4351,0.00771548941036837,0.0023450860663257467,-0.01589536417166232,-0.029653339349544283
4352,0.008942355258254375,0.0019691498130748886,-0.025085474728814117,-0.032196238820526024
4353,0.007156185664556891,0.001297378697852708,-0.017388773317303485,-0.026036588817672235
4354,0.0025166282674765617,-0.0003178134933282395,0.0030665893077905237,-0.01948188860164357
4355,0.009318580684950173,0.0030860617489690267,-0.023407918617334822,-0.04068163534203717
4356,0.015992871663404684,0.003579625885355653,-0.016458852404037883,-0.05540216877222026
4357,0.01299245865877885,0.003591116979816039,-0.036923525846670635,-0.04395185607075858
4358,0.006896747336088138,0.0010562004202902264,-0.01341903860654492,-0.032623172952185864
4359,0.012503164605656258,0.0038557784982813648,-0.029043320501743686,-0.03936197470584679
4360,0.010103044107687587,0.00248561549901255,-0.021940348716870006,-0.03602114260008982
4361,0.007132671683335312,0.002346571212741899,-0.020689894186588842,-0.039584322824181895
4362,0.01453901952401837,0.0042328209628663405,-0.03544900419856917,-0.046961708556949366
4363,0.001039921564788382,-0.0005218575668608227,-0.003718057891843818,-0.020102213266599445
4364,0.014312983240983401,0.004681440254087926,-0.03411977414812173,-0.058402968321277116
4365,0.009975301493269972,0.0026847735124244376,-0.01814808584703642,-0.03185961158266615
4366,0.007956473156161548,0.0023152370744967676,-0.030579580781036397,-0.03581654193053141
4367,0.0005628081046445965,-0.0004942245404667978,0.009033759190726631,-0.012175740490534714
4368,-0.002372262281744253,-0.0013329285622011022,0.00043245441947176166,-0.015362336172900948
4369,0.01391389758299505,0.003696600537043543,-0.03184640509981029,-0.05035675381263627
4370,0.00587075397102832,0.00132793533774328,-0.021190659405354584,-0.023777944454679845
4371,0.011669105909297928,0.0026147222842551887,-0.027876795998501458,-0.04397593200030392
4372,0.005477200135763971,0.0003634446341950204,-0.008296171277329567,-0.027615522918181146
4373,0.0039041488602428176,0.000798763573278044,-0.013552462820325906,-0.024058456909520687
4374,0.008870132436140654,0.0020932332939199993,-0.013610165391593099,-0.03224625436521367
4375,0.006179265890841834,0.0012144579698132874,-0.024010423278185866,-0.027255192734533362
4376,0.013782298047431585,0.004236946085607707,-0.034347555005032226,-0.038194856984441805
4377,0.009316820318024832,0.0021735664918524633,-0.020268195020814117,-0.0347141846707818
4378,0.006848740366853456,0.0009893597896904471,-0.017050167631527613,-0.03175246400571807
4379,0.010152908186210119,0.0018990982902469256,-0.004507654007751438,-0.03918475099868701
4380,0.006328829852830453,0.0014014304491539176,-0.023774101864401875,-0.03509099700191398
4381,0.007226217691219894,0.0022193984246795806,-0.028664508915981712,-0.03269161330799786
4382,0.006126009048983694,0.0008479978155281065,-0.016320608404000347,-0.03323321217695041
4383,0.0019792992883238547,-0.0009286697322321846,0.025232939080933214,-0.011973015669698106
4384,0.022912717506697655,0.0062470548601342435,-0.052101492908761815,-0.06730400317082841
4385,0.010128914105747289,0.002042447361226607,-0.021973226028111692,-0.03864413574678782
4386,0.004714401926839529,0.0005545265871185479,-0.010257518507579333,-0.021060437333769277
4387,0.010562465057689985,0.00224209012324586,-0.02319408922496824,-0.04252808182402945
4388,0.010078188278024314,0.0028330728532729443,-0.033351865827179084,-0.03920055243345155
4389,0.005892385894690266,0.0014308699321586849,-0.009569204518819652,-0.02785272153147178
4390,0.005398561354858777,0.0008998514217329612,-0.023097693624068882,-0.025105840831216586
4391,0.005332194581419425,-0.0002734621708488094,-0.0031726997763447673,-0.029895070614911923
4392,0.006421386094674464,0.001253577661042199,-0.004712310065704384,-0.020211064655509037
4393,0.003749032653449891,0.00018373007599192803,0.0005508713726657954,-0.01874391868359926
4394,0.003857551193420128,-0.0004312787270746299,0.009187839871137471,-0.016985903110542377
4395,0.0011611987917614641,-0.0006367405987877939,-0.000908430442207564,-0.027785503821963653
4396,0.014511939083797776,0.004052238941666453,-0.03249867012451069,-0.05065905578964247
4397,0.01219057469561613,0.0028726991212301434,-0.028689871001492784,-0.046986457066017895
4398,0.011927054687439154,0.003640451884492968,-0.03475911926680697,-0.035100662519040426
4399,0.012381823148198134,0.0035114160521761417,-0.0371342759690369,-0.04417183130526803
4400,0.00483512555188137,0.0010070892796245623,-0.015864960826279917,-0.027382275648339838
4401,0.00725869269385121,0.0023401071390743156,-0.02232986844317686,-0.028965170332338808
4402,0.008409058403273773,0.00255847440992929,-0.03433635622688014,-0.030710274755886502
4403,0.010756144510614796,0.004144596317950777,-0.03718344314430683,-0.04016732411461277
4404,0.01238314953939379,0.00414674763818651,-0.036784183167626716,-0.03732190229955712
4405,0.006630305990817764,0.0017912259030125055,-0.016961013415651816,-0.02974725600867789
4406,0.01844047664854992,0.005065253827245625,-0.04259821903117972,-0.061145260433516646
4407,0.0018404140184819506,6.671066537417003e-05,0.006620095016924954,-0.015570147186704797
4408,0.009535885302785374,0.00296054041703378,-0.040494246121511146,-0.034746922974745686
4409,0.009188398996529512,0.0023443063114872986,-0.02502232956077055,-0.03506469233256093
4410,-0.0013852895911831142,-0.0012449865568037177,0.0013663208032185237,-0.012516392125011655
4411,0.002408412969715168,0.0002554244540662609,-0.016098160511605508,-0.01135278632936243
4412,0.004255851587948001,0.0015974332696177262,-0.026572611828184045,-0.02839670351450363
4413,0.006751961332285783,0.001922615237296088,-0.03147935227146026,-0.02653368525810229
4414,0.007991389569288132,0.0028996408454906863,-0.02112965286099372,-0.0361004794492481
4415,0.013600316165674253,0.004252556055794443,-0.039464922683763226,-0.04048484848484846
4416,0.009409061835778831,0.0025124351512066934,-0.023931296655929246,-0.033647341616616644
4417,0.0036334903069342728,3.6802276142416934e-05,-0.01372268912508895,-0.018066958320485105
4418,0.009461128206768366,0.0021607214540119435,-0.028233482221312778,-0.043091966793411096
4419,0.007587044788253894,0.0021762511402740325,-0.03983597707347142,-0.03242517329818928
4420,0.001079595625585239,-0.00041304197471800363,0.012124427560870565,-0.01895985361229302
4421,0.011634384722756685,0.003374268416448528,-0.01813007993046528,-0.038702793530770774
4422,0.01658498228256733,0.0054466927863994485,-0.05674248844759505,-0.050166333219663795
4423,0.01454078866165015,0.0030569396939326976,-0.032702948326111037,-0.050149740650918706
4424,0.007946938670578052,0.001707761730368823,-0.023470803151778463,-0.0283061594202898
4425,0.021752209827332836,0.006076254423277527,-0.03277293953838967,-0.06364618617988849
4426,0.01258849225027786,0.003468079978722116,-0.03687727539747909,-0.03841480529984054
4427,-0.0005268495515530214,-0.0005429536926367384,0.0017667973589922115,-0.011152813690870178
4428,0.00565395715918382,0.0009380010757699953,-0.007524461162345231,-0.02395690645753945
4429,0.007809446714548085,0.002029003506360455,-0.01620029329788808,-0.029351335716463978
4430,0.0007955673260800489,-0.0007455988165085692,-0.012707447994042609,-0.01905113513300649
4431,0.013015974288987486,0.0032872513195412734,-0.02638884875149594,-0.04295717262359622
4432,0.006705201325766574,0.002154796694721073,-0.022981961516016225,-0.028199155916547203
4433,0.00851041713850098,0.0023169531110963093,-0.026503985947279318,-0.030953238315386766
4434,0.008363479081886116,0.002195187916879948,-0.026288891882448484,-0.03031884443010624
4435,0.010429868949473176,0.002016061105616307,-0.017128075783602315,-0.041040055597115765
4436,0.007266963499919621,0.0012319099504279063,-0.01887991217108337,-0.03950670194389172
4437,0.010975018919543555,0.0027317349720521744,-0.02104362117255293,-0.05116035701228605
4438,0.005200102823116226,0.0001066383069176502,0.0004870316718912915,-0.025813761034047977
4439,0.002250219110895735,0.0003978023545940512,-0.0012081051907057994,-0.016433896695144834
4440,0.009957351260019287,0.0027328654230048266,-0.03359327705988538,-0.05080587165277728
4441,0.005100153893965342,0.0007547584476081948,-0.021093165001534575,-0.025819244258581064
4442,0.010375109545912697,0.002595997422273122,-0.022105483110747115,-0.03918767970194781
4443,0.007890703550049949,0.002522683494088601,-0.038910293472975976,-0.0352188501602565
4444,0.010605244379460477,0.002232157064158441,-0.02378339313875577,-0.04227469384762039
4445,0.007168176645808155,0.001900466044103738,-0.006809278846446221,-0.02868121205208829
4446,0.007489571156597097,0.0023600851922334354,-0.02793290898234757,-0.0337568798206912
4447,0.0023665891687393303,-0.0014615453083491325,-0.002599257784239306,-0.020029249685264316
4448,0.009102421492881152,0.002563742798354307,-0.02847117690959594,-0.02947553112712309
4449,0.0151150960742783,0.004172033496889133,-0.024236931445045906,-0.039925878725289965
4450,0.010292068941781252,0.0023747330070724992,-0.016860011558443688,-0.02952368099105762
4451,0.012572300670291636,0.0030946167802075875,-0.030769119748204843,-0.05276758687070182
4452,0.006338983391485753,0.0013886936443424924,-0.02643745371965195,-0.027971748024276932
4453,0.008678858833474967,0.0028356880385130845,-0.016371610690974536,-0.0301660643145113
4454,0.008318022437476702,0.0014605845585877186,-0.012733995765761286,-0.03297258529947922
4455,0.015472144463271165,0.004126510932914246,-0.03890319442830242,-0.04452415804486576
4456,0.004375147420027314,0.0007915665656925697,-0.010385916616935609,-0.021949631699429983
4457,0.010738484815895177,0.002866689621940366,-0.03080895887223517,-0.04086328912218207
4458,0.0015137555285957838,0.0002852290401316737,-0.011432789715175529,-0.02589748848195117
4459,0.018044543291904525,0.005193472122762638,-0.044172680287524746,-0.0513503366841751
4460,0.013781190855547631,0.003478180989576668,-0.031525264139445286,-0.04943596002242967
4461,0.007297680744602464,0.0014253390455954695,-0.010895779688383012,-0.028007793472966336
4462,0.00358968920853725,-0.0003092152160941719,-0.007942018999871292,-0.02656738172031381
4463,0.0017983696541303829,-0.0002719298232360945,-0.00800879228826551,-0.02066758440121197
4464,0.02065123521779333,0.005924069670213,-0.04643875497601996,-0.06548954860220557
4465,0.008415651080871167,0.0019322024649180702,-0.0220140988413296,-0.028696508888412797
4466,0.00685453803828262,0.0014469404722843304,-0.025259780497022544,-0.034225292779509586
4467,0.006273055846086506,0.0013353014223854154,-0.013703562132613256,-0.03299733082116496
4468,0.010189413841094286,0.0023380858605219212,-0.022921558743727977,-0.03924095805312744
4469,0.010954678658531725,0.0025306260878859843,-0.031234310299626866,-0.037036710693652664
4470,0.006947592139308234,0.00133294461228195,-0.011581798258170739,-0.032497297297297334
4471,0.012097219362359413,0.0027938975643352904,-0.0275829867123511,-0.038683672138350444
4472,0.009395162664689205,0.0022810225728976674,-0.010736283431563465,-0.04093271601653281
4473,0.00338264295038071,0.0008712435224540738,-0.021162324212583905,-0.022160092600836956
4474,0.007565616611042103,0.0017131415376192005,-0.012218885565866644,-0.035115131305265224
4475,0.013068381107787075,0.0032617367589586055,-0.04110436440007981,-0.037518055092083946
4476,0.013301351422720153,0.003307469588743922,-0.027295991230836814,-0.05050192173170098
4477,0.01119195641649312,0.0035010732707628778,-0.024901836719780968,-0.04370097546820251
4478,0.0091810281137511,0.00225495223707578,-0.024130232102460458,-0.03650865580173379
4479,0.009586393265776094,0.002179647252335909,-0.00821791242928016,-0.033041931189842444
4480,0.004826616853537802,0.0015035255611435816,-0.022819622692417052,-0.029840685924495736
4481,0.009398011825732577,0.002194432206787972,-0.029068336221197977,-0.02755393836854525
4482,0.010929664460760047,0.0022853646472125733,-0.026748854906729735,-0.04741766599455233
4483,0.014751812241123596,0.004223014520033125,-0.033742563579921336,-0.05202442988223366
4484,0.006400492861355134,0.0026408858217442377,-0.04022453236984885,-0.03024167320933635
4485,0.02045762753944058,0.006493747084800633,-0.05002921408646255,-0.06371303933825956
4486,-4.408070560391053e-05,-0.00045065650774650523,-0.016416559185529256,-0.006547609731156756
4487,0.0033859075538825723,-2.6110470055629165e-05,-0.010765893784748515,-0.02292446292446293
4488,0.009723170006940285,0.0019054299082822135,-0.011347430478926335,-0.03578335787337339
4489,0.012215641042813585,0.0029158637952574895,-0.025123413519907434,-0.04332115096773814
4490,0.014161332926236003,0.003488505878045667,-0.028622484867039832,-0.04504815453010924
4491,0.01334982774287019,0.004066311957165697,-0.041783746275467826,-0.04373366557811076
4492,0.007451495360872418,0.002065018245253958,-0.025392953678360697,-0.032152824301820204
4493,0.010150147359816064,0.0021926014883925093,-0.020346171426910475,-0.0374186805067489
4494,0.014216507908290932,0.00447762412375996,-0.04720837097651981,-0.04408935876865272
4495,0.00929546329469666,0.0022358698464619853,-0.031677081436749854,-0.04244208838419017
4496,0.008857243738111753,0.0025359766217456226,-0.013756415773432562,-0.029636334159551136
4497,0.008571311619467559,0.002469937238240072,-0.02597882762518322,-0.028564931905880053
4498,0.011262543276987336,0.002720395762586425,-0.013641937857582775,-0.0427644513599591
4499,0.016363970241121018,0.004037177206134418,-0.027983784596057715,-0.054635313513296646
4500,0.012841219108342572,0.003612394844686978,-0.03655496610856518,-0.04581728325796408
4501,0.012467493769231786,0.0034621917444207506,-0.04187372671179773,-0.04726351131961881
4502,0.006423163718980607,0.001282927553463653,-0.010791042096907788,-0.030705323431559295
4503,0.010233278370470278,0.0023777116249562302,-0.024751994474686456,-0.03524846116202662
4504,0.02306394409701218,0.0063327015980620405,-0.03871724222068684,-0.05652819486152816
4505,0.008489908867652107,0.0026815092475880042,-0.03792390651370198,-0.03363563044323359
4506,0.009647139515045977,0.0020258723091473863,-0.006700247930859493,-0.039141542028202636
4507,0.008147950057495579,0.001863074168003076,-0.019160051711313353,-0.045552728281913035
4508,0.004446932156647376,0.0006314796496093289,-0.010773018799984824,-0.027440670909415266
4509,0.00878164766682099,0.0016578229537313194,-0.005695881420376747,-0.03185584389963947
4510,0.010335598502771992,0.0024603237241925535,-0.024888993750069643,-0.04024392446189029
4511,0.009477962917917304,0.0026101957132124154,-0.03800022131805614,-0.027011212266743523
4512,0.0026602814745591563,4.04651666908451e-05,-0.008029441177709762,-0.018843527897719148
4513,0.008302991058370401,0.0019041183196700784,-0.020198741212594906,-0.03487993149591784
4514,-0.0011495176541369556,-0.0006582112390695616,-0.018961941624818568,-0.01778612026305082
4515,0.016719620696521276,0.0051816852430996985,-0.035021473420161875,-0.052857884201942484
4516,0.015092130264426795,0.004060809204817023,-0.02498480325285196,-0.04502886502755021
4517,0.004659586641455882,0.0006527083313259407,-0.010763771077792583,-0.02273311613982565
4518,0.011710457625665693,0.002591779692475066,-0.03152596365976995,-0.035098171699790015
4519,0.0007734626197272165,0.00047723708515634566,-0.012128761667961174,-0.018017552916881896
4520,0.011370028710148972,0.002674728591929715,-0.01765629399641111,-0.04357360380449293
4521,-0.0006907266489349917,-0.0009406189198084558,-0.010132366699970363,-0.021769577816537877
4522,0.012677288451445334,0.003677795506032727,-0.03209933748023075,-0.044661272409963426
4523,0.0049842520865963635,0.00043945934964700895,-0.011365306784004048,-0.026316042267050976
4524,0.015154534097912009,0.003436643918894783,-0.02239489547865342,-0.04732509953816877
4525,0.007684236044374404,0.0018320383573994237,-0.012940489376916331,-0.029312760714458208
4526,0.0019029582716107996,8.842953248108798e-05,-0.009169059759125853,-0.02171087936667615
4527,0.004130818074435605,0.0007294708876085243,-0.02919338498953916,-0.02401063924501423
4528,0.008059551788236474,0.0015924255310620639,-0.018805892912632904,-0.04317592864051012
4529,0.0064538063133825485,0.000760795615910137,-0.009083656741520896,-0.026058892314234083
4530,0.018250426615866178,0.006516551584612812,-0.04713338907265796,-0.04917194303424399
4531,0.0028188552517783294,4.391223181524073e-05,-0.0034595665421363053,-0.014440295125506486
4532,0.0034829384980944456,8.28973751689499e-05,-0.007149985685541482,-0.019322974294831652
4533,0.00998964354013876,0.0027292046860206143,-0.027831139379709213,-0.03803894399422336
4534,0.017956799254871758,0.005248872092698087,-0.050620007232461295,-0.05425693387966524
4535,0.002715539882823248,-0.0002365304394630896,-0.01127968703960569,-0.02889221120490404
4536,0.0042228281072529406,0.0013952793752129433,-0.022234461336282874,-0.024841326029983346
4537,0.0033877091107293866,0.0005324099727083142,-0.0032134926723024204,-0.02684408642863456
4538,0.005037506467192254,0.0012054897841139445,-0.016787513821931943,-0.019658226139678825
4539,0.006469495267380387,0.00016973656278068683,-0.007181755475793028,-0.027134779745380033
4540,0.006226809570634817,0.0016944731009019831,-0.029541121849735896,-0.026131740527232328
4541,0.010175388841534017,0.002573397912798203,-0.031876932793156953,-0.03823524722164651
4542,0.006901426046063142,0.0024164662976317586,-0.028194067610019136,-0.025167860148025967
4543,0.010766078774078203,0.003191510962156058,-0.03816539843833172,-0.041354181818181734
4544,0.0031827192402854587,0.00020504622528091931,-0.009130122769600513,-0.021999750875266066
4545,0.010392162526724702,0.0030265291810672723,-0.02556868007668478,-0.03708482370975985
4546,0.0023317473013637624,-0.00035760143808263867,-0.0009062595353723779,-0.018036831212194016
4547,-0.0022968611398459515,-0.0018556761811595046,0.003753929646971854,-0.011572505638878239
4548,0.013900825775298942,0.0038728607246112656,-0.04069182072837518,-0.046581273246983024
4549,0.01333232433639453,0.003785312082566411,-0.03306751284168852,-0.0432366582260858
4550,0.0035565100557372054,0.0001540823721604967,-0.01022770594122252,-0.026083645363965124
4551,0.009701586574456744,0.0019234881842232487,-0.01360804620628464,-0.033971280565571194
4552,0.014279500020116465,0.004213155912794697,-0.03811872604524913,-0.05067398053160943
4553,0.012299611576438607,0.0029269479641840235,-0.014686770807141758,-0.0433943683943685
4554,0.004775464022072018,-4.874988268752101e-05,-0.0002570289844671114,-0.02501745338781891
4555,0.012182116024660405,0.003507253768273627,-0.03788862729984588,-0.047229662932410155
4556,0.015572636926536265,0.003970580933901624,-0.026157520425713343,-0.047723382227825795
4557,0.0050318435783356374,8.577125522979401e-05,0.01604920791030351,-0.020536547645812364
4558,0.010370428727511927,0.002686804778905233,-0.03261574349784696,-0.034215034128950994
4559,0.01286125564772811,0.0028248898101627395,-0.01883163526973075,-0.0477192504968742
4560,0.010706616528613988,0.0028905577824424877,-0.023635543032182516,-0.0377002897545754
4561,-0.001417028811710519,-0.0010131342799880039,0.006192778187426362,-0.009053879600289694
4562,-0.00199407531426965,-0.001869748008778066,0.013222549959870267,-0.008862379621000338
4563,0.006718037020362222,0.001145932437891628,-0.0004596936331003887,-0.02582540318951343
4564,0.012725504282750155,0.0038726833099441693,-0.044579502432517626,-0.04820557730613362
4565,0.012699630028986886,0.00451811756115747,-0.029229705152821583,-0.04705626611770475
4566,0.0009132640806859271,-0.0003508827578989626,-0.009057413435731854,-0.015609896966450543
4567,0.007138216723671209,0.00147943583379459,-0.026583740472229167,-0.03440695720832376
4568,0.0042049760921609725,0.0011931756222491596,-0.024273882183186435,-0.026429828693259272
4569,0.009406692987684706,0.00259251507668129,-0.027269650906737164,-0.03324396006181174
4570,0.015512334695704233,0.00398618435148973,-0.028120357298672516,-0.04531492805392434
4571,0.012661177326702022,0.0031074907734691404,-0.03140551174517969,-0.04307507386063636
4572,0.007140866789796196,0.0013089486918379523,-0.016034285984240948,-0.02791730733816533
4573,0.013412837299549452,0.0032077898149081296,-0.019466374766405226,-0.04831289195355315
4574,0.006325692861457233,0.0012896091942656007,-0.024487145591971737,-0.034555689324179184
4575,0.006559595924302275,0.0010298409823405186,-0.014535010263022785,-0.027195816028303343
4576,0.013263782892957376,0.003027738091591875,-0.02478787349404371,-0.042420781046560885
4577,0.004224695985488358,0.00103470400367775,-0.022359095754893754,-0.02684774681406421
4578,0.0016584518891783473,0.00012295231911840787,-0.0025405197919984857,-0.014703900537671455
4579,0.012587635853892776,0.003042273006810814,-0.02539439575746294,-0.04776303396527837
4580,0.007942255205439008,0.0019487500659184087,-0.02197645290047756,-0.02282408806388958
4581,0.004717649892071796,0.0007933415939532507,-0.012390995443734953,-0.02697406028665439
4582,0.015593580772783056,0.005522324211559654,-0.0482391784372973,-0.044788054432328805
4583,0.000584396576116919,-0.0001569343554533864,-0.01330073548181615,-0.013279487426401837
4584,0.009077098560693497,0.0016011943948752438,-0.009935888721626707,-0.03323528313011326
4585,0.012678014255799674,0.0022646025597621022,-0.01259312961978365,-0.0387691876090992
4586,0.009822800309306878,0.003020973009091349,-0.0339040807787957,-0.034733273163432554
4587,0.010372989138498157,0.002245738289092525,-0.012728190086798985,-0.0361565197492284
4588,0.006198900292834042,0.001427424587195275,-0.024435962808376344,-0.021557428432123826
4589,0.010247342648054603,0.002537437762016731,-0.025945135153215393,-0.03441660042195904
4590,0.011585830091619675,0.0029256022526074343,-0.02885643389568676,-0.04473782715705865
4591,0.00947428540977191,0.0017193190534052771,-0.011387690858385258,-0.03455204475612639
4592,0.005278861521564648,0.001736854080838901,-0.025058479709081205,-0.03223630757692564
4593,0.002878864115293478,3.723679816533543e-05,-0.003653760777265702,-0.02505498405937634
4594,0.012410082762122854,0.00295441598305457,-0.015515782859244598,-0.03374484138362066
4595,0.012787519456299357,0.0034301053768129586,-0.021863920826153127,-0.04722393340055686
4596,-0.0010287547451899304,-0.0006684878826100915,0.00619064547952064,-0.01254317731483956
4597,0.007038424448879255,0.0014967461588614173,-0.028593026409310218,-0.024426612113179202
4598,-0.0009472337829828925,6.684717214339164e-05,-0.007423958671625597,-0.017562380889066254
4599,0.009678726739516197,0.0024512600211684665,-0.0238996519479735,-0.03045799998708587
4600,0.0006608134469897609,-0.00020824982291334226,-0.010219113427206272,-0.016026251409987924
4601,0.004624215178086533,0.001028457437813185,0.00020835955269538076,-0.022578919208132597
4602,0.014971562899808388,0.003844313150402734,-0.02989241300445017,-0.04134495073435318
4603,0.005262833218173335,0.0006791764313706095,-0.007028853397096246,-0.024815600528592108
4604,0.008013589244282082,0.0019144153777798933,-0.021226227680309795,-0.027761017530965937
4605,0.00324186401617077,0.00036037962891197206,-0.01645829394478837,-0.019907643854273016
4606,0.0119293632161096,0.002649057470294952,-0.02278813307493316,-0.04109542492543905
4607,-0.0003601715720755183,-0.0007283142047175839,-0.008210466583732867,-0.012705479553837051
4608,0.0043182416791029965,0.0002898866138278944,-0.02034008305568691,-0.023834095903560337
4609,0.016403579712324423,0.003947271449533524,-0.037768643654582684,-0.059299823079338676
4610,0.0008532523279644044,0.0002713955379396449,-0.010782014971991938,-0.011600719424460393
4611,0.0129035445645862,0.002974090204288682,-0.017125060721757346,-0.04414881790558067
4612,0.007811616821686518,0.001670222522962922,-0.02307638246807403,-0.02861854373404904
4613,0.003429067751827386,0.00023637123505623747,-0.012340241125893048,-0.03043611268102231
4614,0.012064072890711097,0.002995142933663014,-0.024390149844719988,-0.04340668080593846
4615,0.014653820085385794,0.0044893658066598174,-0.039524318456554075,-0.04750919775515505
4616,0.012826110463357021,0.003708405932942971,-0.03999530869718798,-0.03729673111334175
4617,0.014754888437819247,0.003941694760527692,-0.034512834673977866,-0.0433015969936239
4618,0.011980494132853736,0.0022520041823095305,-0.011313773580605646,-0.038717417929124864
4619,0.005210525561129664,0.0010866099703769894,-0.005094503439397213,-0.02729343681082197
4620,0.011663392931884231,0.0029871955862576516,-0.02820510872445453,-0.03756476683937815
4621,0.016505287447827532,0.004454991795882213,-0.0480213938951245,-0.052549382716049364
4622,0.004053835924639482,0.0005418884226135734,-0.016685342115197233,-0.02747069600485952
4623,0.019986224361324134,0.005464997491761436,-0.031662672611635745,-0.06270985338571666
4624,0.0017550074020026285,-0.00044466870734252706,-0.002138817008395577,-0.010528385254905848
4625,0.009813537894395152,0.0024465859455784777,-0.013483336083685737,-0.039016677581003245
4626,0.011754157977876156,0.0027325214273234144,-0.025803561785374962,-0.037358054789247364
4627,0.01092344136688006,0.0028555443393185054,-0.02240883414003131,-0.033404354838457384
4628,0.01828041821290094,0.005661670458915052,-0.04124490345600701,-0.05133733362316062
4629,0.010572499257439916,0.003897241884852576,-0.03524765128732227,-0.03442934026925781
4630,0.007909410292969543,0.0006026788130434335,0.0030944585156297832,-0.03982439636249613
4631,0.003858276531723659,0.0005959126468755849,-0.008719514621052138,-0.02169070450630306
4632,0.018573656603667055,0.00501764379905803,-0.027715831136217728,-0.05126179558232691
4633,0.0003511379042097085,-0.0003828762470051428,-0.004226049630439432,-0.013262176908678147
4634,0.007673775444899444,0.0009311449296229846,-0.005554933913986648,-0.02798442597074624
4635,0.01080107676860348,0.002675867165263107,-0.034060858542609596,-0.040350667938931384
4636,0.004667802103153207,0.0009221703522009628,-0.016309905272118508,-0.02996952063334024
4637,0.002120525035410381,0.0003996507951741779,-0.012725177178396108,-0.015604713871966491
4638,0.010155733376506104,0.0016970537990884937,5.466065168779899e-05,-0.03200705017625438
4639,0.00782265988748676,0.002077730048938159,-0.009490291073451007,-0.030362427456858354
4640,0.011765663032533069,0.002801521146179986,-0.017750444729601966,-0.04284109254330459
4641,0.011210842843616398,0.0027545609030633633,-0.023567796482285075,-0.03423188293105106
4642,0.006245281693957938,0.0017358029951799747,-0.010960590258265235,-0.028183845178667677
4643,0.005466645806503578,0.0008029028771889268,0.010113114953938407,-0.030132493967236273
4644,0.00900139143489731,0.0019796723231254587,-0.020626749866261063,-0.02877159427043885
4645,0.012145306521572308,0.003918427723901052,-0.0393818652554947,-0.043879165629191696
4646,0.0073932833564005485,0.001741117291408828,-0.029746120845248192,-0.03307276246506097
4647,0.012801980333376428,0.002998935666391589,-0.021824388520996885,-0.05292707292707299
4648,0.005436887766928078,0.0018697912169279851,-0.031025104369446166,-0.026603309219839666
4649,0.017138609674107963,0.005285606218391109,-0.03990322795287893,-0.04493739793140994
4650,0.012009132022964053,0.0025972944063653858,-0.032407894336766274,-0.04430907438426246
4651,0.004883378467073818,0.001783067383975545,-0.01305951795447935,-0.020068826771580728
4652,0.002976743053778208,0.0005770222283467685,-0.01393843889468993,-0.0225185747857668
4653,0.01011472658932222,0.0023048412869172696,-0.025462830589815022,-0.03682563781823278
4654,0.006694839953967413,0.001186532306696797,-0.022537722248503145,-0.03332673794615937
4655,0.01494757745137032,0.004863893383104473,-0.040706413894475935,-0.05146911212217831
4656,0.015629431272327743,0.0042140609782388705,-0.026740963368030612,-0.0493545866541647
4657,0.004661062201226862,0.0009231486978160952,-0.020580674284579548,-0.029449221904970013
4658,0.0005158238112560332,-0.0003903998754120619,0.0012300995720871954,-0.01896705948344679
4659,0.007616967719469736,0.0022586000825713937,-0.03007262613812689,-0.03599176188214104
4660,0.002742899738377824,0.0002933804964311004,-0.010482009822463279,-0.020409748277214312
4661,0.009558635370619295,0.0021542765599329994,-0.027420240100673177,-0.04188230257994774
4662,0.011185923312550472,0.002536882420740655,-0.02219136621580242,-0.0433920363079191
4663,0.006752380825028048,0.0018775672348755323,-0.03391563453409596,-0.02668759811616961
4664,0.013481858070077513,0.004738145355180495,-0.03717861914833909,-0.04223046499352856
4665,0.009593982263172096,0.0020372765959842942,-0.018265218303173625,-0.03331897206117074
4666,0.01137080625519482,0.003124456965508615,-0.03706453291396988,-0.03893115089514054
4667,0.012318959053316647,0.0034181926443237753,-0.02411666662879841,-0.04662566027244919
4668,0.008725194703078865,0.0020259300013537873,-0.025183387694536707,-0.034224385630540866
4669,0.007709840317753791,0.0018161743228834737,-0.025900891327633346,-0.02690260155986368
4670,0.004295240489075036,0.00017032321621562874,0.004836742899592794,-0.019709710344244624
4671,0.0027309475100741887,0.0006427020239247183,-0.027307880841777654,-0.018981197106197056
4672,0.00628480543239357,0.00150774219436961,-0.026548784796944558,-0.021977231629130345
4673,0.010800987779467364,0.0025980262278030575,-0.026688139860303994,-0.03369640959597564
4674,0.00825172219580217,0.0020441008141820483,-0.019451824087390934,-0.029514727504318383
4675,0.014078503510758678,0.004388233076249748,-0.03900508166347966,-0.043069127759681414
4676,0.011964823915472489,0.0026374215152847047,-0.026015766858483835,-0.0426163025529539
4677,0.018788398654127403,0.005925776600940819,-0.040108079592824364,-0.057137903861308015
4678,0.009387715646579753,0.002041560288566252,-0.020527597369154438,-0.03467237318377103
4679,0.010134325358586382,0.0036190305279133472,-0.03555580967997912,-0.04030718172748049
4680,0.000686241379709962,-0.000151664342481872,-0.014806754778035947,-0.0196427417845354
4681,0.007834521937038152,0.0021781996386434077,-0.02773397817971357,-0.030151488005677685
4682,0.008313890623127929,0.00206139735720573,-0.0312371341042168,-0.028309221899633585
4683,0.008278585518093462,0.0021623705353246425,-0.023687672053111397,-0.0264932455418031
4684,0.003116514301440554,4.5496240578729585e-05,0.0040240865819548,-0.018538943788230844
4685,0.003919310906529694,0.0006788151201512493,-0.016634217331568668,-0.02413684760474133
4686,0.0035989147686881218,1.868596016058044e-05,0.014672556254974878,-0.018885035924274263
4687,0.010008149090324658,0.00261148297766145,-0.01194179840595494,-0.03235253925660897
4688,0.01682383411322852,0.004512787129425155,-0.04100389584875236,-0.04520220061642111
4689,0.012727146656682564,0.00343830012117316,-0.03275913913210138,-0.04844586240586546
4690,0.012515156426647467,0.002827990468355218,-0.01967255796300127,-0.04003591170608811
4691,0.007308264581588175,0.0005207407792792162,-0.0077588213224975555,-0.03260446347260715
4692,0.007699410951041263,0.0012646613688779562,-0.016566227769358566,-0.031109924343569295
4693,0.007920243607995703,0.002808009540958889,-0.02774031504778418,-0.029392883251311508
4694,0.011025442281395903,0.0031748172282702602,-0.035875643033629945,-0.033703185255328116
4695,0.003923347846585545,0.0008739861671704929,-0.018662199676437508,-0.03309894875880015
4696,0.005854856419655663,0.0017060588295651768,-0.019858735892808232,-0.030753625623457848
4697,0.01370405612339376,0.003314141091403433,-0.02800871268504057,-0.042597088988841625
4698,0.0027246185933789135,-0.00011374533771499329,0.003020801655849281,-0.016756527683689182
4699,0.016220132493554473,0.004117181839932205,-0.034289196899904006,-0.05407355084987753
4700,0.008165635048599795,0.0014199795781831281,-0.01960185626019051,-0.03502624861532522
4701,0.008621950332470485,0.0017514371563170372,-0.01801740558427234,-0.03053524344331293
4702,0.01760136188089234,0.005022812782467939,-0.034685894318237154,-0.053598010912597305
4703,0.0021427455413858265,0.00020176042296479735,-0.009391579536253192,-0.015148692115769302
4704,0.0018655017568258714,0.0004602605743186938,-0.029007647764770272,-0.01807457113480171
4705,0.005084887720062048,0.00029830234855671156,-0.012946700973487435,-0.02837545056032842
4706,0.005507585599945575,0.0008984076324055068,-0.013156888048295012,-0.03058493954821284
4707,0.00551110955359968,0.0011360354874453416,-0.014511009716727696,-0.017025285170938598
4708,0.006944700789901059,0.0013771096003097616,-0.013501519192687494,-0.027809820598464263
4709,0.0070685792354269195,0.0011089069867382118,-0.01845359459099566,-0.04009306863670137
4710,0.0075718057622531365,0.001171708784688058,-0.016912342296881877,-0.03604813581175459
4711,0.009183804731466738,0.002886627649174467,-0.02321227017266886,-0.032709406207129366
4712,0.0013773003021613217,-0.00036853004286691027,0.007208686914215445,-0.022288386440265207
4713,0.009038936687738863,0.0021641705196494554,-0.027852412590628928,-0.03644582800638885
4714,0.0015387625568226149,-0.0002116792445086002,-0.014057565187709009,-0.020645479140354306
4715,0.009387955160655825,0.0026924115625558687,-0.02253351042236995,-0.030440846390202392
4716,0.007214630159240731,0.0016441778265053053,-0.013579828443269437,-0.02816019507417855
4717,0.014863507287814826,0.0039470765380437145,-0.03509894233692307,-0.036648539684027925
4718,0.011978734443331307,0.003243765126500292,-0.015483802330778007,-0.039074051091591344
4719,0.013787186866033307,0.004445635721150726,-0.048644973548023496,-0.045178487077400575
4720,0.013926821719295601,0.003270543445002244,-0.027326552039975693,-0.04833939176982682
4721,0.011018149421430867,0.0028393592963901204,-0.027783494180372237,-0.03957943901214589
4722,0.011152353877349086,0.0026162909746142993,-0.023130785464070713,-0.04414220949654002
4723,0.011493086825751675,0.002985232410964739,-0.02940937946880484,-0.043191400159221516
4724,0.009804687948797741,0.002327554929523301,-0.018213042494678977,-0.03348669426283046
4725,0.009800273965327233,0.0029794197760564523,-0.036784099885525,-0.03598731273481626
4726,0.009798012577723836,0.0026745846116013328,-0.027602428135300505,-0.0373545137185477
4727,0.008744729026973208,0.0017213104373638155,-0.019647593952349607,-0.029736422358715764
4728,0.017665707121236607,0.005318726849473515,-0.04725943813826433,-0.059659468195732646
4729,0.013217079160855238,0.004228300946382879,-0.045148416323817275,-0.04813912820416566
4730,0.008484818547059847,0.0023525105012226766,-0.025115238912456372,-0.041179795340588576
4731,0.011177064839806794,0.002975170563659646,-0.020695076216017072,-0.03182031335006863
4732,0.00800283673610891,0.0010812877450908365,-0.004057515257779976,-0.0313405610049905
4733,0.007966554587516828,0.0019660300320957502,-0.02622322089637419,-0.030754864011362404
4734,0.00456994881272571,4.044272898426349e-05,-0.003478531894585357,-0.028923221832600765
4735,0.007010194467747977,0.0017524733597522046,-0.02433612476438224,-0.030039399502245767
4736,0.010064307214570745,0.0032555032317510557,-0.028556998600442474,-0.034480369608036465
4737,0.01329734538060412,0.003869105664926542,-0.030143463428654704,-0.04250925340796241
4738,-0.00938065818431999,-0.004638907536997583,0.016043516562964488,0.005657845752931712
4739,0.007916572976784275,0.003174632379550957,-0.039724738348651756,-0.031219808453590514
4740,0.005534494098866305,0.0007840272579372198,-0.025167202438008157,-0.03202337775382891
4741,0.008079065943993657,0.0024370734203071065,-0.018532906907103686,-0.0323662946393376
4742,0.005372498933500891,0.0017018910605337279,-0.02742759523748456,-0.023072325851348774
4743,0.01143549708722047,0.0033501519539791136,-0.03959552268633115,-0.04360235127557388
4744,0.008941060712555737,0.0019524833674459119,-0.014407146695818884,-0.03221245548278662
4745,0.00786195509826948,0.0012771341587682061,-0.004252002381166797,-0.02833456676608881
4746,0.007843370785897585,0.0018265982987785145,-0.00957912772854086,-0.03926872823069716
4747,0.005391977672274173,0.0011265251978449797,-0.006991905786468133,-0.024921675646155883
4748,0.012475732145294904,0.003430920193019271,-0.03310759699916749,-0.04956738671691352
4749,0.010770292338387444,0.0028635168697077606,-0.030359273127082864,-0.03743429087240491
4750,0.014516668284060896,0.00428105070732171,-0.04353501534348775,-0.04752770531842421
4751,0.005586504778203216,0.001405633995166744,-0.025638063489117957,-0.023257133571828348
4752,0.004362263928934684,0.0018303291080121464,-0.022821765882063194,-0.022651717121663917
4753,0.007829408978077046,0.0023214793195154293,-0.016605653546448385,-0.03307371965266703
4754,0.0026335582373928634,0.0016281275004671747,-0.030248472478733412,-0.017457422870610362
4755,0.009320928350369184,0.0016003451716732064,-0.0218727662855695,-0.0378429648639228
4756,0.004698461696059253,0.0005728916160068764,-0.0087769724194805,-0.03016903486247602
4757,0.010383111215529262,0.0026502966461827426,-0.028368498309797374,-0.04226119927865124
4758,0.008022065283256719,0.002681305574389975,-0.02846675191352721,-0.028067535554166523
4759,0.005330949414971642,0.0018361503277356528,-0.02975540114792735,-0.030464275281983255
4760,0.0010526845587253142,-0.000810509031727108,-0.011601436861748693,-0.011544891889719522
4761,0.005458638255016635,0.0011092129372451687,-0.018503307795508683,-0.030974477958236823
4762,0.006364623290457727,0.0017656335507713616,-0.020504576288971732,-0.018916392289846984
4763,0.014910605329226057,0.003580515201888429,-0.022373767219349527,-0.04400823205121496
4764,0.005952887255166961,0.0014056987586961722,-0.006162518780395032,-0.028652438645112577
4765,0.013905561884742679,0.002896109358733856,-0.028919454093822627,-0.04349455648759604
4766,0.014285879522490497,0.003655706711154144,-0.02910158522731693,-0.046449425531234656
4767,0.004885799710794614,0.0010912613921029712,-0.02489065043771249,-0.023152011973900266
4768,0.017782961497104344,0.004592643355520121,-0.029832987228770258,-0.049603248157464974
4769,0.016201191746131882,0.004713186340850828,-0.03308248585698964,-0.04739632795188353
4770,0.015191843290696894,0.003878506102691165,-0.026855774504396634,-0.043996771999993634
4771,0.011297377820846832,0.0035426594281806056,-0.03808890134524151,-0.03827977487291212
4772,0.0066783094302567125,0.001295249921396402,-0.016852790060572997,-0.028366356907929546
4773,0.013298714642576148,0.0035256170511072105,-0.02941265094681389,-0.04482910018721953
4774,0.007843684975570475,0.0016897143498224299,-0.022795851920338284,-0.03226561826002283
4775,0.01593837166828549,0.003557655536620019,-0.02227527478612379,-0.04782932578273247
4776,0.005338343934980727,0.0004137863414755416,-0.0031316425040046614,-0.021818975235463167
4777,0.007040469260072291,0.0012291617241185493,-0.0006516127760935464,-0.032718872527438325
4778,0.0018306051977182713,-0.00046604304415878706,-0.005426116602437081,-0.020722416867199445
4779,0.004493639621159673,0.0009821731428472646,-0.015174540951355231,-0.02505735961548128
4780,0.01235567489025624,0.003283509296510473,-0.021899151155127528,-0.03787090948211225
4781,0.01241901263257772,0.003284635437139055,-0.028954251088383565,-0.03915334970658069
4782,0.0058039965045785236,0.001527035180665104,-0.03290770341771371,-0.024966567575411824
4783,0.006830770880765447,0.0012865320435209715,-0.010139324247319725,-0.03112935825032448
4784,0.005253489898858266,0.0006711965169027556,-0.014847243043067504,-0.027840991700012085
4785,0.00621991438051317,0.0011180843737756685,-0.009030575002474062,-0.028313818427229798
4786,0.009754011662484241,0.0025114447811272755,-0.02739492524289122,-0.035186738395294515
4787,0.005516099976227096,0.0015899117472424895,-0.022251203974388678,-0.029038060029243695
4788,0.01158129176680267,0.0027227912306809765,-0.024909241119031866,-0.04242507406510909
4789,0.017374473219082365,0.0054315880142334905,-0.056617220907990595,-0.0564308699766336
4790,0.0028822911561755538,-0.00014824468371735233,-0.0005796969942670205,-0.017477456098718536
4791,0.005672681384994771,0.001433072069864899,-0.0007507639886173978,-0.037211034890979544
4792,0.01313985009272206,0.004213955358336324,-0.03881572070339295,-0.04344441257091858
4793,0.007364723837452569,0.001167320140847583,-0.016139568769222346,-0.033019626769626664
4794,0.012759915268762856,0.003464188005119273,-0.03261203552600217,-0.0440235501666153
4795,0.012173156697657339,0.0031218448164240797,-0.031770209397387505,-0.045378805218585505
4796,0.007690748628436328,0.0014995029904004142,-0.009304225455862514,-0.04061368300778789
4797,0.011238484426849604,0.002699656137450157,-0.020101728764039373,-0.03887259280080635
4798,0.012506783596388571,0.004070185405995297,-0.044732419541590185,-0.037589929789754395
4799,0.00823703031845957,0.0018539402004166539,-0.026577982281529522,-0.035822138653152646
4800,0.007684327315071626,0.002531852697591541,-0.025273092316494605,-0.036299761632664795
4801,0.010480542483982891,0.0027646295205673577,-0.023739275896159484,-0.04334313962071301
4802,0.015665355752912002,0.004960305112850172,-0.037622772351312284,-0.05114442215359649
4803,0.012642385691828073,0.004113749407679196,-0.04382910471636958,-0.0432653825113013
4804,0.007956705997113622,0.0009877643468149955,-0.01760631690647385,-0.03692967077640352
4805,0.012509367933129012,0.003069664639641312,-0.03563512368122862,-0.04502580952029922
4806,0.005639500856388424,0.0011868873641005528,-0.017838882621194818,-0.028560764983719622
4807,0.011901689195246923,0.0037725268419963043,-0.023030455119405602,-0.03773551316866963
4808,0.0034513417590095186,0.001014539754283894,-0.012126627569961468,-0.02281628361617194
4809,0.005887929256591706,0.0011498229467726273,-0.01703969367142405,-0.03381655720761856
4810,0.012584726553408032,0.0028192492934678015,-0.02829304319062864,-0.042352374105421364
4811,0.01092831009890094,0.0028941606296931655,-0.01687996280730425,-0.03574715033832643
4812,0.0053839883570780955,0.0011114345498934863,-0.012280881483070494,-0.028323333035203846
4813,0.012465908549153415,0.0039060010615120655,-0.03421029720452684,-0.05128163135434605
4814,0.007603683807119843,0.0016478121249585975,-0.025333819352719278,-0.03621757167816342
4815,0.005109849015541124,0.0005915910882958175,-0.00043393406939462587,-0.022860539597621132
4816,0.004015113461613651,4.9735836325642824e-05,0.007738465041468523,-0.02446597586264221
4817,0.008934476724600404,0.002550219221609834,-0.019675948280110878,-0.03390148512842184
4818,0.007053533748329621,0.001717143303955171,-0.014052657268394553,-0.026153904244071935
4819,0.008246845830705674,0.001409629044477223,-0.015542740172199088,-0.027655110788795456
4820,0.019065154479766477,0.005415098340176283,-0.04904548789275026,-0.05908396217403755
4821,0.009820199624690717,0.0021439569516095436,-0.012155188671261252,-0.032455587846374256
4822,0.004812863399211775,-5.804977256670951e-05,-0.0026608158286012262,-0.025610206711495276
4823,0.0047251067316635975,-7.429427795105359e-05,-0.0169398899448574,-0.022609778974070016
4824,0.003041203104051038,-0.000522273701537429,-0.005683884385612958,-0.02275518599048021
4825,0.00641290334770328,0.0011451104761478204,-0.005007474356466757,-0.02806576261300675
4826,0.008619858955385307,0.00227108030422965,-0.018603201498662347,-0.029573520223374006
4827,0.00889090394922143,0.003012841379474801,-0.020276539115374415,-0.03155051266266162
4828,0.008679488859399231,0.0019108100732557198,-0.004215334151491779,-0.03221070918394653
4829,0.011643242232250217,0.0039542480401562885,-0.04655496872597753,-0.03532091763559253
4830,0.0066165225230214175,0.0014601111458604488,-0.024569948818365328,-0.034228819417774115
4831,0.01483559153206021,0.004351385720269801,-0.038084216892086686,-0.052222526497918254
4832,0.00826352073891623,0.0021383799812859927,-0.022453148043430793,-0.02850731221848135
4833,0.007400904286812338,0.0019883114856198703,-0.03536724881460562,-0.032163793157554466
4834,0.009224254286526179,0.0023344065029537453,-0.020053036609640695,-0.03984041709169217
4835,0.002789045082590036,0.0005439587213584562,-0.015450238498164737,-0.018915318915319057
4836,0.02332231648558314,0.00756901082713432,-0.061806578004674206,-0.06431707173444423
4837,0.00028831636888582146,-0.0013096188105435613,0.0034291145375097143,-0.01691301050591343
4838,0.005355070444821641,0.001958214490499932,-0.03197273215456492,-0.03003216666201325
4839,0.0029470215162321067,0.0005835693781762741,-0.01295073502314703,-0.024711100411126452
4840,0.010105617341029216,0.002755279517163034,-0.03336740258927373,-0.03766006393318422
4841,0.010130835303351626,0.0018574786614400651,-0.01639690346549344,-0.04035775770562
4842,0.007746832287000904,0.002793467192150151,-0.01842964710784012,-0.03021885619512643
4843,0.01263516167208345,0.003787824148571234,-0.02478253320047369,-0.04008982550357021
4844,0.00031129436847554537,-0.000701904209110038,-0.011239985166251798,-0.015567821093554812
4845,0.0070842987083170605,0.0010672400733452991,-0.009216675718901113,-0.030544363794085427
4846,0.008756950578270195,0.0012883987855478174,-0.008865898185120846,-0.02452059562127562
4847,0.006951967607062182,0.0014995844156412141,-0.017826869791046696,-0.025773462206583164
4848,0.004795609488845609,0.0003371340986468574,-0.009772977009316397,-0.021090683082210182
4849,-0.0006067443564178321,-0.00044229406643367386,-0.007540445623649694,-0.008871293668762714
4850,0.006109090903306136,0.0005674580695737563,-0.0044089606643188395,-0.023963949677555663
4851,0.014267080981390734,0.0038064243376980944,-0.02822721811190515,-0.048043295975130906
4852,0.008551265864639057,0.002214502757796055,-0.018629310823705947,-0.034105897330838575
4853,-0.00315786719014588,-0.002313438427777592,0.011347700169783093,-0.006039405345596216
4854,0.014423170657831663,0.004543671050040443,-0.030439766362958365,-0.04715718911652367
4855,-0.0004316006828579688,-0.00116552717129359,0.003808595992850883,-0.01565335424419001
4856,0.006394609748001212,0.001071933122260782,-0.016435464244321574,-0.02845047104734133
4857,0.0021597429937219026,0.0007841495612204152,-0.006650570470296102,-0.01947617370301402
4858,0.010185674361029573,0.002360653266060525,-0.017396968647215738,-0.03932880354721413
4859,0.01413906162122991,0.003857353643030803,-0.042928656705798096,-0.045829323975019265
4860,0.011939885286078478,0.002858745878687924,-0.01516822899756981,-0.04169759433925102
4861,0.015083634665598367,0.004427554334992451,-0.0417111566159275,-0.04801506686981538
4862,0.00215238483067437,0.0007856834471182683,-0.019516165673270858,-0.021147826086956645
4863,0.007351290003073774,0.002256105832500771,-0.022096755972296378,-0.0310456500708427
4864,0.013602013855808337,0.0035938051752852362,-0.02582777059678748,-0.042392265107696
4865,0.013757678544178864,0.00414596379861365,-0.0346204725495497,-0.03773211183165981
4866,0.013292582395107333,0.0032344140507764296,-0.033875772352288336,-0.048828001467369986
4867,0.007716674813727287,0.0011409726466822256,-0.018454197062688693,-0.037137159898898986
4868,0.015019680307462036,0.004177940112582407,-0.03488282132987558,-0.05141853423459919
4869,0.00284154394037045,3.090760428287043e-05,-0.012672670970030886,-0.022329879128336172
4870,-0.0004908016336659937,-1.3923792535813773e-05,-0.01717751287899638,-0.010714153469180032
4871,0.012108511505443176,0.003553185308840495,-0.030633719405995408,-0.03601540878531251
4872,0.003090975450857014,0.0008443829540597803,-0.02315869515124036,-0.021368602537433667
4873,0.010245565772624421,0.002672385117812509,-0.02924165522551936,-0.03961958483375716
4874,0.012375676475469721,0.003607973594657976,-0.04427653024062961,-0.044845424052854854
4875,0.005225150596145034,0.0008433415924027354,-0.01917246358343,-0.02604328523862376
4876,0.008787894271818808,0.002189015720207743,-0.01662229389333625,-0.02905968650107038
4877,0.012257815119802895,0.003676401438130361,-0.026067905820527426,-0.03865320725785837
4878,0.008182962061503762,0.0021638025507238756,-0.011176236622711166,-0.02988760798999701
4879,0.006930400435669115,0.000760081485472297,-0.013211592145578932,-0.03497663653913641
4880,0.009908088924037495,0.0021292993818842754,-0.023169243340926737,-0.03865443723471729
4881,0.005729788863510499,0.0008403359068326066,0.006067560483661472,-0.02738920627877306
4882,0.0126939987202353,0.0028533806677718265,-0.02064125709320702,-0.038910387700710314
4883,0.006404379145806827,0.0012166723094236276,-0.014177137650874971,-0.032853472683823326
4884,0.0030280299437531744,-0.0004329514634654752,-0.009765416691058626,-0.024129930394431565
4885,0.007553171760360966,0.0016126786316069397,-0.005624047268122212,-0.029044665312533913
4886,0.011073479058774371,0.0024621030661031995,-0.030883060937006268,-0.03887643351915404
4887,0.010310900325738503,0.0030489934850440603,-0.03525907361817204,-0.045646881902345005
4888,0.0034696906187529075,0.00033771669373203195,-0.007621532822646326,-0.0144005708280589
4889,0.013109649190344963,0.004118883440769161,-0.04384760325373238,-0.04574991204848233
4890,0.014790673289496237,0.003411854209442622,-0.01641518501886091,-0.044630606405350326
4891,0.009694920253509764,0.0017694163133341878,-0.0015110474704777,-0.029361623616236177
4892,0.010343370493567927,0.003886594560300438,-0.03978348237477014,-0.03577621315317381
4893,0.018521854281919325,0.005441306500358373,-0.053703449157006256,-0.05716228481173047
4894,0.0030625757058052594,-0.000473926058058044,-0.004612494516541499,-0.023907801677217733
4895,0.01299710469812243,0.0023297932384143127,-0.022611814949193176,-0.04438146564517487
4896,0.0027586913709103378,-0.00029824059025793104,-0.008441135926418042,-0.020126058166642924
4897,0.0046355837364064345,0.0009061814851228089,-0.01721155093184129,-0.02036874451273052
4898,0.012388556708688547,0.004077346585940306,-0.043750732419424454,-0.03877756841633018
4899,0.00869602848115214,0.0019184586689900973,-0.020549113263214513,-0.033526491861234686
4900,0.002404727332826928,-5.545411271845602e-08,-0.011712522551519389,-0.019086132574732018
4901,0.006249256389380342,0.002019264079315408,-0.026219745703147834,-0.024911338489279844
4902,0.010445973748051673,0.0026229416814774753,-0.024641732355784318,-0.035431388157984856
4903,0.0094961257894417,0.001953834897533119,-0.01097898728880542,-0.033923632935260906
4904,0.015467827422130709,0.004569197668704422,-0.03869688863862092,-0.04216524506165942
4905,0.017376461263778786,0.0045109160208980925,-0.04210449636454522,-0.050727336194191786
4906,0.004020155983346041,0.0012289539392240922,-0.02784332941042378,-0.029525595677000527
4907,0.018867352096190615,0.004620344777437474,-0.034591170987046616,-0.06001254152713098
4908,-0.001545492511813018,-0.0009069472171241433,-0.011408181390967054,-0.007194108606136229
4909,0.007780044963234256,0.0011782464336165255,-0.018344540362962847,-0.03694370303717842
4910,0.010949931823791781,0.0030530675202336266,-0.03609759874581414,-0.03869420922700062
4911,0.0028812935055870237,-0.0010017365102167608,0.012375416253819937,-0.02167401421132764
4912,0.013438652723127498,0.0031371957271928153,-0.016220062178921746,-0.038042903511840254
4913,0.004851373595424424,0.000603128897029348,-0.014301251510156487,-0.023927297530854763
4914,-0.0013269930033992239,-0.0011172548613090638,-0.005705031335027477,-0.012300333204542602
4915,0.0014019496136907783,-0.00044986020990880893,-0.01724806385369343,-0.01969788349859458
4916,0.009707435516417395,0.0013770467829673505,-0.007200545571820927,-0.03503499569977553
4917,0.008858901617555204,0.0027561081922981012,-0.01910353983636598,-0.03973595012353415
4918,0.0066067661421844726,0.001183904381978268,-0.009899933276539041,-0.02226846914458014
4919,0.0030771837585036876,0.0008335011000037973,-0.018522946202130963,-0.031756139220592394
4920,0.009939447561298276,0.0017364497670849244,-0.005817139768300339,-0.038537863421230556
4921,0.016248396862047043,0.004544755728768779,-0.04017605177739353,-0.0491544270185047
4922,0.010115806213706224,0.0026552074171062034,-0.024401893532781216,-0.038016141003964554
4923,0.0057733168579617855,0.0018950694849877159,-0.028791082244669808,-0.02750712650123832
4924,0.004803859336954486,0.0006779898842356469,0.0046951437284935005,-0.025689580138434254
4925,0.006509910953801268,0.002044243206777485,-0.013856047002798744,-0.030896773710607173
4926,0.015505735902888451,0.004422662724332144,-0.041052538029313856,-0.04782967153444728
4927,0.009232092183768192,0.00199091837266141,-0.022726590983049244,-0.031153855220045767
4928,0.014288615525086756,0.004301954226284516,-0.035607931188118724,-0.04887365104551589
4929,0.009900293954694273,0.002380952183163948,-0.014399672397344576,-0.038016092863738304
4930,0.008463187885927925,0.0024281806706925035,-0.02378547134245118,-0.031816639256532886
4931,0.009535531106970363,0.0019465055787835361,-0.019088997619004233,-0.0324356564488143
4932,0.0001661888727433336,-0.0006580765522136989,-0.0035712677230856915,-0.0063973063973062905
4933,0.0045980084681275235,0.0008429385027698411,-0.01243932269335446,-0.02560028886080512
4934,0.015101422857066282,0.004597798513648138,-0.042439394717737666,-0.05255038966343506
4935,0.013824891141617668,0.004127817217626062,-0.03670130609860983,-0.04057222772189295
4936,0.005804964188147688,0.0010291525499768472,-0.01251569149344095,-0.03306267070200042
4937,0.0035809151719194965,0.0008031645486645256,-0.012091094071705,-0.021138351043379355
4938,-0.000977417900209554,-0.0016026655310650284,0.009817989874808253,-0.0035919205874452853
4939,0.013116518192088034,0.0041423985559174425,-0.0455125806952667,-0.044836338611662585
4940,0.01162351973236575,0.0031006057508677354,-0.023865243441407724,-0.035629710658861224
4941,0.00936278217005082,0.0026769612023072598,-0.0306836205066513,-0.03363245199383591
4942,0.005142538146229336,0.0014279441439168372,-0.03193974969331498,-0.03243327519017869
4943,0.013448331743472153,0.0028310917195217,-0.022272949419089305,-0.05072234645746265
4944,0.012523491060036362,0.00303558089995154,-0.026046691966584712,-0.04801638685479559
4945,0.007580781976842865,0.0013517610152685156,-0.011047794618603446,-0.025192341696670062
4946,0.003080546594221689,-1.3428196302012196e-05,-0.007236958331243604,-0.02464861480100078
4947,0.0007480292047209458,-0.0003085824583255181,-0.0029115841586825897,-0.013772998551520699
4948,0.013314419802165078,0.0037469367008503285,-0.033632874726120365,-0.035581200697119786
4949,0.007307784421749175,0.001920897185218623,-0.010748876947291541,-0.03198305863301232
4950,0.0026078256086745633,0.0006203246526957362,-0.01940067920538807,-0.021415598644107692
4951,0.007805489984790859,0.0008567968247072122,0.008510940456465,-0.03186367116838462
4952,0.004730943955106814,-2.7614158067235106e-05,0.01300366127721958,-0.02006621975923195
4953,0.015057426093524784,0.0037095672969726656,-0.0280876364291609,-0.04501565186720158
4954,0.011663242593422496,0.0030795701231617068,-0.033126836155770945,-0.04052901098174
4955,0.008125936186430538,0.0018161953029864342,-0.0210780961235546,-0.026153982942459963
4956,0.0045008673892821816,-0.0001040483330427,-0.0046598878145391875,-0.02387480111823248
4957,0.005991440564728057,0.0007611302784767682,-0.004120824301366899,-0.025420275590551267
4958,0.0093933897676316,0.002377815939793193,-0.016000736603569377,-0.03343153015676126
4959,0.010379130054166907,0.0027147048382692163,-0.03252645063130788,-0.0366260589411308
4960,0.010480277810411498,0.0021931089953263483,-0.022987205565381585,-0.038736512584569116
4961,0.0010283307101432992,-0.0008919925741703028,0.0008365366592848478,-0.019026815896595384
4962,0.006481754330014078,0.00037310804522158736,-0.008300880847166792,-0.034833246847381094
4963,0.01006455867785383,0.002477251890098814,-0.024320513313791203,-0.03192297828956003
4964,0.013368433349014885,0.0045077269568383205,-0.04906270269854468,-0.05414871022041279
4965,0.009273823645824408,0.0026473809121038694,-0.021626560990974375,-0.03232852262949781
4966,0.009784932169705829,0.0017860445934809177,-0.00395343898128947,-0.04085665569818053
4967,0.011722796124656987,0.0035705654952838395,-0.019931078305370664,-0.030723858676909632
4968,0.011676449291058821,0.003173382178673162,-0.023888491332202832,-0.033657578434521884
4969,0.005191849389078407,0.0005078835257245617,-0.012430992547312836,-0.020023430796647035
4970,0.011233543110384603,0.0028173301581047583,-0.015629898655450114,-0.039059390792012816
4971,0.013194283252610961,0.002902760049474762,-0.030510200262478804,-0.0442301442087778
4972,0.011424287441139769,0.003294839300239133,-0.028374705247772025,-0.038817459441562674
4973,0.00935026605155187,0.0022328462659589876,-0.02645483918041086,-0.03151398833690122
4974,0.016554857810662904,0.004677587840755532,-0.03330575588078627,-0.0436686126558522
4975,0.013707811826807359,0.004252078267761139,-0.0327355278285239,-0.03704463047514628
4976,0.0010569550832100205,8.825948305885012e-05,-0.004208439328423408,-0.018856504571903576
4977,0.013743187363748577,0.003161025285685931,-0.01803266956540228,-0.0436433390183133
4978,0.013360197777333382,0.0037349944298698257,-0.024976208107115205,-0.05008691975636048
4979,0.008884887368563521,0.002071591977678172,-0.013112643761419851,-0.0330769077703712
4980,0.0050204835505426315,0.0017897981280441955,-0.022229485238704272,-0.019605603146997552
4981,0.010425950113668703,0.0017989252944281275,-0.011025694830013921,-0.040622820843482677
4982,0.005291196317598945,-0.0003585792269015786,0.009955726395804776,-0.020125843655255382
4983,0.011567687946731464,0.0025034969830890486,-0.020331306202049426,-0.04264144763776301
4984,0.007144201051256238,0.0011604253823768174,-0.018616221883450523,-0.024489842954519503
4985,0.0162909505130584,0.003934862377929088,-0.03189270292733759,-0.05131308059251827
4986,0.01643995282102273,0.005554321841698157,-0.037262455127206495,-0.04132982291492804
4987,0.013838179927425864,0.004233433331904651,-0.03493611394808738,-0.04595335591193561
4988,0.010238410148382449,0.0019526906380984976,-0.01822397505716994,-0.03621233699142734
4989,0.012372606389155993,0.0032666680228004286,-0.027128234911258375,-0.04298265393225864
4990,0.008595411050305535,0.001522891449421332,-0.01723112538629279,-0.036632751264751184
4991,0.004790748134124945,0.0013558033928494084,-0.015488082654456337,-0.02931035910344193
4992,0.01146804886792796,0.00224075552117739,-0.008510993889188134,-0.03669968376996735
4993,-0.0001764401363864021,-0.0012897512727494675,-0.004616659033279735,-0.012362448666782266
4994,0.013963264851911461,0.0035521306830082755,-0.03434907638684159,-0.04258138910389064
4995,0.008067966435270635,0.002148972417998496,-0.022629601012584766,-0.03351008259249777
4996,0.01167538809805202,0.0032897806614715086,-0.033528741488535796,-0.041421933744768547
4997,0.004005085268011355,0.0005730990118500978,-0.01864867386693214,-0.025430498253993128
4998,0.007890192348430858,0.001600484466118851,-0.020443637343804666,-0.037028910800356085
4999,0.0014386243741507654,-0.0003859069291346773,-0.006714730449235207,-0.01948304013234281
5000,0.003365415595548815,0.0009618642290158408,-0.008628202940515473,-0.020972001926018335
