iteration,delta_log_loss_residual_minus_xgb,delta_brier_residual_minus_xgb,delta_pr_residual_minus_xgb,delta_roc_residual_minus_xgb
1,0.0031743302311930677,0.0011027684409548322,-0.0053695551249366424,-0.006683853243883542
2,0.002121772788309495,0.0009840531207114533,-0.007841639894690444,-0.0032896526779742086
3,0.0019968688615812358,0.0008108963560757299,-0.0025787543302554505,-0.003192699221997053
4,0.001063881926706145,0.00034022935749844496,-0.00025129291203868087,-0.002487030608805618
5,0.0011908784249128335,0.0004898448880953366,-0.00045441879071206337,-0.0009739953442003957
6,0.0011756222363886737,0.00043141092276019477,-0.0016446136464897676,-0.0023795732184300755
7,0.002430076400833814,0.001037443635255153,-0.004910997964083896,-0.0031300127584165116
8,0.002215805846878305,0.0010310327262739172,-0.006692930309645906,-0.0024323708534235156
9,0.0014488977096270839,0.000608817906128295,-0.0029916093411320177,-0.00247903531860183
10,0.002018587090041546,0.0008855075022641545,-0.00871925492479253,-0.0028921004095699976
11,0.0021678473512110052,0.0009469234139561633,-0.004721379946572513,-0.0021782348092365122
12,0.003510603236352161,0.0014067032445477523,-0.009081690188138425,-0.006069726899155192
13,0.0006863073165556122,0.0002125415861558011,-0.004393839606722405,-9.577651456316172e-05
14,-0.0001890065139672492,-1.3396107240604138e-05,0.0001939090414763145,0.0010686095931996542
15,0.0015279780969796875,0.0006163489849574377,-0.0029653519840229237,-0.0016265038563494372
16,0.0010466879571292553,0.0005752748567369181,-0.0038930900032448368,-0.0006979386172392132
17,0.0019180896391733926,0.0008403836830678524,-0.004155847968183968,-0.00296056413597523
18,0.0026080891790500327,0.0012293158415246364,-0.012070222787084361,-0.002600991770231209
19,0.0016505986255406224,0.0006312927965244908,-0.0024734287659209375,-0.0027753453979373344
20,0.0018180773588737376,0.000687575440897481,-0.003958398802412111,-0.0031076675973314982
21,0.002383037864356341,0.0010274343604185499,-0.007507011607029268,-0.004148759428112325
22,0.0031397088325942346,0.0013763906354024302,-0.008687359650366877,-0.004696186949868841
23,0.0004364392330106215,0.0002017890551460899,2.9351284790757326e-05,-0.001460048010973991
24,0.002789510503594883,0.0011050264165328727,-0.004426785047808635,-0.004696441022423614
25,0.0016173933490188919,0.0007753547570905628,-0.0039856917994792185,-0.0028976415710160186
26,0.003043778524781937,0.0011457199533311258,-0.004109811324657764,-0.004995687316808661
27,0.0008661679551474899,0.00036035527157698977,-0.00282732254167406,-0.0016818728781526904
28,0.0016652845577661557,0.0006056897474834011,-0.0030704390263590065,-0.00438849857987933
29,0.002430002998125791,0.0009760565783021313,-0.00508021729830227,-0.0044139125290408865
30,0.0017661633229176799,0.0008284379283923227,-0.004807862436197963,-0.0020277676287907553
31,0.0013452929975293904,0.0005738239536075274,-0.0029947038873793796,-0.0020747896300740143
32,0.0015027283116422763,0.0006616593879850974,-0.007184400658272194,-0.0016094303127622833
33,0.0014818754618486363,0.0006502507825500159,-0.007965855249449094,-0.002139180530501217
34,0.0017463877028469632,0.000807134987467234,-0.0072643068866033444,-0.0029478244178813284
35,0.0017230301038839713,0.0007610002019799167,-0.007878623367763682,-0.002789987380063308
36,0.002636112179921435,0.001266716775155552,-0.009193667592364618,-0.002804482514306761
37,0.0007708245364298483,0.00041332510785827004,-0.0020782315020507758,-0.0007191719600019297
38,0.003110697090908665,0.0012329287312606019,-0.007060145165502463,-0.005868406549091376
39,0.0019448594365759075,0.0007492199636848218,-0.0019989545537996145,-0.002622962378646121
40,0.0022686825967041524,0.0009053850453052681,-0.0035494520198391943,-0.003225697019040963
41,0.0022954989976682327,0.0009016182774072568,-0.006631299295723481,-0.00420043608836973
42,0.0018316868307259315,0.0007342751234726275,-0.007151226273361899,-0.004053608820502874
43,0.001903467075725973,0.0008686583512706181,-0.0037567817091508915,-0.0022744633553912763
44,0.002026774563130329,0.0008931029144238489,-0.005395683761550807,-0.003392854104843024
45,0.000736067778760674,0.00024159423093803034,-0.0006713801748576831,-0.001070651264021505
46,0.002043999010902464,0.0009511158081998428,-0.008375804663478537,-0.0028777620833536632
47,0.0010610384606035694,0.00044577996377698215,-0.0013611201422580321,-0.0017494312022222624
48,0.0022867240586578186,0.0009970193498831381,-0.0062303550980361,-0.0033375943836342348
49,0.0019283568748781899,0.0008095306455615237,-0.005917810330567097,-0.0027231252757324853
50,0.0006330381021805165,0.0003101463369095392,-0.00361959599715439,-0.0021593511862746384
51,0.0006091575949578321,0.00032627927733469564,-0.0008279218505665153,-0.0014045338105764804
52,0.0008161685422883869,0.00041951462551673147,-0.0013681452519748727,-0.0006804158910033165
53,0.0012112148530263322,0.0005091975727992415,-0.0006109550647822592,-0.0029823523612343417
54,0.0030329811074139013,0.001212161512772203,-0.007067874367054028,-0.0055601014098111134
55,0.001293665863056015,0.000712451123337815,-0.005102472663161606,-0.0015945376041772708
56,0.002277013010594131,0.0009652935084091541,-0.007506009814455261,-0.0036590456238727587
57,0.0015424297401723797,0.0006851763757106111,-0.00273758091768872,-0.003232988744849008
58,0.0024752215706240754,0.0010489996991861483,-0.0034468449134668067,-0.003936306877180051
59,0.0005006228179632588,0.00018928081555255605,-0.0024480283877212905,-0.0008574850650862054
60,0.0020908528472941557,0.0008357191502531003,-0.005474957600152763,-0.003513744679158326
61,0.00139852873211882,0.0006901488419777113,-0.004936270229873585,-0.0013651087654841243
62,0.0013519354889607316,0.0007189446443112979,-0.006660273454825505,-0.0016004217750296146
63,0.0014380317344406812,0.0004699140772168875,-0.0034035254347033472,-0.0038297071639137314
64,0.0031954202873031856,0.0013713356193691406,-0.008186990244448633,-0.0045312025729288274
65,0.0010521074915266215,0.0006024349904007187,-0.0033771317383369803,-0.0012845936894058108
66,0.0033588663079942016,0.0014904845068287875,-0.009665890981275627,-0.004483024841537064
67,0.0014193969809518925,0.0006289220803138984,-0.0076380166823972195,-0.002362117087036042
68,0.0012265197090582936,0.00042134679471961256,-0.0028927541315079686,-0.0026432641962450543
69,0.002219512290316805,0.000993279164873434,-0.009183002568070697,-0.002535830520991711
70,0.0020064615230945826,0.000957245873225987,-0.005423702435081168,-0.002714285714285669
71,0.002463823192780157,0.001098562347017329,-0.006065555148978996,-0.003936092001378011
72,0.0017176576287079026,0.0007791367819476314,-0.0039052838343438534,-0.0024315911477056362
73,0.00205330226504552,0.0008768522878438156,-0.005390314897047832,-0.0030000978874661355
74,0.0005777180964909867,0.0003776817634390528,-0.001820186870978513,-0.00038992043709373814
75,0.0017854316782373036,0.0007622306036369764,-0.004768530583958208,-0.0030063415632032298
76,0.001449505440097476,0.0005839141843620443,-0.0012113560744457241,-0.0019198850214109386
77,0.002192408732196005,0.0007709882436049142,-0.006154217388822714,-0.004769952671544675
78,0.002354073905996401,0.0009141106189656245,-0.006607443749207242,-0.004141875630095382
79,0.0011685353395454179,0.0005584982487232826,-0.0017773304963009107,-0.0011301617966675837
80,0.001525203578499279,0.000599187640217963,-0.003342996132534415,-0.0020391382005584546
81,0.002598808049064427,0.0009704058314390085,-0.00793356492012054,-0.00537966067255935
82,0.00292923754397989,0.0012000262943875906,-0.011584126033764908,-0.004751194158082672
83,0.0018504932400281726,0.0006884809211177012,-0.006070232163750744,-0.0039570676282357775
84,0.0010300415302357813,0.00046048255625538714,-0.008203495304322683,-0.0010863374929193093
85,0.002491240473212808,0.0009778579115003183,-0.00886558059493009,-0.005258584937671618
86,0.0023876896860648977,0.0010818662002473056,-0.00794388326836587,-0.004088363047345167
87,0.0012162477452518639,0.0005197455633589865,-0.0019830273410479937,-0.0015835740397185383
88,0.0016573317477464045,0.0006356368422770486,-0.003992841521321844,-0.0029954674675555237
89,0.001423173111510967,0.00061251429101708,-0.0023746433533338163,-0.0020785749328664505
90,0.0018918176474588266,0.0007506621469523522,-0.006822765264860198,-0.0032456057007126393
91,0.002489601393581564,0.0010580355549403841,-0.011540930893046919,-0.004328617375053634
92,0.001392658169800498,0.000517468621672762,-0.004749902526727856,-0.0024886987463049737
93,0.0021350606919617876,0.0008473905552222882,-0.005868081924998714,-0.0037410386725454936
94,0.0016711625339543845,0.0007262616716001702,-0.003822088477239527,-0.002944102321174702
95,0.001445278443197695,0.0006065416904855181,-0.0022665303755018407,-0.003364595622400768
96,0.002242014506666057,0.0010154297222052522,-0.009938512779930964,-0.0031795843039130745
97,0.0018160601858460135,0.0007661945943997495,-0.004192802657110306,-0.003147095264927513
98,0.0019128225893126904,0.0008856721234095366,-0.004119067654678343,-0.002124326254951625
99,0.0011262042977746023,0.00044930891545463814,-0.0007674466994814777,-0.0016096422424953793
100,0.0008126817185872826,0.0003870505227046295,-0.002551005084404867,-0.0015481660429792488
101,0.0012710387030421266,0.0005370743305873338,-0.0029002654829518026,-0.0013917041578088707
102,0.0024968917788036338,0.0010069662149548575,-0.004425369200416918,-0.0047770933807195215
103,0.0029576959373546208,0.0011927704321897104,-0.00541260046593367,-0.005414746543778826
104,0.0006901807678365568,0.0003174912221097781,-0.0037149462016507484,-0.001016612196334088
105,0.0015743723753572358,0.0006046624671064982,-0.005564962104640581,-0.0027033076478619744
106,0.0035228320295258575,0.0014909363543237075,-0.010162499046863671,-0.005046811712170363
107,0.001203327144413291,0.0004818757892365577,-0.0009429147556734296,-0.002672094523161972
108,0.0025188238873775637,0.0009396767334110268,-0.004609957322657676,-0.0034590521090038795
109,0.002669670799125501,0.0011230522458920145,-0.006255680110295425,-0.004052040309465488
110,0.002259783109422986,0.0009909572245419551,-0.00833751515198744,-0.0028518700159602117
111,0.003300372721226519,0.0014306621942058728,-0.011059493193430026,-0.004832526382372748
112,0.0015209959943125462,0.0005667283068424289,-0.0015099495385658135,-0.0031518477235702447
113,0.002167993399898094,0.0009731895394960166,-0.006935831834326611,-0.004154468577463377
114,0.001169032589987462,0.0004840044666489518,-0.0020762182547989783,-0.0018119955689190892
115,0.0016027988253206615,0.0007007484939679509,-0.0031808683259192394,-0.0027964051475930507
116,0.0014498451853530159,0.0006821260371505933,-0.005054271675727584,-0.001958140729327096
117,0.0026033401184407667,0.0012162633237298992,-0.006360467454643526,-0.0038569419442829878
118,0.002060489847839131,0.0008560284049879963,-0.008044362248941894,-0.0037000995550218185
119,0.003133771621743109,0.0012334614950706146,-0.006368580329584206,-0.005210883992695092
120,0.002560414056167748,0.0010625066587936494,-0.00580098123085665,-0.0033567033188742768
121,0.0007983988162568734,0.00025728382991777043,0.0002559297163075569,-0.0013901861210251498
122,0.0027869195532848057,0.0012074130381644066,-0.009163614921919139,-0.0038086632714529056
123,0.002247247164105959,0.0010184126736716148,-0.00539899575751418,-0.003233850357210466
124,0.00137831509291525,0.0005890112708114292,-0.004128142661328271,-0.0017945860327648333
125,0.002480872134033807,0.0009189758041160956,-0.007369165449798876,-0.004830347588968387
126,0.0012511805446683288,0.00044535776184459475,-0.0041435781527773274,-0.0029071315745332615
127,0.002881422799984712,0.0011392528397977664,-0.007998123964622683,-0.004535132291340727
128,0.0026317661077951415,0.0011859143746638101,-0.011154251781569147,-0.003703548280659996
129,8.956478899380116e-05,3.622741469688773e-05,0.0022834428678868424,-0.0005138850690769026
130,0.0005478600906425601,0.0002210159843381576,-0.0009786609042402028,-0.0014674823392324399
131,0.0018487921018816023,0.0007112791324712653,-0.0034330814723449454,-0.003539167509755692
132,0.00245094458138273,0.0010022428240203662,-0.00566640854842293,-0.003657742487058746
133,0.0011270327580156225,0.0004968303084083581,-0.0009038219996347352,-0.0018105128747583077
134,0.002347617912165756,0.0009365631287131526,-0.008234648175347858,-0.004201570509038799
135,0.0016498548392909207,0.0007760674763309383,-0.005054032710627876,-0.0024685882030355266
136,0.0010389895003743987,0.0004626978839293583,-0.002231946306969712,-0.0010370344635908246
137,0.002736670363746696,0.0012310036943434521,-0.005649540950942944,-0.0029316433732190506
138,0.0012550486905570368,0.00045834823467932884,-0.0038180709450497674,-0.0025162473675868213
139,0.001560430799396717,0.0005913324976610235,-0.0036377692959673746,-0.002989842726081271
140,0.0022671050614871957,0.0009955815267225776,-0.012045349047676401,-0.0029023939453709513
141,0.0011067679667152719,0.0003330098413631133,-0.0005651113484291814,-0.003089914346710021
142,0.0026174771560657506,0.0010044670453089044,-0.009008247921538537,-0.004024918050906989
143,0.0020751366504397906,0.0009550439427623292,-0.006719802557543453,-0.0034002372617625287
144,0.0017581627830881574,0.0007624388965069284,-0.004032491787416992,-0.0031214765941453004
145,0.0012447381348565378,0.0006029274320182298,-0.0037092887551494202,-0.0015027222195054257
146,0.0017036472607392383,0.0007233188432607118,-0.0075097901477098605,-0.002882030413714709
147,0.0009741328434882401,0.0004875271170882156,-0.0036100734382927824,-0.002009662657822875
148,0.0021973857604266067,0.0008749180227309861,-0.007214995784935563,-0.003452042591099991
149,0.002886606610829512,0.0012110934864979495,-0.005707898341158646,-0.00443065405075771
150,0.001674733573698295,0.0006778820040523881,-0.0037749844462228177,-0.002263579004833205
151,0.002746107258027264,0.0011533123537849632,-0.007403464088521883,-0.0042935496365352765
152,0.0017535675957300878,0.0007814437793108031,-0.003240041908737501,-0.0024800523084153037
153,0.0017025681642954815,0.0006409797517933913,-0.003201022408919174,-0.0033226529193859378
154,0.002703265600301652,0.0011081515152543409,-0.006674568990819252,-0.0037631651942943156
155,0.0011163680716006485,0.000504255610678711,-0.002829759276392285,-0.0013129343841959962
156,0.0019020824516494117,0.0007524701494268093,-0.006986115183881758,-0.003094361967601489
157,0.0027398194655927077,0.0010239107882726306,-0.009565672567292127,-0.005508096201928936
158,0.0017253550633962722,0.0006303789259553827,-0.0012823711078571165,-0.002834412608741399
159,0.0018868410501727273,0.0007581946736051615,-0.003773635278703946,-0.0036681880349760387
160,0.002048492303132754,0.0007627886676232487,-0.003320590727379058,-0.004752696566761583
161,0.002451815804112356,0.0010574742202420773,-0.005928140773483914,-0.0037261584846299822
162,0.0027979525423357243,0.001224622933046593,-0.008331951402022031,-0.0043136634498760484
163,0.0018766920220623096,0.0008748704676169172,-0.004193795467022587,-0.0030413992237139365
164,0.0011433226650365835,0.000563779315537638,-0.004698336297689287,-0.0014024051653904746
165,0.0025506444849503485,0.0012014117503160726,-0.009256607275922646,-0.002494667995108446
166,0.0015135447097988641,0.0005450924159494941,-0.000358633480824766,-0.0035876238877939892
167,0.0022403719042390913,0.0008551605622968694,-0.004490511955467236,-0.004330439342207115
168,0.00254091760113323,0.0012061921743373172,-0.008221434862222043,-0.002319575848987676
169,0.0019682977064891527,0.0008259723947156572,-0.003833573144368607,-0.003973557262819338
170,0.0020273328111817257,0.0008982780621472064,-0.008072208318954777,-0.002944272544578852
171,0.0028230765294199323,0.0012117565754382886,-0.008060685262344491,-0.0025893994763446226
172,0.001971142770589851,0.0007894926573048244,-0.004437654328842133,-0.003529629168577131
173,0.0023610045559571136,0.0009226697454112476,-0.003958795066380749,-0.0038284910965322716
174,0.0008215722668413195,0.00044170251858494103,-0.0014585066161861837,-0.0013983435660478438
175,0.0023647780030968124,0.0010262771995594722,-0.0062814712199770195,-0.0028109466574604003
176,0.0012942854244180624,0.0006535734991632569,-0.0066270309673492345,-0.002381522737253894
177,0.0020295562592589356,0.0008046072157411877,-0.006585285841612443,-0.003656762244068079
178,0.0014719485741772065,0.0006715262594474414,-0.0052904081892066745,-0.0019264620282902767
179,0.001265274852557674,0.0005571450537172618,-0.0019187061485865242,-0.0025144761986868325
180,0.001980470698259129,0.000929041295672034,-0.007753388858948607,-0.0028149801587302736
181,0.002866907953697484,0.0012390791726060446,-0.011411353702219351,-0.0042357458491445454
182,0.0018564503210662942,0.000738738545424722,-0.003634384463286011,-0.0036483289914522876
183,0.001495006490866757,0.0005990316777428895,-0.004705065837672606,-0.002180139322315533
184,0.0014345908366523163,0.0006436567830189477,-0.0028527940023092557,-0.002771335300750355
185,0.001181320835302424,0.00044979713011397693,-0.0051462380465636115,-0.0016070978050626294
186,0.0023765303369781554,0.0009354418709960621,-0.005218440269893654,-0.004553415061295807
187,0.001901600368599321,0.0006234995654725572,-0.0009616769500735978,-0.00449646820710603
188,0.0023498331244227733,0.0010188232668120467,-0.0049460789381375325,-0.003902134750577102
189,0.0029830119613849515,0.0011764145388717673,-0.008462539565606775,-0.0045251807511049735
190,0.0026390456287476716,0.0011510504189681803,-0.007309916662035676,-0.0034648488604283045
191,0.0007199025548406679,0.0004041211238025866,-0.0029396074422285423,-0.0005142648222772328
192,0.0026574241111275154,0.0011290026376670481,-0.003617937406821703,-0.0042013444302175795
193,0.0014397187082582086,0.0005990444058165401,-0.006398457276013181,-0.0017679044730443128
194,0.0012793637253830092,0.0005349593415486797,-0.0010042423896692854,-0.0025343692236600157
195,0.002830311816872655,0.0011578392923458636,-0.007828793977195547,-0.003870862542171838
196,0.002671982111353055,0.0011857743213079253,-0.006956179560962561,-0.0034165855372474407
197,0.0013716273258134737,0.00046756954077772916,0.000988223635929819,-0.0033380850558327735
198,0.0021351104173266133,0.0009006252189431019,-0.006534969922793121,-0.003135605039282341
199,0.0016444761582757872,0.000723548721111994,-0.0021688736038473766,-0.0024033125012613565
200,0.001305842705600413,0.0005847390925304841,-0.004313101782780326,-0.0009413018885576774
201,0.0015085423148681887,0.0006625889517589412,-0.005792295842135975,-0.0031762824575601867
202,0.0019257474442408995,0.0006873111860910552,-0.003520512593060132,-0.003506906284251432
203,0.002410462978549077,0.0010160225492185926,-0.005256083688285174,-0.0044902419984388375
204,0.0018058115073256165,0.0007300005736198267,-0.0096943095958541,-0.0029402459988030483
205,0.002405446365499775,0.0010483239489264273,-0.004515504400955717,-0.0029799827717079674
206,0.002668254876637688,0.0011331688766872683,-0.009414552888963257,-0.003938046611618562
207,0.0015232367267472569,0.00063651924694344,-0.006852841237706353,-0.0017417787359271797
208,0.00044455562882472766,0.0001904084055058819,-0.0021862944141476937,-0.0011542456679953794
209,0.002371221033388937,0.0009090176093363711,-0.003203419426992482,-0.004579258845563983
210,0.0019103757974684998,0.0007946616893408642,-0.005832083118997022,-0.003067909168438354
211,0.0021482944956385808,0.0008701189372407603,-0.004566793443475936,-0.0032595634536374263
212,0.002084760725151069,0.0009160076518687221,-0.006830177263096537,-0.0037458573695847708
213,0.0012971316944887512,0.0004396216272983533,-0.002225081681283936,-0.002717917386374169
214,0.00263167825387034,0.001114896237406321,-0.0055503463947065845,-0.0037118258609487587
215,0.00018574510602376026,0.00019421108708939094,-0.000925691064120604,-9.682790083109793e-05
216,0.0019441027518675158,0.0009531153840741935,-0.0097344574353454,-0.002720684970711429
217,0.0013370688886796267,0.0005368111342086146,-0.003839258158144898,-0.001831805247090923
218,0.0017137504613338184,0.0007076627596206142,-0.0019901842907610323,-0.0031665829392015787
219,0.002328396140099054,0.0009878595687690672,-0.00527610685121177,-0.003984632063449789
220,0.0017997728669638668,0.0007093238860496898,-0.00527821529137068,-0.0022791457338378063
221,0.002957712725026096,0.0012165758304410468,-0.010209380634870258,-0.004523606085859
222,0.0012687832651183673,0.000432142379419298,-0.0009832271955780292,-0.0030389779309422105
223,0.001774380263005415,0.0008120278975043971,-0.0026781242041302167,-0.0034217674458227876
224,0.002404583610154387,0.0010553761618920798,-0.005371707160170824,-0.0035887166120167624
225,0.002006158334276198,0.0009641395534652486,-0.0036471498866887386,-0.002769934113217687
226,0.0029624597184127466,0.0012128521834079142,-0.00791868002483831,-0.004594335758777213
227,0.003512201492958833,0.0015155675759317977,-0.012966659919907142,-0.005144798704120657
228,0.0030846994147504248,0.0013674273952055949,-0.00889367304191735,-0.004316540774496946
229,0.001412746089625716,0.0005737710626496639,-0.0028441769314723753,-0.002715690245608915
230,0.0017799880796449674,0.0008311484266524671,-0.005460364167080678,-0.001874696405440468
231,0.0017622218698337688,0.0007893250186860046,-0.006955069155017868,-0.003148498073474282
232,0.002790392314543033,0.0011673158509983295,-0.008019916803994165,-0.004434656972408635
233,0.0014480129840342415,0.0005545708550571682,-0.003470915019155696,-0.0029009744241532687
234,0.0023046572971748835,0.000899825886344241,-0.007051140453894378,-0.0047776206192048365
235,0.002436421418728796,0.0010711514098885322,-0.007557420564671402,-0.0032011880855483676
236,0.0017062577660406086,0.0008626213148626438,-0.007749431480115809,-0.0015078906056349428
237,0.001978817150462553,0.0008023648397358085,-0.0031410867905091178,-0.0037584663147668396
238,0.002297872539823387,0.0009904775740003369,-0.004550051887898532,-0.0033813593813594167
239,0.001745957707247281,0.0007239455518593396,-0.006565646974399542,-0.0036721694022674445
240,0.0017364286373400262,0.0006752796057051258,-0.005735984307275732,-0.0034226105590016154
241,0.0010472910227508625,0.00046075879910631445,-0.0005072895652064591,-0.0006058934630363
242,0.002596509707084027,0.001068769316048962,-0.012011477006180493,-0.0030059545161059686
243,0.00214841543173816,0.0008791845508892282,-0.005580734556864919,-0.003871982670497487
244,0.0018916611184940368,0.0008304013642419505,-0.007979752666117501,-0.0028398058252427916
245,0.0017201469178429463,0.0007384084237043176,-0.0070828934634109,-0.002954528464732653
246,0.00046507000989387537,0.000311214851160202,-0.002186126830190982,-0.00018816957005340917
247,0.0018313927584621692,0.0006631948511273966,-0.004002997594001911,-0.004077257674379942
248,0.00189037090344929,0.0007782099842795209,-0.00455083522273908,-0.0027138055762543356
249,0.00242738096572237,0.0010769074001256984,-0.01071891995135782,-0.004003642326163126
250,0.0019271858030018296,0.0008612028983578102,-0.00509390908962748,-0.0029620226383157977
251,0.0023278541983163814,0.0010205005942608147,-0.007762532030935965,-0.0038253959797421855
252,0.0019692994920819107,0.0008962568480722355,-0.009614147422435715,-0.0020372862127417957
253,0.0021552125882394746,0.0008369184401905427,-0.004937811582624796,-0.003101038619064078
254,0.0021136886183450443,0.0009669058520084817,-0.00333489814345439,-0.002655394353175411
255,0.0017224739024869207,0.0007041279755636842,-0.007886284779781372,-0.003027500608420608
256,0.0028194743286177326,0.0012349650608513563,-0.0068568267165921015,-0.003264879574689017
257,0.002506000106190065,0.0011505722295078735,-0.008541298455785273,-0.002794363204905337
258,0.002223909258903367,0.0009440058312934763,-0.007933400375191413,-0.002746465970681844
259,0.002581484235628373,0.001103562006322889,-0.010577481533146638,-0.0048284427883869
260,0.0017986108921261845,0.0007054940524609254,-0.003393949522215056,-0.0019507339012101443
261,0.0011694726908694775,0.000567352451686598,-0.0043616339796270776,-0.0019223973305606545
262,0.0016683160621756565,0.0007112115451137213,-0.0028511495813964838,-0.0025133258720293483
263,0.0016740618695741394,0.0006608479611179274,-9.822561099109839e-05,-0.0034926500825187556
264,0.0018878491569138678,0.0007601253483744408,-0.004067290657544909,-0.004112199718001808
265,0.002908275952548278,0.0011809976987351423,-0.007290345246522667,-0.004725061518076834
266,0.0007079105897584981,0.0003561365774464309,-0.0016069726886062674,-0.0015778221048734498
267,0.0017901495202233275,0.0008653999333675666,-0.004871868981602134,-0.001815554452552659
268,0.0024777447367554384,0.0010086191030893865,-0.005352099841056557,-0.0034307944787069777
269,0.0023973278917788776,0.00094496016440071,-0.006996625619207109,-0.0030137957710161256
270,0.0004322228163980979,0.0002384673123876635,0.0013540735430940254,-0.0011870025177893595
271,0.0019395650083018356,0.0008900019657329117,-0.007317684320465423,-0.002213631107220615
272,0.0020924242990586484,0.0009009112354079474,-0.009621229450246016,-0.0033018790357062233
273,0.0015693574942803323,0.0006313738873513497,-0.005012259236976957,-0.0031004462049005754
274,0.002781779757212499,0.0010684134814187563,-0.008488371183462518,-0.004944900596341895
275,0.0023840770311991943,0.0009477602207878799,-0.00720896540211019,-0.00508493970601176
276,0.0014940425210251407,0.0006678067402265397,-0.005252861591066804,-0.0020492407489310915
277,0.0025318410895203147,0.001157858980046944,-0.0067944750606545035,-0.0032015510938515623
278,0.001775843959664014,0.0006933318105393216,-0.005804984517035261,-0.004518723548411874
279,0.0015919699518285868,0.0006197371037472976,-0.003903800086300091,-0.0034100302263895266
280,0.0010020714521117302,0.00047153697847795994,-0.001181357937317551,-0.0006122917570221542
281,0.0019077891919531131,0.0008095214066621559,-0.006021548718782077,-0.003234044915748302
282,0.0022149315525823443,0.00107380039448024,-0.008589396995323573,-0.0028335785334452357
283,0.0016151843677200683,0.0006174831753376353,-0.004793927909523987,-0.0028334784633766708
284,0.0016352359183419152,0.0006994503526406293,-0.0013554658416326526,-0.002659832726075173
285,0.0024064588227816763,0.0010548585756567919,-0.00691604469780277,-0.0030663115088058746
286,0.002484452078888477,0.0011622398028836856,-0.009298220305846427,-0.00384852895769916
287,0.0012637416677435676,0.0004150122676978285,-0.0003818248931137802,-0.003574020077754758
288,0.0009711602228797966,0.0005399621767319951,-0.004501986177887662,-0.001463659381043203
289,0.0018327559319147868,0.00070837065049284,-0.005343497113642903,-0.0034588473627299443
290,0.0016230427149490079,0.0007134199425163912,-0.0033375568692792235,-0.002644763987776688
291,0.0025172153425311317,0.0009348813356533647,-0.004833713518090921,-0.00482763193304192
292,8.130493849162201e-05,0.00013881590341116579,0.0009477312002139637,0.00082507195394943
293,0.001019156726836945,0.00027036871171268184,0.0012797504853237496,-0.0010788903157012975
294,0.0019807697924331125,0.0009516660724137038,-0.006299790413996198,-0.0027828527770396017
295,0.0014366395194471693,0.000537594809486508,-0.0006241897610996805,-0.002756863679201249
296,0.0022383419188056752,0.000925609883980244,-0.005933457152861865,-0.00311343734337044
297,0.002388531222436374,0.0009283243648484929,-0.005668305608624691,-0.0037890681609583643
298,0.001054866820532574,0.0005706004205064119,-0.006785534161153017,-0.0017110933488964086
299,0.0028403488502419805,0.0012726768661490973,-0.00961721933391041,-0.0039956034365647985
300,0.0022247009026764575,0.0008148298753348215,-0.004906690964620597,-0.003957052682381668
301,0.0020555917382754085,0.0008963528423978073,-0.00847783031475352,-0.0032824194351360747
302,0.001643057203111864,0.0007681554038830862,-0.006648921947560282,-0.0027332719459790544
303,0.0015946162888161863,0.0007512960941839508,-0.0074253070842972835,-0.0030540253655680916
304,0.00243923124825024,0.000957188040518947,-0.006702401368259336,-0.0031810737995034977
305,0.0012163747622959686,0.0005161815200896702,-0.0023380209246872674,-0.0013650631143280467
306,0.0011061695741588773,0.00044031719219492227,-0.003031862007162267,-0.0025793551436434914
307,0.0016041947788291155,0.0007655742525555509,-0.007288151467222559,-0.002352421304359198
308,0.0019605201854461796,0.0008552467728009383,-0.007461841000481972,-0.0022360712190587773
309,0.0005556764213165422,0.0002740982061656405,0.0013741635353677895,-0.0009394853254305335
310,0.0035397777014800624,0.0014652610399135402,-0.011875259706477848,-0.004553844605326041
311,0.0017492687226887127,0.0007568982031483373,-0.007917131023901236,-0.0031048022242010642
312,0.0034727626256637056,0.0014305204503431979,-0.012033621081778467,-0.005790960451977245
313,0.002580748709728964,0.0010793813139977626,-0.007407561417672626,-0.00406682185403251
314,0.00251100226221479,0.0010289233457489444,-0.004301503300413956,-0.005039658018099913
315,0.002325003379367363,0.0009270173294154416,-0.0047456929856298236,-0.004114553251519437
316,0.0019700248700452727,0.0008870859383713903,-0.0038351987561695555,-0.0023577229189775117
317,0.0017562724452238054,0.000637674765095464,-0.0025322777701811128,-0.00363859894807117
318,0.001211952316751419,0.00043982867613687193,-0.005521403781217016,-0.001993377822751108
319,0.003040399391250781,0.0011975893118935932,-0.004384355123108641,-0.0044434828917586655
320,0.0021264028990678474,0.0008214996755933346,-0.0047959138272537505,-0.004144736094217172
321,0.0019427355829894077,0.0008750979695328065,-0.005479286652941895,-0.002730223798701581
322,0.0017649890469622065,0.0007276361160346856,-0.0032581790509393915,-0.0033133941795960853
323,0.002299010618403985,0.0008964228787439188,-0.005288758549941708,-0.003988124318839437
324,0.001966075900521891,0.0008777825053959687,-0.0045663282294826635,-0.002821196103271917
325,0.0015821107988660543,0.0008065006743922243,-0.003367303323906612,-0.0013794113592500157
326,0.0024406761252453446,0.0009739841987294051,-0.006061449434048238,-0.004336957027949451
327,0.001905204622386969,0.0008944973703435555,-0.00618321498276353,-0.0035272921483524566
328,0.002929474650306352,0.0012876278340822611,-0.008823057265428647,-0.0038058123181637926
329,0.002387870917422097,0.0009350015863012484,-0.0037380077468476824,-0.003930600337786028
330,0.0015129247408300905,0.0005709046285851394,-0.003479045763597921,-0.0026689856430253123
331,0.0018135955562189054,0.0006747075001657388,-0.008123846067231433,-0.0031236418948283884
332,0.0022861971845700158,0.0008569448530714729,-0.00338036572554834,-0.004563731249580649
333,0.002188514062490765,0.0010217220529031845,-0.00816363170951595,-0.001914191236951246
334,0.001595911111769932,0.0007329992609365343,-0.0046334986322634775,-0.0025173507015229246
335,0.002026504273178076,0.0008805470796891812,-0.005331577585702796,-0.003040475449439195
336,0.0024481746623171707,0.0010303152752838274,-0.004749825084927051,-0.0034719147917506854
337,0.001205652652712219,0.0005199183190007228,-0.0018244926713306686,-0.0021407764745773328
338,0.0007713644343207982,0.0003265339172087156,0.00010945557646563353,-0.0012153141065882611
339,0.0018369502938430093,0.0007840278623386376,-0.0027159580836561004,-0.002128033546345942
340,0.001674693540046679,0.0006922195782771146,-0.0021278987782698544,-0.00330341543903534
341,0.0004364012698995223,0.0001896937641200913,-0.002001476044145134,-0.0013015328243262125
342,0.0019925246596745882,0.0008690711917838101,-0.0032050902807672643,-0.0031073190207371315
343,0.001611906800946361,0.0006962455555758473,-0.004969471299900774,-0.0035178467535027513
344,0.001694883846447115,0.000736374103707943,-0.006276213328750779,-0.0026846623777375678
345,0.0025873107670138507,0.0011014842099379696,-0.008159371933160575,-0.00395086249703136
346,0.0030793694569484775,0.001474455397896507,-0.009091999852387123,-0.003508133672885938
347,0.0021319704262418027,0.0009439695199785492,-0.003497588642055849,-0.002511367047642765
348,0.0009563479332065361,0.0004060447496270214,-0.0017066930317514162,-0.0011554010072287735
349,0.0011651221388142563,0.0005731560944917113,-0.0036576970269854847,-0.0015918446102392014
350,0.0009436016031392214,0.0004157484535797784,-0.0027438943653850245,-0.0017322627352902575
351,0.0011637409779906571,0.0004759247965416824,-0.002213966479471474,-0.0025293861410398133
352,0.0015525540064038057,0.0006403379755396676,-0.003190624394619701,-0.003096179183135872
353,0.0026978319654381577,0.0010510269261924388,-0.00709601170619345,-0.00457747072204906
354,0.0008657411568920859,0.0005111608553160507,-0.0028628773297138532,-0.001103026103026039
355,0.0006890251425100136,0.00029431382643857473,-0.004802617645891738,-0.0010475159751731633
356,0.0013690287489975805,0.0004726803403998503,-0.004031249479565124,-0.0027191397541969087
357,0.003042768343858915,0.0013104901048121842,-0.010163918284503193,-0.004447436980706931
358,0.002820908140416245,0.0011480960583466204,-0.013259264071476484,-0.004595989837036463
359,0.0013586941104895,0.0006074219107030099,-0.004235722476442494,-0.0022361662623499035
360,0.002152060705190917,0.0009708822153892405,-0.006637373682990222,-0.002441264794206033
361,0.0019693296496371415,0.0006739000276951845,-0.0019176705192641696,-0.004843409259905784
362,0.0022320222616903362,0.0008132595379538865,-0.006244423448970304,-0.004375163504821589
363,0.0017456373812702042,0.0006627460227129345,-0.0012584480734922354,-0.0034294294676431303
364,0.001477189958467351,0.0006759771117569868,-0.00429669190950166,-0.0016454910019398916
365,0.0025491040270196885,0.0010280022218298879,-0.005185328758211816,-0.00547145470299415
366,0.0017787074763891964,0.0008934732390866174,-0.007018746476935178,-0.0023341445684124107
367,0.0032449766130274726,0.001315345711419974,-0.00984444489510572,-0.005130534334263803
368,0.002959790524894812,0.0011626125795740627,-0.00917689776140762,-0.00559972175295631
369,0.0020671000892868996,0.000832447456611235,-0.005107378474360158,-0.00454110583267342
370,0.0024915429496301655,0.0011435765339603554,-0.006172513036685479,-0.0035249806291108854
371,0.0010813928138894147,0.0004940858734177045,-0.0018313383782328496,-0.001373689229580921
372,0.0012557061770108735,0.0005438655851321417,-0.004265383295494529,-0.002079989574330865
373,0.0015638102837295387,0.0005294779488954349,-0.003645759611463517,-0.0033775766397761142
374,0.0023503833931303175,0.00100011382513282,-0.0039388346104720084,-0.0035416454041740097
375,0.0028768284244240494,0.0012364202363880639,-0.009268326137323757,-0.0047723503988927884
376,0.0020344714348066173,0.0009449827924399024,-0.006070728241802603,-0.003683691806201761
377,0.0018397770563132188,0.0008292917111289988,-0.0036277442549867978,-0.002736731156007366
378,0.0006310268864471169,0.00018345881367343164,0.0024611836454379588,-0.0019985711839689557
379,0.0017817851943590646,0.0008519591048666564,-0.006356683814859931,-0.0015550337782171963
380,0.0023905010645685065,0.001084173197926891,-0.007743305009547785,-0.0027846027846027965
381,0.0016962251207385814,0.0008022180079521324,-0.006403295702925582,-0.0021267167320739855
382,0.003233624882168995,0.0013680493742638244,-0.004331540362749409,-0.00577756379393346
383,0.0025023630003463415,0.0009317366257994564,-0.0052965742791833414,-0.004823149737739119
384,0.002098959218260532,0.0009559512227429734,-0.0076787759765448715,-0.0032695343395457988
385,0.0015372587529328685,0.000656680052143116,-0.0028022431639399548,-0.0032697925005951145
386,0.0017628193967194061,0.0007968801720581453,-0.005426245421666476,-0.0032031095927884667
387,0.001961086699593273,0.0008993680286043526,-0.007949164590308144,-0.0016864700832279755
388,0.0008693755082032073,0.0004206722864248391,-0.0021672125769340855,-0.0008690924983033588
389,0.0016873155103943605,0.0007285067394371958,-0.00812752516109605,-0.003800069092165348
390,0.0011567283320522148,0.0003598321981853059,-0.0011088369927549357,-0.0029696676921512344
391,0.0014307836297596799,0.0005970665957877597,-0.0029550461077674783,-0.0024190389887648323
392,0.001395832843953837,0.0004970674402926256,4.1829763642975415e-05,-0.0031043282213908396
393,0.002347151170107087,0.0009752026909622957,-0.0045117077411842565,-0.0035592034343854273
394,0.0038072211562452662,0.0016364950848230808,-0.006922204442790569,-0.005671012988167412
395,0.0019092364544396334,0.0007412857584546684,-0.003563326897094321,-0.002895628421706653
396,0.002518699576445571,0.0011151597863855167,-0.006723652804668856,-0.004179579837079617
397,0.0024304109674462837,0.0009498453933092788,-0.007327327451601973,-0.004259645688756808
398,0.0017885428167625506,0.0008022266955905188,-0.005342682545170563,-0.002729739070467918
399,0.00119158832459354,0.00039031302250067124,-0.002356193517543126,-0.0023082507554557097
400,0.002364406840654698,0.0009152782830813833,-0.008605101543772198,-0.004846069079513793
401,0.001753751944608306,0.0007198692877481982,-0.004508386162419276,-0.0028065073252074857
402,-3.9500717004536945e-05,8.674325929122761e-05,0.0007090183437771236,0.001238331288069383
403,0.0024684418079485293,0.001036173792870826,-0.006179760048061589,-0.003354791581061889
404,0.0009718917987185938,0.00043579246942457295,0.0008769738592563914,-0.0018266054064176585
405,0.0016343858898600905,0.0006675965992456734,-0.0023918194279070604,-0.0023334005673685265
406,0.0022341391306427427,0.0008455807553006678,-0.00795275228252662,-0.0034368437587842804
407,0.002120443788896864,0.0010906451464474942,-0.005234625619012778,-0.0016091195228047361
408,0.0016747346648540162,0.0006906345087193677,-0.004836072239695066,-0.0038047648251071653
409,0.0008144394946396627,0.00022302740861201986,0.0008100430037565332,-0.0025092669312285487
410,0.0023550077292741056,0.0009670865149316032,-0.006642558769720641,-0.004250314952282563
411,0.002204281887221493,0.0009177811723363183,-0.004439517040584762,-0.003778516590476566
412,0.0025526536186638027,0.0010892703609401977,-0.009029796643736099,-0.0036345330282636645
413,0.0013418780142755438,0.0004830999063978325,-0.0027958818447521017,-0.0021985422871424465
414,0.0009783437724706356,0.0003976182641549919,-0.0035741438136803194,-0.0019816851126778223
415,0.0025809588152730933,0.0010488641260047449,-0.005287292285521661,-0.0043880571885567266
416,0.002718104397446186,0.0011693462637712981,-0.006694303214403785,-0.0038214531680441644
417,0.004212401396872845,0.0017855252280830625,-0.011269309689507123,-0.005992030903062995
418,0.0022926001502611704,0.0009359227045664109,-0.005285582201402628,-0.004103352700735252
419,0.0012490874285869258,0.0005318943337205839,-0.0022442390588674477,-0.002060868080285605
420,0.0011294913583959065,0.0004465904406874832,-0.003862557152424173,-0.00214237701199671
421,0.0018588284102493136,0.0008466794275214795,-0.004524514030363469,-0.0025252283770915707
422,0.0030921555387755095,0.0013203584003504965,-0.01088533994041846,-0.0038391442799370346
423,0.001361420746141928,0.0005401437629205252,-0.0013041574359907715,-0.0023318596189210172
424,0.0011176186354382445,0.0005060166342750472,-0.005615677590776913,-0.0017606470356642534
425,-0.00024540740689238394,-1.4966810673616715e-05,0.001143938967696434,0.00048669405250933995
426,0.003278867678270181,0.001399698155453044,-0.006019791835649213,-0.005074229015270659
427,0.002969574531191621,0.001190925336171017,-0.005500032570201818,-0.004094891048292082
428,0.0032108189106618834,0.0013496924098403418,-0.010056086727218916,-0.004574012985347875
429,0.0028011537933657626,0.0012242577397962306,-0.004949149839095002,-0.0031593115262257276
430,0.0011864795184444166,0.0003695933847599475,0.000785626945667639,-0.0019682991520111326
431,0.0019420463533599275,0.0007449314950047081,-0.008929060741047101,-0.003802274428198582
432,0.001249865744221812,0.0004970737826256455,-0.0024088809368644215,-0.002503110090363525
433,0.0017165259491085938,0.0007736219056624638,-0.006488665280362127,-0.0017030457435333046
434,0.001957572467211288,0.0008509153675521908,-0.005458397775998103,-0.0027084314649081787
435,0.0018377130711204614,0.0006833864431570469,-0.007667739575719479,-0.0033071224124151533
436,0.0021403395213829834,0.000913975058081995,-0.004434641173903575,-0.003992191202264017
437,0.0030387749968149302,0.0013667965367478996,-0.009796304494498309,-0.004319085811163359
438,0.0016390084794880022,0.0007158938322273933,-0.0008645593080821024,-0.0026267769373400363
439,0.0025720665910027307,0.00114442545918933,-0.007915534038411332,-0.002678126557050353
440,0.0021395589849980134,0.000733921656112968,-0.003853800891061465,-0.004293835592746542
441,0.0025968077004966394,0.0011258514927827423,-0.007013261727541464,-0.003929281372658133
442,0.002952787986067351,0.0012273841792173057,-0.00698956956926533,-0.0048946797618084625
443,0.0023561659611943675,0.0009988853794515307,-0.008377537559590031,-0.0032318628529994786
444,0.0027296401351334376,0.0011424648351317235,-0.005861979361786618,-0.005652082130008895
445,0.0017289132347069192,0.0007140885563517996,-0.004402331541253024,-0.003284624835900418
446,0.002022178713127265,0.0008368653527799641,-0.0067540984234478185,-0.0032544980191949735
447,0.0013215548957743462,0.00047654098456845206,-0.0006447454606472447,-0.002000084480864972
448,0.0016427249618141682,0.0007270206953681191,-0.004886484327007612,-0.0025504680399767166
449,0.002722794870285483,0.00122811253037039,-0.00874831908337581,-0.003414613423959212
450,0.0013078028585171153,0.0005315156929027454,-0.0016138879739207579,-0.0017453262296653893
451,0.0016712068937260738,0.0007712306843114525,-0.0048677430094059004,-0.0031978357062611984
452,0.0014227928959900105,0.0005704453039496737,-0.003546455696641082,-0.0023992872705461687
453,0.0025881814389453472,0.0009578399272649474,-0.008371008222784693,-0.005404568597770831
454,0.001117232884673247,0.0004826528956580478,-0.0009170958848749855,-0.0019031256711115052
455,0.0021956456046804407,0.0010101740717150531,-0.008284472561449152,-0.003389928556966404
456,0.0011972393098680367,0.0003903482995918639,0.0012032839284039087,-0.0021755369597880048
457,0.001603817745853997,0.0006672910611112137,-0.002886951630907686,-0.0018779178948714614
458,0.0012267719883232164,0.0004091461150599329,-0.0034821361514997262,-0.0027155088585538723
459,0.0014619010730054227,0.0006609478759474485,-0.0027049726994942125,-0.002433072834101657
460,0.002379740264484509,0.0009549056222066532,-0.006896546446080343,-0.005656021432720482
461,0.0009692186716471207,0.00045898696895105284,-0.0008681725812930696,-0.0009401869659549922
462,0.0019074881880061234,0.000857656246300964,-0.008044857084735124,-0.0034386658704825823
463,0.0026261206415300054,0.0010699352379160143,-0.0032977110711193136,-0.004264466651173526
464,0.0019325442386369795,0.0007873468316681176,-0.004938664366841983,-0.0036903167315943675
465,0.0019736810197313326,0.0008597117394160969,-0.003519564591413893,-0.001910149784004167
466,0.0030595963061195164,0.0012824240441489942,-0.006610796585119649,-0.004601059571805011
467,0.0017179439961654275,0.000655906493520042,-0.0037230198703427364,-0.002916556988681207
468,0.0008662323025009355,0.00031194297325490283,0.0005436685751440407,-0.0017488394715572397
469,0.002190518055682711,0.0008701354803542227,-0.003959576479675764,-0.0030558192132870143
470,0.0011977572043253004,0.00047954601576769007,-0.0033657729963142424,-0.003114729809816197
471,0.0014430761924018598,0.000659384910406513,-0.0069615692902921245,-0.0024672855312660724
472,0.0018714555512319153,0.0007202897198138047,-0.005129727898109393,-0.0026250196388155622
473,0.0007776626534434228,0.00041288225617294727,-0.006577113971451887,-0.0003168165725727645
474,0.0010163614815222877,0.00040735800229418917,-0.0008411292897066991,-0.0019187666127888914
475,0.0028123348410273308,0.0011352777747889453,-0.008365295032329412,-0.004008426131029252
476,0.0017542795734173944,0.0005958593444315152,-0.0009048137861429328,-0.003520414926758253
477,0.001196771429863075,0.0005595312336947045,-0.0036390330344822086,-0.0022249904377500407
478,0.0016863696977306164,0.0007588382844751773,-0.004993270122644722,-0.002704234962396579
479,0.002654268094945622,0.0011674126705919219,-0.011647597005203514,-0.004146317904790142
480,0.0007585851835442137,0.00030177725535440736,-6.509725202219485e-05,-0.0018060596337049484
481,0.001315161878929938,0.0005110724402824507,-0.001791523699935682,-0.002740016992353489
482,0.0025624534433526525,0.0009942090163130857,-0.008423049341677202,-0.004743486705512057
483,0.0015290820896125545,0.0004969420758220433,-0.0027971055092153585,-0.003385371378629154
484,0.0006445394991205777,0.0002722351599526718,-3.7961906215633334e-05,-0.0008038375710585077
485,0.0015738881817921602,0.0006266023968821421,-0.0042081164568812945,-0.002960292219968186
486,0.0013917471461648567,0.0005324448267499116,-0.005943861057945643,-0.003124827166638977
487,0.002599139663604366,0.001047105682667665,-0.005613766969929879,-0.004607985029896233
488,0.0012793055313508606,0.0006112859495988887,-0.0035881916763607635,-0.0022184470332309303
489,0.0002664853718111204,0.00017108672428609029,0.002257750770366884,0.0004414174278077887
490,0.0023878780249240728,0.0009935699537487186,-0.004529035434496231,-0.004004063334008379
491,0.002651515799409032,0.0011727128863704972,-0.010245615969952049,-0.004485520002761367
492,0.002820821925576311,0.0011891487308784698,-0.006634348404562895,-0.004998496843371059
493,0.002135227874589418,0.0009460637429229146,-0.003883612056960861,-0.0037699100077199788
494,0.0005321012056899166,0.00023827035744078406,-0.0003060717538187485,-0.001008182993477158
495,0.00041974768673957996,0.00012154066574385225,0.004131678438011488,-0.0013809419496166875
496,0.0025786693976350694,0.0011048029023463246,-0.004821506152386079,-0.0036602975251015524
497,0.002567653726917807,0.0011526964099407844,-0.007933091327783637,-0.004079205417297338
498,0.0017058335240611178,0.0005749019117898269,0.0006211871869281627,-0.0025000427357730892
499,0.002267861235313917,0.0009177262830631361,-0.007341486162133315,-0.004007296578758535
500,0.0015699509932390332,0.0007376821561135005,-0.004476369581291384,-0.002287775021067806
501,0.0029583842507704405,0.0012340005495179995,-0.004935005579853602,-0.004461890152720249
502,0.0013115131978463368,0.0004887324109451308,-0.004459050658311758,-0.0021547766061872364
503,0.0021208595793857365,0.0009046390153118755,-0.005506995916612856,-0.003212603520278412
504,0.002284771322144219,0.0010191024400379445,-0.007228282538601305,-0.00313536960361116
505,0.0014539622706680744,0.0006240575271958537,-0.00301655776724008,-0.0028729798101867488
506,0.0015038083803977087,0.000555204130858189,-0.0033782848988484493,-0.002653089026633082
507,0.0012495360619928508,0.000471457237957551,5.285530979837194e-06,-0.0023682752442459876
508,0.0018174468164365853,0.0006832679401810038,-0.002840124160282287,-0.0032712266929366685
509,0.00194104742736656,0.0007221225964913203,-0.0026890243705536276,-0.0035452322738386277
510,0.0010187583111880283,0.0006374963339828288,-0.004591768142085284,-0.000812566049792407
511,0.0023765320780493315,0.0009728591011277099,-0.0019630325166777873,-0.003888021146221221
512,0.0009776493936829445,0.000409922273586355,-0.0026106048707434937,-0.001343250963924958
513,0.0020896856208910686,0.0009486798326528434,-0.007049942509814056,-0.0022660146551304328
514,0.0005528421357416935,0.00028262995640399025,-0.0008072050023332222,-0.0016156023865274705
515,0.0022861688814025394,0.0008243361006336491,-0.0012990559343925567,-0.00409572289509097
516,0.0020967336410315784,0.0009134154027358732,-0.007776028614968344,-0.0034424478550317827
517,0.0022426633599152423,0.0008806110226140806,-0.005560132057049694,-0.0042246422642105985
518,0.0016791247438942003,0.0007298515247907977,-0.006644057350410237,-0.003448043083661978
519,0.0008501169548998933,0.00023556888218961847,0.0022668521858948965,-0.0029876475316213957
520,0.0017220924367180035,0.0007699799063666246,-0.005878926397190842,-0.0018483766737684704
521,0.002079091868085192,0.000785178424874744,-0.0028647389620092834,-0.004332037643207887
522,0.0011016529577023704,0.0005788076596840164,-0.0061665443134541476,-0.00206702440012152
523,0.0017833245038257894,0.0007542953759068771,-0.005292394231051323,-0.002905108133588463
524,0.002078406604515526,0.0009096161043192774,-0.005313763558943807,-0.004836403182024607
525,0.0017853026375905245,0.0007132430320694605,-0.004610889115901573,-0.00382043935052534
526,0.0024773794674108895,0.0011829760952539181,-0.008672310094133717,-0.0035639112131650164
527,0.0020954587584756657,0.0008763133037552884,-0.007253492423018593,-0.0033219411197458193
528,0.0020734043827002058,0.0009098565819884441,-0.006151785476311289,-0.0036814056458236433
529,0.00048471690487528196,0.00011265636752119668,0.0006794520576084428,-0.0018302513039354373
530,0.002684874304918705,0.0011458596451911496,-0.005952270973421825,-0.004601523337244617
531,0.0019236180553073856,0.0008543544982028417,-0.007718572676648772,-0.0028695316051123854
532,0.0011087915345202592,0.00041069821493530667,-0.0008957906075529598,-0.0027257615110067857
533,0.0013044240104833627,0.0004987777152226092,-0.0009693176011596472,-0.0027262566945106537
534,0.000639877060115368,0.00033239995419595547,-0.0012609954422282965,-0.0009693598010703797
535,0.00240878731810662,0.001050378569962429,-0.012149875544887057,-0.004186290331886444
536,0.0019633138989342824,0.0008488384782058545,-0.006740052421354059,-0.0023462572171631946
537,0.0022717036677010194,0.0009484605155236359,-0.0052598296260090716,-0.00510980751837542
538,0.003030532776237993,0.0013766311070485537,-0.00810904423828901,-0.0036399469090616643
539,0.002765224927180454,0.0012687260797854538,-0.010546876097217106,-0.0042334635592078396
540,0.002184654954257237,0.0009264866307369113,-0.005814035241049453,-0.004340434476688748
541,0.00031803176386435705,0.00012609514426156765,-0.0010399946296323348,-0.0008589696966906368
542,0.0023479244199701155,0.0010635514317223482,-0.008211183210523998,-0.0033904920286104145
543,0.0021700093411686217,0.0009164861464796004,-0.005567219609583007,-0.004544338214418242
544,0.001859060350425712,0.0007690600503821587,-0.003224043582695013,-0.0030793823796548825
545,0.0014636995678524167,0.0005621245571251765,-0.002748027396645425,-0.002694814453700567
546,0.0035630006272605597,0.0013980522021312392,-0.009453973720032649,-0.006988607260386415
547,0.0014320501238646033,0.0005830851897704048,-0.0018569740802463763,-0.002726440570443134
548,0.0011033789349370604,0.0005113638931439901,-3.015362633379537e-05,-0.0008562349714499318
549,0.0007983995829820012,0.0003536937925959216,-0.001033874672555335,-0.001246959313727647
550,0.0011111025241981043,0.0005874991883699776,-0.003897453702385645,-0.0014940171976109973
551,0.0014163761586921675,0.000700044011108153,-0.0033202443164492834,-0.002223021935779279
552,0.0025557993934421375,0.0010234179292067103,-0.004719254912378623,-0.004125409547583558
553,0.003073028713184489,0.0013399667017943706,-0.008481377547956748,-0.004317052236571528
554,0.0016868162574051881,0.0007042163824702852,-0.006188305428747598,-0.0027525827541043935
555,0.0008636597739414276,0.0002460550309746068,-0.00020719849124839484,-0.0020530532871900764
556,0.0014429130438635696,0.0007534018532452669,-0.007928260386434904,-0.0016782234992102074
557,0.0027919091857861456,0.001200466513567422,-0.006457465251055283,-0.004358437935843784
558,0.0029366044073260156,0.0011165817046694948,-0.005637742678697932,-0.0056147207295229595
559,0.00033255814321209165,0.00012966503102912474,0.001810696779763754,-0.0012921860747946434
560,0.0027555318141027074,0.0011232196083080792,-0.00586622966102901,-0.005000242648990683
561,0.0006440935551095817,0.00032146701899124497,-0.0011831402100179744,-0.0007045135775217704
562,0.0019022249569201621,0.0007766377367935395,-0.0032267862723386886,-0.003198713587729718
563,0.0023755228359533254,0.0009772923523095334,-0.00478753040875024,-0.003787150139463291
564,0.0021813860077571356,0.0010534974722731516,-0.008286123745569418,-0.0022901844311029596
565,0.002077196465170794,0.0009914203704498858,-0.005723511178967744,-0.0031694042058801886
566,0.00218401592218348,0.0007938763987012931,-0.005000203219580335,-0.0035988830762501145
567,0.0019761982674770806,0.0007062009056647278,-0.004031339558844438,-0.004397853841108468
568,0.0016054231061781166,0.0005229001524351962,-0.0016780516971202641,-0.003333731709900256
569,0.002892027865753599,0.0012325446314247757,-0.004957588481927788,-0.004651461122261447
570,0.0015064977572688543,0.0006036259662213217,-0.00014585613241285822,-0.0016888237239948145
571,0.0020839359119603773,0.0006721961704848345,-0.0016533870034325382,-0.004849044174310757
572,0.002735672337424999,0.0010530410178862526,-0.004752984117225412,-0.005030875733367801
573,0.0014757752682753589,0.0008081071064967027,-0.008467570933140045,-0.0014794989033866113
574,0.0027556537540807113,0.001310498155101203,-0.005731687262616136,-0.003668261562998376
575,0.002423738097917294,0.0009016101441159108,-0.0036006202701177603,-0.003074792618468769
576,0.0016687151025362446,0.0006428922346285448,-0.005310131907362958,-0.0026027632208911466
577,0.003572695482280397,0.0015379261778555864,-0.007944047098450646,-0.003745605539562269
578,0.002190059365812125,0.0008666001731245654,-0.004053389547661379,-0.0029821175181257153
579,0.0007562150220856156,0.00040704621011744546,-0.0013455212736743216,3.1707753917031845e-05
580,0.002495814771389937,0.001017065842666448,-0.005273752190177838,-0.003922771009369441
581,0.002313013715641965,0.0010816829969103325,-0.006001629416314935,-0.0029759667083395502
582,0.0008207318002099173,0.00035633294969789064,-0.003001838891484865,-0.002057178935324866
583,0.001457476942688718,0.0005449708705186351,-0.004134636375628109,-0.0034650347284277405
584,0.0008160341728497555,0.0002919417546395353,8.571485055375305e-05,-0.002404323840105027
585,0.0014260345189169854,0.0005912677657973764,-0.0034957391941365934,-0.0022393153996127513
586,0.002135840446106485,0.0008506276241489197,-0.003758900747866334,-0.004005934718100845
587,0.0020822441775170675,0.0009048851352406739,-0.003925085858923483,-0.002459026089630889
588,0.0017940749845732351,0.000809779420245238,-0.007682587789100304,-0.002957479168988475
589,0.0027428241098745865,0.0012081032837124306,-0.00678847149452011,-0.0035976852139463222
590,0.0023206006031993853,0.0010492957018317095,-0.012167974656846936,-0.002987825953377543
591,0.0023829191493777158,0.0009342904734570001,-0.005931453725305236,-0.0039690946937989136
592,0.002223028401092453,0.0008441731924430929,-0.004552190912334109,-0.004365840249936359
593,0.0025805663490858777,0.0011252914569012396,-0.008940280485079721,-0.0034572447748243418
594,0.0020266319580585224,0.0009922520648141808,-0.007258252318318226,-0.002521232345001123
595,0.0011537070382830472,0.0004982801039392915,-0.0028439238371180675,-0.0024325791855203116
596,0.00202904698051265,0.0007969758772570779,-0.005696278156906764,-0.00299664468355898
597,0.0013031084670499515,0.000630330858970074,-0.008269515263094829,-0.0016371413430238402
598,0.0016571247994727756,0.0007907397667435423,-0.004963675036620541,-0.002534810687293332
599,0.0019355234898716378,0.00078987131719227,-0.004195962824944222,-0.00288723758213405
600,0.0016478247297505577,0.0007643000047519999,-0.0063813485484924826,-0.0022204826867582295
601,0.00248223036103723,0.0010553662142138709,-0.008558493200637174,-0.0033799447074245315
602,0.002745777479972844,0.0011337222548133963,-0.004321445452878658,-0.004737690225089186
603,0.0024042799530569203,0.00103487789165016,-0.008577513146689197,-0.003571658484596285
604,0.0021707164191213657,0.0007713677021780885,-0.006508213406010155,-0.0051118946001113
605,0.0020419197836016867,0.0008034021538680658,-0.004357870028394661,-0.002706567445710517
606,0.0007031240436260466,0.0003173837845306393,-0.001832098098484336,-0.001906756942483101
607,0.001277145039222105,0.000593542820802595,-0.0006363442310666212,-0.0024619702898465157
608,0.002402005035398891,0.001151030539627479,-0.009716109417986118,-0.00317502418323079
609,0.002557580350336819,0.001094078334524351,-0.0035778454698354167,-0.0036744212912822594
610,0.0026908609246121262,0.001046668574721743,-0.006642281385138726,-0.004271946469589616
611,0.0019683054058703964,0.0008585531060720519,-0.005434203527746373,-0.0033959317043393833
612,0.002410759525768913,0.0010354733020712104,-0.010179721124140229,-0.0039029698558772363
613,0.0016403467578993691,0.0006685804484910518,-0.0030086207152598132,-0.002519454675062427
614,0.0021020599586212274,0.0007929006918668824,-0.002059912635422545,-0.005021397457778187
615,0.0011322048700186382,0.000510281534816831,-0.0045710388832530535,-0.0012575145141150434
616,0.0019766224345439953,0.0007805458594731807,-0.004378132401939738,-0.0015088346237840389
617,0.000672632069280088,0.0002792613618576856,0.0027089149278152758,-0.0007235004985726157
618,0.003134054770996042,0.0012967734346692184,-0.012849681247381839,-0.004756646216768967
619,0.0015386848724167623,0.000618654163952681,-0.004722215408000108,-0.0027358457851732743
620,0.002173652057175679,0.0009300294609334292,-0.004668286629109508,-0.00355410743154283
621,0.002942124769763743,0.0011271546331506621,-0.0062938281097290605,-0.005427632146914663
622,0.00250436625097733,0.0010141583089511574,-0.003945573056596929,-0.004033537689299926
623,0.001787796831743682,0.0007890577787923736,-0.008084928733060937,-0.0031483212482568135
624,0.001110304090058245,0.00047252762408780957,-0.0016894097240942596,-0.0022891537714163634
625,0.0018963100212283646,0.0008209567979342303,-0.004517083813819045,-0.0032865017741872116
626,0.002947520322244823,0.0011807964349194178,-0.010929887546670458,-0.003847867883927325
627,0.00141898073108071,0.000659389245535047,-0.005394940973492968,-0.0020438399271597296
628,0.0015234640256127086,0.0006699737323954957,-0.005010211410864884,-0.002552176425302033
629,0.0031024623675919294,0.0014007290179396115,-0.010177745427657647,-0.003836033247798021
630,0.002843515449264089,0.0012460973419434196,-0.009005086959228858,-0.004130373169579649
631,0.0005499388348199075,0.0002409268444192314,0.0013689086245446402,-0.0008877265360247577
632,0.0015227440592438524,0.0006401121936180365,-0.00466995186503899,-0.002371146610871455
633,0.0022124132467986612,0.0010066098924602085,-0.004259027916049596,-0.002851281469506639
634,0.0011142506645065442,0.0005026889292988335,-0.00521044272810417,-0.0013877110477218402
635,0.0024651976327435543,0.0011250904257310013,-0.010630419784965595,-0.003691551335635812
636,0.0015654369445192162,0.0006914694344450079,-0.006765804208973936,-0.0011858884380131496
637,0.0011020090368131785,0.0004381595954186801,-0.0022960977103632096,-0.0015468538195809733
638,0.0011482830444367043,0.0004668183440707241,-0.0031945229631470395,-0.0024209662234877527
639,0.0020646149291532745,0.0009399339670807805,-0.0034990161197756553,-0.002620332883490728
640,0.0005790877683932161,0.00030431886572668265,-0.0012458754485171197,-0.001045854813645497
641,0.0012727342416758436,0.0006774292405214433,-0.009161754787783305,-0.002091892218463065
642,0.00173328295485764,0.0006376329808026049,-0.004009087131118416,-0.004316983374516914
643,0.0018471802957995553,0.0007914542988211593,-0.00568717911062705,-0.00250189639541909
644,0.0013668810235129003,0.0005776109484879333,-0.004312438702272325,-0.0015908602512660908
645,0.002113703053546412,0.0008763066737421388,-0.004079040071840179,-0.0034725026245659985
646,0.0025006903253822488,0.0011363369467806417,-0.007760261867032936,-0.0034713686879794814
647,0.002181098050355934,0.0008714516147782236,-0.005993610770156921,-0.0032612985868778477
648,0.0022460335611445004,0.0009065225075225725,-0.003533509522313738,-0.004556821779044151
649,0.0019230059938240562,0.0008146045614043085,-0.0033504839544052367,-0.003295855379188639
650,0.0015173762591166318,0.0007269345616002509,-0.00633490151825461,-0.0022234503612637013
651,0.0020980857241682527,0.0009021551978683762,-0.004713459849469581,-0.0027228705247279716
652,0.0013771249781726613,0.0006152110375158837,-0.0067580377586038964,-0.002411201725416201
653,0.0029971461780724518,0.0012671348959726325,-0.009035175970588116,-0.004289458555171155
654,0.0027598248347087684,0.0013272971491667673,-0.007053872174088316,-0.0026057061139311832
655,0.0028030796595426843,0.0010969390746419505,-0.006647818976700137,-0.004251214034946771
656,0.0022607079710170175,0.0009432200286143,-0.00580183073935836,-0.0038999577333656
657,0.000494766229821364,0.00016055382617979896,-2.1114357520390925e-05,-0.0012766521610283466
658,0.0024191084037145094,0.0009133759393715468,-0.00767675667742862,-0.004123432204870103
659,0.0018880489970450887,0.0008122888274856854,-0.006653711106264892,-0.0018994613587520748
660,0.002893843906685123,0.0011667827866169433,-0.009002709710955792,-0.004066659608827683
661,0.000889685431523235,0.00046980939516355624,-0.0020470700501039607,-0.001440742488211244
662,0.0011095903733633339,0.000430911395939898,-0.00173834842507814,-0.0023506536591251237
663,0.0025704819722537353,0.0010549874946542415,-0.005980506046595002,-0.0043406070734043345
664,0.0011545943662252256,0.0005100410094852348,-0.0037727622636029023,-0.001707972612847497
665,0.00178784471034249,0.000868704267143805,-0.004880951047638249,-0.0022903574080891387
666,0.001497902138207441,0.0005806576368149463,-0.004354053054098417,-0.003495961942692749
667,0.0012126088352913955,0.00044571390224826257,-0.0043146576696293515,-0.002218643204992543
668,0.002853316012683682,0.0011833723620600367,-0.003844021517629137,-0.002674440058897387
669,0.0014946083640692276,0.0006365780736314608,-0.00406433445981097,-0.0027458910763494826
670,0.0018396692146291915,0.0007807185099098501,-0.004972587834170206,-0.0031829086006186502
671,0.0018286473032775863,0.0008029830935371296,-0.005735923810129828,-0.002992395136909076
672,0.0016495081081147056,0.0008432817518373437,-0.005304478897943166,-0.0016584957050073124
673,0.001562364440870323,0.0006022161041134289,-0.004497981167214171,-0.0035127800056710123
674,0.00162257706558111,0.0007665279899610467,-0.007335594018266611,-0.0021070770948641293
675,0.0019229160556719638,0.0008394390757070214,-0.006042023412132336,-0.0019526098538797942
676,0.0020230868991620854,0.000857203076290336,-0.00281005446728938,-0.004059318199090667
677,0.0024362879726719244,0.0010435686396117472,-0.0047346794052770536,-0.003236342042755247
678,0.0025121822288191042,0.000991232989429408,-0.007503181978181284,-0.004030469499867406
679,0.0025457603360922176,0.0010527728903814426,-0.010381372221353824,-0.0033800927462332986
680,0.0018029645555532325,0.0007143245135583232,-0.006125003802222695,-0.0026312601374113287
681,0.0019851665804134777,0.0006361074544037892,-0.002751678764611132,-0.004808231924777195
682,0.0024737759654537284,0.0011649502922516652,-0.0055016422733794035,-0.0032729493531518106
683,0.0019880219771141183,0.0008314999206393281,-0.0051086389690968015,-0.0038719609200995597
684,0.0028696189017016205,0.0011821375539669832,-0.00681650422072011,-0.004339779292212853
685,0.002309489419768329,0.0009778299777146449,-0.006429468013067652,-0.0036366746145717332
686,0.0030106023922557013,0.0012526838394386064,-0.012982802885868283,-0.005304017886404
687,0.001351332682468731,0.0005271757632187846,-0.00127049895576975,-0.0028553936328234997
688,0.002000963211701512,0.0008644221420394116,-0.0024281252095794126,-0.0028368416378008465
689,0.0027171225703920276,0.0012383118405850935,-0.008278292314644276,-0.0035082647155303404
690,0.0022034272000326927,0.0008753489160433781,-0.009634260994106636,-0.002913395445488187
691,0.001628708613660268,0.0006469480842059283,-0.003914688379538622,-0.0036123017329510176
692,0.002410753148343492,0.000979729568403559,-0.008132395361751477,-0.0038485440861404374
693,0.0017771497462633068,0.0007705592777701442,-0.0054365041025711824,-0.002381919280269873
694,0.002883766085819528,0.0011189831657906213,-0.007708589708227465,-0.004880390861462414
695,0.001003430001080885,0.0003864143951552157,-0.0017962639512956735,-0.002137990904339415
696,0.0012227010030074204,0.0006143239284460145,-0.006116309057025704,-0.0005154432427865174
697,0.002554412118634164,0.0010385352424227279,-0.006875915643828501,-0.004014901291343853
698,0.0015574608455235506,0.0006242611055889691,-0.0034000638849792097,-0.0021810876739848384
699,0.001793653024944275,0.0006155354384075884,-0.005004052227867484,-0.0035927602977411377
700,0.0010243707381548672,0.00044810183058807684,-0.004693428779979136,-0.0019368554975225383
701,0.0016670379251682022,0.0006912513097118989,-0.002805136439183231,-0.0025444761589807907
702,0.0010174567135416979,0.000447139547069042,-0.0031131835740557667,-0.0012950280955247306
703,0.0026221153536344355,0.0010403358759229486,-0.006044680836671756,-0.004793191516489381
704,0.00378918904979747,0.0015176320668630339,-0.009777201585916273,-0.005335540787617665
705,0.0015865973549948342,0.0006518991731621071,-0.003460483773478573,-0.0030043286858209006
706,0.0006137977972030528,0.00041222628619860813,-0.0027569509659652325,-0.0008336638101970051
707,0.002256881057499882,0.0009240799499972696,-0.004184859457483203,-0.00342306557799843
708,0.0017911431773617315,0.000672214634979712,-0.0026953164338279767,-0.002867784493226111
709,0.000361904422530146,0.00022491686221415286,-0.001530324906868552,-0.0012849813432835866
710,0.0011301669874476117,0.0004432338044085826,0.0003558541648993607,-0.0015857899431614975
711,0.0018737738253788994,0.0008017611974886207,-0.005830459359412066,-0.0033313623705273354
712,0.0031038821144766526,0.0012573292958687199,-0.011258797850723146,-0.00597197269134031
713,0.0019748823255616443,0.0007458193483681208,-0.0039829003722895995,-0.0032804125687637686
714,0.0012691524960616318,0.0006016531033977146,-0.0009566039970089202,-0.00159185344608348
715,0.0020229233880145747,0.0008140733396371225,-0.0006433684428465702,-0.003388598022105893
716,0.0022686217091416605,0.0009132897568877585,-0.005337636555738046,-0.003803528100203346
717,0.0012224756756106236,0.0005968572291760454,-0.002253391554187356,-0.002084563338837442
718,0.0016579991380153425,0.0006685227709284924,-0.0067783123372113785,-0.002974611595301102
719,0.0019551861447245633,0.0007658800989303327,-0.007404989503616399,-0.002816151109666265
720,0.0021938718471776197,0.0009398579461397383,-0.0029901411846647297,-0.003170527153096625
721,0.003285316783456671,0.0013542033697318268,-0.008232882155687626,-0.0048960157011564975
722,0.0014630382049192203,0.0006814853695367162,-0.007797276623817795,-0.0024512367099238652
723,0.0015648685289216813,0.0007837322069205732,-0.005815388520713394,-0.0016966488077869712
724,0.001968013114264422,0.0008531151466467657,-0.007165338519839359,-0.0035657854317043824
725,0.0016489942316807449,0.0007676311724557627,-0.006639389816609664,-0.0029408090519077446
726,0.0014976994550874867,0.0006016701156985327,-0.003737225364806529,-0.0022058140614841237
727,0.002824939357276235,0.0012957877741744395,-0.006854480139265484,-0.0031149030295848368
728,0.0012453635023921827,0.0006032015983147287,-0.002163784999231644,-0.0008113352285548103
729,0.0033669164147979713,0.0013369791529760644,-0.007162791631991794,-0.005441534663985781
730,0.0015509588701143606,0.0005834016159600164,-0.00023963077541178102,-0.0035098719787181043
731,0.0005819198378013146,0.00033907036452957007,-0.0002412631781807395,-0.0009909645905659126
732,0.0022806376617937607,0.0009408218553589864,-0.00398916158129653,-0.004632088710523674
733,0.0020029651197194243,0.0008518053024245964,-0.006095889921234721,-0.004194563200774271
734,0.002151149371380723,0.0008922277258350542,-0.005448201073253001,-0.0038191988683855538
735,0.0019790829290210477,0.0008074197747324763,-0.00382471084796715,-0.0026191446408629915
736,0.0025044295751073253,0.0011007932743754556,-0.0054710872656220655,-0.0032479848269320044
737,0.001567686191228601,0.0007612004213736479,-0.004446563493521516,-0.0019476892320958727
738,0.0014986682283953945,0.0006455917507634246,-0.006487758368763807,-0.0021328260542888833
739,0.001250904554927934,0.0006264851441472874,-0.004225814859425636,-0.0010408118332297933
740,0.00047458115997850436,0.0001845064427762888,0.0006871219074943147,-0.0009793343126676124
741,0.0012366801018880436,0.0005233528365335971,-0.0041353558857767925,-0.001742528250079145
742,0.0007139147238205412,0.0002463157746138145,-0.002234962821287101,-0.001742106433581747
743,0.003086802146500811,0.0012224320216632223,-0.0068964293395451515,-0.005425695398626362
744,0.001925896040291697,0.0008266582508370535,-0.0043984359627690095,-0.003840781820933614
745,0.00039106506087782655,0.00010497788447935696,0.002146551903736027,-0.0012927140491916234
746,0.002353779575539172,0.0010381437199542265,-0.006879869402993233,-0.004733750276121107
747,0.0019241384259597316,0.0008085931238035193,-0.003547059814213882,-0.003528246605868035
748,0.0011552127247174693,0.0005850585544080744,-0.0036928118712327707,-0.00047497753613268134
749,0.0011877479598135787,0.00039760815334402566,-0.002574672624523211,-0.002647353319329415
750,0.0019591731048383965,0.0008832880968389911,-0.007816912712759971,-0.0031181481756660245
751,0.0012289733965848981,0.0004048525106432055,-0.0006601123375026274,-0.002441834942932264
752,0.002157493627595042,0.0008018659045645193,-0.006811432193132572,-0.004799857676570096
753,0.001817697173523647,0.0008859725715451294,-0.006997947777472535,-0.0027102768276752176
754,0.0022549426399282035,0.0009143481489841954,-0.005368302224557697,-0.003630486986012982
755,0.0019028773362922413,0.0008349710483143702,-0.005374304496126081,-0.002447891420261694
756,0.002212580165064759,0.0009915129800362188,-0.006464465526234919,-0.0025229941469444572
757,0.000951005050296494,0.00028701684874596345,0.002770826213163935,-0.0021845389496046863
758,0.0011743060444783238,0.0004974232244379095,-0.003047691115208806,-0.0024399245468712527
759,0.0013542472312301213,0.0006087670658572186,-0.0028960670443806125,-0.0021352353265950974
760,0.0018964036281317598,0.0006923929542411444,-0.0028964882442610307,-0.0031512898512853216
761,0.002258177931014238,0.001079332399221089,-0.005265045703854998,-0.0017176831480688604
762,0.0013519468451153038,0.0005988148459237785,-0.003998522330297072,-0.0021511719868843038
763,0.0022909997729803067,0.0010068622217725975,-0.004290017267782331,-0.0032314824611936466
764,0.0022743584879633127,0.0009292224360668566,-0.005976978603482674,-0.0038667569447322636
765,0.0016722958951598255,0.0006457174230819762,-0.0021838183845513948,-0.0027306611074260356
766,0.0014760907373174703,0.0005363195582037961,-0.0028292776491242733,-0.0031081566654689308
767,0.0030565160667545554,0.0011881966999292282,-0.004578991769442653,-0.004685335742246277
768,0.0014652226993329132,0.0006588621387488558,-0.005735346787755113,-0.0015144435700701342
769,0.00074332257504095,0.00029352215540898174,-0.002089678581930654,-0.0020891411345720368
770,0.0018758403248823052,0.0009152185361561149,-0.0058364567105075316,-0.0022690171894185207
771,0.0006531209893128609,0.0001320737302956676,0.002272450055687325,-0.0014938243645802318
772,0.0024574163146174888,0.0010906889992025326,-0.008242809851629007,-0.0027998906629123077
773,0.0010248638935848042,0.0005277855532621056,-0.003957099918493523,-0.001578007557825667
774,0.0010158259652444102,0.0005415986535093065,-0.0023658601852505345,-0.0012026383872989488
775,0.002985554080427555,0.001243437689870841,-0.010791607868814057,-0.004937964006124229
776,0.0006931625819746046,0.0004544324836613378,-0.0003891528352434892,-0.0004216011330832048
777,0.0019271808411456814,0.0007680848601906987,-0.0034889158368131556,-0.004272857390336227
778,0.0008894500872426159,0.00023496351763627188,0.0010445612252386605,-0.002947200385530424
779,0.001724177643017355,0.0006883387585381873,-0.00471277391133168,-0.00302477575219684
780,0.001433704932469415,0.0006126587434837627,-0.0037079020195730505,-0.0032669318991288554
781,0.0022962990682651174,0.0010083694104530416,-0.003915626354515478,-0.004339218527557476
782,0.001928690061532956,0.0008559759798278388,-0.007446781074785858,-0.0036285065907005754
783,0.0019257627746996908,0.0007648119172671553,-0.0017303213011267693,-0.0034538231721330526
784,0.0027368140052085876,0.0011370873368724554,-0.008550227786092712,-0.004589080527756195
785,0.0024169470432354734,0.0010833749308467588,-0.008398577032364907,-0.0031083791876884703
786,0.0009554513105649032,0.0003634450384540078,0.00277523900058696,-0.0030224538421259606
787,0.002602348806125865,0.0010317551946336934,-0.008306456699305131,-0.0046547443118287735
788,0.0016972081211114043,0.0007726579811484224,-0.004205767168722396,-0.002321816774177088
789,0.0014216125528699886,0.0005366519909535128,-0.0017181721167927044,-0.003335739911100144
790,0.002581765628356214,0.0009769965090879462,-0.007542051581076792,-0.005310104061052923
791,0.0036503791229386406,0.0016399602420009707,-0.01168514144653593,-0.005312059084268794
792,0.0016844587748598983,0.0006178967116997058,-0.0046174741552433285,-0.0031816696902084995
793,0.0013878903683041122,0.0005493089663592965,-0.004201926958187496,-0.0014462683211021732
794,0.0014965982311344606,0.0006274517834967963,-0.0034022513056532477,-0.0029645082484696106
795,0.0020378463558539117,0.00097856074312061,-0.006619949035178985,-0.0028618583363109185
796,0.0013793166878284802,0.000521381138879673,-0.0016379325526877375,-0.002118612346344584
797,0.0006618222123403461,0.00014714147227370966,0.00034909321364023915,-0.0010806317539484578
798,0.0007859268856156842,0.0003967158233457446,-0.0040478892226415986,-0.0010072259597876387
799,0.002431467820656008,0.0009685939695418533,-0.006772003064673293,-0.003946013248023017
800,0.002322336134015779,0.0010283600387815117,-0.0051819607804903245,-0.0038238152536096415
801,0.004332785955657503,0.0019150581494718488,-0.015754477334472827,-0.006267422455505711
802,0.0007409092519755078,0.00036232573025618553,-0.0023172527136798293,-0.0016108192917203557
803,0.0011153833142148462,0.00045332106232684466,0.0005002655419563684,-0.0021599508762611963
804,0.001789123056413655,0.0008115424830963669,-0.004698363049575605,-0.0027342212647845088
805,0.0022200325959822464,0.0009878294847670277,-0.004668062003538254,-0.002827522004062333
806,0.002034929107730954,0.0009472401400053843,-0.006552535161465478,-0.0024015865373592238
807,0.0015729021677043376,0.0006748446684613496,-0.004181612040385918,-0.002678763484962765
808,0.0017028301257586698,0.0007252256384488731,-0.0032897529886091736,-0.0029641973819146683
809,0.0016184859146364805,0.0007096006807841282,-0.0075565881393016565,-0.0029611325776175423
810,0.001160156656975997,0.0005656886492056978,-0.0052362859168526565,-0.0011809528914139555
811,0.0023105921754856262,0.0010541188975977112,-0.008225238753572839,-0.0036465371312607298
812,0.001640967916038183,0.0007220628907255722,-0.004477594118152184,-0.00217105012750729
813,0.0017574048622510663,0.0006678541155380746,-0.005233215928519941,-0.002899156393016855
814,0.0003928886901493067,0.00014675051223878022,0.0028957120987517238,-0.0016593583295584358
815,0.0012487873604745126,0.00045310190399563965,0.0003291766517733441,-0.003291531196779607
816,0.0012898335559049512,0.0006622273335498696,-0.0040165402617729495,-0.0015883887801697583
817,0.0019138423399763793,0.0007716552248610287,-0.0029885312906060557,-0.003769263384807986
818,0.0016760747643232987,0.0008109147434386954,-0.0034240810782371067,-0.0019263277902268339
819,0.0022474510365873,0.0010254531855330984,-0.0069112651926654944,-0.003266828124399379
820,0.0009845508576679651,0.00044151100124936726,-0.0034876138065285667,-0.0016330050348160041
821,0.0006695384486058442,0.00030780147951575687,-0.0009260909754473245,-0.0014001638241620817
822,0.0007565056126205838,0.0002505217112153957,0.00039747230855186055,-0.0022765137138176517
823,0.0015177520282733115,0.0005924048277632654,-0.003678681008999596,-0.0026391660370838066
824,0.00222703674750091,0.0008190338559624089,-0.005164828853842618,-0.00437933680937419
825,0.0011833894996422512,0.0005576215912016513,-0.005054118490970982,-0.0016016913861035542
826,0.0012226730953797116,0.0005574331158101908,-0.0031594851463687124,-0.0015311785830884883
827,0.0014435742404070862,0.000619554718605364,-0.0012097492364472884,-0.0018972283847522586
828,0.0025646768967699796,0.0009345471581254927,-0.005114455565466247,-0.004310344827586077
829,0.002199948165076404,0.0008468589373458457,-0.003733019395000148,-0.003712419819802415
830,0.002308358144279987,0.0009302790798889349,-0.0022253199824360803,-0.003815312825168782
831,0.0026262720774359316,0.0011726498796653384,-0.0053368808500565135,-0.003133753273619866
832,0.002640064408325593,0.0010986908963998565,-0.00919515997715653,-0.003798105523269202
833,0.0021993110431971497,0.000940492071788257,-0.008539995018343238,-0.0029964817971241953
834,0.0004883787291830588,0.00023987937210395716,0.00037117429958188897,-0.0010301948992900156
835,0.0026057396442021874,0.001079618946759009,-0.010357252860709432,-0.002439198930417885
836,0.0014705659193794407,0.0005887441416641548,-0.0027741058817641884,-0.001993277067796617
837,0.0016712018151263663,0.0007931296695168899,-0.0062331549264634245,-0.0026001632679453213
838,0.002283470470007709,0.0009361507631532318,-0.004772193938071323,-0.0038444877626163665
839,0.002877552055718491,0.0012163922095781154,-0.009950040665588522,-0.003711201079622084
840,0.002082763560240286,0.000986264657600655,-0.00798086629985778,-0.0028024467624363503
841,0.0020943555024728333,0.0008898391933470085,-0.00612345551979343,-0.003993656880532104
842,0.0006378180484315488,0.00024035833689145525,0.0015158878205647763,-0.0028228269500947256
843,0.0025341610722485752,0.001162394354533719,-0.005340386086097881,-0.003905226537777251
844,0.0011582528094751243,0.0004835909745783684,-0.003345767379494935,-0.0021224937343359285
845,0.0015171147080249026,0.0006467333211807036,-0.006607861721589614,-0.002123348477727327
846,0.0014801437454969868,0.0005791621173227013,-0.0035043666444418142,-0.0034127360102570448
847,0.0003456262414375244,0.00020547028915363086,0.00020018644626346171,0.00017396399860825085
848,0.003177558548269621,0.0013570217324953004,-0.008814859854781587,-0.005311809511378773
849,0.0013150664117058675,0.0006045055695129975,-0.0026572240668272795,-0.0024494868893208954
850,0.0033490027515266085,0.0014353888808847914,-0.008486155184898647,-0.004922868930451685
851,0.002675909707933688,0.001202656337037894,-0.004802208684978826,-0.0035595277114450763
852,0.0019144233376517938,0.000825584087116582,-0.005209179466694636,-0.0035053098953601314
853,0.0030991621741530695,0.001255788930225904,-0.011141234141846645,-0.004317113209088896
854,0.0007239061205115416,0.0003159385381683866,-0.0006794611615623669,-0.0008974595738202584
855,0.0022345261389455917,0.0009815015621569556,-0.0022257728211442784,-0.0026838094705130544
856,0.0013512981828527337,0.0005363877675901851,-0.0030855083341120304,-0.003115922409402061
857,0.002540933027381842,0.0010145800348727307,-0.00274229056223807,-0.004947203431776903
858,0.001519365774500292,0.0006874923541207445,-0.005098838999259836,-0.0026123030334541664
859,0.0013123432217214681,0.0005596997260378656,-0.006564785555227326,-0.0034421116689486997
860,0.0014914448517496792,0.0007214544848306859,-0.0033450411745183373,-0.0020156210632401583
861,0.0022198515895754944,0.0008287679361585476,-0.004669390007289942,-0.0046972189580885
862,0.0023076067832041858,0.0010135888709551233,-0.00689016921003055,-0.0036919162873212397
863,0.003815618858062364,0.0015286001291471563,-0.012878777351991832,-0.006723908556044211
864,0.00034113147761916096,0.0002521805454954451,-0.0003050152059689837,-0.0003692388320140072
865,0.0020989654060062923,0.0008731188716576688,-0.005474901116073683,-0.0029418280304996935
866,0.001735615497354015,0.0008203312623457637,-0.0066672416245661115,-0.001983000861785267
867,0.002077334219429239,0.0008820718381879478,-0.004153094475805086,-0.0026152406311376053
868,0.001414090907145782,0.0005989053700409253,-0.00208918247513723,-0.0019108144647057568
869,0.0015814646308752733,0.00077671974266591,-0.004362097586382507,-0.0022134020183253167
870,0.001895565752916939,0.0009080695145140816,-0.008804685149646552,-0.0025749529029752694
871,0.0017751386262684354,0.0008013163456972172,-0.0038771367974990145,-0.00239623427600677
872,0.0025714915340934175,0.0011689589508546705,-0.0073937914514104475,-0.0030358638741120325
873,0.003029959116700509,0.001267967763881217,-0.00965703753447561,-0.004462600106164394
874,0.001171399158486297,0.00042357947114307626,-0.0021252678466739394,-0.0027495382288347248
875,0.0017515600562677536,0.0007774205514742005,-0.005182207669113037,-0.002492297396267329
876,0.0029178120713965194,0.0011856727856444094,-0.005727455952467042,-0.0048477008372307395
877,0.002925677323554199,0.0011730695229975607,-0.007149515143657192,-0.004613620388699724
878,0.0016609445682753687,0.0007106345556401328,-0.0058330067891301796,-0.0024930217611656147
879,0.001955977556219901,0.0007257297142354013,-0.00509844337415627,-0.0036975991131595887
880,0.002051748101646489,0.0009042938852137361,-0.005041584585864345,-0.003024726882130291
881,0.002833108363488379,0.0012354731936212449,-0.007151162151075974,-0.004977908962649491
882,0.002545209800388304,0.000870094648047437,-0.002000899936694278,-0.0047631077284715495
883,0.002063713693324365,0.0007132094174949477,-0.002324441393658727,-0.004156347565933638
884,0.0023234097836034584,0.0008890443355805688,-0.009385897569898938,-0.00410795977421996
885,0.003054422455560868,0.001361395888863276,-0.008344990827680698,-0.0033782991202346846
886,0.0015366156441847245,0.0007174120443779186,-0.0037713447453357474,-0.00319295274496878
887,0.002952507232929502,0.0013536602262740338,-0.007279389763534483,-0.0036659145050752517
888,0.0014898703203856112,0.0006090444190262889,-0.001755783440775871,-0.0022029515891642815
889,0.0021921415422008206,0.0008811718850933181,-0.009466375862758225,-0.0043780163707877184
890,0.0020319087068774166,0.000889861137558956,-0.004473604737748937,-0.0036787138336666914
891,0.0028014884301911236,0.0011383542521846979,-0.008267868194219263,-0.004342585909331453
892,0.0018388439279412028,0.0007865841405589047,-0.003937559205512253,-0.0028455284552845184
893,0.0020843802213070806,0.0008603260994420325,-0.001681688690632288,-0.0027570129175265023
894,0.0007761787504229067,0.00037222101147108,-0.0033990499380295303,-0.001641079508726495
895,0.0012343193809888353,0.00045208164387799954,-0.0015369267421003752,-0.0015326336081052938
896,0.0015136710579550794,0.000658896955967353,-0.00341408271745669,-0.002910988983412466
897,0.0013576463989045662,0.0005306567588329869,-0.005858603186365496,-0.003479977187164973
898,0.002693276163587832,0.001171449572080957,-0.011033297003517795,-0.004970566003161148
899,0.0016915883917305585,0.0006681676497276023,-0.0025207138220699754,-0.0025715160685978455
900,0.0022919820659869083,0.0009879455769922219,-0.0046207884132967725,-0.0029652941690707646
901,0.0017175205840349594,0.0006972418127663416,-0.0038839344595266168,-0.0032040163999613736
902,0.002798812647919924,0.001005125847482774,-0.010509253818069442,-0.005524562071591688
903,0.0017905621057136,0.0008627415122261228,-0.005399987899292302,-0.00269747075133564
904,0.0017542955215235079,0.0008232647767750234,-0.005063793299137975,-0.0018631877643531247
905,0.0028862071157305103,0.001183452216216685,-0.005086167559479271,-0.0047352267323735875
906,0.002361671325298742,0.0010866701359082132,-0.008460421506562898,-0.0031517843948573043
907,0.002168402222260113,0.0009367269929797806,-0.005732967985431103,-0.0032306167291143995
908,0.0019453063387583347,0.0009326333394512054,-0.005569109869748623,-0.0023442616067304023
909,0.0022078104838656465,0.000936256013104042,-0.0029647261943520076,-0.0029227504459794496
910,0.002778198904029916,0.0011050002983497287,-0.003481389149003533,-0.004295706523939069
911,0.002445068342375456,0.0009630306586412285,-0.00373271584310908,-0.004664532954006706
912,0.0010128760342824616,0.000432403444170143,-0.0005871772449081991,-0.0020237434885624905
913,0.001632443518788107,0.000751697070997509,-0.0070665844928625154,-0.0024424478939434335
914,0.0013287678474989129,0.00047366115084901406,-0.0010446966104113997,-0.0030524859077031286
915,0.0011997103435478218,0.00045773757948194826,-0.0022892832249506445,-0.0029708642294068444
916,0.0018850869245712332,0.0008486081314123539,-0.008235889660864637,-0.0027370189532821554
917,0.0015573627832086157,0.0005869861976683932,-0.001613554885138313,-0.003419331788592994
918,0.003646704170131909,0.0015459536627671633,-0.01241637800604839,-0.005298888615130504
919,0.004851089296838695,0.0020651953577160154,-0.009709720952410017,-0.006055481500103821
920,0.0014907446028458171,0.0005905158586957393,-0.0038156044352827823,-0.002915758896151033
921,0.0019386124405030847,0.0009165898859417321,-0.006061035264118608,-0.0019776936379103383
922,0.0017583809934406114,0.0006857148924423739,-0.004147496756755797,-0.003065225748579703
923,0.0015300175990343723,0.0005998574740164186,-0.001288619756972309,-0.0026505215164573936
924,0.0032685071640284336,0.0015220159809986034,-0.012244934886398717,-0.003475743550974464
925,0.0016983230513217817,0.000721070465446505,-0.007959910865220077,-0.0029613328389805904
926,0.0010135932241676637,0.000501636035942693,-0.003056706331963144,-0.00221055654205915
927,0.0013736771021854999,0.0005679224471681898,-0.00533145220890241,-0.0027278380823156922
928,0.002281688116279601,0.0009492578785050831,-0.00629736887296467,-0.0043707363466938265
929,0.003035489967136318,0.0013005650146989678,-0.0069655445828169515,-0.004643389457360536
930,0.001990047249746718,0.0008364533283384823,-0.004646052424826075,-0.0036615298577020727
931,0.0024735478415254253,0.0010570775895889784,-0.005879803311045095,-0.0042189479399168395
932,0.0019083571790150522,0.0008391751713266449,-0.007356554991651665,-0.003738631811394777
933,0.0027180570921304104,0.001152463245818941,-0.006258779906617773,-0.0028008495155621427
934,0.0018241863456265328,0.0008138645586825699,-0.008840364048440907,-0.0024893666409507853
935,0.0022363202377675417,0.0009389584455582745,-0.0020098572201376896,-0.0029992323098407825
936,0.002570670540566311,0.0011309873759693945,-0.006521477242995344,-0.003824250498681292
937,0.0013929170492528176,0.0005293508147420356,-0.0022955293366325735,-0.0030190750651846177
938,0.0022515937791236507,0.0010856507141668859,-0.008353975187951834,-0.0032665645178203695
939,0.0019205593166562451,0.0009359483958429615,-0.005575236743132317,-0.002300347644087597
940,0.002032608730929253,0.0008306736088112276,-0.0035763161821601996,-0.0036641442993875506
941,0.002674285059811987,0.0011119920250956816,-0.0068190766119041735,-0.005378870959318993
942,0.0018069655070476198,0.0008498336099448944,-0.006166454128084642,-0.0014725042983021464
943,0.0014303563218752702,0.0006036010972318151,-0.0019635839390493293,-0.0036286286286287828
944,0.00252945854591069,0.00095756635407232,-0.004396070228334548,-0.004771005581176269
945,0.0017490339613560613,0.0006064139003570668,-0.0022689409924266934,-0.004315223542727842
946,0.002471306773871418,0.0009834970760202177,-0.007225631534884869,-0.003690326120324383
947,0.0018210907887816763,0.0008287019333599044,-0.004984445597234433,-0.0027303273654688542
948,0.0018923309249031517,0.0008078271804248249,-0.003956595139315067,-0.002792996983920104
949,0.0017085684533724166,0.0007607477783507233,-0.004514427558463041,-0.002285780098280177
950,0.0009594486142233127,0.00036506269721239826,-0.0020794498770883574,-0.0023112134724073696
951,0.0009642841498780363,0.00033726816293477846,-0.003779899368211659,-0.001875426136605074
952,0.0016509447326553683,0.0007211589441311894,-0.006101921504658492,-0.002415474813334706
953,0.002002375321337402,0.0008222880766245444,-0.00772146558160175,-0.0032222956720195928
954,0.00041301345434330283,0.00019144869613685334,0.0013785846260534473,-0.0003570249191290342
955,0.0020172634657941724,0.000935408930085424,-0.006055413860972247,-0.002777205586129705
956,0.00022448376587969054,5.055144369819908e-05,0.0052267162455055804,-0.0005026139314749933
957,0.002921617083535444,0.0011009081003237886,-0.004387319487688501,-0.005720383177420185
958,0.0016018892553399944,0.0005647105367992955,-0.005287403678661151,-0.003969805328595588
959,0.0014883426137926037,0.000649899872030929,-0.002371290761698841,-0.002623035787453709
960,0.0026264523465599487,0.0012095996334395842,-0.008828590342274512,-0.003311197188690884
961,0.0027705028984847946,0.001222140108386588,-0.008449213594174776,-0.0043236873514814755
962,0.002155752296140623,0.0008732352444856262,-0.0037093552553309483,-0.0032129966737699522
963,0.0004392481920794111,0.00022039503484660994,0.0002016998391401459,-0.001498421350158985
964,0.0025215928523718567,0.0010842283431291566,-0.006696013470831097,-0.0034566469540254774
965,0.0015263613622270578,0.0005776673582033043,-0.005364333342668115,-0.0030032488922518974
966,0.0019302362267398232,0.0009127622236201338,-0.007517121567962581,-0.0030095679857737867
967,0.0015270883622320874,0.0006040802404329582,-0.003103743692863925,-0.0024703160191741347
968,0.002485600702526014,0.0010235617574980982,-0.0035579950793131476,-0.0036665300196683237
969,0.0015838021919913903,0.000693908587238723,-0.004735357657791983,-0.0031344416295719935
970,0.002562486577639689,0.0009456443185810182,-0.003006695806015869,-0.004036712150747301
971,0.001654555633369692,0.0006354309393805102,-0.0019172421110604798,-0.002684014121922651
972,0.002168257407056451,0.0009056522897409047,-0.007012722507435509,-0.003420198124247875
973,0.0028456406073152363,0.0012081180577622197,-0.013719253674445264,-0.00464885685089822
974,0.0013729880554640417,0.0006196127877328983,-0.006819152721976918,-0.0023561329650571006
975,0.00103985131833495,0.0005121820028398116,-0.004085168288672947,-0.0021894805875732892
976,0.0015318107760518007,0.0006017613478880024,-0.0047563007868169915,-0.0024458906994911933
977,0.0024613810766243027,0.0010080868528406228,-0.003982640363535517,-0.0031707679113339715
978,0.0015342877544174405,0.0005910694777951642,-0.007069278982651361,-0.0038192403833343658
979,0.002079517572019629,0.0009068128430741451,-0.008707653846378727,-0.0032259974416383175
980,0.0019449442129716443,0.0007464544392879191,-0.0025703066520779694,-0.003452860284664072
981,0.0022885318074164496,0.0009471438896380135,-0.010034410158702545,-0.0029088438160308483
982,0.0024997673487571204,0.0011319129685661289,-0.007802431689639122,-0.003551044042399809
983,0.002450171048104466,0.001115135535994849,-0.006110631325527249,-0.003053588347705971
984,0.0023771653550064276,0.0007792623355895312,-0.0010747844703377085,-0.0054307084507415615
985,0.002470358563217201,0.001107707069674918,-0.007571729258679882,-0.003244356583955277
986,0.0009366936676802329,0.00034292749708128567,-0.0034431631854885403,-0.0016352346793164774
987,0.002692898413584721,0.0011347348286553094,-0.008248674640260745,-0.004139283120525805
988,0.0014987164618276427,0.0006576997834620846,-0.004298329590594008,-0.0021842667991446296
989,0.0007700063815417324,0.0003381873866772078,-0.001010420093789266,-0.001213442437267509
990,0.0009984780347269684,0.0005015746223720752,-0.0013647297117505564,-0.0013284475436067256
991,0.0007396679670917949,0.0002572794430067693,0.0002573511346559143,-0.0010258527400901496
992,0.0029133618109595805,0.0013673338968084592,-0.009840849118096462,-0.00361439325566848
993,0.001584523533660731,0.0006344047863961477,-0.0027308531491871957,-0.003082764619296241
994,0.001917199371206657,0.0008806261613341915,-0.00521571359044426,-0.003187418513137197
995,0.0007911647475918882,0.00040137334508538736,-0.0019268170677116947,-0.00044205611349790175
996,0.0014823203146385189,0.0006199573854627771,-0.002175343718471945,-0.0016467438306342341
997,0.0019665323186398576,0.0007369810104799202,-0.0051905137511609745,-0.0037639739294289543
998,0.0020996416211253033,0.0009220878335784999,-0.004243609107325963,-0.0033243172237545915
999,0.0030805546797449956,0.0012205488599051906,-0.007930135957665063,-0.005497875975337019
1000,0.0032958228366414266,0.0013855754214467386,-0.005134966896148729,-0.004817102518851368
1001,0.0009240056612258574,0.00040234491860455246,-0.0003324185885235642,-0.0015674399309001386
1002,0.001059046763940641,0.0004992615310490667,-0.005441444491972702,-0.0020668006547459594
1003,0.0012469849062072824,0.0005165735039761865,-0.00396566747341065,-0.0035500861969104403
1004,0.002429107584247747,0.0010558507353808644,-0.006943005963322757,-0.0031813822275297277
1005,0.0011518611842474824,0.000463836614625901,-0.0025172226885626925,-0.0017209577029666523
1006,0.0018110630458160193,0.0008181760613902578,-0.006318130928739396,-0.0025751879699248414
1007,0.0016043144573376078,0.0005823477094354101,-0.005520644819860809,-0.003008043534914906
1008,0.002761141739374917,0.0013750463667085988,-0.010283692313152126,-0.002502249743560725
1009,0.0012115086464199454,0.0005443826678641628,-0.0018950200529812555,-0.004199506320944346
1010,0.0023280771916694976,0.0009660454259708406,-0.003451604829937893,-0.00416650076976155
1011,0.0018003789344303023,0.0007032742796031777,-0.0022142960692178026,-0.002976759586929001
1012,0.0013664338481667038,0.000545098968259522,-0.002270529576942737,-0.0028231365566739886
1013,0.0036543856444332112,0.001508859204851637,-0.01080615063873891,-0.005684979248866573
1014,0.0029007820921622685,0.0011754399613107813,-0.009084421320710356,-0.005261551626637662
1015,0.002112300973723946,0.0008811978488733885,-0.00593255642466306,-0.003207800806564909
1016,0.003006451946976907,0.0012363308488921865,-0.00585205201682637,-0.005109758599466607
1017,0.001908719262640135,0.0007597516671492277,-0.0030006916173641596,-0.0035340151941205544
1018,0.00322383584239061,0.0012871832310343,-0.00616726078623997,-0.005680489649955267
1019,0.0023400581412608146,0.0009267032928891306,-0.0059364807075111825,-0.003950948600395021
1020,0.0021542949608627238,0.0007883081105126977,-0.004942700919569443,-0.003940981565766499
1021,0.0012543176543400314,0.000504581200140547,-0.002148810370320775,-0.0026812965710095726
1022,0.0019735126010749227,0.0008889863434922429,-0.0042689688925797165,-0.0027723322702403186
1023,-9.72067596500259e-05,-3.416960129437596e-05,0.0016993286306457578,0.0010829493087556319
1024,0.00208287038260635,0.0009585595007459979,-0.005543652337787142,-0.0026709838710204936
1025,0.0022370133345815946,0.000990325477970705,-0.0055297985742843725,-0.0036222849268324753
1026,0.0022883393555034326,0.0009523882054356669,-0.007218789848001506,-0.004175660354282407
1027,0.000646104599303754,0.00034855301613931355,-0.005203429229420242,-0.0009623980157130729
1028,0.0023941431190096507,0.0010227797451888287,-0.004245919995907843,-0.003303143406200748
1029,0.0022209355800729136,0.0009521076439726883,-0.014606643078553028,-0.0037198981922601515
1030,0.0015080422064894239,0.0005147295069120594,-0.0016670544530788534,-0.004046926914150872
1031,0.0020406874133088726,0.0008564105985432724,-0.0063427079388211904,-0.0038519864018131678
1032,0.0018989634818307732,0.0007531858477324016,-0.003300841517688946,-0.0035630309466020416
1033,0.0013254936624355063,0.000539001471639905,-0.004217586082814584,-0.0026770567002918355
1034,0.0006932269781818601,0.00030030510708575764,0.000342118170172212,-0.0014149155464169283
1035,0.0015589772227359022,0.0006883066205555788,-0.0031807832384839196,-0.002894433969194532
1036,0.001850283919655249,0.0007054213581185742,-0.00404123745804158,-0.004102753399629844
1037,0.00092048578631021,0.0005184238327610446,-0.005857162342875311,-0.00043220483720873837
1038,0.002755175969920476,0.0011281813490571502,-0.006283727412420115,-0.004841233317993465
1039,0.0017662656611929783,0.0007902389334897009,-0.005029033622833801,-0.0024305787599098183
1040,0.0017415872036774527,0.0007951843107395773,-0.004977836060609364,-0.0022105032177300865
1041,0.0019202539450174916,0.0008056181559822628,-0.006122081728028528,-0.0033340185160554148
1042,0.001945294307382106,0.0007907299811123203,-0.003732115788850854,-0.0037858624572133515
1043,0.002349522302751872,0.0008879543200513706,-0.0043639769888049185,-0.005034556720686312
1044,0.002137550992424353,0.0007819324987421716,-0.004206025764668608,-0.005071005071005219
1045,0.0026227171703930297,0.0011264996197395682,-0.012181064530789043,-0.0038016820372526183
1046,0.002590617562661157,0.0011010595151065283,-0.006481638151931257,-0.003335730050903374
1047,0.0026790778451379893,0.0012067692220934512,-0.007120702369935172,-0.003658797954747217
1048,0.0032798252014720752,0.001359035353636684,-0.006806291490145666,-0.005389800949624712
1049,0.002629886639628376,0.0011704074451820423,-0.005754014067490654,-0.002542331976819634
1050,0.0015609881933480452,0.0006036277191565909,-0.0017342748748127579,-0.004160232780242246
1051,0.0011478713303169075,0.0005466702360117925,-0.002837156269261565,-0.0020091119897093224
1052,0.0011071896456721353,0.0004950340642136397,-0.0034014555975715455,-0.00163088624187413
1053,0.0025738179948634476,0.0010271199059685432,-0.008509926443640403,-0.0042807273409889435
1054,0.0018660848510063666,0.0007845050528594577,-0.006841188472676396,-0.003563189156521096
1055,0.0028429854522555864,0.0012369732728620964,-0.006403667396739643,-0.004762121459527258
1056,0.003344372233853088,0.0013799576764921273,-0.006864337018457678,-0.005365204739139484
1057,0.002505334403474113,0.0010151660453358302,-0.006735014773046832,-0.0036293723960452162
1058,0.0018132116435911616,0.0008435666168248868,-0.0038448354438382903,-0.0024885228612195887
1059,0.0017012319260006903,0.0006496439534842691,-0.006584575008799665,-0.002952217158810777
1060,0.001971923592248792,0.0008146673800085158,-0.0034875695677472063,-0.0038048287617955534
1061,0.0014108020342084582,0.00052991029131641,-0.0023731421163472044,-0.0031290384948051697
1062,0.0011273648290708316,0.00042926357573022655,0.002248311517197399,-0.0020640588451494857
1063,0.0009724391190742976,0.0004505486500410161,-0.0003125806209597348,-0.0020271604598081083
1064,0.002622618485833006,0.0011413014577522362,-0.01116520506935037,-0.00404773269689751
1065,0.0028726985489503365,0.0013389721990314796,-0.00870436352957138,-0.0037772221721439347
1066,0.0010969448809776128,0.0004145534982452903,-0.0008859912922220547,-0.0024709262694172507
1067,0.0012660088964541183,0.0004425118123267957,-0.0011889426206494469,-0.0032463848835528886
1068,0.00286060070021088,0.0011662317614811735,-0.007624146550782918,-0.005064291458321213
1069,0.0014929131340062352,0.0005783771813590854,-0.004462008357783764,-0.002678676364965993
1070,0.001536156918666265,0.000659223485997007,0.0011478090163863919,-0.001196483751714994
1071,0.002059375733017399,0.0007663366562425111,-0.005341771190776556,-0.003752340823970024
1072,0.0025132455820698896,0.0009230930100945223,-0.005571222045223201,-0.004844384410947811
1073,0.0017992330952476543,0.0007631297092982325,-0.0033311716350479803,-0.003774852135507878
1074,0.002561832981683998,0.0010133508477136732,-0.00774491919730641,-0.003486164991643781
1075,0.004125062632782173,0.0017072247464547385,-0.005556035153011285,-0.0066019552345065735
1076,0.0019023189404387963,0.0007122602539180456,-0.0020467581190782846,-0.004003567070308689
1077,0.0032043143634787885,0.0014106571190266315,-0.013017199479332664,-0.004796812500972636
1078,0.0014648060960859022,0.0005831476235723665,-0.006431652972132884,-0.0021782874475231306
1079,0.0014258250344270085,0.0006612175979235635,-0.0037961420568054516,-0.0017543689367505166
1080,0.0015024396549754293,0.0006090149932570788,-0.004356906685335615,-0.002789173917617349
1081,0.0024245321512605944,0.001052972704181726,-0.0038144204772246892,-0.003435685169738245
1082,0.0020652099716060857,0.0009005065095349929,-0.006796031675157688,-0.003921736044144475
1083,0.0016003617117553715,0.0007350634367014608,-0.004694142735477802,-0.0020994502019170413
1084,0.0027328628431831925,0.001232916961996039,-0.006580853063540726,-0.003502030529798361
1085,0.0008784774126282535,0.0003323861433298936,-0.0040288101048210345,-0.001093212411409361
1086,0.0012610235674734849,0.0004743950406557451,-0.0030694153006555758,-0.0023655913978493093
1087,0.001333128993578514,0.0005700430849853999,-0.005996170852634819,-0.0023496214753387923
1088,0.0005232941054664764,0.00024377283083087953,0.0007734799569792394,-0.001133901894937006
1089,0.0001645614294814024,0.00020468226806338863,-0.001373431529975211,0.00014292384064951147
1090,0.0016259217373402746,0.0005922911001380315,-0.0031962743343314504,-0.0037982190431007368
1091,0.0025826952895096067,0.000962460219644079,-0.007143342369567263,-0.0039408367680944245
1092,0.0008583954354936529,0.00040483571961555387,-0.0027107794244620176,-0.0020829649277925855
1093,0.002379497973857725,0.001064286302323636,-0.007858486214124383,-0.0031781221513219604
1094,0.0030735842936120417,0.0012639063027601594,-0.0056559974296053195,-0.005764816057946431
1095,0.002634225846742666,0.001082963890483457,-0.0069269379737356696,-0.004877875422360511
1096,0.002734049714888387,0.0011014996855519543,-0.00758780986652946,-0.0041856800498999425
1097,0.002441001428527989,0.0009240656385606227,-0.005667135879761198,-0.0044528983062285254
1098,0.0023452545440950656,0.0010950007416876406,-0.00845186276255988,-0.002921787111885177
1099,0.0008339279790725573,0.00033986529355858885,-0.0007424523879111522,-0.0023541508621423013
1100,0.0015483604730967548,0.0006015997114687532,-0.0014498299821117389,-0.0025309115212989175
1101,0.00290028158416189,0.0012449527297719865,-0.009096879960535653,-0.004890527088487362
1102,0.0033117324067157283,0.0013180652152716132,-0.0059871656683279095,-0.004096309324360892
1103,0.002367481408469041,0.0010365198812194165,-0.007110156268862022,-0.003518344456858724
1104,0.0016992801576667937,0.0008206357417926691,-0.005769180255061734,-0.0021001905994894043
1105,0.0016857023238834867,0.0006001768854919931,-0.003150670633777386,-0.0034931148031731585
1106,0.0025158584292840347,0.0010093729513632466,-0.008015892422556958,-0.005145586540935332
1107,0.00211616324056485,0.0010185108452520353,-0.003978380689530936,-0.00247609913530622
1108,0.0011745690383488383,0.0005583834207949501,-0.00582171840794371,-0.0016081128791491928
1109,0.0020103686305554813,0.0009852755796315171,-0.005285087012926737,-0.0031027008440438486
1110,0.0019063631226824418,0.0007919454844438067,-0.005316306027835116,-0.003240792906485823
1111,0.0007578640457932551,0.0003260988217009819,-0.0033054672074095404,-0.0005371228630182134
1112,0.0008331618170513977,0.0003601995208473985,0.0008830869528998475,-0.0011182730848002809
1113,0.0017241368654205558,0.0007548270160483705,-0.003064736402968282,-0.0031619049622710893
1114,0.0028040900508601307,0.0011171812863850772,-0.006603059496870289,-0.003933724075743883
1115,0.0031859090799175593,0.0015092473185029098,-0.01053619418304308,-0.004214960721299121
1116,0.0022389822483176447,0.0009928814771429928,-0.009351454354053934,-0.0032827067010986477
1117,0.0023625801610307473,0.0010523180672149246,-0.007077297998788756,-0.0033235627234973197
1118,0.00200125263010853,0.0008843348679842822,-0.007701498932278339,-0.0025560698757437494
1119,0.001892993234674234,0.000750870649556451,-0.003188444463233908,-0.002442272792596456
1120,0.0019277756900868415,0.0006983379984542848,-0.004557174893420446,-0.0037433614326222164
1121,0.0008431588655459787,0.000336259100190639,0.0016975945675223314,-0.001140211929211321
1122,0.0033446636619786085,0.0015051430188578463,-0.009180332728561946,-0.004037199557242244
1123,0.0008287578034646415,0.0002547086935459908,0.0014516214530050364,-0.0028193729527374867
1124,0.0015486608949510372,0.0005507147288887626,-0.0015525879993215086,-0.0029361612487397437
1125,0.000946731965864811,0.000525809386970999,-0.006849198751671504,-0.0011963048033526436
1126,0.0011008613482078045,0.00046178569076482656,-0.00040166421425630316,-0.0015888778550149363
1127,0.0013866377664052965,0.0006152776208565858,-0.005477049601827488,-0.002443563254374004
1128,0.002121313220425969,0.0009414001123501936,-0.0056949736592048494,-0.002365609071820818
1129,0.00291627952488549,0.001295085762189313,-0.009395316020791578,-0.0043510911210000724
1130,0.0033294862630199873,0.0013666257813292892,-0.007775298820182686,-0.00600093616707964
1131,0.001858214855458562,0.0008025108481545806,-0.005946475740908397,-0.0029321893145826117
1132,0.002278190861747964,0.0009912750875661902,-0.005186660920458885,-0.003372701328277161
1133,0.0025284054085841223,0.0010340802621153777,-0.004276170737836593,-0.003882639986095171
1134,0.002232753649733188,0.0009478882123941101,-0.007251371771827275,-0.003107443216169292
1135,0.001499412977624237,0.0006310661541184537,-0.005073264642342923,-0.0019030079803561417
1136,0.0004657881929541752,0.00014235398146467126,0.0008604656534993427,-0.0006076919266145842
1137,0.0014702004927121815,0.0006489433098424147,-0.0012927331400330866,-0.0025152890116393323
1138,0.0033436723206963226,0.001294746889167836,-0.010875762611318285,-0.005346817932317283
1139,0.0015654967879668025,0.0005913333252793584,-0.0021677205789970566,-0.0027936412664507637
1140,0.0016422248449078913,0.0007100905494046295,-0.004040171037386908,-0.0023205853645668073
1141,0.002040620493397649,0.0009687354548981453,-0.008103973313156654,-0.003055375297426055
1142,0.0016074727545569711,0.000710391470795213,-0.0028712821360716845,-0.0025864989215774736
1143,0.001653245794906666,0.000632769907510683,-0.005770982635299793,-0.0030502871359677775
1144,0.0024397370653552186,0.0009493852719109352,-0.009962882457802025,-0.0049843276296182015
1145,0.0026707403812622488,0.0010540276598857146,-0.011069179116381278,-0.004082621082621141
1146,0.0013857320292668396,0.0005843616666026674,-0.003857910677783405,-0.0033269247293349347
1147,0.0028985959035852105,0.001212367488633015,-0.006266953085504512,-0.005172008665632166
1148,0.0016759670284469674,0.0007748584072768405,-0.004426152358081525,-0.002249558562924525
1149,0.0016946476223078655,0.0006504901627598647,-0.0034660081286772004,-0.0035684007295316844
1150,0.0018496571484819535,0.0007788552836512641,-0.003125583654087105,-0.0032890918237046263
1151,0.0032294527275716356,0.0013987691242917377,-0.009853416235157397,-0.00521014436760292
1152,0.0015286149721571718,0.0005221684425161244,-0.0032562943199295757,-0.003438800626538341
1153,0.0020424683400763755,0.0008177403921768578,-0.004362815965587463,-0.0035491495030715026
1154,0.0016780836995676784,0.0006947264384182528,-0.002602629993824157,-0.003769671011886633
1155,0.00013037079837086019,1.9204865961769402e-05,0.006457784774848374,-0.0009373334672381217
1156,0.002709361512384545,0.0011415968501497786,-0.009591575903167948,-0.005230744426648615
1157,0.001044004617725136,0.00045313928824297633,-0.0014142582062280917,-0.0014179366224104095
1158,0.0016534265846315233,0.0007137501093854859,-0.005949563724807205,-0.0031291268675318618
1159,0.0030442531656232896,0.0013405614369962349,-0.005592447745143392,-0.003696714144404867
1160,0.0018069746637119355,0.0008263882145353452,-0.004189252225381024,-0.0027158478797112418
1161,0.0017270338317960654,0.0005811592568519819,-0.0001552682961528662,-0.003479742252999074
1162,0.0017594524063106465,0.0007033508058168769,-0.0044817329349333135,-0.002800132784252507
1163,0.001439371010002466,0.00044757896570590816,-0.0014676501322911095,-0.003842772445663112
1164,0.0017734355154074288,0.0008647773210985477,-0.006252303844894169,-0.002052691099192816
1165,0.0029327607965038416,0.0012469957308446078,-0.009154980642752109,-0.004228621111422304
1166,0.00183230795571232,0.00070027438693962,-0.0033421406195149883,-0.003151827134996843
1167,0.0021152589514490394,0.0009338443381698702,-0.005820422253880464,-0.0029425229425229515
1168,0.0018583448899724964,0.0007841429251600474,-0.0037996196405084004,-0.0035231076428140495
1169,0.002586113827676706,0.0011154171561123805,-0.005682469055168726,-0.0034702402474017235
1170,0.0015224849189140466,0.0005978778584534994,-0.002552064334267856,-0.002637701063320619
1171,0.0017785296868342293,0.0008282244048885834,-0.006177261880858043,-0.0033384738161978955
1172,0.0018227017362821285,0.0007549315461630457,-0.0023485644358430813,-0.002755221898779525
1173,0.0019406990964870863,0.000796453408734632,-0.00943998717770117,-0.0018645273668458362
1174,0.00036436375690962475,0.00021905866360025228,0.0005788516558070111,-0.00013583803578198772
1175,0.002032350739496147,0.0008467194324801863,-0.0048641122736395315,-0.003989891686564828
1176,0.001074488424348763,0.000480143627164642,-0.0024312913531031044,-0.0013028870884772559
1177,0.0011127709418439213,0.0004198665817932712,-0.0017210622493545324,-0.0016808516532311746
1178,0.0026711844882169045,0.0012451948448880257,-0.009556064815984588,-0.003496710545794701
1179,0.002524736096020719,0.0009211067654415483,-0.0019345677214610002,-0.004869036032470908
1180,0.0009605567427034001,0.0005019719412887869,-0.002048603880418609,-0.001248499399760017
1181,0.0020823851392179904,0.0008414902686069703,-0.0025566965462905378,-0.003673803673803655
1182,0.002577556634162148,0.0011179371818689499,-0.008238516388996975,-0.0039029954114259136
1183,0.0021051778365279716,0.0008284881751988993,-0.00489258121172953,-0.004388459255715849
1184,0.0018613425389827354,0.0007717380644140237,-0.0038073005759519662,-0.0026948937522411898
1185,0.002018502417762136,0.0008187523615261483,-0.003752829325321838,-0.0033231914701123966
1186,0.0023822952572672973,0.0008576134736149044,-0.0028749560056055556,-0.004731969648601564
1187,0.002386550537789578,0.0010787837927783428,-0.009759458597090376,-0.0021722251861877595
1188,0.0012356007581152406,0.0005436928389251083,-0.002670018663128937,-0.0010476882959724598
1189,0.0009715496770625887,0.0004891808364453631,-0.0008300570394977336,-0.0018119357733817898
1190,0.001368315829017086,0.0006552817667260513,-0.004004378054211166,-0.0014001453561306443
1191,0.001390037023223989,0.00044700994993196463,-0.005159848064040962,-0.002540451208732031
1192,0.0019352982428785248,0.0007343052822691709,-0.001988656978702208,-0.003426222187777994
1193,0.002820175778867784,0.001263046229814463,-0.007225506988520314,-0.003883133115276327
1194,0.00197696969448502,0.0009053177913329047,-0.005018544499258315,-0.0026920716725875593
1195,0.0018607893113783414,0.0007367732382106973,-0.00545634932561484,-0.004526678700948028
1196,0.0019457384760100949,0.0008084803465712165,-0.00858583423572451,-0.0026769063920397684
1197,0.0024634122552714133,0.0009503772119045795,-0.004898735522812503,-0.004536211778567445
1198,0.0018486516166139055,0.0006572020356810926,-0.0009261407188727033,-0.0038088581425606005
1199,0.003341290529790819,0.0013426797341119512,-0.012148226548835739,-0.006531691948620022
1200,0.0022130291437519878,0.0009082257200882515,-0.004251831147229601,-0.0038942716301206826
1201,0.0012417929691953544,0.00042361116569844537,-0.002646161995236762,-0.0023818589617096153
1202,0.0029833805336497154,0.0013488543651816176,-0.007975945535168893,-0.0040324115615738565
1203,0.0006600928437338061,0.00018199523780038085,0.001512297331818624,-0.001099867242243202
1204,0.002764414827445383,0.0011788567573634834,-0.008235936365986962,-0.004306424864922609
1205,0.003474803283200878,0.0014051950862096485,-0.007962577721553121,-0.0057509829215571795
1206,0.0028392758102528393,0.0011269356228308935,-0.006567023955627194,-0.005429129499747498
1207,0.00201535555691823,0.0008793601511012106,-0.006855423866927501,-0.0020853843408894512
1208,0.0016917975626542514,0.000640870131770721,-0.0032372178233427418,-0.00283891728380381
1209,0.0019797160953142767,0.0009489808539206446,-0.0042624016590595,-0.0027043689499061108
1210,0.001131194245269751,0.00044862187405142473,-0.0017223305776856157,-0.001970559052504206
1211,0.001282142385612084,0.0006753466431224098,-0.004420822383602363,-0.0019260352730945396
1212,0.0003164085956219864,5.485329682811124e-05,0.002451551265309271,-0.0008633016342383115
1213,0.0014813354935278022,0.0006673141092921331,-0.0035845448469272734,-0.0026467753411706374
1214,0.002351627797639977,0.0009346942403046232,-0.006526678767722893,-0.002782867500762065
1215,0.0020290701580731874,0.0008067980646299933,-0.0028840255014257465,-0.0036730265905494663
1216,0.003377812621521481,0.0014502933674834795,-0.011987522755537217,-0.004751878780363206
1217,0.0024053915698784567,0.0010707536241718052,-0.0043850287370392205,-0.0037587081795811272
1218,0.00081356233352603,0.0003757019096880254,0.00044336945554473983,-0.0012554592103084516
1219,0.002377861153705585,0.0009709436604035115,-0.004746450064702978,-0.00446904207470733
1220,0.0005965323472045814,0.00021201401386269914,0.0009371819677658211,-0.0020790614810580754
1221,0.003092910949921923,0.00133743001632311,-0.005690917862399558,-0.005146327675920048
1222,0.0022139991894921662,0.0009172227414164791,-0.011013328321358928,-0.003976569008783404
1223,0.002552173196011698,0.00103236222628722,-0.011640619862768764,-0.004656019695921443
1224,0.001543253935701816,0.0007879321422436802,-0.004725124782465673,-0.00142269173275833
1225,0.0013419851649076886,0.000572616331618675,-0.0020982903782704176,-0.002834367398039661
1226,0.002221643988402855,0.0008372514358482019,-0.003642146221991105,-0.003955970840083256
1227,0.0019220509737779556,0.0008134756825264322,-0.005919738068092817,-0.0037974962047038208
1228,0.002344288862423327,0.0008487441233453741,-0.005525369265732383,-0.004252970919637389
1229,0.0022691830936212853,0.001093144498915427,-0.007978873364008765,-0.0028007827613083514
1230,0.0023604061437400015,0.0009835961375700975,-0.0072349250065126824,-0.004389850891555636
1231,0.0018241787207171622,0.0006384683058434926,-0.002518895607155458,-0.003580696923473181
1232,0.0015946644352452521,0.0006482067802482394,-0.003184077121193396,-0.0031477038776309696
1233,0.0026031451449879395,0.0011202442349501351,-0.004436182645322417,-0.003436172415287264
1234,0.0028958063191768524,0.00114139295938262,-0.005620124985769415,-0.004638159606819792
1235,0.001975940865150294,0.0008071749416935503,-0.006556346902089394,-0.0033285351128761187
1236,0.003339368349381311,0.0013969109353325904,-0.010971900391193334,-0.005423856313575115
1237,0.0023446658559956868,0.0010106102530833827,-0.005331029877574112,-0.003861512312506976
1238,0.0016667344385827843,0.0007755671144667187,-0.007349708883963135,-0.002816750045167571
1239,0.0018843407341531115,0.0008408788263754297,-0.0013007731261283628,-0.00255966051182821
1240,0.001758145727014715,0.0008009806479730153,-0.006497844737272329,-0.003126232741617385
1241,0.0019752142669355877,0.0007325621047632735,-0.0018951250334723335,-0.0028550328166819794
1242,0.0013441261852963904,0.0005004188404480192,-0.003867160146280635,-0.002906236651907146
1243,0.0031470291195058175,0.0011962882652957196,-0.002433215971133218,-0.005910707729478104
1244,0.002042587174441113,0.0008919165858467804,-0.006125659513417092,-0.003195632553759209
1245,0.001766337091196335,0.0007251597517662911,-0.0033734916276419447,-0.0027645434406580183
1246,0.0014197452975120983,0.0005588444276096172,-0.002410520224038315,-0.002891640353146152
1247,0.001590606251575366,0.0006596772354566238,-0.006025724644023289,-0.0023918862658872664
1248,0.0009386480344324433,0.000469491849275,-0.001613072864451337,-0.002133245815556184
1249,0.0015619562213272653,0.0005709356300256097,-0.0026760655764758723,-0.0032469214831725157
1250,0.0016479602955272732,0.0007690508860443424,-0.004550801113270442,-0.0016817253855637704
1251,0.0019023014305729058,0.0008592302451142231,-0.003919936079187336,-0.003098334010564918
1252,0.002887669274831639,0.0012197969764954908,-0.005281043309072142,-0.004194858592132866
1253,-1.5076373352684858e-05,-9.424698292412326e-05,0.0029967277924265456,-0.0006482794337876463
1254,0.0020218062837322748,0.0009889295378251728,-0.009005129841747395,-0.0023033812303313583
1255,0.001270890762392618,0.0006077119834353439,-0.005097408397225112,-0.0014144892627405703
1256,0.0013457512293492124,0.0005417725034834731,-0.0005864033959293025,-0.0033730031849777964
1257,0.0012417010661505135,0.00042400978826603875,-0.0008595157156149891,-0.00218924042426083
1258,0.002589930914472849,0.0009584497955065496,-0.0043787907431886985,-0.0045630093540487415
1259,0.0024403285728231694,0.0010430685151857633,-0.005137000020050353,-0.003492897450866006
1260,0.002117447096716907,0.0009095243415748744,-0.005214276417839281,-0.0028229509010399
1261,0.0014831373500731049,0.0005911823115758441,-0.0027423629312581244,-0.0017085954964947137
1262,0.0023296133032573163,0.0009552472061259976,-0.006431902933760503,-0.0034030299781562245
1263,0.0016402988968609034,0.0007688482064023838,-0.004688040896835055,-0.002871817345776906
1264,0.0007640195051303866,0.0004540599120183286,-0.004843531176692895,-0.0006711514692986364
1265,0.0021942487094118723,0.0010303020432022025,-0.005425278685148083,-0.0029722271543560774
1266,0.0026715378072671436,0.0009945432695790402,-0.0067288195052447874,-0.0050630876132129465
1267,0.00135361402053924,0.0006135474863626644,-0.0026284723695969014,-0.002625852438230436
1268,0.0011149783951616143,0.00045040339082469405,-0.0015502126115795045,-0.0025740673499689004
1269,0.0024020377063511122,0.001053958860145754,-0.008851330912553412,-0.003389459873168632
1270,0.0029799247742796076,0.00126087896483848,-0.00953739161645617,-0.005007131871619386
1271,0.002214590059277155,0.0009370499540209409,-0.005772540563740325,-0.003951942808559039
1272,0.002539044066146967,0.0011112284561598795,-0.007036691572667064,-0.0033220453230969893
1273,0.0008238394362958812,0.00035245181414400584,-0.0016645902142700675,-0.0021530302232057874
1274,0.0024679990672212826,0.0009604062822048398,-0.007013161984152028,-0.0044454008853911375
1275,0.0026941712574738985,0.0010936070243469098,-0.006325088151509561,-0.004242165573791645
1276,0.0021681838511957152,0.0009144766097607393,-0.002808438176131134,-0.003010767737025799
1277,0.0033755125082374215,0.0013261019539244912,-0.012570056328128187,-0.005688337489103801
1278,0.0014507615884336023,0.0007309101978302535,-0.0038385974040576754,-0.0014684525750582322
1279,0.0027404101360934963,0.0011311177664517502,-0.01356031567923327,-0.004556588368295422
1280,0.002497786078277442,0.0011096623490161606,-0.012467117086770785,-0.0036302084358454945
1281,0.0011708997552388745,0.0005096006230394245,-0.0022196420719469145,-0.002005241296839322
1282,0.0024689947527483103,0.0011449208201251004,-0.008093339970372093,-0.003453806015960792
1283,0.0026799510871387544,0.0012723447764832474,-0.011248526857322472,-0.002996874425445939
1284,0.003046886014340444,0.0013016765610046332,-0.004595953382055318,-0.004545200918804726
1285,0.002334919360208798,0.001058411846748264,-0.006192830440224728,-0.0034115431292818243
1286,0.0013460411930712457,0.0005794322403966934,-0.002623012539985259,-0.0028013706788341253
1287,0.0036672112665815937,0.0015869737705734854,-0.011129037680715437,-0.00489950521588578
1288,0.0015494564520798226,0.0006292853219844463,-0.001769625350697579,-0.0032754257568692324
1289,0.0015771761145625396,0.0005945972770654007,-0.0024781307666225105,-0.003262569727121911
1290,0.002111189898311161,0.0008667856064823731,-0.004741413095187441,-0.0036257605473936083
1291,0.000985551588893796,0.00044442276201742126,-0.0024854963182910916,-0.0014567656877427781
1292,0.0008160583300602653,0.00040560719423443636,-0.0019682943833971844,-0.0014689155373565077
1293,0.002537969658826522,0.001109435753761795,-0.006991736079049848,-0.0030314051613167248
1294,0.0022126363084893352,0.0009558589769518289,-0.008905613933999856,-0.0028965898371620113
1295,0.0013988305138375456,0.0004646391371491143,-0.0017255519032418065,-0.0038605557140394264
1296,0.0008621884666192292,0.0005123326115175353,-0.0031513527980953637,-0.0009454734360326844
1297,0.0018701417370645124,0.0007769741749983627,-0.00305449474195707,-0.0026028460953347876
1298,0.000986124118769971,0.00040278006905089536,-0.0028575007971923805,-0.001956968502285772
1299,0.0015598274719678118,0.0006830031363758982,-0.0037487601153406436,-0.002544913265351223
1300,0.00190535325731922,0.0007471423997988946,-0.00855306620746199,-0.002943965145709271
1301,0.0017328743019706105,0.0007676427468722158,-0.0052333769270322406,-0.002955762205699264
1302,0.0019517968023796683,0.0007660032547111839,-0.005592773126305961,-0.003503000646846166
1303,0.0008374487261628705,0.0005248308535185653,-0.007439582079054818,-0.0008617938924888602
1304,0.0019501602555195285,0.0008422495610964087,-0.0043397625852031885,-0.002148131573058931
1305,0.0012022754762846533,0.00045920060954737774,-0.0033417209091754496,-0.0019640762959873825
1306,0.002157153162207215,0.0009551265107363149,-0.007476819450483563,-0.003919634597222221
1307,0.0024761720181307734,0.0010667375139111757,-0.00746709270475826,-0.003777190921353535
1308,0.0014462356914615726,0.0005393983692004722,-0.003409668382985953,-0.002308872712964649
1309,0.0023185892513889472,0.001105245102506175,-0.010645355491163744,-0.0035930588211463554
1310,0.0022039075828412247,0.0009366544750837313,-0.005960715018871798,-0.0024528718726262166
1311,0.0021716251233674377,0.0009073443217640087,-0.003995932541145664,-0.004132811971020334
1312,0.0022123788506452913,0.0008997537754705798,-0.004455024901900362,-0.0022760615440222676
1313,0.00045856605243993487,7.453099031881627e-05,0.003331406152593974,-0.002020806207493675
1314,0.0017824646184828596,0.0007730901999301043,-0.004366826514138777,-0.0023916420977943
1315,0.0016966795361770814,0.0007516983266238897,-0.00409921257188095,-0.0025234633132050766
1316,0.0017833638401254515,0.0008268845652038559,-0.007789259674011895,-0.0031609195402299006
1317,0.0019005409378263782,0.0008141910631585259,-0.004815819657910947,-0.002901968655393272
1318,0.002052483887390766,0.0009525189443992943,-0.005867367252881783,-0.002604432035108406
1319,0.00167063083505814,0.0007003876717483482,-0.002187357008538948,-0.002857586036883686
1320,0.0014358370984094426,0.0006256426771678869,-0.003290134565936853,-0.0029231638876831
1321,0.001957378885537042,0.0007801131287413776,-0.00345889126603538,-0.0035589410589410564
1322,0.003402637451590529,0.0014397404819330994,-0.00807510710465037,-0.004786443620833025
1323,0.002193251404535801,0.0010881204943054001,-0.005643802520434726,-0.0017078182577603407
1324,0.0010926019761744454,0.0005322928199115451,-0.0013851179825076776,-0.0014934239338801891
1325,0.0019092874470896248,0.0007283999078132875,-0.0039571323805832614,-0.0030241780444348887
1326,0.001631188043283327,0.0008263684597226428,-0.00763743262149813,-0.002186856513480162
1327,0.001755383735606908,0.0008405054920081201,-0.008974330088750648,-0.002795577935661653
1328,0.0021256222790176915,0.0007780754890927832,-0.0017799999420389234,-0.004592839649394165
1329,0.0005815525076685035,0.0003962476215930155,-0.00018472030628041702,0.00020483932915116299
1330,0.0011056038942610646,0.00039305377378467954,-0.0035313349754827472,-0.001882434964486368
1331,0.00187910344900577,0.0008197879449752532,-0.0031060924187122363,-0.002900715104104945
1332,0.0010532909644033195,0.0005209511030810077,-0.0012955964372304285,-0.00129637730752874
1333,0.0018345398063633889,0.0009179368554429468,-0.008789037541572287,-0.0032137596283006165
1334,0.0028729922250423368,0.0011779077975589414,-0.008666936009899595,-0.005044172401581171
1335,0.0022386486491553503,0.000989570043113508,-0.007434911003811495,-0.0029495198774441844
1336,0.001824010649229324,0.0008776461700727156,-0.0030656707373931114,-0.0020468214912660043
1337,0.0020728343069005284,0.0009269019126998124,-0.005486224927734706,-0.003052208835341408
1338,0.0024668363566311413,0.0010867898041587443,-0.006112223110547821,-0.003678325904661106
1339,0.0023412841447740806,0.0010446619170127458,-0.0051992108018174,-0.0023458150062085625
1340,0.002413888645619311,0.0009801050968937797,-0.005060265586266932,-0.003884418854523064
1341,0.0011528848289258375,0.0005045290787581147,-0.0048733231785917375,-0.002917561419472303
1342,0.0014433284828448967,0.0007143618773882698,-0.005349374352521696,-0.001027178257394068
1343,0.0008455306855037481,0.00029259311539409083,0.0019203761244883655,-0.002259207890275672
1344,0.0023454835910931005,0.0010166285030578648,-0.004074110511535112,-0.003686845053246346
1345,0.0019611990254172484,0.0008584498374929195,-0.008735187227920549,-0.0034905173695207736
1346,0.0010447574227419043,0.0004726687729128265,-0.004845719419156569,-0.0011240368167276804
1347,0.0030970578504251334,0.0013451321199999255,-0.008059406911114786,-0.004912386559015491
1348,0.002704292822733767,0.0011230481239407897,-0.004451711749512588,-0.0038179288411845924
1349,0.0029321498357566256,0.0012586342666078831,-0.007875007367321274,-0.004388332507593962
1350,0.0022061374925320676,0.0008235771818807247,-0.006014245119721984,-0.0038256893183660212
1351,0.002500168977834283,0.001067464616259367,-0.008565928998322592,-0.0033714765676506886
1352,0.0016719277735722793,0.0007773743390182553,-0.0022461582633950816,-0.002242339959461437
1353,0.0009500729915353778,0.00043831111327743977,-0.0032757605605349682,-0.002005602240896409
1354,0.002043172828858686,0.0009219207734930956,-0.0039201368391811875,-0.0028173450141640854
1355,0.0010823086347385713,0.0004800252235181157,-0.004811071751079088,-0.0014695055511382282
1356,0.001745758424998356,0.0008486661031618659,-0.009418797939036383,-0.0019475685892460515
1357,0.0020344202573395753,0.0008271421074143581,-0.005396286362554015,-0.0038470682962012948
1358,0.0017329957208269686,0.0008051622569659467,-0.0069000193677518085,-0.002463178670894406
1359,0.002682377613005049,0.0010971094612894916,-0.004174481685770448,-0.0030284521809944565
1360,0.0017285441834070658,0.0006400819729512064,-0.0036443007967358887,-0.0031748797079808044
1361,0.002866133845010055,0.0011095876460011922,-0.006831589479765088,-0.0036753786753787043
1362,0.0008665773925692344,0.00046766048954910433,-0.0031034744197747655,-0.0017135740556391
1363,0.00159437692177683,0.0007245596645139019,-0.005721798751927909,-0.0021549437952331774
1364,0.0019365288376720358,0.000845460298591727,-0.004325401763186298,-0.0033268576979115227
1365,0.0013963186822067986,0.0007102438946942624,-0.007859969633565778,-0.002651211707578982
1366,0.003166031176515649,0.001328340193804789,-0.010451187338075818,-0.004983316856154052
1367,0.002220978381761829,0.0009351275871127551,-0.005931094066330689,-0.0035608876892980756
1368,0.0022453746257578566,0.0010501467166766087,-0.004173451522164473,-0.002758848915032752
1369,0.0017558658289232865,0.0009044864887959303,-0.0037184915841608213,-0.002430240728330202
1370,0.0031174641954450077,0.0013425809973729164,-0.011315891637606434,-0.004713405077839239
1371,0.00020143855854704018,0.00017704959620359895,0.0015327329565013037,0.00019198638453321593
1372,0.0016396671441661903,0.0008408057204103425,-0.005164178249810525,-0.002558296091554335
1373,0.0016294823173310657,0.000732350333404963,-0.005107426635571399,-0.0015450778012354727
1374,0.0013033604828362466,0.0005072799094427982,-0.005476905093133866,-0.0025398575645737553
1375,0.0015272158616174147,0.0006498736013896,-0.00734266016400098,-0.0028401195108392896
1376,0.0014794610309023515,0.0005824626619123918,-0.0055895116154836,-0.0027821526303642985
1377,0.0017666269128295276,0.0007674401281009546,-0.0073303685147008135,-0.002993764227210649
1378,0.001786240625494817,0.0007902761280109138,-0.004771830955818401,-0.003707816880009318
1379,0.001418132553137108,0.0006701743708889818,-0.0029484270403150603,-0.0021633044496685017
1380,0.0025797339127875407,0.0010133623945893233,-0.006619856389885881,-0.004110100475504752
1381,0.002359900774321022,0.0009908364236589917,-0.003793845283949937,-0.003202325266083661
1382,0.0009310451423991672,0.00043106107306975505,-0.0010468791989757253,-0.002194989106753864
1383,0.001700649956724698,0.0005405360145105675,-0.0010639705600090643,-0.0037225584100584186
1384,0.0011064059742278975,0.000554983507831952,-0.0014944803711710586,-0.0012561589796363792
1385,0.0012211732307965129,0.0006061157632009373,-0.002669120807252845,-0.0014746522375234106
1386,0.003759583179951842,0.0016103378112562183,-0.00625175958456109,-0.005519006879935229
1387,0.0016535634793766185,0.0006665078850848771,-0.008837783142969124,-0.003375796178343937
1388,0.0028730328390369486,0.001143919834975221,-0.0056096717960189,-0.004965773829756159
1389,0.0016916370645204681,0.0006564816313999466,-0.0035746614369576712,-0.0035352780854660537
1390,0.0011419740073865814,0.0005242352733655087,-0.002772960273386693,-0.001719370391378483
1391,0.0020484436460137534,0.0009528076261966778,-0.006397035863619005,-0.0028973093404290884
1392,0.001740132971560393,0.000748158782766184,-0.0043644229586704,-0.003381582851781584
1393,0.0016519997421011734,0.000763428497348756,-0.005952488933184785,-0.0019414802065405024
1394,0.0016923818914082456,0.0007790374130008382,-0.0036774724549513693,-0.0015503920703023866
1395,0.0010807941249227904,0.0003432641586735008,-0.0007025647890102626,-0.0033442646768853113
1396,0.001412765493046142,0.0005674936846518375,-0.0048361984789246915,-0.0020925444100247104
1397,0.002217671532609544,0.0009789699001415408,-0.003953680090636902,-0.0032875929102343937
1398,0.0019508724933025023,0.0008018156159348144,-0.004353366251808377,-0.0030795632989312205
1399,0.0015021307978992926,0.0007821659306974371,-0.004239317094148876,-0.0013187257356161997
1400,0.002071066196434046,0.0008005793045651466,-0.005215911978419585,-0.004055206165020531
1401,0.003085438202070745,0.001350975131014731,-0.009440691463506679,-0.004366497144769221
1402,0.001936175839955756,0.0008084202437288746,-0.004251191561621626,-0.003663408360010223
1403,0.0017731645228378223,0.0007488823459756155,-0.005364446116637778,-0.002964502516041412
1404,0.001755391453457933,0.0006819731483240221,-0.003024702586499284,-0.003130320299539746
1405,0.0023968249001684594,0.0009496320358622912,-0.0068709001441309425,-0.00333668462219594
1406,0.002162194918940652,0.0007961403435673697,-0.005651648587743252,-0.0044131232260482545
1407,0.0007860726181831978,0.00024803530621264613,0.002131737737828654,-0.0018946615824594337
1408,0.0012098319206577668,0.0005211403480519516,-0.0022636418358386035,-0.001802349924111657
1409,0.0017787992882820625,0.0008148404683053223,-0.00589624376072051,-0.0025986538565923034
1410,0.003695641001776606,0.00155395427712543,-0.009400975098346032,-0.005514718077660574
1411,0.0016501323044560423,0.0007107078448745086,-0.0018750325333323214,-0.0024553973089909142
1412,0.002320971406164274,0.0009813729455277753,-0.0066978561887121035,-0.0030601822240207133
1413,0.0024227573965719396,0.0010305163335154188,-0.004682239914222397,-0.004213313737388424
1414,0.0018033277881460141,0.0008485632988225744,-0.003828784985394962,-0.001718263552792254
1415,0.0030579917053887296,0.0013140960052475392,-0.00733367973104293,-0.0027145255074161323
1416,0.0025602614422411962,0.0010850631082589823,-0.005694921784762497,-0.0034072817628590935
1417,0.0025140419802188174,0.001128588342660053,-0.007029896497785071,-0.0031471898285433397
1418,0.002552210921584752,0.0010442929031635184,-0.0078055272870167225,-0.0046641219033604076
1419,0.002592084763685387,0.001203409058849192,-0.007802381713296391,-0.003557219886965224
1420,0.0018804576253410032,0.0007820606223631343,-0.0057402974968578935,-0.0030143851875819028
1421,0.0012247742680971951,0.0005531597636935226,-0.0027709171029924873,-0.0022565962943624784
1422,0.002811722740045375,0.0011677438646484073,-0.004866597814560836,-0.004637641315918373
1423,0.00208436881371199,0.0006830736935643789,-0.0029824824751829015,-0.0046002344586443256
1424,0.002996821842002284,0.001136457388186518,-0.006601471485026378,-0.005068729413147288
1425,0.002028342750271084,0.0008630682013807678,-0.0059151687621052385,-0.0029605749334910003
1426,0.0019020411167914864,0.0007248583900237582,-0.006911257645225155,-0.0031901836646618387
1427,0.002152935120456334,0.0008185600834963447,-0.005304506946379073,-0.004604145116004155
1428,0.0026071777478053892,0.0010110324626735334,-0.0036651656139302102,-0.004164776455976016
1429,0.0016437901982819247,0.000855461522573514,-0.00407784667835881,-0.0018903496390691998
1430,0.0020846868901124305,0.0008813586569862142,-0.006353154316078358,-0.0033179350296259624
1431,0.001761052664841778,0.0007037319600060876,-0.002342878257957981,-0.0023168743172858886
1432,0.002246576084172114,0.0009995374102682864,-0.008297252058673266,-0.0027582496413198765
1433,0.001353092619443108,0.0006711747617403063,-0.0036644099853984646,-0.002068111116904192
1434,0.0018202468599342048,0.0009131663584486249,-0.007648195225151866,-0.0024252450270183523
1435,0.0028245050511019887,0.0011487720095571807,-0.003832189374605055,-0.0040700063387303365
1436,0.0007768769703365708,0.0003345180714429685,-0.0010662564155005105,-0.0012845284099041177
1437,0.002969185852201628,0.0013524008429311452,-0.011788234156680455,-0.004234060254127092
1438,0.002182084256033001,0.0008657477393263224,-0.0032556538267406454,-0.0041088898705999854
1439,0.002392107199206628,0.0008598589371460741,-0.006906199753986431,-0.0035949805669689416
1440,0.0025369853589379265,0.0009464315569450432,-0.0028547037487844373,-0.004495387569926956
1441,0.0021646494206082334,0.000878318007240253,-0.006124987494428746,-0.0034897148370534037
1442,0.0006341266358655395,0.00019499337738576594,0.001257873736621673,-0.0015651115618662281
1443,0.0011872645553174799,0.00047122235865049156,-0.004271860324525978,-0.0023859778663511966
1444,0.0014192801603726268,0.0007137340406414561,-0.008400743570132263,-0.0023405505378137903
1445,0.002362930579928535,0.0009391232373255343,-0.004731920283575053,-0.004324688498281715
1446,0.0017979239059564556,0.0007510992164533881,-0.005334676928407056,-0.0024936865263338603
1447,0.0016795929595422865,0.0007106814781452087,-0.0061663490253035524,-0.002265321313373536
1448,0.0008747196742358021,0.0003484140658535362,-0.0016590478974599643,-0.0021455181094978126
1449,0.002505761102286286,0.0010654021871394082,-0.0062643837696854665,-0.004036428708584894
1450,0.0015969890672221654,0.0005662049429157878,-0.004021574347553292,-0.0029595564897234583
1451,0.0024986922992430993,0.0010000251397963844,-0.006059982141549958,-0.0033518076655894014
1452,0.0016143322046394681,0.0007298581560193917,-0.004960840142186174,-0.0022553755540860587
1453,0.003618448720383305,0.0014203258230766347,-0.009120283225825587,-0.006500248753923743
1454,0.0016149157707590067,0.0006891567474493487,-0.0021615255978028047,-0.00281967780710235
1455,0.0013424050558148437,0.0006915625165530015,-0.004423144136711243,-0.0020289074423198716
1456,0.0016743238987992348,0.0007499354476952491,-0.004609822439050393,-0.002127589757415782
1457,0.0021786468426259753,0.0009100378042175561,-0.010207569093624747,-0.004020456433109665
1458,0.003931369411921959,0.0017235702474208414,-0.012894041665023337,-0.005933133018553027
1459,0.0009473355546453233,0.00043410093596787935,-0.004132953914862458,-0.0019935066523094624
1460,0.002458857151429683,0.001079853557970606,-0.007185062486176397,-0.003293467557671459
1461,0.001784245086893843,0.0007766122371219153,-0.00426671306159182,-0.0029356035569185757
1462,0.0011674084572141918,0.0004798465814365438,-0.0029879582991916287,-0.0018524652313587353
1463,0.0020597923488768766,0.0008681034356463613,-0.00643145904975706,-0.0038171581257753218
1464,0.0018943775215266578,0.0007826938556740604,-0.005649104780166503,-0.003305988564601847
1465,0.0018343895805273958,0.0008148697080127276,-0.005367731756392324,-0.0024588340008900866
1466,0.0015163280733938578,0.0006835889012392626,-0.004742899093308106,-0.002588341316316356
1467,0.0012566290859310492,0.0004404125199077291,-0.0019315532621846931,-0.0032319584740182483
1468,0.002488805253726689,0.0009262388352023754,-0.005141593837713843,-0.004006011493143058
1469,0.002426372458429027,0.0009319478225349731,-0.004294536046937747,-0.004679493882672858
1470,0.001961765454602249,0.0007642439519253696,-0.006499607032086296,-0.0032378246900582885
1471,0.0025679199945434217,0.001135215739412776,-0.00477034011401678,-0.004285954372012846
1472,0.0013803581795146513,0.0005115343270717387,-0.0020370492386466155,-0.0025237510708758792
1473,0.0001846438625144886,0.00010596308621008133,0.0015770008825429782,-0.0008463335445042519
1474,0.002557633839721851,0.0011032576489172496,-0.00853256806474606,-0.004085195585841861
1475,0.0012678798798014812,0.0004995942447834079,-0.0029723932674878273,-0.0026549172456645787
1476,0.0018677027928486467,0.0008879343591149669,-0.008821805960116058,-0.0026368176995791304
1477,0.0026601504415720845,0.0010846012721444365,-0.006523839838786738,-0.00448524079256063
1478,0.001303788322175703,0.0005737970495545142,-0.0025323805424088963,-0.0021246570839812406
1479,0.0016819341715464953,0.0007528990859229923,-0.006773917359845227,-0.0021260206184199326
1480,0.00254144757040653,0.0011876561807407926,-0.0069856362266660366,-0.003237215004833427
1481,0.0023314551479643453,0.00100682936649224,-0.007816575938162706,-0.003320165488259086
1482,0.0019842057244588984,0.0007670475941759236,-0.002379192847561218,-0.002852574047896961
1483,0.002025526270993061,0.0009070497406582223,-0.0071158364897759285,-0.002390995692426068
1484,0.002460276373533077,0.0010199880083498203,-0.0038993269908064176,-0.0039490791950475
1485,0.0011695703108586253,0.0005145380289639512,-0.004971659718505772,-0.002362592034579003
1486,0.002673051069690513,0.001224686259461899,-0.0074349815592107404,-0.003450445378985978
1487,0.0018944860964461574,0.0007551230923829588,-0.004910404595605267,-0.003569749352317242
1488,0.001822408997345648,0.0007937930653893477,-0.005732839815381807,-0.0036603208147946154
1489,0.0012270309214631459,0.0005525360341178953,-0.004771264101433914,-0.0024915144645377696
1490,0.0010337387553854827,0.0005017664841379665,-0.0031633266737023935,-0.0016032728881025804
1491,0.002046969609048599,0.0008605412305118798,-0.0036431835004701596,-0.004553634240095805
1492,0.003421612408261998,0.0014790759769599815,-0.009875699029727736,-0.005664162098419245
1493,0.0026325015336947644,0.0010536399780811945,-0.00801101661453063,-0.004949165337361561
1494,0.0011519329444421578,0.0003920518586011945,-0.004237496331652935,-0.002110084797092626
1495,0.0022953378826902626,0.0009869191007483569,-0.008192979495554253,-0.004061611090365069
1496,0.0017824238996329012,0.0008477815650232701,-0.006626010968148688,-0.0026778250718219043
1497,0.0016656809953260465,0.0007401327185790896,-0.0022482648206960665,-0.002544817901307783
1498,0.002217370239045613,0.001000673403388358,-0.007347359208399851,-0.00348003688244225
1499,0.0023566917151880973,0.0010368323804281487,-0.006148803914656664,-0.002847144049560768
1500,0.0010690800521997446,0.0004110295833885669,-0.00032652665254395696,-0.0022218989503020037
1501,0.0020231718521680486,0.0009775054496421742,-0.006177549983537478,-0.003166591154807996
1502,0.0017243013754577596,0.0006919349637883598,-0.0018528609844161714,-0.003281519861830784
1503,0.002835986619030728,0.0012066714374226184,-0.007513582489237003,-0.0040497630494269465
1504,0.001757563342737134,0.0007597724211570733,-0.0019451252157173249,-0.0028850405395832723
1505,0.0013843028237163768,0.0006377678508882045,-0.001999413871089817,-0.0006201331876959371
1506,0.0009530011589128362,0.0004839383295726918,-0.0039320219707566495,-0.0013335657035263848
1507,0.0001218673631291356,7.687289724878088e-05,0.0008301269135044254,-4.72029793219253e-05
1508,0.002254522133341319,0.0009339880497630515,-0.006096725209404963,-0.002422069190334719
1509,0.0009316912868754246,0.0003566995430130948,-0.0017491965975560686,-0.0017226799644339819
1510,0.002054734070634834,0.0009435751088056332,-0.004798473319205132,-0.0029880406438269613
1511,0.0009167360533983704,0.0004124207128650692,-0.002147588889093721,-0.0006707595627806207
1512,0.002443216953420535,0.0009630971364553154,-0.008001181234901344,-0.0037538550887902256
1513,0.0022304373239862008,0.0009713515930424577,-0.007512809404895737,-0.004047685759016262
1514,0.0023197646826213503,0.0010967963285968552,-0.012152048069985488,-0.0017939732287891585
1515,0.0021189288028141684,0.0008514855493959028,-0.008621612213268348,-0.003331196785927748
1516,0.0017143854447763118,0.0006772811154645009,-0.005205509904297967,-0.003421139146872698
1517,0.0019316895155871983,0.000792644390781222,-0.004405925881472372,-0.004777804900212179
1518,0.0016398238368783291,0.0008973179703015421,-0.010894675970940793,-0.001777502681647114
1519,0.00179491795341169,0.0007258438053818483,-0.004037541155407387,-0.003075043789406373
1520,0.0032085112312451036,0.0014724390686982614,-0.008869209033344372,-0.004629693689763403
1521,0.0014894410225187449,0.0006112604213563133,-0.005970408457277199,-0.0020805506629969495
1522,0.001701532759420643,0.000640560175117183,0.0005707381715491233,-0.002459937412051416
1523,0.001185537175504514,0.0005963262854397355,-0.006990902377845221,-0.0011561592283217959
1524,0.0020294497440743187,0.000862704025304778,-0.004053193319267567,-0.0028235116618037237
1525,0.0020024447004295953,0.0008675014321317398,-0.00731957185533505,-0.002655219794131858
1526,0.00035702627902117756,0.00015979022833234602,0.0003519198923214728,-0.0011049880964800751
1527,0.0015182135278839493,0.000566937240921217,-0.001268626365826253,-0.0032287160439603557
1528,0.0010096774015110332,0.000451743144653044,-0.0010193082406068643,-0.0008945836853468947
1529,0.0012723970804522367,0.0005830641313054885,-0.003841851383924899,-0.0018608371101039856
1530,0.0023002597311557738,0.0010716598509328823,-0.0050424101286863365,-0.0028109875712678534
1531,0.0023907291066659897,0.0010770915261998915,-0.004461094038281654,-0.0038170108954083126
1532,0.0010834023881707289,0.0005641141817906703,-0.00028464804531902477,-0.0013694902956647992
1533,0.0017716780141388555,0.000723701981760666,-0.008031440412601343,-0.00275644586778212
1534,0.0015878907355187377,0.0007072183455238135,-0.0034778537284974043,-0.0023713207319989715
1535,0.0025737677746611176,0.00113667661139627,-0.008027115286383613,-0.004033617053248562
1536,0.0020276130984984153,0.0008316761565261843,-0.003344783726546341,-0.0032304701058341045
1537,0.002698840450158224,0.001103600049552761,-0.007264106467769649,-0.00322691573417877
1538,0.0009986992020296626,0.0004081855784270061,-0.0015467025492202913,-0.0022486044500353852
1539,0.0027232794078226874,0.0011803866141200658,-0.006080610521795482,-0.003921154751660105
1540,0.0013153356860592935,0.0005855556379513183,-0.0017278007406293372,-0.0015490209502944108
1541,0.001329545054603698,0.000489675789628885,-0.004280023788321596,-0.0028569015288149036
1542,0.0018965270734689343,0.0007486972702423766,-0.0038682334764175708,-0.003145785258585665
1543,0.0018196876712722188,0.0007576395464811703,-0.009449756828745715,-0.0026468488202663343
1544,0.002760443406444879,0.00116418099962029,-0.011447050698979166,-0.003637948331509988
1545,0.0014363471924244697,0.0005594819987509436,-0.0019293366166729387,-0.002718883814056605
1546,0.0023199988603785915,0.0010843529620845893,-0.006657848261245047,-0.0030426857949199526
1547,0.001422484837147353,0.0004977932354987002,-0.0017868535400292762,-0.00244702147457021
1548,0.0021539001320705076,0.0008877987489009087,-0.005471156883226025,-0.004153482523594043
1549,0.0013983975878357757,0.00045700638303117214,-0.001095489886499934,-0.0026789336049090062
1550,0.001990876368307415,0.0007880139433615319,-0.0011242620914433954,-0.0034690288075361897
1551,0.0013515026354526949,0.0005585841171097117,-0.004632236664490363,-0.0024701168248399963
1552,0.0016285530447973096,0.000618108123850658,-0.0018250076061748777,-0.0029293490962132296
1553,0.002888399531377428,0.001288354676744291,-0.011976203561985088,-0.005093855949723003
1554,0.002402687991476915,0.0009919598869027602,-0.0067349208189824705,-0.0041660127548471815
1555,0.0029254835700311954,0.001341140785300482,-0.00781534696885633,-0.0035194536915511554
1556,0.001496923387948712,0.0004939643251788417,-0.0012986365355577845,-0.002883970489604315
1557,0.002062643630468264,0.0008949875901378135,-0.0047037211215053,-0.003955402833057287
1558,0.0017231477642033477,0.0007872497501175413,-0.005402373838486796,-0.002556240277611588
1559,0.002518784149322495,0.0010259184668073018,-0.009625406036063378,-0.004332552693208314
1560,0.00072224994166048,0.00028370211071315765,-0.0008247466202218057,-0.0018439684205250328
1561,0.0020159786899237586,0.0009217600916640589,-0.004234711728787588,-0.002750448713687348
1562,0.0021292333565447463,0.0009377036975297126,-0.007003247268270785,-0.002421396868390824
1563,0.000916008347941033,0.0002052551412707604,0.002036091201497614,-0.0018687224505316014
1564,0.0012283822211947015,0.0005084703973458338,-0.0018125975687578455,-0.0026925106061505
1565,0.0017989413700351675,0.0006655645894917683,-0.005958102773354679,-0.004158805006262645
1566,0.0015793691664403031,0.0006814783054739648,-0.006664488606773655,-0.0028401819627541514
1567,0.0005426110769645165,0.00019058828354293067,-0.002501731967176679,-0.0012651978531555974
1568,0.001273695441806999,0.0006871846202755882,-0.006072377908990734,-0.0016162197183495763
1569,0.0023769023049400873,0.0009513966069237823,-0.0037391699095393194,-0.004555322808867279
1570,0.002411305049283663,0.000985777811105204,-0.0102828438432091,-0.004127146209139898
1571,0.002927895245408041,0.0012799797867820428,-0.01179835836898957,-0.004245160909785106
1572,0.002903753228897299,0.0012707802680849978,-0.01045064684845004,-0.004613905029052345
1573,0.0022895183221981474,0.0009613922965242827,-0.008595849322328653,-0.003900358157153394
1574,0.0014289612079942948,0.000627911711606699,-0.00275187414482575,-0.0035049265564573995
1575,0.0006978593016936929,0.0004226616313816045,-0.0011570614852002836,-8.254735821833226e-05
1576,0.0006739246776361063,0.00014951233685375764,0.0015289172833627407,-0.0020046235672599444
1577,0.0013867560836972603,0.0006343670851453043,-0.005504056458341122,-0.0027529379179361824
1578,0.0020263292585657178,0.0007960527085977276,-0.002160119751995482,-0.003896555245664235
1579,0.002358660224988929,0.0008849590627462711,-0.00770903380622634,-0.003598688993056487
1580,0.0012955657622548689,0.0005831229421998096,-0.0027689009808609666,-0.0014197208093675862
1581,0.0011186282178952123,0.0005537175045419174,-0.005064505806556929,-0.0022840840029710874
1582,0.0011932962931874291,0.0006069250925565539,-0.004372447513331101,-0.0024437927663734094
1583,0.0020358615847371198,0.0008795983043474453,-0.007324245879344438,-0.0023470750601014556
1584,0.0014811994432324394,0.0005938113156457314,-0.006354828196090012,-0.002217979393613456
1585,0.002331477164730811,0.0009363936494573288,-0.004485400885456181,-0.004600156952804801
1586,0.002484433098748351,0.0010043955595409326,-0.004646691293188676,-0.0037300201728176496
1587,0.0014605087462848942,0.000569332190795746,-0.0027813100507870225,-0.003544578795415032
1588,0.002928205229381864,0.0012282033197504316,-0.004670463867178176,-0.00438372652360508
1589,0.0015704651770332978,0.0006183333383733003,-0.0028066759418531873,-0.0023944133498683406
1590,0.003122785906214398,0.0013892784502779476,-0.012148361126565144,-0.005184061046386912
1591,0.0012212560349538215,0.0005067317483250233,-0.00045215392258529663,-0.002438198613385012
1592,0.0020388561970339225,0.0007576575046424616,-0.004840147221728874,-0.0040968757424567626
1593,0.0017346221715245358,0.0008109755996898449,-0.004816460318401272,-0.002204527712724502
1594,0.0013470006873843587,0.000708602036769479,-0.0010868190294612279,-0.0018672644752932843
1595,0.0016350398123902155,0.0007986538173922475,-0.006768056026502434,-0.0015786639762297439
1596,0.000578233854774457,0.00022652977789297535,-0.0015297854503862895,-0.0010137628708329904
1597,0.0031517761992748694,0.0013448978466580053,-0.0089554843587073,-0.004672692689659863
1598,0.001715351167679402,0.0007204832812306716,-0.0058870870658488395,-0.0029969990230116483
1599,0.0022558007898118015,0.0009216830453120661,-0.006074444246872424,-0.004428838013175396
1600,0.0021578186807767463,0.0009328127365904049,-0.001838359795724831,-0.0024960353612037967
1601,0.0006853799176562703,0.0002483674759291288,0.0014580499622948162,-0.00048480700403530363
1602,0.0018161513515945749,0.0006961979753172531,-0.0033334754333164685,-0.003589754865673367
1603,0.0020101652361489974,0.0009604787829942951,-0.005844896675100686,-0.0035199452378397167
1604,0.0029749530240807953,0.0012503631710336638,-0.006835007537267401,-0.004547036932923465
1605,0.001392613407473542,0.0006712743533706378,-0.001233747650139505,-0.001977714225767868
1606,0.0021186583216861177,0.000792955819899771,-0.004483837177397976,-0.004142706980770461
1607,0.001943756784585915,0.0008010651956299741,-0.003563666030645063,-0.003598766754198568
1608,0.0011367065529315212,0.0005305481444918825,-0.0025467723995354907,-0.0015410614780304588
1609,0.0014905648377985248,0.0007013432231555428,-0.005834395601098552,-0.002420392077884581
1610,0.0022634193129812408,0.0010008709506895974,-0.005595841658789014,-0.002784267912772531
1611,0.0014015716849016813,0.0005969539731316142,-0.004777328316175722,-0.00214555724050014
1612,0.0016011604706841487,0.0006279200304650512,-0.00349915325280703,-0.003459675228897341
1613,0.0017140546453994765,0.0007180536260265602,-0.0025429000874828134,-0.0027710167465793134
1614,0.0025199242420854695,0.001113820394671422,-0.007738110176999602,-0.0032730395037120497
1615,0.0017341766028395877,0.0006500063506640064,-0.002007115648010871,-0.0034432395313735986
1616,0.0018415740645528755,0.0007912121959576801,-0.005569063508461425,-0.0032374516835467215
1617,0.0015717325562578655,0.0005432733928562583,0.0017841228178939739,-0.0034809265167630166
1618,0.002312667748031405,0.0010128224877628822,-0.009566500998443861,-0.004274771551940448
1619,0.0018028802994242143,0.0007362448786023545,-0.004374010503482628,-0.003592946448265133
1620,0.00028805412913446293,0.00019448767977850445,0.00018864296499937483,1.4395153744350964e-05
1621,0.0018857394522054927,0.0008384256751805264,-0.004097278570537377,-0.0032932215823071598
1622,0.0030555621555676815,0.0012649593866191633,-0.004499614298266341,-0.005065498124676049
1623,0.0030125437656095544,0.0010966477814418618,-0.004059401240612437,-0.005231434901110665
1624,0.0005612042577868293,0.00020906543665416555,0.0009996735091785114,-0.002613867858072161
1625,0.001218828510115899,0.000555211051799398,-0.005566915033013209,-0.0009982201625360343
1626,0.0027415514695248167,0.001149069527357327,-0.008361117503275395,-0.006222499934910974
1627,0.001954646917352809,0.0008855620028359323,-0.0037388149769544965,-0.00217269414073451
1628,0.0020874411474171017,0.0008964952370066614,-0.006622762552305206,-0.0034817923028876985
1629,0.0015126898365321884,0.000580815064368051,-0.0014599605581762654,-0.0031361258165382155
1630,0.0019804523697155574,0.000938292405088581,-0.004717219760412283,-0.003002390662354082
1631,0.00236368808963372,0.0010188782685129627,-0.0034587617018012606,-0.003996384498952454
1632,0.0012296692710354051,0.000598714829117386,-0.0022730655459086146,-0.0016504148251020867
1633,0.0012542008464478949,0.0004647697268544415,-0.0004508995478340605,-0.0027875993005596067
1634,0.0007411135878148123,0.0003268084904720081,0.0010778899336815195,-0.001815318779394337
1635,0.0015892076969707958,0.0005896375331565507,-0.0016245261241835118,-0.0034488383647912624
1636,0.0026083280278875742,0.0010579537030426245,-0.005072029931280808,-0.004400671496885722
1637,0.0028275612104687875,0.001299201733185762,-0.006114537816801158,-0.0031763964410949086
1638,0.0018988223845985974,0.0008160866471570438,-0.004780937311776923,-0.0032751409689895095
1639,0.0017769939273974966,0.0008455792779206717,-0.004261497648482326,-0.003210193190749999
1640,0.002291964928703649,0.0009900126013690502,-0.005371943165166371,-0.003511691041247045
1641,0.0028057595119140855,0.0013096542678907586,-0.011158115106224498,-0.0034683543471902833
1642,0.0009010172186687537,0.0004491414961190765,-0.003668035187039509,-0.0012530931369625353
1643,0.0029234200987960923,0.0012550689620423605,-0.004860929971398531,-0.003930660737418545
1644,0.0026188544176268813,0.0010588353227490577,-0.006999867816459282,-0.004136065718521209
1645,0.0025738326050729343,0.0011098551853374605,-0.00960606415866222,-0.003978964556718867
1646,0.002483236720171811,0.0008743878200622168,-0.005398620703249146,-0.004028119868637159
1647,0.001615662320156086,0.0006950001903594794,-0.006240423522756722,-0.0020967206685371664
1648,0.0024736232922975554,0.001016447677918253,-0.009564054503501063,-0.0035416201873198494
1649,0.0017614801894894616,0.0007346737720007324,-0.008921532784668118,-0.0032588139943265926
1650,0.0006134679358295037,0.0002451210860397457,-0.0021684676321961915,-0.0012577354072589308
1651,0.0017932563022978742,0.0008154571475978978,-0.004991975420242767,-0.002309124587181577
1652,0.0019973549324424633,0.0007606311996825599,-0.005681364255241739,-0.00267130303520402
1653,0.002428573712130233,0.001064711072446406,-0.007638075984929549,-0.0034600740893188098
1654,0.0020252595547020635,0.0007566400992743416,-0.002423459621911872,-0.003247592201080507
1655,0.0017953249570146212,0.0008462382980770067,-0.006782484115325393,-0.003387848230291146
1656,0.0018225704008627552,0.0007251492062170517,-0.005464025661585159,-0.0031017206092965877
1657,0.0031604666476741095,0.0012868978236937334,-0.0039534377532676745,-0.004507795980754459
1658,0.002047257463968666,0.00082142664090748,-0.004900682366177966,-0.0038328065747773588
1659,0.0018706821387639572,0.0008076308001922217,-0.005153955967008128,-0.003620551633796598
1660,0.0017494419958018481,0.0006043272593141691,-0.0038796872930225157,-0.0038504300359573085
1661,0.00028561999268872373,0.00018602770680470337,-0.00041235977081921504,-0.0008935863559933477
1662,0.0015421800681866271,0.0006927316956922835,-0.004653558996377816,-0.0031218461836229894
1663,0.0011713788279132387,0.00044922212447726095,-0.0011025095940785379,-0.0022039876876197573
1664,0.001879304563348394,0.000707635953006075,-0.0025567574633371115,-0.003992639221955696
1665,0.002721147725932349,0.0011514911634536995,-0.005976001889220928,-0.003672735215565215
1666,0.0018309495519316377,0.0008360624577318787,-0.005433273201494171,-0.0028751229316581473
1667,0.0007019012525391055,0.00028560148228956583,-0.00041566496604322767,-0.001170613012718258
1668,0.0020612627409155593,0.0007236481756667246,-0.004313813440941006,-0.0037816097345252375
1669,0.0017336786462249787,0.0007521363822992899,-0.004315091747815192,-0.002945080044446269
1670,0.002162539919514317,0.0010129803465796783,-0.0068546019733654595,-0.0029369689963284484
1671,0.001852532492178427,0.000788544800282287,-0.0059265257242770986,-0.0020869661649536297
1672,0.0024034508796625387,0.0011341072826767107,-0.0068230744197188,-0.0025505050505049143
1673,0.0020043185694099686,0.0008628295592864599,-0.006645052620158465,-0.0032183087477680727
1674,0.000971040209041818,0.00047932697006508596,-0.0018966615049841318,-0.0011815748325364472
1675,0.00238932156114513,0.001011723037316753,-0.00664354228066949,-0.0036923238864046137
1676,0.001297608062685529,0.0005886199894075683,-0.004044153585138266,-0.0029650711173663247
1677,0.002375904131850348,0.0010465539376138255,-0.0038912382266814705,-0.003787236148223516
1678,0.0036545006034048866,0.001632002573255742,-0.017492581471591162,-0.004608226053232967
1679,0.0028379179472198812,0.001255692292426308,-0.005922802810998218,-0.0036726359383387752
1680,0.0012852782748707936,0.0005434827854387259,-0.0053047105719497,-0.0026202060767542834
1681,0.0025300813847912718,0.0011184736751666535,-0.005053551882675533,-0.0036222795742080205
1682,0.0011067793690023864,0.0004643613111773026,-0.002525842023999192,-0.0012983183476589222
1683,0.0017809504208839977,0.0007777063947043417,-0.00822137612113083,-0.002162608737911298
1684,0.001186461950953177,0.0004983083342902095,-0.0009314448318592516,-0.0016015691778912267
1685,0.0013330872061014798,0.0004824714636089966,-0.0013875266484484894,-0.0023599524336435085
1686,0.0022449041108739687,0.0008368198887124534,-0.0025161568983075866,-0.004054074257417439
1687,0.0016732416906257708,0.0006954191931595466,-0.0014901114593883769,-0.003084070415784068
1688,0.0014739684295672628,0.0006502139359325643,-0.0032241181675993213,-0.0026239561844628723
1689,0.0016769149898850366,0.0007035360662172585,-0.0036538586268364814,-0.0022303077318739373
1690,0.002088641578480821,0.0008945850216288131,-0.005485344107642787,-0.0033216135734417396
1691,0.00390825311774079,0.0015488252728743102,-0.007439488099702463,-0.005934718100890191
1692,0.0010415000965157128,0.0003759257975750052,0.002141482886686419,-0.002161385855990794
1693,0.0021886850423622484,0.000930485886411786,-0.004647023201148015,-0.0038888098667502202
1694,0.0015528382271147168,0.0006535256764733932,-0.009819554602927827,-0.0024922247599592495
1695,0.0013862160869463347,0.0005547518823196262,-0.0007765251491915759,-0.0028268224099622374
1696,0.0017272433484205596,0.0008148894010719665,-0.004152973868020271,-0.002237739054762433
1697,0.0021285605574829503,0.0009665711412264466,-0.004697250919895535,-0.003602478727340097
1698,0.0022966657123076883,0.0008677183776240327,-0.00818486181628908,-0.004269842928290135
1699,0.0016688123001791233,0.0006300529827637791,-0.0033265367145863256,-0.002206516861689156
1700,0.0018137556037801095,0.0006858117413400533,-0.005462832787266503,-0.0022616112192472837
1701,0.001304479187674512,0.0005826600967707152,-0.00460233137243421,-0.0024756152611037363
1702,0.0016651479837453964,0.0006604600875225741,-0.0017779616625024919,-0.0030540474839964027
1703,0.001723164326704274,0.0007683696728408573,-0.009271019043174344,-0.0013912147587642476
1704,0.0024156093842414017,0.0010042047973017054,-0.00583809148267822,-0.0033326080334216135
1705,0.0017550979636993258,0.0006612951289148017,-0.004000964590178346,-0.0032417653607057506
1706,0.002687563948631566,0.0010993004407517104,-0.007013661926890125,-0.004297158637765031
1707,0.0017678962034474166,0.000799894838113907,-0.0048551544869745444,-0.0026953155245837968
1708,0.0024874835651856886,0.001002547823876182,-0.008162465947537945,-0.0049666936374415105
1709,0.0011427744253805772,0.0004908689116435716,-0.002555588978080059,-0.0020243445291494577
1710,0.0025049596300434906,0.0010113815170842144,-0.007005940813432421,-0.004716529772531897
1711,0.002352571456102015,0.001043705771095943,-0.005101892945509834,-0.0037161737149818963
1712,0.0010017868074295722,0.00044695129499849884,-0.0016346678250617197,-0.0007010896788158805
1713,0.0015837679875434496,0.0007907474101159773,-0.005458176628157063,-0.0011389730107490559
1714,0.0014384516683635384,0.0006045434255145254,-0.0035000443094748146,-0.0027135453964439726
1715,0.001756429815409688,0.0005773758101370596,-0.0028364159737567785,-0.0039817697801296514
1716,0.002119265198703091,0.0009505909994281247,-0.005452583822910084,-0.004326720764976866
1717,0.003325168544800028,0.0014768202695113197,-0.010755082245597736,-0.004636054708526016
1718,0.002576726282610464,0.001081228995792105,-0.0064719426770674104,-0.0038821198346736807
1719,0.002619737434679692,0.0011180995290102913,-0.004095990760333901,-0.00414703572830788
1720,0.002614795882775245,0.0011665979270843452,-0.008448158875858758,-0.0031864406779660293
1721,0.0012631513180946241,0.000413491199800442,-0.000751639337584431,-0.0023271268789025745
1722,0.0011569413189248534,0.0005866481853410987,-0.0004876712666574412,-0.0010996588192100365
1723,0.0017985204471591132,0.0007326669885450443,-0.0014676224827969153,-0.0022595659468528373
1724,0.002126833473295675,0.0009332746089121269,-0.004753670635355978,-0.003448206296468137
1725,0.001477309619271172,0.0007077172817407107,-0.0041664685769819965,-0.0015676381162093023
1726,0.001419405966351761,0.0006001260655702778,-0.0040674770932560556,-0.002617162098361714
1727,0.0016425962710585051,0.0007330953564591569,-0.00719094715389651,-0.0028980142043739665
1728,0.0018859806155271386,0.0008376443669415035,-0.0031833670971120887,-0.002081193511775048
1729,0.0015675582562318935,0.0005493412501261785,-0.0001019952670330837,-0.003175730145476119
1730,0.002340613911339162,0.001056417991866565,-0.00793776653430095,-0.002775201035665309
1731,0.0014755875726263357,0.000615648285323428,-0.002207496878322668,-0.0016203524984311768
1732,0.002419969583463688,0.0010002566049372441,-0.005805481987715577,-0.004876271613933669
1733,0.0010658909192077237,0.00048485767432804305,-0.008115547282493418,-0.000987632263315552
1734,0.002572551066903017,0.0011161082344345041,-0.0057698236410020365,-0.003997818774308826
1735,0.0018536107767852528,0.0007885627764116498,-0.005407848959820605,-0.002559428875218317
1736,0.002004507327451388,0.0009098685999936185,-0.004881554419709999,-0.0031637766701866354
1737,0.001835102964862112,0.0008732428471328879,-0.009745778874235833,-0.002897209237747056
1738,0.0013201625254317673,0.0005523691949712306,-0.003739154873373174,-0.0021453029042871608
1739,0.0015201182949228231,0.0006345801041375276,-0.006050824352999362,-0.00331996193367301
1740,0.002361009181147955,0.0009696558626134111,-0.01003492969386488,-0.004360451960355394
1741,0.0019216779169269338,0.0008167088680636203,-0.005307775112845747,-0.0023287366466921977
1742,0.0013280719921950346,0.0005607525986483508,-0.009087892038864509,-0.0015683447630923109
1743,0.0010238963623708242,0.0005026486205297331,-0.0015892355781318979,-0.0015071740914770482
1744,0.002163875986674224,0.0008855183003744771,-0.006405927033294512,-0.004304890560875574
1745,0.0033935614012732263,0.0014687226021536104,-0.008260757727356793,-0.004293769073914322
1746,0.0032893613821913803,0.0013581778765091312,-0.009645081691482149,-0.005580223994039568
1747,0.0018727722609110375,0.0007207137826401588,-0.00660631905858633,-0.004435716088287189
1748,0.0011393385788254218,0.0006484386373734607,-0.003974604708781526,-0.0009761789237771046
1749,0.001893576122034779,0.000803336072601385,-0.005164395346059891,-0.0030781902823322493
1750,0.001976899565805268,0.0009924420085200558,-0.006988645572754915,-0.002726216858681907
1751,0.0018515246809178154,0.0009513359709927838,-0.005909110118498706,-0.0027085024472968122
1752,0.0028686504369390686,0.0013510438909997702,-0.01163187381497821,-0.004711298756574278
1753,0.0005825209467597015,0.00022111958157117195,-0.000934040421231408,-0.0006683303827258458
1754,0.0019906194863356097,0.0007996641529742221,-0.002145142709110981,-0.0029245810055865684
1755,0.0018872800375003829,0.0008054679138857213,-0.0032303839916511534,-0.003045136954005767
1756,0.0018897811657332397,0.000773999862417607,-0.007569728156036293,-0.002857449830701908
1757,0.001291355431843555,0.0006940559112443567,-0.004041874638085641,-0.0013191374433182412
1758,0.002763088231435895,0.0011932189875494825,-0.005397433375180505,-0.003820184790333858
1759,0.0010250343565085807,0.0004130985180281488,0.0002093820888847686,-0.001409621975186237
1760,0.0020130489799340956,0.0008656415001886963,-0.005679547436815646,-0.0024925237057903393
1761,0.0009412582623246069,0.00044076259443398547,-0.0015290416208011415,-0.0020588037939460735
1762,0.002077037819098848,0.000773715634007438,-0.00518813293116549,-0.0042599943769078275
1763,0.001153231834477575,0.0004839322664150769,-0.0045676776459654955,-0.0015734276709818973
1764,0.002871195142573446,0.001437626215680804,-0.0058347573931486485,-0.002777484263438268
1765,0.0022284020484917844,0.0009248618279705523,-0.005826464680029009,-0.0031738813494658347
1766,0.0017339855781737246,0.0008196288898489057,-0.005387926495383943,-0.0018899025700250816
1767,0.0013996348428769179,0.0006436538354357979,-0.004852836763705293,-0.0021128556654926856
1768,0.0011382085900152328,0.0004519362021515594,-0.0017069905663078533,-0.0017131102198866266
1769,0.0022051892878289236,0.0009586809878224523,-0.0054868618950904,-0.0033225339363152084
1770,0.0007818574110383114,0.00028627332527261795,-0.001057361235309029,-0.0021449719038891812
1771,0.00035879985632403244,0.0002151123123230736,0.00011828190597118482,-6.961922029458112e-05
1772,0.002688479608702443,0.001196320219903707,-0.006677751203024718,-0.0032446421140241988
1773,0.00148387372427905,0.0008830590786968739,-0.006067009159030579,-0.0006189184534574066
1774,0.0010254326798242452,0.0005390304974863813,-0.0007832064108092007,-0.000663400257664426
1775,0.0010697192798113653,0.0005691800772455735,-0.0030448094304115214,-0.0012408509163525094
1776,0.0021939935620473028,0.0009748305536939617,-0.006550051025136172,-0.0032140939552828263
1777,0.0011338859447289629,0.0005634336240425697,-0.004371668971081877,-0.0014077939925397631
1778,0.0019916257183012487,0.0008498459732277086,-0.009443138001938745,-0.004249935756785006
1779,0.0013709029999247613,0.0005331656249158434,-0.00391130094068054,-0.003285547230282848
1780,0.002564438566598548,0.001117910951503709,-0.009353266880698041,-0.003252867659647385
1781,0.0017257404227255524,0.0006602113452698066,-0.0033903180661129517,-0.0031425663183697328
1782,0.0013484128919443172,0.0005510487761298255,-0.003911681900037822,-0.002598660127374419
1783,0.0029638020324330716,0.0012119762083149521,-0.01106993766370784,-0.005133172864965396
1784,0.0008019376237959897,0.0004473081746222962,-0.0031233738641301967,-0.0013976183936273978
1785,0.0028288873851001206,0.0011893838356627773,-0.004237126022360815,-0.004165484825155108
1786,0.0017180550744950729,0.0007417022937543372,-0.006381801590206626,-0.002861004061690098
1787,0.0028036268829749744,0.0010732565033356456,-0.009144521918726056,-0.004911831957524315
1788,0.0020438031880806173,0.0009572140546520169,-0.00847805836058052,-0.003016474530296409
1789,0.0014262118410959257,0.0005290431468382706,-0.002198337253631444,-0.002884826339996316
1790,0.0035081819549684923,0.001488789900814469,-0.014727348632307957,-0.0046550526434256945
1791,0.0010943372204943458,0.0004920932205338124,-0.0016782438829667234,-0.0018569300561988022
1792,0.0020179848501479247,0.0009102565984210886,-0.006682023090877565,-0.0018253279621716079
1793,0.0032118480981747077,0.001352049326929755,-0.01219909699260302,-0.004193806601478389
1794,0.001066806908780027,0.00045540719824513354,-0.001811728625021547,-0.00207185481818406
1795,0.002839617318067811,0.0011207188159479686,-0.008484076858648992,-0.00545516945516944
1796,0.002117158833485955,0.0009433075555731196,-0.00737468507200334,-0.003467472015005635
1797,0.0028340641192782234,0.001244041634351628,-0.007170173000486113,-0.003682902503229224
1798,0.0017319082501739413,0.0007313381054697699,-0.004317243901326262,-0.00254731286038834
1799,0.0024660096527430175,0.0010481115803786523,-0.007299891942925851,-0.005052231514404371
1800,0.0019963840518291698,0.0008431921655965013,-0.00559657327117552,-0.0035310734463277482
1801,0.0020245125913267437,0.0008203998134380941,-0.006663183413744944,-0.0029986793339749074
1802,0.0020189967218465776,0.0008375716597949778,-0.002667354500180963,-0.003787990982541012
1803,0.002193930413397105,0.0010118836945960663,-0.006793706145151568,-0.003240792729843789
1804,0.0018971933722973233,0.0008253363829595628,-0.005982698748794091,-0.002866115583149864
1805,0.0019886287451725826,0.0008130711642625743,-0.005768120387098841,-0.0038179023695699144
1806,0.0017058146855846168,0.0007416834261369798,-0.004350025267431223,-0.0020528695242609807
1807,0.0024755636143144466,0.0011094521528968448,-0.006610708427112644,-0.002936461850336136
1808,0.002432740020741564,0.0010381601970214371,-0.00771749386734738,-0.0038877778600763246
1809,0.0021139181862048217,0.000932044859226544,-0.00750663563562215,-0.0030598565082077256
1810,0.0014966009899062827,0.0005031361975093296,-0.0021650559595938756,-0.0033849917020930542
1811,0.001443189944716483,0.0005292883397834958,-0.001392523849138072,-0.003238318796821904
1812,0.0008686259276803332,0.00030313361319700416,0.00138551558848804,-0.002252404299187827
1813,0.0014081060867064954,0.0005629439901918276,-0.0037530273117775126,-0.002729799635924457
1814,0.0030729001313614113,0.0013051147366279214,-0.00687646676157927,-0.00529255503077497
1815,0.0014199860851586976,0.0006602673641146195,-0.002986778053814698,-0.0023868616607146675
1816,0.0024504578365516227,0.0008650748426989319,-0.00398568314538561,-0.004355094758432765
1817,0.0014524033853092755,0.0006289654687955115,-0.0034157871321359168,-0.002225483082749724
1818,0.0025615712376390043,0.0010496673777489474,-0.007894961015877,-0.003532389876073183
1819,0.0016372439921116255,0.0006416509890756206,-0.0028052771191766634,-0.003447011090482066
1820,0.0005635613470725831,0.00039882178308695004,-0.003027969730041158,0.000658064819384685
1821,0.0025371205434834287,0.0010195021498726198,-0.006397176328293841,-0.003289152801499662
1822,0.0011312046115977137,0.00043798540653305906,-0.0021014550279566113,-0.002244767214886978
1823,0.0024213297229355724,0.0010963712209091092,-0.006386709183197614,-0.0024854626282346803
1824,0.0022861090587015243,0.0011055944424444297,-0.01007254029929594,-0.0025781064486585237
1825,0.002487499959812234,0.0011930829606359994,-0.009355884526206948,-0.0036091584105710783
1826,0.0021793852747875597,0.0008525044147451033,-0.0008203940172031854,-0.0035808573820269585
1827,0.001907828872317996,0.0008222441704636985,-0.008848228929632107,-0.003758524956243625
1828,0.002550030826466765,0.0011264498506014797,-0.004606717308960784,-0.0024518343922934616
1829,0.0029759800825978067,0.0012536758849952256,-0.011471043776193512,-0.004736659134364718
1830,0.0020401219006975224,0.0009061895182585211,-0.005711298687756994,-0.0035074203227637435
1831,0.002580673794081445,0.0010295956044422128,-0.007997951195913955,-0.004876320965429892
1832,0.0019499303685680536,0.0006683859430800521,-0.002972253615882714,-0.004857846775523589
1833,0.0006903164706275611,0.0003627702661208043,-0.0023596653678511492,-0.0003783630151049655
1834,0.0036419693409440734,0.0014664176394965367,-0.010855490187216987,-0.006518744970897217
1835,0.003213307009726718,0.0013085222622752635,-0.008787139612053296,-0.004136028580473017
1836,0.0017437423187212087,0.0006666555771630556,-0.0020959983846140506,-0.0031682562276290627
1837,0.001427510967411394,0.0005443514722746623,2.204263297994613e-05,-0.003592498097667818
1838,0.0011419399036605715,0.0004186202848309728,-0.004965869126615563,-0.000914076782449813
1839,0.0032185365156808254,0.0012841649216802364,-0.00732766783744232,-0.005588177044582143
1840,0.00040196393931857255,0.00011945000364224634,0.0023499576629275043,-0.0016790274066329491
1841,0.002551420098724,0.0009784368601904736,-0.006112779126047685,-0.0037556159141768353
1842,0.0025991389474789295,0.001115070813611202,-0.0070692251879836965,-0.004734857386027191
1843,0.0008467601801431801,0.00038296235754475827,-0.001733870854512487,-0.0019483517498229963
1844,0.0015798856357626123,0.0007031821222040491,-0.003622121662737454,-0.00179681131037146
1845,0.0020869018593379085,0.0008445741716766597,-0.004772458814845282,-0.002986433348927231
1846,0.0035322549168386175,0.0014223410865878972,-0.008815786520773361,-0.005860621651418874
1847,0.0011230322670071624,0.0004292346946967729,-0.0011153490915770115,-0.0028371604977189824
1848,0.0002517665056706031,1.7108016071243348e-05,0.003426865682353508,-0.0012026915252720816
1849,0.0020165710855713503,0.0008582176642404349,-0.004801206022460258,-0.003474341971384187
1850,0.0010532554683505557,0.00041157970488706064,-0.004521044000768193,-0.0022437941925781413
1851,0.0020637761458454085,0.0009284170321159357,-0.00652711003583184,-0.003065166604609315
1852,0.002404219808846697,0.0010648580800928509,-0.006121798600581152,-0.00425819527791782
1853,0.001973963476877061,0.0008706619305653973,-0.011549355356944957,-0.00297639654075299
1854,0.001811219619378357,0.0007430964476398683,-0.0008289213291858277,-0.0023741690408357607
1855,0.002325893667040946,0.0008352195110906124,-0.003697067372020524,-0.004727031455396213
1856,0.002529099962003234,0.001160058844864753,-0.010005331619252988,-0.0033659335402708157
1857,0.001473870477021133,0.0006840093898164701,-0.0068887017652617955,-0.002167141323616395
1858,0.0018422076042009516,0.0007340538586718404,-0.0028643257893931073,-0.0028784380543175336
1859,0.00032033211157700414,0.00013500258726251158,0.0029148777705084727,-0.000523274909677296
1860,0.0025679681465083926,0.00108473899606773,-0.00619485972726902,-0.003232070536987375
1861,0.0020066656560485674,0.0009166372661723321,-0.005544385138204266,-0.002425196750805436
1862,0.0016577333932430993,0.0006232284235891394,-0.0012567113175424582,-0.0021843716202177843
1863,0.002410251700439181,0.0009444948574378054,-0.005985197334787085,-0.0046151344526561555
1864,0.002321511742269078,0.0009268630932834643,-0.005905529092538941,-0.003909655800637513
1865,0.0017465758839737555,0.0009045658062813988,-0.0071489640341993455,-0.0014622265965381631
1866,0.001740038424633772,0.0006048292812177725,-0.0034408591734248484,-0.004122335570699187
1867,0.0018779973464078115,0.0010472121143956237,-0.007801552219369734,-0.0017233969400034521
1868,0.0026475180559252243,0.001079079147018408,-0.006693954277988856,-0.004786994554710433
1869,0.0016294372994387074,0.0006384687751607165,-0.0035097902251692292,-0.0021107680675445106
1870,0.0006279924397628589,0.00023384615091326388,-0.002819224317867297,-0.0015134037597790417
1871,0.0013047321186393512,0.0005077720854278489,-0.0022835051371120074,-0.002565916936634438
1872,0.0013916292555816723,0.0005581431546154147,-0.0020885742609385582,-0.002515664743470425
1873,0.001856192917088273,0.0007644056639559416,-0.003746973278418886,-0.0032870638133795094
1874,0.00222325718543126,0.0009417301034998771,-0.007346233690236903,-0.003609469488730088
1875,0.0017705914075711315,0.0007801391567351934,-0.006218226153178186,-0.0025937744287671816
1876,0.0011449161353651593,0.0004731030838019401,-0.004466985359618203,-0.0011650031860175325
1877,0.002513666801835235,0.0011079718120236004,-0.007043746935491535,-0.0032689155268686987
1878,0.00208120211092222,0.0008745347953716676,-0.0024828147943568024,-0.0026119813528948654
1879,0.0011071319230023802,0.0005030394803749727,-0.0023695598862850664,-0.0025930397436984
1880,0.0024628611521297916,0.0011644217050439387,-0.004377731758734793,-0.0026601030823978355
1881,0.002170907046102122,0.0010007925241462268,-0.009395452330061727,-0.0032214253026379147
1882,0.001797015838333249,0.0007657435981825444,-0.0076116800201360135,-0.0032247065363534277
1883,0.0019343165650693717,0.0008099509016547268,-0.0034638010550958054,-0.0024447651899865974
1884,0.0016572013082629122,0.0007457159788606671,-0.0052464639523776,-0.0012666753338677061
1885,0.0028167567056140985,0.0012024268602408572,-0.009321523688333222,-0.004429831223251801
1886,0.002238190578744914,0.0009236847854020014,-0.007399330626216449,-0.0038011158626218844
1887,0.0012233446843000761,0.0005551832588156225,-0.007724782690372578,-0.002331883482385666
1888,0.001596126290971167,0.0007227924487516191,-0.0024658227489370854,-0.00293525272221018
1889,0.002750578121755054,0.0012132768828584384,-0.010442405842870206,-0.004505154853923665
1890,0.0021806137789831537,0.0008164109897806082,-0.003502113777232474,-0.0034488985347743695
1891,0.0022599977093060164,0.0009178544047230841,-0.002634652444482133,-0.004126769103035444
1892,0.0011728453237868086,0.0005240704846762589,-0.0011801705538467266,-0.0024837579081259387
1893,0.001448903453262096,0.0005520607405176126,-0.0019745592006221724,-0.0019224005044276016
1894,0.0023807584591934994,0.0011115812416303272,-0.008029735284194706,-0.002665075951913898
1895,0.00259164034755921,0.0010700222965112638,-0.006198228694356656,-0.00434166632487043
1896,0.0017790508876529554,0.0007469811370672819,-0.002688581558143166,-0.00243359210384253
1897,0.0017475798555925959,0.0007044471026808607,-0.00468305052945539,-0.004073628850488342
1898,0.001926519781590641,0.0008268781637147671,-0.004199516984618068,-0.004035513180406292
1899,0.0027197423170746138,0.0012552317679239422,-0.008808399272345335,-0.003886914199456193
1900,0.0034136261984521465,0.0013255118575961344,-0.010610211760667787,-0.006537578382220799
1901,0.001861154089081829,0.0007717167382745305,-0.005071226632013759,-0.0027103409155750935
1902,0.0024706034840142888,0.001047669538707774,-0.005798647929683098,-0.0040621790449313355
1903,0.0012154541178328593,0.0004993651288145717,-0.004700274629957035,-0.0017384358579702885
1904,0.0019453381176586793,0.0007330353770987064,-0.004588389203384502,-0.003948741480067741
1905,0.0018575945497657509,0.0007307359803794822,-0.0036088638415884833,-0.002561555753045064
1906,0.0018457428328441106,0.0006539531801250942,-0.003788797039155911,-0.0050510358445199355
1907,0.002220595065524411,0.0010224750724133203,-0.007475833941666121,-0.0029693808495652174
1908,0.00179189154783288,0.0006599907734381738,-0.0006966247359170286,-0.004098383041324261
1909,0.0018912136574740224,0.000829982497916687,-0.005083646313697898,-0.0025952072726939113
1910,0.001149793162255941,0.0004213619102089172,-0.0027286781644821345,-0.0027139625218766117
1911,0.0017606536640676351,0.0006864973623124382,-0.004646589124319422,-0.004132800661248104
1912,0.0013429770698608623,0.0005757323186452168,-0.00451036862092552,-0.001686250543649348
1913,0.0010614486427945602,0.0004466371929255919,-0.0038064967247420367,-0.0015213467985795148
1914,0.001686048761077752,0.0006505679272383602,-0.0008000843420929993,-0.0031122312597853252
1915,0.0014285413177936301,0.0006497462579570512,-0.006504423474914478,-0.0024517468367735162
1916,0.0013028004117328074,0.0005383248020533193,-0.0020625747081654544,-0.0023370837834115754
1917,0.002629784367711163,0.001128533360556988,-0.007108874278913657,-0.00370774263904039
1918,0.0031411338147060985,0.0012646352541713923,-0.008410798989325785,-0.004690327961163754
1919,0.0015410982858022337,0.0005903044401744384,-0.002128266162511605,-0.002733298407853635
1920,0.0011897469241615721,0.0004391555300291561,-0.0019241002134382512,-0.002807300803039703
1921,0.0018921923593659962,0.000796389798063124,-0.0067105897719650365,-0.003146536546104084
1922,0.001731622119347076,0.0008180184245723532,-0.0066223357093104784,-0.0032946317670375924
1923,0.0016350445603453556,0.000740081110202101,-0.005602054941974854,-0.0026226404940756787
1924,0.002280204598565261,0.0009150176371795493,-0.005171132379749921,-0.0040511318533927865
1925,0.0024578999048392447,0.0011603920589690897,-0.0075468009920384715,-0.0029832470640619446
1926,0.002684570148129284,0.001065511403912922,-0.01093955872184954,-0.004414326556808734
1927,0.0030963991225043674,0.001377610154798592,-0.007531655795690595,-0.005209208110902419
1928,0.0025043234469485087,0.0011009890597424854,-0.005160612436457157,-0.0036239080174407245
1929,0.002657954414987229,0.0011307145329922108,-0.00588700764147726,-0.0032444999059813018
1930,0.0014635441837724805,0.0006459817010589786,-0.0037264548035723655,-0.002579385936698375
1931,0.002878661005000227,0.0011111342640558464,-0.0028743507231712706,-0.006092654838630862
1932,0.0011286532404923277,0.0006439236951929217,-0.004312918334004379,-0.001137441090541369
1933,0.0015282080030463163,0.0006147828139504152,-0.004917909477469118,-0.003128217312108994
1934,0.00241908992378026,0.0010228058578558297,-0.003627619448166697,-0.002444201819148506
1935,0.0014477629782566614,0.0005744827063715041,-0.002205352501293889,-0.002521919336840428
1936,0.0016977910113138428,0.0006878897040997756,-0.003137424719131754,-0.0031001597813306025
1937,0.0024877163102287048,0.0011263264776995296,-0.008672390815088804,-0.003817734921535254
1938,0.0018053487912641497,0.0008406199169890549,-0.0038857956580333197,-0.0024517665354524265
1939,0.0017200121060272355,0.0007402743516632948,-0.005862490218166427,-0.0027770329288140383
1940,0.003011507604944841,0.0013400035338928251,-0.010387063814943198,-0.0038714806546422675
1941,0.002689980109898793,0.0011078608100223708,-0.009209519342808892,-0.0036968999676898484
1942,0.0021821900578756215,0.000987522200788793,-0.0033672778113024715,-0.0020241799743914157
1943,0.0011876439208228229,0.0004907669422442029,-0.0005266137933593318,-0.0021867048346055906
1944,0.0024617990130013645,0.0011476032662187108,-0.007809909599260367,-0.002749007924332969
1945,0.0017309083275751647,0.0006842253731883519,-0.0016445683308418668,-0.003032224297090269
1946,0.0005300778414059071,0.00036123386608594155,-0.0016311795967561271,0.0003878192868376207
1947,0.0012573225411204314,0.0005204590793169428,-0.003832092562593703,-0.0019965924127750556
1948,0.0014382117490663315,0.0007753879794159257,-0.004256364813005897,-0.0018845227263990516
1949,0.0018486239176834784,0.0006594501727174296,-0.0028951580560473422,-0.0038012572510838227
1950,0.001127894364712556,0.00043627694259901206,-0.0003827179587518881,-0.00156884373235755
1951,0.0014740312813223966,0.0006039990293652264,-0.0013928254179734756,-0.0031755684506675763
1952,0.002528523621331935,0.0011608335890802013,-0.006380215922260846,-0.003768151114346918
1953,0.0018053827843061976,0.0008820719025012247,-0.0058724887083512756,-0.0019862305049240803
1954,0.0009601638973458781,0.0004461507787638652,-0.0029837459433685876,-0.002040077120112782
1955,0.0014668493632415958,0.0006363227260842985,-0.006153127103003808,-0.0027963947702631664
1956,0.0017619629507966694,0.0007528796578626373,-0.0027254901283021438,-0.002341207134862633
1957,0.002339079883105888,0.001052360054690088,-0.0069783879800203175,-0.0038197644649258233
1958,0.0026421112761699783,0.0011728266834922507,-0.011889856877356164,-0.003626407602681847
1959,0.0019741870362842695,0.0007815030073428375,-0.003012724515631837,-0.003908993024671181
1960,0.0011080265107584752,0.0004350571469410869,-0.0018189166708869053,-0.0026729612249387635
1961,0.0014116739100836773,0.0005915782140782366,-0.0025868665788326695,-0.0025961841892040427
1962,0.0033642916077878393,0.001355859993012215,-0.006366013804375348,-0.005282947178443909
1963,0.0009883427037231662,0.00024729465306988496,0.002288169987620159,-0.0020760348755005653
1964,0.0011318000097825243,0.0004107322235656907,-0.0024017767498530906,-0.0036747372216212604
1965,0.0010788538715628126,0.0005327770744658622,0.0004745631252863203,-0.0001507494161583356
1966,0.0015300873336601128,0.0007610020110612181,-0.002478786464870042,-0.00222771517179976
1967,0.0018195668501891915,0.0008416751609915674,-0.004788279866221934,-0.002151114102202145
1968,0.0015601627828673026,0.0007121743885471765,-0.005939752257806297,-0.0027732670252715863
1969,0.0009105866534024343,0.00041426553583770453,-0.002734574698071923,-0.0011246766054457957
1970,0.003424375508862987,0.0014743233343939566,-0.007578359450022609,-0.005559432160056721
1971,0.0018838941901628825,0.0007337921802813285,-0.0032452114466107185,-0.0029124808600353713
1972,0.0023721391966693983,0.0009875108352665474,-0.00694816679238941,-0.0037764849564713154
1973,0.0007998534482799302,0.00032929327362538063,0.002416638005082572,-0.0008152801222628403
1974,0.0016880599366897453,0.0006532612992449782,-0.004185931248434804,-0.003616800296129097
1975,0.002275335075278828,0.0009760638941176125,-0.008281277143229071,-0.0035616134259772725
1976,0.0016602359656895382,0.000727430800567197,-0.000720255904796796,-0.002587419302876093
1977,0.0023741039039811285,0.0009429284152140394,-0.0028832079102938946,-0.0038057317148908476
1978,0.002378588006839988,0.0009027699689047597,-0.005596764742983151,-0.004542321477805422
1979,0.0030167383138544057,0.0013095163572335866,-0.006987585552177489,-0.0043867900462991605
1980,0.0026056277840014186,0.0010993547236876067,-0.011139844072938221,-0.004960491172852466
1981,0.0021800756400029986,0.0009807707849663339,-0.007940429904148949,-0.0030572003624811384
1982,0.0012213718569701326,0.0005077392855356022,-0.0013799982548401979,-0.0018722412339433614
1983,0.0022513440464138057,0.0008761987331663834,-0.003847411068429729,-0.003152793010725241
1984,0.0032586356651194137,0.0012601418387239716,-0.008443022895030627,-0.005791504143435322
1985,0.0025617914752196214,0.0011390559900067154,-0.007971159631044444,-0.0033135683500451485
1986,0.0021020761843703606,0.0009078904113237751,-0.008146199903436568,-0.0030563532879452904
1987,0.0023127277708417937,0.0009243006753204275,-0.003911872363947633,-0.0031198410699795343
1988,0.00200421728472322,0.0009458891356347032,-0.007323143704382584,-0.0030013348146846752
1989,0.0007285555796099352,0.0004215128674609492,-0.00398271118385074,7.814863365929181e-05
1990,0.0014592362363017308,0.000799895969476272,-0.0029407229896033504,-0.001419811055913378
1991,0.0023918935358521742,0.0010232794705023474,-0.006618540920071692,-0.003828730795892521
1992,0.002281599744897833,0.0009263268588683982,-0.005551362779089186,-0.0030333732461391705
1993,0.0012347351616183166,0.000664360208866982,-0.008163364214589686,-0.00227747185008631
1994,0.0016955759282950567,0.0007063150759046011,-0.0032944048316180807,-0.002747077988527691
1995,0.0015627758654055413,0.0006436032312578388,-0.0030414757699945283,-0.0023101756679654306
1996,0.0022038481600384907,0.0009230808222338571,-0.0050476729711482204,-0.0028655530730219425
1997,0.00032981954990440876,0.00018160062580149794,-0.00035305653848327623,-0.0005347132244264419
1998,0.0017312013562489348,0.0008764203768757972,-0.0035979243157977514,-0.0015672369082183613
1999,0.001518897893319937,0.0005974870981067526,-0.002495385234831504,-0.002145334526739706
2000,0.002684381593463958,0.0012095387457717877,-0.01118050910402757,-0.0038089597513130125
2001,0.0027486282168234233,0.0010820609807035697,-0.009373786536754136,-0.005532196837606085
2002,0.001938105556470171,0.0008859183894546485,-0.004934180340758321,-0.002159625445113611
2003,0.0024602265742800777,0.0009758070304570765,-0.004940813026956481,-0.004003872583431267
2004,0.0016843185561645768,0.0006778223106052306,-0.003813972405701027,-0.0031711822660098754
2005,0.0021914490187557867,0.0010068087244492208,-0.00890167316359708,-0.003058432675395739
2006,0.0014987120332158876,0.0006883993376983477,-0.0038150699737846683,-0.00204540324243907
2007,0.00288525404010459,0.001255740512236786,-0.01017620103746164,-0.004941282850470907
2008,0.0007190556963564965,0.0004637579369848599,-0.002844609195012837,0.0003256618641235276
2009,0.0026228798314219537,0.0010406005923421502,-0.003620675545023766,-0.0033283987169998586
2010,0.0019817194885653477,0.0009692870373392837,-0.008257725229746105,-0.002415909790640547
2011,0.0026530853303353696,0.0010474503950181069,-0.006490335684732673,-0.00543934366710408
2012,0.0014854860350359544,0.0006128966393530166,-0.0035786896185300843,-0.0017481029283004101
2013,0.001619323644055981,0.0007268704763295497,-0.005023307426550272,-0.0022794675494862693
2014,0.0025191633522887447,0.0011096850510971812,-0.006013973164626707,-0.0026471786053666735
2015,0.0012323917537631068,0.0005083691308573612,-0.0014195680769039098,-0.002259566676271252
2016,0.0014065112279312286,0.0006497240220674494,-0.006077440384600452,-0.001327946273404712
2017,0.00169758644176643,0.0006162022253178301,-0.0047739843778003,-0.003372387464475768
2018,0.0010616953844591048,0.00036197558245751327,0.0004799477571885147,-0.0021147246282072762
2019,0.0016159132472279847,0.0007402935658337995,-0.005066956443503412,-0.0016467620353778356
2020,0.001827176121875107,0.0007462725881022259,-0.003730179331599359,-0.0027147507118150394
2021,0.002570962770144236,0.0011179748217135799,-0.0076196384182382615,-0.0039373017869930305
2022,0.0018597673414798566,0.000820982258138786,-0.00488796515196277,-0.0017456103811749335
2023,0.001993284915757676,0.0008889934318710158,-0.007418409383246394,-0.003583650960992779
2024,0.002557937559403478,0.0009901781115649322,-0.005661803461639081,-0.0051435045866958795
2025,0.0024656196882119064,0.001005879125997311,-0.003314362446576735,-0.004853631593482399
2026,0.0021823450436112557,0.0009519136319744714,-0.005259364961524071,-0.003879040936124678
2027,0.0026667054011260682,0.0011780035169820235,-0.009321325492855526,-0.004145232890870765
2028,0.0025218453162476617,0.0010622350026975036,-0.005679782243124154,-0.004408177974554839
2029,0.00148078011118713,0.0005800715577227444,-0.00756856897067415,-0.0021824937643035724
2030,0.0029127354274672834,0.001174871885994827,-0.008371543808677717,-0.00476495115379405
2031,0.0021437842959332043,0.0008630282328705441,-0.008210982925443366,-0.003919204812726784
2032,0.0008288259094091366,0.0003321254196689549,-0.001857016523239663,-0.0014569388856988663
2033,0.001695115890662846,0.0007174705910145684,-0.003003004174037982,-0.0023840652762900927
2034,0.0016762899354775262,0.0006788683293829645,-0.004254912422573864,-0.003989049963323499
2035,0.002775368156625768,0.001188846804350524,-0.007958457484720904,-0.003922702952700252
2036,0.0015557528295800926,0.0006049092632499087,-0.0019903859842112515,-0.003763733096144084
2037,0.0018609570582648893,0.0008361618452553399,-0.0033344320536380367,-0.0029013285721787296
2038,0.0015833450975207275,0.0007400714478125736,-0.0052533419481879395,-0.0029184005152487202
2039,0.001606050706633555,0.0007293836431804812,-0.004027457994795036,-0.0027037857114059483
2040,0.001518156473966803,0.0005395008265989265,-0.0023310988468250304,-0.0034367128706751515
2041,0.004340431244341192,0.0018650047965349248,-0.01667640675252835,-0.006335976966171053
2042,0.0026043161935108694,0.0010545702659987555,-0.00597314180796199,-0.0038423915459976365
2043,0.0015946346682438883,0.0007301902029925589,-0.004968162870689852,-0.0028281098987327224
2044,0.0014364961976544022,0.0005469806344930161,-0.003961514275001854,-0.003272980501392686
2045,0.0014549399216154946,0.0006577907015878348,-0.0035231512469450776,-0.0010666986676268753
2046,0.0018559051413948868,0.0008074781260858088,-0.0023744476097576905,-0.0029653986593448645
2047,0.0036470696164917493,0.0015381518735446131,-0.009195933576699011,-0.005606888539896437
2048,0.0012133229824037306,0.0004868297371802277,-0.0009271031440983291,-0.002050617608275962
2049,0.002207906885299371,0.0009348709538233024,-0.005779797255755337,-0.003871286069936475
2050,0.003625666852390408,0.0015689970676277254,-0.010404908861822437,-0.005416225877505898
2051,0.0004993072793982867,0.0003145632330970316,-0.0007644414108679554,-0.0003153368370759635
2052,0.0020998926228857906,0.0009078324110614877,-0.006664753205916085,-0.0030687493232161023
2053,0.0020598828384448264,0.0008003879873668129,-0.009875089077186372,-0.0036237343838576574
2054,0.001978888899818121,0.0007100880487662109,-0.0047893051533730024,-0.0041419215808145005
2055,0.002239307358253173,0.0009483152595901878,-0.007726003299147577,-0.0034326942591003107
2056,0.0018340961360187036,0.0007661338162849862,-0.005139673134926637,-0.004021988041406299
2057,0.0014607280223892238,0.0006649150017588312,-0.004027931008577679,-0.0018066693077962714
2058,0.0015367715506986457,0.0007046105195221142,-0.005825653081130477,-0.002469442980829961
2059,0.0016390595698386745,0.0006147971938576524,-0.002309084774211323,-0.0031260174780914918
2060,0.001563644706107259,0.0007588961013702822,-0.0023560949268675024,-0.0013981322455990375
2061,0.0018807864070170544,0.0008744409951253196,-0.009463571583077146,-0.003249375811445132
2062,0.0010092006938152154,0.00036230774189111026,-0.00213181035718768,-0.0020486871687073194
2063,0.0019536800774178076,0.0008107164567759118,-0.00511391758716323,-0.003642533936651593
2064,0.0015388829161390172,0.0006092720072922442,-0.005403698890179609,-0.00276578474716771
2065,0.0012483139275467625,0.00047140886547067384,-0.00014721908002968132,-0.0026298198951999474
2066,0.0010339751433148248,0.00048362500891932503,-0.0021277318552004876,-0.0009934046126747198
2067,0.0017769939465913098,0.000802210108909962,-0.0066412722479361475,-0.0028360197478858318
2068,0.002225587864492118,0.0010587204257991312,-0.009655908008147751,-0.002975861643891964
2069,0.001975478044906387,0.0007113607805059596,-0.004251870385757361,-0.003057552348098791
2070,0.0018930608301954699,0.0007287177326591177,-0.0013261539240428388,-0.0038441550691377113
2071,0.0013799326011012525,0.000515091136122886,-0.0023246943573194123,-0.003564714330667962
2072,0.0027865685693237996,0.001218299672860107,-0.006216421112771264,-0.004661046119390111
2073,0.0008019859652000916,0.00019891375068475936,0.0026603453995783233,-0.00256362396935661
2074,0.002048809520918793,0.0008303622684661949,-0.0033182079264922337,-0.003192313328169827
2075,0.002130713802209916,0.0009277860029760499,-0.0046940370363605655,-0.002994325336473258
2076,0.002604233766032471,0.0009956785599363749,-0.006033374463671415,-0.0055986036423856245
2077,0.0014038577705638433,0.0005920176584085501,-0.00013882319767377638,-0.0019477855238240194
2078,0.0014066892147936993,0.0006395102371787587,-0.002547533185403017,-0.0013080619788259362
2079,0.001714483154020341,0.0008223347607035081,-0.005062799106054672,-0.0024718316331219237
2080,0.0007151750830305392,0.0003630102726778772,-0.0028442560705176922,-0.0010400001449478724
2081,0.0027039257775642866,0.0011068483221080005,-0.007214276414903964,-0.0042823429822393955
2082,0.0006736839287282415,0.0004216730068998531,-0.006274004545625433,-0.0011139761026004447
2083,0.0017631703164434076,0.0007018026079949613,-0.0047464326446541305,-0.00276962408862802
2084,0.0008921870160323309,0.0002931714656116413,0.0012667825941682365,-0.0018798960409224241
2085,0.0011884390051329907,0.0005585507810836055,-0.002644687070788798,-0.00041556989533941824
2086,0.0018189318753143446,0.0006990408388832525,-0.0027775020215188295,-0.0034720837156115847
2087,0.0024805759010897432,0.0010123989614146955,-0.005281104818598004,-0.0034121228063582754
2088,0.002048965775634737,0.0008238869086200362,-0.007058335558839446,-0.003292910668274085
2089,0.0019719617397362943,0.0008226901813784548,-0.005217606112670248,-0.0034894398530761483
2090,0.002557758116984221,0.0011196378647797822,-0.00898103287032287,-0.003964321856251396
2091,0.0010109928011126645,0.00040511398883991134,-0.0013442057122174944,-0.002268357858844383
2092,0.0021967245235055555,0.0008706123259448473,-0.005405043442706481,-0.003510633609189018
2093,0.0008287408937944218,0.0002809396026792754,-0.006728968595903051,-0.0013362487852284222
2094,0.002649410036551225,0.0009702726352715796,-0.004665059142299588,-0.0037424696515605538
2095,0.0025771565253120965,0.0010545576610081209,-0.004145425449639473,-0.003819105795390354
2096,0.0009008851166615317,0.00031588499128398784,-0.0006314318946286646,-0.0026170115757383483
2097,0.0009725641975369959,0.00043170963663349826,-0.0026160584021810984,-0.001797301811138019
2098,0.0018143310023175374,0.0006973105954321823,-0.004799095743263426,-0.0033249684032116145
2099,0.0008904964322730136,0.0003284305725380632,-0.0025694373921353875,-0.0019142453219532785
2100,0.0017721214614593306,0.0007657730835873844,-0.005596121684863009,-0.002913520976107198
2101,0.0015341878592703417,0.000543149398772591,-0.0017586676486111563,-0.002841441719197202
2102,0.001646765737890854,0.0005493512740841477,-0.0023672387460889066,-0.0026049815382690467
2103,0.002003117069479088,0.0008163483525236159,-0.004218332762331745,-0.0037820206394285627
2104,0.0020800828551827966,0.0008355166956719173,-0.003805830762135698,-0.0031048427660302913
2105,0.00207468041437342,0.0008547882502142057,-0.003689583575278932,-0.004093264926838258
2106,0.001901434455856832,0.000730449592938609,-0.0015081407469748065,-0.0038175046554935754
2107,0.002764086993767123,0.0011510208655965137,-0.006093268203085922,-0.003805424663525292
2108,0.0020710347384343963,0.0009398414565195412,-0.0031459208288124874,-0.0028055896805896374
2109,0.0013467434293209513,0.0006545847221020584,-0.0027689478623617036,-0.0010432381293307147
2110,0.0007778949331832541,0.00041577672764928075,-0.0015295205984398041,-0.001897202756218741
2111,0.002024615162745491,0.000910200601237976,-0.009548263585935968,-0.002905266910257609
2112,0.002004236338334686,0.0009033254725319961,-0.005203338235463595,-0.0033129866488365023
2113,0.0014831391771321645,0.0005038781936753389,-0.0019600881535474235,-0.0030712015518400415
2114,0.0014556873277130622,0.0005850572850564506,-0.0020244771245588877,-0.0025109064560390193
2115,0.0016069542491284894,0.0005603980948112042,-0.0021243066923230525,-0.0023946748924426053
2116,0.0020575503351446534,0.0008484233799921082,-0.005480014282297274,-0.0026553286814120503
2117,0.0011935974386736992,0.0005715062018279704,-0.003819542226956074,-0.001398243073071792
2118,0.0021352496043601787,0.0008221373990958958,-0.005365994176036892,-0.003473235891347737
2119,0.00272992182715992,0.001222996624297562,-0.006495269627478373,-0.004378255208333348
2120,0.0022633459892574814,0.0009375751642176633,-0.004269852483722525,-0.003908290669731529
2121,0.001239996496204876,0.0005741063904002863,-0.006530642094980776,-0.001447986916700228
2122,0.0013783490780116536,0.00035941692776259027,0.0009427080264036158,-0.0027287464257155225
2123,0.0023260622533346487,0.0009745016005811846,-0.007010654191351384,-0.0034480179506357622
2124,0.0021092994151705735,0.0007849280134535341,-0.0059327789845127765,-0.0038468581182803385
2125,0.0017871732959111597,0.000826624042694929,-0.007896508901780563,-0.0030877775609368108
2126,0.001442688191239272,0.0005044211933751541,-0.003962064037469237,-0.0027220231960871644
2127,0.0016268803905840068,0.0006428041384879679,-0.003384165744345191,-0.0040355597145864675
2128,0.00242070173735931,0.0010079303604151324,-0.006131692508909159,-0.003704333371113311
2129,0.0015259200444035503,0.0005802034300729786,-0.0010425538222397224,-0.0023545935228022064
2130,0.0017680065827436753,0.0007755653332691959,-0.005207307898101421,-0.003147321605530329
2131,0.002127800633708321,0.0009019359653168746,-0.0046748102489528875,-0.003431136764470044
2132,0.0018971912509504474,0.0007681474243539377,-0.0032900249488572175,-0.0036170015715397685
2133,0.0016588322266894995,0.000523427879308147,-0.000959203163386213,-0.0036456159974236346
2134,0.00200848280950483,0.0007897469526346457,-0.003444114379282992,-0.004027454366273275
2135,0.0018237365764486313,0.0006971096942798294,-0.00221077670438119,-0.0027310551694109675
2136,0.002522343740710975,0.0010401815357608257,-0.005697029823506283,-0.0032125967609837325
2137,0.0012469921705550169,0.000492778958236767,-0.001471422129028177,-0.002251498277185404
2138,0.002550891516529652,0.0009913789065834344,-0.004202630990994549,-0.005320173595486755
2139,0.0018044101684918101,0.000708669664013839,-0.00519286805318997,-0.0029765606740637107
2140,0.0026696839759612345,0.0012953244038016731,-0.009186835859565035,-0.002944871169562102
2141,0.0004740408034223931,0.0001000700152681,0.002727939112458777,-0.0012556285069311723
2142,0.0027515722537431175,0.0012445991863891115,-0.009254883066022956,-0.003473455693704386
2143,0.0017740985751119043,0.00077355567526316,-0.00390769803366231,-0.0023879901329232345
2144,0.0022751844081844164,0.0009652239058185741,-0.006004960108366264,-0.004169806649231611
2145,0.00282948473899558,0.001122162738942889,-0.008362151780797578,-0.005515143696411484
2146,0.0009334910564016141,0.00040133287741961343,-0.0010341381192073285,-0.0017733304578141373
2147,0.0018102774858053672,0.0006790770626510789,-0.0033091815243460054,-0.003916499177781918
2148,0.0018304231747333644,0.0008568566295980851,-0.003744275197874569,-0.002791534352064029
2149,0.00097516141045495,0.0004942726734565861,-0.0006126742263843354,-0.0011127859184396627
2150,0.001987273225338926,0.0006685465635438703,-0.0020513335834242974,-0.004315910596087713
2151,0.0017759933857545707,0.0008336119529600561,-0.008818388443302183,-0.002792126204104406
2152,0.001728582480170715,0.0007132331529523528,-0.0048991463090938825,-0.0033437204579671587
2153,0.0017646413681922657,0.0007130105104517781,-0.0034458482584270866,-0.0025546840477241872
2154,0.002841975772538141,0.0010475100316588992,-0.0037779201385618744,-0.004228921722626455
2155,0.00390122177134522,0.0016095800781235348,-0.013068875130889557,-0.006118642295536492
2156,0.001434131971685293,0.0005784092479116654,6.237589345980954e-05,-0.00210088597185365
2157,0.0016947636224713403,0.00064056396967474,-0.0026473129638686643,-0.003567173934594603
2158,0.0015439091069834876,0.0006741652547284371,-0.006285658333101463,-0.0030498459970669245
2159,0.0009372748041679424,0.0004224140874232174,-0.0003919279978259471,-0.0016926390129606839
2160,0.0020922348879638397,0.0009096066831018046,-0.00932244122325554,-0.002973406387812405
2161,0.0015139902313285325,0.0005876810652837017,-0.005792627405774853,-0.0025529006579916302
2162,0.0014326491005267616,0.0006003777055432202,-0.002814596566797778,-0.001666145996042867
2163,0.002454504223308951,0.0009850141454693095,-0.004280429879319536,-0.004395560210036509
2164,0.0018595891201368953,0.0008527803093544561,-0.0047304896577298194,-0.0024166318574214696
2165,0.0017187818565557733,0.0007173667014386265,-0.004155856129749391,-0.0031392273577817154
2166,0.0014145361342550178,0.0005888411816120653,-0.005118491103817235,-0.001777032355965491
2167,0.0017647814954490082,0.000798616706153138,-0.0021679827989454226,-0.003234797163926939
2168,0.0013684830143554372,0.0005658300978365338,-0.005664647043121418,-0.001501815381230176
2169,0.002789057117820515,0.0011879389553744457,-0.008775039462093015,-0.004328615926327273
2170,0.002571297669048178,0.0009774467205188597,-0.0059759600636226096,-0.004567377834228781
2171,0.0015769928530764976,0.000628654990663724,-0.004174464374842313,-0.002735696322806791
2172,0.0011565187448024927,0.0004615160472644375,-0.000452896715196216,-0.002414309690165095
2173,0.0006184008697669441,0.0002929678779576561,-0.00031931794113176926,-0.0007543344158632559
2174,0.0012800867291457574,0.0005154145373695851,-0.0024365276175793427,-0.0019252898999734258
2175,0.0006753455038241984,0.00022764671308866946,-3.560960390019963e-05,-0.0018108209792818686
2176,0.0021809746579996014,0.000817985409684252,-0.004366729758560783,-0.003935413454501102
2177,0.0004423502936728996,0.00010402816717494656,0.0030498836714935584,-0.001389495125854845
2178,0.0013343725592251943,0.0006281744660092403,-0.0033846243295122536,-0.0018162318309450365
2179,0.0007695204729831762,0.0004071085369419247,-0.004012826702369854,-0.0010140155352921232
2180,0.0028357891801087387,0.0011956552405262555,-0.00469157842268203,-0.0039705981636511956
2181,0.0022609856589751454,0.0009124357066408462,-0.004779990061508477,-0.003451258886041475
2182,0.003008499800457809,0.0013340472899498745,-0.008942261395315065,-0.004707323203173797
2183,0.0025829910856857152,0.0011065246839625786,-0.0066128355377015335,-0.004073443935229126
2184,0.0021955456129673645,0.0009320671510541501,-0.006897998047745324,-0.0031056625802685645
2185,0.0007010933015636489,0.0003489058311885729,-0.0005066854833238321,-0.00012328066121858328
2186,0.0011731190933301772,0.0003884297590161234,0.0014774055168215172,-0.0036202858757974354
2187,0.0024499180115783448,0.0010114916992933765,-0.005938287185592472,-0.004356333074058472
2188,0.0021570065728561127,0.0009460226429164609,-0.0032553447518228196,-0.00334152445275282
2189,0.0024725964718989024,0.0009049748264320367,-0.005649129656702445,-0.004581659530453197
2190,0.0010008581564887598,0.00039743751070370203,-0.0012750021254848143,-0.0026696329254727313
2191,0.0017334122031737453,0.0006946838970963432,-0.0005440066302343505,-0.0016298367615373843
2192,0.0009399254252760447,0.00029204856269002266,0.0010332679736775319,-0.0023161080074487472
2193,0.003018934399954487,0.0013276284522121817,-0.0074694385051573,-0.004231584373926012
2194,0.0025378443613102153,0.001151730290856745,-0.005586513361290069,-0.003467116895547573
2195,0.0026037891414327774,0.0010695867951444338,-0.005694811914739917,-0.00380677169925836
2196,0.0027729236006567293,0.0011529036875268517,-0.0066965632897302285,-0.004662576503015048
2197,0.0018543012916300006,0.0007283117393141747,-0.0015373917047994956,-0.003355881999759891
2198,0.0020681067589436997,0.00084544570952233,-0.004004156831477368,-0.002488605542040667
2199,0.0019978655121992706,0.0009988181740272217,-0.00506812285840208,-0.0021775038565648996
2200,0.0027274383928380663,0.0010511585652602795,-0.005238556338172551,-0.005238748175834473
2201,0.002088066645269282,0.0008123038621160317,-0.005743112701086073,-0.0030816482587541216
2202,0.002714256387038927,0.001187468687430332,-0.008286362845314588,-0.003293597208307242
2203,0.0023640671781473555,0.0010484726435337488,-0.0047206096251521945,-0.003609984117249332
2204,0.0027566411132150526,0.0010700191512513502,-0.009326262642771865,-0.004479440905204246
2205,0.0006362838185719477,0.00025211419371135024,-0.0024480115280700043,-0.0006155544235013632
2206,0.0016259188019367432,0.0006200389930885453,-0.0035725904939836184,-0.0028259520412579064
2207,0.0017037071632841627,0.000794068896116884,-0.005401799914853678,-0.003250942605781293
2208,0.001797339950446064,0.0008332779810006352,-0.00579574272880834,-0.0013227338699036695
2209,0.0018531844050820867,0.0007472104481954511,-0.00709755769118714,-0.003295714821138551
2210,0.0017434756028457676,0.0007714771811377641,-0.005156221952590523,-0.003138284996747287
2211,0.0018705641019766128,0.0009783542678478974,-0.007857830011718803,-0.0014647243105923025
2212,0.0027418482563018043,0.0010829136948966867,-0.006668727515476314,-0.004614861459217967
2213,0.002113532222649539,0.0008902870511124372,-0.006081608530177918,-0.004044233024461996
2214,0.0014986121501178173,0.0007205927771665455,-0.005040542630183442,-0.0020568812476327025
2215,0.0019785313050321163,0.0008852839943606639,-0.003782812325932694,-0.0021680441341976886
2216,0.0005445247600783798,0.0003155425404862966,-0.001610598363828597,-0.0011260987728289873
2217,0.0018841246677856471,0.000780946186767606,-0.0037914007838483754,-0.002893623909832388
2218,0.001669770524869496,0.0006108517781212297,-0.0026967478458616023,-0.003358060020565934
2219,0.0016069243136971334,0.0007929728491194998,-0.00483097293853485,-0.0014039480777168212
2220,0.0017333967101623715,0.0006695493694646726,-0.003720357156320686,-0.003342724393567864
2221,0.0016002396727879953,0.0006115181151170601,-0.00496744815411726,-0.003096925347352064
2222,0.0019092020977777846,0.0009001068826331726,-0.005337205026874292,-0.0024379013459927545
2223,0.0008885999058576566,0.0005242306280146825,-0.004122946943622363,-0.0018627591956112965
2224,0.0016800422263472115,0.0007691151229897997,-0.005531508475443203,-0.002455812951158265
2225,0.0019042492763951535,0.0007656551105940934,-0.0017775391506003047,-0.0032914021540677574
2226,0.002638692101258666,0.0011450517582926312,-0.009569692004197994,-0.004460055309520428
2227,0.0026864295329224186,0.0010918366317062278,-0.007595078320979665,-0.003692827756261674
2228,0.00101487223483554,0.00041352733834612576,-0.0022677729188241846,-0.0017432316609606868
2229,0.0014949188127726942,0.0007079767904860923,-0.00445392748643042,-0.0021322378716744916
2230,0.0018362854418021435,0.0007700348727806561,-0.0029896537353548136,-0.0025931506305542085
2231,0.002426253349959606,0.0010247100643395457,-0.006698736890058843,-0.0031375142021642377
2232,0.0023754364208137257,0.000943782992487513,-0.008886024159333927,-0.004173720296676953
2233,0.000819042729564956,0.00039171508687710355,-0.005297581868136947,-0.0015886366547778197
2234,0.0020792604044095886,0.0008873319334585517,-0.010224788816247388,-0.0034162426283360636
2235,0.0019001667836017755,0.0008501283081971678,-0.009634743269497481,-0.0035308702100811384
2236,0.001352485812541715,0.0005452626191409793,-0.00048747308286894997,-0.0030410501509341437
2237,0.0017511903060674072,0.0006208912438206704,-0.002721777970494721,-0.0032536823527619108
2238,0.002478381741999658,0.0010240287940264103,-0.004777866530962183,-0.0035011515858075493
2239,0.0005713570983694738,0.00023012274442335556,-0.0012456385643136447,-0.0008992165242164285
2240,0.001959971117708348,0.0007513964465422351,-0.005417016246792028,-0.004125359769747261
2241,0.0019738431365279308,0.0007953084773426045,-0.0019881170903791046,-0.0031841722147296636
2242,0.0013836154761568409,0.0005236420179023094,-0.0020031260327967315,-0.0031589093057239337
2243,0.0029069081592985047,0.0010722198983686426,-0.006937402288268668,-0.005394015029164034
2244,0.002076777063562296,0.0009728242549923438,-0.004833751855692625,-0.002319977517743599
2245,0.0013677434256262888,0.0005990998615600929,-0.0037671312019506575,-0.00257783571593706
2246,0.003280546364481496,0.0012811370995204074,-0.005333703823150737,-0.005089998739673973
2247,0.002390083992472647,0.0010359742533996852,-0.0068527293174594495,-0.00355146394894601
2248,0.0024102283408358183,0.0009991042081129442,-0.00510184193839236,-0.0032416912259788377
2249,0.0020707472190696907,0.000996783039571153,-0.005927314601600175,-0.002367436600113071
2250,0.0017844967902863607,0.0007740526440409012,-0.0027297851353709768,-0.00375104608380894
2251,0.001989038948940536,0.0008635920603385638,-0.004868108063264598,-0.003235210080690387
2252,0.002730942714973761,0.001171487392881726,-0.006435818444310348,-0.004227483712216484
2253,0.003272354845015868,0.0013669201296450662,-0.006682405819786408,-0.005539263603779765
2254,0.0020586944675308194,0.0008013191848964263,-0.0012654143635751347,-0.003655535105489438
2255,0.0026164069152904146,0.0011143326874285264,-0.004966222183570956,-0.0035894516527822384
2256,0.002397649344073216,0.0010861057286570275,-0.0056190726388340995,-0.00298440227490282
2257,0.001458234734564745,0.0006617554579180507,-0.006845718489470798,-0.002213302565935993
2258,0.0015933760293427857,0.0007283991040838711,-0.006083289416265569,-0.002119006354708297
2259,0.0033785481384018268,0.0014512779415361,-0.009772700618433605,-0.0042920928529534
2260,0.0024176790827877825,0.0009969274505604864,-0.008009105948893036,-0.003582167906400313
2261,0.0010509467095164426,0.00046627756416781074,0.00039444486482981267,-0.0013548138596285453
2262,0.0024181526077204363,0.0009701542107235228,-0.007701449333180177,-0.004161599027013185
2263,0.0035245329242599155,0.0013750156655884804,-0.013327197938163005,-0.00635423779245059
2264,0.0029711047139300284,0.001319474605071147,-0.007834260814990168,-0.0049980679097998415
2265,0.002185803569914546,0.000932230369610626,-0.007699927254733008,-0.0030136280839619944
2266,0.0010734036964938354,0.0005288258475387719,-0.001404575002140973,-0.00033322448636641244
2267,0.0011609889906750714,0.0005719377321756758,-0.004956031956179274,-0.0016637497901140774
2268,0.0012968555547696603,0.000528951980553638,-0.0009755966131247962,-0.002703902498083055
2269,0.0010865889934322803,0.00034069728635788277,-0.0009680768735463863,-0.0028934438814677277
2270,0.0016918631072641022,0.0007466103544556957,-0.002549969998901891,-0.0030961311162031047
2271,0.002668585048659633,0.0011409425012298413,-0.003971500994786048,-0.004442253173918442
2272,0.002292384094347677,0.000991243704119238,-0.00334670739753673,-0.001864002648521601
2273,0.0018604682093825708,0.000834316700370985,-0.0026175499815765946,-0.001639984183150922
2274,0.0009113315594232452,0.00040482879153833085,-0.000784657703550018,-0.0007693001443001002
2275,0.0021670396782941803,0.000879612848987632,-0.006194096635049551,-0.003415692434061035
2276,0.0016243482380923213,0.0007122459288000649,-0.0036754306436570516,-0.0022102413037584645
2277,0.0016153452598126616,0.0006646464751199899,-0.0023297734881940757,-0.0021415973796926613
2278,0.0018880175619457873,0.0008898283255116823,-0.005954532783106703,-0.002294953687265733
2279,0.0017295643538775551,0.0007988631542329427,-0.008095099994131882,-0.0031202693424438044
2280,0.001914701414360398,0.0008142073393845595,-0.006485401614183484,-0.003126913321088165
2281,0.002044917418285608,0.0008640294697494222,-0.005323058610850084,-0.0039248465492289775
2282,0.0010375284347856617,0.0005029449775566242,-0.0016512940826896583,-0.0010132265880647973
2283,0.00269195046730597,0.0010943552174409177,-0.008206151420290908,-0.005649049678041584
2284,0.0031293735065859307,0.0013290379970400668,-0.008543054230047198,-0.004283522327023448
2285,0.0022856730604017272,0.0009465574329345638,-0.010047553763722183,-0.003123440176080017
2286,0.0011044356065214034,0.0003880641844998811,-0.0026292315795723997,-0.0023695532392935537
2287,0.002243208533119323,0.0009815639437651402,-0.006454657584437862,-0.003659067370681668
2288,0.0009585514463082978,0.00048183749633343154,-0.0036446985235493723,-0.0012544025470102582
2289,0.0014989897477675762,0.0006671215184863299,-0.005552747761636778,-0.002143238609213949
2290,0.0028753764409806815,0.0011253066346291196,-0.0036780241815426162,-0.0045894783182919285
2291,0.0014251111983358822,0.0006277215230604261,-0.004546836659896303,-0.0023186412908321463
2292,0.002414568743291823,0.0010648609772819784,-0.009026315766903104,-0.0036376359779219936
2293,0.0038974933996940297,0.0018065322652167648,-0.006715217321944467,-0.003600117912670786
2294,0.0021800035863714373,0.0009197755199190916,-0.004258807910935247,-0.0035319255907492186
2295,0.001447894432315855,0.000672350790060755,-0.004621078042367943,-0.0017926647170988241
2296,0.0019547322941663725,0.0007186363135009699,-0.004435430784221817,-0.0033662883654828057
2297,0.0016363441471875517,0.0007360216793102781,-0.005666940104008977,-0.0022145500690220477
2298,0.002731989055396289,0.0011822582430521256,-0.011320134120145375,-0.003858432123690747
2299,0.0017805395731281815,0.0007956250867316161,-0.0037720980876205235,-0.0024629003642454572
2300,0.0017698063684511434,0.0007649003594968895,-0.004051214340005493,-0.003185492353024677
2301,0.0012957258544014083,0.0006154479453999995,-0.004380065337448502,-0.0024466865666972204
2302,0.0043138958017611695,0.0018048017693661489,-0.008844804821116492,-0.006022387670216456
2303,0.0013989391635511605,0.00045608100284733055,0.0001336838010108643,-0.003361960683885834
2304,0.0021919845780516978,0.0008784841268986154,-0.006795622300083681,-0.004009596711282204
2305,0.0019013913554299933,0.0008223274335368014,-0.006177784964571054,-0.0024051205343166293
2306,0.0010172338836104133,0.00045478522523353937,-0.0025958317226414396,-0.001923668582048066
2307,0.0020474831068565402,0.0008228771760325493,-0.004248007176719082,-0.0037510656436486878
2308,0.0013503555307471382,0.0004959249643731733,-0.0017238955249648247,-0.0026198981609139027
2309,0.002377403188392524,0.0009631623347938767,-0.0030590432755241426,-0.003238635780889898
2310,0.001271078859573227,0.0004898072263540276,-0.0017461804602320052,-0.003459925713848566
2311,0.002489522005838518,0.001042262571289726,-0.0050808371976655,-0.004267326242276437
2312,0.0018274828830351364,0.000671918661676596,-0.0015199104040642397,-0.0032478087963403457
2313,0.002222607551150557,0.0009432081028026007,-0.006528248778420398,-0.0032389302602930936
2314,0.0023731067719834353,0.0009468020445092817,-0.007001157650981971,-0.004500478328573254
2315,0.0028474409796431788,0.00109466855844359,-0.006064082635576007,-0.003996423337721433
2316,0.0021976169811167567,0.0007486331883244379,-0.0029791958865824086,-0.005232640894579754
2317,0.002263376285319363,0.0009643176090807781,-0.0053874984596387065,-0.004406208684442081
2318,0.0025787284033524926,0.0011436020526408575,-0.006322705902471248,-0.0038408975499368836
2319,0.0027508529971761453,0.0011340332240351025,-0.007655121882822191,-0.004128009155188628
2320,0.002089458441416281,0.0007675600971044916,-0.009967589017925271,-0.004163667219324929
2321,0.0020419639999176287,0.0008611622782006556,-0.003692824075444856,-0.0032144122366473127
2322,0.0019446341759833397,0.0007976946843297472,-0.0037921709696159267,-0.003946053946053962
2323,0.0013476129551764915,0.0005084484556639179,-0.0030843498780637746,-0.002682941964497587
2324,0.001847699850023865,0.0008000211996266604,-0.007288443365957464,-0.00371696501799601
2325,0.002358865775556329,0.0009534651266855376,-0.006299034214711563,-0.004349814269451802
2326,0.0031545862730310015,0.001371917686748464,-0.010381136828331305,-0.0037378243988829274
2327,0.0017031308089263675,0.0007722401206224083,-0.004307459924722146,-0.0024205836562986027
2328,0.0011172028766848197,0.0004829239498257698,-0.0012946580760428983,-0.0010631683753036247
2329,0.002464630418780811,0.001043758304863085,-0.006177102719343963,-0.0034753398379268052
2330,0.003208011795401866,0.0012534517405287382,-0.008391235434152877,-0.005509679288676406
2331,0.0007695843126886981,0.00030904754979727,-0.0017528319748230659,-0.0011869700731661492
2332,0.0013015472409700912,0.0005218802437219061,-0.0013445709160638808,-0.0021952977917183425
2333,0.003590036116923656,0.0015716386919974457,-0.008361859951447892,-0.004807320593276043
2334,0.0015377083204030084,0.000591755342450373,0.00117857954453926,-0.00322732159445549
2335,0.0013935014471475604,0.0006517785121615827,-0.0038490264765810855,-0.0020948225917388763
2336,0.001307562611892299,0.0006341170411997554,-0.006502812019281934,-0.0016472193196331864
2337,0.00287410546236766,0.0012410523274223317,-0.0070699470717268675,-0.003379895647579345
2338,0.002556522356937152,0.0011657617366812867,-0.016035337335616295,-0.003258302793742729
2339,0.0027917973040877397,0.0010574351284726724,-0.00839996947203403,-0.006029322600203835
2340,0.0026724443644723928,0.001117285923083633,-0.006036117395162188,-0.005088426536239976
2341,0.0028713210761539543,0.0012378219152955061,-0.01084688392298011,-0.004433111322549976
2342,0.0026577030520478218,0.0011565757167676938,-0.00973698093062797,-0.003544981292659344
2343,0.0018913161868482908,0.0008778042463990499,-0.004002051453749933,-0.0014974068835454935
2344,0.001566597999486996,0.0007630107580246237,-0.004657457151545308,-0.0016253600007971603
2345,0.001142418369554865,0.000518793287539232,-0.002884520203443486,-0.0014898732016652705
2346,0.0023890024117161346,0.0010521246372379445,-0.005379592706391656,-0.0036796295005329105
2347,0.002501794166106408,0.0010240596794027224,-0.005736722293585517,-0.003289914429633556
2348,0.0010750114045882109,0.0004302935225447557,-0.002563720529768887,-0.0019191103404317955
2349,0.002564026355592275,0.0010690886632641061,-0.005148123975803276,-0.0025095255356524238
2350,0.0020167642888734294,0.0008978770153409421,-0.007824857021615839,-0.0030608599281084503
2351,0.0017712419450078287,0.0006975049929686117,-0.003755309121611594,-0.003056396601458733
2352,0.0027654378516105416,0.0011175848616618023,-0.00962687347759944,-0.004742496502530114
2353,0.002178863884109261,0.0008865545508277284,-0.005981692891492585,-0.0034671468417893925
2354,0.0015933122742203265,0.0006782879326156788,-0.005240141190590963,-0.003152035410100007
2355,0.0015717528404862735,0.0007153217497921638,-0.006467647918699526,-0.002983257700238773
2356,0.002521126241077032,0.0010414246055556187,-0.006011198180261634,-0.0033255086071987128
2357,0.001850579703064903,0.0009226276373218711,-0.005239140342501947,-0.0025561173520357583
2358,0.001010772468675536,0.0004647013461863414,-0.003177943901731317,-0.0015087688227134466
2359,0.0011447616939701533,0.0005572212404637289,-0.007670744424133347,-0.0016221114635251999
2360,0.0011083464797294607,0.00044200173788022656,0.0002245700318836974,-0.0031566930388148284
2361,0.0014856439930739374,0.0006472561585812164,-0.0059289607222390295,-0.002981846348756312
2362,0.0032203272794344984,0.001299347070779694,-0.006479029320151097,-0.005456091706923849
2363,0.0011445869907706907,0.00048002573815220106,-0.0009552849481285763,-0.0012576348918224012
2364,0.002150832681824255,0.0008627418922947383,-0.005324436971258284,-0.0031735754018473727
2365,0.0014226921458383446,0.0007487278662887398,-0.008197722403587182,-0.0016323687261834419
2366,0.0013748739653451914,0.0007491406144413959,-0.005702552893186552,-0.0018264386104481778
2367,0.0007054028819079017,0.00045621461366732174,-0.003887017664874204,-0.00017077909595220042
2368,0.0017774929620346658,0.000812451730987207,-0.005447645090212894,-0.0027728013686469932
2369,0.0021270183364914264,0.000900349083401697,-0.00431355822572993,-0.0027752407505327037
2370,0.0011262317689865187,0.00036222687888917693,0.0017285306661469768,-0.002318424636196137
2371,0.003412828431347825,0.0014096936389663417,-0.008014834532317161,-0.005726365875340811
2372,0.0021852979719726995,0.0008972053986182615,-0.006028883461049461,-0.0033389841776358953
2373,0.0009055200754057857,0.00026520559938542076,0.0016523658418209353,-0.0022779956967829973
2374,0.0016469681854150986,0.0006639472959610315,-0.002194831356884974,-0.002474491858682426
2375,0.0013047197559515888,0.0005583362340317588,-0.0021427676941780383,-0.00169946936083476
2376,0.0016553196673410042,0.000641136604242365,-0.003578980777088625,-0.0030379188712522653
2377,0.0020628190787710388,0.0007929032909811395,-0.0042729654416311935,-0.004582371494705084
2378,0.0030953941727305256,0.00138926425886024,-0.007823440616277266,-0.003896809860546857
2379,0.001999390340863827,0.0008335415127251333,-0.0065498809001748315,-0.0044664066788769885
2380,0.0020837226986065716,0.000846107870485252,-0.0023096783193956028,-0.003035735363550396
2381,0.001393137382341092,0.0006176557754522249,-0.0019243945063678325,-0.001920297250351033
2382,0.0012426631868328597,0.000510675387594528,-0.004419195766986406,-0.002513588416009571
2383,0.0016426960230759846,0.000694551945798455,-0.0019122293281789715,-0.002456889506374571
2384,0.0028752355361750803,0.0013204588184984878,-0.005212756153695042,-0.0029281123601081482
2385,0.001711202236400533,0.0007979742681444857,-0.005151874693690051,-0.0017857208741178798
2386,0.0012478841866381263,0.0005167941332040737,-0.002267923391724491,-0.002045353490440105
2387,0.0022523439553871483,0.000898671611453683,-0.005899275099904178,-0.003932019308125589
2388,0.0017819871437131374,0.000581015538973717,-0.0012839772358573254,-0.004636110725213749
2389,0.001714876093137474,0.0007383221733649747,-0.004240274253786369,-0.0026423776776863805
2390,0.0029178926898473234,0.0012877493613811797,-0.006517462378816452,-0.0032223415682062218
2391,0.0012414098375891358,0.0005081832391203023,-0.00286483129413434,-0.002464958048526311
2392,0.002218803722510543,0.0009059834766713959,-0.008005587327361285,-0.004541456853142001
2393,0.002808174541891695,0.0011211169304581325,-0.005578080541955632,-0.0042760808543858
2394,0.0015892609378042044,0.0007838553221007905,-0.00463705933498737,-0.0024523512455362217
2395,0.001339713493147987,0.0006415474496842544,-0.004742978058934755,-0.0017396339338784372
2396,0.0016530900186970676,0.0007042447985403377,-0.004279208143723956,-0.003273089832894205
2397,0.0021397173383777,0.0008040283417590499,-0.005788949361739515,-0.003973814956180544
2398,0.0022164517101579406,0.0008893756172960454,-0.0036625928262242757,-0.0037058615020287844
2399,0.002424913033530318,0.0010461851764746177,-0.010066099767398695,-0.003457821877224876
2400,0.002368912375766752,0.0010010072260211722,-0.007165304646609361,-0.0035029827024638527
2401,0.0025353702708573733,0.0011443267235281274,-0.005630482959509575,-0.0035630025518802455
2402,0.002626007938645647,0.0010387560300134102,-0.008182466508000807,-0.004952331390346787
2403,0.00044012220045480666,0.00016492958234659572,-0.005834578041526262,-0.0013314894027595114
2404,0.000969679476934604,0.0003606678859496837,-0.0005136470712476804,-0.0027184367722993263
2405,0.0013301852057117092,0.0004748546614284088,-0.002361564269452998,-0.0032643508253265008
2406,0.0021816651986208413,0.0010004817307714964,-0.005936299346353313,-0.0030727052052706982
2407,0.002600289863404659,0.0010767036987294754,-0.00460423471902599,-0.005026849840766401
2408,0.001964985463589475,0.0007051271252585811,-0.0054278097918017965,-0.003347350699839602
2409,0.0016255467793929168,0.0007272189081941327,-0.007618233872176361,-0.0020517917679842013
2410,0.0019093014242245188,0.0009215242756840103,-0.010064291552529137,-0.003248438004386567
2411,0.001294480257379993,0.0005648890991390709,-0.0066209485027241,-0.001871456502665625
2412,0.0031341026196334276,0.0014167905541152825,-0.011027280922967952,-0.005259695790080787
2413,0.003509645497973446,0.001460321261016917,-0.0075599067618820626,-0.005426426277480911
2414,0.0028375871779018347,0.0011945834823443024,-0.009661594481358893,-0.004896652538566415
2415,0.0029381029178672247,0.0012093593458645524,-0.004969997929386127,-0.0035573234202016524
2416,0.0027774497558590294,0.0011836195280180428,-0.007919584764966792,-0.003771158100529859
2417,0.0018295857387190528,0.0008249400314212785,-0.00317701422822414,-0.002902813607541632
2418,0.0021515874256360368,0.0009280328793374037,-0.007230372000063379,-0.0038546118786244588
2419,0.0013973038178677344,0.000529932508365083,-0.0021358440918963217,-0.003146837686062831
2420,0.0028492432845667603,0.0011612677639524782,-0.006309895213719552,-0.004336654641376669
2421,0.0006789010888068603,0.0003046904119298477,-0.0001220411205894445,-0.0012615303955025858
2422,0.0013980146704847263,0.0006042550903368471,-0.0016967985798109764,-0.0027640198241468683
2423,0.001590132641429709,0.0006562806187196957,-0.0032736756295720926,-0.003269144648455069
2424,0.0017589888248685792,0.0007751275006815106,-0.003980514040908656,-0.0015093624347771728
2425,0.0010216634641230238,0.0004875532110980296,-0.0036406494463757655,-0.0014542046651128127
2426,0.0011271966455093096,0.0004879043764153823,-0.003985040698726017,-0.0016825959448909522
2427,0.002156038098161006,0.000811212592147198,-0.005850520646669188,-0.004601360282850964
2428,0.0008975618805982521,0.00045618609432793167,-0.0031104672142663325,-0.0012601747862429624
2429,0.0016213474577574938,0.0007116046408134069,-0.0027174805036950245,-0.002483728233459548
2430,0.0013347645500764727,0.0005257856175735764,-0.002415028351791748,-0.0020774708243461726
2431,0.001267366449007712,0.0004272900733555407,-0.0005623411605339967,-0.0038086147684417426
2432,0.0012871874121578308,0.0006024315981862649,-0.005789005947760828,-0.0023628901877875697
2433,0.0019150102211515918,0.0007982467206109067,-0.006286331375412291,-0.003551445169108103
2434,0.0023273713941268093,0.0009446029719148152,-0.006183842525762762,-0.00483023631402113
2435,0.0004009258457979836,0.0002968016927258066,0.0004156033061959441,0.0006324547422292826
2436,0.0012777052147909251,0.0006475295927715063,-0.00456200444321464,-0.00213682092555334
2437,0.0006528428736607417,0.00011902988312589846,0.0010708254693318486,-0.0022619641076769836
2438,0.0017697184430862656,0.0006444855764782265,-0.0017502222272554602,-0.003923751869559511
2439,0.0013446508404379998,0.0005032218877348282,-0.0011034051432674552,-0.0031806594008246813
2440,0.0012012496560855346,0.0004742512587831149,-0.0029636262819193737,-0.0027180370722432734
2441,0.0016595786746635977,0.0008519525926952431,-0.005712079573699402,-0.002929165111179022
2442,0.001593578756217906,0.0005334591290837021,-0.0010791307594603117,-0.00385351233731579
2443,0.0008304984978944052,0.0005820571217629578,-0.005722191986021474,-0.0003735784611802462
2444,0.0018091834180574695,0.0007361163002011228,-0.001647456261318292,-0.0028547730345578337
2445,0.000994395379306623,0.00042465693564872065,-0.0024021517999361364,-0.0019876081912283405
2446,0.0018595433099652947,0.0007681594050819862,-0.0075958254222639465,-0.003035358597328064
2447,0.0020057492419478518,0.0009285323712468485,-0.005676294976766916,-0.0033181528058099374
2448,0.0021040570099241096,0.000895669009532668,-0.002691481028198661,-0.0033634316051964763
2449,0.0008018133716442,0.0003653710272169264,-0.0013158312775142234,-0.00043035614905584385
2450,0.0022189211291365196,0.0009308202805062005,-0.0075762909223440755,-0.0037366368587373744
2451,0.0017779297626658308,0.0008140697699238753,-0.006540285139565727,-0.002821996143360539
2452,0.0028428084797406106,0.0013043432038929992,-0.006337238426958769,-0.004196797410308539
2453,0.0009385019156203933,0.0004492736325362179,-0.002570241182553279,-0.0012481078795207878
2454,0.0015661133587849818,0.0006467268346715127,-0.004030423669386107,-0.002820966235152822
2455,0.0016266277781765148,0.0005858893563599477,-0.004989115997386828,-0.003283678094529119
2456,0.002190186751309886,0.0009105775850333508,-0.002250929823811698,-0.004358478418961753
2457,0.0022621867442172983,0.0008589267759210317,-0.004834460959181164,-0.004310885309696144
2458,0.0016005842802945258,0.0005063985229649404,-0.0024489973687630284,-0.0024518505369663934
2459,0.0016883434373663464,0.0006752710425972086,-0.0014496022865195246,-0.0026405919526641952
2460,0.0018676057990648642,0.0008128983201143858,-0.0047330466148649,-0.003318703878826157
2461,0.0006778873138703068,0.0002837291151723542,-0.000711141679549443,-0.0013514794567829336
2462,0.002599796403675969,0.0009875960074278434,-0.0037517259522074076,-0.004418021998217947
2463,0.0015906935916535359,0.0005921264975433937,-0.003715065148479302,-0.003286608062089025
2464,0.0026602206060132305,0.0010861938809013094,-0.007500829196487369,-0.004443604115535127
2465,0.001880803847166379,0.0007472342822043565,-0.004380388111386857,-0.004136647397037563
2466,0.0016033139681755904,0.0005628329426918544,-0.00020478475866747559,-0.0027925365016943093
2467,0.002340105843144924,0.0008996150255941859,-0.0043779417270617405,-0.004735714529722657
2468,0.0012068014902036905,0.0006970809230605057,-0.004829148822413143,-0.0011168076561565154
2469,0.0012304052824301248,0.0005252298086493024,-0.002649140637036418,-0.0025475091639328706
2470,0.0014603691700969534,0.0006776558558788115,-0.003195828368218412,-0.0020569564138028795
2471,0.001976105894821112,0.0009268548648739272,-0.0073884660257041435,-0.002794075887196934
2472,0.002762316600634085,0.001100573117599396,-0.005860934698527442,-0.004231192830069119
2473,0.0016376823860416168,0.00069790739609224,-0.004884017629805448,-0.002118383348276187
2474,0.001702587462274252,0.0006561423104756436,-0.001387381485816852,-0.0034943914904026485
2475,0.0011514253962301435,0.0004764048690068523,-0.0034846504646068865,-0.002488865832398268
2476,0.0010157719944646204,0.0005090279039242362,-0.003679131402065383,-0.0006853676910292261
2477,0.0012632348457257692,0.0005539018375611826,-0.0007314988918720733,-0.0020025808336580075
2478,0.001072482016862164,0.0004367142397278534,-0.0025416003320569147,-0.001182447959754973
2479,0.0016903494931165275,0.0007960299248835345,-0.008549974915014247,-0.0024574639099779194
2480,-9.74477858199374e-05,4.3498342411740776e-05,0.0021639604904354903,7.673688249310029e-05
2481,0.00174599355896643,0.000633556358008408,4.1781072724178525e-05,-0.0030126980017716187
2482,0.0011479764115864266,0.0007075565587124355,-0.0027965954463275433,-0.0010245380617139865
2483,0.0026664094241274916,0.0010894914234040043,-0.00648120118662282,-0.004123028614804181
2484,0.0023204825585492195,0.0009026814101623926,-0.0039432914127885965,-0.004627493503337021
2485,0.0032497041499772727,0.0012742486041508183,-0.006734784887908241,-0.0055031036035742
2486,0.0016942489817657336,0.0006845744710756441,-0.005158916155638793,-0.0031764206171858156
2487,0.0007700215525141552,0.00037717628958627847,-0.005930490926775056,-0.001742426322219326
2488,0.0021071759320844263,0.0008689473027403138,-0.007426660468340618,-0.003010041883231507
2489,0.002202295264711329,0.0009681621077772817,-0.007542290839983368,-0.0035830752910912533
2490,0.0011110331079469682,0.0005293932840358673,-0.004912665627315405,-0.0014985022560952688
2491,0.002089897648517247,0.0007533754792449776,-0.0024257418066447323,-0.004648676936438445
2492,0.0015776717161254394,0.0006795533090334926,-0.005687156248385672,-0.0024090909090909163
2493,0.000598535807508016,0.0002388692291480643,0.0003542783789655668,-0.0009954754997671955
2494,0.001878447757679702,0.0007748374117125811,-0.006614147978566465,-0.003928306227340861
2495,0.0016836533651945484,0.0007518472713332336,-0.006633981940636524,-0.0014229989681279198
2496,0.0010669485505295784,0.0005318098109958203,-0.0029504698723342715,-0.0013289824868619737
2497,0.0017236088865683619,0.000796942602142664,-0.008290695023056793,-0.002714919215417666
2498,0.0028624808272085245,0.00112221298742482,-0.00888835464883847,-0.004776281763169132
2499,0.0021859126667823636,0.0008418901690262215,-0.003217009874510679,-0.00376152497313198
2500,0.001641127690189259,0.0008307781354257582,-0.006533472709045751,-0.0017875638415658646
2501,0.001925127410073335,0.0009163859785967232,-0.006101003480365574,-0.0019165626671421299
2502,0.002281882661814616,0.001031799271231676,-0.00679326722822815,-0.003632272486182364
2503,0.00024082535238678648,8.973842802845189e-05,0.0031955345309386818,-0.0012261620491308411
2504,0.001981097472815274,0.0009613984351998228,-0.006878714808600306,-0.002724474402762689
2505,0.0009850056446265576,0.00039466483825853493,-0.0007867831896848365,-0.002413789347656903
2506,0.0011342452498867006,0.00045829520237783417,-0.0008233925115475604,-0.002770439514145795
2507,0.0036252181547564155,0.001532830980034705,-0.008901011325036401,-0.005406127568612584
2508,0.00067473393534212,0.00025066501196518987,-0.00045193907976315284,-0.0006533275482277778
2509,0.0016950675676130622,0.0007340924081206956,-0.004280709520547044,-0.0026996815070045033
2510,0.002447625883140292,0.0010881065249194466,-0.007215729035176699,-0.0036710881983088584
2511,0.0021610295033276383,0.0008951126923529007,-0.00659233554978772,-0.003307345820705909
2512,0.0006319468567578257,0.0001285299264403572,3.3802236074409464e-05,-0.0018465396774114406
2513,0.00012727472442330967,0.00014090033458638573,-0.004958642239787037,-0.00011676556106676728
2514,0.001574410716492225,0.0006963235829337278,-0.00630794155586939,-0.001981324940652729
2515,0.0006196192551303215,0.000266054620809808,-0.0002037677684102457,-0.001925912551533293
2516,0.0014381769785790643,0.0006301606311842622,-0.0036762332405185782,-0.0025644611248443194
2517,0.0009238691405437649,0.000396222180457928,-0.003106933910950349,-0.0017870641831220224
2518,0.002731102050498091,0.0011520205212874335,-0.006708260088187812,-0.004041892805742964
2519,0.0013272660412573245,0.0005587842537982113,-0.002674093521197629,-0.0024706950367987535
2520,0.002471470006320753,0.0009526311449192526,-0.004018867395797654,-0.004468867710962665
2521,0.002384328729386098,0.0009701274846732055,-0.003580396813889386,-0.0034350387186445897
2522,0.0023230090174709006,0.001002645800857016,-0.00676802715500352,-0.0036711108968022765
2523,0.0019931636119133733,0.0007693315354214136,-0.005530350553566321,-0.003359321716570607
2524,0.0014057592222228577,0.0006146070155791938,-0.002553793806466975,-0.002443621399177087
2525,0.002181843822422924,0.0009360339673090412,-0.004905278846722427,-0.004082120653139398
2526,0.0019331181308470669,0.0008828206201580702,-0.009222143041489383,-0.0018717107612933326
2527,0.0010520123475442067,0.0003609693654715307,0.00020996966319652977,-0.0022722161995254453
2528,0.0023318003452783564,0.0009113087782568752,-0.0068923134514313755,-0.003843534105283597
2529,0.0025957792977193694,0.0010840313750984376,-0.00773235466727662,-0.003929030187715288
2530,0.001304759038235459,0.0005732365765466485,-0.003766065580980693,-0.001883413264010203
2531,0.0021255879361131713,0.0009140352269295937,-0.007457989605953175,-0.00396989488932975
2532,0.001860689786173153,0.0007041309133768991,-0.005005759510093188,-0.004095282711720216
2533,0.0011238280716152627,0.0004822148317072672,-0.0014002879200538665,-0.001254504591777339
2534,0.0008806838515909021,0.0004545582073555987,-0.004629687334003096,-0.0010438097894944764
2535,0.0024306751771655533,0.0010777298652298872,-0.00893871432671961,-0.003949686073670966
2536,0.002565896614889207,0.0009699765696317142,-0.006837725195841304,-0.004632394013521557
2537,0.0021275942410432513,0.0009050389176586404,-0.004850132133714158,-0.003967929510333423
2538,0.0010414483348517578,0.00031962144261138414,0.001617882128020387,-0.002938661463790515
2539,0.002640062888989214,0.0012693469703872196,-0.007976230394781458,-0.0033316856154225194
2540,0.0017491116592639466,0.0008009310492835819,-0.005013212524538957,-0.002827550924688671
2541,0.0011426709355155662,0.0004424499372329138,-0.0016385075364029333,-0.0024391809487130933
2542,0.0009448460432351924,0.0004407107575072622,-0.002729002063487973,-0.0013589914730647301
2543,0.0012491253604355324,0.0005815541266066537,-0.004278798282712604,-0.0020441710654913736
2544,0.0014754491744358722,0.0006495184967132972,-0.004737772032080589,-0.0024613561044048993
2545,0.0019100239729156199,0.0008251784560865394,-0.007510445275695166,-0.0034013936468391126
2546,0.0014836174435031158,0.0005977552248792317,-0.002687819680368575,-0.002963620260025168
2547,0.0017559302448598713,0.0008760828163146828,-0.004635445615066736,-0.00227913562983717
2548,0.0012500139300203328,0.0005926643509378549,-0.004963159121234462,-0.0016904758235188888
2549,0.0018870992437617362,0.0008673942783395117,-0.00783019081832348,-0.002591462608194872
2550,0.002004747864328027,0.0009680112468574975,-0.0038041372420214437,-0.0022818809715287047
2551,0.0019208427688026108,0.0008011116526982776,-0.005978347465843192,-0.003058492955059222
2552,0.001571201112451126,0.0007648622012373374,-0.004914487120599498,-0.0014711950768788729
2553,0.0020497780792280706,0.000851298066705114,-0.005052293659544571,-0.003264856933235527
2554,0.0016007874272033762,0.0006741934875368061,-0.003819880630220207,-0.0025692377086151685
2555,0.0024240116031259973,0.0010082031655570256,-0.004321281413062317,-0.004225461928675567
2556,0.0021405714870665338,0.0008596355484100648,-0.004143727365112981,-0.003964408257344232
2557,0.0009518976771462628,0.00035476097764081116,-0.00226296508843693,-0.0016870453490172022
2558,0.0021049514871136488,0.0009044493950139121,-0.007484876003826413,-0.003391912983151224
2559,0.002152843518129055,0.0009600137201420944,-0.006339313004314007,-0.003089224502325516
2560,0.0012075772014698005,0.0005549174940348844,-0.005402251102268385,-0.0012523444160271735
2561,0.0016312953333310065,0.0007702260747794454,-0.007425690949986297,-0.0016820675192037449
2562,0.0014279659727433613,0.0006425683061995202,-0.004669628497736278,-0.0020292300326045787
2563,0.0014908542950836656,0.000599098434445916,-0.004703148815889069,-0.003152924362448961
2564,0.0016569057808222265,0.0007662500143255369,-0.004179306444684616,-0.002417658107714993
2565,0.0013446623357818988,0.0007299887979085595,-0.005679950036060588,-0.0014277702559202243
2566,0.0025454086498293282,0.0011434211746980116,-0.005967931805696103,-0.0032076113452127464
2567,0.0005363276927748961,0.0003324395616217668,-0.001377301543192544,-0.0005413410119291528
2568,0.002393590119223632,0.0009780282534042617,-0.006267266755420164,-0.004589510475104919
2569,0.0016045501986496902,0.000680954025962216,-0.004226668491801477,-0.002451520556193021
2570,0.0014552271460561705,0.0007116586588717388,-0.004749746744707184,-0.0018804106054821634
2571,8.920079475316367e-05,8.430524822444774e-05,6.353649949214502e-05,-0.00035823935718248823
2572,0.0024075236787705068,0.0009740924732781486,-0.00496544531412485,-0.004246279246279294
2573,0.002402711198283891,0.001057022125117657,-0.007581310415204545,-0.00277793455715325
2574,0.002386459789974149,0.001040113659299985,-0.007855087988098086,-0.003823867642327672
2575,0.0010544594610914504,0.0005133293082711099,-0.0035354839842497987,-0.002394929295915449
2576,0.0029249944035463216,0.001024839814994405,-0.008991973807744857,-0.005586827000642169
2577,0.0019478181258784089,0.0010172430836466462,-0.006209074009236426,-0.0006019127840660721
2578,0.0015526290358881534,0.0006285331022328755,-0.000859952262515673,-0.002167201589485024
2579,0.0012999488317246843,0.000580883733293236,-0.006486420132130799,-0.0020324995746128227
2580,0.0025880119193184004,0.0011283871965390713,-0.01259446818383797,-0.003228450361682844
2581,0.0013335187929253145,0.0006048836735554897,-0.004138040309627333,-0.0022731598553444865
2582,0.0026452933875285023,0.0011562098509075858,-0.006171904638480441,-0.003748317846574145
2583,0.0012476206997943384,0.0004897421893575171,-0.0033914884749065566,-0.0020789305155299864
2584,0.0015867649795067162,0.0006195562907712338,-0.0020172366229050387,-0.0026878434248923666
2585,0.0021453823266445182,0.0008131467190759245,-0.0010617783795032754,-0.003963546848294808
2586,0.0024968147412341435,0.0010951980340626333,-0.009283974143723672,-0.0032013408757595174
2587,0.0016532033438106941,0.0006463454970331295,-0.0036578955919590594,-0.004120222197697143
2588,0.002166449917003044,0.0008879224623314363,-0.008000290817617384,-0.0030948756976153513
2589,0.0004361057123353218,0.00024054917120541752,-0.0016607295241656272,-0.0009903791737406742
2590,0.0008541970651542163,0.00024479630052667845,0.0008840364323841055,-0.002854445303251185
2591,0.0011670373762332487,0.00044430939579842565,-0.00047484852314177983,-0.0022218838310629208
2592,0.0024940824738209355,0.0010786961160806907,-0.006546094252083301,-0.0035934698729864767
2593,0.002325618080685876,0.0009865474229210636,-0.008513801803862131,-0.0033240422655267388
2594,0.0013073960702543186,0.0004767421020805962,-0.002390022889747989,-0.003773394371886507
2595,0.0030434011655174897,0.0012667416111241392,-0.008189448144343747,-0.005314672113309826
2596,0.0019674636764961395,0.0008614952947408605,-0.004516767437164004,-0.0033175355450236754
2597,0.002186367462943928,0.000906195493616202,-0.003480326480735374,-0.003732243909303823
2598,0.0018431827890067476,0.0006915226693455789,-0.003290052075148042,-0.0028969564820012783
2599,0.0026349382322387593,0.0011891886328720125,-0.007551585647291081,-0.003964399445383959
2600,0.0010245749014264338,0.00041085574666605007,-0.0007541715574178598,-0.001328002039463927
2601,0.002955546457102609,0.0012267507703033198,-0.004982403504096122,-0.004524175584021184
2602,0.0005556378523244865,0.0003186964129182901,-0.0002834703768568314,-0.00010800184858972273
2603,0.00263575977580105,0.0011646083514989247,-0.00749656892088052,-0.002852487886153554
2604,0.001372530127061844,0.0005175503464703024,-0.0033540581371278577,-0.0011620168386804464
2605,0.0031484014204636868,0.0012695103500316995,-0.006742758090879153,-0.004962324321858502
2606,0.0022125981650190085,0.000994637492013839,-0.005160724599402644,-0.0024884235333031413
2607,0.0021174842096021163,0.000761802857186189,-0.0027828837961634267,-0.004119840588438728
2608,0.0006537624421862898,0.00022714935338805087,0.0004850266308680795,-0.0013712671509282792
2609,0.0018910820554829955,0.0008315248788049456,-0.007836843313673625,-0.002244847584336518
2610,0.0025885220484174187,0.0009704921118460219,-0.006884549799891282,-0.004203766547661747
2611,0.0030106499149953336,0.0012755626480681626,-0.006651130390136428,-0.004596189099894232
2612,0.0018564423557286824,0.0006838366719414679,-0.001088923835704414,-0.003078553720955668
2613,0.00244200746303469,0.0010400131182503047,-0.0071574255163456835,-0.004575620161658689
2614,0.0011178267060864555,0.00047719485991312705,0.00013520050541254713,-0.0020612647567817
2615,0.0011720043082821263,0.0004281866731275785,0.0010917642996092214,-0.0020073093056159896
2616,0.0016156176708502779,0.0006626082087969054,-0.004643791553891274,-0.002766169485559078
2617,0.0009301444248501767,0.00037481333138439377,-0.00442389982442315,-0.0013538447256142838
2618,0.0018054571542736042,0.0007514116616415267,-0.005240315939224138,-0.0029973189036771597
2619,0.002451377017409384,0.0009678693000086114,-0.009457316540417537,-0.0045076392623287775
2620,0.001442489022294935,0.0006054824624293353,-0.0027176232283813717,-0.0022257237545576514
2621,0.0008612217209579276,0.0003211703445895331,0.0006620494318018144,-0.0023850017041937566
2622,0.0017526680608987988,0.0007895526644140227,-0.0029442316681955183,-0.001835239089878482
2623,0.003415386271664156,0.0015473167360344209,-0.011036979743886233,-0.004501853400654676
2624,0.001296751945779051,0.000616037927534896,-0.003777886011157139,-0.0023564973319761817
2625,0.0013952358650161645,0.0006451029329223867,-0.0033084345015435,-0.0008552125203113992
2626,0.002825922943933523,0.0012129767364296717,-0.01102039910110375,-0.003836962854754322
2627,0.0018300277933652742,0.0007759779926826693,-0.004822904713060738,-0.0026782162971126233
2628,0.0027592944643277106,0.0012599727836096475,-0.014309769223467717,-0.003573658945798641
2629,0.0020624197445130443,0.000845592904530873,-0.0038181511222648568,-0.003932871909663405
2630,0.001464365304207682,0.0006101904567607508,-0.00722457200297294,-0.0028090797003526013
2631,0.002642270828670301,0.0010086294125628004,-0.005462531723419262,-0.0033901058015192165
2632,0.0017126050484466138,0.0006254919683889859,-0.002733662045289742,-0.0028911046410757812
2633,0.002557518283925031,0.0010701102913063254,-0.008853023508332392,-0.004429998124458434
2634,0.0017067195258150258,0.0007800687177658971,-0.0035935473880748248,-0.0023816659151645325
2635,0.0012478692218983456,0.00043674639189447695,-0.0005238367418063938,-0.0025447139131992147
2636,0.0016711533593848915,0.0008511973641039117,-0.006831170700887457,-0.0010724641311632421
2637,0.001698575623954146,0.0007357553311312659,-0.005699869699719806,-0.0030368239199962677
2638,0.0009290023721794105,0.0005048463963062133,-0.0009954332031720248,-0.0017879655385696358
2639,0.0011447307324600198,0.00043428445635701474,-0.0005143389746309901,-0.002612686648163387
2640,0.0014024941249447531,0.0006808158745859327,-0.004936028138884163,-0.0009442300123595482
2641,0.0016660278124819294,0.0006045266410201477,-0.0033253996135184094,-0.00396975508480546
2642,0.0016998079124137533,0.0006421235723685637,-0.00322146518571359,-0.0029894820159215296
2643,0.002121405772576579,0.0008593434348746765,-0.005629780431239018,-0.003450137261225783
2644,0.0028136573712734814,0.0013110123830929743,-0.008687448903730521,-0.003397451135601526
2645,0.002306809890933015,0.0009575594594728731,-0.005791434092790482,-0.003554384302210112
2646,0.002638655799669043,0.0011507477396900112,-0.005094501328038514,-0.003835206324552587
2647,0.0026185492665741217,0.0011254983353144177,-0.007350532709988256,-0.004211840347726259
2648,0.0007554130409134219,0.0003377886325940105,-9.173443539162163e-05,-0.0012372751324909448
2649,0.001889879974635189,0.0008149753089463085,-0.004203501584419567,-0.002994353081038237
2650,0.0018658640466391874,0.0007332845326897264,-0.005254666133351127,-0.004141960311620174
2651,0.001884864795120178,0.0008722455634774251,-0.005443009195332749,-0.00348221513814595
2652,0.0026676950134929545,0.001054599531342515,-0.007207184870946015,-0.004281158452923983
2653,0.0018472890536342934,0.0006695171185756577,-0.002498396875996012,-0.0035230971544752965
2654,0.0010788097735772162,0.00044703413954053084,-0.002375090701752902,-0.0014177326177494676
2655,0.001431073217390888,0.000585083282308857,-0.001978018424993122,-0.0026425861115588756
2656,0.0015734016388740946,0.0006698879562261617,-0.00539780371867149,-0.0020107428420386153
2657,0.0011907622857731948,0.0005473091717475842,-0.0014513085225312805,-0.0024652268074489836
2658,0.0025257403778841114,0.00100101467016378,-0.006973397990786778,-0.0039407189567775
2659,0.0031474399865695224,0.0012708750575172734,-0.005516604174903572,-0.004665011993603474
2660,0.001140193409419954,0.0004912840951383501,-0.0036385925255638107,-0.0015093733632801642
2661,0.001671557445502292,0.000645325210186648,-0.0020219489486678066,-0.0035320702478216504
2662,0.0022409248194040776,0.0008216224609237932,-0.0035195121006517116,-0.003819368916199828
2663,0.001440608231827012,0.0005797120633707908,-0.0035553112458339142,-0.0020517877454987454
2664,0.0025238511992989876,0.0012009786320222593,-0.004778797488455888,-0.0026026026026026994
2665,0.0026086436703994798,0.0010642908917966598,-0.00585556131259124,-0.0051559659521498435
2666,0.001745528867074908,0.0007546311937653982,-0.004599397164321617,-0.0023707430365456084
2667,0.0023012451097189635,0.000989556651472434,-0.009093840016540677,-0.00376963653135709
2668,0.002205026677717159,0.0009073758024620016,-0.00718306990860218,-0.0037372999535160156
2669,0.0019926983056578473,0.0008794754944142502,-0.010524932542980203,-0.002552887998828468
2670,0.0015071639528009273,0.0006900710262207066,-0.0025898809165004755,-0.0022144087924369504
2671,0.0031088827285108422,0.0012961273919471494,-0.005597647225959623,-0.005871259577722943
2672,0.001082235485872718,0.0003781225907353858,-0.0007312144462121584,-0.001949693904711114
2673,0.0009608050162135395,0.00041033367261283926,-0.0009864918546408918,-0.0025276171104372525
2674,0.0015012705065186038,0.0005449947873924776,-0.0040542825174553765,-0.00298974228508031
2675,0.0009637386375326296,0.0005374575333852161,-0.003660837208721124,-0.0008911589939871734
2676,0.0012189351111772107,0.000500602026791086,-0.0010447656920011261,-0.00174892725682807
2677,0.0023007095805977484,0.0009829687912389917,-0.007479312203381938,-0.0031268602139563617
2678,0.0014993678911748853,0.0006513580075406533,-0.004293656862646489,-0.002041152191453288
2679,0.0017658794608716999,0.0007941796731408823,-0.0051520003990215835,-0.002748179050400368
2680,0.0021347038183742173,0.0008645465045387102,-0.006268944060777382,-0.003799842930680253
2681,0.0023607290805515158,0.0008770625593816084,-0.006962405381148895,-0.004187488564632691
2682,0.0012586138248897871,0.0006098964224675041,-0.007632788549249536,-0.001987176541274449
2683,0.0017268664582754667,0.0007587116510127112,-0.005429715135138902,-0.002209564585802015
2684,0.0029459493236016487,0.0012730018720931158,-0.014193096696816065,-0.0050311787543207975
2685,0.000747205469893486,0.00022721924510241132,0.0006409928478182669,-0.0011874294963736265
2686,0.0019770788426443087,0.0009480859239520967,-0.006861508796638771,-0.0023332570883656256
2687,0.0016837967241761786,0.0006363906688599819,-0.00026003837702043286,-0.0025245025245023145
2688,0.0017502345916173279,0.0007447263969906914,-0.007074797818829304,-0.002485302203612094
2689,0.002894757927876357,0.0011868358834957737,-0.007844784701857899,-0.0049638581227919865
2690,0.0008242063437158276,0.00035005238054405807,-0.003151120740168545,-0.0021439708939708924
2691,0.0022997069762217826,0.0009227266530629497,-0.0077526387621817405,-0.004148822505381733
2692,0.0011960226567430121,0.00047354100789959164,-0.0006395058696073153,-0.0022298148767950776
2693,0.0014986042317424175,0.0006885448594352028,-0.003719920373990604,-0.0016442948921512324
2694,0.0011619815717109905,0.0004350076781529377,-0.0015556375398412259,-0.0025438034809942556
2695,0.001196761576004235,0.0005231571575375071,-0.0029807625010040972,-0.0012480613951033614
2696,0.0021419243338315352,0.0009040620306106362,-0.004968807671059672,-0.003381430567742316
2697,0.0014695034065792534,0.000595425162925628,-0.0023554819263096327,-0.0019393698594892816
2698,0.0012970111630319359,0.0005198817734271832,-0.0021430127799185184,-0.001157447654057453
2699,0.0008329287476858127,0.00038271613392926174,-0.0016062281061736683,-0.002453608758744452
2700,0.002680325488260693,0.0011410355436606012,-0.01000747462721302,-0.00457110954088269
2701,0.0017617138078301897,0.0008074388349308681,-0.0038880288196294632,-0.0019507367170176204
2702,0.00250860109299067,0.0011067123921204292,-0.006606621904957755,-0.003209679123989728
2703,0.0016435703429797943,0.0007057795728219185,-0.005818862990885021,-0.002709188469600443
2704,0.0025160025771752137,0.0010482137592636442,-0.0038531761328673975,-0.0038413202546596636
2705,0.0015227370301341692,0.0006738254615471229,-0.0052748006937038405,-0.0021824702448798305
2706,0.002691151774704692,0.0010770547662102559,-0.008015937541352991,-0.0037803448304132292
2707,0.0009456359498850597,0.0003951628121651729,-0.001999858434380386,-0.001896175975198644
2708,0.0017509665471767133,0.0006458935662411736,-0.001588107692323426,-0.0033023338467005336
2709,0.0013664752530934132,0.0005847065731014456,-0.004233789817081279,-0.0029121801554060633
2710,0.0013503035425751486,0.0004986890482745476,-0.0013297501995889749,-0.002027077381691722
2711,0.002391564062009799,0.0010190808678006702,-0.006789804658107634,-0.003138316391328333
2712,0.0017791538467624157,0.0007022541027641716,-0.002880696703629504,-0.003471733520994613
2713,0.001052949028028105,0.0003816008133146753,-0.001718949216498733,-0.001245128282362007
2714,0.001649531945083993,0.0005694743628499588,-0.0031332020843449215,-0.003135669207159353
2715,0.00244237817213111,0.000979994358036862,-0.0068563147766450006,-0.0037096508294787167
2716,0.0025088122577819894,0.0010095262890174317,-0.004646236655443559,-0.004444311370461529
2717,0.0013732692683727232,0.00045167250854649676,-0.0023268115352630403,-0.0031570204068971375
2718,0.0005096344651634999,0.0002448741753365291,-0.0012860891500869887,-0.000564819482362422
2719,0.0028932672783185676,0.00124049082969252,-0.009303970212981016,-0.005273335746894037
2720,0.0020438115375257526,0.0008497301946419344,-0.005253104761548166,-0.0036093740830862586
2721,0.0026108983090823434,0.001210362189689812,-0.008104659070030662,-0.003110886010073699
2722,0.0015410712222864165,0.0007061326874540086,-0.006076570630298539,-0.0018528562491717526
2723,0.0025052162414986867,0.0010786688125935806,-0.009644482673556498,-0.004588452756333683
2724,0.0023683325031913505,0.000979463948583753,-0.004473943356284871,-0.0032103011197087694
2725,0.0014795242145381193,0.0006274795914527898,-0.0019962470132581234,-0.0027083734359960587
2726,0.0011816849577528377,0.0004383312679233087,-0.004206598742209411,-0.0029842510894969587
2727,0.0030016401420374095,0.0013434845340012658,-0.011289409546691942,-0.005016882971402903
2728,0.0011661010810662953,0.0004723300505232453,-0.0010981341357078622,-0.0020334020655367047
2729,0.0019350633401086226,0.0007290305345475923,-0.002747252404448952,-0.004071572381944555
2730,0.0010623917998469623,0.0004349147013537613,-0.004631055305811815,-0.0020733953951008743
2731,0.0014668244542219155,0.0006038313105771742,-0.005112144181272926,-0.0022364787989788137
2732,0.0025712300148679756,0.0011156259808723368,-0.007485185755555512,-0.003999515813176924
2733,0.0033442465772651198,0.0012936984479328673,-0.0069206568535625235,-0.0056283862229100645
2734,0.0029161681129075134,0.0012211394553168775,-0.005046280949926929,-0.005551963214426969
2735,0.0008288563252801806,0.0003585256613419241,-0.0007954653485294783,-0.0018165738884782234
2736,0.003147674348269236,0.0014165917365180913,-0.010757785210669779,-0.004182508294963139
2737,0.001996495655769981,0.0007814172021310684,-0.0029542123731562953,-0.003363718896485235
2738,0.0007172409236951838,0.00037790904719922636,-0.004068559335345112,-0.001301054530749468
2739,0.0011896659696470913,0.0004500415550119097,-0.002107636270640423,-0.002425008031633369
2740,0.001837279648654655,0.0007481058240335348,-0.0028554748850204703,-0.001954188394866385
2741,0.0012747109072560048,0.000556900637649349,-0.0029385331041159035,-0.002521120098877061
2742,0.0028884277605077946,0.0012611413201379096,-0.011679569568927017,-0.003290092465934924
2743,0.001614563406810654,0.0007294709822779077,-0.004003463799473639,-0.002669320940145714
2744,0.0019277441550352714,0.0008355719121787841,-0.008067571211544278,-0.003557040804926248
2745,0.002687106428549746,0.0011205353080464553,-0.006178142498901695,-0.0047964536858388085
2746,0.0008924767111489484,0.0002870154680374992,-0.00035854770984594664,-0.002162623555896359
2747,0.0023931276759388553,0.0010369958203990393,-0.002838643950190789,-0.0045965679670998405
2748,0.0035716110435509707,0.0014144195739952958,-0.00556132421351907,-0.007270368434550312
2749,0.001473513805645088,0.0006779610018041726,-0.002743871538210374,-0.0027949837302903013
2750,0.0016059867890921842,0.0007291028001981115,-0.0031125602603637725,-0.002307400391360126
2751,0.0015989634748699855,0.0006749876510865616,-0.004566344111170018,-0.0022339329608210834
2752,0.003202021159374402,0.0013686470735992662,-0.007991514612017359,-0.004934499717108465
2753,0.0018745032827985342,0.0007989279597461763,-0.0013280375544139078,-0.003407270129920148
2754,0.003018815108610906,0.0012202349842490023,-0.004700487784651541,-0.004445360339142668
2755,0.0009013769739196764,0.00028688721987332744,-0.00012685157514064072,-0.0023251451279518998
2756,0.0016682427936914879,0.0006656227116728919,-0.0034513848449814755,-0.002910921841946079
2757,0.0012892606109304316,0.00048263658869024395,-0.0014514458915385609,-0.0026891779916985437
2758,0.0014871603833173097,0.0005794755871952884,-0.002776298696953894,-0.0036868519611749084
2759,0.0009989271493850982,0.0003650646461053064,-0.0008261127866897588,-0.002233482503979367
2760,0.0017058764822613925,0.0006243791624623851,-0.003297595142288834,-0.003223856704304473
2761,0.002113990552450873,0.0008248051030322057,-0.005177793765483774,-0.004088527481648563
2762,0.0024895989505065996,0.0010784408268294243,-0.005700056040263968,-0.00349373563305877
2763,0.0016777718149065812,0.000727234347871919,-0.007754147529998423,-0.002735009151164758
2764,0.0018100156247849997,0.0008183768370431665,-0.0026981230823084346,-0.001984592002682084
2765,0.002505675838160304,0.0010155284406983545,-0.008772409194961805,-0.0036191967180337903
2766,0.001294909089623375,0.0005899086702556844,-0.0017499328431083705,-0.00190724294989153
2767,0.0011709512041669923,0.00042291542351152733,-0.00044071347224960977,-0.002726124818238973
2768,0.0015741293909650178,0.0006710308989798797,-0.0067620460579714825,-0.0024825986078885753
2769,0.0018148617516366983,0.0007363836735573004,-0.0037848556311906867,-0.0021615657333043936
2770,0.0004492307298913367,0.0001316900167773194,0.0013454154558783515,-0.0017117576246018507
2771,0.0022235979471267875,0.0009478955520006993,-0.00877254735653632,-0.003077134786148683
2772,0.002080223904681433,0.0009700082312095459,-0.0056188441917949805,-0.0022611854015595068
2773,0.0008461931301361192,0.0002506765371644848,-0.00024987276219545773,-0.0015232588762000843
2774,0.0004923397224695925,0.00010279574820551418,-0.00012455857578125284,-0.0009139388178001084
2775,0.0016534010974736946,0.00059028706266126,-0.002333242630570165,-0.0029286257882148448
2776,0.0019125901282543989,0.0008658449205138641,-0.0038607332662281,-0.002761068313513415
2777,0.0012639369794215094,0.0004997956225647193,-0.0012994773053532915,-0.0016234238815066027
2778,0.0016258317459024174,0.0007093431176535825,-0.0047483594686772435,-0.0025935141061865785
2779,0.0030243699133151725,0.0014830760661213305,-0.013891990626793416,-0.0025301028616000476
2780,0.0026510012883124157,0.0011290331192380099,-0.01017204439494912,-0.0038789505701269933
2781,0.0012943700883105702,0.0005192955601575899,-0.004771740320544615,-0.003322539422587867
2782,0.0011870323554814544,0.0005948351211012282,-0.0055428954667886,-0.0018583752811224263
2783,0.0016592869697961699,0.0007223587651195296,-0.003817975086099712,-0.0021132600379851763
2784,0.0019316620746106516,0.0007842799147221302,-0.002665255784775944,-0.0029538037094976044
2785,0.002088922487010092,0.000840572092557168,-0.005268771873441436,-0.003608500706344997
2786,0.001078744258185993,0.0004147502805203762,-0.0025830588368701557,-0.0025232776949584146
2787,0.0027442751891266215,0.0010856231885778833,-0.003889490523580341,-0.0035216539183928752
2788,0.0013664516958166173,0.0006361343890981808,-0.004310076590429368,-0.0023373833767852403
2789,0.001965615190885339,0.0008386852470085304,-0.003838672548989841,-0.003340808101459647
2790,0.0011717537848032755,0.0006015305704637486,-0.0038300466830987756,-0.001544396464771891
2791,0.0012310895310062575,0.00043520750173131617,-0.000875190188947994,-0.002971739575431398
2792,0.002203168641672859,0.0008474653726707471,-0.005599441893635204,-0.004488443067743431
2793,0.0021475378299661285,0.0008736346873556289,-0.006340165274028642,-0.004041394284900024
2794,0.0015201201938980224,0.0007519723424925517,-0.006718953538505101,-0.0022084053643459667
2795,0.0018231174579920184,0.0008061829536087362,-0.007084281075904808,-0.003410129375555959
2796,0.001353995120225715,0.0005665768551078032,-0.004980736763976701,-0.0018219556338473497
2797,0.0020010587509152744,0.0008464319682203736,-0.001343522592009594,-0.002184508751934322
2798,0.0031496493329135067,0.0013662898676213009,-0.010455718566874272,-0.0049626528454518315
2799,0.001587052993899829,0.0006816808103185523,-0.002756602504608019,-0.0018652595214760925
2800,0.0015815310911593827,0.0005569030545278797,0.0024359608536965727,-0.0033333333333334103
2801,0.0012598852410458106,0.0004292777820095739,-0.004188315449424995,-0.0021797673714282206
2802,0.0006780222868585373,0.0002726026525105285,0.000685156630228112,-0.002225205769261107
2803,0.002889645689716336,0.0010534392036885554,-0.004122540666866181,-0.005694403606782306
2804,0.001982129767240326,0.000672855655350274,-0.004991223244920739,-0.0034730532779878587
2805,0.0023118307773729585,0.0010678704753763757,-0.008095977140048505,-0.002386422325515114
2806,0.0018678819796938972,0.000781838697555659,-0.0052356145063225945,-0.002338730842517789
2807,0.0032343046675732956,0.0013372925214097386,-0.0059089694160530115,-0.004981370338995261
2808,0.0022454793703901577,0.0009755895183845842,-0.006593947649102205,-0.0035286189892460573
2809,0.001203629414531282,0.0004814278071867406,-0.000662001379295285,-0.0021639071123605857
2810,0.0023162091259701922,0.0010342446798043692,-0.008860865595464729,-0.0037252089694951307
2811,0.0016400533118072769,0.0006805383125623177,-0.004733674117230802,-0.002764367227678255
2812,0.0018967173651777136,0.0008218040068907195,-0.006220731277304492,-0.0036097729853877825
2813,0.0020493431494925662,0.0008804324067042679,-0.005191641176884643,-0.0028642503631413074
2814,0.0015909113793308727,0.0006822342752350885,-0.0028026890760070033,-0.0017267725765364172
2815,0.0010795281083217922,0.00043031943737081857,-0.002911915426798528,-0.001623357337184883
2816,0.0013656955317379316,0.0005472221125211174,-0.00325054184002066,-0.0017335941808722666
2817,0.0026723551249669963,0.0010703402368593684,-0.005925997064106847,-0.004465852180292829
2818,0.0009474357366460184,0.0003173990060505727,0.00037898900523231083,-0.002112457284871083
2819,0.0031685306411863845,0.0013350797068106546,-0.006245590257678013,-0.005279891537852022
2820,0.002131959407271955,0.0008931779341161961,-0.00483883871808527,-0.004767294961847468
2821,0.0019057711408893008,0.0008095171524604428,-0.0037107507030195164,-0.002598443564752473
2822,0.0024311357518695953,0.0010115154976917118,-0.005498209015914024,-0.00409131888434755
2823,0.0015580183859713603,0.0007026801927076665,-0.0036622481065082257,-0.002346471961604979
2824,0.002060922150554534,0.0007933351989726778,-0.004570015025165575,-0.0036387153455680332
2825,0.0013832911867451836,0.000539770545825019,-0.0016138814227381615,-0.0028401400948148137
2826,0.001340812634920474,0.0005064933839819541,5.322461313922444e-05,-0.0017162252927578336
2827,0.0026164298945955955,0.0010436108521938159,-0.007301938721964163,-0.004135798512948097
2828,0.001542961790158226,0.0006295508714038722,-0.0031317558400024703,-0.003034536865907489
2829,0.0030513182306605158,0.001245224695727326,-0.0066774245869373194,-0.004301749449473924
2830,0.002838774659741583,0.0011602532642638885,-0.006198154266689404,-0.003601917604532434
2831,0.0017754618624272744,0.0007302851440158242,-0.001662636711498966,-0.0027895061435552204
2832,0.001960106698141062,0.0008257208429806595,-0.005420012896463766,-0.0037195198286292808
2833,0.0019197867197346397,0.0008888422523080641,-0.004734592302244489,-0.0021089052549186915
2834,0.0016976874832456135,0.0007820704256281674,-0.006081469418464491,-0.001869042037818347
2835,0.0014109643543859796,0.0007262352784954407,-0.006626081813186024,-0.0014277786817872284
2836,0.00183337264012573,0.0007275290957007574,-0.0024300670998008145,-0.002983357188964808
2837,0.0030937825517890483,0.0014394080758842742,-0.009245680190003824,-0.0035314853388880296
2838,0.001165110398235858,0.0004232385810143957,-0.000888336006082735,-0.00356449127909908
2839,0.002067088380038884,0.00078958911988386,-0.002799282721700602,-0.003611411767108552
2840,0.002387575290577204,0.0009349911460343752,-0.009099442610866093,-0.0043443897179287205
2841,0.0035319503640183214,0.0015013763066661634,-0.009444300384913562,-0.0055888692444771015
2842,0.0016757779850071763,0.0007009277557343818,-0.005122015268054059,-0.002272293280243032
2843,0.0022463714045753425,0.0009799258085421425,-0.005014275735034934,-0.0031091579120364754
2844,0.0007813933773412884,0.0003596016946209313,-0.002654380431341641,-0.0017187845646779998
2845,0.0007184952483569873,0.0001764508553718791,0.0010475287892921514,-0.0016411653952390637
2846,0.002578157290955785,0.001079660088522949,-0.004938776888039842,-0.004404964956503776
2847,0.0026397613282693744,0.0011604886108424473,-0.010433178197501725,-0.0038152024740387702
2848,0.0020824839097839387,0.0008482248612374788,-0.007835618246604725,-0.0035999598968198265
2849,0.002409904267723917,0.0010452728627031171,-0.006758185844316089,-0.003410032708477062
2850,0.0016247954843496837,0.0007243365833047855,-0.0031890642383582413,-0.002817417246713916
2851,0.002397996731742902,0.0010332724470880073,-0.003035578060060662,-0.0036534802330241423
2852,0.002123280391619242,0.0007589953091584611,-0.0025526716417272888,-0.00457354684575717
2853,0.0016909934497459922,0.0006324093913420703,-0.0022029933698018422,-0.003933294828960099
2854,0.0022202778452995453,0.0009693629293293371,-0.006683770382287513,-0.0035368772970044704
2855,0.0020439199114758444,0.0009148788988044276,-0.00542241038857233,-0.002834679673664575
2856,0.0014945272356831074,0.0007157301497020263,-0.006361900777795471,-0.0026173725359825983
2857,0.0019801496793362405,0.0008618768482483996,-0.0031065679805789004,-0.002217915720720165
2858,0.0017394758274962285,0.0008031530979014101,-0.006419480139872424,-0.002593771893962371
2859,0.0015912868661125401,0.0007485371948544317,-0.006483848114176682,-0.0023566324344497236
2860,0.002964227320061963,0.0013791612994790148,-0.01018240663532799,-0.003615813451879002
2861,0.0028837302690077338,0.0012275813972349725,-0.007728659124413673,-0.0046832449296926315
2862,0.0016113167850254628,0.0006293422694675366,-2.228845267099322e-05,-0.0034599083124295937
2863,0.003290812268799348,0.0014617472397315534,-0.009821828394349086,-0.00551245679663237
2864,0.0016460003314369143,0.0007089711614213512,-0.004399590588693547,-0.0031799470008833097
2865,0.0009334277002034375,0.0003989047076525254,0.001483349949117585,-0.0015155278669155559
2866,0.0017089559177707603,0.0006702134517771186,-0.005045383736806908,-0.003994825395841839
2867,0.0007092581455317992,0.000352691241383124,-0.0061290664325190924,-0.00042267684283425755
2868,0.0032000687554476492,0.00133547273871773,-0.008723462023444428,-0.005182559220276883
2869,0.0023178284996024923,0.0010993856096018217,-0.00759725998507671,-0.0027717508430679105
2870,0.001820152720859447,0.0008139003293012315,-0.008257751248643197,-0.0031475082070103744
2871,0.0024796219532177144,0.001041783034468391,-0.008190690179115945,-0.004070508282599472
2872,0.0020044175832491518,0.0008252107718268176,-0.005554435383206935,-0.0023150128625669675
2873,0.001105538289840724,0.00039920757482739266,-0.0026415460035215665,-0.0021558545581387145
2874,0.0028596956877631197,0.0011984878438351942,-0.011259419595038567,-0.004385671689686954
2875,0.0010093053246073569,0.00039429060987933306,-0.0034799511050991327,-0.0012510105450747044
2876,0.0025529009020064386,0.0009540099190759599,-0.005878634366854207,-0.0059916624363529625
2877,0.002104522544444154,0.001017449725091657,-0.0032129612802377916,-0.0020987593959773676
2878,0.0007272319790564419,0.0002897933162193389,-0.000704194989672724,-0.0017921349038609868
2879,0.0022913725589603917,0.0009520966055678315,-0.006730583159991865,-0.0024453024453023886
2880,0.0015146944661553752,0.0007365434943495397,-0.002521801637551724,-0.0008610619362453553
2881,0.0027063001038090118,0.0011189271445427862,-0.007937232909072278,-0.004031154490781841
2882,0.001934632561996552,0.0008267540960537612,-0.003584953323042317,-0.002561461946809618
2883,0.002346063253114483,0.0010200923990121846,-0.004411109375028199,-0.003936389942210683
2884,0.0011336044775162035,0.00047677945903532026,-0.005319365221245709,-0.001955850691292116
2885,0.002189803825955128,0.0009684437853307026,-0.005375024127685424,-0.002680405752439663
2886,0.0011696262933139634,0.0004892169110684019,-0.003988108128243406,-0.0025040904614653803
2887,0.0004876005946184425,0.00017919032957428027,-0.0015563263448648001,-0.001199130164647344
2888,0.0019523335059241087,0.0008467628742071243,-0.0038860386873398878,-0.0025782603316010233
2889,0.0023072193306610256,0.0009868668564986804,-0.005412113060919654,-0.003383084577114448
2890,0.003485126229742952,0.0014542529723874098,-0.009471242214807496,-0.005925855529732904
2891,0.002797829685427855,0.0011541502868257503,-0.005930838314013531,-0.0047149006327043
2892,0.0006985345880055616,0.00032639579925136664,0.003239371157950366,-0.002218506639255269
2893,0.002969943287883803,0.0013219687892785104,-0.009738746140436405,-0.0050410432124634585
2894,0.0020290151275139667,0.0007935958381928565,-0.007784087004616191,-0.0030257445117105597
2895,0.0022974634130614735,0.0008984262560685907,-0.008299156466732016,-0.0037764423620283427
2896,0.0029285182458481662,0.0012748188737084498,-0.007789913451753061,-0.003754922024869378
2897,0.001889952719769994,0.0008502139627670768,-0.00620107483740473,-0.0032054602464224313
2898,0.0018967768735927981,0.0008227773128224314,-0.0025653795525247824,-0.0025446009032419337
2899,0.0025904119524199354,0.0010142711162641482,-0.006078253534837652,-0.004895738893925694
2900,0.002477875029757437,0.0010711759802430054,-0.005549445645695039,-0.0035103014729500615
2901,0.0019850938504493154,0.0008524495646230479,-0.0029685861540849623,-0.0029647584030016993
2902,0.004052801969307185,0.0017500552948522818,-0.00890178790334567,-0.005117723710751365
2903,0.0026052172365686466,0.0010830919592677846,-0.007619650547162349,-0.004553703520288277
2904,0.0016592529550085722,0.0006786288384090788,-0.00468159136091445,-0.0021610854286465697
2905,0.0010653637146421646,0.0003307048835400339,0.0020837944151772536,-0.003113969794992788
2906,0.001466751461526028,0.0006297000501892247,-0.002518829960956148,-0.001936970137190186
2907,0.0009757533534208718,0.00045130872200360717,-0.0026480167268747024,-0.0013095713632981232
2908,0.002183949244904393,0.0008558757131046646,-0.004082791389955487,-0.004108729728280025
2909,0.0012620801916153335,0.0005397516854857565,-0.0014606207152251804,-0.0022149659954748824
2910,0.0017138927864968068,0.0006612082827315569,-0.00411436835349116,-0.0029716385789597677
2911,0.001841142520108141,0.0007600699869632632,-0.0035923794121948682,-0.0025679226372673503
2912,0.0027471660010846,0.0012147520665047873,-0.007503448455317363,-0.0031794630240226107
2913,0.0019610274084934654,0.0007805688085793239,-0.004294430933497739,-0.003300572282699865
2914,0.0018548852226658585,0.0007125612771304579,-0.004233444075490367,-0.0028016153457849358
2915,0.001578781178411981,0.0005990117663649541,-0.00538401240132258,-0.0026367282715771267
2916,0.0029370019024201888,0.0011552284078687747,-0.009851634696394662,-0.004690204702679113
2917,0.0018607424553895857,0.0008568152427273767,-0.007297595399316015,-0.0022161339516064693
2918,0.001161418629069766,0.0004784458645858136,-0.0013757494542380178,-0.0011610413396128116
2919,0.002963017434535309,0.0012189062666025097,-0.005989024360116668,-0.00435732854435833
2920,0.0011434176965781084,0.0004762244944194194,-0.001108168939209786,-0.0013452348902948108
2921,0.0007512274142075226,0.0002606065579876249,-0.0006346144565147482,-0.0023436964420375794
2922,0.0017090140524118613,0.0008426358772191112,-0.00832893051653777,-0.001323312324722714
2923,0.0007080581473929981,0.0003514270931463115,-0.002388994788987353,-0.001575299306868283
2924,0.0014784168397888875,0.0006932515393300032,-0.004955311670461704,-0.0024788445453738372
2925,0.001432182754372291,0.000547082562925183,-0.002235184462181683,-0.0030423618463485402
2926,0.0015870197022527788,0.0006484205667743326,-0.00410743587666651,-0.002667834673886982
2927,0.0013159800964466783,0.0005888011180092967,-0.007389725566783301,-0.0015386864050661586
2928,0.002694355775718027,0.001047892374261089,-0.008289987275252209,-0.004410588758811951
2929,0.0031088687126270553,0.0012780659958294693,-0.009670002625725649,-0.005263194536302862
2930,0.0027358449698862697,0.0011985784673435307,-0.007647766813812518,-0.003972117491587657
2931,0.0026589618378923263,0.0011166716836903123,-0.005902829307337765,-0.0037261294829994407
2932,0.0020912644017124227,0.000901450994539893,-0.004346028524862489,-0.003186746465434931
2933,0.0016887634359073478,0.0007273261066212955,-0.009069136639376918,-0.001869120095721044
2934,0.0012453860534180627,0.00045622029614689197,-0.0018556969713220406,-0.00312979086045595
2935,0.0025967292095948613,0.0010288269722624754,-0.007055672923237444,-0.004353409057556323
2936,0.0006326080312202276,0.00025655650046121914,-0.002253759973399938,-0.0015943122148732725
2937,0.0017030868075180172,0.0007725314842619846,-0.004993277424968523,-0.0022144211026440264
2938,0.0015562821115752135,0.0005900454089500518,-0.0023998273686912652,-0.003523975212703534
2939,0.0011619513150981087,0.000543860252237266,-0.004683807649677019,-0.0023329355448103994
2940,0.0015419301471998326,0.0006800936770404442,-0.005479331022439526,-0.0009843278928794996
2941,0.0013132153032101024,0.0005400719075568383,-0.005004993252125056,-0.001765486064956967
2942,0.0017807770334727913,0.0008252717321566572,-0.005227204845732469,-0.002910630974175543
2943,0.0012020842058717562,0.0004953479133549266,-0.001214537965961493,-0.002241348395194409
2944,0.002555820699026934,0.001034331180683551,-0.004465267449774379,-0.004511253204369292
2945,0.0013961529775147197,0.0007365322848563449,-0.003900675377564833,-0.0022734062106013475
2946,0.0032883897219001534,0.001334093258424568,-0.010707553606979892,-0.005888899193174479
2947,0.001471384734950898,0.0006068404096234437,-0.0015142303365466292,-0.002823429618746154
2948,0.0017428131858654439,0.0007095944342698224,-0.004034665000290039,-0.0034991155647436933
2949,0.0016021238462592402,0.0006641318595013435,-0.0013196425427496328,-0.0029044920700245225
2950,0.0016342049229326472,0.0007599057374783613,-0.008794114562411581,-0.0028885555301861876
2951,0.001887960138389766,0.0006935516262472075,-0.0021777230106279077,-0.002932081523203789
2952,0.001869950370126272,0.0008267788323730596,-0.0036667895042679644,-0.0023643786530385125
2953,0.0016515238456374925,0.0007256348296456328,-0.003808497075280304,-0.003433550943474195
2954,0.0010520709786094873,0.00046943387019829363,-0.0020292928397089294,-0.0013407487501918558
2955,0.0023140625401821824,0.0009317243560698907,-0.005767184924361735,-0.003979108172568857
2956,0.002535229526647198,0.001070776971740045,-0.003944095118801227,-0.004167485302341123
2957,0.0019431850543090157,0.0007117495243166572,-0.0027794213270880275,-0.003906715122568127
2958,0.0006736693230214863,0.0002857592871467196,-0.0016263680722302665,-0.0015968497748943822
2959,0.0015498196322148439,0.0005948090167568754,-0.0016086291916613815,-0.002802533348203573
2960,0.0007400601633904547,0.00045250283548162185,-0.0017567095570475422,-0.0009617959353191985
2961,0.0014383097373912301,0.0006076989335173089,-0.003503824555040891,-0.0029963976825645444
2962,0.000750561714205733,0.0003910137067190955,-0.0029166628767027802,-0.0014722216578282321
2963,0.0019894210853644845,0.000811055796158533,-0.005692853086346095,-0.0036556979108754994
2964,0.0014324585048960392,0.0005888743907246918,-0.0019055088035238588,-0.003004244294066538
2965,0.001611835089981306,0.0008115059263459901,-0.005481886732668584,-0.0015536847489773242
2966,0.000555282602135998,0.00015487394951305133,0.0021448725225509113,-0.001837148575746017
2967,0.0016472450751048306,0.000804872523072514,-0.006218225033870761,-0.0018874990637404165
2968,0.002354302471144931,0.0009354894916193957,-0.004120696797680956,-0.0046550608588412645
2969,0.0027178496493434068,0.001163597563514307,-0.008506839224333373,-0.003701614749658244
2970,0.0015736696956500928,0.0006213250202750098,-0.003687228654576935,-0.0029693287438106175
2971,0.00039186490044351707,0.0001667114901093003,-0.0011960123825884295,-0.0015504004235884494
2972,0.0010073530937039221,0.0004937825352709369,-0.0031500790178381477,-0.0013602615026814258
2973,0.0023010342534344197,0.000968758434996192,-0.004411076925797286,-0.003328294713658031
2974,0.002081208174229743,0.0008907408443102893,-0.0038740358763231786,-0.002535227743085011
2975,0.001556560490335257,0.0007833267025320056,-0.008154096744931838,-0.00220099585542588
2976,0.002409323290560428,0.0009938957273793736,-0.007504037203992897,-0.004175880313811442
2977,0.0014481266299460338,0.0005882588717298631,-0.00211411889516655,-0.0020434058526526133
2978,0.00246942991574417,0.001040903906867785,-0.006711667973275159,-0.004313112049199708
2979,0.00239554611270848,0.000976305528719329,-0.0025527702383107975,-0.003518917892481044
2980,0.0019339545967371197,0.0007094946399083257,-0.005490858251197106,-0.004758518546060908
2981,0.0018735096181548005,0.000784978263982633,-0.0052800298905949505,-0.0021405752391016053
2982,0.0013520735077278134,0.0005467590784203058,-0.0010107393278596666,-0.0021948245495190255
2983,0.0021035613663051844,0.0007913770295084332,-0.006058979716118795,-0.003956576213176799
2984,0.002431083741292417,0.001112960357703363,-0.007987874670932704,-0.0033610151049667802
2985,0.001956450310580893,0.0007054361738901282,-0.001984662517494351,-0.003663257527004138
2986,0.0023699878775139682,0.0010279110654557166,-0.0017944282827360714,-0.002415127371111936
2987,0.0014032213170535046,0.0006229373670067762,-0.0017388568431527807,-0.002443109002997046
2988,0.0015112206062489753,0.0007717129651604038,-0.006344475589052934,-0.003229707884456534
2989,0.0024993135764074803,0.0010426583128175515,-0.009087144085801746,-0.0038486160224362465
2990,0.002272792691628167,0.0009299799272912412,-0.004943103146236472,-0.004327949346294546
2991,0.0023274063235912967,0.0009420644849960358,-0.004641420843447319,-0.003997791871843237
2992,0.0017149969180019209,0.0007781927963184387,-0.0037852103540821913,-0.002798036787303393
2993,0.0006267984811684224,0.00029947773440852643,0.0009141014567710104,-0.001283993825447971
2994,0.0016263708188219428,0.0007109529555588412,-0.005681581746560083,-0.0027085628808918294
2995,0.0026157710225878095,0.0011080603356159735,-0.006905162804505316,-0.0033265259183450357
2996,0.0014864600982905651,0.0005958490299477759,-0.0014849145805849728,-0.002228460021546419
2997,0.0017353955888111394,0.0006454716388697157,-0.0013957009377718599,-0.003167461231236568
2998,0.002423295967199257,0.0009651437093906867,-0.003676428811760446,-0.003980635994238035
2999,0.0027554010754426983,0.0012166493694997782,-0.00811657643110636,-0.0037612534753923565
3000,0.001381583163570732,0.0005463102898689565,-0.0009513798599883327,-0.002401509728260476
3001,0.001002497467986585,0.0003794416411848356,-0.0019796077493618447,-0.0020321953666260217
3002,0.0009198901055951225,0.00035003384727774756,-0.002421167308297001,-0.001723910296308917
3003,0.0022525274563039988,0.0008407381921370083,-0.00383407325399282,-0.00514525340028138
3004,0.0019736940236626532,0.0008701956845763303,-0.005369684554011489,-0.0031848827069907992
3005,0.0010418281400146334,0.0003963257907984852,-0.002566312957764161,-0.0025832238908239935
3006,0.001927516472059576,0.0007772476610602153,-0.004508500372556401,-0.0024220212128206464
3007,0.0033224200110673063,0.00136900060444195,-0.006654126390169934,-0.0056470061408046
3008,0.002388464674773383,0.0009514216284049193,-0.006688715276744861,-0.0033122319405166634
3009,0.0032771287313630992,0.0012771453614073836,-0.00969734368497055,-0.006267316220895158
3010,0.0022013229510210452,0.0008384940903239935,-0.006824511692716306,-0.004347212641876319
3011,0.0013440590114126572,0.0005527606527775952,-0.0025860394322515523,-0.0022064617809299802
3012,0.0023910297488238808,0.0010537395354817403,-0.005632882015915219,-0.0034575132771009764
3013,0.0013385858005142692,0.0005431737281925697,-0.0016132624961827657,-0.0017878207984900474
3014,0.0010382874993490887,0.0004371132503169506,0.00029388722224338304,-0.0017450087124473157
3015,0.0010994831523352122,0.0004777535189120219,-0.0014322300504375218,-0.0018099805716863537
3016,0.002125756272040702,0.0009380394093108091,-0.011605733432367149,-0.0035016861168825075
3017,0.0031484860651430635,0.00138730399397477,-0.012530340972074061,-0.004083389281963945
3018,0.0019278607386367108,0.0006778577705131017,-0.0016233896615135968,-0.003194935916704944
3019,0.0027648104470504586,0.001350521065903304,-0.006369526994022656,-0.001989878066048667
3020,0.0009800567389374737,0.00045023370306868093,-0.0013957691057652766,-0.0020132712534656205
3021,0.0021981005532373254,0.000983085432185976,-0.012709839335332873,-0.0033715596330275988
3022,0.001767548152841747,0.0007241805060896611,-0.007428625392666033,-0.0028223682798494965
3023,0.003790878724201141,0.0015727803114367334,-0.009451253251964886,-0.005574802860167094
3024,0.001879627946408613,0.0007259076497648231,-0.004047182131903637,-0.004343427237124664
3025,0.0018459412723009772,0.0007974963150465253,-0.0032999371757033713,-0.0030013877065352412
3026,0.0013830650795189081,0.0004788054628084293,-0.0009270881905149575,-0.0029354171623079406
3027,0.002531433082818779,0.0010484653972027136,-0.006590894074515352,-0.003271367698818417
3028,0.0024867223646337644,0.0009835411570448815,-0.0019149412039344837,-0.0034706993249832285
3029,0.0031415737987953163,0.0013672192469591227,-0.008954968453124434,-0.004279329131668952
3030,0.0026108944286220015,0.0010924363545122828,-0.007184987745692539,-0.0028174330114130175
3031,0.0015619896285122836,0.0006253709295102883,-0.002028517482782044,-0.0027300212453015282
3032,0.0007845151051220078,0.000352894982018237,-0.001299853977637766,-0.0013133573304795476
3033,0.0016446396458688062,0.0005319988517643315,-0.0026932763303946228,-0.00391379289003313
3034,0.0014560164197378045,0.0004953064241270677,-0.003802328246974629,-0.0032501623898744114
3035,0.0032521904559530412,0.0014209373501913314,-0.011755762597215003,-0.004423625801685649
3036,0.0009045742563444925,0.00045356983366129366,-0.0028276584201064603,-0.0012219711454892757
3037,0.0023018877722174036,0.0008407962912422851,-0.006126298104198291,-0.004137488144858592
3038,0.0029870513771197427,0.001280792779254858,-0.00864401793403835,-0.004696026807084697
3039,0.0011173346892426883,0.0004141544084561022,0.0003843866536743512,-0.0025370214975219962
3040,0.0025708017521768878,0.0009576812275659263,-0.00760308517218794,-0.004194987042650422
3041,0.001704814402919641,0.0007563695145975102,-0.004690386982207362,-0.0021976941653282234
3042,0.002278959735558528,0.0009729073236943719,-0.007798692512075878,-0.0040118873060777105
3043,0.0017359399173559331,0.000639228356585364,-0.003538251954111782,-0.003607544066244195
3044,0.0017997809200371861,0.0007431122041358096,-0.004149559175824269,-0.0030011157675218225
3045,0.002311239010562516,0.0009274939024240536,-0.005016327430587275,-0.003923027327282669
3046,0.00162774847073055,0.0007618495689982463,-0.006739728004194423,-0.001991695893088341
3047,0.001269471654916865,0.0005533142588192985,-0.0030356297567508683,-0.002026733862892982
3048,0.0020229348176237227,0.0007934285584181855,-0.002012409734660825,-0.0034469228724637313
3049,0.0018215135545310845,0.0007312388786143154,-0.00213034740761997,-0.0036873446205547555
3050,0.0017083246156199827,0.0007858752466638474,-0.002799354248821717,-0.0025072211403391886
3051,0.0016556929866798908,0.0008162680640222408,-0.006177265680708255,-0.002367639782285935
3052,0.0014048394148201693,0.0005605365796799155,-0.00402786871599925,-0.003477880259667665
3053,0.0018130832140690334,0.0006088539584057917,-0.0014832334793990487,-0.0039837762641442565
3054,0.0034063121682593733,0.0015001668046367989,-0.011556594573235046,-0.00506109204726557
3055,0.0022638104018257166,0.0010215510599049793,-0.010563961377272946,-0.002401300396522421
3056,0.001878922888416401,0.000911094759001696,-0.004101861182265076,-0.0017136697408304258
3057,0.002694768740128861,0.0010837496605660135,-0.004374817748731108,-0.004430848582951508
3058,0.0030310410907453678,0.001337543319183232,-0.008648957643239696,-0.00468573275165618
3059,0.0010215736503317863,0.00039973272700616347,-0.0003286875707713133,-0.0025280401215639348
3060,0.001122253966113651,0.00039260574977814655,-0.005224287959701923,-0.0024055146104253744
3061,0.003205685436081074,0.0013932167079245272,-0.00950672518134088,-0.0055849419412062895
3062,0.002130809021609892,0.0008165166182471373,-0.005025628955284467,-0.0036416652291322293
3063,0.0021311285039649075,0.000914334791393856,-0.0015350209237560697,-0.0023248255787748917
3064,0.002047814232682077,0.0008618531221327719,-0.006492513814816914,-0.0033036830111004
3065,0.0015587634893286517,0.0007316961987846593,-0.0037394675863067772,-0.0018053254567776955
3066,0.0019976737950314627,0.000881703041169607,-0.009326751607708794,-0.0031110004977601413
3067,0.0008601500550865504,0.0003336687317999909,0.0003567215099942178,-0.0013570813283430017
3068,0.0022984284914683295,0.0009540593462751545,-0.003949133675248739,-0.0032431775663084306
3069,0.0020112112214998312,0.0007839674095929672,-0.00382161077452442,-0.0039216593121385035
3070,0.0027290470855920734,0.0010176075723414557,-0.0046029034198440955,-0.005140264713227483
3071,0.002783623083549014,0.0011294527360855844,-0.005875957843049284,-0.003980361032660529
3072,0.001570859455369833,0.0007727674840572463,-0.008131213749113686,-0.001987867317161607
3073,0.0014232727852848681,0.0005278342786178281,-0.0015120250254504475,-0.0017544816336594327
3074,0.0024382793918489853,0.0010459260574022522,-0.006678192635968472,-0.0037608415941043916
3075,0.001470191379243202,0.0006382872807199347,-0.0032206344508665663,-0.0022823708481293226
3076,0.002121310815426769,0.0008126459928699259,-0.009913381319954007,-0.003914063702108117
3077,0.0024528864169958142,0.0009792809131465574,-0.005633833216674766,-0.0041423026861657775
3078,0.002050375691065587,0.0008917975789616284,-0.0058644845344529295,-0.00270030587751402
3079,0.002518127272172932,0.0012035232849811062,-0.008725109400267606,-0.0025959468582419376
3080,0.0009095006893827806,0.00045354824954960127,-0.004363563213448274,-0.0020128294174469596
3081,0.0015456229839178048,0.0006203155908305336,-0.0053856246697226995,-0.003521970049166656
3082,0.0011585277680281614,0.0004688512152201396,-0.0005476443276582477,-0.0023898898898899734
3083,0.002971738895138465,0.0012616020300934838,-0.006992529466554265,-0.004904336136555387
3084,0.003391206430611249,0.001410908306812092,-0.010715653176932294,-0.004964490498500895
3085,0.0017421970485642646,0.0007325851313709775,-0.004307641982101429,-0.00279757011053261
3086,0.00155227331931862,0.0006749959890899881,-0.0013372984228607887,-0.003098774026375928
3087,0.0013670375453164185,0.0005871414269160713,-0.007509417629268933,-0.001758251281607004
3088,0.0028810881199355376,0.00124285156825929,-0.01001595679517997,-0.0041844066586333994
3089,0.0021308476496078033,0.0009247124757622571,-0.007683881127581116,-0.003621147371147382
3090,0.0016801912056358947,0.0007423435307209181,-0.00291678109063781,-0.0033468848673157137
3091,0.0018201702914619755,0.0007830551610563674,-0.007163750745431907,-0.002716393742152934
3092,0.002525996535859387,0.0010781323560646594,-0.005997062745352222,-0.0020646797373211623
3093,0.0011739276655464703,0.0006130478051868671,-0.003905485357116767,-0.0020291352888515135
3094,0.002261697274841601,0.0008023534942405153,-0.005791910098382869,-0.004629966576903843
3095,0.0003340192120923069,9.158286673754956e-05,0.00223397798731112,-0.0019149069752840697
3096,0.00135240140871834,0.0007321079561476151,-0.0068104663303244495,-0.0015264070281899578
3097,0.0024141339868731793,0.0009244265739628554,-0.0051068902668146565,-0.0044863097159192344
3098,0.001136600085795969,0.00047138390903417315,-0.0021491257624131066,-0.002465956128556046
3099,0.0024952641655476837,0.0010174065352826223,-0.003998687574716386,-0.003758996922607394
3100,0.0011393655395453006,0.0005002561472661204,-0.0033712283661402886,-0.0024100426869333447
3101,0.0024020467138779478,0.0009575981975962766,-0.00750349134052869,-0.0051024949769832295
3102,0.0016364752476305533,0.0007177741037844854,-0.004651791498458291,-0.0020255135673254987
3103,0.002379734134703937,0.0011732895294017665,-0.011775547946495213,-0.0031098225790464618
3104,0.0015064084266028788,0.0007150521608236815,-0.005309061530386516,-0.0027271374667655612
3105,0.004540047734296893,0.0018899022166637969,-0.01972894952995835,-0.006434406270387494
3106,0.002635924423463276,0.0011421924619438029,-0.007534283902514871,-0.004011568480122407
3107,0.0007989900981644205,0.0003633714025554624,-0.002517679250779614,-0.0013491357802364323
3108,0.002416174901666568,0.0009401852116071585,-0.0012041660873601256,-0.004217785573769506
3109,0.00152939102286892,0.0006226822716486058,-0.004423282248834037,-0.0026701201510106465
3110,0.002591688679276727,0.0010992261726725239,-0.003412688769307115,-0.0031137431154368844
3111,0.001267842941919728,0.0005437433081333654,-0.005012384365441158,-0.0026168560221289106
3112,0.0010716880217022107,0.00047488878280810276,-0.0019207151568920722,-0.001531825846079693
3113,0.0018460962308516349,0.0006425140625027914,-0.0014593122110516665,-0.004349958265282283
3114,0.00242574638953319,0.0009818355562025705,-0.004161141291684933,-0.004235738157391533
3115,0.0020048840314618177,0.0008583311590501796,-0.00600527238463866,-0.003745616769114557
3116,0.001534957405908366,0.0008379111504253911,-0.0069558202202381625,-0.001144960513759563
3117,0.0011765425383458705,0.0006408475779692002,-0.0026905406590330694,-0.0017807401058597128
3118,0.002228136530844582,0.0009114573304417339,-0.0052188859762216655,-0.003958760403740769
3119,0.003960203762642889,0.0015249742569839742,-0.01326935473920915,-0.006535913817900196
3120,0.0017145541374392614,0.0007301505402469155,-0.006204601532521503,-0.0025629051089012256
3121,0.0026394821857176898,0.0011322782633322315,-0.00837289141335662,-0.0035064656011071227
3122,0.001601289150761409,0.0006301045685994655,-0.0025052928326753654,-0.003167888909934913
3123,0.0018312394585358605,0.0006822290939215714,-0.006049487325210212,-0.0037363408002667464
3124,0.001560875675720108,0.0006751566213896443,-0.004514106083561953,-0.0032123499806427924
3125,0.0018470974354133363,0.0007763168856788627,-0.0055271570014075455,-0.0029560839952248452
3126,0.0003173591185225977,0.00017603748332237212,-0.0008771478727909732,-1.7051301398618435e-06
3127,0.001841256490794363,0.000768058762310897,-0.006120070830386903,-0.0034444315560195893
3128,0.0023290220731587707,0.001011148268190043,-0.013042177569484448,-0.00412209795528351
3129,0.0020687515184337757,0.0008399359728160083,-0.0022725775560633044,-0.0038485258724428872
3130,0.0005584488572407675,0.0002782849744083493,-0.001904093755793257,-0.001083575199925968
3131,0.0017931346478454735,0.0006674180654664408,-0.0068201458949543325,-0.003402585299137062
3132,0.001947579606164318,0.0008953519490486894,-0.0049887424043831285,-0.0037747223254470663
3133,0.001682201969511521,0.0005958094888459109,-0.0022754995660044797,-0.003776208910805101
3134,0.0022749644442624506,0.0010244104390704778,-0.011100976907653548,-0.004059880722114828
3135,0.0016925352553464057,0.0007700201304992049,-0.0031674895900296596,-0.002000941619585639
3136,0.0018855438529236102,0.0007297986587357641,-0.0041544774289079545,-0.0033676863218555786
3137,0.0006618963516269449,0.00020454841886957675,-0.0013697750402039688,-0.0013379967001235782
3138,0.002489453226074856,0.0010115473249229512,-0.004108554670917919,-0.0047144835451287115
3139,0.0008068201105161377,0.0002932759431404641,0.0003913466814540745,-0.0031193050589587434
3140,0.001188953559632,0.00047172353846230974,-0.002092099545717485,-0.0026076569426093377
3141,0.002249578879048031,0.0010160895900071243,-0.010836723285494065,-0.0033295028578023134
3142,0.001027478445243979,0.00040118949133921555,-0.000631724651784682,-0.0014990551410020148
3143,0.001974245999246116,0.0008639010452217988,-0.006967197998495489,-0.003229212426687611
3144,0.00219600538335718,0.0009171113833294775,-0.004044575962666108,-0.003972812327835307
3145,0.0021827554678942596,0.0010355832569725887,-0.009551056542472958,-0.0027660047092274986
3146,0.0030631928779958906,0.0012521769620564283,-0.007984675408079678,-0.004724129560271906
3147,0.0034018687874449727,0.0013240068601311217,-0.008213703816538354,-0.006755480564614613
3148,0.003015112774109485,0.0011751577756452802,-0.005261605471004849,-0.00440543663773163
3149,0.001986518152301331,0.0007413051807104165,-0.0029168014899419448,-0.0036141092870793923
3150,0.002554403234751035,0.0010932676445631617,-0.005497048958016559,-0.004362136029353869
3151,0.0005180086600896638,0.00023916792400624498,0.0010406947141962664,0.00033837415427506734
3152,0.0013721108740584742,0.0005708662170575973,-0.002131186060495671,-0.0027304971665125244
3153,0.0014477266679704393,0.0006492790926091452,-0.003053710073823046,-0.0019315233427733558
3154,0.0020556766760967404,0.0008368394048679229,-0.0069750275117961835,-0.003994306051918528
3155,0.0018422354688117926,0.0006591999551233962,-0.003629538970443602,-0.003783193138710228
3156,0.0025269279360369268,0.0009642807430790268,-0.004498719054928602,-0.0038770585645090394
3157,0.0009771125861508523,0.0004373848015597481,-0.0024539196849610034,-0.001161010473281876
3158,0.0025719614423236337,0.0010588139439308697,-0.007885577839114533,-0.004875211929459278
3159,0.0005023349133981281,0.00013244330832529183,0.0022464045260254806,-0.00137314082170914
3160,0.0014915707136711753,0.0006344642668598688,-0.004723859607001002,-0.001891025332421914
3161,0.002101651244363345,0.0009869341654942243,-0.007041083057950315,-0.003034455680613002
3162,0.0008896285997387343,0.00046390084266867415,-0.005894706389369231,-0.0007243978442919019
3163,0.0006362952775982311,0.00020121907507142378,-0.0006870778556983259,-0.0016785337914422271
3164,0.0011414646879709944,0.0005225134000298171,-0.0013719110766078346,-0.0012582981828536122
3165,0.0012871138123776715,0.0006052606178842124,-0.0004369460516179813,-0.000655437530561187
3166,0.001032339603470378,0.0004777107415772641,-0.0028643808869206477,-0.00214892955354673
3167,0.000886423190785024,0.00036253124569482487,0.0003423835808541442,-0.0021707788994701493
3168,0.0023921638227284436,0.0009686991269747813,-0.008522355557076144,-0.003999174761242674
3169,0.0014848779621896568,0.0005819205039546971,-0.0017274024149498968,-0.002955848817499551
3170,0.002258129382468943,0.0008705724481926636,-0.0023436776744439336,-0.004283633562508049
3171,0.003961113143550188,0.001673090872452182,-0.009490684089148604,-0.005488020823721573
3172,0.002747964754406418,0.0012418043080461016,-0.004327853330741982,-0.003022396007668293
3173,0.002243649622190702,0.0009347093748483526,-0.003896422544088285,-0.0033139836027376024
3174,0.0029202327108102666,0.0011808111353532047,-0.0065009981035277775,-0.005597535591189695
3175,0.0018952543968702162,0.0008312046693886854,-0.008972436489683155,-0.0027852788572013676
3176,0.0018424047442008318,0.0007894249137484488,-0.003250493998773807,-0.002734930430089766
3177,0.003082621320710799,0.001475373407003322,-0.009189555428630536,-0.004070773446954945
3178,0.002881345669790647,0.0012265002642395106,-0.010351615408043024,-0.003511286147654946
3179,0.002751514704769753,0.0011567339377440977,-0.008986952680768878,-0.0037339315617975766
3180,0.0009297752958299377,0.00041465308996854744,-0.002735660453329125,-0.002335728064295828
3181,0.0014765563427173722,0.0006954058411317854,-0.003487540041226256,-0.001975562593222624
3182,0.0030907641273003605,0.0013501305868933444,-0.0050829241690454885,-0.004521730589616579
3183,0.001846945629151442,0.0007593432326319371,-0.005983741955820576,-0.002263367153932716
3184,0.002076762477216554,0.0008345575957020013,-0.0056027959266537475,-0.0033358456116513446
3185,0.0016149967324179393,0.0006873425644495224,-0.0059950140767051074,-0.002041153543345331
3186,0.002641122955942876,0.0010390261864428874,-0.005641760931956896,-0.005133060460929428
3187,0.001807351468726126,0.0008312624902399313,-0.008207405504810805,-0.002577474676561997
3188,0.0021287535588180306,0.0008729359452665231,-0.0058086704859910965,-0.004604486422668197
3189,0.0019525619960075735,0.0008219506472067484,-0.005942689976353055,-0.0036535094596007456
3190,0.0020182174976546285,0.0008737002379878844,-0.00892668909428268,-0.0032366714246361283
3191,0.0020095457927598592,0.000947155770502639,-0.009313229833876002,-0.0027091826945119246
3192,0.002274982131724723,0.0008624654173316204,-0.0011624747794459767,-0.0030832201808180804
3193,0.000598497304799217,0.00033673998607428035,-0.0020781808333764085,-0.0014104132376461243
3194,0.002026231072408846,0.0008028528856076633,-0.004588563430670878,-0.003059624117384363
3195,0.0018923295677012453,0.0007911571880918067,-0.004876396295816654,-0.003587654832692966
3196,0.001820695514980153,0.0008449883982687423,-0.0077897018781701854,-0.0022084611488585315
3197,0.0016216512246024495,0.000593612154059231,-0.00030598299166517684,-0.004165907296033056
3198,0.0031870385291438708,0.0012388162007060943,-0.00940769942413755,-0.0054593823024770005
3199,0.001568162926987915,0.00072198534419321,-0.004357733272529141,-0.0013353040579429098
3200,0.0012299007750882218,0.0005013987809834586,-0.002331339607721028,-0.0025191641938673293
3201,0.003054473703083427,0.0012290232720247596,-0.010332174776149283,-0.005308390628129045
3202,0.0009694642244275076,0.0004351451616990687,-0.0006531590595877934,-0.002469866686713673
3203,0.0018122802682503103,0.0007327517703943076,-0.0030474740866810457,-0.0041070245565454355
3204,0.0019073033665533146,0.000752538581469675,-0.0037983246435109863,-0.0037476982886345267
3205,0.0025622043584275778,0.001069305481968874,-0.00478151809850097,-0.0047200988562561275
3206,0.0021534791785190466,0.0007934483880174259,-0.004779443943434325,-0.004072700444657129
3207,0.0023684835607872823,0.0010096039477893726,-0.0018430055817279523,-0.002982433692830355
3208,0.0030996820830839766,0.0012499731889702714,-0.007706906078014719,-0.004863459088074618
3209,0.0002285495357333689,5.6523624507309744e-05,3.1659972269004744e-05,-0.0010619860194862607
3210,0.0039628619166157675,0.0017482483469675736,-0.010201835642000723,-0.005457380457380534
3211,0.001816937180389444,0.0006269212542078795,-0.0024358315952148213,-0.00326104735455246
3212,0.0024357998622559496,0.0009949355736035004,-0.006244098220762884,-0.004307995287580746
3213,0.0008995198766275081,0.00024773732348107314,0.0011447022616242752,-0.0028812245995224472
3214,0.0019536159618323,0.0008102127401648507,-0.00608026489894975,-0.0024927797833934617
3215,0.002478653464196512,0.001089684242677219,-0.009676983174626064,-0.0033824302927292216
3216,0.0012371423586922115,0.0005722636581396712,-0.003903663559616133,-0.0023937950905384975
3217,0.0025775039468357575,0.0010715809042122493,-0.006798075309264906,-0.003981577774476164
3218,0.000651058775381741,0.0004337146518044177,-0.0023034938691083306,-0.00047563442174503034
3219,0.002304902513270368,0.0010627031960711297,-0.006367122326432051,-0.00290351399642641
3220,0.0007041325021160949,0.00035732922686806945,-0.004580023380634846,-0.0006680665745590897
3221,0.0010052083314942006,0.00041775686581102534,0.0008815629944985415,-0.0020190202498360232
3222,0.0013264690823597824,0.0005033867942400017,-0.004189057827803655,-0.003187440122891405
3223,0.0020869647631542865,0.0009686505023486502,-0.005279692102279687,-0.0026244944253034364
3224,0.002155468058183896,0.0008715346445956618,-0.010601252611889045,-0.003082085717704519
3225,0.002278990495401978,0.0008834381089658505,-0.005245461515882399,-0.003291011060913007
3226,0.0015423829774637854,0.0006541122202835259,-0.0022420366605033215,-0.002640628741999551
3227,0.0025412364610517546,0.0011548953288291752,-0.006727620158627268,-0.003909430203341557
3228,0.0030688764322357454,0.0012773555815107085,-0.011504036705537068,-0.004455010816252325
3229,0.0024865717520113906,0.001018933643917641,-0.007124334033419055,-0.004629487218923867
3230,0.0011913989231671085,0.0005446986173577306,-0.002101082239412244,-0.0019935811315120455
3231,0.0006774277572151322,0.00031415886808797144,0.0030793724655358012,-0.0015776992598219852
3232,0.0011027032566633954,0.00048421690027619646,-0.0028434423318611235,-0.0019312544294827205
3233,0.0010585724959256693,0.0005049418728630961,-0.0034878261859881965,-0.001464295735129073
3234,0.0019301584385835735,0.0009385824606179538,-0.007549560679699918,-0.0022220572588027565
3235,0.0015880962593758374,0.0007164673009518174,-0.006166164456707646,-0.002314890186137064
3236,0.0019056231906550147,0.0008638175342322585,-0.005407489057030368,-0.002833566869064219
3237,0.0019056776202910908,0.0006918360704683546,-0.0046408008919636146,-0.0038509316770186652
3238,0.0014808007352141717,0.0005829469515888086,-0.0051431157510379855,-0.0017022015300526272
3239,0.003129529872991421,0.0013588663810143453,-0.009632128449039101,-0.0040620715283383735
3240,0.0025219566763513557,0.0010431075307788806,-0.004830952530516297,-0.004750599195043836
3241,0.002008152550800779,0.0008830221296178276,-0.00558932595631878,-0.0028712900295918553
3242,0.002306189597194197,0.0009191457063546793,-0.0035520281431062894,-0.003327970988053597
3243,0.0017666056379844752,0.0006435801235963046,-0.0035666556834652585,-0.003688163966850455
3244,0.0022370338494605013,0.0009686518545490574,-0.0038119639171417807,-0.0019776951672862975
3245,0.0017087686702612626,0.0007146650370370988,-0.0006757958464874703,-0.001696319413825531
3246,0.0016606519033319778,0.000690829040159352,-0.003868919372387092,-0.002748255501878738
3247,0.0013873182098784742,0.0006062086199632721,-0.0018878693612189856,-0.0020725823368995533
3248,0.0018382881425831887,0.0007673788956563676,-0.008112022583657508,-0.0028617848849015193
3249,0.0022495397335017264,0.0008612197585532999,-0.006416986328106944,-0.0035207981010974
3250,0.0009678505698151874,0.0003788376895881851,-0.002149587006723963,-0.0018974626088250623
3251,0.0015175940881991812,0.0006481812598702619,-0.0035470411600989626,-0.0032561236703247953
3252,0.001514621882674816,0.0005644941998217134,-0.002171475700524117,-0.0032478518548899604
3253,0.0008343932944202548,0.00034899959563433613,-0.0017799935976217651,-0.0015804745716150315
3254,0.0015079349942083708,0.0004397186309651191,-0.0005730685834956506,-0.004514769337627733
3255,0.0023636069449587405,0.0009196734849118149,-0.008106997265562466,-0.0043641225999205835
3256,0.0023263581424102786,0.00099112458253528,-0.005756600557394687,-0.003554537229777832
3257,0.001498643377520481,0.0006214751815291075,-0.003445114410489891,-0.0021631815408509336
3258,0.0017384882883062502,0.0008724506960504919,-0.0051630079498840575,-0.0015184690698708536
3259,0.002163442447953412,0.0009967012115847662,-0.006597171733123852,-0.002152783924935786
3260,0.0004878056508517137,0.0001851642718462554,2.457878938394442e-05,-0.0019155151106616808
3261,0.001397796286034536,0.0006074841964935074,-0.002795154981589054,-0.0019431097091294758
3262,0.0013383207441440281,0.0005172092895223135,-0.0007296235214180324,-0.002076197192558249
3263,0.0025737264204764854,0.001044632154621028,-0.011826235790752815,-0.0047898717793147805
3264,0.0019361211511719212,0.0008195852470915255,-0.005543833144431798,-0.002486872071601587
3265,0.002170409569838938,0.0008389594744090678,-0.0030663600267101243,-0.004584451995759853
3266,0.0016298224787651416,0.0008340232544619408,-0.00355664674574252,-0.0016957773647602314
3267,0.001850686421341674,0.0007072759273949181,-0.001483965396689657,-0.0019600041847238625
3268,0.0005160727974619639,0.0001557397947491157,0.0020935258342695273,-0.0010447870426217865
3269,0.0017909835901894766,0.0007475034726651675,-0.005148514794865944,-0.0024571517477630644
3270,0.0016971723356601354,0.0007733461328971458,-0.005119427082411254,-0.0024115608627673923
3271,0.00048041403283594075,7.767560480487212e-05,0.003096245528799224,-0.0017233283714797043
3272,0.001549161781241315,0.0006999810569645049,-0.005657745661057867,-0.002291337777828195
3273,0.0015782487728737138,0.000678315275178587,-0.0024793924061713435,-0.0018291824961305103
3274,0.0026373941305637416,0.0010382360253022582,-0.0049964951901921295,-0.004578674160373053
3275,0.0016598617328636989,0.0006062761567165731,-0.005238165946199136,-0.0027517886626307053
3276,0.002301893750298045,0.0008464790783248299,-0.004025141559965528,-0.004367840100258591
3277,0.0012978415360568318,0.000612414580389492,-0.0031094805168791484,-0.0012197759497939442
3278,0.0016728857375692963,0.0006264470581399117,-0.001097860648148763,-0.0025126436227094207
3279,0.0014443498981825398,0.0007155195271425219,-0.007969817512603006,-0.002208296272337651
3280,0.001167150905485026,0.0005211735907638682,-0.0036766770085349676,-0.002257585804047779
3281,0.0013862848749429113,0.0006596250068426623,-0.005894085507592184,-0.00224657552660934
3282,0.0013133134130635105,0.0005511089150789517,-0.0035033828953034973,-0.002051652612631183
3283,0.001931259473475111,0.0008472292186662289,-0.005513273620881942,-0.0032956592956592257
3284,0.0008017438883564654,0.00038877152480920607,-0.0021797280188122214,-0.0007705343811961196
3285,0.001966180054904454,0.0008685339038586315,-0.005042884278753101,-0.0029656416382178863
3286,0.0018711835586636694,0.0008781697056658433,-0.006857541754727414,-0.002657522942598023
3287,0.0020289033855529492,0.0008400912880458522,-0.003929641710308018,-0.0032755125197159174
3288,0.0017841080600087267,0.0006742955273855433,-0.006945613796505046,-0.0035400205883102664
3289,0.0017125742259499477,0.0007741027738675799,-0.006461644690231971,-0.0034635180139267474
3290,0.0008733751964483671,0.0003296549381633651,-0.0015974297385232816,-0.0021515417461065445
3291,0.001861328656465988,0.0007353279179518335,-0.005769351774389808,-0.0037025844512474926
3292,0.0011665548419738103,0.0005413195379594671,-0.0028248590065573786,-0.002043625042640884
3293,0.001056815335291894,0.0003931384537209648,5.3664021416377494e-05,-0.0027491522334209817
3294,0.002219627624762688,0.0009050941422943104,-0.003102547260675048,-0.0039716545814105775
3295,0.0013097884244180902,0.0005238052999475551,-0.0023468021882204204,-0.0027316518818799596
3296,0.003142007198905006,0.0012719356842431084,-0.006944873771172533,-0.005167428245037908
3297,0.0023360934643569253,0.0008082116827540786,-0.005374870175310853,-0.004970594837261366
3298,0.001237925400009554,0.0004679801529387795,-0.0013332925588648292,-0.0032632536243514254
3299,0.0018715964950321018,0.0006773218785164348,-0.004514790369690158,-0.003782393365838743
3300,0.0017109341692206348,0.0006524143551469574,-0.0027595980133466314,-0.003514827655299424
3301,0.002989757459116227,0.0013177036792114405,-0.006670968879748274,-0.004381842298327054
3302,0.00243824608557508,0.0010275578461541313,-0.003901669488388493,-0.004209235297724878
3303,0.0012983593829369866,0.0006313119735546491,-0.0049744259457503714,-0.0022719999731223295
3304,0.003689941566836108,0.0015341438149426567,-0.007267917775345245,-0.005149943384303524
3305,0.0022931950340284724,0.0008384252700949779,-0.003879113538485024,-0.005109971591416684
3306,0.0019984504255207147,0.000830696083249205,-0.005146978888936282,-0.00361472197119983
3307,0.003009339815109091,0.0012924739388053552,-0.007031913813374979,-0.0037579345546222553
3308,0.0019136407618455253,0.0009073102149297907,-0.007394969645549587,-0.00250368631699327
3309,0.0009773709309546241,0.0003931579691195952,-0.002664028912805927,-0.0013733098840186253
3310,0.0026394507058963845,0.0011043951540451735,-0.006171335194120109,-0.0040848826780253145
3311,0.0012951152109015873,0.0005699034066709019,-0.003643039146183469,-0.0021006694224571243
3312,0.002192153358559601,0.0009742537915750915,-0.006905835804742466,-0.003983480030076647
3313,0.001498719454520736,0.0006074886634114818,-0.006119283766083949,-0.002778477699641013
3314,0.0017863790450347028,0.0007321559860232751,-0.005331065178772854,-0.002123534462131871
3315,0.001685411019334393,0.0007595639572540447,-0.007052062978892104,-0.001967082974018819
3316,0.0003208776234732702,7.948103523722216e-05,0.003580569635507347,-0.0007138970839205561
3317,0.002351426721781791,0.0010567601619700107,-0.007192452163272356,-0.0035941294147410208
3318,0.0017233216257496187,0.0007280535289282408,-0.007298992771965329,-0.0034797196471040293
3319,0.0032614691648658045,0.001330339562161137,-0.010166853249610142,-0.0046280283940247635
3320,0.002103328142399663,0.000851459558468104,-0.006587359061793752,-0.00332793195160086
3321,0.001675645034642792,0.0007277608277864722,-0.0033379451813961847,-0.003305795423919178
3322,0.0025641726162671796,0.0009622929848676076,-0.00451027358082029,-0.005199643606959348
3323,0.001599242062219286,0.0006928640762624283,-0.004286262823024689,-0.002255262802832725
3324,0.0016001755625809633,0.0006037501611959317,-0.0007024077334894518,-0.003144257586463195
3325,0.0014607626500572346,0.0005715019208732963,-0.003005577942031823,-0.0025187873936417526
3326,0.0015363062100481883,0.0005428319418495087,-0.002798449529089475,-0.0029628952783192775
3327,0.0017743353253785177,0.0007984615354663105,-0.0031559841974976854,-0.0032929176939443527
3328,0.0011502849497179168,0.0005016600169489294,-0.0032033188696256043,-0.002339508211995689
3329,0.0021523950700709227,0.0008432793249046056,-0.0029917994659762193,-0.003768852148671731
3330,0.002056265432105131,0.0008435254153368321,-0.005444972527948344,-0.0024759091228810926
3331,0.0020541679053572848,0.0008824644047042418,-0.005706474464667932,-0.0035319378415072933
3332,0.0026296145763534118,0.0011955532067327024,-0.008265980886759783,-0.003404771562927289
3333,0.0012397569877172776,0.0005445756535064628,-0.003637096894457792,-0.0011147791714014588
3334,0.002512466878046571,0.0010432496547514158,-0.01030590731951142,-0.0034729444883581095
3335,-0.00047999851458346843,-0.00021161389973484157,0.005261726840713077,0.0002972041029726258
3336,0.0015980398021353537,0.0006620738787790625,-0.004356178019423396,-0.003048327388672667
3337,0.0017416719075148412,0.0006565582776353884,-0.005935317836867016,-0.002486576057116885
3338,0.0007814363892437726,0.000294741190455472,0.0005213426993676551,-0.001630559499734563
3339,0.002632683847648143,0.0011269619684128596,-0.011506236175504891,-0.003938245338164004
3340,0.0028246951826875755,0.0012217668593119402,-0.010501683861562305,-0.0035696635680058098
3341,0.0018961461842074145,0.000752014528211109,-0.005223259301951444,-0.003818738913078601
3342,0.0013157743472314576,0.000577592602307414,-0.0006925417978061454,-0.00230487536541657
3343,0.002609484660490158,0.0012303625474715252,-0.005699347784634545,-0.002531391243993153
3344,0.001202897577389228,0.0004867381471145016,-0.003740724880749835,-0.0029817486236216606
3345,0.0006389618600340374,0.0002807273800502219,0.000186919761685167,-0.0012794031775912318
3346,0.0024141009439123673,0.0010730862024722898,-0.012332118042731433,-0.004028555793659905
3347,0.0009307601202259708,0.00038586009443500324,-0.0028564234579028236,-0.0010262788555970292
3348,0.0011497780200172558,0.00044207126857659373,-0.0023019044193585136,-0.002091081267217576
3349,0.0014732859914964314,0.0005441777317542473,-0.0007837585310733197,-0.0028812680291110393
3350,0.002165836565900525,0.0008941894391307492,-0.0056939561425630725,-0.0045182613061121035
3351,0.0013116581914589531,0.0005549231567950896,-0.004755516459464537,-0.0018720065243442718
3352,0.0012485052849979805,0.0004814120849740422,-0.0018280736687166232,-0.002406068748300405
3353,0.0034875744005570253,0.0014455134761310606,-0.012907335573022705,-0.005406877766428342
3354,0.0027504218005584002,0.0011836236667868705,-0.011472672282575036,-0.00477918854985393
3355,0.001954837970571055,0.000894912624623212,-0.009310586308880486,-0.0026869328933961656
3356,0.001511390574606697,0.0005864974520053412,-0.0028911690907910126,-0.003393358379755518
3357,0.00223164651802088,0.0009177627893838247,-0.004472436494019849,-0.003938716707916123
3358,0.001195659767298407,0.00043526247993497247,-0.0020952619240209858,-0.0023875539125076672
3359,0.0006264409119798309,0.00035273143176250965,0.0007841744468045642,-0.0010498636078128953
3360,0.0016681763796706495,0.0007870084596721949,-0.005388154524898103,-0.002169622029004392
3361,0.0015254532168882395,0.000710354677133207,-0.0026841865900148476,-0.0027863040021768315
3362,0.0007394181354211105,0.0003638979546908838,-0.003916443460436458,-9.55447253692121e-05
3363,0.0016952840080188825,0.0008381043125028353,-0.0056884898394110595,-0.002478547841111012
3364,0.0014780712933627482,0.0006132158710948077,-0.0027724129038079748,-0.0022015251951331694
3365,0.0020631202203376664,0.0007135510616806673,-0.0007002768654741365,-0.00458697027197974
3366,0.0012931419457400395,0.0005320902738945588,-0.005839881375018341,-0.002748746092294363
3367,0.002142809167256954,0.0007949880429073408,-0.0035574504080826963,-0.003433812743776188
3368,0.0018967451336781016,0.0007822540073661177,-0.0016238779139812198,-0.0032994580988486844
3369,0.002046607553877422,0.0007850954717128211,-0.0024686591306853356,-0.0034509024672960686
3370,0.0016824554593662389,0.0007041197191130777,-0.004438570430630728,-0.0025330694753912253
3371,0.0023819464683754177,0.0008967698873747765,-0.005943659057451145,-0.004903974509582465
3372,0.0020517394617205476,0.000922548558334596,-0.005669871887683753,-0.001980655714387325
3373,0.0012359548819137478,0.000607159286765635,-0.004211722444141863,-0.001252430587059039
3374,0.002012309847776339,0.0008063279659077105,-0.005925739856235179,-0.00438927299392422
3375,0.0029180533700330913,0.0011462618662907431,-0.009840912901056542,-0.005305822024645246
3376,0.001199468582166796,0.000506232242843796,-0.003604785165793045,-0.0028050060101342256
3377,0.0011816759093096207,0.0005327706640673169,-0.004642821087862514,-0.0014322071445498352
3378,0.0005602088163371155,0.0003345754579982818,-0.0027125984364096967,-0.00018897894350999866
3379,0.0016473231883680772,0.0007453026011735586,-0.006273393697424634,-0.002475792067311744
3380,0.0018131760216175685,0.0009283965636762148,-0.01311868175723041,-0.001961427446864339
3381,0.0009621108558894864,0.0004483381527396191,-0.001978145902596873,-0.0020346112520861492
3382,0.0019940270667080373,0.0008269651011406642,-0.0027979142599300344,-0.002712365611745593
3383,0.001099471556404663,0.000543425225288191,-0.008427400790486761,-0.0013529771014832992
3384,0.0024793597108963006,0.0010336494179404854,-0.00665053744620242,-0.004064792176039056
3385,0.0015015539209638495,0.0005639939984524722,-0.0018494972332003257,-0.002797920306237822
3386,0.0019492450013122165,0.0009174068506875022,-0.0027586572256743103,-0.0014649229521492835
3387,0.001500480404200144,0.0005349196001118717,-0.002522972004687818,-0.002708180722078679
3388,0.003221362187060761,0.001439086932802175,-0.006554726892131046,-0.0035203649792953096
3389,0.0018049563630605503,0.0009538908343107999,-0.005101516549605889,-0.0017751037963353866
3390,0.0012484328587800686,0.0004902009301518961,-0.004401273104063574,-0.0027617474826280297
3391,0.002765477674528505,0.001285026602023287,-0.006659411467965504,-0.0029034253948312383
3392,0.0011035370240237707,0.00036663094516684036,0.00017313988965445004,-0.002421015842639096
3393,0.0017143583533228424,0.0007198275879692906,-0.006486872164738422,-0.0036385991471397094
3394,0.0033486219157149444,0.0013337284873941035,-0.008833777637298146,-0.0064994651509113766
3395,0.0012888327716799042,0.0005713721744480538,-0.00263808981924335,-0.001086746276557804
3396,0.002683732015435314,0.0010728417624045472,-0.004327444429157834,-0.0039500104894057975
3397,0.000254115704877933,0.00019324558452135654,2.1008050165027825e-05,-0.00013601862739309745
3398,0.002543912379250668,0.0010791556949417414,-0.006781741224534454,-0.004902869198612936
3399,0.0019030877098879517,0.0008126170999363802,-0.006200657216804684,-0.002736658561760086
3400,0.00229829497639944,0.000980978432422036,-0.005325910252095445,-0.0034978536918296443
3401,0.0020779381057501878,0.0008257838612487911,-0.005153460648219754,-0.0040631062935989615
3402,0.0012913184404697575,0.0005867313322173717,-0.002388515805002489,-0.0015428635547576341
3403,0.0011723075934529925,0.000531062533499882,-0.0003876503288582356,-0.0017620406108408426
3404,0.0015444233209856995,0.000572166630524229,-0.0027004231050300476,-0.002812435017675141
3405,0.0019130634212215503,0.0007855587419138832,-0.00780645732867602,-0.002291898464021669
3406,0.0010706774608222336,0.00038686612012259203,-0.0014643764770955192,-0.002435078049444872
3407,0.002008509437922301,0.0008224806575186094,-0.006629045647508047,-0.003199087935835343
3408,0.002093432804939177,0.0008086872554430302,-0.005102630092048033,-0.0035235528929202786
3409,0.001564537811705402,0.0004770383639697007,0.001461420004166436,-0.004130160031739827
3410,0.002081262966203812,0.0009599323173776764,-0.004436356041123635,-0.0036238011257941904
3411,0.0028174429688050395,0.0012260418051369126,-0.008788993424937774,-0.004736990950226172
3412,0.002732212998776018,0.0011318075180863363,-0.003628928675239229,-0.0040243743482794025
3413,0.0013768638862572402,0.000529430554090965,-0.0016802271989903028,-0.0031190962977720726
3414,0.0015784212163330036,0.0006997918701360795,-0.004929430240002808,-0.0019228552884587025
3415,0.0020455680967134127,0.0008659711659484148,-0.008267770627065407,-0.0035481811534859853
3416,0.0003861478339673985,0.00028028917228886674,-0.0016077312536283417,-0.0006586841355025186
3417,0.0013662741649465016,0.0005064601972555594,-0.0011437698449696665,-0.0028915127655705364
3418,0.001981366737090595,0.0007951149108321176,-0.0041519648575302215,-0.003962338857122827
3419,0.0011816745262563932,0.0006026612487812499,-0.0067172181342608495,-0.0015608439384812156
3420,0.0013832906884325147,0.0005401969248074179,-0.0036545821578755078,-0.00218620649449075
3421,0.0010563720681447952,0.0003400882435077024,0.0002150576854527686,-0.0021200399620872057
3422,0.0019243758828599855,0.0008831269941259323,-0.0045767921837355785,-0.0014863072829056634
3423,0.0018934968977482036,0.0007527975792600006,-0.005451668933498799,-0.0031337599384717585
3424,0.0030344750547257604,0.0013195904937122194,-0.004427048105241138,-0.004257862046827876
3425,0.0021253989742051616,0.0009216743062279709,-0.006417871809122011,-0.0033025896376770447
3426,0.0012356709612757477,0.00047890837698552624,-0.0013322584583078112,-0.0021081018008323182
3427,0.001411657107656561,0.0005192852584786078,-0.0025947697767064737,-0.0032970068848193756
3428,0.0003757306990260778,0.00020017590920537454,-0.00036466765242171295,-0.00037270056315474864
3429,0.0005446696352131575,0.00036083206095136044,-0.0009141826310007928,-0.0007172215711197527
3430,0.0025061350698653007,0.0010749444857241497,-0.004769420459838081,-0.0031476739223218475
3431,0.0012787469001966922,0.0005772265504700169,-0.005436408761308187,-0.0016299217358550777
3432,0.0020066092342284625,0.0008011982444840471,-0.005391143728902925,-0.0033293460925040153
3433,0.0027273668120952332,0.0011896872396021108,-0.004964545386117236,-0.0029925928372653843
3434,0.0019459359940131038,0.0007918697665787455,-0.0075365602129301434,-0.002421531065582183
3435,0.0038775959650300673,0.00165589764208382,-0.013022554997710212,-0.005588701697825216
3436,0.002867352354920749,0.0012506339862757287,-0.008051679541677514,-0.004889208972552073
3437,0.0020942236869829767,0.0008209265200961879,-0.005382294129376075,-0.004005564848172827
3438,0.0019193716665246718,0.000832616047087259,-0.003789008324669607,-0.0037453183520599342
3439,0.0022650836303539923,0.0009717710527729073,-0.004646989232041487,-0.004238670818093926
3440,0.0009400398054453252,0.0005213713915190321,-0.0031414491889624196,-0.0012754107087857847
3441,0.0009142440711192856,0.0003542870147476562,9.164229705999061e-05,-0.0016611538087362154
3442,0.002055854287839387,0.0008660155264437475,-0.007996364037860693,-0.0031668597225934514
3443,0.0019000135644730576,0.000779527105864708,-0.0037716772114087527,-0.003253277455405046
3444,0.002736461033257309,0.001265127407131167,-0.014306992897995086,-0.003264676203478478
3445,0.001130439040353426,0.0005137438453541865,-0.003971877564043436,-0.0023493876199933705
3446,0.0026164412404183768,0.0009523008303244651,-0.004677727463828885,-0.0053821651833015904
3447,0.0016764068060064474,0.0006805214751119115,-0.002394745739709103,-0.002736351122684222
3448,0.0017644110991256179,0.0008316886921417577,-0.005363251396767965,-0.002294955602494708
3449,0.0021011773490226537,0.0009481461818170445,-0.0057285104222292715,-0.0024601287795152915
3450,0.0015270754497737071,0.0006285972296143361,-0.007538655131743344,-0.0029842812666109886
3451,0.0008892555598172258,0.0003535656199032955,-0.0025756073233751953,-0.0019587587977385468
3452,0.00229928766529941,0.00093668111096043,-0.006289550816725442,-0.004754762261886869
3453,0.0028201414577711525,0.0011875666835065857,-0.008135448725435257,-0.004478932979504413
3454,0.002946781375634644,0.0012907474928424145,-0.011461735878090296,-0.004253349123495176
3455,0.0020054468811560033,0.000833201491421548,-0.007539085586399041,-0.004417143859594019
3456,0.002988140697208319,0.0012525120699323211,-0.006988558573468917,-0.005009460461937287
3457,0.002268262203335647,0.0008500032386829504,-0.0051851664615638615,-0.004338404989870925
3458,0.0011467043188911896,0.0005280008900599154,-0.004568008310433691,-0.002185494872125493
3459,0.0019373426525067794,0.0007413347678074667,-0.0029431969366326416,-0.003026328986198812
3460,0.0017616142814176339,0.0006506453806658652,-0.003942685327665563,-0.0033493852949150194
3461,0.002966207391791542,0.0011993440484215356,-0.006329596430627471,-0.004459713512072638
3462,0.0027915342674345034,0.0011867392152833667,-0.004179745942936353,-0.004404056186519734
3463,0.00048369299162853707,0.00032698986248080875,-0.0014305992654219946,-0.0007106939892802533
3464,0.0018292660738878919,0.0008270449480766995,-0.0034579872901171482,-0.0024900457597907266
3465,0.0016839115101296986,0.0006702633005729042,-0.004181326514583583,-0.003562877686127841
3466,0.00156256203307914,0.0005922168295504071,-0.0010683181543709175,-0.0035048846608384254
3467,0.002944478578353227,0.0011996168861965473,-0.0054145359837726725,-0.004093608706740692
3468,0.0016197388915696331,0.000699837791506952,-0.0023215828838376584,-0.003107371849120577
3469,0.0018220875206171327,0.0007229256687670549,-0.0005088247796052325,-0.0021089105427938293
3470,0.0029267671909334325,0.0011258203763082064,-0.0029997027913550856,-0.0035673361542174487
3471,0.0015037290337256426,0.0006070357340452748,-0.0026528307156692965,-0.0029019579619922187
3472,0.0023066630598228555,0.0009812529914130785,-0.006830966047416953,-0.003934907296251899
3473,0.0027338925523381352,0.0012175243255833634,-0.006916238167904654,-0.004402939305648501
3474,0.00212725805165892,0.0009485221386500153,-0.0054355396624971575,-0.002430094594032317
3475,0.0008865472110888284,0.0004046980076703177,-0.0028768759326676663,-0.0017244291684109792
3476,0.0022703156451031603,0.0009214413433512592,-0.004384909818240412,-0.004047822759861264
3477,0.001088569560564745,0.00040031267361659295,-0.0020973364013259777,-0.0019341503026722995
3478,0.001660717884420626,0.0006676947639963349,-0.004196353321002155,-0.0031419860708392644
3479,0.0016306594582101708,0.0005703493292114059,8.090120185244576e-05,-0.002615614935827071
3480,0.0026021155782643968,0.0009136143766181604,-0.004341723134207942,-0.00495750485860591
3481,0.001888344178985757,0.0008204084900662323,-0.003993609741769655,-0.0027444778017748916
3482,0.0018683753734252129,0.0007889758218954934,-0.006557639108418112,-0.004010474451935364
3483,0.0014030841316479137,0.0006882932684905974,-0.004147512046980606,-0.0011555127587865588
3484,0.00218545217242172,0.0010123700120617807,-0.007375058886543773,-0.00237438807897139
3485,0.0005830645666392575,0.0002262816594902628,-0.0019241352329542605,-0.0012985006089696327
3486,0.001533716222988868,0.0005842359962137111,-0.0047807176941717655,-0.0025869380831212707
3487,0.0007609566598673068,0.00042312874941755063,-0.0004890823698609492,-0.0001507365536143057
3488,0.0019066011859691923,0.0008346101766290581,-0.005769821357914595,-0.0030369002005659063
3489,0.002485171113676743,0.0011629572407191868,-0.006093738789244074,-0.0034848992165003034
3490,0.0009881102860905822,0.0004222102026588681,-0.002667563901425918,-0.0023269951934570265
3491,0.0027600896947959086,0.0011830899197447786,-0.009352869273089759,-0.004040658445427003
3492,0.001678393284569979,0.0006719566804569976,-0.006111926750596297,-0.0036058313214837323
3493,0.0013960522412848064,0.0005553147703493411,-0.0023905576703916465,-0.002896998007242524
3494,0.0025608258657565663,0.0010637983139390461,-0.008578993208564922,-0.004550061998535249
3495,0.0020492897414940425,0.0008399053456970007,-0.005166931042137113,-0.004426275014510317
3496,0.0017074513852828321,0.0008030328150515076,-0.005289693277615748,-0.0029249484810210946
3497,0.001630253423936412,0.000677706461750166,-0.00701309966442043,-0.002773094009858923
3498,0.001973441493210548,0.0007319583899481341,-0.0030398136044534896,-0.0041210976554917345
3499,0.0009454251055943663,0.000466449262673696,-0.0026799351653439274,-0.0017382166280068834
3500,0.0016957189414024687,0.0007274261017178041,-0.005592328951018577,-0.0029099814524696788
3501,0.0016812828509603084,0.0006983806276506521,-0.005473483350261432,-0.0032589447174552477
3502,0.0023858153495786016,0.0009899093188796004,-0.00478083700170695,-0.004187698789706262
3503,0.0019418279396043459,0.0009679115463495369,-0.003134217208683565,-0.0017691316792287637
3504,0.0031434607627821576,0.0013756132742227534,-0.007072104576939631,-0.0038296550275502828
3505,0.0019280443622662902,0.0007980953330941065,-0.007692732623375886,-0.003443488608473544
3506,0.0013707472696656842,0.0006662028231069206,-0.005736272815415,-0.0016716842535622334
3507,0.002721414044692283,0.00125017368476954,-0.010031125965643928,-0.004402951072479899
3508,0.0023326058407389105,0.0010824465368267366,-0.005952081596425296,-0.0028935185185186008
3509,0.002066777043226775,0.0007127812825796498,-0.00018252424892084562,-0.004144567892129025
3510,0.002097992159977191,0.0009789910837507132,-0.00849719250960912,-0.002798031785903543
3511,0.0022037517741679835,0.0009298347330396195,-0.004791022587597948,-0.002983590253605062
3512,0.0014341801298701773,0.0006453433960743604,-0.004472174287378061,-0.0027197887797438813
3513,0.002620543913354978,0.0011131629424250278,-0.004706671369962168,-0.0036520634920633732
3514,0.0018797953833085135,0.0007159001741881554,-0.0036879922897753437,-0.003568707769461943
3515,0.001944072987885015,0.0009384030847065794,-0.008419343620821917,-0.0026951951256418694
3516,0.0027691401707500285,0.0011133532309730299,-0.005208443485515135,-0.003784763471321062
3517,0.00144998206358804,0.0006362087549170448,-0.0020311307923431277,-0.0025737991935950166
3518,0.002504309100785529,0.0010471214259764605,-0.004162029431844294,-0.00361139559086332
3519,0.0024043208884897416,0.001012232297869703,-0.007523704919846996,-0.0031115457095794996
3520,0.0031894237385599045,0.001449199143858354,-0.008423265696791193,-0.003909908056414668
3521,0.0018116775245138328,0.0007348946487276409,-0.004087787868583548,-0.004216878337422569
3522,0.000790511911948899,0.00028900173180387845,0.0005264761103245252,-0.0015771028037384616
3523,0.0013607256294908554,0.0006272537167533732,-0.00074526774266509,-0.001332154049420775
3524,0.002603638287741794,0.0011267101614483022,-0.008962907234829731,-0.003325101616913906
3525,0.0020409832216718993,0.0009511655833140398,-0.002611273987342233,-0.0021230861541713386
3526,0.0020549750217524476,0.001002821853485436,-0.006292901973215692,-0.002460317692359326
3527,0.0015876186532961523,0.0006173881816617655,-0.005162382350568595,-0.0023259147176698525
3528,0.0022270766723752056,0.000939718803358941,-0.005949926623491197,-0.0034827328060410556
3529,0.0018153145156547534,0.0007514921714268374,-0.006005447581630852,-0.0035909851481537025
3530,0.0006922826842628016,0.0003316982080950881,-0.0014690394352186442,-0.0009852178623945829
3531,0.0028806640251546334,0.0011622243059029036,-0.007815089496775063,-0.0038091490287285312
3532,0.002729396978348564,0.001225104827522916,-0.009800951385214585,-0.0036573847907507284
3533,0.00218177327954161,0.000852258688326113,-0.0028678166091881674,-0.003233608453482306
3534,0.00149509644053486,0.000570867355432686,-0.0030905522992148993,-0.0020861128368078186
3535,0.001160367717065347,0.0006062956560238808,-0.0031296119085810203,-0.00046402719813132265
3536,0.0020599811621190844,0.0008273909595306883,-0.007905548386285044,-0.0029947468815620937
3537,6.998533750213198e-05,0.00011389623614682653,-0.00202251441839546,-0.00034253536720918465
3538,0.002639906241116652,0.0011316448884411412,-0.0064086530177545065,-0.004010408272145716
3539,0.0024314034713822097,0.0010949879173106636,-0.009704286242573634,-0.003998050666966568
3540,0.0015031653606746298,0.0007183954698569417,-0.006466492285927661,-0.0017963438289867462
3541,0.002642112589532397,0.001267025818701445,-0.008273863751693089,-0.002554708129365757
3542,0.002432654558739533,0.000950351375777897,-0.006469865748129855,-0.0036898586105176268
3543,0.001974353669611295,0.0008965258700362189,-0.003437852171962741,-0.002418928939857845
3544,0.001322548913993915,0.0006407504357278659,-0.004375008203762298,-0.0027326440793685736
3545,0.0014943781407272816,0.000677093110084015,-0.00464668762631143,-0.002115644228914859
3546,0.002592326285840607,0.0010813435318888787,-0.009116063254814455,-0.004472066799146024
3547,0.0009447353885714271,0.0003115003941280836,0.0011698689732272394,-0.002059620891660341
3548,0.0022984183556071236,0.0009045786986781046,-0.0047811919542088965,-0.0033044967108226686
3549,0.002495112060618976,0.000902214762433351,-0.004261501286471403,-0.004042821199472857
3550,0.0025581332878694685,0.001121389534445183,-0.006193115386795123,-0.00371579039073755
3551,0.0021512723114844867,0.0008885972523862418,-0.007086922199632806,-0.003921203852991106
3552,0.0019080937022470934,0.0007383509947271327,-0.0033991804403594172,-0.003511917761506722
3553,0.0026327969988685918,0.0010943132122845922,-0.0110316477936091,-0.004751841730736839
3554,0.0017032268525268845,0.0006075055158480669,-0.004016388319584063,-0.0033974473061960664
3555,0.001752917782588015,0.0007307890444519238,-0.0035356408633653857,-0.002540272941044308
3556,0.0009556694365089324,0.00032045261055146934,0.0020751205759049207,-0.00294574441612816
3557,0.002692716500542036,0.0010980376931424285,-0.005653428150186046,-0.004118620037807164
3558,0.0013117865548200047,0.0006033855647201991,-0.003018940623620625,-0.0014850702086600664
3559,0.0010024036630469357,0.0004021731773622139,-0.0034211777046193603,-0.0025407308439975296
3560,0.0009591471051175748,0.0004384449129885004,-0.005353604240725729,-0.0016126578426897131
3561,0.0010036042608380646,0.0003655240399620119,-0.004233973176042627,-0.0024275266269881968
3562,0.00199228732351564,0.0008170315211948331,-0.005407112155892402,-0.0029127323984665665
3563,0.0018531013462866341,0.0006206679814019234,-0.004121397099169588,-0.0035482680956818724
3564,0.0025357552298168606,0.0010267375658462585,-0.00596313799070175,-0.004204492551210359
3565,0.002905715492137473,0.001328367766543298,-0.007510703013782316,-0.003731114954411696
3566,0.002197879966306604,0.0007643822821101764,-0.005962470421146671,-0.004786669195395832
3567,0.001615638778136641,0.0007476806169877392,-0.00721876943085753,-0.0028135106000719556
3568,0.0011623508554495232,0.0005518938768403758,-0.0030109824052256817,-0.001533404289387641
3569,0.0023587001981678624,0.0010028697307220003,-0.0031146673698102534,-0.003635904136109147
3570,0.0018642935236815594,0.0007722898340773998,-0.007618662571430235,-0.0033519668097634625
3571,0.0018555116112212167,0.0006560716664761601,-0.004020759192900569,-0.003112752583091516
3572,0.001938573570257729,0.0009135543828015236,-0.007320107419031274,-0.0027606927821269833
3573,0.0011580916820049247,0.0005737872636381591,-0.0025332207451643773,-0.0011573939391226196
3574,0.0015886941066446392,0.0007623654334002194,-0.0023344693135711747,-0.0020311066877425343
3575,0.0022167717572009193,0.000890157631696642,-0.003743061122236213,-0.004059084567767157
3576,0.0018484195882925158,0.0008665684388474426,-0.0072749174555001295,-0.002313637282962522
3577,0.0017653517563961385,0.0007562414078371715,-0.0041261330837886745,-0.0034205410477402554
3578,0.0023806561932956383,0.0009417006895190427,-0.005731420732808079,-0.003950601922418806
3579,0.001895233035368482,0.000740551822169977,-0.004080362644917679,-0.00357299004129219
3580,0.001545720940650308,0.0006252080850849551,-0.0018749965230077659,-0.003227976012713296
3581,0.002329221643056101,0.0009680579986780236,-0.00815082798158362,-0.004192323674965026
3582,0.0024577348121896936,0.0009988602600787266,-0.005168700294266082,-0.004705320473376018
3583,0.0015360587841209972,0.0005252832576109756,-0.003730460803597957,-0.0033290502068867855
3584,0.0016227076562641551,0.0006360520256460112,-0.0014207727133662695,-0.0028805006500517427
3585,0.0010018835746120613,0.0004822323691104913,-0.0009259938868425577,-0.0017172563493409454
3586,0.0010701054215056516,0.000517761928815641,-0.0016620234837920744,-0.0023041789388312806
3587,0.0015833855577831457,0.0007151598865038356,-0.002057330137911595,-0.002274996570242771
3588,0.0012667239971666522,0.000629358126021301,-0.003908657764741863,-0.002185593729258195
3589,0.0018592279670462952,0.0007364776823061137,-0.00488986180230877,-0.0030976898879540027
3590,0.002229914831486046,0.0008725981505496305,-0.006205746433971759,-0.004232606321309507
3591,0.002401022355651372,0.0009616818381627534,-0.006090769752585157,-0.004232967315225045
3592,0.0014552945562985586,0.0005290727740212553,-0.002074041026761342,-0.002275453923265669
3593,0.0011451864238004594,0.0004579512376731709,-0.00571491658336043,-0.001565489960871469
3594,0.0011912646085224798,0.0005440067811660898,-0.00447258906561504,-0.001713222249278279
3595,0.001320509290723304,0.0005426577956745282,-0.0048795658378641416,-0.002017851301462592
3596,0.0037361820462901707,0.0016066746527923226,-0.008221782850111603,-0.004837660053468418
3597,0.001440125389783331,0.0005529862028708366,-0.0015996261534518275,-0.0031660849755170695
3598,0.001498456032838602,0.0006635448807139621,-0.007114484037094915,-0.0017732606180795862
3599,0.0017587068698636799,0.0006023169609420953,0.0003521169810628,-0.003112323184633392
3600,0.0021141489478243014,0.0009095575978484149,-0.006559148221645439,-0.002967158997566832
3601,0.0018098698976273253,0.0006769065886708947,-0.0037062321029909806,-0.0030957179546392544
3602,0.001744147178954658,0.0007148883881555046,-0.007293626206938408,-0.003042156541186891
3603,0.0021151766463671784,0.0008600558263444358,-0.005221940576580597,-0.003882335763378264
3604,0.0018509986804443601,0.0008649490953315242,-0.0045441250770926755,-0.0018982458989766915
3605,0.001175141358165932,0.0005080535620160531,-0.005968579187143552,-0.0021120448752027787
3606,0.0021731277664410187,0.0009316847173458653,-0.005075751752628754,-0.004127969343385995
3607,0.001216136152938918,0.0005067014938021086,-0.0031661911944770305,-0.0030114573016962742
3608,0.0020528465602046575,0.0008513520840234545,-0.005354565930482835,-0.003679947556048724
3609,0.002305652823441362,0.0008238271494888649,-0.0027270619399068496,-0.004616484948962052
3610,0.0015518039161821484,0.0006580315725409902,-0.0049607955317616526,-0.0023264028357575794
3611,0.002171777894838911,0.001000705387487505,-0.008570171988184994,-0.003222309125477607
3612,0.0018265519134154085,0.0007919119533642549,-0.003912114264930433,-0.0033829914670302497
3613,0.0014989166660346331,0.0005578633284482049,-0.002485868605142383,-0.003688262238098483
3614,0.0010291784562662665,0.0003891980893250824,0.0007036269567562425,-0.002259497668167243
3615,0.0017805770451910785,0.0008201344801876398,-0.004862228242906275,-0.0022506348419003563
3616,0.002434030952516375,0.0010975144352135535,-0.0068164099806706235,-0.003902835019357953
3617,0.002251960614548687,0.0007918693140737953,-0.0032647593576131673,-0.004134350722848179
3618,0.0009989282899569574,0.0003994242381691049,-6.852491902692437e-05,-0.0017090924226554893
3619,0.0027275332445256817,0.0010262304790151777,-0.0039047125666508142,-0.0045223289994347216
3620,0.0020667455934254564,0.0009405441650057189,-0.005591716160820603,-0.0037525288781570243
3621,0.0019886249214097207,0.0007715481179503547,-0.0056108068146657475,-0.004090592978104768
3622,0.001876577760695386,0.0008243875413958823,-0.003548743568619006,-0.003217956628276175
3623,0.0023210624595852436,0.0009431298727812787,-0.008742341372010964,-0.003461217458772481
3624,0.0013151828845296976,0.0005316992594111836,-0.0029444707205223963,-0.0017231951882408225
3625,0.002145397582489883,0.000991224633230009,-0.006003604183602351,-0.002400942069406109
3626,0.003231446662433912,0.0013965008732065298,-0.011166664038261387,-0.0052024974936605295
3627,0.0025719688721651535,0.0011318212845528586,-0.00925222001301751,-0.00340195807112742
3628,0.0016442677501009584,0.0008264128777527024,-0.00681877113498508,-0.0017702713269217574
3629,0.0018478585216594734,0.0006480984989230831,-0.001594734180249191,-0.003951759264680055
3630,0.0023168832016734475,0.0009642768927830558,-0.003890463117607046,-0.004280822551687047
3631,0.0019019388699206274,0.0008209864300110781,-0.009385696685251743,-0.003018510950139497
3632,0.0025848470812115942,0.0010286728626936747,-0.0034134579860205516,-0.003200734454245291
3633,0.0013569140135428759,0.0006727545790491396,-0.003955997953926704,-0.0019268458146459722
3634,0.0013054067509475908,0.0006185366814691617,-0.003065429562105426,-0.001909929498475238
3635,0.0012726175874526735,0.0006699887164124119,-0.0016539061815562528,-0.0018847787262114002
3636,0.0019526557961503377,0.0007926734665001656,-0.006851558870393237,-0.00368300955905021
3637,0.0009456533792565613,0.0003627426775383302,-0.003252831559727276,-0.002116449577556412
3638,0.0025260634091209266,0.0009295136043003527,-0.0019172294409085522,-0.005236275383032618
3639,0.0013070451766222235,0.0005582088252522044,-0.002428826994891442,-0.0023661173350653097
3640,0.0019326914814344898,0.0008254618077217224,-0.0023270678709864656,-0.0026894449054475356
3641,0.0016221938839430239,0.0007254429305865728,-0.0036401423016129697,-0.0026135973972751803
3642,0.0014494414857030846,0.000600711999011655,-0.0032984525107111473,-0.0016570714814819754
3643,0.0024205029733916916,0.0011717209256868477,-0.007465076886724986,-0.00361019348749414
3644,0.0018599498313998652,0.0008518065013443932,-0.004143513025530177,-0.001886445447533136
3645,0.0024984644571975356,0.0011358670817278038,-0.008387409501132925,-0.003972839020982
3646,0.0015465767290842036,0.000741168812110865,-0.004451150402746462,-0.0020293678288783035
3647,0.0022616085294902,0.0009904436651060333,-0.00636636991764683,-0.004103446400585353
3648,0.0017041863958278114,0.0006842669533296264,-0.005341910832758701,-0.003268576673205237
3649,0.0018721584760613696,0.0007200387341338432,-0.0026808923794692796,-0.003244469653998938
3650,0.002237560412709727,0.000945261189045643,-0.004802987903310796,-0.0038810054401258176
3651,0.0003347524654481182,0.0002648430666641055,-0.0003510574014846113,-0.001036412351776983
3652,0.001644651530747443,0.0006249209235212605,-0.002988876629801851,-0.002636253661805643
3653,0.002682840091519867,0.0011104839405179923,-0.009120080958388455,-0.004668343722788237
3654,0.001541842140458216,0.0007234157735358238,-0.006631736688391676,-0.0015087832740596774
3655,0.002374717464789622,0.0010819247440710944,-0.01163885237418777,-0.0031973520984509562
3656,0.0007166137599979305,0.0003440580064406895,-0.0025727254775819164,-0.0004668059051392559
3657,0.0014735545632740266,0.0006756008930206281,-0.006092105587299224,-0.00260134487881325
3658,0.002726636507084157,0.001022590967305309,-0.005472737724466659,-0.004997445052082883
3659,0.0029352062182778638,0.0012247541969911957,-0.0075786005184075855,-0.004638592698147481
3660,0.003356036061021972,0.001436356088312385,-0.007360573830089756,-0.0051833974308661546
3661,0.002674976890467362,0.001062287313697674,-0.003298035864189919,-0.004293021705010225
3662,0.0015897673365433684,0.000683904877839786,-0.005621047122380485,-0.0030018422005635426
3663,0.0031344962667285703,0.0013552935900959795,-0.00535337365247901,-0.004097395055583153
3664,0.0015054442808227764,0.0006846588248369534,-0.0053528020427048295,-0.0026375660028183923
3665,0.002604026076491184,0.0011475846652521104,-0.012340519451808085,-0.003268159213916322
3666,0.0013515587068542723,0.0005688796924575301,-0.0024502604257861105,-0.002777777777777879
3667,0.0017969150117593813,0.0007673363078297968,-0.005117621425538177,-0.002242637723688601
3668,0.0017974152189933479,0.0008149192104743574,-0.003084117973242484,-0.0014338522385951569
3669,0.0027765016122267006,0.0011457917387374117,-0.010782205486777274,-0.0032126701088133203
3670,0.002152216760323289,0.0009277136204101366,-0.011575881123909726,-0.0030960818300679316
3671,0.0015332191147667817,0.0006706756417350912,-0.00354302317669164,-0.0015774813543293353
3672,0.0017145647037495326,0.0007807362817094932,-0.005301168396369238,-0.0033440351826222736
3673,0.0022536149223535418,0.0009427815235028281,-0.0024963007833705975,-0.0037850730224316953
3674,0.0013297460845450582,0.0005660300112709515,-0.004206419524853788,-0.002654133547935089
3675,0.0019446779588504493,0.0009255414583308474,-0.0024594457321150953,-0.0017399491536130851
3676,0.002481148940761624,0.0010436440165032812,-0.007438226991319963,-0.004447742282624789
3677,0.0012539107636104774,0.0005566239152497432,-0.0043777094352646095,-0.0016745793997795522
3678,-0.00031447855250454904,-2.335371312253698e-05,0.00014752078101110122,0.0016756958714738701
3679,0.002117861586108827,0.0008124362109872274,-0.003387703730992897,-0.003817313241003095
3680,0.0021476267614368716,0.0009113386770261411,-0.008368586798037814,-0.0031657574257509813
3681,0.0017283832817739375,0.0006365986898954068,-0.003207938763750029,-0.003861174628588704
3682,0.0013894604289808044,0.0006107319929405108,-0.003605640532367116,-0.002628716150132049
3683,0.0006804363672706648,0.00033577641196386177,-0.00014348367399885653,-0.0010640473732395073
3684,0.003603737438971688,0.0015940354549127678,-0.009280193627246913,-0.0057351146710052925
3685,0.0012115627397684126,0.0004515148745429798,-0.00510682120156114,-0.0023069771712558307
3686,0.0015983117329425034,0.0006112282213617815,-0.004655553121761247,-0.002333702144309835
3687,0.000705001816344919,0.0002972338621312631,-0.0019493071134475404,-0.0013939102631085332
3688,0.001190563801705402,0.00047531247855864267,0.000926447603043945,-0.001707631386231423
3689,0.001662639057895321,0.0007490864540286024,-0.0022573940891079114,-0.0021927367048683033
3690,0.0018370954424093977,0.0008419486593897185,-0.0021050946200832366,-0.0024449978559883956
3691,0.0025971923266082664,0.001050706994284334,-0.009741416652933987,-0.004875802375387206
3692,0.002167775177671638,0.000957122076805067,-0.007444983381702519,-0.0035718672275616425
3693,0.0006724559653559226,0.0002119576791183575,0.00029787602263114943,-0.0010286390553605473
3694,0.0026610455019723256,0.0011220935266937349,-0.00719858070912327,-0.004241973547304823
3695,0.0024719638406168754,0.0009690717383601388,-0.00433550397897875,-0.00428911286718181
3696,0.0010415298415427099,0.0003721617038355274,0.0007451154722108444,-0.0025132267695195942
3697,0.0024176818910920383,0.0010311966597171818,-0.006573049170858936,-0.003839395771108811
3698,0.0021207180602585973,0.0008890102544120704,-0.0043270661421128676,-0.003605227579990933
3699,0.0011487344111902331,0.00046200961343290103,-0.004053752868697413,-0.0016818174498374194
3700,0.0030620158987691992,0.0011701956055943374,-0.006598496440633428,-0.004884443679580408
3701,0.0017476656666837176,0.0007118733537914146,-0.0025413996473726552,-0.0027628708819398273
3702,0.0001574629159996066,9.590712912094235e-06,0.007602596824886676,-0.0004674395480877003
3703,0.0014202490893349684,0.0006065616389612782,-0.0029107814896803808,-0.0023979787384261764
3704,0.0016611054283790505,0.000566891993645513,-0.0006796017201967097,-0.004198361185350552
3705,0.0009126781574373966,0.00035324951443885255,0.00047458307887471296,-0.0021113615359606985
3706,0.0014116303190147006,0.0005633790721309706,-0.004056236732408847,-0.00257919473311774
3707,0.0011671531186031592,0.0005384618217058879,-0.0018534126309637244,-0.0023945014921018526
3708,0.0027530846884931126,0.0012830213446946848,-0.008122494803730007,-0.002959816255121206
3709,0.001907294342245458,0.0007954087262473375,-0.005993700399567481,-0.0027406023444801475
3710,0.0013774341831553905,0.0006421821149366902,-0.0032002180766059762,-0.0013923770335572128
3711,0.002640133875796813,0.0010812490709626865,-0.01099978214469094,-0.0035748635086598757
3712,0.0022837487389331113,0.0009256234848755707,-0.0040251276529222335,-0.003988853307705487
3713,0.001912453290439542,0.0007637093548756579,-0.005294969249710124,-0.003491635687732364
3714,0.0019663275330147334,0.0008968441333156441,-0.0077114438051388845,-0.0029358191363978436
3715,0.0018509225361869053,0.0007120478328381252,-0.002004028248098977,-0.0036410394784618383
3716,0.0013336780922896807,0.0006409804277632547,-0.0028568083271708344,-0.0018141667561226704
3717,0.0016684713825813047,0.0006565207457369104,-0.005290425827966183,-0.0022486344605772146
3718,0.001404133921014905,0.0005507441756407438,-0.000912485924442652,-0.002001462672298948
3719,0.0021816346060806735,0.0009170547698303111,-0.005129962130302923,-0.0037203917519322838
3720,0.0018912752526262788,0.0009040582332832392,-0.00712337444052541,-0.0023292083749566483
3721,0.0011473079523811047,0.0004569976299426681,-0.002011782173269472,-0.00241943279988055
3722,0.0026640808548954453,0.0013005256957935307,-0.008375699940374737,-0.0031180978529314896
3723,0.0005616953839581162,0.0002727136764992255,0.0025273943231174933,-0.0008743425427725215
3724,0.0019452104011724036,0.0008490453908430451,-0.0036737415349422653,-0.003363526784131432
3725,0.0030712460044571843,0.0012794940293019696,-0.00853807917752003,-0.004753375051372077
3726,0.0011192797712786806,0.00044286437810472923,-0.0011498343847822778,-0.0014829461196242955
3727,0.0023196908809931527,0.0010331774485629608,-0.008740615210192204,-0.0029641074482432694
3728,0.0014833706795730484,0.0005910956347297547,-0.0034015534565503547,-0.002898949589468458
3729,0.001678364953438205,0.0007447611174833668,-0.0050411897984687926,-0.002604309301483254
3730,0.0020754291964926175,0.0008920510957183825,-0.008622575662653953,-0.003040060784625931
3731,0.001853434530057263,0.0007145454996247413,-0.0035092881605723325,-0.0034661189684940252
3732,0.0016568770305045444,0.0007916432220158309,-0.006941791886846016,-0.0025775574816085944
3733,0.00032212666473208085,0.00019438135535740364,0.001981102567369497,-0.0010121574569976755
3734,0.0015730367201228779,0.0006667135128901602,-0.004422717462903347,-0.002816119308265863
3735,0.0015077892690976702,0.0006418093467952524,-0.0033678211996734375,-0.002744869645084802
3736,0.0027014736969231956,0.0010665778731269449,-0.005319387252690322,-0.005495518136885202
3737,0.0010504671975939406,0.0004586250969937644,-0.0016044119151994995,-0.002375009044208065
3738,0.001867333781767233,0.0008332819359744559,-0.002689731080593283,-0.0016826907638258781
3739,0.0017793677145325204,0.0007407480108450604,-0.0015697064089115753,-0.0031887729129419506
3740,0.0015447044042710134,0.0006570337881895427,-0.002607199376465863,-0.0025316283251746174
3741,0.0016787817833477936,0.0006915330692468802,-0.0052265132133147985,-0.0027218235673690527
3742,0.001987602518567777,0.0009532633395459567,-0.006677204104168999,-0.003243102222941885
3743,0.0021856653271228876,0.0009846674936770383,-0.010147480184821256,-0.003726450438878315
3744,0.0011878366667649187,0.0005634931988823533,-0.004608955454950214,-0.0013254338928304632
3745,0.0006980797037396957,0.00022136904863467866,-0.0005797706342296483,-0.0016996241215885277
3746,0.002566479309436376,0.0010266689248641936,-0.0063337949839738505,-0.0037824825220947877
3747,0.002610007046970897,0.0010350419550962664,-0.009393568382942807,-0.004156227778354893
3748,0.0025042499801877227,0.000941301419632945,-0.004414366944614501,-0.00457617042959213
3749,0.0019019973191033435,0.0009307174798348916,-0.010779753888167543,-0.0024438605904736344
3750,0.0014984285121172336,0.0006299125925144922,-0.0007511801824989228,-0.002823786374578585
3751,0.0016017072471884441,0.0006222914775168842,-0.0029898137889989296,-0.003307001239157392
3752,0.0016197126059074307,0.0006258464942439645,-0.001485526163327866,-0.003109651707782435
3753,0.0010991219474186797,0.0004712801764675534,-0.004763751503956248,-0.002290717680843768
3754,0.0015395768377732821,0.000642333050911742,-0.004876759605571712,-0.0017752913664278447
3755,0.002611311329395183,0.0009787608990332042,-0.006928197984617912,-0.0041511171424416515
3756,0.0019420362078177988,0.0007523282361422412,-0.001095298829308533,-0.004112473154050944
3757,0.002365722589841912,0.0009462533681534324,-0.00807641982077606,-0.00393930844610435
3758,0.0008499090739030324,0.0003800175680335749,-0.0032623469389690407,-0.0014808174299955068
3759,0.002892444866245125,0.00132696043710967,-0.007383647231598234,-0.004394899522683793
3760,0.0029669258630364848,0.0013539910430416524,-0.01195420107967421,-0.004280482537879493
3761,0.0013918761278109981,0.0005468649066384945,-0.002917989923739872,-0.0013781561016310562
3762,0.001875375472273233,0.0007281042113159442,-0.0034547884223286585,-0.0028277943910698378
3763,0.0008686788022218561,0.0004990427028292443,-0.002444220323915003,-0.0001348920863311065
3764,0.0009206181667837932,0.00043930219104459933,-0.0018819443981853978,-0.001130972084298687
3765,0.0019223072636314065,0.0008688764136005334,-0.005715318452076235,-0.0018623770703698472
3766,0.0021443034238225467,0.0009773455447063262,-0.005995961408172545,-0.0023137559147616837
3767,0.0007543412057994248,0.0003967393714573997,0.0020272082852992868,0.0001598059842924382
3768,0.0016771080197660049,0.0006909324931163308,-0.0013923069759177453,-0.0028111702242787917
3769,0.0016488803876593683,0.0007524133171664948,-0.006066890811025294,-0.0017687183316056343
3770,0.0028456351234697475,0.0010792880686709694,-0.006436335530142945,-0.005008801939748286
3771,0.0012877165167901605,0.0005773164663212538,-0.005717479286422189,-0.002227177829230653
3772,0.0021956903102400283,0.0008090737130944659,-0.005540337555136665,-0.003941108617929179
3773,0.0020066973470331817,0.0007982293028718501,-0.007982545257429863,-0.00362211576049698
3774,0.0015913919506576613,0.0006580692995760973,-0.0023311987836611703,-0.0032659900662701524
3775,0.0034046014674400382,0.0014948657115472497,-0.008819772403089732,-0.00465293103571951
3776,0.0017815977772281943,0.0007633710026042351,-0.0060481994830788866,-0.003255034920520372
3777,0.003441827377046236,0.0015417702413780543,-0.011143169737277414,-0.005259745503266355
3778,0.0015068843934556986,0.0006326426495257831,-0.003921065851334726,-0.003193758429927751
3779,0.002082355163607552,0.0008568985130045226,-0.005971477090253585,-0.0037912510811174416
3780,0.0015878381189113333,0.0008394042678474545,-0.007479225117697386,-0.0005968540018098656
3781,0.002054006291047572,0.0007716198050123635,-0.00423989246676737,-0.0032533029085437537
3782,0.0008020538556184342,0.00048698604450259086,0.00034822387471639127,-0.00039043075584288545
3783,0.0024576187134444094,0.001079237942995831,-0.008581069768274885,-0.0038856350375809923
3784,0.0013963635098802052,0.00062317002552012,-0.004065957565530298,-0.002669591697719964
3785,0.002256642185071267,0.0010636649285329647,-0.007665975263909275,-0.0031335029419564675
3786,0.00168855503271359,0.0007269318780248613,-0.0076807887167693045,-0.003290627570219695
3787,0.002075595077310366,0.0008272389098204214,-0.002322110318754955,-0.0036337376290436207
3788,0.0015465240124492574,0.0007199338676597,-0.004901017923033046,-0.002938840147906352
3789,0.0024567941964390716,0.0010041575975901218,-0.0055567634121646,-0.004891107831107466
3790,0.0007857904767533674,0.00035489886600345577,-0.0014081070856067912,-0.0013196093956189259
3791,0.0023231941734060957,0.0010418496806085253,-0.005435122913429291,-0.0036187348502619843
3792,0.00140560437944115,0.000620464242000851,-0.0004329980292804847,-0.002083215248872783
3793,0.0016659592189562922,0.000638934898647664,-0.0026376462634539743,-0.002710443166934917
3794,0.0032191024733672635,0.0014945714308074731,-0.006209029855373416,-0.004093843489214266
3795,0.0016746403843026503,0.0006739453255816541,-0.004533525912978009,-0.0023158859131207077
3796,0.0019873687098638237,0.0008269591049409886,-0.0054716953937463675,-0.0036391856848820847
3797,0.002644030091259242,0.0011536345843039253,-0.008105833452515143,-0.003522863649679242
3798,0.001803007078699237,0.0008922495849376377,-0.004223082321668514,-0.0010651904633175446
3799,0.001871780037334514,0.0007758480642359178,-0.005019258928259274,-0.0022737412982180016
3800,0.0026246441871320414,0.0010217282473790057,-0.004386331072526395,-0.005234520607110493
3801,0.0019780937334580306,0.0008177907472994572,-0.008441299632157173,-0.0032742480523032524
3802,0.001604670514445461,0.0006593218048953076,-0.0077078211700216115,-0.002787157281200603
3803,0.0018206176222695936,0.0008038482469475416,-0.006344941166150697,-0.0026910673182259925
3804,0.0023107754150659687,0.0009202135705550785,-0.005422803313614,-0.0040803607598035585
3805,0.00250553647725954,0.001094333571366679,-0.006498086352533794,-0.0033345076480660873
3806,0.0022769740319982246,0.0010211407954733853,-0.005266753359987775,-0.002789831078075844
3807,0.001662126382593554,0.0005941634180412214,-0.0028245163315650523,-0.00364995220300679
3808,0.0007898993812145427,0.0003629496505119234,-0.00033152384135815005,-0.0010979742534612535
3809,0.0022205429761347206,0.0010202756105219535,-0.005845788961216625,-0.0023910929804907832
3810,0.0010477393456669315,0.0003608498786114578,-0.00029519609498368515,-0.0021997100240817025
3811,0.0013347579888828287,0.0006020904190075782,-0.0024011248953816344,-0.0017458428773547974
3812,0.0022155007032386154,0.0008206664921807105,-0.006768671297384343,-0.004568588791188821
3813,0.0014764945677316899,0.0006459032967893741,-0.004864422798349977,-0.0020495776208281358
3814,0.002498708067052935,0.0010476970348103354,-0.004984859242812223,-0.0034121697900203474
3815,0.0032265240012295804,0.0012408364413581396,-0.005491603640210063,-0.005073941322409792
3816,0.0012791734668319288,0.0005431322875047717,-0.002062487121576806,-0.002434359103404171
3817,0.0024017168077646867,0.0009849521159937258,-0.009327377414315163,-0.004209764367487767
3818,0.0009897621878470764,0.0004544062216967071,-0.001961285684636438,-0.0025926910145464
3819,0.0005938863564207697,0.0003242055296265589,-0.0016188386146003264,2.902673362159547e-05
3820,0.002425199628802166,0.0009970739305073806,-0.005995472297582793,-0.004073857830973471
3821,0.001417485534189744,0.0005343129827589665,-0.003213445400494175,-0.002591411100364982
3822,0.001086081988661225,0.0004304083258399316,-0.0048191016524565256,-0.0035195437546936548
3823,0.002335365465733208,0.0009123968602192667,-0.005547083298850952,-0.003853618157914962
3824,0.0016075946105516548,0.0005988811270570826,-0.004402924097097416,-0.0031377516445278975
3825,0.0021528703598033827,0.0010279006585191541,-0.004860780511237117,-0.0016221702813190575
3826,0.0016562928512641184,0.0007069298277053992,-0.0033520029054388,-0.0021076497229238766
3827,0.0010132384484862755,0.0003143727626791215,-0.0009368654784764896,-0.0020611004484133444
3828,0.002955955200216631,0.0012253851693752316,-0.007217690011821154,-0.0037361886133335798
3829,0.0015657267559320287,0.0005517221171502662,-0.008731085488228985,-0.0021406486761086363
3830,0.0022895632930298726,0.0008202049401415112,-0.0025859994325196367,-0.0038167813965670483
3831,0.002770807540921405,0.0012173478603069998,-0.00964701725844419,-0.0027628330224584996
3832,0.0013078569890287994,0.00058546017646538,-0.0030838883165074105,-0.0023525652327222035
3833,0.002713268169923344,0.0011329890053154434,-0.0066971228089953705,-0.004867461393242123
3834,0.0010935000981225906,0.00032818170107087874,0.00014273943693310365,-0.003344104322124286
3835,0.0009017620275459937,0.0003960011737485225,-0.0004934303287811304,-0.0008633214330040495
3836,0.0022491024802072657,0.000881527522120007,-0.0035054317575513583,-0.0037532744186601352
3837,0.0015636751012525485,0.0006320518480434634,-0.003273406029187076,-0.0031258019205575582
3838,0.0012012216570251866,0.00044096625458237004,-0.004277841097010682,-0.0026544224504353453
3839,0.0017065395343625611,0.0008140179318260055,-0.0061335313489577215,-0.0020996492801136357
3840,0.000863615549622887,0.0003005075661299539,-0.0013955192692796103,-0.001978578870852288
3841,0.0016634896917531172,0.0006660654343660366,-0.0002719157305080544,-0.0021650222036255773
3842,0.0014901045282441627,0.0005980648202137673,-0.002178025461510913,-0.002798069118715052
3843,0.001993952427535972,0.0009305798584676173,-0.006806693161579613,-0.002642053556008106
3844,0.0025058180781798445,0.0009998344006134086,-0.007440601361521526,-0.004413630871622498
3845,0.0016712960179324776,0.0007116777747238068,-0.002436931598599257,-0.0028527232624947496
3846,0.0017384054326164966,0.0007639278165127716,-0.003002489881759829,-0.0022075072799074835
3847,0.0021596737468568827,0.0009275168003089473,-0.006445809698942484,-0.0037514497278970937
3848,0.0017731348292860938,0.0008090318807391916,-0.008654585071628529,-0.0032392527119325942
3849,0.002193142806434012,0.0009651116151647432,-0.008881110069574927,-0.0036126733945341938
3850,0.002244190916266986,0.0009113150775418022,-0.005049773520207357,-0.0031869676128635227
3851,0.0028587390850031147,0.001155103202067298,-0.006755051122561306,-0.005148485188930074
3852,0.000793314140037249,0.00038444458082934063,-0.000669365654638765,-0.0005329453336104795
3853,0.0003627430975076673,0.00011160260473097594,0.00020004714462734663,-0.0012227173428879246
3854,0.0015743763388150755,0.0005450803229000711,-0.004379281695141624,-0.0021289187847377544
3855,0.0020081689303400596,0.0009565676704453019,-0.008141938621106792,-0.003604295611326913
3856,0.0009597906628875386,0.00038907607606797345,-0.004933176760347546,-0.0015440775574184773
3857,0.0012521849527437068,0.000544771244325587,-0.004307402072206923,-0.0019453797231574477
3858,0.0018023758933201073,0.0007769909244544626,-0.0031299805283956927,-0.0031751404173978592
3859,0.00242798614290779,0.000982583604454218,-0.006422508000382188,-0.004135077150950184
3860,0.0020116816972304274,0.0007940776044848274,-0.005671912081080033,-0.0033767772511847927
3861,0.002599067033768443,0.0012715256262486874,-0.00863377742983884,-0.0031109822586230518
3862,0.0012727754932643776,0.0005028364847938782,-0.0024242593734182805,-0.0020155069955867244
3863,0.001988402045670301,0.0009747757311987792,-0.008513575147346741,-0.0026438380403225326
3864,0.001702362600597862,0.0008930851516120719,-0.006411211650989901,-0.0016552401876765988
3865,0.0033195775960184193,0.0013154945976911747,-0.008966870604780519,-0.005343264595464525
3866,0.0006029312157388445,0.00027720743314035845,0.0007861652051188162,-0.0013038740875979116
3867,0.002347151346374421,0.0009938424975215743,-0.0070629186786813625,-0.004081815735175409
3868,0.0016545153877615126,0.0007759347288905649,-0.003132149058015843,-0.0018268147432801696
3869,0.001538700363744594,0.0007175691768439851,-0.001270641826072949,-0.0028753546238732275
3870,0.0009711086661899904,0.00046805397006183247,-0.0014162243673498942,-0.0010181351266345118
3871,0.0014980672611588086,0.0006451657213007167,-0.00565140187252372,-0.001924488569571503
3872,0.0016475467216217066,0.0006943514088585678,-0.005596830473404091,-0.002765381812373402
3873,0.0023103957816799636,0.000999943101046341,-0.0072176274421445474,-0.0028557829604949347
3874,0.002258066818856097,0.0008819689670618858,-0.005224124343998049,-0.0035458398527458135
3875,0.0017910894228274632,0.0007385226248315668,-0.0011708150238121662,-0.0036586768133970438
3876,0.0018697915900549589,0.0008219014874541464,-0.007168750445338046,-0.0030672564456348805
3877,0.0014318558886162736,0.0005756345652129513,-0.0033412724395254223,-0.0028527148306534134
3878,0.002623495701702283,0.0011266107017567917,-0.006819566794148968,-0.0036390508768313623
3879,0.001237149342117272,0.0005286572778872844,-0.004705197009018669,-0.002109905229041642
3880,0.0023490860640092426,0.0009850601962782812,-0.008337085010479639,-0.003916556664132376
3881,0.0014358224074850212,0.0006980825963525672,-0.005050378988816329,-0.0011012973282525929
3882,0.0010409605207958306,0.0004048412122579226,-0.00023813323781052276,-0.0019288633714098502
3883,0.0013554499271203335,0.0005830921170378034,-0.0031327932038474615,-0.0019814564301072757
3884,0.0006231563483690694,0.00027376267603759774,-0.003198037815546395,-0.0016007103152022584
3885,0.0016915937950579552,0.0007616925275898967,-0.004145869888288356,-0.0016942662641088457
3886,0.0029585425444315083,0.0012736864756297817,-0.011999881048422312,-0.003810381038103716
3887,0.003243495063501911,0.0013906980757624199,-0.010300790859408215,-0.005611365067199614
3888,0.0030449314113100145,0.0012198939328387781,-0.01121780743199885,-0.005686692726710518
3889,0.0021980338788929465,0.0008230200328461779,-0.003709402575278853,-0.0040117014945391105
3890,0.0010709151585182042,0.0004316499995805634,-0.003097727065398237,-0.0021399425173701525
3891,0.0013753032681532718,0.0006067853951493007,-0.003992000227406645,-0.002791691711747757
3892,0.0018629435810689765,0.0008332863698521653,-0.006249577004811768,-0.0021259642961982683
3893,0.002298052871837042,0.0008981132049799834,-0.003638919679681496,-0.004579096842431851
3894,0.0006725413949865144,0.0002518200230819667,-0.000654761217755484,-0.0017018530585906078
3895,0.000875976489207897,0.0002793251419664078,-0.002956441479026739,-0.0019050300884294602
3896,0.002491003703798733,0.0010854904409846322,-0.0076380462568318985,-0.004296534776657923
3897,0.0031644947195711426,0.00126614445308873,-0.008029918454650842,-0.004730195593094733
3898,0.0023833366002519174,0.0010639423052565267,-0.006563026248934345,-0.003439557024606632
3899,0.0018932193337928838,0.0007234880803773658,-0.005715378706747765,-0.0033791458427986365
3900,0.0012804107217595506,0.0005132575056504551,-0.0008978845229684063,-0.003223887101099443
3901,0.002277206760770256,0.0009208880718255541,-0.002556259255902249,-0.0043892532564902
3902,0.0008037248835575106,0.00040644583913346244,-0.002364141300570499,-0.0010692141042880632
3903,0.0010089385026650355,0.0004421218713701325,-0.0021709082924287193,-0.00261716944059176
3904,0.0018463701123252463,0.0006876305417231054,-0.0032572229432976663,-0.0028968848908877964
3905,0.001486491764514264,0.0006298449879894585,-0.004264141941115518,-0.002466834153716624
3906,0.0019645718174652327,0.000783813781888798,-0.004161340610097153,-0.003933761987453432
3907,0.0012622081169509913,0.0004963479303831675,-0.0009780022637380092,-0.0022567676226211697
3908,0.0013073430486317816,0.000621456545557425,-0.0033719401296873897,-0.0014319809069212042
3909,0.0017501945158440169,0.0007335733193090388,-0.0038545485501513266,-0.0034083753705524966
3910,0.0029102302280462067,0.0012828491430987576,-0.005093221521966618,-0.00334811387442957
3911,0.003215307579549631,0.0013742643645503483,-0.010949550086114979,-0.005185498390749221
3912,0.0008012710361094966,0.00036491696945895047,-0.0014098823188863352,-0.0012165121245708566
3913,0.0016563900717172508,0.000758604859258688,-0.005586501010963141,-0.0018504503003812234
3914,0.0020754368922312194,0.0008841698774690598,-0.005637007616981882,-0.003618286182861863
3915,0.0025349378629190844,0.001068286837965754,-0.006252529427430764,-0.003667558218675815
3916,0.0014866443964868248,0.0007048255891043131,-0.005241286794734734,-0.0012419966166299368
3917,0.001067678731191568,0.0005046930532358052,-0.00720484633092483,-0.0009755206367426661
3918,0.001973366240855756,0.0008898782754182544,-0.004083539675432457,-0.0028211620551066297
3919,0.003095453242522417,0.0012853105601211001,-0.008397372682501958,-0.005360635337160691
3920,0.0028140362813861564,0.0012667873841383515,-0.009681531958212641,-0.003313397129186546
3921,0.0028201269372769566,0.001071912152963428,-0.004375567140082526,-0.005506318006317956
3922,0.000794080545378939,0.00046641413435932755,-0.002812162563322562,-0.0006503156338395488
3923,0.0018501067231668777,0.0007735887559060517,-0.005816422188171133,-0.0033203542694483223
3924,0.002554846385775633,0.0011882797701217862,-0.004610345752293354,-0.003936810493120335
3925,0.0019549095488594626,0.0008439322518946357,-0.004805792273384013,-0.004198308039736642
3926,0.0013209832208695982,0.00046217946554180656,-0.0040910900023303776,-0.002920246908516666
3927,0.0025040489660636545,0.0012215111980547755,-0.0091827121239339,-0.003297300453143026
3928,0.0019946247092496594,0.0007845190595404394,-0.0037336101973005076,-0.0025289902498782935
3929,0.0022895423364838186,0.00099698772905088,-0.004873381613401895,-0.0025453687045745577
3930,0.00279051909575756,0.0010982482282651806,-0.0067199791247914975,-0.004354471676818128
3931,0.003001889414665615,0.0011779885333412232,-0.0065587220601828755,-0.0055934439937026514
3932,0.0020285016780304255,0.000833956027215782,-0.008468695422154837,-0.0037821121676208103
3933,0.0016977637389307132,0.0007693682295853155,-0.006678805615586592,-0.00351985559566792
3934,0.0025457956003721582,0.0011349200567066786,-0.010505544824416568,-0.0035864522115681696
3935,0.0020055957028739524,0.000845369754710612,-0.0063306790446192585,-0.003610341325713917
3936,0.0002125421779194392,0.00016820910439604986,6.130455074970786e-05,-0.0006829110254750193
3937,0.001247673664655613,0.0005071322670981426,-0.0030800059489914933,-0.002425611479140777
3938,0.001878008785363705,0.0006628763754640554,-0.005273565627790078,-0.004049546993999953
3939,0.0015063130473556008,0.0007698745983538147,-0.00516975907052819,-0.002429891683378149
3940,0.0006492972268157815,0.00029976269120565724,-0.0018398379054059832,-0.000818473195802194
3941,0.0013731387077431378,0.0005687662052304698,-0.0029367768836645047,-0.0024859770059240116
3942,0.00247987316098619,0.0010347311916981128,-0.007156339393828426,-0.0041105717097909
3943,0.0022489098325632617,0.0009737325350628601,-0.004383902968820408,-0.0033807688010736303
3944,0.0028392680545226145,0.0012112108836774549,-0.00702563340222867,-0.004025253026022191
3945,0.0018528250922279499,0.0008308276847024121,-0.005765411189553982,-0.002600677563832643
3946,0.0016654655965196996,0.0007252724956043066,-0.003306115255618247,-0.0022826039649711527
3947,0.0020091564211006663,0.0008787506336178086,-0.0046165000244848264,-0.0022998931545700207
3948,0.0011950517304685215,0.0006307908347787938,-0.002972810248507596,-0.0013016735921318467
3949,0.0013166190220927354,0.0006734034915092391,-0.00488795181866386,-0.0012443210788695147
3950,0.0019521058135831826,0.0007807250399199939,-0.002875903396469648,-0.003476302389345931
3951,0.0028547404373376883,0.0012259382238939132,-0.01200694296361976,-0.005016664502445534
3952,0.0018998145711848213,0.0007829922555901425,-0.0039002595849641497,-0.0031515052608196426
3953,0.0027695051168766804,0.0012913948832820876,-0.007715110880797238,-0.0030928627983259904
3954,0.0024981071936834853,0.0012007302686454224,-0.009552461927695488,-0.0028398782007794665
3955,0.0017612534011531844,0.0006983590552883945,-0.002943530136799155,-0.0024532773199763547
3956,0.0030867373224104933,0.0012765543806364799,-0.004949940183742729,-0.003965814467863704
3957,0.0029217095528545345,0.0013394601125549244,-0.009101820452441012,-0.004315461342343285
3958,0.0020777365388285896,0.000845907166386578,-0.0018146111961606093,-0.002490320003371682
3959,0.0015666717798257235,0.000632067335294445,-0.003404694539092701,-0.002933573261848288
3960,0.001001728540265645,0.00035428573816015385,-0.0017117864575461605,-0.0025090401446423716
3961,0.0017770866793865303,0.0007873432238980904,-0.004950479362010263,-0.003708617284697624
3962,0.0028137078779522096,0.001135245221751624,-0.007809483588076593,-0.004040131728975105
3963,0.001479253179800133,0.0005188005223628611,-0.0015777848097990321,-0.0028778531215712944
3964,0.0024024820712506,0.000994558931745687,-0.002789534174912789,-0.003688520921906524
3965,0.001876759072827694,0.0006601516118342476,-0.005018353451531732,-0.003018170619032867
3966,0.001450085757282893,0.0006655391012177769,-0.0015859003659263182,-0.0016860007705581381
3967,0.0018660391912361796,0.0006814011816896892,-0.005717383468098081,-0.0034275200326464583
3968,0.002928316195828562,0.0011437068434048403,-0.004716462935290433,-0.005477947953483553
3969,0.0014617420053044672,0.0005797940235583998,-0.002356155653654879,-0.002411136545858117
3970,0.0010136917838076132,0.0003518515934806399,-0.0007024433631759308,-0.0009412755240116866
3971,0.0031790394157710233,0.0013636895848280761,-0.012040237250287134,-0.005507195513417051
3972,0.001574006325719579,0.0007852403157123933,-0.005269339689091546,-0.0027436914632122944
3973,0.0021209799902301985,0.0009267246781818339,-0.0032938063213938107,-0.0024276640790402704
3974,0.0024775866429364024,0.001124801739211173,-0.00908217395820815,-0.00399485884723072
3975,0.0014908164950285796,0.0005329548786049132,0.0009682932956631141,-0.0033506736762576317
3976,0.0017924332130818121,0.0007694939064376294,-0.0023638171440619193,-0.002840888812751241
3977,0.001439297395345096,0.0006241450563722606,-0.003905163688188662,-0.0017109448161239937
3978,0.001431492236961096,0.0006175007401723887,-0.0035890546123739653,-0.0023978385680513137
3979,0.0011455939730534714,0.0004635098584572783,-0.0025923025249392495,-0.0018728024630632056
3980,0.001681090381483008,0.0007669090521216226,-0.0036389442459581756,-0.0020145736850893936
3981,0.0026135128654256046,0.0011226731922132915,-0.007429004664042005,-0.004031795529762627
3982,0.0022224714382582667,0.0009078995353146435,-0.004959105594288804,-0.004761098617099169
3983,0.0011547871831353307,0.0005600691721579787,-0.0046117473644298745,-0.0013884522027844959
3984,0.0014669967532824901,0.0006308135984416097,-0.005701620994914225,-0.0024082319543151653
3985,0.001803928705626845,0.0007920571610526839,-0.003966195338337197,-0.0026576629941159613
3986,0.001488515958588621,0.0006339392849296077,-0.0053635553561989235,-0.003596684258460381
3987,0.0019514587022109176,0.0006897603426247179,-0.0013576881868533341,-0.004189060758995833
3988,0.0011210365310386772,0.0005878120320599312,-0.004827298101777733,-0.0008681884153582953
3989,0.0013246214273833212,0.0005366073938160576,-0.00235989811979459,-0.0022940922948714304
3990,0.0017364518967478704,0.0006791353158305535,-0.003526780970717902,-0.0032669254941046777
3991,0.0011567324048421534,0.000568599534604225,-0.0045485714328583615,-0.0011786328797122048
3992,0.0022715553833833058,0.0010561808400123274,-0.005664171961413167,-0.0035113599424453357
3993,0.0012031468308248416,0.000488293016498248,-0.0043359482884948175,-0.002463913563540032
3994,0.002173706886947846,0.001015129238587431,-0.006946133520414621,-0.0030664007836550544
3995,0.00082274342364419,0.00022878467548612114,0.0010910731109697314,-0.0033819177388469956
3996,0.002086735016690433,0.0008855347590953078,-0.005991681781210678,-0.0033445512264509425
3997,0.0018919826392023165,0.0008176732173874324,-0.005176089257382166,-0.002096644035693762
3998,0.0007704437901909778,0.00032721272194008444,-0.000605879475009008,-0.002276702731586644
3999,0.002748172987589448,0.0011304834735932634,-0.007721847752354349,-0.005035263748252139
4000,0.0022898179000299113,0.000950606997220188,-0.00551576772333795,-0.0043667641947334745
4001,0.002110203761324536,0.0008396703470885114,-0.004418457300881418,-0.004006722630835791
4002,0.0021963090473128277,0.0008227476418362079,-0.0050850492520865265,-0.003363985036211936
4003,0.0012249571919263902,0.0005922580179425763,-0.0028313110223778803,-0.0015820259525513025
4004,0.0019613423420414833,0.0008317879383269167,-0.0025000473126465805,-0.0027141492295890135
4005,0.0017024145856915363,0.0007016936348596403,-0.004362690388669432,-0.0029585061563219828
4006,0.0012197325190353436,0.00048417115125021226,-0.0008938629189921277,-0.002626860960790678
4007,0.001925855529993692,0.0008990889049040607,-0.006044847203999837,-0.002695653820302457
4008,0.000812724641576057,0.0003502695948493506,-0.0010943496060766833,-0.0021291589571629244
4009,0.0020180087414823356,0.0008589858164896602,-0.01289110669125798,-0.00337863099929947
4010,0.002743227556274097,0.0012451760652762434,-0.010785573067892518,-0.004010863350485949
4011,0.0022337258379603875,0.001027991298518216,-0.008228234814955437,-0.0030464327339329023
4012,0.0017622433101509571,0.0007781648142222708,-0.0033298241947290474,-0.002112463217335936
4013,0.0012146786855180558,0.00045200037834608464,-0.006372598601883217,-0.0029283003964986065
4014,0.0016149935205397314,0.0007604647783330809,-0.0032551217241577057,-0.0023062742377448764
4015,0.00046156448205025846,0.00030615717702311973,-0.0031015199611106326,8.078290172186531e-05
4016,0.0017309783615467866,0.000709734255318395,-0.003481584634600965,-0.0033153984023125416
4017,0.0016991486073429929,0.0006577313447180821,-0.003537816380004888,-0.003263418435331067
4018,0.0033647730487562644,0.0015332302036960566,-0.014193794956755323,-0.004033406764516023
4019,0.0014199740433061825,0.0005716535740795392,-0.0040447794215200394,-0.0022793884294435296
4020,0.0012598235771552613,0.0005618055006408607,-0.004736079161091755,-0.0023874302512074674
4021,0.0016277606806589517,0.0006810483174153614,-0.00639573618263789,-0.0036843268734801926
4022,0.0005738483463339494,0.00027174545601785227,0.0012363935249999347,-0.0008780456684479576
4023,0.0028936930704751562,0.0012577211732228977,-0.015362984212357822,-0.004638115588321612
4024,0.0012682200821462208,0.000504396228669518,-0.002299117522757743,-0.002040687656672757
4025,0.001873887871396751,0.0008442379692694957,-0.005048246150115399,-0.003037515286197001
4026,0.000804125934782518,0.0003094770327663754,-0.001129938817352294,-0.0013243582507013185
4027,0.0015054552985344083,0.0006490820710448875,-0.004308085356171776,-0.0028276268695139883
4028,0.0017935421663488604,0.0006591368513854112,-0.00196936604401754,-0.004007779853862248
4029,0.0029099908501152294,0.001200173603259358,-0.009283911424171565,-0.005191859610010674
4030,0.0015612216994179695,0.0007804453883590023,-0.005673962641959407,-0.002063592064492137
4031,0.0016715544308002483,0.0006127502690928821,-0.0022162246289090803,-0.0027648658625704092
4032,0.0032324875941589504,0.0012846016230300683,-0.00858038438023917,-0.005580651963994265
4033,0.002863418563664566,0.0011844115265118027,-0.008247755593928818,-0.004179507123376669
4034,0.0022308732309042623,0.001004319517059954,-0.0060295895984517345,-0.003096878022132099
4035,0.002590946989949272,0.001126369261197635,-0.007241364463969058,-0.0035759587617737454
4036,0.0018958592727039703,0.0008341725856066406,-0.009311172409677104,-0.002480313974887016
4037,0.002779024348632142,0.0011799773789093193,-0.00596980853928436,-0.0038566194395847075
4038,0.0027274164343664697,0.0010049477222625058,-0.004500577380973092,-0.004673845566114387
4039,0.002600339048253797,0.0012825882237602337,-0.013427427585072094,-0.0027021482263224206
4040,0.001558125957886236,0.0006107675885163866,-0.00226299731444235,-0.0024628775814775627
4041,0.0009711770307414547,0.00034692354392767966,-0.0003146152688613957,-0.0025271011389493836
4042,0.0036965428985972215,0.001478850628101741,-0.011177265037899842,-0.005678272111269589
4043,0.0026191427121742272,0.001063270356035595,-0.005238668937556423,-0.0036787521314958216
4044,0.0023922703437271875,0.0010646645416946543,-0.012736677726127354,-0.0032303041179474468
4045,0.0006584958298879728,0.00038482269875647623,-0.00029075410279805203,-0.00047187830033934564
4046,0.0021933495362712607,0.0009557883700576919,-0.006617901074805255,-0.0030703318415336023
4047,0.001759235942260018,0.0006834627356772094,-0.005814167488701505,-0.002514940994448378
4048,0.0034123221792593528,0.0014133775674951554,-0.005737073637207379,-0.005803242370369999
4049,0.0009133880799462868,0.000370495072547522,-0.0017327455224044885,-0.0005441926494559324
4050,0.0020652080207144152,0.0008596761058316249,-0.008359845271693811,-0.0035040376986125166
4051,0.0015766697990321488,0.000669998814449152,-0.0038202675002756425,-0.0028007771362166256
4052,0.0015298439176688605,0.0007596231479636006,-0.006576493142440187,-0.0023252287317392373
4053,0.0014325216160094856,0.0006087733463782385,-0.002567321637631903,-0.0026463268244429905
4054,0.0015598806432297607,0.0006969867965513354,-0.00404982630726175,-0.002118589195713172
4055,0.0019130274006454173,0.0008672419942906406,-0.004415149485706427,-0.0020810703542780695
4056,0.002681274882747997,0.0011129680257631336,-0.008492767865851458,-0.00416820463605494
4057,0.0028709596644574953,0.001202064680756565,-0.010386377262199153,-0.004811187614933932
4058,0.001930529875388054,0.0008561904226636052,-0.0029956782661000325,-0.002259369259415167
4059,0.0014715490010205334,0.0006359602067268488,-0.004053734964030831,-0.00257777777777779
4060,0.0008813489037529099,0.0003456977833177499,-0.0008963303134724709,-0.0022500196680040885
4061,0.0033198229077971986,0.0015319526638367942,-0.006775058162606873,-0.004183034259988894
4062,0.002790214101678623,0.0012918370857654404,-0.009486030848631588,-0.0035503963194389865
4063,0.00021947722336124187,0.00011982971767848793,-0.001032653332448119,7.590402101553817e-05
4064,0.0006718970608404207,0.000271418997245948,-0.0013637784771390882,-0.001859352941938286
4065,0.0027233179096415316,0.0010898374309987746,-0.011713395212688438,-0.005647457855514348
4066,0.001353146312832676,0.0006744397447940031,-0.003811415139520047,-0.0024515820566012314
4067,0.0008379850100061481,0.00016888667770684207,0.0026709967796665346,-0.0022973375720246603
4068,0.0028877818547187184,0.0012844790368993775,-0.008373770027169158,-0.0039675862374352056
4069,0.0015130994567913447,0.0006392988352213191,-0.0032884126846272066,-0.002502380352179756
4070,0.0020444099729367005,0.0009776469920373676,-0.007021051178600024,-0.0030253119772470916
4071,0.001122494934719831,0.0003578326615240601,-0.0014851597034157837,-0.0030034566946264274
4072,0.0017543674017864719,0.0007931412889503886,-0.00743903884578101,-0.0023225375056018516
4073,0.001828887584994665,0.0008748195211161769,-0.0060407988713423455,-0.0021418594586086748
4074,0.0015609427820315602,0.0006850249938317732,-0.002834666948439535,-0.0024714564188248467
4075,0.0018966198605722129,0.0008188303127805441,-0.005294095473881155,-0.0029314465541047108
4076,0.0021492389808995815,0.000736859095407133,-0.0010394816591237088,-0.0045697374332220875
4077,0.0019483403546729505,0.00085716422934623,-0.00538141202463549,-0.002693240402806607
4078,0.0024573456735440535,0.0011397052405485997,-0.006683016339909864,-0.0035555775471992623
4079,0.002404156989219808,0.0009976819729038966,-0.0061416726522091625,-0.005187886289695354
4080,0.0014956829898115087,0.0006905039763136778,-0.005770455278712783,-0.002145308409464919
4081,0.0013559820038079318,0.0004939251407591883,-0.0023088774047672622,-0.0024216058541002283
4082,0.0024433729141559724,0.001054293506553089,-0.007250556951214293,-0.00371594759349847
4083,0.001555552964221607,0.000734432469061741,-0.003439402642046119,-0.0018382107191080577
4084,0.001259446466416403,0.0004625087922394966,-0.0022222297083414055,-0.0022011000271868753
4085,0.0015861656207670771,0.0006071668796923391,-0.004079816627581279,-0.003128552201231538
4086,0.0017288427830670638,0.0006421935799427458,-0.003003869894740885,-0.0029654064256140478
4087,0.0017354820628339707,0.0006431238370137593,-0.0004922758215523126,-0.003094407757717743
4088,0.0016753119889305612,0.000752743914862769,-0.0034936251232396964,-0.002483902401742677
4089,0.0015945926724408865,0.0006551058558335321,-0.002776489027635942,-0.001767297244550825
4090,0.0018655645866050286,0.0007725078842766575,-0.00045783686864553363,-0.00255545010369429
4091,0.0003968964559494248,0.00022165457924178122,-0.0029898799723890868,-0.0008485881923872007
4092,0.0024397025610766176,0.0009899761120630568,-0.005366950602169962,-0.004752527393902417
4093,0.0019301694760299748,0.0008801319030771748,-0.004728976463326429,-0.003016103479782095
4094,0.0019278897656132554,0.0007939915867898606,-0.0028372890318151267,-0.004155107412149639
4095,0.0015453006547636594,0.0006652401478729475,-0.003101325479142214,-0.002358288347865334
4096,0.002444620469540193,0.0010309764266795696,-0.004211405397827661,-0.003678923348506502
4097,0.0028359629069294456,0.0011586038565440937,-0.004803837584057835,-0.00408633784009349
4098,0.0002859138448730869,0.00010502245396595833,0.0017343423846299388,-0.0010511466508322798
4099,0.0015207157482102218,0.0006341719014935077,-0.0009273375097038628,-0.0027175582391645303
4100,0.001576980999074884,0.0006695776779671037,-0.0027064008429523723,-0.0029594079065279333
4101,0.0020621036415349736,0.000877141096290196,-0.005058763343897599,-0.004483631037303315
4102,0.002142209336655432,0.0008870716794229239,-0.006046037130922333,-0.0031237866110378487
4103,0.0013773958499886385,0.0006716983375340269,-0.003140412593649833,-0.002265988453833745
4104,0.002104084230078185,0.0009037525361335064,-0.007440391263147272,-0.004040176744947166
4105,0.0023077110100859777,0.0010733329860646013,-0.007040015410977374,-0.002771688356560831
4106,0.0014531268586305823,0.0006917454302047266,-0.004754572913574895,-0.0014826817526178981
4107,0.0017342430361464434,0.0007438374508128565,-0.005084971441928543,-0.0032655371444259007
4108,0.002335421341678967,0.0009056040542305965,-0.005622336176471898,-0.004331383294948754
4109,0.0023485508642444586,0.0009195494680191707,-0.003941724321129381,-0.00405586756664289
4110,0.0021173001186366447,0.0009354215422458512,-0.007690025423381486,-0.002952584869360342
4111,0.0025246081050851465,0.0010732126392106467,-0.005525121971479197,-0.003984046585348899
4112,0.0024218418983330547,0.0011171494131119175,-0.00622345272206315,-0.002889851896128004
4113,0.0016404207525664294,0.0007124515496132189,-0.0019407274846420797,-0.0018155607838871157
4114,0.0015721633160524773,0.0006994626088520917,-0.006154396908511217,-0.0019129587010675575
4115,0.0013324899750618568,0.0006219863442065154,-0.00727001728323784,-0.0021342062193125955
4116,0.0011555254921334912,0.00040503033723346404,-0.0018853898432123484,-0.002642463542469775
4117,0.00156335413576425,0.0007642415110432066,-0.006035392082048285,-0.002072782200236767
4118,0.0005080797219545463,0.00020942759539918643,0.0013817026355845141,-0.0010566169110927115
4119,0.0018641720079347612,0.0008230893910598502,-0.0034228201726637653,-0.003001320943117114
4120,0.00221416766142446,0.0009921438306098873,-0.008252902581224686,-0.0034669392301636126
4121,0.0009474524610443846,0.0003941066775606239,-0.005303143891563555,-0.0010700551107095668
4122,0.0014138197197411384,0.0006175270985811498,-0.0016358587490027388,-0.002488466627725394
4123,0.0020548596517219186,0.0008463891551548364,-0.009602455986841285,-0.0029089119556955367
4124,0.0021197309901525574,0.0009522795353725244,-0.00834395652270864,-0.002120328650940917
4125,0.0012580806852979798,0.0006136472023871575,-0.0025024990394305058,-0.002495323509835057
4126,0.0036641857555052004,0.0015538326576285955,-0.010000306794038905,-0.004773589938901868
4127,0.0015499300368121416,0.000599945324843254,-0.0018476639359009672,-0.003764882923455004
4128,0.0008471295557607172,0.0003410060293962125,-0.0017128744246850958,-0.0012678483505661475
4129,0.0028487174567001228,0.0014831669920549462,-0.013508485946869486,-0.0032106743815008
4130,0.0009223996885672769,0.00037658898907777516,0.0005972545165565113,-0.0019019066805426865
4131,0.0021663094541136685,0.0008310298053407494,-0.00604882342778329,-0.004392939971687548
4132,0.0007289953838985896,0.00045134748366845723,-0.002871047995652354,-0.0007728650383314051
4133,0.001478486493175224,0.0005671801357624295,-0.005446313030908145,-0.002972216067532618
4134,0.0016326256230232983,0.0006030916184045221,-0.0015817013834620308,-0.0031389747193768525
4135,0.0008768456352123977,0.00040631016596734404,0.0008445737249899721,-0.0011687061735186077
4136,0.001153473189830223,0.0005093574013078916,-0.006464890989376915,-0.002491318924031982
4137,0.0008002619568814873,0.0003930965374085438,-0.004706494649670989,-0.0006231308078114006
4138,0.0010116430637454599,0.00037310309498952976,-0.002119573433686406,-0.0017759077620830288
4139,0.0014778413289296966,0.0006945879328228988,-0.004424866437885033,-0.0014376460987316486
4140,0.0024773103105031336,0.0009929236789581464,-0.0044487791684200695,-0.004469855252665633
4141,0.002403260533518692,0.001014275929288655,-0.004554768994803893,-0.0028292983837183705
4142,0.0019309828699042852,0.0007722423045274374,-0.00358519461685336,-0.003346426251817025
4143,0.001652425150633574,0.0007440453482835951,-0.005113140196473354,-0.002138050529878699
4144,0.0023953127967565324,0.0009656739419391935,-0.004111643672597753,-0.004010963299685755
4145,0.0027265252712359578,0.0010278448380100502,-0.008189019684279875,-0.004259286136944707
4146,0.0015021138111055432,0.0005537676377598832,-0.0037155386542400137,-0.002670428594580998
4147,0.0024869837416197083,0.0010035550818011107,-0.003659965055286818,-0.004256444395990933
4148,0.0016713447254703695,0.0005981370001705288,-0.0029939812336979843,-0.003343435104330217
4149,0.0015207830847348003,0.0007021131601643582,-0.003029051420499418,-0.002296245788544926
4150,0.002301577111521791,0.0009811172877901009,-0.0077169948918435205,-0.0031459892175569326
4151,0.0030489178283023,0.0013726103415485913,-0.01191646888504333,-0.004236244744594164
4152,0.0017651033074442823,0.000706248431147638,-0.0026779066819884734,-0.003658390102441733
4153,0.001509011995647458,0.0006083862995522882,-0.0036995159177569126,-0.002355753547000128
4154,0.0013638155887254477,0.0005306353742059455,-0.003185691961117232,-0.002636015325670482
4155,0.00177759086364071,0.0008096054789919482,-0.0038165495282018735,-0.0029297980983394867
4156,0.002168466176416306,0.0008487456089789625,-0.005209502598528981,-0.0036946111966380535
4157,0.0027139063351274695,0.0011457406322661623,-0.006091651209597315,-0.004031937478992109
4158,0.002783964563429664,0.0010748996411960032,-0.005825845247586892,-0.0049948722438309945
4159,0.0014571574783197594,0.0006253158008079351,-0.004470914054859221,-0.0022959422366094495
4160,0.0020901243485395016,0.0008624806690840925,-0.004041467327987824,-0.0024962281609923753
4161,0.0017010210095667055,0.0006906242226350223,-0.0068255694008067525,-0.0028369745471801266
4162,0.001633124633677152,0.0007128157612205643,-0.0017450270231955667,-0.0019133333070060488
4163,0.003004486929839012,0.0013886769573157876,-0.011405172394875707,-0.004322168256285175
4164,0.0008186145695092684,0.0004432759880805548,-0.004532510724510275,-0.0009115704448960926
4165,0.0015317815705370164,0.0006287854560500794,-0.007203107226683714,-0.0027526026598421183
4166,0.001531306721271275,0.0005421010644749702,-0.004748368864444685,-0.0024104935533759697
4167,0.001872174383287517,0.00075897809944242,-0.004191087369752489,-0.0022550594282044756
4168,0.0018808793433440218,0.0007386656169899586,-0.005007294324949452,-0.00352752237572429
4169,0.0006656795191509746,0.0003230111686544912,0.0011061129390451674,-0.0005104062555389977
4170,0.0026370246655007534,0.001081264830571721,-0.009726827240024827,-0.0046563434830422246
4171,0.0022158421547533447,0.0009471540511456766,-0.009355887714248723,-0.003943609597419906
4172,0.001800124462948749,0.0008957387278426543,-0.01100590089793263,-0.002226386806596703
4173,0.002502148003882154,0.001024375450756898,-0.005285662147637482,-0.0037690598439270584
4174,0.0010083047966046865,0.00044415543745354724,-0.002481113882727537,-0.0009178019032949347
4175,0.0018777466976365176,0.0007223563548151013,-0.0030605995968956967,-0.003793159580246175
4176,0.0019167434691872987,0.0006921753967488453,-0.005964707552942261,-0.0026896118495007837
4177,0.0028598488282452483,0.0011668698001179312,-0.008948761299605867,-0.004641606391778019
4178,0.001173928783371525,0.000319066041678584,0.001704687356804957,-0.0035565452029164835
4179,0.000666770944632078,0.00024552266858968164,0.0003047940129438653,-0.0017297648132160726
4180,0.0025995859818409572,0.0010378224220438104,-0.008749318459560895,-0.004103797837968104
4181,0.002746881243316013,0.0012214405797069672,-0.006815155788313931,-0.004200016563907671
4182,0.001837783630196821,0.0008623148871250985,-0.009831051437102722,-0.0026059207311436294
4183,0.002015607060284197,0.0007146636732814626,-0.005436519841073073,-0.004672690078417974
4184,0.0035182907389995077,0.0014081926458900107,-0.0058353990360737185,-0.00457214327901867
4185,0.0025784784194863297,0.0010793471991338288,-0.00940316335973479,-0.004594059405940598
4186,0.0013308993639660205,0.0005256556842438698,-0.003043557096214733,-0.0023691134077720166
4187,0.0013431749273726812,0.00045808437017419434,-0.0036782498621938386,-0.0022420212445497523
4188,0.0008711269347461137,0.00027259087170244944,0.00276649537029261,-0.0019551282803556003
4189,0.0030184437501015182,0.0012244428137082042,-0.011620334618368866,-0.004841381849420179
4190,0.0015844428001969835,0.0007777351530447729,-0.0046033530391060284,-0.0017090549364823238
4191,0.0019692553592759454,0.0009544366008973626,-0.0061945424749311195,-0.0031655357575604004
4192,0.0016626891184268189,0.0007345239049681151,-0.005883625261143943,-0.0027033218785795787
4193,0.0031770348527385694,0.0014551445142742814,-0.009591903077509456,-0.0044812673725110885
4194,0.002298561929381493,0.0010717182719341412,-0.005776187654247145,-0.0032224107285911963
4195,0.0023279977361618798,0.0010182927423840749,-0.005683102041854682,-0.003810741912028792
4196,0.0018506065795717008,0.0006963489247470422,-0.002667181623016157,-0.0030659175920939585
4197,0.0017781739333377344,0.000802008970220397,-0.005870891743123163,-0.00294195077004078
4198,0.001321045231895801,0.000595540763389385,-0.004562699556791172,-0.0021700244739027985
4199,0.0010615779074218956,0.00047564986981768476,-0.0035683329650657014,-0.0023906114169803816
4200,0.002082399883901631,0.0008013570296688532,-0.0025403308663398683,-0.003224357018886459
4201,0.0014061646348489942,0.00048088188189474024,-0.0015726208878966697,-0.002669510269582509
4202,0.0015404709421543705,0.0006283809519542494,-0.004668054846842962,-0.0027044900856975085
4203,0.002031593670127174,0.0008529129864992824,-0.006566866216976219,-0.002950709026685816
4204,0.0007759152907317324,0.0003785305297306363,-0.006965607658524442,-0.0015049782823384206
4205,0.0011864563136642081,0.00043614850225540125,-0.0028001177561856605,-0.0023047835762209923
4206,0.0017274948762925901,0.0007720930863505115,-0.003572897311651335,-0.002611354082629247
4207,0.0017487953257994127,0.0007809581346073236,-0.0010800395402942309,-0.002164438922070966
4208,0.0006699799409645157,0.0002681851359388199,-0.0006926058205301566,-0.0010514134418817545
4209,0.002431270306968214,0.0010881636721190857,-0.006094915334235229,-0.002640208737315186
4210,0.0012851329483860585,0.0004402540648481279,-0.0016105853976381423,-0.002417266095822046
4211,0.0025165095024249906,0.0010917971217739852,-0.007047317844589673,-0.004547875431757387
4212,0.0018423259322639662,0.0008380955302948467,-0.005020805866520539,-0.0028837099811677147
4213,0.0016373150766996192,0.0006944609920546962,-0.003595861211757756,-0.00243229403732359
4214,0.001423990779988893,0.000552063475778547,-0.003370974261348969,-0.0032860492830507626
4215,0.0023191523739956033,0.0010055550457560847,-0.006804085427059792,-0.003219002947834726
4216,0.0014692317875139027,0.0006998677346086168,-0.0024440256599631005,-0.0017914731682145968
4217,0.0018268022067954859,0.0008681920477774385,-0.0035741136772355353,-0.002829174627375086
4218,0.0012420187827469342,0.0004957841955753328,-0.0037721128196822606,-0.0027768044051117435
4219,0.0023443428935019384,0.0009779850700521453,-0.007927069146033305,-0.0033649176681016524
4220,0.0022626101136440924,0.0010223525164995695,-0.007496538835765065,-0.002553939195815702
4221,0.0010888762758006765,0.0003416906193854652,-0.001225474415301353,-0.0030996093535593516
4222,0.0029473101374236643,0.0012166711941394015,-0.011229653775528148,-0.005267742839611733
4223,0.0023850346206388817,0.000960845440419883,-0.007556183601947319,-0.004057257066489406
4224,0.0020095212006927543,0.0008204740354332274,-0.00802902277753681,-0.003344014025966069
4225,0.0031710467387358054,0.0013233176455977325,-0.010129918215669942,-0.004979987306072742
4226,0.0020247790183594017,0.0007765807182174289,-0.004335701726197183,-0.004302758858202305
4227,0.0020749740098430225,0.0009734665739477288,-0.0055183098550859455,-0.0026043634897839896
4228,0.0025384723500458395,0.00105750275848418,-0.006374735241328311,-0.0039606101108576874
4229,0.001977286721668303,0.0008693961633768343,-0.003043125981162964,-0.0028598807513376956
4230,0.0029091649234260775,0.0012346553442932617,-0.005453738975358446,-0.004538552305787813
4231,0.0018947653816514531,0.0008927763867543625,-0.0061008108635352,-0.0025881762904647054
4232,0.0015536538331826222,0.0006322550863214205,-0.0021722796874854566,-0.0027218799591448573
4233,0.0034388547414603288,0.001476851376077809,-0.00701463875448477,-0.005501950834567282
4234,0.003530405697768302,0.0014992418364873084,-0.008846841581006293,-0.005449915774028979
4235,0.0016185136908421494,0.0006255638523091078,-0.005035185222220795,-0.0030643814499207167
4236,0.002065090922320323,0.0009343666566650477,-0.009100130379723737,-0.0033038339443107745
4237,0.0033302520249731127,0.0013395748083267767,-0.00609997518738159,-0.004737034193735057
4238,0.0011899853102711466,0.0004976128354737264,-0.003036284303860437,-0.002457605737867463
4239,0.002417214609767404,0.001025703792971261,-0.006716129935379234,-0.0028255843822244664
4240,0.0020773431513764207,0.000901005579825559,-0.008281931102346485,-0.0029355895649287866
4241,0.0012564819506135638,0.0005456879801561676,-0.002819627104765521,-0.001222818569136308
4242,0.0013239313692237076,0.0005905890786358226,-0.0028500627050637717,-0.0024667138110120446
4243,0.0021005828082311107,0.0007878093603438385,-0.0022713326737648365,-0.004285340162032858
4244,0.002686481594434187,0.0011497976419634348,-0.004625386274869747,-0.003343349544480567
4245,0.0010502241855568917,0.00045593075587338494,-0.003637972023930236,-0.0010056833175642321
4246,0.0017045924851234462,0.0007822478779219433,-0.003370760869187861,-0.0021973991596303533
4247,0.003078536015224509,0.0013193512853700573,-0.00976294935741423,-0.003959144021665417
4248,0.001127658342360227,0.0005135803855328414,-0.0018811857119834796,-0.0020123894439072476
4249,0.0019336650787429854,0.0007682799208746371,-0.005479158949452112,-0.003420331166976487
4250,0.0020920795041420304,0.0009381210957500608,-0.007476900292513522,-0.002515172970315782
4251,0.002229620020408274,0.0008304855745704109,-0.0069608899762856336,-0.004092761386866539
4252,0.001643891269979214,0.0008734229414814054,-0.006105180937027832,-0.0019672053531974987
4253,0.001911645888648339,0.000798272226613217,-0.005457476749417767,-0.0034159065350493067
4254,0.0011225281664623,0.0005236650472849602,-0.005506692210548114,-0.0019468296330678037
4255,0.001114900596378643,0.0003286633108819381,-0.001962618474005695,-0.0023837209302325357
4256,0.0019310585234703082,0.0007261635739006789,-0.0033839124946316024,-0.004185703111864947
4257,0.0003148919706154052,4.287883286652194e-05,-0.0005365894867448984,-0.001190891504945668
4258,0.0018169962133755546,0.0007852450772621034,-0.002123832056993291,-0.0034634843242110636
4259,0.0017747826548876189,0.0008491453361338386,-0.008777609996170055,-0.0005772573298994388
4260,0.0008737490251692348,0.0003401338148777411,0.00021149429190003843,-0.0024110288501349997
4261,0.0020008316670029336,0.0008235446798418866,-0.005565581098322336,-0.0026714009161827867
4262,0.001365905888201846,0.0006699121669613839,-0.0051872838962691015,-0.001678579921386425
4263,0.0017094773619313886,0.0006524741883565943,-0.004391100016612193,-0.0031457187191422653
4264,0.0015286904078795072,0.0008574673281283862,-0.004548202219106456,-0.0008492422911796638
4265,0.0020103196234252385,0.0008087909645956293,-0.0019490842951832565,-0.0030601611625400427
4266,0.001533121558101258,0.0005721164026209757,-0.001980853854542275,-0.0031179226719534325
4267,0.0028625616771023044,0.001112286311852173,-0.00606619072512149,-0.005205607996882633
4268,0.0009387731092206364,0.0003419030007526802,-0.003103455849225556,-0.0020098725299863007
4269,0.0009924352552285187,0.00047646620863933675,-0.0016771989726646064,-0.0018833979872940887
4270,0.00226963446011641,0.0009877629004277633,-0.006227911794942087,-0.003889581209168824
4271,0.0005998073845817631,0.00022425145566112858,0.00026623412059784135,-0.0012602349020172099
4272,0.0020856983957596165,0.0008773073501285311,-0.00869560527453661,-0.003593512458990533
4273,0.0015766503275600474,0.0005835466407478618,-0.000861164946043047,-0.002113241991011261
4274,0.0020778427978151437,0.0009301669308344196,-0.008500710199749406,-0.0030627846870361353
4275,0.00169929129556734,0.0006609982818804594,-0.0032296074326356172,-0.0027964082380012023
4276,0.0016643575191513937,0.0007690190710127331,-0.006161092119827016,-0.0008068699781006439
4277,0.0009992731874854943,0.00045447035707618655,-0.0014672039519563196,-0.001765660560385074
4278,0.0023578666342626287,0.0009663538051688791,-0.004675478925890708,-0.003728193801386892
4279,0.0016372097621629722,0.0005912801679520685,-0.003500188636331447,-0.002855873745819415
4280,0.0012823445002712042,0.00045169963698687976,-0.0015173980759969896,-0.0026556058575079033
4281,0.0005390971668907674,0.00022086900725376557,-0.0006708847205705859,-0.001237829781468358
4282,0.001062373949766826,0.00036298035407902884,0.0011977909259797137,-0.0021163641581175563
4283,0.0014192795249861612,0.0005795808976396533,-0.004664178108901518,-0.0026861862361905464
4284,0.0015561042634426592,0.0007057933318830867,-0.0026710766266684893,-0.001921676247951476
4285,0.001569109712976413,0.0006028619823245096,-0.00475839843709619,-0.0014869438591896822
4286,0.003305019545333021,0.0013228300043806873,-0.011257829531216401,-0.005032038457892907
4287,0.0013596987042309716,0.0005255783728992103,-0.002717584358028824,-0.0023256867434949813
4288,0.0013181329808998887,0.00039747746375098925,0.0005635549141462248,-0.0036741994871629657
4289,0.0008252341991971113,0.0003689490065451051,-9.304087529415916e-06,-0.001676720445459745
4290,0.0022860830159046053,0.0009401873323761079,-0.007561994520213944,-0.0034626869988358955
4291,0.0008255765051341513,0.0002787579091541037,-0.001454187215914171,-0.0024862225573087926
4292,0.0008594749650028266,0.00037664518721078344,-0.00411793270279609,-0.001223131215912776
4293,0.0016251853405627736,0.0007611511023648543,-0.005375933791399223,-0.0019815777042985205
4294,0.003012414959872478,0.0011417746888201519,-0.009186190129218175,-0.005324118138022915
4295,0.0018806211506395831,0.0008396156387820986,-0.00837488876597392,-0.0028173074403123888
4296,0.0008480061347400647,0.0004659051119649815,-0.0031744621896823144,-0.0009831034755549695
4297,0.0028914411740047496,0.0012774746203221832,-0.006805780470217682,-0.00306843390228162
4298,0.0011102004420200373,0.0005078337639310981,-0.003699637263536837,-0.0016637999748290166
4299,0.0014733765387802134,0.0006878947139450087,-0.005493802797012393,-0.0022940516701777103
4300,0.0014433603406162065,0.0006656785527242859,-0.006322134557935177,-0.0018855235304939821
4301,0.0024789510324606523,0.0009767614844971018,-0.009031373134668286,-0.004486037231117179
4302,0.001783716240029265,0.0007361723371894779,-0.004285323653121342,-0.0030398062350347477
4303,0.0014179964529649203,0.0007858064796108788,-0.011147633323555395,-0.0008651580491707556
4304,0.001457513525988996,0.0005648136956038496,-0.003430323867093743,-0.0028344766281469536
4305,0.0015331685073557422,0.0006582318570866885,-0.002764416263945191,-0.002539960039960154
4306,0.0013238815712432461,0.0005665441667820903,-0.0021736646204608134,-0.001454342642420614
4307,0.0018789470809885689,0.0008007886643380258,-0.003267252923871977,-0.0036233412352261185
4308,0.001171038873243102,0.0005070365835672663,-0.0007138323123825341,-0.002749999999999919
4309,0.0023382810185890723,0.0010892448701447788,-0.007404690115061896,-0.002852941821932631
4310,0.0004409173242337361,0.0002360739833890957,-0.0015045841498800838,-0.0008361897390535278
4311,0.0009112583399722984,0.0004631181781135918,-0.0024039075135920407,-0.0014922610443184325
4312,0.003059930768724295,0.0013171239320037553,-0.005902694257517549,-0.0035077008761219552
4313,0.002377952796155436,0.0008977676960248149,-0.008437382891352208,-0.0047531445746490375
4314,0.0008395213597351403,0.00042003256642239584,-0.004291810568992471,-0.0010426670815872896
4315,0.0025525737188549225,0.0010611829006370033,-0.006244987724554063,-0.003889533076720797
4316,0.0014670966745186642,0.0006131564136600265,-0.0030272659025493143,-0.002558107428042078
4317,0.0019666829289663457,0.0007591914931737997,-0.005652466045932392,-0.003187984839361002
4318,0.0018397084545549447,0.0006750162414498606,-0.0032270521614842784,-0.0038385113995940134
4319,0.0005718525908583461,0.00023175482267592806,0.0017183500394756246,-0.00042551363213483295
4320,0.00219757635341139,0.0009127722766313628,-0.0048976564511388765,-0.0034697797271762143
4321,0.0017233008998842614,0.0007878135110313267,-0.005292150201883783,-0.002584269662921246
4322,0.001252092897207513,0.00034100863387809266,0.002712838839103171,-0.003199629028518447
4323,0.002011806582542297,0.0008031125427012675,-0.004107613389063736,-0.003960442602135128
4324,0.0012881010413986482,0.0005160271118234139,-0.0036100050846775145,-0.0023147367729960955
4325,0.0025577529870768334,0.0008452753463747964,-0.0010733665763942857,-0.00534204206813349
4326,0.000308540825378012,0.0001564430536345196,0.002227924361506206,-0.0007851170642073635
4327,0.0015191732455914764,0.0005391149753929958,-0.0018231804463961776,-0.003774925387760253
4328,0.0015425042115240206,0.0005283132132625767,-0.004623876532379612,-0.0034136614859926473
4329,0.0023675209821507615,0.0009614223212370543,-0.006709231795693216,-0.004043880584516213
4330,0.0014934860915626347,0.0006057770647292238,-0.003202934209545205,-0.0029237376408185467
4331,0.0014977019716947426,0.0005486409168197204,-0.0011363201889096342,-0.0025179114661814106
4332,0.002472590675495878,0.0010437868668173034,-0.006053928376490714,-0.004039855891707855
4333,0.0019147381467634061,0.000812331317896986,-0.003320401572623477,-0.0021328060750667177
4334,0.0026246167062782266,0.0012034544170542727,-0.009209037374041551,-0.0035760999040704844
4335,0.002379314131862431,0.0009705042189379343,-0.008278908820554431,-0.004379859827247534
4336,0.0016164438427752614,0.0006535957024313976,-0.0048223497419573325,-0.0026610094668171325
4337,0.0016324331439280249,0.0006432884869900235,-0.0017616995286476866,-0.0026204479499694067
4338,0.0005696280993445213,0.00020905101476650922,0.0006333726769691683,-0.0014148925412840185
4339,0.002072543257873871,0.0008643624180859344,-0.0072009560363368585,-0.002690874559178047
4340,0.002426248011809906,0.0008684697989487233,-0.004807565200526831,-0.004441019941879398
4341,0.0023060372578935784,0.0009837782224988434,-0.006711773201066418,-0.003501200794840842
4342,0.001638293617731268,0.0006451788678269732,-0.0025521988922291294,-0.004029158721556181
4343,0.0016995952137742742,0.0007114585399138618,-0.0045377969919453975,-0.002882880215298922
4344,0.0015833944855315751,0.0005457372062373789,-0.0004913152617794236,-0.00339263926114719
4345,0.0007221307492878415,0.00025203349764213456,0.0009130936518124133,-0.001432074243921555
4346,0.0013418474805603209,0.00042871826815940595,-0.0027347731825577704,-0.0033346847837666393
4347,0.0032453662911249292,0.0013344058651967028,-0.007621268642833856,-0.004708421086418224
4348,0.003404685494804327,0.001559484657819632,-0.011737364103100889,-0.004430499314151404
4349,0.0023042394328971483,0.0010429147581812181,-0.0038461402802631994,-0.002626814809555844
4350,0.002226328737322647,0.0009659270043956558,-0.0038808007696771174,-0.003036159906052771
4351,0.001590664810353859,0.000695828315159297,-0.00858375595170835,-0.0025020543636721237
4352,0.002670540720285275,0.001258178327897097,-0.007533047128940262,-0.0034545563167761584
4353,0.0015499151930319366,0.0007161160405713962,-0.004462851378798927,-0.001856330551065155
4354,0.0016086723887870358,0.0007597574395780682,-0.004662932621059157,-0.001447590155757572
4355,0.0014372971106915156,0.0005986875070970177,-0.0033378557543005116,-0.002708044316907743
4356,0.0017364231834872679,0.0006653505967676165,-0.0012014242821373755,-0.0034907735717257804
4357,0.0025298433498898154,0.0009895208475608208,-0.004215519553957214,-0.00412506700616444
4358,0.0029503077803064715,0.001286348459989678,-0.005861166821865216,-0.0030968869453414927
4359,0.0028999497956169185,0.001255414996096882,-0.012046926235941224,-0.004633614795323426
4360,0.0019472118984394937,0.000808150791817952,-0.0044040980123161155,-0.0038975644238802287
4361,0.002260921882219158,0.0009380967597654166,-0.003901463687503548,-0.0034322575947386413
4362,0.0017216874651003744,0.0005939727818141116,-0.0018329753717886699,-0.0029060891735784855
4363,0.0013433515953081843,0.000492164802365247,-0.0005886168325835994,-0.0022993922454418447
4364,0.0022238561765397513,0.0008881156007521096,-0.007463246781380883,-0.0036675293090546734
4365,0.0007081700823874382,0.0003988380023284277,-0.003441076601936155,-0.0012809281575982823
4366,0.0018445238984914347,0.0006576121696278969,-0.002881817700709277,-0.004278982494296257
4367,0.001281066462765601,0.0004415531005873552,-0.0008445103306334856,-0.0025531832030653012
4368,0.0014297317256427577,0.0006202487375452093,-0.002078681463422938,-0.002622613506037874
4369,0.0016133634189758883,0.0006153017010981088,-0.004621810702373885,-0.0028939724037763126
4370,0.0017427494621671258,0.0007012672656247498,-0.002794966015125522,-0.0026439341880424294
4371,0.0021564560197073757,0.0008955900381810156,-0.0057814406328612344,-0.003995626447873657
4372,0.0020618592424221927,0.0008088502168815404,-0.0042597832270207525,-0.003276446694830404
4373,0.002358608195217604,0.0010015366895096967,-0.005265318451636414,-0.003369009241349641
4374,0.0011884151520241693,0.0005701201587225702,-0.0015847652222654718,-0.0017364507924085837
4375,0.002888400174499317,0.0013146744745171635,-0.009182398039983608,-0.0031758955023761803
4376,0.0019045542594740006,0.0007633280488381633,-0.006903433835735773,-0.0033556638060507904
4377,0.0016887175873728233,0.000687623570405721,-0.003207571622723504,-0.002764917695473157
4378,0.002421098382061948,0.0009675501727474389,-0.0056994009765670706,-0.004236028938993663
4379,0.0013755160832833457,0.0005244702347811381,-0.0047123937461844845,-0.0029629745722276057
4380,0.0018864283078991462,0.0007974496264661624,-0.0035283450379037795,-0.002782390594717965
4381,0.002520704380578054,0.0011232973665677992,-0.007284377248579166,-0.003757844500394625
4382,0.0013590819327277681,0.0006775875038796952,-0.0033821548927112643,-0.0013950105746856067
4383,0.0002147441468347555,0.00012331716076668942,0.0015464768747187607,-0.0003313265872507687
4384,0.0025915402183668834,0.0010451165114709615,-0.008403598505371757,-0.004212445501387219
4385,0.0017438190056464076,0.0007725527201845606,-0.004091884326501705,-0.003017218914747266
4386,0.0008731340281658562,0.0003488765311008557,-0.0007418489133704242,-0.0017793715498071183
4387,0.002269632621968831,0.0010361913391911948,-0.00478087380017822,-0.002643829086727112
4388,0.0027336205851877793,0.001200169463137779,-0.005846906000852414,-0.003642123348963744
4389,0.0011159138914089706,0.00045758657745934017,-0.0013598585195357948,-0.0012943759852498404
4390,0.0022398165621067,0.0010307828245192385,-0.004235594410098964,-0.003602940594607862
4391,0.0014352731632105709,0.0007435494515946883,-0.0038504982439173663,-0.0008999693306540602
4392,0.0008710644933040967,0.0004678475214814348,-0.005311201751996508,-0.0017718906607795404
4393,0.0018818507123724015,0.0008418470727313276,-0.006682527420189488,-0.0027816973470201622
4394,0.0011052402868416689,0.0003620313267460873,0.001233172297626095,-0.0020055099296243384
4395,0.002143101087537569,0.0008506904831254991,-0.002751717708037338,-0.004139393730690499
4396,0.003301745798797273,0.0013400371945363199,-0.010670442396689683,-0.0047582054767915105
4397,0.0024961893377007383,0.001069014159382986,-0.004185185865862251,-0.00333290644810158
4398,0.0008447664236561625,0.0002967821130112902,-0.002082512250196844,-0.0025869441538658444
4399,0.002598305809213275,0.00108490596332958,-0.008117480401116206,-0.005100080618748892
4400,0.0024189314453811894,0.0009278931091284415,-0.005920285365765499,-0.0038212106266608536
4401,0.0015529910853296913,0.0006082102554224034,-0.0038207902544253325,-0.003367619510164288
4402,0.0033356574554466722,0.0014084589476545395,-0.011497425213759072,-0.004248159985924982
4403,0.0006460941120784991,0.0003254665243123678,-0.005154096524122631,-0.0010854393341714896
4404,0.0029852978763140747,0.001198006998820389,-0.010902525527132667,-0.005687230102427221
4405,0.0010227062351023108,0.0004433367585692516,-0.0007263549671300273,-0.0017378392835725176
4406,0.0035466213828561632,0.0014904200855199723,-0.00794788270173763,-0.005550181897411077
4407,0.00042802206277570143,0.00016054138769974746,-0.0007807380948189335,-0.00050625624013656
4408,0.0025316189607075823,0.0008789477022925485,-0.004937012652914963,-0.005634448444796769
4409,0.0025917930198396943,0.0011764747528101582,-0.007895875066484204,-0.003769229214936054
4410,0.0016141861956180392,0.0005924176108227652,-0.0022432277528066646,-0.0035745408089884467
4411,0.002840615587079043,0.0012221555171626763,-0.009714951526811955,-0.004247534912773965
4412,0.0015540993509375878,0.0006330979345118559,-0.0033303735211150376,-0.0022643624514361305
4413,0.0022709416571548013,0.000992502267250811,-0.007029106921844108,-0.0039868460906061776
4414,0.0012828983119461124,0.0006717455930539129,-0.005590998402119074,-0.0018719009957792743
4415,0.0019190171069752848,0.0007123019629048932,-0.008050446097760067,-0.003472585385628779
4416,0.0014676581942827394,0.0006141805050587923,-0.0030292298077705393,-0.0026656013213862684
4417,0.0011156856184930675,0.000477687611990657,-0.0028622666667588725,-0.0013362113269606013
4418,0.002906322545716322,0.0011888283677848055,-0.005996478118228177,-0.0049219865986708244
4419,0.003150072858776942,0.0013757284553182758,-0.007861395103663404,-0.004367178970353547
4420,0.000671785527848856,0.00031713783615838764,0.0002597192039728857,-0.0005985173427136559
4421,0.0009409650340871378,0.0004491283084903097,-0.004989310286607318,-0.001000630119722734
4422,0.0017423917097055819,0.0007900655104425003,-0.00911436143151112,-0.0026065944938069574
4423,0.003506332211563379,0.0013913982625930743,-0.008968847980149075,-0.005960282047520082
4424,0.0016662834903234947,0.0007267691605713222,-0.004362272930300559,-0.002354567372447769
4425,0.0005535741999225241,0.0002926504146956166,-0.0018530641815617255,-0.001096892138939709
4426,0.0019147923329776995,0.000794635015111983,-0.006263541526721872,-0.0036604105711363077
4427,0.0012900303524523427,0.0005607194645027569,-0.0017088451884352263,-0.0026531610601133737
4428,0.0015250521402628836,0.0005419507396700607,-0.00015908131982839135,-0.003528373053227396
4429,0.002072719509091936,0.0008800741492596964,-0.006533052822790986,-0.003654081347128968
4430,0.001615336970383574,0.0007301595515973036,-0.0027545555796393284,-0.002369700907712713
4431,0.002597896419130219,0.0010753171825478303,-0.00912835449486954,-0.004273290933234919
4432,7.859156404566026e-05,0.00012892463839259127,0.0020999045163012653,-0.0003248563031171825
4433,0.0013416092678101288,0.0006637113699822506,-0.007480386172218356,-0.0022356708367696765
4434,0.0015434007114237258,0.0006964533575909149,-0.004876598637326479,-0.0025231439749756612
4435,0.0025364255315223905,0.0008973603809348529,-0.0022100734487980334,-0.003755461221454426
4436,0.0013887162989822954,0.0006767125288280607,-0.002827792132208573,-0.0013766864189972416
4437,0.0016379699155282257,0.0006828486239897902,-0.003054965271646115,-0.002483724143945265
4438,0.0019236076839757588,0.0006587951008125148,-3.434312881200885e-05,-0.004291456494325274
4439,0.0012368268189193454,0.0005754975195987333,-0.002782592648773341,-0.0017109966311709135
4440,0.0022942212640056914,0.0009559588599737101,-0.0036153251244422924,-0.004034857650492718
4441,0.000910834702862684,0.00038627118233289237,-0.0013015876464507747,-0.0025221105303583347
4442,0.0012390688384071868,0.0005254975844973531,-0.00411748655264077,-0.0016881859046180558
4443,0.0021817137481228155,0.0008737861066282493,-0.0028293807105030933,-0.0034652666488603767
4444,0.0014727302808957843,0.0006811039387043805,-0.003902983099418833,-0.001978161654043409
4445,0.0017608462142233439,0.0007244810855961126,-0.005902109886776863,-0.0035140835517213365
4446,0.0007891057269804325,0.00028044565977952685,0.0027432842103757293,-0.0021747297844054714
4447,0.0022403658129935833,0.0008792047010758031,-0.0015712211404307896,-0.004054247612155115
4448,0.0020971855444659737,0.0009530804207740773,-0.005750991724957355,-0.002274181554052901
4449,0.002620728637149905,0.001072052969143783,-0.007117494090096432,-0.0042905378186958165
4450,0.001062757399799441,0.0005122809075865375,-0.0032644199275557173,-0.0017842682922553088
4451,0.0020702686541463344,0.0008592470401883601,-0.003431451365214777,-0.0039041248761978453
4452,0.0026413020454514324,0.0012985474805474462,-0.010209545784357843,-0.002998514871691893
4453,0.002049163242756835,0.0008421931142609806,-0.008575696458780369,-0.004000274338605614
4454,0.0016218277016017968,0.000785419574314189,-0.004061268106509475,-0.0019173857823195917
4455,0.0021847615239869445,0.0008081203815118454,-0.004621599638083784,-0.00454240992877164
4456,0.0004442749560905068,0.00038801057518905724,-0.0022167415776732646,0.0006559226536007046
4457,0.0020226137587763815,0.0008178051037958378,-0.007596237701185227,-0.003183046663854605
4458,0.001193169287988849,0.0005815176351966767,-0.0032538973215062716,-0.0012914711633318365
4459,0.0020581758888493784,0.0009359866181717913,-0.007960058830090433,-0.003232270938190007
4460,0.0015794624458274065,0.0006108912814073719,-0.002831125169811044,-0.0029587360226935866
4461,0.0014794657672426714,0.0004703026775202124,0.0019173320361779433,-0.00327871554189918
4462,0.002611306136371283,0.00111253994889568,-0.003905058398356087,-0.0035382889220800795
4463,0.0006479303878240694,0.0004030494454953515,-0.0018061310190765623,-0.0003281238401792175
4464,0.0020100221106086336,0.0008957480753407632,-0.007582251896978198,-0.004085182097973816
4465,0.0030983308346894667,0.001192062285200246,-0.004393996284218771,-0.0054375669308202035
4466,0.003142846727037296,0.001352179113839752,-0.0064582707937898,-0.004633920296570837
4467,0.0020038178927433425,0.0007935814742457137,-0.0009368519839675349,-0.0035403629186013807
4468,0.002054616761572703,0.0009530929972282609,-0.005377506670055321,-0.001999986141282717
4469,0.0021872244576857103,0.0009059069110994578,-0.006553668451768746,-0.0034148571741861034
4470,0.0016559555955740768,0.0006505991957548307,-0.0009353052781588267,-0.003099099099099001
4471,0.0021745967680292244,0.0008681704182419148,-0.007031485131395121,-0.003715012460610012
4472,0.0018584616512349328,0.0008130647913130451,-0.002509179188554478,-0.002058708168015899
4473,0.00205378915208132,0.0009040682204297379,-0.004640967609080615,-0.0022393375478585442
4474,0.0009139467540054125,0.00035305203129681884,-0.0010708526682806085,-0.001915249781185624
4475,0.003509030378156086,0.0015289179365001737,-0.012711740606987543,-0.005719171158619307
4476,0.0026193548595055405,0.0011226481119996634,-0.007617029652444263,-0.002713741564729366
4477,0.0023744565851515076,0.0009220945479897769,-0.0029635369183691473,-0.004325989419406651
4478,0.0012183254612455618,0.0005919526453932455,-0.004043697009779135,-0.002137201695375457
4479,0.0032875834133718196,0.0013121000967835916,-0.00788080026432747,-0.005120717650156537
4480,0.0015814512059040275,0.0007765160506745805,-0.007833273433356602,-0.0019571525679327184
4481,0.0024918399471648978,0.0010849885682416294,-0.00920463386290904,-0.003673014908969985
4482,0.0017752735993805668,0.000784111948507249,-0.0047989951678785725,-0.0025381159574091594
4483,0.001391591347016885,0.0005588605781809697,-0.003777385854657256,-0.0019750975373510338
4484,0.0024019696699900672,0.0009670801798098427,-0.009154623445803145,-0.0038169399283444205
4485,0.002591682267012674,0.0010929084160966607,-0.00784746162098171,-0.004305803389987872
4486,0.0013603294853585801,0.0006916254940765587,-0.006733352714700158,-0.0018825464897682664
4487,0.0016623405085567367,0.000729927231812505,-0.006017538470455386,-0.0016389466389465923
4488,0.002502440941025863,0.000988507946410061,-0.004156559640473234,-0.00411675753113927
4489,0.0021607473758515905,0.0008186253620898754,-0.00485827300183006,-0.0038112010374852234
4490,0.0023273858470457265,0.0008918082937858784,-0.004716383656592327,-0.004045226439585936
4491,0.0022250241558846584,0.0010041742946738375,-0.010744375875126888,-0.0034538531796051153
4492,0.001037642162603658,0.0005049818376979542,-0.0036530511005738453,-0.001478475585245831
4493,0.0016470316189304834,0.0007575457584561851,-0.003320027047668095,-0.002489592906957938
4494,0.0017409107649627442,0.0007256701923216702,-0.005531562809315771,-0.0035198335887099974
4495,0.0018758386214436928,0.0007673585494657464,-0.002820870994269087,-0.0030476196609301454
4496,0.001276001433334173,0.0005133632186840598,-0.003813916261003747,-0.0026277711454949504
4497,0.0015480977387285488,0.0006068182369300956,-0.004361636585330286,-0.003434167626057971
4498,0.0009509533885308508,0.00042481083984688417,-0.0018750004909723894,-0.0018426609741422073
4499,0.0019354993381985874,0.0007055296455696358,-0.0040581465168205155,-0.003378232974792783
4500,0.002452678569355493,0.0010478429433499747,-0.005722108505025247,-0.004006133444850568
4501,0.002300911986770904,0.0010504766458336312,-0.009050756965936824,-0.0029459617419874684
4502,0.001597041954267242,0.000733140712578767,-0.00924225515008803,-0.001441226358631087
4503,0.0019125843828741163,0.0008357005375565218,-0.0046908438997132484,-0.003333177979220281
4504,0.002252977156854241,0.0009504337919278572,-0.007024792108253741,-0.0038188188188188477
4505,0.0013814860346015867,0.0006456561089197566,-0.004538263352770577,-0.0018209387650107711
4506,0.0016895092367326114,0.000629217577505975,-0.0013192941284951298,-0.0029606156923083216
4507,0.001539980645873018,0.0007053043997568842,-0.0047295962912040634,-0.0024099628516305316
4508,0.0029707124471505253,0.0013055238876402975,-0.00728739204496609,-0.004258609409385494
4509,0.002051820088481704,0.0007784332908914726,-0.004823842503202003,-0.003930307214978668
4510,0.0023821291265824773,0.0010434608818135627,-0.006274097060001038,-0.004483495123316694
4511,0.0026288125042630006,0.0011320497948399955,-0.005744708471107196,-0.00482507164789292
4512,0.0018006078445890195,0.0008429020156601186,-0.007143106617084893,-0.002394001353849262
4513,0.002068025951998287,0.0008978913800690713,-0.008562584901455228,-0.0038543103192875128
4514,0.0020756733471851696,0.0008817711883105372,-0.0052619026639497135,-0.002947580898042257
4515,0.0017314655376186039,0.0006574428157686829,-0.005691745151679195,-0.002572803429056525
4516,0.002202640043460491,0.0008325515928379879,-0.007654474060348471,-0.005174104049917583
4517,0.0023236074671145746,0.0009767557101295066,-0.004422588738455968,-0.0035828123624197517
4518,0.0030686689478885976,0.0014066235143531391,-0.014265224150944888,-0.0034848540322123256
4519,0.002310555865187469,0.0008841797070448243,-0.0043618956774721385,-0.0042615103017786815
4520,0.0016327473097193512,0.0006734871929384434,-0.005410471461341382,-0.0029993216571770898
4521,0.0022655955769115277,0.0009500270296187718,-0.0037957333500115986,-0.002865588849361833
4522,0.0018423440535932922,0.0007265046733846425,-0.0032648068250994977,-0.0031281400391347525
4523,0.0022099634677728575,0.0008460349159053748,-0.004034640269482692,-0.0036657060518732187
4524,0.002310044184853921,0.0008524972760527161,-0.006567433641691378,-0.004368145836616155
4525,0.0015737853421602388,0.0006808277459781908,-0.0040311660484338985,-0.0027195983645597055
4526,0.0016304476513538946,0.0006985783604956108,-0.0028054376734810704,-0.001594623230128711
4527,0.002306424957215669,0.0010642670864744463,-0.006403601350367494,-0.0032965443121693028
4528,0.0013933525637184196,0.0005800736404678875,-0.0016109622797559342,-0.0023024353751125437
4529,0.0017402750282189405,0.0007047979506496771,-0.002890990819790329,-0.0033294355267353692
4530,0.0012341149891575975,0.0005286663927126789,-0.00403985048639971,-0.0025954024299811307
4531,0.0011029578935551898,0.000451955097415635,-0.000779312708214297,-0.0023091500382085295
4532,0.0011884370574696268,0.0006107191771273224,-0.0031848427698965565,-0.00016837446480977292
4533,0.0025896202396578083,0.0012250609469920959,-0.008353145550314411,-0.0035388846333367363
4534,0.0030105080586443345,0.001163489009384927,-0.008187414462553166,-0.0060931456680441975
4535,0.001849992322036087,0.0008016269299397361,-0.0017068779774747078,-0.0022013351268288517
4536,0.0014861464493897136,0.0006651544915586838,-0.0012696465441842664,-0.002925953330245812
4537,0.0016113104525619093,0.0006847853163943207,-0.0039069235533376045,-0.0024390089987758046
4538,0.0015717285049953178,0.0006319349095616489,-0.002105744135108556,-0.003720199471904717
4539,0.0017979964403980198,0.0007539120714990521,-0.0034188172072611156,-0.0023104267558333724
4540,0.001727635687676643,0.0007599750402968175,-0.006414654009847809,-0.0017939710562661082
4541,0.0018919158223218435,0.0009311582316528233,-0.008780261797238509,-0.0024825804805714835
4542,0.001764675716316666,0.0007228772510791681,-0.005676950569321326,-0.0025011591365720065
4543,0.0016022216499378406,0.0006384773016905043,-0.007370066521739493,-0.0034334545454545173
4544,0.001181435011581744,0.000638481976459826,-0.0022325144380217488,-0.0022037354608689386
4545,0.00178069094974731,0.0007647063669811993,-0.005972079089583859,-0.0030122636688808546
4546,0.0022187738818468805,0.0009503391338359091,-0.008228512508962615,-0.0029866042331309073
4547,0.0015784269392478123,0.0007553972560468414,-0.0024449956109556803,-0.0007566430927111734
4548,0.002204539312884335,0.0009558010916538573,-0.007166701433046319,-0.003464373562324874
4549,0.002258191257186848,0.0009691096285384948,-0.00683379767743314,-0.0033153209596156197
4550,0.0019635813740678243,0.0008571831541295816,-0.005464667541391188,-0.003727941643116517
4551,0.0022100350305801486,0.0008596620730134952,-0.004312651175982618,-0.0047574435924486735
4552,0.001824906012606431,0.0007279614735557216,-0.004415589183311919,-0.00211144957609144
4553,0.0017460853435662949,0.0006176163593955564,-0.002553129142500443,-0.0035880035880035965
4554,0.0008699467967258068,0.0004440916911458981,-0.001182871632407545,-0.0006087741671243485
4555,0.003670737323683282,0.0015565117569645848,-0.008876198777181654,-0.005345005107084688
4556,0.0016852467543918004,0.0007087856158538297,-0.0038318260210101762,-0.0022140902241766236
4557,0.00035973303335140594,7.342439018345748e-05,0.00197104379981905,-0.0008865248226951339
4558,0.002566534723165037,0.0011639041232424097,-0.008386025956430454,-0.0032615973218556027
4559,0.0009900160501399857,0.0003401705464203819,-0.0007024206458933757,-0.0019975773704219435
4560,0.0008144501627553313,0.0003809965463266174,-0.003227293129302311,-0.0020992760263173205
4561,0.002111146906954353,0.0009403004841813667,-0.006787478614654285,-0.0030399051961769175
4562,0.0018702972752055458,0.0007907109038833571,-0.005205346823519308,-0.003443719581650684
4563,0.0007262822874822827,0.00034699907838886546,-0.001673019453407476,-0.0009049773755657187
4564,0.0027573222521015683,0.0012226808662575972,-0.008977160317382826,-0.004363280445085604
4565,0.0016689326718294373,0.0005767513066844143,-0.0022440986936237417,-0.003511522997688865
4566,0.001740089535620326,0.0007392687908390205,-0.0030928648403438785,-0.0024920472942846494
4567,0.002158949084821171,0.001029904267901005,-0.005599284659628556,-0.0024576932078093083
4568,0.0027417531308724374,0.0011896683789487938,-0.006663308855682115,-0.00497310161886122
4569,0.0019460084288638324,0.0007961402339019263,-0.005409384149362317,-0.004069444327973626
4570,0.002101718458277002,0.0008349729216096669,-0.004841475935417283,-0.0035099190732779117
4571,0.001928170743275559,0.0008393453566250542,-0.005406349424322221,-0.002302879160628546
4572,0.0017863933630953843,0.0006123381578999609,-0.002023170851371936,-0.0037639294585122274
4573,0.001220822515411335,0.00039094076768184105,0.0004774407901877442,-0.00282499054016927
4574,0.0026301539755651526,0.00118145871253042,-0.00430049046570502,-0.0032752137069971266
4575,0.0014807302925970989,0.0007214013421919796,-0.0035266223071152014,-0.0018427934163974813
4576,0.0020566890193560727,0.0010052765168724054,-0.0069662731607412764,-0.0031719532554257412
4577,0.0023397082410161474,0.0009309183274303912,-0.003509600165752358,-0.004174343620451437
4578,0.0013960215708629375,0.0006364088043472604,-0.005217968128639006,-0.002024907047782243
4579,0.0017797984230274455,0.0008634826197786716,-0.005718301717503316,-0.0029513831562031356
4580,0.0019453965290611164,0.0008362507555263188,-0.005658174333205868,-0.002805093891646959
4581,0.002109063730032501,0.0010488693988319753,-0.007197702280303364,-0.0018743725949472712
4582,0.0017364834830623233,0.0007323323687597472,-0.00800943366953516,-0.003594499180009647
4583,0.0024674254172854515,0.0010189045627926607,-0.010746608124846235,-0.004726276619160252
4584,0.002145586633613139,0.0007845157761340316,-0.0030411163878931724,-0.0036001370862035476
4585,0.0020580148856244596,0.0008314403367149781,-0.0023125873687422915,-0.0029907040536421015
4586,0.0020338598386513973,0.0008584568265222192,-0.006440829172264906,-0.002873162244970695
4587,0.0016326825772878806,0.0006561343913227546,-0.0038494142617503946,-0.0021449916265827706
4588,0.0023210559663547348,0.0010003313876680853,-0.006542096446484902,-0.003502784264415304
4589,0.002096299257339951,0.0008559630061963086,-0.012028377610267371,-0.00356216167397172
4590,0.0029072534778435966,0.001230702692549157,-0.009350696972030725,-0.004106750673278592
4591,0.002510885685516717,0.000914936582514625,-0.004173089992999035,-0.005031452735534292
4592,0.00044017427835985057,0.00014758401274450605,0.00268177256167923,-0.0015190655750226822
4593,0.000464990615545835,0.00020417494771943212,0.0012746386660481557,-0.0010684428170308902
4594,0.0008759551395353116,0.0004646220830668013,-0.0038085548556091586,-0.0018604845958318794
4595,0.0015007530643547096,0.0006879646662521222,-0.005110360994392771,-0.0023402036665484127
4596,0.0009887407041654361,0.0004552732183193964,-0.0010147008455169138,-0.0019881647298236604
4597,0.002977329665421302,0.0012803725698026514,-0.006933775629160699,-0.004456482068422418
4598,0.002077488704426922,0.0009723057762288101,-0.00450832886914887,-0.0019110933829721288
4599,0.002478166874059995,0.0010175571216500812,-0.007758427169115234,-0.004896611544811025
4600,0.0015135831141747103,0.000711067638961782,-0.004111936112357051,-0.002164089956891324
4601,0.0009184535152624296,0.00040691128956416023,-0.0033902893193923367,-0.0025013376136971965
4602,0.002386278296145794,0.0008598665711410935,-0.0024444857281561982,-0.004479083832830355
4603,0.001671039067545621,0.0007486373342284192,-0.0054887224600445594,-0.002801381868659747
4604,0.0022184986552215014,0.0009017445465260843,-0.004418266912720792,-0.0036073595881970233
4605,0.0017734762060088727,0.000800853983914912,-0.005403775709005909,-0.002883469526728022
4606,0.0018730270227366175,0.0007529909251438038,-0.00413187288574679,-0.0035322234797889873
4607,0.0016224788773774868,0.0006902560963398252,-0.003721967546472693,-0.0035654597204100025
4608,0.0029892590957931175,0.0012166461014959384,-0.005607531117073461,-0.004111544777246623
4609,0.0025520676596498815,0.0010685779527256356,-0.006156730156563817,-0.004225416835800799
4610,0.0019550819282212473,0.0008476318202085831,-0.00753732297277887,-0.0034618251344868955
4611,0.0011676477512364558,0.0004120911102802882,0.0009772409050033404,-0.0022057733639664345
4612,0.0016558101259815383,0.00060147774308969,-0.0017343441656071379,-0.003803556933607344
4613,0.0021242095443914644,0.0009748906468617924,-0.00364275734725511,-0.0020195682945924887
4614,0.0033926134676025566,0.001499161158961343,-0.013773666945422813,-0.005366737363025842
4615,0.002597792767086715,0.001103702166050352,-0.008730442119172233,-0.00358062795479297
4616,0.0024352660427983674,0.0011036242204640057,-0.013092330740579972,-0.0036293807009121215
4617,0.002364532263413377,0.0009849807276731126,-0.006966101353805154,-0.0046796123357272235
4618,0.001300104184529416,0.0005944133209488389,-0.0015916885745309584,-0.002319683697649122
4619,0.0012771161079420112,0.0006032306774810259,-0.002881440950228742,-0.0015368693441504266
4620,0.003497115177580945,0.0013659137708551816,-0.009738470081581185,-0.00606809313631429
4621,0.0028086731095062767,0.0011806603017409378,-0.008566687592544975,-0.004687830687830852
4622,0.0019281079061966855,0.0008173845269684454,-0.004175666121320143,-0.0022489442613803368
4623,0.0011498837508103765,0.00045242230065714595,-0.0010634486493437678,-0.0028809197937488262
4624,0.0020275497803228237,0.000932651163208148,-0.007693242051820037,-0.00305379015749363
4625,0.0018668588679549014,0.0006458138259284596,-0.003142092672934693,-0.0036969349695347153
4626,0.001697461635536357,0.0007205024904036461,-0.005712231377960175,-0.0022735292230704474
4627,0.001035449873085681,0.0003671417553618994,-0.003325358512955845,-0.002053209812231116
4628,0.0017397290941751908,0.0006153520237931198,-0.006385132845348418,-0.0033414383855949747
4629,0.0017065858653271815,0.0006718267100986053,-0.0016680935115950257,-0.003240581701591694
4630,0.0012528886546403495,0.000525061472736732,-0.00048614149858527966,-0.0021277236545824696
4631,0.002291562515091994,0.0009161740508028815,-0.0053445539463574665,-0.004541719858583093
4632,0.0015856839050831795,0.0007173359061473372,-0.005696112824596089,-0.002227968722034679
4633,0.0011127925569491826,0.0005299011690342303,-0.0009773144011612778,-0.0009892867099445812
4634,0.001969852239625869,0.000795628363526979,0.00016040938664430016,-0.004502999052930723
4635,0.003013112126625639,0.0013167863214718079,-0.009956926244600428,-0.00567564591896641
4636,0.0008358944201087848,0.000343967390644323,-0.000817406245942176,-0.0009177228476999755
4637,0.0018342344213659878,0.0008465668564411055,-0.007829377832250017,-0.002147208628782593
4638,0.0013629492319834347,0.0005842043027672328,-0.002833159352214343,-0.002528500712517867
4639,0.0007737047957374621,0.0003238333064607135,-0.0029048418316265368,-0.0015646685541761407
4640,0.0014092509674833442,0.000624271300111362,-0.0018061741853730995,-0.002366122722050057
4641,0.0016171510167234393,0.0007835179781734702,-0.005713912147242484,-0.002278632076986531
4642,0.0013454532411074083,0.0006445838339820542,-0.004257307642598407,-0.0017452786433551637
4643,0.0011182371476546882,0.0003914677310588033,-0.0012584526525063477,-0.0018910221096922752
4644,0.0027430684423688234,0.0010031327142225044,-0.006102542621735985,-0.0054960614121957185
4645,0.00205953212434995,0.0008386520343139914,-0.005779986938730108,-0.00382950962464379
4646,0.0016202243558385843,0.0007139705872216406,-0.003680621005940632,-0.0023008869278423605
4647,0.0013547160250227952,0.0005605286508417184,-0.001850630484301119,-0.0029560915275201882
4648,0.0017504406841754028,0.0007608923831612657,-0.008454947572338056,-0.0027679649856487964
4649,0.0022981315253770562,0.0009705894653785907,-0.004505461559315471,-0.0037358848736094297
4650,0.002244139387840849,0.000940708255100231,-0.005579615981466057,-0.002664837251303509
4651,0.0018422350647158692,0.0007972982223948821,-0.006505251364717357,-0.001954302392095042
4652,0.002174934063786438,0.001038379297027131,-0.00557729219509534,-0.0029187931730244587
4653,0.0029324529408217836,0.0013398976456470701,-0.009310934417411043,-0.002917945804349009
4654,0.0022259467438024427,0.0009392294462719497,-0.006130793517722166,-0.0019305376288412113
4655,0.0025470495621000566,0.0011384183656417968,-0.007890346784364677,-0.0031496036425411322
4656,0.0025487589730718296,0.0010299313553289169,-0.007674902888794299,-0.004258477887169931
4657,0.002313402224049077,0.0011622673117142046,-0.004845869396804758,-0.0027592135881062685
4658,0.0009319551743045551,0.0003570696146732444,0.0009809011144256141,-0.0005924613033153614
4659,0.0025100515097576936,0.0012387985100797416,-0.009682430128558572,-0.002762707203040171
4660,0.0029251448554319937,0.0012066762103519202,-0.006746011685180187,-0.003876567334622716
4661,0.0028877475231635086,0.0012348230188865827,-0.00718265151524522,-0.004982264346305332
4662,0.001553539596553355,0.000677373285769084,-0.003094189280263948,-0.0024478429242873467
4663,0.002980558685975132,0.0012136533168053687,-0.010041090714659973,-0.004266441563989032
4664,0.0019964310427558196,0.0007928856471061674,-0.004558019818963643,-0.004823467314519547
4665,0.0016851552319384622,0.0006803397636178377,-0.00604640487034408,-0.002281390663531724
4666,0.0019041479873683764,0.0008876031121791972,-0.006569223255441903,-0.0033546803069053333
4667,0.0009666884794033992,0.0005158374047164183,-0.0023557925677631375,-0.0017080205726994757
4668,0.0020796727176631835,0.0009245349545319026,-0.00702210958790217,-0.0033209159952640732
4669,0.002464993535519544,0.0011953133809377292,-0.01058948491995565,-0.0030694243390448905
4670,0.0007793789209195046,0.000379466780623533,-0.003230848009530496,-0.0008874606223800985
4671,0.0019503510762747256,0.0008064471015437613,-0.004161010525464359,-0.0022786991536991597
4672,0.0012939628819952365,0.0006211854390217597,-0.0070273841471235055,-0.0018272866374132724
4673,0.002604013542479855,0.0011338229277570722,-0.008545872014726619,-0.004813556862549362
4674,0.0026593873128822887,0.0010186039255470625,-0.007422999585122769,-0.004906018376780619
4675,0.002441678640034528,0.0010503671532127723,-0.0074893219933857,-0.004045809420402335
4676,0.0026229122470400323,0.0010655346046419545,-0.007841559416083554,-0.004004953847250525
4677,0.0014178304481784476,0.0005648538871315667,-0.004048910349416623,-0.0025460992907800906
4678,0.0030865141101378835,0.0013106725708374456,-0.009358316852943471,-0.005137350893032577
4679,0.0014380644410274535,0.0005628138978707453,-0.004644694327951393,-0.0026666527733275602
4680,0.0026475744360048292,0.0011391936813425207,-0.006771340568263007,-0.004302569615493468
4681,0.001731353299858407,0.0008885252505192731,-0.006482579506797093,-0.0022412710450742113
4682,0.0019811275904743075,0.0008234624932323686,-0.009810289276793227,-0.003103468241561047
4683,0.0023355812565533096,0.000993500300173672,-0.007427388651497502,-0.0038072316736240674
4684,0.0016326300289168927,0.0006417499453255926,-0.0017590260604481434,-0.0028859860780963142
4685,0.00260372039342488,0.0011261640273055595,-0.0079182619971776,-0.004038351664371276
4686,0.000985756765228829,0.0004451883542254398,-0.0016478416581908184,-0.0021760897243140453
4687,0.0017709928507303463,0.0006905586027519395,-0.0026997545226727926,-0.0033565332438880713
4688,0.0017879215530782755,0.0006576574660465406,-0.007902587837149755,-0.003949271235637708
4689,0.0010858779187645773,0.0005676817884549545,-0.003303849329327091,-0.00146205656282683
4690,0.002308273411767703,0.0009062337165810785,-0.008793662703670213,-0.0037716692362651516
4691,0.0016806821546064277,0.0007006117959439118,-0.004037330085518098,-0.0025096647752542722
4692,0.002354591724341215,0.0009319047174369821,-0.005766136029542179,-0.003494437027147246
4693,0.0015544243989504825,0.0007079948894672394,-0.005915711879219854,-0.0029460711400816075
4694,0.0015709695084908937,0.0006173481658779123,-0.005041901085813039,-0.0028764735751436454
4695,0.002708477328503378,0.0012748109478500635,-0.004001173875024078,-0.0024970382777074196
4696,0.0025504151351095627,0.0011284492581349614,-0.006201460549492277,-0.003950770551941041
4697,0.002548024020439521,0.0011259284606611186,-0.0069738486584634,-0.003322818400137928
4698,0.0015944982149347364,0.0005652355464149661,-0.001594738079543967,-0.00346374780760772
4699,0.0020194451964164473,0.0008610441379743039,-0.006119311091862256,-0.003762830821022356
4700,0.002633175602922755,0.001160650406530489,-0.006447212503340516,-0.004046925578648164
4701,0.000985893476930122,0.00039059769050892035,-0.0006124039463534237,-0.0014168139572648952
4702,0.0033292144221633846,0.0013574500093996855,-0.011216020210694622,-0.004993110439795667
4703,0.00136318193133933,0.0004659046523555199,-0.0002630269900142368,-0.0024560410988836434
4704,0.003001129378477685,0.0011868389578997274,-0.012499432057795246,-0.0041241234601090415
4705,0.0021861618518742576,0.000996329176750188,-0.0072995263618150785,-0.003415891421048034
4706,0.0017997061875936193,0.0008463213064345831,-0.008965335762027182,-0.0015443104006127584
4707,0.002459254559082913,0.0011182878547768005,-0.006615463169289182,-0.004116571789406054
4708,0.001180235312779776,0.0004652665592867755,-0.006401630274851411,-0.001608071347405371
4709,0.0011092756825947236,0.0004721573259888201,-0.0014720317091807544,-0.0012025935177184532
4710,0.0017862918303058195,0.000849107429321122,-0.0041088601722775175,-0.0028572679265705947
4711,0.0018096541198606708,0.000898608169564663,-0.005491637194110721,-0.0029186223007685586
4712,0.0007197639824633173,0.00018915105965772172,-0.0017619746214749266,-0.002069000839776569
4713,0.002033931113799292,0.0009021929843893994,-0.005604646462272989,-0.0022494430527982834
4714,0.0019798620870526973,0.0008316172924772158,-0.0036615543763284797,-0.0036188209161922558
4715,0.001389660300437745,0.0006942912453089534,-0.006896606078397427,-0.001922755634974127
4716,0.00110959884181977,0.00045055189677831176,-0.0018513269131559262,-0.0027759029128783252
4717,0.002636666946951971,0.0010317028556945107,-0.007871731875764898,-0.004700569928407283
4718,0.0015976372995021304,0.0006369413309560423,-0.002031349961418627,-0.0026682662474663
4719,0.0012949306333119859,0.0004753577166232703,-0.0026119489837399534,-0.003327139351425923
4720,0.0012774817694091167,0.0005404917411191978,-0.0014185224213408842,-0.0024549609426066654
4721,0.0034940454874795024,0.001440000834962346,-0.011518676917906645,-0.006106409845643368
4722,0.0009589663036746465,0.0004804588738206439,-0.0027548864450313015,-0.0010297241160801551
4723,0.0019530964344954826,0.0009217891600218353,-0.006161206383951845,-0.003021438362939999
4724,0.000956852745925385,0.0004016255197874241,-0.0022332024829144204,-0.0014199414779042518
4725,0.001794702844396756,0.0006942240013760592,-0.004929673650902466,-0.0029851949558490354
4726,0.0018423874476026225,0.0007841033129350472,-0.00461131920787905,-0.0024155877396925263
4727,0.0016177023899325293,0.0007256103447258466,-0.00632613339951571,-0.0024092988006380045
4728,0.0022218732196463975,0.0009826630066223085,-0.0049235795154884965,-0.0027663510810234104
4729,0.0028753783737242022,0.001263337951950022,-0.010390942242088919,-0.004473475108082936
4730,0.002057377657869286,0.0009353022533204469,-0.004521948453005797,-0.003964916496455584
4731,0.001894539989884092,0.0008040750013418585,-0.007183356546324571,-0.0024130516629932153
4732,0.0013470187893260266,0.0005365457479821478,-0.00897520796348611,-0.002037515057649264
4733,0.001519989140070399,0.0006380425473192786,-0.006188018041695276,-0.002005890370726071
4734,0.001920279452071627,0.0008143961704432379,-0.0040669884464217265,-0.001703026112479078
4735,0.0020030718031299743,0.0007805608927501095,-0.003636844626984548,-0.003332873793405411
4736,0.001867908765734727,0.0007855370205034073,-0.00900960830993075,-0.0036614396829168783
4737,0.0013404177322887678,0.0006123337454012334,-0.006565421624994294,-0.001482318575168673
4738,0.0011545498637074436,0.00044662592417776814,-0.00031044224696391565,-0.0017163554011291327
4739,0.0023011793163524863,0.0010471143796001448,-0.009079753359383769,-0.00349045024687622
4740,0.0018929743602734694,0.0009021850786920249,-0.007354461074217444,-0.0029296802138815137
4741,0.0013882809687901787,0.0005403420975748641,-0.001961664279921005,-0.0027202890576828453
4742,0.002247779580557663,0.0009370595757883515,-0.007674004360256115,-0.002860951986904392
4743,0.003603902105967227,0.0015720089454699937,-0.010297535803864777,-0.00489183993559672
4744,0.0019171199023819696,0.0007283803587724569,-0.006353414404583813,-0.003071187525843344
4745,0.0017051399040098891,0.0006695253431320547,-0.003716059670165084,-0.0026365559567327335
4746,0.0010039994469626667,0.00039653954748153364,-0.002150669958955964,-0.0020204163311361434
4747,0.0016605698407282654,0.0005342090143820866,-0.0013474690803741973,-0.003898652597558061
4748,0.0022223628383118976,0.000964707149337829,-0.004634082494550162,-0.0031051939106125914
4749,0.003692625119010584,0.0015184312666707833,-0.010526870045002301,-0.005185047522965003
4750,0.0029416005560610192,0.0013436609082624618,-0.011129879193684022,-0.004725272899463229
4751,0.002576106167687664,0.0010678334934163536,-0.009269968230629033,-0.0041801110282883025
4752,0.0024415726092251733,0.0010192789734179974,-0.007378680535211513,-0.004390170227280832
4753,0.0006836296150318777,0.00030960475660749,-0.001058399993884851,-0.0017623604465709652
4754,0.0017007812339205897,0.0007465687211448968,-0.008112242537431869,-0.00252591038654959
4755,0.001870587047255401,0.0009246537083968942,-0.004985654203200296,-0.0017385863194245843
4756,0.0017926987235293845,0.0008229963910334204,-0.005252546914301992,-0.0020531393511431517
4757,0.0030408500591915244,0.0012704344925514033,-0.005493628939173101,-0.004576978334392079
4758,0.001636212778761692,0.0007329381634482712,-0.008056783859061944,-0.003081232492997077
4759,0.0022053949421596553,0.0009745641922360992,-0.006754189889721318,-0.0036854701088301356
4760,0.0009523534414928037,0.0004777233807883585,-0.0012223025877036164,-0.0013760951691987877
4761,0.0018420637441716181,0.0008708071258979044,-0.004436110748467448,-0.0024958808298866098
4762,0.001702620495079854,0.0007009543359544623,-0.00604526766690211,-0.002415173202421017
4763,0.0019110286233937068,0.0007460528765578511,-0.003476406226712414,-0.004485795603098475
4764,0.0010288073181925483,0.0004597719665055955,-0.0018156704092078257,-0.002361065995811762
4765,0.003605292905349722,0.001529943851160065,-0.007906637533324767,-0.005565341548394054
4766,0.00181970318300273,0.0007607091757523277,-0.007782514046397404,-0.0029777042757449523
4767,0.0016912905513433163,0.0006935712182228604,-0.004600504044057818,-0.0033426563297512812
4768,0.0025148203910929645,0.001031747788131726,-0.00487892666129236,-0.004856348470806293
4769,0.001334176638079887,0.000559327535281956,-0.0032809740268797127,-0.0020686926242481363
4770,0.0015805884393825798,0.0006943017050528577,-0.005629181133435579,-0.003005351599612127
4771,0.0016947111164226092,0.0008893703968873845,-0.007188794773321738,-0.0014923747276688326
4772,0.0022667368456240067,0.0008956867002902769,-0.004049457119305322,-0.003163170094278578
4773,0.0025099876681194955,0.001135070515082215,-0.0090688862383429,-0.004224862070679403
4774,0.002150545854191388,0.0009042230512252003,-0.0069472601292985825,-0.002627178874113123
4775,0.0021401678129626678,0.0008824722865893309,-0.004413488805904198,-0.002913009962049351
4776,0.0018179039922398554,0.000667520467510313,-0.004055688672482127,-0.0036719038587048614
4777,0.0019213769929452007,0.000762028119035113,-0.0022532891995820648,-0.0031439537160289355
4778,0.0024556367418114844,0.0011635599712534472,-0.006771952792734126,-0.0032939852623966592
4779,0.0016036831496585302,0.0007748762505055407,-0.007081132229018239,-0.0022072984877158364
4780,0.0012751087770822567,0.0005319540066060502,-0.0008441410467130428,-0.00224208302634743
4781,0.001931405442103018,0.000847704186883097,-0.008166750693593239,-0.003469531828434791
4782,0.0020689291381220665,0.0008265214747697758,-0.005693252380897462,-0.0035634891826039627
4783,0.0010142119832018404,0.00038014473592043463,-0.001055924364496641,-0.002195685496086619
4784,0.0039304560099182595,0.001770887445187247,-0.008160643213989904,-0.004225850701358613
4785,0.0012418473276279984,0.0005691655471537216,-0.002294967233552603,-0.0024497004668657674
4786,0.0016137335602932623,0.000707099990626181,-0.005256018826645947,-0.00335137233532945
4787,0.002426053751130808,0.001144613211086526,-0.010690573237363665,-0.00390929164640097
4788,0.0017227856149403253,0.0008187450113156525,-0.005252525879846759,-0.0013960719070786887
4789,0.001668067039165888,0.0007406546140365233,-0.008714329932120402,-0.002082112274766179
4790,0.0016735058550889081,0.0008119225501405647,-0.005676616940613333,-0.002114745719396849
4791,0.000503747480701533,0.00014093014779165136,0.002598506356225827,-0.0011379157261994788
4792,0.0018992143912811565,0.0008453265892593986,-0.006215058312754873,-0.003095716198125875
4793,0.0023074790834702874,0.0009419326463211974,-0.00432617320073464,-0.0039816602316602445
4794,0.0024093471825276658,0.0010108019702860238,-0.004053033088179725,-0.0029682730811235736
4795,0.002659918174405751,0.0010440963509658618,-0.0033300008953200955,-0.0036447699702448766
4796,0.002288789353107501,0.0007742374983891465,-0.0013577964493423078,-0.004246571569503699
4797,0.0009377193203798928,0.0005636683290389521,-0.005062646422076156,-0.0006384943321349201
4798,0.0029963190970815345,0.0013327832552810503,-0.010569998448566709,-0.004559492508659835
4799,0.0027163113751416668,0.001222339056718258,-0.006364950912537359,-0.0028615144324229957
4800,0.0029055870285912277,0.0012287280951849,-0.008120090476044228,-0.004519530254109894
4801,0.0020724051342381755,0.0009350931446326094,-0.007259433785133218,-0.0030261682375652965
4802,0.0020813344141368817,0.0007548834897299628,-0.005162032908228309,-0.004371210242769874
4803,0.0029889367496758745,0.001251678714325355,-0.008839407844929481,-0.005157496184964416
4804,0.002239295968970989,0.0008880514484091717,-0.0032034025671064947,-0.003599195838176694
4805,0.002048757135469592,0.0008692435092557405,-0.007068007332166837,-0.0035892872500442596
4806,0.002044358558799586,0.0008817009436529188,-0.006012523347053267,-0.003262935268958267
4807,0.0005015798908930558,0.00016397027558931465,-0.00190029650342316,-0.0015374506802006138
4808,0.0016127914953898426,0.000614886168484291,-0.002557901986427691,-0.003378456079249581
4809,0.002704753213140676,0.001173652955102883,-0.003834398054552657,-0.0045870723486940435
4810,0.0030990877293654018,0.001211401537013046,-0.005732665173324603,-0.005127283422110329
4811,0.001467457757422852,0.0006513174213736983,-0.006503052899190009,-0.002390951193842361
4812,0.0014549921677791122,0.0006061886110621528,-0.002375126444598308,-0.0021371991647191058
4813,0.0018881715576233304,0.000915676795710807,-0.008091172988422435,-0.0029408736991840545
4814,0.0016387915868620873,0.0007179496899189508,-0.0034885586983311456,-0.0025554596521024653
4815,0.0017899526466147453,0.0007231990326500015,-0.001717734721416786,-0.0030739972241433655
4816,0.0015331936139015845,0.0005977016829765425,-0.0008373669744686785,-0.0025120859332598
4817,0.00031007981490582814,0.00012166468584720591,0.0011188105948505278,-0.000995548367185628
4818,0.0014312466558907833,0.0005792138794104562,-0.004046512009408809,-0.0024611085938680555
4819,0.0022835235819056443,0.0009765089810357119,-0.006897367554517864,-0.003551587044639315
4820,0.0029177616213155733,0.0011817135570895698,-0.009535161420921368,-0.005755882446588423
4821,0.001647894427313723,0.0006066871195336276,-0.004448556651733604,-0.0032126295162639984
4822,0.0015021710202500205,0.0007198749781544,-0.0027674968358411545,-0.0019830297765893734
4823,0.0015004828280108518,0.0007422922496673201,-0.005389711879348447,-0.0028430988062557727
4824,0.0018036077737865197,0.0008167804350827923,-0.0034049686043959304,-0.002625315860609989
4825,0.0013998288051455532,0.0005137569362786143,-0.0019735872151446787,-0.0028339165937590893
4826,0.000765675945530675,0.0004257117426834933,-0.003913761348313227,-0.0007568843457014252
4827,0.0014584610186938463,0.0005039351073806986,-0.005242023704647769,-0.0036928340444802865
4828,0.000947497797065322,0.0002562092045817199,0.0025561498787403103,-0.002552354135019641
4829,0.0010006864884889444,0.00041924487649494524,-0.0013975025531469676,-0.0024496765456943903
4830,0.0030182620055284604,0.0012661210929409694,-0.007820466738597487,-0.004411821184422737
4831,0.0019243783002887982,0.0008465118675640704,-0.006085083549458192,-0.003884442314514569
4832,0.0012033648870918845,0.0004273975835288879,-0.00032532609309404714,-0.0024452149074905005
4833,0.0023814873773562173,0.0010224308054090359,-0.006740886991215944,-0.0027937475286985425
4834,0.0022126506455732997,0.0009587450502873684,-0.004665297490036913,-0.0017354641278477523
4835,0.003107311875670593,0.0012534173528241654,-0.006452285447212158,-0.004908604908604897
4836,0.0030475386343509214,0.0011406360893466971,-0.007638988035119587,-0.005929419258627555
4837,0.0013744577633538757,0.0005309043287829995,-0.0013692901276909364,-0.001611316051927214
4838,0.002263637716753919,0.0009551763134897084,-0.005552702777502583,-0.0036836171464387224
4839,0.0017695355711614402,0.0008434271936149373,-0.006039837183393959,-0.0023121226712100595
4840,0.0020528395772054786,0.0009174350866875125,-0.006678738141664198,-0.0024852639553576417
4841,0.0015474309887831272,0.0006509581455791946,-0.002195451789946734,-0.0026180327967482153
4842,0.0016797749465324308,0.0006413389841607997,-0.006817245185292253,-0.0033982440472739572
4843,0.0008670488902521312,0.0003701064541587751,-0.0019034862727355661,-0.0014720514019251896
4844,0.003511094620863797,0.0015530576608096258,-0.010278148139512,-0.003801226950101655
4845,0.0014432048165141653,0.0004951242672626699,-0.0001228322500724799,-0.003143273707808758
4846,0.0021642408233619737,0.0009002037356213022,-0.004272465252808333,-0.0036906414364158424
4847,0.002313736773983499,0.0010434522631197762,-0.004266017589269588,-0.0024658144403367777
4848,0.002103297921945413,0.0009107089102070864,-0.006100668085135819,-0.0034214282558791
4849,0.00019189717819656504,9.07607122907772e-05,-0.0015554340945598821,-0.00029550699004388115
4850,0.0023668009279595448,0.0009994266402081897,-0.0074473700028726,-0.0036411530464813824
4851,0.0012794437840589756,0.0005837574628637099,-0.004006006628340719,-0.002413285340314264
4852,0.002467135423747102,0.0011923773503375035,-0.011114728860026457,-0.003343734151645572
4853,0.0019515990225861257,0.0008379104034312856,-0.0068190003839703195,-0.002684085145097992
4854,0.0010113387595879209,0.0004251380792029691,-0.001687337788163601,-0.0025841670943335115
4855,0.0013127507271041838,0.0005996370375296045,-0.0026608358022874867,-0.001219710522036177
4856,0.001679923575437503,0.0006750462622943376,-0.005159557751626631,-0.002618944380937349
4857,0.0018301953926427306,0.000808769792621955,-0.004392159533863682,-0.002889179623945415
4858,0.001456204998532773,0.0007052447214954127,-0.005996909173322407,-0.0025720230503040176
4859,0.002679219482718209,0.001186410244117142,-0.008139039189652142,-0.004576957667465353
4860,0.00151420464497809,0.0005791137475670005,-0.003263308365986206,-0.003167624045576023
4861,0.002240213633608157,0.0009908476512227316,-0.00999447599884723,-0.002686705666221645
4862,0.0016722024770534638,0.0006592983676636799,-0.004871688830521248,-0.002561196820944467
4863,0.0015845298343413194,0.0007176815521369728,-0.004954312755557355,-0.0029564250048210727
4864,0.0014461101038057977,0.0005096611870944734,-0.002101587489438561,-0.0034766697163768345
4865,0.0013513423588577544,0.0005181083203660009,-0.0016991431581503402,-0.003391413928737541
4866,0.002012393352323283,0.0008349285161201037,-0.003627252051537022,-0.0040875530762062295
4867,0.002951894852906256,0.0013346097484157327,-0.007143739916278036,-0.003516673809044857
4868,0.002542896614174006,0.0010977213255770613,-0.004779947756486214,-0.0028075712021380372
4869,0.0015799220332232689,0.0007334029365632377,-0.005633273385408644,-0.001978812168461963
4870,0.0018366050788329868,0.000800565216253768,-0.006343239346179308,-0.0024583790153925866
4871,0.0012520566684291468,0.0005637748858533242,-0.005261274149394313,-0.00087026080707997
4872,0.002604356493161375,0.0011788865089152056,-0.009266623872515367,-0.003119475522072923
4873,0.002033019745119713,0.0008005868663551741,-0.003872252877406779,-0.003095699764129156
4874,0.0015165040989298384,0.0006755755444000644,-0.0048547544889339656,-0.003176536771268168
4875,0.0011049573912698119,0.0005997199952561261,-0.007026227701504739,-0.0018305057872206598
4876,0.0022425403533188337,0.000818594437096698,-0.007386592007153414,-0.004448444235901405
4877,0.0021523374197453538,0.000891911882008517,-0.00509607678675239,-0.004365789249510255
4878,-0.0008177881712009283,-0.0002796676523269537,0.004861289328832841,0.0007257672174758589
4879,0.001806280331211052,0.0006920180740558335,-0.0026934879794078825,-0.0032101907101907967
4880,0.002318345845261527,0.0009341297504077972,-0.005433739872226673,-0.004139142313509314
4881,0.0010031181056193716,0.0004136255401139266,-0.0012158813812122582,-0.002196461256863902
4882,0.002199579745887581,0.0009327812306273442,-0.009512561140395781,-0.0031173277141017808
4883,0.0005842999671454852,0.00024095753308533974,-0.0009023360208023634,-0.0011431094878087134
4884,0.0031068512160723483,0.0012681605807794427,-0.0036098309979689658,-0.0041195310690769205
4885,0.0015960247721142906,0.0007690108474914803,-0.0032608710361825555,-0.0017729099054318853
4886,0.0026487008575343807,0.0011608852708293038,-0.007691905459624171,-0.003782321950223877
4887,0.001912254824179227,0.0008726802097859532,-0.00530165998406007,-0.00318811974246902
4888,0.002881893855848694,0.0012476891039022997,-0.008192851689260816,-0.003994602211660148
4889,0.002578856551073594,0.001177440491287346,-0.007054858882083126,-0.002140286252341972
4890,0.0018732397711553883,0.0007702118544508363,-0.004650897295931766,-0.0025286999689730916
4891,0.00048459598066952214,9.423676491693289e-05,0.00033966747032171396,-0.0014649446494465757
4892,0.0008449264680467916,0.0003556508383243395,-0.0053129484016768425,-0.0017123145062022394
4893,0.0023554881325864585,0.000945755843888757,-0.007373212712246613,-0.005008044696688474
4894,0.0018851544847976465,0.0009433680204948558,-0.0026619638220731767,-0.0013530853386362063
4895,0.0029825595087845103,0.0012630798668692156,-0.0072784240831754166,-0.0041489857335330615
4896,0.001625483707541009,0.0007123233132534379,-0.0008975867330738851,-0.0017954156594017778
4897,0.0018353885805593162,0.0007317136627311427,-0.004828256316695645,-0.002702702702702675
4898,0.002048536405795831,0.0009153230855766803,-0.007273408214791999,-0.003356482727680632
4899,0.0015075996873969433,0.0006473993425406555,-0.0045402660486975055,-0.002608117168384383
4900,0.002592118970033086,0.0010023029689221752,-0.006507817899337631,-0.004098535830131644
4901,0.0016730373135183108,0.0006246208172231427,-0.0037417618162904343,-0.002983340022884362
4902,0.0018538065120448088,0.000797579249041086,-0.005495332892505811,-0.002806725516410924
4903,0.0009801546665804128,0.0004044721838914189,-0.0016221041822500615,-0.002030169704588358
4904,0.0019093878652708396,0.0008661796070850436,-0.0067626178787652536,-0.0030761905730136707
4905,0.0027161726212699966,0.0012355305144664541,-0.006245349797612931,-0.003317396168915576
4906,0.0021669817441520856,0.0009296983579238638,-0.003122563930895772,-0.0031533745827856396
4907,0.0019088070339357,0.0007636158827790673,-0.002509365387931173,-0.003088684607276626
4908,0.002245411552332932,0.0008772950600055562,-0.0038976000495006824,-0.004239370751793814
4909,0.001579703398432497,0.0007126228645937815,-0.004553814221194219,-0.002259643738091066
4910,0.002297380575599084,0.0010128466022583937,-0.010388542568754988,-0.004006647964928223
4911,0.001996880749727592,0.0008602144574477166,-0.0017435604705784424,-0.0022407111959351633
4912,0.0024643323884681045,0.0010450113354548707,-0.0057651923443699515,-0.003236880424967725
4913,0.0016499916111641366,0.0006544577122742645,-0.002453895049893462,-0.0032318476749244596
4914,0.002160904462563673,0.0010004355775256601,-0.004608023950665008,-0.002706254932847374
4915,0.002472216641590197,0.001048851074172602,-0.005691816822365636,-0.003941784420117278
4916,0.002564315738590617,0.0010050338985452545,-0.003652439508280314,-0.004362740676372212
4917,0.0017270569105020672,0.000713710766562875,-0.004063994403669335,-0.0031053681179937787
4918,0.0021409800188232353,0.0008205597464492342,-0.006146065838176451,-0.004783511737830981
4919,0.0014268539412573555,0.0007208639460540567,-0.004717799999453931,-0.0017042985781279274
4920,0.0017899875238930885,0.0006899733144890841,-0.0037701103076400178,-0.0031102096010817704
4921,0.0017205844527261593,0.0008095746267176851,-0.006226700484212533,-0.0027333831217326576
4922,0.0016542772948864304,0.0006500636297718243,-0.0038974184164590753,-0.0037380278350297447
4923,0.002838232533266427,0.0011313141393976545,-0.0076768020004971405,-0.00497603359302512
4924,0.0013015280354321535,0.0006353820038642322,-0.004269451495972021,-0.001967021732222518
4925,0.0005113717795066641,0.00016619688122046505,0.003009041540516788,-0.0013278011256900868
4926,0.0015511018981933522,0.0006711090225616778,-0.004980355180459528,-0.0026496513616629525
4927,0.0015819292791224848,0.0006587841276373685,-0.0026044412361801994,-0.003499045329184658
4928,0.0017160700291598552,0.000636646912940908,-0.004630133681320148,-0.0031435922743503486
4929,0.0013481493565857816,0.0004966494643516839,-0.00142794163792076,-0.0032416567735128465
4930,0.0027679865662169068,0.0011038438940597362,-0.00782249806179508,-0.005163547132377877
4931,0.0017913917996315032,0.000921284553506041,-0.005821933543801228,-0.0032885699826489256
4932,0.0019112401207004304,0.00087345919787013,-0.007514069145257318,-0.003255050505050483
4933,0.0023065663473438858,0.0008807363704043947,-0.003827348857076751,-0.0033114681751619246
4934,0.0019810920320213476,0.0008594067771494907,-0.003567824922647067,-0.00389663434931109
4935,0.001157352815667756,0.0004985581359628899,-0.0051988175487296395,-0.0023343544956713203
4936,0.0013674678605856139,0.00048141852666580554,-0.0010794315033798019,-0.003162323761718544
4937,0.0014079773908808324,0.0005286658036125491,-0.0019312142961232515,-0.003262247744320934
4938,0.000785426451651472,0.0003382114639424727,-0.0010432305319057478,-0.001712265849482253
4939,0.0021673264124913993,0.0009833148897778476,-0.007575775006675611,-0.0024712672280791104
4940,0.0023176313478328048,0.0009362331221197395,-0.007044403545090672,-0.004824355784218248
4941,0.0036736575855099707,0.0015406296124775842,-0.008544275229573295,-0.0058705464074017
4942,0.003078509957481712,0.0014000135958164572,-0.0099761599933601,-0.004315625524317301
4943,0.0022185792780842206,0.0009480556304905519,-0.004442374244657876,-0.0029892831830290456
4944,0.0016847666480618306,0.0007301727732324514,-0.003601482483565732,-0.002180448889682607
4945,0.002223852943647242,0.0008706249353608309,-0.003981904454176455,-0.003923206284353387
4946,0.0019260323245799404,0.0007203736638401737,-0.001376615271231063,-0.0033020151575964274
4947,0.0014283270287961392,0.0006696363606250866,-0.004355743316632799,-0.0021453423837026753
4948,0.001850716907268679,0.0008587507484339452,-0.009361062803585285,-0.002703059071729963
4949,0.0022361698890090986,0.0008087364232841621,-0.0055217588678809215,-0.004299961850782075
4950,0.0021677503063608494,0.0010183229792627702,-0.009581286124136335,-0.002813991279347672
4951,0.0008186960199881299,0.00034575925219748616,0.00026551975602417954,-0.001851567019202749
4952,0.0001645501968002283,8.840692233313963e-05,0.002374552298055277,-0.001140999865206438
4953,0.0010782662400278253,0.0004674683160099946,-0.0035981369890207837,-0.002312097260531054
4954,0.0029116648183441507,0.001147928905715051,-0.00761714795130547,-0.0056658604916796085
4955,0.000971808075325653,0.00042855264027977236,-0.0036959022773687678,-0.0019765954681932874
4956,0.001515193774396184,0.0006673080351022875,-0.0025466698050967684,-0.002373097701510951
4957,0.0013784721731145422,0.0005424395545760297,-0.002318776422141511,-0.0024448818897637725
4958,0.0013034409849522754,0.0006413039110420848,-0.005410056830382204,-0.00213068065903399
4959,0.0019256463692437498,0.0008774240307672654,-0.004137122418345962,-0.00327750370359714
4960,0.0017733484607174166,0.0008167183304654269,-0.0049209806368906706,-0.003387105308254923
4961,0.0014181570393051457,0.0006024019573220574,-0.0012750824034953312,-0.0014737370489179558
4962,0.0016390240459824845,0.0007089417919804997,-0.00011053490543772027,-0.002056718311135297
4963,0.00280688018686881,0.0011353308835909681,-0.010683331801391693,-0.004690324436910753
4964,0.0024112892138880015,0.001062302281591293,-0.008678728820056436,-0.0034590945544596963
4965,0.0012010882198054684,0.0005062317623201751,-0.003403048206450765,-0.0019080560372500832
4966,0.0017119344756548194,0.0006160801845265518,-0.0017871581892138777,-0.004395311013091763
4967,0.0024657382389758897,0.0009417345525956355,-0.008838039493646532,-0.004797976794979952
4968,0.0008689646732178424,0.0003058262241225629,-0.0018878925393447377,-0.0023205776849770654
4969,0.001601413456138845,0.0006602058706679514,-0.004557564275915971,-0.0023744307306448054
4970,0.0007123216347414418,0.0002848532329501885,-0.0017032538575558753,-0.0011992422487030474
4971,0.00337556817394169,0.0014214255066627712,-0.008067165458745917,-0.005245323446565808
4972,0.001891273042822883,0.0007382526065459749,-0.005376420603957266,-0.0037376301364823172
4973,0.0019356467338172978,0.0008609367334778961,-0.006321681589893324,-0.0015759946851701123
4974,0.0025045264877737727,0.0010406636037934014,-0.006757458556019502,-0.003705071109367686
4975,0.0021524778746060402,0.0009235291261541767,-0.0057522217486693505,-0.0035767653079872286
4976,0.0009135997858024103,0.00039529598147580725,-0.0016808015023077605,-0.002110175949016524
4977,0.001056790826354237,0.0004321630149806688,-0.0031994418072366915,-0.0030864753965362812
4978,0.001597604602706193,0.0007879233374245842,-0.0048802871003837955,-0.002209328443428582
4979,0.0018793113980534737,0.0007548213326625808,-0.0030669922760185875,-0.0034806486916725277
4980,0.0016183644706532219,0.0006626593479291121,-0.003328934629802771,-0.0029822522919300543
4981,0.0011381805266590939,0.00045225745152591146,-0.0017239368080841366,-0.0020079285475473885
4982,0.0010059615706963787,0.00043073649869912467,-0.0017394314323236904,-0.0009784454228899397
4983,0.0027135139353615667,0.0010710680324066968,-0.004086933100283241,-0.005821665438467072
4984,0.0019056451258111506,0.00077527375318312,-0.005716632232302454,-0.0023434586882064012
4985,0.0028148756171224587,0.0011066160379580026,-0.005568281700248756,-0.005274918403213702
4986,0.001559728276047112,0.0005856905030936499,-0.007176330684634746,-0.003667358462638215
4987,0.0027045530290391584,0.0010312349902219797,-0.008271554273923343,-0.004950771566695433
4988,0.0013478585366742402,0.0005933487201862375,-0.004583064282865534,-0.0014464829242412103
4989,0.0017326049621716466,0.0007512801694787574,-0.002782828920221747,-0.002656670263653793
4990,0.0015766509994984412,0.0006623347971036753,-0.0009992114956392517,-0.0015310822564292836
4991,0.0017363218778333467,0.0007803397353854102,-0.007306061782256512,-0.0032184345838887074
4992,0.000303719353775489,0.00011070174356678231,0.0031965367554888102,-0.0007672565013705501
4993,0.002110189016700126,0.0009035270381394511,-0.00385898398651896,-0.0030610142287003095
4994,0.0013034916474338187,0.0005710887841052781,-0.0025537471870662465,-0.0024570742571911053
4995,0.0019435741146992536,0.000870933055419354,-0.0060503857619971235,-0.0028894232980491985
4996,0.00207501858769521,0.0008493847352857575,-0.005722721686452437,-0.004854756331134302
4997,0.00186095115923135,0.0008682534940219755,-0.006412515533800123,-0.0018077091122546962
4998,0.0017757261446005868,0.0006877391939824062,-0.001877906306224697,-0.003351925771233777
4999,0.0022308530043347874,0.0009117720278054575,-0.0033493231900664777,-0.002815383648740677
5000,0.001574375423397667,0.000626374134661406,-0.0019485736463883407,-0.00230219367812845
