winner_event_id,match_id,target,p_setup_incoming_xgb,p_xgb_plus_residual_gnn,graph_logit_correction,is_clearance
aa436187-a199-4a19-8fa8-44836e64e36e,3764440,0,0.08144009858369827,0.07629487663507462,-0.07084764540195465,0
4a40f0ca-9d7c-4659-9f8a-3a16751ef3a0,3764440,0,0.34564632177352905,0.35019004344940186,0.020028043538331985,1
c6778011-e687-4076-ba0e-10ba2cf82c24,3764440,0,0.10628151893615723,0.09856759011745453,-0.08394303172826767,1
616f5ce8-67c3-48c1-bff6-eda55d4b09ce,3764440,0,0.09428506344556808,0.08649151027202606,-0.09484454244375229,0
940138f9-c95e-40a8-901a-e3e8f3649aff,3764661,0,0.056324899196624756,0.05906308442354202,0.050375279039144516,0
cb65248c-2cb2-44ab-9bde-f7de1de71e93,3764661,0,0.09528848528862,0.09533858299255371,0.0005809376016259193,0
dd9f533c-4405-4163-aec3-81c426b9c645,3764661,0,0.3058665692806244,0.31320977210998535,0.0343593955039978,1
e0e3b6d0-7e59-4709-92aa-d77359446d17,3764661,0,0.2705875039100647,0.2559744119644165,-0.07535412907600403,0
c4626dae-5af1-4c46-9279-46045bb439ec,3764661,0,0.14060474932193756,0.14230288565158844,0.013982915319502354,0
2d69069f-d976-4b84-8f96-245bcd5c41e0,3764661,0,0.1498897522687912,0.1558590680360794,0.0460987314581871,0
bc9bebd8-24c5-4856-9811-09d3fac8d07f,3764661,0,0.13402782380580902,0.13907891511917114,0.04284410923719406,1
94c81e29-9380-4c31-860e-e41d08e5b09a,3764661,0,0.1454288512468338,0.15151314437389374,0.04813056066632271,1
3f22ad23-8849-4cdc-bf2c-a3198786d8d8,3773369,0,0.03294884040951729,0.03274855017662048,-0.006304487120360136,0
0ede2a5a-14ca-4fad-975f-631ec61e3db8,3773369,0,0.0828198492527008,0.08361987769603729,0.010486109182238579,0
688d5b2e-3000-472f-bf79-8cfe5505b0ae,3773369,0,0.17275658249855042,0.176285982131958,0.02449953556060791,0
fc80d7b4-a1f9-4457-bdb9-3d9b28644eec,3773369,0,0.06912105530500412,0.06895114481449127,-0.0026438613422214985,0
a1b87f23-832f-4597-8c5a-057da606e967,3773369,1,0.23427537083625793,0.23266953229904175,-0.008973047137260437,1
c0694b7c-b58e-43f9-941e-af8a41b0cc67,3773372,1,0.405863493680954,0.4451434910297394,0.16077949106693268,1
4d8b90ec-6ea2-4c47-a593-9f42741c60b6,3773372,0,0.21728649735450745,0.2203894555568695,0.01815163902938366,1
8ae292f0-8e58-42bd-9fa4-37a4b2cd210a,3773372,1,0.08674092590808868,0.08705023676156998,0.0038983807899057865,0
f491764d-dba5-4b9e-a9a1-aaa3879cd38f,3773372,1,0.29270392656326294,0.2753008306026459,-0.08560441434383392,1
45f81e0d-75d0-4ee0-9a4c-caa747e131cb,3773372,1,0.15372812747955322,0.138326957821846,-0.12360089272260666,0
38c1eec1-b1fc-4d08-a3f0-21344db43e43,3773372,0,0.1574070304632187,0.15010619163513184,-0.05611933767795563,0
261334c4-7479-4c38-be61-36d30c2a4ef4,3773372,0,0.19285760819911957,0.2402886152267456,0.2804501950740814,0
3571f1b0-7354-45cd-bd6a-fe343a62b1d3,3773377,0,0.17674501240253448,0.20472192764282227,0.18151868879795074,1
80bdeaae-517f-44e0-969f-99291ad0c8bc,3773377,0,0.24188458919525146,0.2896747291088104,0.2454104870557785,0
9d9c0a9e-4ba9-4ba7-a441-014178340991,3773377,0,0.08273915201425552,0.07662317156791687,-0.08343880623579025,0
4ce2ff6f-7168-4526-9561-0192877ff410,3773377,1,0.18823568522930145,0.18353243172168732,-0.031080573797225952,1
71fdcceb-f8fc-481b-b109-d192e8de1124,3773377,0,0.17901769280433655,0.1873081922531128,0.05542035400867462,0
775e98af-274b-4c51-a1d4-e8b556abcb93,3773386,0,0.12447577714920044,0.12709453701972961,0.023815806955099106,0
56d60039-44f0-46d5-b588-6ab913980867,3773386,0,0.3160763084888458,0.3056196868419647,-0.04881569370627403,0
c60e395a-a13f-4ece-b384-ffe686118665,3773386,0,0.36374950408935547,0.3659457266330719,0.00947732012718916,1
4499fee0-2db7-4699-9576-9999d0e92627,3773386,0,0.07445356994867325,0.07732386142015457,0.04093288257718086,1
ddb5c2bf-12c6-4778-85d2-f6bf366cc1b8,3773386,0,0.06590626388788223,0.06824763864278793,0.037419114261865616,0
b5ab6aaa-b599-47d8-9b95-25c14d1c2340,3773386,0,0.2641284465789795,0.26319214701652527,-0.0048226965591311455,0
e1364409-6232-4ff2-aacc-62f8aa04b4bc,3773386,0,0.19505400955677032,0.1933353990316391,-0.010982799343764782,0
8d0021ab-96e1-4e73-9437-386f1048595e,3773386,0,0.0941028967499733,0.08827812224626541,-0.0703057274222374,0
f0a910c0-6cbf-4add-b26b-a32e5ac8844f,3773386,0,0.11869632452726364,0.12245356291532516,0.03543596342206001,0
9ace9e2e-5cb7-4b63-96d3-581186711fca,3773387,0,0.20221547782421112,0.2024129182100296,0.001223296858370304,1
a0fcee32-76ef-4bab-805a-70e286e16ca7,3773387,0,0.11071574687957764,0.10999086499214172,-0.00738369207829237,0
e8fb9793-90bf-4ea9-a740-c2898ba4e29b,3773387,0,0.2888798415660858,0.287200391292572,-0.008189587853848934,0
ef020f7b-7753-4878-a1b9-f5c92c80c9f3,3773387,0,0.385304719209671,0.3851335346698761,-0.0007228739559650421,1
77d4b509-4206-4036-9c19-727b563a2719,3773387,0,0.08131679892539978,0.08144310116767883,0.0016894647851586342,0
21ecf069-6f01-4d10-9ce5-7a9782da8151,3773387,0,0.2536604404449463,0.2525192201137543,-0.006036953069269657,1
f1df8e1a-334e-4d22-a057-7b481b493ad2,3773403,1,0.21884045004844666,0.21956086158752441,0.004209211096167564,1
7ae8e519-4800-40f0-b7c3-245767fdde54,3773403,0,0.30512216687202454,0.2893303334712982,-0.0756148248910904,1
0649ad23-37f8-4461-8f8b-aa4733ed4864,3773403,0,0.09135943651199341,0.08756501972675323,-0.046587225049734116,0
70aca46d-0bd0-40e5-b6ea-fe2336cd9750,3773403,0,0.11003036797046661,0.10393455624580383,-0.06382095813751221,0
f29a38e2-625d-4aa5-a22d-fac08fb2427e,3773403,0,0.2456469088792801,0.2485940158367157,0.015840444713830948,1
ccdbd3d2-7994-4805-8db2-c68c23cca1da,3773403,0,0.3354283571243286,0.34195658564567566,0.029147140681743622,1
98417e3c-ad89-40cb-a447-09425951698f,3773403,0,0.2878817617893219,0.28812095522880554,0.0011664964258670807,1
b3bc3b0c-0bc2-42ec-b654-ed46e252c18b,3773415,0,0.23010152578353882,0.23075233399868011,0.0036699697375297546,1
aff0df7d-c4a4-4013-aa89-e510e2b9c1a3,3773415,0,0.18336081504821777,0.18012714385986328,-0.02174483612179756,0
bbb19143-b100-487d-979b-36f66e5cdff3,3773415,0,0.23010654747486115,0.22828345000743866,-0.010319477878510952,1
908f2137-a79d-4fd7-9f29-a3ef2d6119b4,3773415,0,0.06405794620513916,0.06496201455593109,0.014981037937104702,0
d4a220ce-abcc-4566-b57c-2c94704be0b1,3773415,0,0.13933682441711426,0.12969358265399933,-0.08286173641681671,0
16dd3a50-6c75-448e-8afb-e32f49082ee6,3773415,1,0.27390557527542114,0.2591664493083954,-0.07540888339281082,1
ac5ea7ab-b994-44dc-aa3d-c02f50ab7d78,3773415,0,0.08158326148986816,0.07771649956703186,-0.05275803059339523,0
aaa3a0f2-f53e-42bb-a2e3-8df57551dd9c,3773415,0,0.16820254921913147,0.1600106656551361,-0.05972859635949135,0
d3763726-44a0-4101-9eee-fb741a4eae9d,3773415,0,0.3780226409435272,0.3691859245300293,-0.037761133164167404,0
ea5832b9-7ab1-45fe-a792-4e8bc3e2b85e,3773415,0,0.5136287808418274,0.5109075307846069,-0.010891501791775227,0
c47495c0-bbcd-47c3-bec5-a5c786278d4b,3773415,0,0.27347293496131897,0.25401178002357483,-0.10025609284639359,1
35bd2b7c-a817-4fa8-b6c4-85fc4c57b15d,3773415,1,0.15950606763362885,0.15572743117809296,-0.028460413217544556,1
d263c522-36cd-4beb-999d-c05d36200d02,3773428,0,0.20194756984710693,0.20133130252361298,-0.0038282768800854683,0
edc6642a-bd00-429d-a591-5e79c533531b,3773428,0,0.13646040856838226,0.13601411879062653,-0.0037924442440271378,0
1b3e5088-f636-4a24-8292-ba5f0313365c,3773428,0,0.3717861473560333,0.3724135160446167,0.0026852544397115707,0
8a006f4c-ab05-4ec0-bd0f-f30b29368082,3773428,0,0.23415504395961761,0.23483216762542725,0.003772186115384102,0
e4fcdd5a-7740-46b4-a663-ef6c0b1c8e6a,3773428,0,0.14848540723323822,0.1463669240474701,-0.016854863613843918,1
15671c59-65dc-4d59-bb8d-1d5c913dd82e,3773428,0,0.6979417204856873,0.6987781524658203,0.003970697987824678,1
3a1b61b2-534d-4def-a6db-816489f9cfe8,3773428,0,0.14315244555473328,0.14482030272483826,0.013531952165067196,0
48402acc-6500-4ccc-bcc8-061093e17ade,3773428,1,0.1953100711107254,0.19530761241912842,-1.5601515769958496e-05,1
48d5d3e0-aa2b-4a50-9bfb-cfab62c88e2f,3773428,1,0.4328322410583496,0.4314424395561218,-0.005663452669978142,1
fa74d0fa-667b-48c6-a60e-a8a563b7a328,3773428,0,0.14708027243614197,0.147890105843544,0.006440907716751099,0
0e132039-d33c-49fa-b0d6-e19029bc655d,3773428,0,0.0634692907333374,0.06353912502527237,0.001174133736640215,1
571cc8aa-6717-4bdf-b585-abf2eade6b30,3773428,1,0.36535945534706116,0.36298877000808716,-0.010238275863230228,1
00c78720-4fb3-48f7-9d06-2b5af206365f,3773457,1,0.0662640780210495,0.06552144885063171,-0.012065480463206768,1
afacbc32-d63a-4639-b28e-2af090610cf1,3773457,1,0.21494559943675995,0.2148619443178177,-0.00049582589417696,1
960f3f47-1b95-4470-b35b-181723539cf9,3773457,0,0.12278824299573898,0.12220259755849838,-0.005448446609079838,0
ea65f2f2-41d6-4e4a-8173-68131e58b1ef,3773457,0,0.11067064106464386,0.10982522368431091,-0.008618480525910854,0
67b9c5a1-1703-4189-a95a-81b2a8606c8b,3773466,0,0.1920967698097229,0.17905737459659576,-0.08630387485027313,0
b52a5b16-a7a3-4863-917c-806fdf86e934,3773466,0,0.14985360205173492,0.1778494417667389,0.20476354658603668,0
a69dcdfa-1b25-4182-b465-b7a0b27ce4e2,3773466,0,0.2379775047302246,0.3580053448677063,0.5797677636146545,0
e4bbbdc7-8524-41db-baf1-7e8b574ff80c,3773466,0,0.41969460248947144,0.42634010314941406,0.02722775749862194,0
88cfa140-7cc7-476c-8efc-cbe9868c0067,3773466,0,0.0999378114938736,0.09463389217853546,-0.060407839715480804,0
81b000e5-044d-4258-a7c2-a67af271ec4f,3773466,0,0.30535656213760376,0.34561800956726074,0.1835615187883377,0
50e0b58d-3025-4a93-ac19-c7b7b88b2139,3773466,0,0.30185383558273315,0.3050250709056854,0.015003852546215057,0
971abd1e-4745-4454-9270-7c36c2acdf0b,3773474,0,0.06924222409725189,0.0696522518992424,0.006344860419631004,0
fe844449-8c84-4d71-87e2-b0b873bde687,3773474,0,0.16937297582626343,0.17263197898864746,0.022990059107542038,0
abbbfee6-304b-49b9-a690-f9ec5dea0785,3773474,1,0.20679035782814026,0.21987029910087585,0.07795964181423187,1
ab027e27-5cd7-4f06-8f18-458adac59703,3773474,1,0.4097808003425598,0.4174802303314209,0.03174567595124245,1
ebcfb7e1-d86f-40d5-aab9-20d520f6d5d6,3773474,0,0.12619547545909882,0.17033922672271729,0.3517996072769165,0
22271697-e400-4565-8ce4-fbb0f00680bf,3773474,0,0.13576292991638184,0.1194566860795021,-0.14664842188358307,0
5f904e20-4b2e-44f9-8c33-b9fdb4a05a31,3773474,0,0.061500418931245804,0.05425376817584038,-0.1330636590719223,0
6ac51f92-0fde-44f0-a136-69364dc2acc8,3773477,0,0.2590915560722351,0.2611883282661438,0.010894146747887135,0
91c0e410-bcb4-4a50-ab70-43add86e590e,3773477,0,0.29636719822883606,0.28816306591033936,-0.039664946496486664,0
590bf310-a47c-498c-9fed-dc42b433baa9,3773477,1,0.2553758919239044,0.2479269951581955,-0.03955618292093277,1
b3752a9b-9908-4619-be59-9763215faf37,3773497,0,0.20452047884464264,0.2060665488243103,0.009476499632000923,1
ddcf3127-a165-4606-ac18-3db263cbc8a6,3773497,0,0.41415104269981384,0.4148874580860138,0.0030344417318701744,1
98c37f6a-b67b-4aa0-8ead-8f70e9ece5b8,3773497,0,0.10714630037546158,0.11027340590953827,0.03227624669671059,0
3dabe86e-1e54-47bc-b18a-5ba69b7e3d94,3773523,0,0.10119211673736572,0.10035324096679688,-0.009257328696548939,0
47c30fd0-e166-4b5f-bb10-24e297618215,3773523,0,0.04157284274697304,0.04173688590526581,0.004109396133571863,0
54c50412-dac6-4c60-a07d-2898f888d526,3773523,0,0.28384900093078613,0.28163841366767883,-0.010900321416556835,1
c77489b0-9a1e-4950-99f9-b26d5bd593ed,3773523,0,0.04779958352446556,0.047798555344343185,-2.2596679627895355e-05,0
4450e16e-5df6-4941-8ae0-e2d3434975fd,3773523,0,0.2580018639564514,0.2576684057712555,-0.0017427410930395126,0
da77b443-e083-4c59-862f-4f46329a9201,3773523,0,0.11205900460481644,0.11202574521303177,-0.0003343755379319191,0
88b65e00-b530-415f-8971-dd6636b38512,3773523,0,0.05589599534869194,0.056451741605997086,0.010482271201908588,0
a26d0120-a686-42bd-b9ea-db35d8fb4305,3773526,0,0.12043952196836472,0.1207568421959877,0.002991989254951477,0
7999fb35-32a0-4cfc-b4d1-ad67dd6422bb,3773526,1,0.5078074932098389,0.5056156516075134,-0.008768829517066479,1
4f2fb303-091b-44f0-8dab-c82e11990391,3773526,0,0.05013632774353027,0.050553370267152786,0.008723033592104912,0
6dc26e59-4f8b-4169-8d12-d9f76f1b7234,3773526,1,0.18112561106681824,0.18114352226257324,0.00012081488966941833,1
d1e7a98f-bca7-4884-bd4d-c8d76acbecc8,3773526,0,0.1649504452943802,0.16506771743297577,0.0008511869236826897,0
da871896-2869-4b8c-9555-218979bc35ed,3773526,1,0.322986900806427,0.3249683380126953,0.009047066792845726,0
effadaac-f84f-4112-9a15-a8cf2d836cbd,3773526,0,0.03470775485038757,0.03519832715392113,0.014543711207807064,0
ff34d868-9775-492f-af59-870e31c2d297,3773526,0,0.24097013473510742,0.24263706803321838,0.00909237377345562,1
4f3e29ed-01eb-4be8-9b3b-d67247047324,3773526,1,0.46937406063079834,0.46998682618141174,0.002460180316120386,0
86ccd188-1a06-4efe-96cd-8a548b96e62d,3773526,1,0.29592785239219666,0.2956811189651489,-0.0011845873668789864,1
aba8908b-b636-498d-974e-b9bd884f0dad,3773526,1,0.13568077981472015,0.13365618884563446,-0.017373744398355484,1
f788f223-30a3-4bb1-bd96-9622d43e8585,3773526,0,0.03980186581611633,0.03997032716870308,0.00439910963177681,0
674a451a-118b-4bc5-a436-fe7015cf0d74,3773526,0,0.14563143253326416,0.14610125124454498,0.003770998679101467,0
226470dd-6e28-48ba-8a71-29db4c13efbe,3773526,0,0.24210086464881897,0.2420588582754135,-0.00022889021784067154,0
c5855215-ea18-4f9f-8850-4e0c3b8879e8,3773526,0,0.3055936098098755,0.30621418356895447,0.002922660671174526,1
ce8f4504-1b43-4377-a637-df11ba24d969,3773547,0,0.08978668600320816,0.09397698193788528,0.05022737383842468,0
1ad65e45-025f-4c00-ba0a-b703b08470e0,3773547,1,0.20349009335041046,0.2053060084581375,0.011166655458509922,0
46430c6a-a25e-472c-998d-b23fb7ad6cf2,3773547,0,0.25626957416534424,0.26204386353492737,0.030076265335083008,0
fb50d2d2-db41-4eb9-a5d5-b007fba3516e,3773547,0,0.09121395647525787,0.0950179472565651,0.04505261778831482,0
209ff6d5-c8e7-4c0c-b169-356cba8aeefa,3773547,0,0.29147425293922424,0.29354310035705566,0.00999696645885706,0
04295459-bea1-4e4f-be52-f7bb08b2901d,3773547,0,0.10918551683425903,0.11393364518880844,0.04791213199496269,1
50104f0c-9312-4411-96da-065aa88a5fd9,3773552,0,0.22419852018356323,0.22489288449287415,0.003987696021795273,0
feff9f88-0593-48ba-8985-a2cddc6f0ad8,3773552,0,0.05979293957352638,0.062038354575634,0.039256397634744644,0
f40d1bec-1e88-4c89-a8bc-e5de19ebbd93,3773552,0,0.13271130621433258,0.13234511017799377,-0.003185396082699299,0
38b8ea03-7e0c-4442-b94b-d6d85cbbcf9d,3773565,0,0.17327892780303955,0.17855940759181976,0.036426398903131485,1
41dbc26f-4b41-4553-b935-cb749965cd16,3773565,0,0.2990674376487732,0.2983042299747467,-0.003643433563411236,1
71b1bd34-4e24-46b6-a4f4-ce08f4989376,3773565,1,0.4479895532131195,0.458766371011734,0.043487001210451126,1
960b587b-ce84-49ca-9eea-dcad406bcb38,3773565,1,0.17078252136707306,0.17468982934951782,0.027344178408384323,0
ea6ab8b9-6291-4c0c-b659-195ee3a96b49,3773565,0,0.1767035573720932,0.1811426430940628,0.03021770715713501,1
eb143927-9f31-4228-af57-d4b2629c0fac,3773565,0,0.1238994300365448,0.12224278599023819,-0.015350223518908024,1
d106d3ef-fde8-471d-bab5-059ba54d757b,3773565,0,0.25467151403427124,0.2533937096595764,-0.006743093952536583,0
a38963c5-a23a-41d8-bea9-f63e82b983a4,3773565,1,0.1544434279203415,0.14598919451236725,-0.06624416261911392,1
179e6961-4cb6-47be-a6df-be0e0ff5da87,3773565,0,0.09325183928012848,0.08901917934417725,-0.05110903084278107,1
dc848ad5-6fe5-490a-b19e-30566b10fd6d,3773565,0,0.08633320033550262,0.08810731768608093,0.022285034880042076,0
1cf426ad-e8f1-4081-bd14-23b223cf4950,3773571,0,0.27794718742370605,0.27925440669059753,0.006504206918179989,0
77b6c46b-3cf4-4c7e-b795-9692fa1e51eb,3773571,0,0.4878680408000946,0.4882860481739044,0.0016728760674595833,1
c0e6a41b-ec23-42a2-88c5-2b9f51a30dda,3773571,0,0.16713157296180725,0.16602744162082672,-0.007953098975121975,1
bf845c50-8c44-4489-95da-47445273faae,3773571,1,0.11999482661485672,0.12104807049036026,0.009936729446053505,1
88d781b3-5bca-4c9e-84ad-c76f76a9b9ba,3773571,0,0.10115890949964523,0.10122820734977722,0.0007620221003890038,0
15b994c2-fb3d-48b7-bb06-5f091dd2b590,3773571,0,0.08531886339187622,0.08470872789621353,-0.007843798957765102,0
6cf8748d-174a-4e69-95b7-4d8bb8b727cb,3773571,0,0.13125160336494446,0.13140951097011566,0.0013841772451996803,0
72c7cab3-adcb-4fe8-a4af-14489b961231,3773571,0,0.11666303873062134,0.11683165282011032,0.0016351672820746899,0
71f7f932-25b2-48a9-bb82-761eab65973a,3773585,0,0.20189979672431946,0.20286622643470764,0.005986969452351332,0
7e2090f9-0c06-457b-9368-af6b919575a3,3773585,0,0.3627881407737732,0.3597443103790283,-0.013190875761210918,1
c3bef5b0-127e-496c-b659-7996fd51da81,3773585,0,0.2102620005607605,0.2078675478696823,-0.01448055636137724,1
40591a32-e934-4762-8384-ba9fe75c0781,3773585,1,0.4694881737232208,0.46827012300491333,-0.004891037009656429,1
c6223ac5-4d03-4cad-a21c-3322221db636,3773585,1,0.39282116293907166,0.3919124901294708,-0.0038112904876470566,1
8c2a9ca4-5d99-4c83-8729-f26dc5bca57d,3773585,1,0.21129950881004333,0.21189868450164795,0.00359162874519825,1
cf04b21f-f682-404d-881e-9ce0eab325c6,3773586,1,0.5118892788887024,0.5118885040283203,-3.014691174030304e-06,1
7096eab2-d666-4333-862b-3993fca4b362,3773586,0,0.17819631099700928,0.20502173900604248,0.17341700196266174,0
30bdb7fa-3a37-4804-8c1e-013184808a6b,3773586,0,0.13760794699192047,0.12254727631807327,-0.1332249790430069,0
4b755b7f-8887-4908-847f-8557abeec4c3,3773586,1,0.25885698199272156,0.23939654231071472,-0.10407283157110214,1
ae3bbe69-9e31-4036-a8c4-1bfb2f4265b1,3773586,0,0.151839479804039,0.18503406643867493,0.23763953149318695,0
0562ce6f-d878-487b-a956-8497b79c6a9f,3773586,0,0.5164720416069031,0.565754234790802,0.19863717257976532,1
a68f389a-78c3-4f3d-93ab-352459f11d06,3773586,0,0.129469096660614,0.13212810456752777,0.02338884398341179,1
47f21773-5e13-4d19-ad55-f8278a458ee5,3773586,0,0.10042264312505722,0.09138443320989609,-0.10430965572595596,1
4c8ba09e-ba17-488d-ab8f-727f688db199,3773586,0,0.054714202880859375,0.061663806438446045,0.12695293128490448,1
251c3036-aebf-42c9-8b29-9127e796ce4d,3773587,0,0.2691178619861603,0.2711673676967621,0.010394823737442493,1
56f519b4-fb1d-45e9-b386-7f978239fe66,3773587,0,0.6411325931549072,0.6519803404808044,0.047472257167100906,1
20aa68d3-72b9-4337-83e6-7be6e8d8c302,3773587,1,0.207675039768219,0.2130986452102661,0.032649438828229904,1
b91915c9-edce-4427-a9db-307a181a7f41,3773587,0,0.23089399933815002,0.23809035122394562,0.04009229317307472,0
9b0b205b-422c-462e-9a81-4cac78e4a871,3773587,0,0.10578358918428421,0.11123291403055191,0.056343596428632736,0
4eb15e3f-f7da-497e-9a56-290198f6eab6,3773587,0,0.26851776242256165,0.27798688411712646,0.04768650233745575,0
6a91ad03-a98c-479b-91ad-c3a6b6bad320,3773587,1,0.3414996862411499,0.3493071496486664,0.03453219681978226,1
ac1de793-b5fc-4e4e-b4b0-eefd457bc898,3773587,0,0.16286805272102356,0.16962523758411407,0.04875577986240387,0
2b9b39a2-aff8-4bf4-99aa-0448aa87db3e,3773593,0,0.05419604107737541,0.055960752069950104,0.03391037881374359,0
e76420ea-22ef-45bb-a49b-7299d135b82b,3773593,1,0.41047877073287964,0.41216516494750977,0.006964629516005516,0
adb31b28-2288-454c-b3c9-e1446703080e,3773593,0,0.19991949200630188,0.2043607383966446,0.027538524940609932,1
7abead64-0f23-40a5-8e3a-7c9cce2fe6c1,3773593,0,0.2091907560825348,0.21090619266033173,0.01033848337829113,0
dcd5f091-f2e1-4ad6-ada8-02fcde31a665,3773593,0,0.09070117026567459,0.09178256243467331,0.013042047619819641,0
5fd30e67-39bf-4974-9c44-af7b5fd8c8e0,3773593,0,0.13013115525245667,0.12800480425357819,-0.01891660876572132,0
4f42b1e0-92af-4a2e-bdfb-824647e2ec82,3773593,1,0.3521270155906677,0.3492700755596161,-0.01254650205373764,1
cb12cb24-19e3-468a-bd67-bad9f08464b1,3773597,0,0.20669375360012054,0.20153535902500153,-0.03175477683544159,1
94cdbbed-e998-41c1-a1d1-1ad9a339e360,3773597,0,0.29800358414649963,0.3018174171447754,0.018164340406656265,0
5e65948c-4f34-4387-bd48-0881497f730f,3773597,0,0.09782684594392776,0.09830903261899948,0.005451352335512638,0
005b7688-9d42-4c8b-a482-7c23b47c5c10,3773597,0,0.17698030173778534,0.155055433511734,-0.15854667127132416,1
3b8d9291-f8e1-4285-9fec-364598db769b,3773597,0,0.09474600106477737,0.09635157138109207,0.01857917010784149,0
a0fd6ae3-d53a-4580-a994-d477c8d731a2,3773597,0,0.10022853314876556,0.10152976959943771,0.014346390962600708,0
c10dd888-c988-4733-8e88-c8ad8c39a7e9,3773597,0,0.15175162255764008,0.15490107238292694,0.0242612361907959,0
788d2692-f5bc-456f-8fa0-bccab3c3b4d1,3773597,0,0.1758730113506317,0.17732331156730652,0.009973892942070961,0
57f117bb-ea01-4c56-bf8a-cabf21ca8ba5,3773625,1,0.3129817247390747,0.4810425043106079,0.7103496789932251,1
6efcd8b8-c0b1-44af-9cb8-518a8420e764,3773625,0,0.3201198875904083,0.3233412504196167,0.014762025326490402,1
67b527cd-63fb-4891-b762-4fc13649b12d,3773625,1,0.16979952156543732,0.16605238616466522,-0.026818569749593735,1
2880fd54-6463-4cb9-b346-9af77f91aa42,3773625,1,0.295279324054718,0.29924923181533813,0.019004181027412415,1
ca29e651-ae9f-4f2a-9f82-5afa2895ffe4,3773625,0,0.42442330718040466,0.4561985433101654,0.12898512184619904,0
4cd59754-1214-4ac9-90ae-9f523e9d7f4c,3773625,0,0.4732741415500641,0.5497000217437744,0.3064640462398529,1
6830a009-d6c7-4b5a-b6e7-2bed9fa8d3a9,3773631,0,0.25675687193870544,0.2672577202320099,0.054312996566295624,0
7a99b096-c80c-44e2-ac8d-0c6ecf86c534,3773631,0,0.08314391225576401,0.0868559405207634,0.04773464426398277,0
ed90810d-3f74-4346-9421-746650673ff9,3773631,0,0.159296914935112,0.1611993908882141,0.01413780264556408,0
dfe3442d-6758-4aeb-b944-1758caea3a82,3773631,0,0.2911665439605713,0.3034869432449341,0.05897727981209755,0
3352a10b-71a0-4930-b74e-6759acbf710d,3773631,1,0.08720722049474716,0.09169139713048935,0.05506608262658119,0
a5383c64-2f2b-490c-b3c4-ba166a29a403,3773631,0,0.23437809944152832,0.24264173209667206,0.045502305030822754,0
904f3fef-6e01-41aa-94d8-aa2355a09baf,3773656,0,0.2951575219631195,0.29535654187202454,0.0009565260261297226,1
aac9bef7-fdbe-4d08-9cd1-005c6cfa0d0e,3773656,0,0.5579346418380737,0.5564181804656982,-0.006146346218883991,1
4677f0cc-36ba-4ff4-be7a-3f1565acc72e,3773656,0,0.27368244528770447,0.2729300260543823,-0.0037884926423430443,1
7690e5e0-e816-4e90-9a4a-c9ff299a393c,3773656,0,0.08611925691366196,0.08507467806339264,-0.01334588136523962,0
5bc080e5-e9ab-4571-9025-f6ce6879c570,3773656,0,0.1726447492837906,0.17371852695941925,0.007498926483094692,0
72944bd4-579f-4fa1-b53c-7da783fa8952,3773656,0,0.11681007593870163,0.11717531830072403,0.003535399679094553,0
57c92724-22d2-43ba-b6c6-fed377bd003d,3773656,0,0.5511825084686279,0.5542327761650085,0.012338295578956604,0
c8a913b3-6bdf-4feb-a4c5-a60ccbf3850a,3773656,0,0.11477255076169968,0.11323859542608261,-0.015186761505901814,0
587cca38-2f80-4f25-8ac4-67f5adf2809e,3773660,0,0.1769169121980667,0.17706142365932465,0.0009921668097376823,0
da863651-1174-475b-83d5-abe666286376,3773660,0,0.09083922207355499,0.08985568583011627,-0.011967419646680355,0
e9582368-c10a-4b9d-b27e-3eb17018700a,3773660,0,0.07364552468061447,0.07378453016281128,0.0020359670743346214,0
4d27d079-c025-4eb6-b810-cbdcca0e52a2,3773661,0,0.25233814120292664,0.2543540298938751,0.01065695658326149,1
fc656abc-a88f-4fab-bdfd-ecd35aa91f75,3773661,0,0.29824844002723694,0.29066160321235657,-0.03652041777968407,1
897e968a-908e-435e-a5d4-8edd7a19e237,3773661,1,0.26352497935295105,0.25078436732292175,-0.06670624017715454,1
e546c776-a385-449d-aa6e-7ddb571d589c,3773661,0,0.19393019378185272,0.19003979861736298,-0.025079447776079178,1
81e781eb-31cc-4a20-8c52-40ecc2da10cf,3773661,1,0.39933305978775024,0.40247857570648193,0.013096521608531475,0
7f4b4079-f84d-49cf-b0fd-a36d82509bee,3773661,0,0.18068867921829224,0.16385436058044434,-0.1181362047791481,0
06edd25d-fa1e-4e81-90be-dcdb44c039e9,3773661,1,0.08677893877029419,0.08427860587835312,-0.03196991607546806,1
8124774e-66dc-42bb-b8b2-ac788c8a009d,3773661,0,0.13010498881340027,0.13075953722000122,0.005771048367023468,1
7b9cea1d-7875-471f-99b9-3d5454888c60,3773661,0,0.08306725323200226,0.08590485155582428,0.03668923303484917,0
bd758bb3-31aa-4df0-9c54-626633db2168,3773661,0,0.19232134521007538,0.19468583166599274,0.015151260420680046,0
3c4596b8-bc28-4f22-81f3-f9f559bf0029,3773661,1,0.3377719819545746,0.34126678109169006,0.015584900043904781,1
ed501b48-1005-4954-90fb-502d0b661cde,3773661,0,0.12323196977376938,0.11985210329294205,-0.03165760263800621,1
e812e9f4-3158-4c33-a184-a649c2992b75,3773661,0,0.294098824262619,0.2994469404220581,0.02562655508518219,0
c6d95b91-b456-47b1-8982-a7265691d483,3773661,0,0.12821175158023834,0.12496243417263031,-0.029390286654233932,0
d33e8bae-8678-4d23-a33d-9ff0aee61cff,3773661,0,0.04826623946428299,0.04879264906048775,0.011400658637285233,0
776ed4c6-bb39-41a7-a9f4-58d18f828f30,3773665,0,0.13963933289051056,0.14705033600330353,0.06036323681473732,0
2fafffee-e602-4cf9-86dd-d42f13c7db77,3773665,0,0.2736540734767914,0.33904391527175903,0.30860382318496704,0
2818f2dc-439a-47c0-a01d-4fcb02d46c76,3773665,1,0.24806497991085052,0.263108491897583,0.07908497005701065,1
7c806200-c2be-4453-8ee5-424be070898a,3773665,0,0.09682271629571915,0.09523063898086548,-0.018340962007641792,0
997d99d7-3f53-48e0-8b44-945b66785bfc,3773665,0,0.1218433827161789,0.11950264871120453,-0.022059869021177292,0
d0a56f9e-1453-4e1f-9262-5e4aeb73e278,3773665,0,0.13645483553409576,0.13877500593662262,0.019550573080778122,1
437ffefa-5a2c-4b2d-b1d5-d029561b6a29,3773665,0,0.08073882758617401,0.08107122033834457,0.004470078274607658,0
9634b300-f45e-4c92-8762-3990e35e5fb2,3773665,0,0.31991997361183167,0.3185172379016876,-0.006454829592257738,0
53adfbd7-23de-48bb-bc54-1a7fd5b56d0f,3773672,0,0.2853809595108032,0.279895544052124,-0.02705533429980278,1
1ec919c6-033e-4e35-a2e5-a7c99718f13c,3773672,0,0.06068364530801773,0.05571288615465164,-0.09074071794748306,0
15732b98-875c-4ea8-84d1-d704d6331f9b,3773672,0,0.0771556943655014,0.07814503461122513,0.013813739642500877,0
91c1ddae-2039-4fff-8a65-86b3a2ed6c06,3773672,1,0.2214803248643875,0.21269267797470093,-0.05170990899205208,1
4aac9a1b-9d2d-4a7b-848a-9052e4afd383,3773672,0,0.23966878652572632,0.23581960797309875,-0.021240603178739548,0
41791865-9b6b-4ac1-94f9-99c2f3b2f8fb,3773672,0,0.11677030473947525,0.11922459304332733,0.023582788184285164,0
e0a2f6f5-5c96-4a28-9dca-96a2f058ab35,3773689,0,0.2146308273077011,0.2136850357055664,-0.005619748495519161,0
46b7b81c-1439-4c72-b85b-d18ceeef4bbd,3773689,0,0.2404448688030243,0.23915553092956543,-0.007072673179209232,0
b04a5446-d892-410c-9285-aa4b9522c23d,3773689,1,0.13706892728805542,0.13661526143550873,-0.0038407808169722557,1
697c4e57-d50c-404f-8d40-7d7272cee305,3773689,1,0.37065795063972473,0.37023353576660156,-0.0018198387697339058,1
24fe1f55-d4ec-4491-8a3f-185b5d788197,3773689,0,0.05048411712050438,0.05054125562310219,0.0011913259513676167,0
c3474f25-a7c0-4f4b-b073-b8395089e350,3773689,0,0.24843931198120117,0.24582456052303314,-0.014053489081561565,1
0d0270fa-c52f-4167-a293-ed3ec3ad4dfd,3773689,0,0.3106011748313904,0.3094596266746521,-0.005336657166481018,1
a40caa56-3e56-46e2-8f57-8e1790b9e1d8,3773689,0,0.15153303742408752,0.15312211215496063,0.012306652031838894,0
914ee233-1a2d-45d3-9a4a-8f1944331af6,3773689,1,0.23329533636569977,0.23415525257587433,0.0048014335334300995,1
d05bf69d-b84b-4269-8bc5-d56e61e2854b,3773689,0,0.3147226572036743,0.3139348328113556,-0.0036553535610437393,1
d483aee2-7872-4c01-ba06-a133fdb2b182,3773695,0,0.12834590673446655,0.13154597580432892,0.02830539643764496,0
de1645d0-cf8e-4d41-8939-6fcf0db988cf,3773695,0,0.03466523438692093,0.03626704216003418,0.04683277755975723,0
03244d0b-54a7-4abc-93dd-84ca9c62a7aa,3773695,0,0.3663508892059326,0.37880274653434753,0.053270768374204636,0
6a91b084-a6d9-4e86-a389-86dae36d955a,3773695,0,0.1871788203716278,0.19360917806625366,0.041719794273376465,0
213860da-9bdb-4c60-ab78-c6b2e6b8d8e2,3773695,0,0.2596718668937683,0.2684136927127838,0.04498893767595291,1
28c93e8f-d4d8-49f5-aad4-8b86d3016197,3773695,1,0.2897816300392151,0.2942194640636444,0.021466553211212158,1
4f69a75e-599b-409e-a863-e81e22fc6cb5,3773695,0,0.0658898800611496,0.06891787052154541,0.04817741736769676,1
4bb0d451-f9b5-44ad-928f-08ef9116d6ad,3773695,0,0.21923133730888367,0.22610169649124146,0.03969573602080345,1
0f50d5d3-4fea-4511-a22e-affa93f3a6de,3788741,0,0.06044791638851166,0.06046537309885025,0.0003072291146963835,1
b4dfd1a3-495a-4438-b454-496f22d7c1ea,3788741,0,0.15931406617164612,0.15959298610687256,0.002081100596114993,1
267364d7-1919-4f4b-a62a-53b9a22d4caa,3788741,1,0.08400794863700867,0.08415748178958893,0.0019416529685258865,1
b7b4419b-fab3-443c-b47a-98b532c798e3,3788741,0,0.08071039617061615,0.08084030449390411,0.0017495232168585062,0
97283c0d-44b4-4004-aabe-b993458de629,3788741,0,0.12411823123693466,0.12663209438323975,0.022925663739442825,0
ac74c3f0-75e3-4e7b-be07-06bb833f5e9e,3788741,0,0.3417130410671234,0.3435935378074646,0.008348844945430756,1
c4e6dda2-1cdb-4ab8-8480-1d9007af5c09,3788741,1,0.2426421195268631,0.24415801465511322,0.008231527172029018,1
38a4c3f7-1b75-43e0-9f1f-1162fb0a1e02,3788741,0,0.15383318066596985,0.15391603112220764,0.0006363263819366693,1
1ba39d1f-7745-49de-bc0f-8a60bb0115f7,3788741,1,0.2719461917877197,0.2811542749404907,0.04602745920419693,1
f8a0814b-69cc-49f5-ad37-51f309ec4b3e,3788741,0,0.18401332199573517,0.18877404928207397,0.031394001096487045,1
f017148c-bc30-453e-92c0-c9649fe9eb4c,3788741,1,0.12348036468029022,0.12461714446544647,0.010461727157235146,1
5e562676-d364-446b-97ca-721ccdd427a5,3788741,0,0.28307026624679565,0.2916867733001709,0.04207687824964523,1
ac3fc61c-c03a-45c7-9835-b0fd27adf2ab,3788741,0,0.1492970734834671,0.14687182009220123,-0.019224736839532852,0
3e1db397-00e6-478e-aed4-fb0f897e339d,3788741,1,0.19792629778385162,0.19672873616218567,-0.0075608971528708935,1
adbcf44a-dfeb-4e0c-9bb6-0956bbf93927,3788742,0,0.15188705921173096,0.15216779708862305,0.0021777779329568148,0
ed56edb5-0c68-49e8-a17c-b44ad34ca84f,3788742,1,0.13959352672100067,0.14237898588180542,0.023000258952379227,1
e5c08760-47e6-4b75-8ae0-4aaef490ae05,3788742,0,0.5006474852561951,0.5050296783447266,0.017529625445604324,0
9ce5c18e-c2b8-44bf-bfff-0b2efb1e1d93,3788742,0,0.08556851744651794,0.08878878504037857,0.040470778942108154,0
e5fc1f4b-f966-4ec9-94a9-89d92f9757a0,3788742,0,0.10144437104463577,0.10165137052536011,0.0022688736207783222,0
902b66d9-ab12-4de1-b860-62bb1f15cc6a,3788742,0,0.06454984098672867,0.06619172543287277,0.02687465026974678,0
be437a13-0539-4698-9a55-3d1f2b5ba5a9,3788742,0,0.2802191376686096,0.28401219844818115,0.018729031085968018,1
1639f2c6-a885-4983-8240-4ce4f9c5b4ef,3788742,0,0.17620474100112915,0.17432591319084167,-0.012998143211007118,1
831dfb8b-621b-488b-84de-26cad8a53746,3788742,0,0.14586542546749115,0.14728428423404694,0.011342652142047882,0
a3eb41a9-f84d-4f73-9293-a7713f714e53,3788742,0,0.12988658249378204,0.12902860343456268,-0.007613054011017084,0
bc22a0cd-59fc-4f89-bdd5-618a11e7de97,3788742,0,0.17317259311676025,0.1754378080368042,0.01573934219777584,0
ae64158a-1a65-4393-91c1-a21550610c82,3788742,0,0.15566611289978027,0.15458530187606812,-0.00824659876525402,0
84f13e56-acb1-4331-b83c-fb58f9244991,3788742,1,0.4833711087703705,0.48481515049934387,0.005782001186162233,1
519821e5-66af-432c-9aa7-01b19eef3b8f,3788742,0,0.2129157930612564,0.2123001515865326,-0.003677664790302515,0
313c3490-1ee3-4da8-a65a-da630b9afe66,3788742,1,0.15557971596717834,0.15488992631435394,-0.005260165315121412,0
db478b75-179d-4eec-8e94-5ec9ee94bfe1,3788742,1,0.17848031222820282,0.18380199372768402,0.035879671573638916,1
9c5abba4-8f13-444a-808c-71b2685156e3,3788742,0,0.03338860720396042,0.03379053249955177,0.012381847947835922,0
f8f1f605-fbf0-4f66-98e2-ec50b895af26,3788743,0,0.05061843618750572,0.05072787404060364,0.00227509718388319,0
bed8678b-cbc4-45e4-94ec-b08756102bea,3788743,0,0.054667819291353226,0.05496176704764366,0.005673629697412252,0
8ee9c71e-2dfd-4ba1-a991-2914c8ebc265,3788743,0,0.1452164500951767,0.1445779651403427,-0.005153082311153412,0
e43a61d7-e036-40a2-b0de-e610cba3ba5c,3788743,0,0.1623428612947464,0.16317026317119598,0.006071888841688633,1
7ea9558f-4585-474f-8d4c-f07a8e4deb85,3788743,0,0.10530965030193329,0.10362673550844193,-0.017988823354244232,0
9aa540b4-46d9-4ca9-9e77-0d8c05feee05,3788744,0,0.08147519081830978,0.08203887939453125,0.007508464623242617,0
bf87d942-2633-4746-bb2f-281211814785,3788744,0,0.30913007259368896,0.31113049387931824,0.009350075386464596,1
318a1f9f-b08e-472c-b88f-33d4b51831d8,3788744,0,0.07487813383340836,0.07505922764539719,0.002611377742141485,1
8407bf01-c857-45b0-9c18-f4b563db928e,3788744,0,0.18612581491470337,0.18662919104099274,0.0033195335417985916,0
e3cc2315-95c7-4c28-bf15-d279032da588,3788744,0,0.32622823119163513,0.32604143023490906,-0.0008500469848513603,1
3dfa1f1a-5349-4af2-bb0a-80b3515f8e61,3788744,1,0.09004642814397812,0.09028283506631851,0.002881706692278385,0
fc67d500-3338-4a13-864a-e6448a23cf6d,3788744,0,0.11607717722654343,0.11692655086517334,0.008251957595348358,0
86e65927-ee62-4691-9ec4-6e8fab34b344,3788744,0,0.11254393309354782,0.11241284757852554,-0.00131311547011137,0
e6524d4c-bd59-46c2-827d-5e09f0e8c726,3788744,0,0.054081376641988754,0.053869910538196564,-0.004141311161220074,0
e4f1d3e3-9b11-48a8-add2-2b3174397a2d,3788744,1,0.3059674799442291,0.3069251477718353,0.004505891818553209,1
b2d562ce-b22a-4cc1-afd0-0e53da51845f,3788744,0,0.4652145802974701,0.46597692370414734,0.0030638626776635647,0
ea711b40-93e1-4135-b931-c1f6993a1368,3788744,0,0.23771384358406067,0.23873884975910187,0.005648143123835325,1
04b8632b-f2be-4c71-9790-c8637934f432,3788744,0,0.3069322109222412,0.3050116002559662,-0.009044376201927662,0
ce38bc5b-fb8b-43a0-b79b-e3e0c06dd16d,3788744,0,0.4774313271045685,0.4762657582759857,-0.0046721333637833595,1
84315370-d150-4a83-94c8-90da40a829a4,3788744,0,0.36383888125419617,0.36162692308425903,-0.009569005109369755,1
6b793f75-5e5c-41ab-8f8f-6b5195b8bd54,3788744,0,0.1113741472363472,0.10985060781240463,-0.015487025491893291,1
cf4de2ea-7286-4ac3-a716-7cc7dae5f25b,3788744,1,0.2611933946609497,0.2610839009284973,-0.0005674352869391441,1
ace3e26f-1026-4c62-a30c-2e79e2033124,3788745,0,0.293857604265213,0.3041224479675293,0.04897831752896309,1
df93d464-d0c8-4f03-805b-cf05f6519d1e,3788745,0,0.4954160749912262,0.5057181715965271,0.04120990261435509,1
6741179d-555b-49e6-b35c-7bb1d2e9cbde,3788745,1,0.08892060071229935,0.09244983643293381,0.042803600430488586,0
9328f022-5cec-4ea8-a4f4-89bc8a0f2f70,3788745,0,0.17130674421787262,0.17721092700958252,0.04103511944413185,1
0b1218c1-8e8d-49dd-9510-bfd4c33c2fb5,3788745,1,0.3109959065914154,0.3204210698604584,0.04362998530268669,1
4a215247-90eb-4b97-b06e-655bff7caf20,3788745,0,0.1116567850112915,0.11702810227870941,0.053048983216285706,0
8290e883-eb72-4fb0-84e0-1724906791c5,3788745,0,0.20930810272693634,0.21725372970104218,0.047358542680740356,1
c69ee6a3-8b80-4a22-9874-855d817bf1a2,3788746,0,0.1278686821460724,0.11189551651477814,-0.15158766508102417,0
06d52f06-d445-4bbe-8e1b-7091617e5cf5,3788746,0,0.08949389308691025,0.11684904992580414,0.2972168028354645,0
8e48913e-924d-4324-a982-efaf60fd5e49,3788746,0,0.15208765864372253,0.16743198037147522,0.11438251286745071,0
4652d201-fbec-4166-83ad-029ae8148e38,3788746,1,0.2751343846321106,0.39326557517051697,0.5351206660270691,1
fcddc737-f53f-4dd6-8cef-0725f2101082,3788746,0,0.16976232826709747,0.15077650547027588,-0.14121119678020477,0
eab034e9-ca68-4912-a639-5896e2b6aed5,3788746,0,0.10141327977180481,0.13357099890708923,0.31187212467193604,0
c7a19c04-6146-4b80-83be-c1d46d1b896a,3788746,0,0.047071970999240875,0.04661460593342781,-0.010243576020002365,0
ecbcc203-4648-45ac-be1f-f313fd70847f,3788746,0,0.05035918951034546,0.0498616099357605,-0.010453477501869202,0
a7b2d73d-7511-4191-bf8e-37c30a83c9f4,3788746,0,0.32696959376335144,0.34679365158081055,0.08876008540391922,0
1db53ddc-72bb-4ff0-8ce3-a49e27b1600d,3788747,0,0.10317046195268631,0.10804347693920135,0.05159950628876686,0
d6e47513-f3c3-4322-9987-bc5ad7c2ba1e,3788747,0,0.16990119218826294,0.17186258733272552,0.01384371891617775,0
ec17fce7-b1bc-4d3c-a2f6-42db8cbb45f6,3788747,0,0.17396996915340424,0.1575682908296585,-0.1186852678656578,0
05625b90-d780-4ce1-abc3-23f869156319,3788747,0,0.18195630609989166,0.18232446908950806,0.00247141532599926,0
f3a82be0-d193-4fb4-8d1b-b8082c1b2d44,3788747,0,0.2928224503993988,0.29051023721694946,-0.0111919604241848,0
e61a1a9b-5515-4a8d-b9cb-8e35de7391c2,3788747,0,0.1883678287267685,0.17127104103565216,-0.11599520593881607,0
58acda76-1d1e-4e67-a0b1-f6f8ccb6c05c,3788747,0,0.3557276129722595,0.3936721086502075,0.16205379366874695,1
9b59db0e-9c3a-460c-9f2d-d6b97d12dc38,3788747,0,0.4138239026069641,0.4171313941478729,0.013619178906083107,1
49ee2f36-8037-423f-865a-481c42df8aa0,3788747,0,0.12356043606996536,0.10733246058225632,-0.15914562344551086,1
01e41203-8748-4035-84b4-0afdcc3cf834,3788747,0,0.08695988357067108,0.08702944219112396,0.0008757710456848145,0
c1a7ae3e-c506-4058-a12a-f1d1ecbad682,3788747,0,0.44491493701934814,0.4469338059425354,0.00817098468542099,1
ca043f79-73d2-42ff-be0e-170c22c2cfcd,3788747,1,0.08326782286167145,0.11029352992773056,0.3110067844390869,0
712e03c7-51db-4696-b64d-7fcda7cf7a13,3788748,0,0.2900252938270569,0.292547345161438,0.012217046692967415,1
c3abf88c-23eb-4136-963d-2f46021ffe1d,3788748,1,0.15171629190444946,0.15234129130840302,0.004848083946853876,1
66b2bc9d-2c62-4ec2-aa66-8847f3b7642e,3788748,1,0.41453486680984497,0.41557231545448303,0.00427301274612546,1
8253ff8a-c78e-4867-93b4-6b6360b9befd,3788748,1,0.13021591305732727,0.129570871591568,-0.005707311909645796,0
efcb47ec-36a6-4a41-af9f-cab548f2a507,3788748,1,0.287370502948761,0.28863435983657837,0.006163433194160461,1
2d3bcc28-7f22-42ff-9aa2-345fdf6b7601,3788748,1,0.23152416944503784,0.23416738212108612,0.014797220006585121,1
4c54d76f-3a44-470d-9ce8-07be7e371552,3788748,0,0.23215219378471375,0.23133616149425507,-0.004583466798067093,1
863dd3e0-2767-40e9-ab52-b5904e599d5f,3788748,1,0.2542179524898529,0.25640201568603516,0.0114873256534338,1
f5f720d9-7bb9-4ffe-9c85-4b084c521bc7,3788748,0,0.10744889080524445,0.10648900270462036,-0.01004844717681408,0
c5179fc3-6e74-41ca-a15b-872784bcdbe1,3788748,1,0.2060731202363968,0.21604321897029877,0.05988486483693123,1
528998b2-97f5-490a-a1f6-44cca84b1059,3788748,0,0.3639606237411499,0.3683980703353882,0.019119469448924065,0
3d347ef8-5122-430e-b628-b59f1a92c4bd,3788748,0,0.4038461744785309,0.4070369303226471,0.01323653757572174,1
4b0a5686-6bcb-4b3f-91d0-c4a74e8d06d9,3788748,0,0.06285769492387772,0.06304895877838135,0.003242240287363529,0
88ed69da-d9d9-4d78-be5e-1b1aafdf6fab,3788748,0,0.08474352210760117,0.08421562612056732,-0.0068253711797297,0
f1604edc-7aa2-43f3-9720-337b431ec4bb,3788748,0,0.09478717297315598,0.09821966290473938,0.03937137499451637,0
fe304c9a-b394-4eff-ad4e-c457de8a8bdb,3788748,0,0.1136770248413086,0.11243675649166107,-0.012368975207209587,1
acf0a377-00b3-414c-9bfd-cb6b793dfe22,3788748,1,0.10838968306779861,0.11098940670490265,0.02662181854248047,0
6c3318b8-db61-4cef-9aeb-4a99279112b8,3788748,1,0.19887425005435944,0.19978545606136322,0.0057095191441476345,1
f2e8495d-afce-4a42-8ef1-8cab90b1b173,3788748,1,0.3753473460674286,0.3790144622325897,0.015610462054610252,1
2e5702ea-6305-4157-a179-0703ef93fb94,3788748,0,0.10470131039619446,0.10750192403793335,0.02953001856803894,0
86a64831-1e2b-4b57-aa05-50776ea98d1e,3788748,0,0.057111453264951706,0.057144444435834885,0.0006125341169536114,0
8f40f6ad-bd6e-4bcc-8401-cfe0525101fc,3788748,0,0.18797750771045685,0.18801787495613098,0.0002643594052642584,1
bfdcaba9-1b6e-4512-a929-498100f6c5b9,3788748,1,0.26068025827407837,0.2632143497467041,0.013107502833008766,1
e33b5a72-b232-4889-93f6-ccdf4c9fc836,3788748,0,0.3850697875022888,0.3876277208328247,0.010789098218083382,1
05ea196c-4b91-461f-9e4f-d7888114ade0,3788748,1,0.332528293132782,0.3293703496456146,-0.014262182638049126,1
533951a8-3ee5-40e6-9be0-aaaf8641a279,3788748,0,0.12348638474941254,0.12251488864421844,-0.009006084874272346,0
8b087d05-3df1-48d6-93f9-43583e1af549,3788748,1,0.054243799299001694,0.053444746881723404,-0.015684792771935463,0
f78fd3f0-8c59-4735-9e0f-91ae987c023a,3788748,0,0.4882078468799591,0.49036699533462524,0.008640464395284653,1
23c2f3c4-cb1d-4dba-92af-2153be7a3edc,3788748,1,0.30990877747535706,0.31079885363578796,0.004158638417720795,1
8af55c3d-3fdd-4dd1-825d-a1f09879e1c0,3788748,0,0.04613330215215683,0.04560403898358345,-0.012093538418412209,0
d2a30371-23b3-4198-aa7b-3a5e73703c77,3788749,0,0.11729523539543152,0.139878511428833,0.2019972801208496,0
09fe3a02-e03b-412c-894a-499901e3a335,3788749,1,0.37379369139671326,0.37018969655036926,-0.015427256003022194,1
538dcd80-d1a2-4c42-ae10-c2b5df3382e6,3788749,1,0.194487527012825,0.20173369348049164,0.04561677202582359,0
eec6e87c-13c9-4165-be3a-ef69372cb23d,3788749,0,0.2476561814546585,0.24231065809726715,-0.028900742530822754,0
47cfe378-fa19-4bbb-9b2d-b5a31bef4650,3788749,1,0.22094564139842987,0.22375686466693878,0.01625840738415718,0
1f65a89c-f900-4b3e-9bdc-580f814d87fc,3788749,0,0.11466608941555023,0.11327088624238968,-0.013816909864544868,1
2a03de90-16a7-45c3-9b6a-ecfda57d70fc,3788749,0,0.16677580773830414,0.16529236733913422,-0.01071331650018692,1
758badf7-a238-428e-8ad0-690073b48782,3788749,0,0.08144135028123856,0.08280693739652634,0.018116535618901253,0
5bce97a6-f21b-4ae0-8734-16d8092cfb60,3788749,0,0.1214510127902031,0.12080616503953934,-0.006057424936443567,0
5e1a3a48-3e09-4aca-8fd2-91cb5dd4ef45,3788750,0,0.1119118481874466,0.11182407289743423,-0.0008832989260554314,1
040a6f70-4b6a-46c1-8207-c239f11ea429,3788750,0,0.25476202368736267,0.2552144229412079,0.0023813354782760143,1
89125b4f-4faf-495e-b05b-3eec08039287,3788750,0,0.10253765434026718,0.10172341018915176,-0.008879483677446842,0
c18d72f5-2a0e-4f01-b60e-d0d0ecfe52be,3788750,1,0.22773858904838562,0.22625364363193512,-0.008462845347821712,1
e0a51051-83bc-4901-8a1b-8c09778bc222,3788750,0,0.3865137994289398,0.38585418462753296,-0.0027826977893710136,1
518f49c2-2306-4695-9e0f-f551549889dd,3788750,0,0.09772554785013199,0.09778351336717606,0.0006570741534233093,0
a93c2e66-a5b2-47a7-a697-dd07bd39e88d,3788750,0,0.1254635900259018,0.1253214180469513,-0.0012964410707354546,1
5883847a-8391-49c0-a0fa-7025c44bf4ee,3788750,0,0.32473400235176086,0.32493969798088074,0.0009379484690725803,1
9fe73803-bfbf-4345-86df-baf8f334a9b1,3788750,1,0.24173152446746826,0.24237476289272308,0.003506092820316553,1
dba4e7ef-5fbf-4b53-9e8c-1b1dd920f159,3788750,0,0.09562045335769653,0.0953148826956749,-0.0035386234521865845,0
ddb2b777-bb1b-494c-af87-da6e6623622d,3788750,0,0.2508295774459839,0.250527948141098,-0.0016057519242167473,0
701b28cd-621d-4a45-99e3-c272e2e93a48,3788751,0,0.05652928724884987,0.059774596244096756,0.05926741287112236,0
dbcb87e4-9668-470a-af54-6db30a277b31,3788751,0,0.25475233793258667,0.26363837718963623,0.04628165811300278,1
f42fc0f5-8f9d-4bfc-9bc5-357cd27fe0f4,3788751,0,0.24591271579265594,0.25096195936203003,0.027042925357818604,1
8c1cdf88-da62-4207-9608-4c5977c09a37,3788751,0,0.06309565156698227,0.06590382754802704,0.04654637351632118,0
d31a1eae-ba5b-4d3c-94d7-7e5249f28e2c,3788751,0,0.3394983112812042,0.3509169816970825,0.050519734621047974,0
ab768030-513a-40cd-8554-56b1327d1e35,3788751,1,0.24307580292224884,0.2514842450618744,0.045177821069955826,1
684ed2f4-f24d-473b-8aca-848db4c5e76c,3788751,0,0.625502347946167,0.6371992230415344,0.05025895684957504,1
75c6283e-71a3-4e56-abf4-285712054860,3788751,0,0.11325444281101227,0.11746413260698318,0.04125472530722618,0
85245a3b-ea46-4132-b8e6-f103660d8a6a,3788751,0,0.23859475553035736,0.24539117515087128,0.037053268402814865,0
5a9e05ad-209f-437d-b1a7-c9f2b3e7d30c,3788751,0,0.4160211980342865,0.42849087715148926,0.0511174350976944,1
1017a927-7949-47fb-a474-852b0da54fa9,3788752,0,0.06008986756205559,0.06189745292067528,0.03156284987926483,0
510bf0ad-9862-4b5d-b7cb-13c43d3d064d,3788752,0,0.2563888132572174,0.26726898550987244,0.05630006268620491,0
cd8864bd-d230-42c3-9be7-2007071ed0f5,3788752,0,0.04273984953761101,0.04477233812212944,0.048584211617708206,0
77302054-4976-4913-9e63-b033ff8ab0f9,3788752,1,0.19486752152442932,0.20259398221969604,0.048526737838983536,1
672dea1f-bf77-4cb1-be19-7d16b3e9a343,3788752,1,0.3355223536491394,0.344291627407074,0.039085689932107925,1
03c64132-a22e-4427-a600-c8792fef9df4,3788752,1,0.14248201251029968,0.14644712209701538,0.03208329156041145,1
af058f50-d42e-412a-8dfb-c47ddd546978,3788752,0,0.19900833070278168,0.20027530193328857,0.00792925339192152,1
053d9f92-21cf-454b-b0b0-710947bebaa4,3788752,1,0.3234102725982666,0.32038766145706177,-0.013847424648702145,1
518ac38e-e0eb-446c-a674-a12296c5e4d6,3788752,0,0.39555981755256653,0.4052674472332001,0.04043599218130112,1
372708e3-b472-4b78-9c15-0e0473575a5f,3788752,1,0.4958413243293762,0.5077052116394043,0.047458406537771225,1
eebca104-6a16-4cb3-8f15-23bb92a51a09,3788753,1,0.2424008697271347,0.2296542376279831,-0.07070299237966537,0
ca763867-dee6-4e5d-98a2-dd80e599400e,3788753,0,0.09533803164958954,0.08853213489055634,-0.08155834674835205,0
d882d0b6-1b75-4799-ae52-ec761c8c093f,3788753,0,0.34652119874954224,0.35711395740509033,0.04645342752337456,1
96f99437-a1c3-44f3-8dbb-b32782215147,3788753,0,0.38356253504753113,0.3898259401321411,0.026410210877656937,1
8d6722aa-a12a-4be7-acd7-971e8feedda8,3788753,0,0.4365331530570984,0.44155773520469666,0.02040168270468712,1
4f24e676-c30a-48ae-9921-6aed491ed575,3788753,0,0.048612773418426514,0.04556664451956749,-0.0679071694612503,0
97bc844c-b549-46a2-89fc-b224d5c85e70,3788753,0,0.3931122422218323,0.3745715022087097,-0.0784057006239891,1
cfc21822-6be6-49e9-a8d1-71750fc0e82c,3788753,0,0.14431454241275787,0.13395535945892334,-0.08652228116989136,1
2692db1f-a48e-41b2-ae67-482dbabe5f87,3788753,0,0.3034423887729645,0.29421675205230713,-0.044032733887434006,1
1423fb9f-eefd-479c-975e-18082bd08380,3788753,1,0.3480374217033386,0.3317253887653351,-0.07271448522806168,1
a754aedd-a1dd-44d4-91fc-89ec7949e907,3788753,0,0.2971649169921875,0.29020535945892334,-0.0335518904030323,1
8ab20863-db1d-4c55-a15e-4c28ff9cf9da,3788753,1,0.20486889779567719,0.21202513575553894,0.043375518172979355,1
b4f11b06-2b72-4dfd-972f-9a79f0020f14,3788753,0,0.03732071816921234,0.03566756844520569,-0.04702268913388252,0
8d93a022-5d73-404c-b453-755a6653b62a,3788753,1,0.24135425686836243,0.23805101215839386,-0.018125586211681366,1
ac6e16ff-261a-4fd2-b21a-1257aca7232f,3788753,0,0.07661864906549454,0.07291433215141296,-0.05355915427207947,0
dd6703e4-1c7c-4892-ac85-4dd30eb14b47,3788753,1,0.2697024643421173,0.2635337710380554,-0.031549159437417984,0
b339a017-440c-4a06-9608-5dccfdb2a9a2,3788753,0,0.44563034176826477,0.43051600456237793,-0.06140429154038429,1
6ae223c6-d4a7-4f3d-9c32-ae5cba749a27,3788754,1,0.08989228308200836,0.09105164557695389,0.014089632779359818,0
41fffe96-ab40-4d87-a752-b14d1fc766f9,3788754,1,0.21300826966762543,0.21123826503753662,-0.01059082243591547,1
f539734c-1267-4049-89a3-79246195b501,3788754,0,0.10178188234567642,0.10110974311828613,-0.007373499684035778,0
1cd3ebe5-16ce-438a-8886-0d74fe8755d9,3788754,1,0.30538782477378845,0.304340124130249,-0.004943872801959515,1
129e7517-a447-473e-bca0-145aed037686,3788754,0,0.463478684425354,0.4641841650009155,0.0028368853963911533,1
b6e65c72-7181-4d0e-9f19-4a3b03711ed8,3788754,0,0.12947335839271545,0.12884797155857086,-0.005560111254453659,1
ca8df73d-e356-409a-a91b-b02d79bc39ae,3788754,0,0.17270207405090332,0.1745307892560959,0.012746154330670834,1
0ce0b2bf-1683-4afb-be44-dabf309a7ee6,3788755,0,0.16775017976760864,0.17334026098251343,0.03952016681432724,0
e49fb902-472a-4284-a8fd-aaeb92d333cf,3788755,0,0.459382027387619,0.47295787930488586,0.05455658957362175,1
f1bf6c37-402c-41c9-9821-8e2212d43c24,3788755,0,0.27726465463638306,0.28652626276016235,0.0457552894949913,1
5494fb97-b2f1-4f30-912a-18da74ada278,3788755,0,0.06503316760063171,0.06818079203367233,0.050637632608413696,0
006a4558-b2bc-4975-8b6f-f4b59db71958,3788755,0,0.11229775100946426,0.11399009823799133,0.01686592400074005,0
66605730-a949-49a3-841f-0936c6527811,3788755,1,0.12461312860250473,0.12966123223304749,0.04549459367990494,1
b330ccb2-9752-475d-96ae-04e9f59c1337,3788755,1,0.32358700037002563,0.3350229859352112,0.051782526075839996,1
9b54696f-0cc8-49c3-a37b-84b763df0c41,3788755,0,0.03903055563569069,0.03946806490421295,0.011602471582591534,0
06c5c0e2-d44e-4694-9f64-bee32a8b5ef0,3788755,1,0.28123271465301514,0.29119858145713806,0.048785265535116196,1
a9e36dbc-bea3-4c2d-8222-a4504d98c376,3788755,0,0.10430248081684113,0.10845523327589035,0.04368944466114044,0
ff6cd250-ff35-422f-a6d9-057e4422f3e0,3788755,0,0.2623192369937897,0.27101266384124756,0.04445795714855194,0
2b579a8f-b9c0-400c-ae91-f9bebbe4a085,3788755,0,0.21148498356342316,0.21879960596561432,0.04332209751009941,1
7bf4ffb7-8589-4732-9d93-15b7af6f075e,3788755,0,0.1014384999871254,0.10361259430646896,0.023628391325473785,0
e1db201d-dd99-463d-ae7e-c65e8e47acbc,3788755,1,0.33977001905441284,0.3476540744304657,0.034952208399772644,1
3979d6f3-8845-43c7-8df5-41b20432de30,3788755,0,0.5692752599716187,0.5802481770515442,0.0448974184691906,1
87d07bda-0d27-42df-a48e-2a1dcc7e68f9,3788755,1,0.05946757271885872,0.05955125018954277,0.0014951946213841438,0
76df3477-8d15-4bf1-a702-9b679681e066,3788755,0,0.44080716371536255,0.45247477293014526,0.047210369259119034,1
8e9f0618-eaa1-4359-836f-3cfb29a74dae,3788755,1,0.4431285560131073,0.45656219124794006,0.05428414046764374,1
bcd782ad-f916-41f6-8a0d-5e854382d379,3788755,1,0.18364709615707397,0.1903335601091385,0.04398658499121666,1
4cc13a83-90b3-4c81-925b-3846aae863ee,3788756,0,0.03221359848976135,0.03195815533399582,-0.00822526030242443,0
7c07c123-54af-418b-bb83-2b62d10fbe78,3788756,0,0.25545454025268555,0.2540765702724457,-0.007257896941155195,1
af141133-bf91-4068-91e1-b0bfb72e4028,3788756,0,0.27696022391319275,0.280639111995697,0.018296698108315468,1
601b31c5-efd3-4a72-86dc-a52c94ed119a,3788756,0,0.14547070860862732,0.14465896785259247,-0.0065452042035758495,0
737b4821-a9ce-4ed2-995d-0ad1919e381e,3788756,0,0.22045573592185974,0.22245214879512787,0.011579446494579315,1
ca19d074-882f-4ef2-8e3b-d978cbd035a9,3788756,1,0.07170818746089935,0.07230210304260254,0.008888255804777145,0
aa315cf6-7b1f-4f08-a111-b276fc5579cd,3788756,0,0.2599390149116516,0.26014307141304016,0.001060516107827425,1
a8163d9c-794d-4704-9903-220779245321,3788756,1,0.21543896198272705,0.21459710597991943,-0.004987675230950117,1
57a4df68-7f27-463e-90c1-dd0596dae69c,3788756,0,0.029360521584749222,0.029339900240302086,-0.0007238946855068207,0
ebb8dc65-2b16-4f82-8ff8-45f883058976,3788756,0,0.20166726410388947,0.20111609995365143,-0.003426967654377222,0
7f485893-39a1-4282-b1ca-b54b51c861f3,3788757,1,0.14390525221824646,0.15022332966327667,0.05037536844611168,0
e419a4dd-d399-4822-9635-201cbc0897f4,3788757,1,0.013313510455191135,0.013990253210067749,0.05026780441403389,0
0fc5141f-d620-499f-a499-2a7868fa6419,3788757,0,0.42144575715065,0.43319642543792725,0.0480196587741375,1
dc4a48f3-4f19-4f70-ab38-bf308831680e,3788757,1,0.2527560889720917,0.26729193329811096,0.07556083053350449,1
9ea91e18-dcd0-467d-a96e-fcb23232f713,3788757,1,0.3561248779296875,0.36745595932006836,0.04907698929309845,1
dbe1af99-23fe-4916-ba4d-96e4a3a506e8,3788757,0,0.04880649596452713,0.04864916205406189,-0.003394104540348053,0
2bca006f-8c6a-411d-9c49-9ef4763121c7,3788757,0,0.1972929835319519,0.20611616969108582,0.05480283498764038,0
a358e49a-dd1f-4618-9926-1e669caed35a,3788757,1,0.26060929894447327,0.26776760816574097,0.03682568669319153,1
547d8a3d-64c6-4aa3-906e-30d5bb70dab6,3788758,0,0.13521146774291992,0.1309128850698471,-0.03726611286401749,0
3c5ff690-ca11-4d78-b685-cafe316b2bc1,3788758,0,0.1858871579170227,0.17508791387081146,-0.07302935421466827,0
b622eab2-ec69-4f1f-9e81-f20d5342b6c2,3788758,0,0.15598875284194946,0.15433865785598755,-0.012587734498083591,0
b8437af2-6898-47c4-b822-68111a014770,3788758,1,0.48984891176223755,0.4835142195224762,-0.025357000529766083,1
0ca2eb11-fecf-41fa-ade2-df208cb06381,3788758,1,0.16564375162124634,0.1526615470647812,-0.0970558151602745,1
56d66bd0-e66d-4189-a0c1-f0b7dd11c417,3788758,1,0.3506363034248352,0.35488858819007874,0.018624354153871536,1
ce057f6a-1426-4a77-a2b1-c6475fc26589,3788758,0,0.10210630297660828,0.09611768275499344,-0.06708861887454987,0
94f30043-664d-43e3-a812-c950a772666a,3788758,0,0.14631938934326172,0.14949294924736023,0.025181859731674194,1
3f1707e7-ea6d-4423-b191-edcc68701447,3788758,1,0.3086612820625305,0.31134283542633057,0.01253661047667265,1
fc04ec13-6562-4be7-9857-d594b96b402d,3788758,0,0.2953537106513977,0.29800117015838623,0.012687851674854755,1
ac07f0c2-b0d0-4748-b5c0-6aca937c9493,3788759,0,0.08783910423517227,0.07999691367149353,-0.10207939147949219,0
ca1d9f57-a7e7-4f21-961d-75b91c7a3e5b,3788759,1,0.24599048495292664,0.25039759278297424,0.023619256913661957,1
ba05d6d2-e454-4f4e-93fd-1908b2776581,3788759,0,0.08130768686532974,0.07785118371248245,-0.04719686508178711,0
098de10e-3c75-4db8-a05f-95a4bea387f4,3788759,0,0.09480711817741394,0.09429886937141418,-0.005936517380177975,1
29749bda-a25e-468f-8214-031c893f4f8b,3788759,0,0.09035120159387589,0.09101011604070663,0.007991178892552853,0
87f65e3c-6958-4840-a7bc-c532b0e41c66,3788759,1,0.20979143679141998,0.2108493149280548,0.006369597278535366,1
a8a12de4-89a7-4961-bc91-7d3e6f471eda,3788759,0,0.30082693696022034,0.3054715692996979,0.021986793726682663,0
fff8961b-3a73-4fa5-8b6a-8a248e211470,3788759,1,0.4107075333595276,0.39499419927597046,-0.06532574445009232,1
ef13c5a2-d252-4de9-81cd-167e941bea33,3788759,1,0.3842325508594513,0.38357847929000854,-0.002765323966741562,1
dca09e2a-0d0b-44da-9905-abef88128a0d,3788759,1,0.3735339045524597,0.35317540168762207,-0.08802449703216553,1
b12a1e65-7ac4-46dc-991b-e253af5d6872,3788759,1,0.18790531158447266,0.1775471717119217,-0.0693761557340622,0
8d650dbb-c90c-4d78-8b42-9c8c937f6269,3788759,1,0.32940539717674255,0.3098580539226532,-0.0899074599146843,1
6eee63b4-721c-4d7e-8ced-d295502c4c1d,3788759,1,0.09645514190196991,0.09836633503437042,0.021738147363066673,0
859286c6-b311-4f73-a070-cb773bd47387,3788759,1,0.47173771262168884,0.4544008672237396,-0.06973502039909363,1
1371b0ae-b584-42b8-8a24-712739ce46fa,3788759,0,0.30969730019569397,0.29761528968811035,-0.057144854217767715,0
b7a2a714-1f04-4e59-99ee-de9ba23ca934,3788759,1,0.47227743268013,0.4765970706939697,0.0173240527510643,1
7829878a-ff0e-43c6-9c9e-da4bda72da8e,3788760,0,0.24078460037708282,0.2498294711112976,0.048860739916563034,1
f26d6239-b014-46d8-9a4a-a3b10663aa48,3788760,0,0.5677199959754944,0.5827714204788208,0.06160617247223854,1
8c29d524-6d7a-4c4d-9ab5-fc2afe2c10b9,3788760,0,0.2896365821361542,0.3002065122127533,0.05083509162068367,0
607cb474-bd65-448f-b39b-a54dc03acf0a,3788760,0,0.06125197559595108,0.06485297530889511,0.060970012098550797,0
cff8585f-3fa1-413b-8c30-beff1bf0e0bb,3788760,0,0.07292823493480682,0.07605516910552979,0.04536164179444313,0
779d69c0-d05c-427a-85d2-7591fe8e0bb9,3788760,1,0.4470992684364319,0.458600789308548,0.046421028673648834,1
352a16d2-3499-40dd-8fd2-994b7b48aae2,3788760,0,0.14697441458702087,0.1538597196340561,0.05388714745640755,0
92053cea-46b5-45b2-b636-f54dbcd7c509,3788760,0,0.16193588078022003,0.1662268489599228,0.03128626570105553,1
dd795892-c6b8-46d5-89d7-f5bff4cb3fc5,3788760,0,0.13928090035915375,0.14484360814094543,0.04564569890499115,1
fb49706a-3750-48ba-8bc7-8d64f69e34a9,3788760,0,0.2439584881067276,0.25123411417007446,0.03905712813138962,1
05a24f78-1a9f-4cad-8c39-ec31342281b3,3788760,0,0.09633556008338928,0.09981410950422287,0.03932871297001839,0
ce141e81-0207-4829-9c67-7367f303152d,3788760,1,0.3857790529727936,0.3973056375980377,0.04838550090789795,1
f6baa030-c421-4abb-9667-48990e688ab7,3788761,0,0.1986292600631714,0.20035144686698914,0.010784421116113663,1
94c9d24e-0aec-4333-bdd4-110f89a8155e,3788761,0,0.15775170922279358,0.15922826528549194,0.011071051470935345,1
ac7ecc49-666f-4c0c-9517-e74441741f63,3788761,0,0.1804848462343216,0.18014147877693176,-0.002323131076991558,1
0fc897ee-12eb-44d6-be89-7063db5eb9e9,3788761,1,0.31218257546424866,0.31048184633255005,-0.007932347245514393,1
2f997022-71a6-4b0b-81c0-25c7622e97cb,3788761,0,0.2330421805381775,0.23381224274635315,0.004303482361137867,1
25ddfca0-81d0-418d-81a4-4b86b7f21c01,3788761,1,0.09242333471775055,0.09301147609949112,0.006991687696427107,0
3ef84110-6c40-4909-81a1-9efdfe8033e1,3788761,0,0.0818726196885109,0.0825342983007431,0.008770223706960678,0
d435b27d-5206-4e81-a302-77ae20f060e1,3788761,0,0.16620227694511414,0.16749019920825958,0.009265019558370113,1
efc5bcfd-78e2-486d-9cb2-b4259a4c3c49,3788761,0,0.1353522390127182,0.13412682712078094,-0.010511080734431744,0
362bca4d-dd4b-4a46-b7df-7ac7fc65e621,3788761,1,0.11861748993396759,0.11919697374105453,0.005531045608222485,1
7a6ba182-d0c2-4d5c-aa40-4098ead077de,3788761,0,0.2421341836452484,0.2435474991798401,0.007686621509492397,1
96c3dd12-876f-476b-9ef2-a20acc789518,3788761,1,0.17619754374027252,0.17436541616916656,-0.012674103491008282,0
53b3886f-f8e0-4b49-bbd9-4f499ba68b0b,3788761,1,0.2860525846481323,0.28429386019706726,-0.00862764660269022,1
b87181ec-868d-4f55-bd01-5a09287166ef,3788761,0,0.34280577301979065,0.34201574325561523,-0.0035086683928966522,1
8d5ebbd9-1e1b-42db-bdb3-99b8db14bee5,3788761,1,0.1577090620994568,0.15743884444236755,-0.0020356057211756706,0
d34da0b2-99e0-4da8-8228-c1faefd26308,3788761,0,0.41770967841148376,0.4149875342845917,-0.011202051304280758,1
086b7903-a1a8-4ab3-bdab-697d92fdf5a7,3788761,0,0.06077073886990547,0.061162497848272324,0.006842975504696369,1
a35fa866-2f94-4f2b-a76b-035723ed370c,3788761,1,0.4071289896965027,0.4071771502494812,0.0001995610073208809,1
89027e44-ac7a-4fd9-adcb-dfaec5081569,3788761,0,0.2884441912174225,0.28777626156806946,-0.0032565658912062645,1
f0135be6-2e02-4887-a0a1-2c8892909344,3788761,0,0.1857721209526062,0.1887134462594986,0.019328027963638306,1
b2bf58da-efea-4f04-ad5c-9eb7b0286540,3788761,1,0.2414855659008026,0.24159206449985504,0.000581229105591774,0
48a9cbf5-385c-489b-bda2-e4a7948b2012,3788762,0,0.08067870140075684,0.08134406805038452,0.008937444537878036,0
7ec1d2ad-969e-48de-bb92-3c80839f329d,3788762,0,0.5116519331932068,0.5234312415122986,0.04717746004462242,1
6bf36063-c99f-40a3-8616-acbb5e560e1e,3788762,0,0.10251620411872864,0.10290312021970749,0.004198269918560982,0
b359ab0e-d8bd-4683-b1d8-7e32d0762a7a,3788762,0,0.25951308012008667,0.25867125391960144,-0.004385380540043116,0
09a15491-64ae-4d65-959b-07176c9e77ae,3788762,0,0.3895573019981384,0.38792914152145386,-0.006851863581687212,1
ddacd3d8-8ea7-44d8-9849-e1876b8d15de,3788762,0,0.5086035132408142,0.5061882138252258,-0.009663235396146774,1
67951149-f6a9-4bd1-8048-95799b030739,3788762,0,0.1029445230960846,0.10309305787086487,0.0016075160820037127,0
c6d36e73-3ac2-4660-985b-b3bf028c7947,3788762,1,0.0513877272605896,0.0508754700422287,-0.01055833324790001,0
ec8299b4-cd49-4320-9d66-40f191ff340c,3788762,0,0.11336836963891983,0.11265644431114197,-0.007102122996002436,1
ec01423a-3a87-4a25-954b-9e51b3d59b02,3788762,0,0.4074692130088806,0.40995824337005615,0.010299339890480042,1
0f440c7e-b21d-45e7-ab53-42a74784699f,3788762,0,0.0515289343893528,0.0518437884747982,0.0064238086342811584,0
c25eba10-a66b-44af-b76f-930e360f8ee7,3788763,0,0.13962315022945404,0.13866600394248962,-0.007990633137524128,0
530c66f9-d74f-4802-ba1c-f8efbd8254e6,3788763,0,0.06441833823919296,0.06460569053888321,0.003104384522885084,0
4666df94-58d3-40a0-8d0b-b4040ceb14d6,3788763,1,0.079376220703125,0.07928871363401413,-0.001197943463921547,0
fb39256c-e72a-4ad7-aebd-ce24541e7e01,3788763,0,0.17335450649261475,0.17194649577140808,-0.009857228957116604,0
5d562c06-4946-4ac9-90ea-2fc02e879105,3788764,0,0.25913602113723755,0.26808488368988037,0.04610314965248108,1
1d7c4dc8-2d2a-44b2-9550-fac4711df6a6,3788764,0,0.5157136917114258,0.5273379683494568,0.046585727483034134,1
4b2f5b8a-a7ec-422b-8e5d-1b9ec1f67219,3788764,0,0.27696964144706726,0.279315322637558,0.011682900600135326,1
27520132-b8a5-48c2-8744-fd1eb18ad506,3788765,0,0.22386403381824493,0.21487772464752197,-0.05248139053583145,1
f59b686c-bc8d-4328-979e-76bae4280547,3788765,0,0.07505345344543457,0.07573732733726501,0.009810324758291245,0
d2019b57-a923-4c18-8ecb-a30c5671e3b5,3788765,0,0.2405262291431427,0.24758747220039368,0.03827568143606186,1
1c3a70db-b355-449b-9ff6-99318ff0d710,3788765,0,0.16145175695419312,0.1615942120552063,0.0010518687777221203,1
3495192f-1a17-498e-bada-789931be7fde,3788765,0,0.16544324159622192,0.14612415432929993,-0.14705665409564972,1
fc06acb3-7c19-49c9-988e-cd1e5a824f7a,3788765,0,0.22968381643295288,0.23442532122135162,0.026607679203152657,1
55b606df-5459-4df8-8bbe-0836fa251cc0,3788765,0,0.19063551723957062,0.17433829605579376,-0.10930144041776657,0
1b2ce998-4810-4ead-8091-efd72a49ddfd,3788765,1,0.290613055229187,0.2607116103172302,-0.14986473321914673,1
09d96444-5b85-4075-b175-407c4ced2308,3788765,0,0.06531955301761627,0.06453075259923935,-0.012993108481168747,0
8d5e25cd-3f6b-4e0f-8e93-daef35edd157,3788765,0,0.2928447723388672,0.2893871068954468,-0.016754964366555214,1
eb891ab1-1f08-4026-ac10-8080a52a8aaa,3788766,0,0.15361236035823822,0.15350481867790222,-0.0008274717256426811,1
2206611e-f168-4d9d-890d-5b8b9cb8999a,3788766,0,0.08496218919754028,0.08552462607622147,0.007212932221591473,0
558163ec-00cb-47e6-b0e2-2e8b0bd6fb5a,3788766,0,0.33434000611305237,0.3358088433742523,0.006592627614736557,1
2de64d5f-db9d-4127-8ae0-6470baac4f06,3788766,0,0.05628874525427818,0.055802032351493835,-0.00919982511550188,1
79c243e4-4862-4cc1-9679-20b7755776cb,3788766,0,0.09668823331594467,0.09620760381221771,-0.005515419878065586,1
2d3cc14c-f61e-446d-97d7-b8eae75db568,3788766,0,0.23891299962997437,0.23696324229240417,-0.010752934031188488,1
42cafc01-1a92-4e48-8583-d553c07af4f4,3788766,1,0.36297154426574707,0.3606797456741333,-0.009925234131515026,1
77c25770-4258-42e0-b0a6-9eb5c811a8f2,3788767,0,0.11696566641330719,0.11683058738708496,-0.001308357808738947,0
85bfa93c-b663-4024-bb5e-9a398da60263,3788767,0,0.07562181353569031,0.07679348438978195,0.0166432224214077,0
5e25b3f5-f160-40aa-82a9-fcdf4de94d50,3788767,0,0.14381062984466553,0.1496010571718216,0.046260710805654526,1
a2c16231-bc0f-4bd2-be1c-6a376593d22e,3788767,1,0.0974210575222969,0.10108530521392822,0.040990255773067474,0
70ff5cd8-bcf3-40f3-a43b-90747507128a,3788767,0,0.20823754370212555,0.20735198259353638,-0.005379542242735624,1
6e1da4d3-ca62-4bb2-a307-31ab8c78fdc7,3788767,0,0.030773961916565895,0.03138880804181099,0.020416872575879097,0
2842ca8a-88e7-4f6a-b305-50a7795e7b36,3788767,0,0.10476323962211609,0.10649372637271881,0.018317844718694687,1
2923f901-60bc-437c-a2b1-bfa4dea459e1,3788767,0,0.03562362119555473,0.03592836484313011,0.008834229782223701,0
da29a43e-d8b1-459f-90d0-9d044b331c10,3788767,0,0.13587899506092072,0.1380876749753952,0.018683258444070816,0
324a94db-29f9-4a5d-97b7-96c8122935bb,3788767,0,0.06971078366041183,0.06931369006633759,-0.006139345001429319,0
b2c08438-9b0b-4e23-9ed4-57022a023861,3788767,0,0.1303577721118927,0.12976747751235962,-0.005217089783400297,1
bba30708-62a7-4ba5-9329-304e7ea491cb,3788767,0,0.21124884486198425,0.21506784856319427,0.022770335897803307,1
4c455d46-1909-43a1-b362-e1b117bfe99a,3788767,0,0.13195426762104034,0.13460217416286469,0.0229231845587492,1
bbcd5d91-734f-4ca9-885e-aa00f3c0e59e,3788768,0,0.31684282422065735,0.3087127208709717,-0.03782522305846214,0
80c98d11-278c-4d42-9ad3-c16da408705c,3788768,0,0.14872489869594574,0.1528489887714386,0.03220848739147186,1
8f6dfc36-5855-488f-8c77-f3b3a0a2ac3f,3788768,0,0.08372509479522705,0.0789831206202507,-0.06346658617258072,0
c8949c0c-bf0c-4a64-bb3d-4a407957947f,3788768,0,0.22178888320922852,0.22025588154792786,-0.00890399795025587,0
f10308f3-0878-4094-a8f6-cdf5c6b27f2e,3788768,0,0.3410586416721344,0.3367370069026947,-0.019289247691631317,1
7c2b401f-d3e1-4135-a337-cb14a86203d6,3788768,0,0.20894573628902435,0.21695783734321594,0.047808509320020676,1
308a27b7-d04b-47d1-8ad7-4479a0a137b3,3788768,0,0.21632951498031616,0.2071504294872284,-0.05500238016247749,1
a1f1be8a-c153-439c-b706-f2cc076cb55f,3788768,1,0.2667468190193176,0.26399433612823486,-0.014119048602879047,1
0b6840cc-c286-4521-91eb-99e834e7325c,3788769,0,0.38544943928718567,0.38605040311813354,0.0025363219901919365,1
e5a14cca-9041-47e7-9321-343ff748e7a0,3788769,0,0.11903127282857895,0.12183298170566559,0.026450207456946373,0
304f36d6-c398-4aec-acc5-ce89db9fcfcd,3788769,1,0.10510408133268356,0.1056322306394577,0.005602924153208733,1
12dd7f68-c095-4158-b88a-b1f299cfe187,3788769,0,0.12287143617868423,0.12205304205417633,-0.00761545030400157,0
bca98e3c-d9de-4d3d-99de-db8aa5a7aff1,3788769,0,0.06498315930366516,0.06456256657838821,-0.006943050306290388,0
053a8dc3-f90b-428e-ae9c-a147d0944860,3788769,1,0.14828000962734222,0.14889031648635864,0.004824303090572357,0
51e9240a-a19c-4cb3-a5cc-b44a5fee3d8b,3788769,0,0.32824355363845825,0.3254079222679138,-0.012888701632618904,1
5e3cc708-d2a0-4db4-a237-ee9e188c004e,3788769,1,0.3773150146007538,0.37962374091148376,0.009814681485295296,1
c0ccd35d-bff2-466d-9402-05b71bb18b87,3788769,0,0.12687936425209045,0.12802644073963165,0.01031455211341381,1
62c9347d-d748-4404-84ee-d2d9d4756304,3788769,0,0.0954948365688324,0.0946231335401535,-0.010133568197488785,0
3205a657-43df-48d8-ba97-a3bed0fb9878,3788769,0,0.11731261014938354,0.12011943757534027,0.026829255744814873,0
0b0bd93f-3a67-439f-af8b-d71529b8e631,3788769,0,0.25380104780197144,0.2536730468273163,-0.0006759429816156626,1
405265bf-8e44-486c-a8a4-0d6f4bc678a4,3788769,1,0.37730470299720764,0.387103408575058,0.0414997898042202,1
d597c0a3-11bb-443b-9fdf-ea3faf79c1fc,3788769,1,0.3414129614830017,0.34549200534820557,0.01808966137468815,1
d169b8af-aaa1-45f9-bbf7-db4eb3e482f3,3788769,1,0.09282366931438446,0.09285453706979752,0.0003664097748696804,0
880932b9-4aaf-49ff-a545-a2bfc75b2f3c,3788769,0,0.13364991545677185,0.140539288520813,0.058247264474630356,1
e2291134-cb65-49fa-8ee8-07b3ebc024cf,3788769,0,0.3869435489177704,0.393759161233902,0.02864026464521885,1
a41c0e0f-fafd-4607-94ea-ec21e2f5a135,3788770,0,0.07570086419582367,0.0791628435254097,0.04847012460231781,0
52668f27-832c-48f4-be4a-1d9e91a89fd8,3788770,0,0.11973161995410919,0.1111554354429245,-0.08401881158351898,0
5dbb6a9a-5728-456c-9adb-a8e579a82b27,3788770,0,0.08652957528829575,0.0884440541267395,0.023982133716344833,0
00d86fc9-7cc6-4612-b58e-7dbd95621444,3788771,0,0.2672870457172394,0.27494826912879944,0.038770824670791626,1
32c3ba8a-dd18-4163-adc3-3f785bf53816,3788771,0,0.3744999170303345,0.38033920526504517,0.024851160123944283,0
cd67582a-17ad-4c38-bf54-12ba48b1f307,3788771,0,0.41635504364967346,0.416366845369339,4.864949733018875e-05,1
9765a4e2-eb0f-465a-af01-fcfd0220232c,3788771,0,0.16188286244869232,0.16295212507247925,0.007860092446208,0
94df26fc-ee6b-4d66-955c-ca4515fd6257,3788771,0,0.3916776180267334,0.3898293375968933,-0.007763712201267481,0
f045de78-391d-4219-9239-d16d19f12970,3788771,0,0.20343740284442902,0.20634528994560242,0.017849639058113098,1
1c4a1897-cd6f-4777-9319-86068450b94e,3788771,0,0.07217294722795486,0.07494914531707764,0.040741097182035446,1
a77a0e8a-4a72-49c2-a5c9-f7ecceb8ffec,3788771,1,0.19919389486312866,0.19975680112838745,0.0035251020453870296,1
e9e659c1-f966-4f3a-8735-384dde028cc1,3788771,0,0.2228069305419922,0.2219565510749817,-0.004917646758258343,0
f691f8b4-0438-4d76-ab1f-b05f361738a3,3788771,0,0.36882469058036804,0.3666156530380249,-0.009501276537775993,1
025d838f-2b99-49b7-9782-a226116ce98b,3788772,1,0.24471360445022583,0.23457378149032593,-0.05565418675541878,1
430c5f05-9db2-4130-9c67-a5c6a7be22fa,3788772,0,0.11723345518112183,0.10790631175041199,-0.09341419488191605,0
4b753db9-77a2-4523-97f9-0bc81a4afe96,3788772,0,0.23047798871994019,0.22139433026313782,-0.05194513499736786,1
8a2ca59c-639c-449e-8fa8-a06adc0c0187,3788772,0,0.3315581977367401,0.33682960271835327,0.023691289126873016,1
f7bed4de-99de-4fb3-a4aa-b764f1394de3,3788772,1,0.16342581808567047,0.16899429261684418,0.040184225887060165,1
f71297f8-18ce-4f08-9125-f4281616e181,3788772,0,0.12261778116226196,0.12666600942611694,0.03710645064711571,1
c35388b8-9b19-4a77-aaa7-cb721160b360,3788772,1,0.14152301847934723,0.13851168751716614,-0.025009244680404663,1
0ea7cee4-1b0d-490e-a6c9-6a53e0ca0201,3788772,1,0.27303963899612427,0.27505239844322205,0.010117224417626858,1
b079ed04-c009-47f6-a422-5a9c7b0b1b2d,3788772,0,0.21555586159229279,0.21822932362556458,0.0157402865588665,1
ecca168b-0c87-453c-8961-36f311ff10e5,3788772,0,0.3141542971134186,0.29652658104896545,-0.08312473446130753,0
8ddd49b1-65f5-4ee2-9f57-794dc478da03,3788772,0,0.12253057956695557,0.1145918071269989,-0.07599097490310669,0
a34eae42-fa87-4972-835a-39fed83e7c49,3788773,1,0.3297499418258667,0.3286770284175873,-0.004858499392867088,1
0df42077-30b6-468d-80aa-da72cca7b197,3788773,1,0.3872348368167877,0.3852944076061249,-0.00818525068461895,1
a6b7e9d6-a507-4edb-9d00-cdf64253500c,3788773,1,0.12540511786937714,0.1247578039765358,-0.005914901848882437,0
6afabe1b-08e9-4b86-9ab9-38ac8af55c6f,3788774,1,0.15441495180130005,0.15751157701015472,0.02352437749505043,0
9e70dc65-e538-47b0-bed0-e6b7b8f6f848,3788774,1,0.22921176254749298,0.2324310541152954,0.01813284307718277,1
bec6d320-d754-4f1d-951f-13d49ec9b9e5,3788774,0,0.09405378252267838,0.08784103393554688,-0.07517247647047043,0
481ef884-d056-498d-b5d6-f1ca2b6a5c19,3788774,0,0.12725982069969177,0.1303114891052246,0.027199581265449524,0
61164b54-30f9-4b20-9503-a2560960cdd8,3788774,1,0.4642140567302704,0.4732957184314728,0.0364702008664608,1
764e64a6-1b50-4e66-a266-3cbf3885f39f,3788774,0,0.26505154371261597,0.25334280729293823,-0.060986656695604324,1
5fb4f527-a2a7-4376-95f1-3aef1afa7749,3788774,1,0.5219725370407104,0.5033612251281738,-0.07450176030397415,1
76c65f73-2545-4520-b3ea-b5f13e6ba3b5,3788774,0,0.19045600295066833,0.1821216493844986,-0.05498886480927467,0
2f757a02-7447-45e2-9c09-7fde2988ceac,3788775,0,0.14318154752254486,0.15128426253795624,0.06454899162054062,1
f02a6a48-6267-4c97-87ec-2083c22328bf,3788775,0,0.2970618009567261,0.2990996241569519,0.009739784523844719,1
a25405eb-438d-4a75-aac4-e31d1f9014a8,3788775,0,0.16854214668273926,0.1661756932735443,-0.01698238030076027,0
1e87d4a5-5bdb-49e4-b0a4-baf6fafe2c51,3788776,0,0.22018897533416748,0.20719850063323975,-0.07733012735843658,0
ce7c991d-1be1-4ac2-a6f4-74854533c942,3788776,0,0.24425862729549408,0.28943413496017456,0.2313377857208252,0
d75a9a3b-3fa0-49c7-ac24-eb732a43287a,3788776,0,0.14378929138183594,0.1267528384923935,-0.1458120346069336,1
0e8fb56f-14e1-4916-9256-e507bff32bee,3788776,0,0.5371777415275574,0.6408824920654297,0.4302104711532593,0
7e82e738-d3df-43a6-a0b9-85682c354fed,3788776,0,0.10848870873451233,0.13723969459533691,0.26786401867866516,1
1092e8b5-847c-4fd4-8462-1b9e12d2e4bb,3788776,0,0.24541626870632172,0.23711952567100525,-0.045326486229896545,0
398e3915-1dac-4cda-8a02-e61d1bac0bc3,3788776,1,0.5108562111854553,0.5180192589759827,0.028676649555563927,1
28def1bc-8828-4caf-89a1-c990ea92f8dc,3788776,0,0.19022493064403534,0.1763823926448822,-0.09250286966562271,1
b75faeea-b38c-4ddb-9bf8-749ad27879ac,3788776,0,0.08931803703308105,0.10483687371015549,0.17738975584506989,1
571c32d9-fd0a-4fa4-b134-8096161fbe75,3788776,1,0.13786035776138306,0.14212852716445923,0.035453565418720245,1
97353f32-1dea-42be-82a9-7e0017caf433,3788776,1,0.13897426426410675,0.12888917326927185,-0.08698070794343948,0
14527510-9ca4-436d-b04f-a03884cbce63,3788776,0,0.12582747638225555,0.1255277544260025,-0.0027275974862277508,0
26e8688a-96df-4ac9-81bd-020237468d55,3788776,0,0.17775274813175201,0.1817905753850937,0.027384499087929726,0
f88ead89-1703-42b7-8fe2-c775b11b1c45,3788776,0,0.06930741667747498,0.07736597210168839,0.11869154870510101,0
3d13205c-1cc8-4e2d-9c77-82e842b48fa8,3788776,0,0.21345095336437225,0.22747181355953217,0.08160577714443207,1
60ee1ca2-b2a9-4240-a1d0-322f1d96e2ce,3788776,0,0.3847392201423645,0.38248172402381897,-0.009547408670186996,0
d49d8682-ae21-4f8a-997d-20b1ae5ab2a8,3788776,0,0.08132636547088623,0.08274009078741074,0.018773982301354408,0
cfbaecb4-52ce-4937-ac31-c9382d7bd0b5,3788776,0,0.08748586475849152,0.09236141294240952,0.05958929657936096,0
e9358154-421f-4370-a7f2-b12028ce9802,3788776,0,0.04908587411046028,0.05854462459683418,0.1862146109342575,0
559c1334-4433-46d3-9571-bad1c6eba299,3788776,0,0.18998050689697266,0.22607386112213135,0.21952219307422638,0
e06f3a09-fb1c-4062-8a06-fb68fea7d743,3794685,0,0.1917462944984436,0.19040517508983612,-0.008676690049469471,0
73c7432f-8587-46b6-9fb4-00c4929bba3b,3794685,0,0.13823075592517853,0.13594859838485718,-0.01929236203432083,0
a8652cdd-ac86-4756-89ac-6cecd8f90687,3794685,0,0.08993995934724808,0.08915716409683228,-0.009601331315934658,0
ffbb3c39-01a7-4482-bf99-0bd7ad0aad7c,3794685,0,0.09399913251399994,0.09431111067533493,0.003657921217381954,0
62c1d95b-fddc-4737-88ed-9d286b414a70,3794685,0,0.12546324729919434,0.12524034082889557,-0.002033044584095478,0
05cdd9f6-6560-41c1-a2d2-adfba9e3185c,3794685,0,0.1629544496536255,0.1616917848587036,-0.009286209009587765,1
3ca36e04-a6e9-4d0b-bda9-69285d19de28,3794685,0,0.16583943367004395,0.16639749705791473,0.004028594586998224,1
52b4bb90-eaa7-4fdb-9e53-4b5d1e4ee569,3794685,0,0.4255208671092987,0.42723381519317627,0.007003767415881157,1
4e109c0d-595f-4df2-b319-4134588d4ea5,3794685,0,0.26413336396217346,0.2637532353401184,-0.0019565364345908165,1
d88d2bac-d9eb-4690-847d-72a0357b7202,3794685,1,0.5529175400733948,0.5531870722770691,0.001090348232537508,1
a58813fc-8773-4f63-9ed5-32da979d3eb4,3794685,1,0.19352316856384277,0.19287508726119995,-0.004157780669629574,1
9ecdc7b7-d97f-4b92-bee0-a0635912d141,3794685,0,0.21555335819721222,0.21743546426296234,0.01109582744538784,0
1ba0b62c-ffb3-4b91-8ab5-6226b0c34072,3794685,1,0.47329142689704895,0.4756163954734802,0.009324219077825546,1
dcffd908-483d-4955-9e10-cf24f5dc9684,3794685,1,0.2310984581708908,0.23327289521694183,0.012197140604257584,0
ecd33ce4-f7d1-4caf-8a89-fa39c5e5fcc6,3794685,0,0.15082603693008423,0.15088382363319397,0.00045116059482097626,1
2cf16c9a-a44a-4208-9d65-2bd4ada7b731,3794685,1,0.09135221689939499,0.08985771983861923,-0.018138490617275238,1
b06ac408-178b-4c6b-ac22-b97f2ea226de,3794685,0,0.1036352664232254,0.10325420647859573,-0.004108758643269539,0
149c287a-4d34-4a30-94b2-fd349259d9f1,3794685,0,0.11138990521430969,0.11077160388231277,-0.006261940114200115,0
9ceb9769-7a42-484b-b459-e4b3cf662284,3794685,0,0.38117632269859314,0.38242223858833313,0.005278719589114189,1
3c2de83e-9998-4610-bc6b-0403548b1a47,3794686,0,0.07269695401191711,0.06957734376192093,-0.04721914604306221,0
9fe1032a-8a62-41d9-bb0e-67dd0df9ca98,3794686,0,0.17108094692230225,0.16489002108573914,-0.044298965483903885,1
9d9a41eb-6c12-4f7e-9c34-d9aa833fea53,3794686,0,0.29309016466140747,0.2985929548740387,0.02641569823026657,0
5ce9e696-da34-44ef-ba22-c63c1b104c7a,3794686,0,0.10878249257802963,0.11149518936872482,0.02767951413989067,1
5a4cb529-34f9-4d6f-8f47-2efc3ae3de40,3794686,1,0.12658968567848206,0.12256407737731934,-0.03691551461815834,1
d9260414-0ba7-4450-8c08-60b049c46058,3794686,1,0.31174933910369873,0.30773353576660156,-0.018783017992973328,1
44cec3a3-0d68-4fa8-81fe-ac8ede21417c,3794686,1,0.4926612377166748,0.4895404279232025,-0.012487121857702732,1
db9d8a55-add1-4778-8d08-fa74715b7bc1,3794686,1,0.23721753060817719,0.23951320350170135,0.01264509093016386,1
7d612664-98c4-4ed1-bdc2-8417a86582ff,3794686,0,0.3234157860279083,0.3261599540710449,0.01251335721462965,1
873e847d-644d-4591-a431-6d31347e7ae1,3794686,0,0.29863014817237854,0.28948554396629333,-0.04405437782406807,0
6860f9fd-1d73-442e-b5ae-7365992fbdcf,3794687,0,0.1178690493106842,0.1221868172287941,0.04088371992111206,1
cf3338b4-6f8f-43b1-9b1e-48f3b4417031,3794687,0,0.1473759561777115,0.14738434553146362,6.671715527772903e-05,0
aa88f218-4c7f-4fb8-8cd8-d6cb7d045e15,3794687,0,0.4162267744541168,0.4287135601043701,0.05118061229586601,1
890a87cb-7902-4e47-bc19-cc05d01b0e3d,3794687,0,0.09422050416469574,0.0968177318572998,0.030063752084970474,0
6f568e48-afc2-4ea3-88c4-0fb83f71700e,3794687,0,0.2317952811717987,0.24104022979736328,0.05121667683124542,1
8f0ecf8c-4f30-4f96-9b38-5a0c181987d1,3794687,1,0.40086865425109863,0.412188321352005,0.0469207763671875,1
7bc8acd4-2630-4c5e-a3bf-814a28f0d642,3794687,1,0.605175793170929,0.6082656383514404,0.012949393130838871,1
7588d8a2-0742-43c7-af5b-bb2f1175095c,3794687,1,0.48404642939567566,0.4929337203502655,0.03556901589035988,0
7321b10d-24e5-4ecc-b993-04a50ffc2dc2,3794687,0,0.5110926628112793,0.5218192934989929,0.04295454919338226,1
ac060f29-3dc6-4fdc-b24c-c0b3305957ad,3794687,0,0.22609776258468628,0.2341967225074768,0.0457141250371933,0
340239b6-2cb7-4017-808a-0c9c9d14b9d9,3794687,0,0.08546784520149231,0.0894496738910675,0.04989933222532272,0
28ac9c40-a19b-4401-b6aa-feb8f765622e,3794687,1,0.3356209695339203,0.3309193253517151,-0.021159548312425613,1
4c30bf0a-c592-482d-b4a8-0a08643b959d,3794688,0,0.27270644903182983,0.28119516372680664,0.04239330068230629,1
58676687-1e59-409d-86b9-0dcb49f4dc34,3794688,0,0.22063279151916504,0.22408798336982727,0.01998225599527359,0
1322b4f6-4ef1-41ca-b930-dc882a815e9b,3794688,0,0.2817453444004059,0.2923579812049866,0.051861368119716644,0
f23446fe-0584-41de-8998-0a416b9ae354,3794688,0,0.2693030536174774,0.27693361043930054,0.03843820467591286,0
638d8645-8568-42e4-abbe-b3e72bd5403f,3794688,0,0.2426285445690155,0.2518494129180908,0.04954930767416954,1
c086339b-63a6-421b-85f5-47d657310093,3794688,1,0.21668271720409393,0.22463081777095795,0.04622259736061096,1
33f1d0df-3beb-4f4f-b867-76cb6ad9b381,3794688,0,0.32691818475723267,0.33739930391311646,0.047251589596271515,1
2c4a4cec-a2b3-4742-8d20-294678a8225c,3794688,0,0.2967575192451477,0.30622124671936035,0.044941265136003494,1
86e352c4-f08e-46da-a1a1-a3a1bd07bdef,3794688,0,0.3798125982284546,0.392390638589859,0.053069423884153366,1
d2bcda9d-05d2-4218-91cb-3c2ef137e1aa,3794688,1,0.2060924619436264,0.21404500305652618,0.047928888350725174,0
09ed9789-86c5-491f-a827-ec7ab60b01d7,3794688,0,0.18238553404808044,0.19060280919075012,0.054170042276382446,1
4e4267c2-78de-427c-97c2-5057f9bb6dc9,3794689,0,0.17131736874580383,0.17375221848487854,0.01705499365925789,0
5ac0ac17-88ef-49b3-93be-7060f9f51083,3794689,1,0.05973968282341957,0.05679574981331825,-0.053661078214645386,0
e590cfe8-acc8-404f-837b-61a73044da35,3794689,1,0.23630666732788086,0.23587721586227417,-0.002381179016083479,1
abdd8bc9-9a37-4493-b000-f57c867a09b0,3794689,1,0.11395969986915588,0.11809518188238144,0.04032447189092636,1
f5290ce2-9a0b-4141-b016-22eb250767d2,3794689,0,0.16362404823303223,0.15628576278686523,-0.05462099611759186,0
4c7742e1-d00d-4ccd-aebe-c1b1ea69ced6,3794689,0,0.16959166526794434,0.16835950314998627,-0.008774636313319206,0
2c211926-386f-4a63-9ef7-4d8728f997fd,3794689,1,0.27980002760887146,0.257963627576828,-0.1111258938908577,1
ce351268-fde8-413d-a855-cb8b0da69a0e,3794689,0,0.28944000601768494,0.3449712097644806,0.2568870782852173,1
dd972352-b570-48c7-b0ef-3734af09222e,3794689,1,0.22684356570243835,0.21873235702514648,-0.04684830084443092,1
3e87c8f6-de71-42bd-91f0-a8d1aac71ddf,3794689,0,0.10657443851232529,0.11222317814826965,0.057988476008176804,0
c88d46b6-e516-4b26-9d0f-082695503ba8,3794689,1,0.1499936878681183,0.13191355764865875,-0.14949379861354828,1
dda91203-0151-4d08-87be-20c51ff62dd5,3794689,0,0.47448354959487915,0.4386035203933716,-0.14467696845531464,1
32997dcf-6dc0-4f14-824f-7cc95b5efcc8,3794689,0,0.35123732686042786,0.35458460450172424,0.014657683670520782,1
7d132705-da24-4f97-9dbe-68652854097c,3794689,1,0.2642149329185486,0.26751014590263367,0.016883114352822304,1
48165413-70e2-4cd9-ae44-82b2759477db,3794689,0,0.3311319649219513,0.3612416684627533,0.1330907791852951,0
e8720c7a-d65d-47a9-982b-d07cd6910100,3794690,0,0.09223020821809769,0.09623673558235168,0.046946827322244644,0
95addfcd-cf0c-4f9d-ad2b-5ea3b6fbe7e5,3794690,0,0.13295233249664307,0.13836057484149933,0.046129483729600906,0
0ea0d020-a227-45da-9ece-bd7d9b61fe42,3794690,0,0.1821245700120926,0.18318025767803192,0.007071412168443203,1
b6ff70cb-febd-45da-9ed9-c55c944e6c68,3794690,0,0.11662649363279343,0.12068334966897964,0.038796767592430115,0
49eb5ba6-d3c2-41c2-842f-9c17f7f3a246,3794690,0,0.42678695917129517,0.43780195713043213,0.04488493874669075,1
7c488181-bf8d-4ec6-9b00-f7cce9a3519f,3794690,0,0.05436476692557335,0.05677273869514465,0.04588969424366951,0
8d779fc6-03f1-41fd-9b75-9d6c487ea7fe,3794690,0,0.12320568412542343,0.1284729242324829,0.04788857325911522,1
8c5e1a8b-26d0-48da-87a1-9bd40222e3d5,3794690,0,0.11353511363267899,0.11656037718057632,0.02971569448709488,0
266d76ca-9485-452b-bd17-4f304131cf15,3794690,1,0.07660512626171112,0.07897614687681198,0.033052995800971985,1
23679407-cd3e-4072-8a65-2f2e05494c04,3794690,0,0.13723807036876678,0.142955482006073,0.047465015202760696,0
4cb4ff38-1c19-45f5-8240-4055dd275b94,3794690,0,0.22581422328948975,0.23442426323890686,0.048603612929582596,1
79ab2af5-0799-47b5-8a28-9acb158b45d7,3794690,1,0.16637350618839264,0.1727135181427002,0.045033469796180725,1
e70a96a3-3caf-4041-9a74-723f944995e5,3794690,1,0.07183932512998581,0.07486112415790558,0.04446374997496605,0
a65fff88-acf4-418a-9e4a-a0b212b35752,3794690,0,0.12669144570827484,0.1318763643503189,0.04606511816382408,1
469e342a-e752-4bfb-86c4-916ec6177e08,3794690,0,0.23307393491268158,0.24029411375522614,0.039966993033885956,1
12fb6ba6-49cf-49de-b724-548b886148f2,3794690,0,0.24793215095996857,0.2569800913333893,0.04794720932841301,1
e01c2787-5b12-45d3-8a38-d029dfccf715,3794690,0,0.30671337246894836,0.3171420991420746,0.04859301820397377,0
0f697578-1763-4c24-98f9-8a5d9cd0791e,3794690,0,0.15982143580913544,0.16664260625839233,0.04994608461856842,1
c259fb41-d449-40f8-a743-cd3994e9c967,3794690,0,0.04509204626083374,0.046635422855615616,0.03527214378118515,0
88fc06bc-6e03-4ff2-93e8-106f3929262d,3794690,0,0.4000760018825531,0.41120123863220215,0.046146735548973083,1
592b99b0-dbf7-4113-8dfb-87ac3d79193a,3794690,0,0.28252387046813965,0.2905855178833008,0.03943465277552605,0
f4317c27-2d41-46c7-9d98-1daf25b68ffc,3794690,0,0.35645490884780884,0.36531081795692444,0.03839750960469246,1
f4db476b-4bf4-48cf-980f-5dc3b82c898c,3794690,1,0.2500663995742798,0.2575312852859497,0.0394185334444046,1
e66d0d1f-fd0b-4698-834f-3d6580b5d795,3794690,0,0.39592695236206055,0.4079475998878479,0.050009019672870636,1
cad7d860-fe66-494f-9e1a-694075c7e1cc,3794690,0,0.04063718393445015,0.042619865387678146,0.04970575496554375,0
1835eecb-20c5-470b-91f6-3e62f1a4f1cc,3794691,1,0.13298188149929047,0.1324605941772461,-0.004528765566647053,1
7e29ada6-09fb-45d2-86db-a7510e8f6593,3794691,0,0.04469538480043411,0.04513315483927727,0.010205322876572609,0
c5d38bc0-8ab8-475b-a56d-a55b1c166b45,3794691,1,0.19298207759857178,0.19546067714691162,0.01583799719810486,0
a86aa2cd-2912-40a1-a41e-399987bca98a,3794691,0,0.1880372017621994,0.1888325959444046,0.005201052874326706,0
e181b589-c53c-4ac0-9369-070a3e91ff87,3794691,0,0.06052592024207115,0.06109175831079483,0.009907647967338562,0
2b8bb413-0f70-4ec7-a715-f1dda0326b19,3794691,0,0.10250792652368546,0.10256389528512955,0.0006081471219658852,0
317fce03-2c61-4cef-a8c8-78486954df96,3794691,1,0.2144727259874344,0.21437932550907135,-0.0005544321611523628,1
3b408e2a-563e-451d-8ca2-9b4988f0c87e,3794691,1,0.2088209092617035,0.2097509652376175,0.005620143376290798,1
7d2c9d1b-c37b-4071-8f4e-1c806a8a27be,3794691,0,0.28664296865463257,0.2853373885154724,-0.006393584422767162,1
5dd40998-44a3-4b90-b2f0-89b73d7c7fd1,3794691,0,0.0822494626045227,0.08289636671543121,0.008539346978068352,0
7b56123b-e2ba-4da3-8aa9-a782ed219510,3794691,1,0.1466629058122635,0.14751221239566803,0.006770010106265545,1
0be4afdf-07c6-4653-84da-84ff46a6362d,3794691,0,0.12756510078907013,0.1276690810918808,0.0009338958188891411,0
1dcf769e-6016-44ad-bd7e-402397211011,3794691,0,0.27639761567115784,0.27604326605796814,-0.0017724903300404549,0
6f4a847b-63ae-44c4-999d-e7143f13e988,3794692,0,0.31257814168930054,0.3141234517097473,0.007182163652032614,1
46cb3e8a-621f-4206-b7ff-210e76ee095a,3794692,0,0.20093007385730743,0.20235666632652283,0.008861747570335865,0
8376b7fc-4662-4554-8fab-8c304767cda2,3794692,1,0.2943103611469269,0.29221266508102417,-0.010121080093085766,1
a49a610b-bcc3-4ae9-8828-ba48b65dc8f5,3794692,0,0.06641334295272827,0.06636267155408859,-0.0008176369592547417,0
1196f6d0-0c6b-46fc-a646-4070089f7fae,3794692,0,0.1442377269268036,0.14390146732330322,-0.002726810984313488,0
2a25fefc-c004-4ba7-b7a6-076b98078f4c,3794692,0,0.3861177861690521,0.3838587701320648,-0.00954082328826189,1
4abc35ce-1a68-4123-ba5f-8e7f0a1f4d17,3794692,0,0.174562007188797,0.1731785237789154,-0.009631634689867496,1
9f2a7ff8-c803-4119-8dd9-9aec6192eccc,3794692,0,0.3581196665763855,0.3605835735797882,0.010702493600547314,1
11059ed7-a02c-4bf2-87d6-f538256cfdbb,3794692,0,0.6066482067108154,0.6086368560791016,0.008341172710061073,0
8e8c2779-6c4b-453a-baf5-98517c3ca9ad,3794692,0,0.10282489657402039,0.10205575823783875,-0.008365253917872906,0
c67c2404-feb1-4a6a-aa2f-05ec14d9ad83,3794692,0,0.16227294504642487,0.1614200472831726,-0.006287349388003349,1
e930cbb7-c31d-40df-8fcc-0fae5e5e5b50,3794692,0,0.25187668204307556,0.2533208131790161,0.007649327628314495,1
a7322bbe-f31a-4ee9-9738-ed5252054b8b,3794692,0,0.3260192275047302,0.32488563656806946,-0.005163735710084438,1
ed434ed2-a30c-4b67-a773-11cc930977e7,3794692,1,0.3669777512550354,0.3678601384162903,0.0037964251823723316,1
f2c6a26b-dd9e-4c56-a301-58645d1fad69,3795107,0,0.07683270424604416,0.07951056957244873,0.037164464592933655,0
0b96f404-2b45-41d3-977c-bf27eb3b80b6,3795107,1,0.12394780665636063,0.12763310968875885,0.033514849841594696,0
ee5edfb1-4bf1-4164-a673-0a24e9703de2,3795107,0,0.1122247502207756,0.11732519418001175,0.05020792782306671,1
4238b014-05a3-4626-826b-197a6ee3a723,3795107,0,0.1542825847864151,0.1536303013563156,-0.005007779225707054,0
29835e6c-290f-4200-9e8c-976f08ca3fb7,3795107,1,0.3260045349597931,0.3346739411354065,0.03919170796871185,1
480b490a-16f1-471a-ae90-3e7c86cfcf1c,3795107,0,0.1654765009880066,0.17355644702911377,0.057403020560741425,1
fc88e42e-2664-41b8-975a-eaa4c8d70c3d,3795107,0,0.26284703612327576,0.2724423408508301,0.048956844955682755,1
69d13fd0-9aa4-4121-9b14-973cf3be0d42,3795108,0,0.3624913692474365,0.3769736886024475,0.062153808772563934,1
5d846a41-3b27-4815-938f-ed8bc6af804c,3795108,0,0.13503146171569824,0.20748694241046906,0.5170448422431946,1
aa3b8b6a-9023-4b1c-8f84-818a2c562883,3795108,0,0.2898249328136444,0.27126744389533997,-0.09196721762418747,1
228f8694-669b-48b1-828a-f8df8e2034b7,3795108,0,0.2064588963985443,0.22039459645748138,0.08303562551736832,1
c9c386d5-91eb-4a64-9383-96fef92903bd,3795108,0,0.4140078127384186,0.4125548005104065,-0.00599235063418746,0
60e519ec-c8cc-4abe-b953-88f476639d21,3795108,0,0.06861377507448196,0.07469195127487183,0.091426320374012,0
05c67c38-929a-4155-bef8-d72ffe4dec11,3795108,0,0.1808190792798996,0.1776958703994751,-0.021228812634944916,0
d5d51a4b-d724-4159-9c18-d8c9b71776d6,3795108,1,0.19665849208831787,0.18494707345962524,-0.07587222009897232,1
c9c0ca61-67a0-4966-8b32-84588dfe015d,3795108,0,0.38022923469543457,0.3986784815788269,0.07760093361139297,1
de2eb1d5-2e33-4f31-af0d-451ab0250c90,3795108,0,0.23237033188343048,0.2594853639602661,0.14633004367351532,0
442c7fdc-3610-464c-9169-1f6f0e711eed,3795108,1,0.4064929187297821,0.414374440908432,0.03257201611995697,1
c2b96c2b-bdb9-4716-b087-0ddf41d512be,3795109,0,0.16053920984268188,0.16408750414848328,0.026097401976585388,1
66d62f38-a497-46db-9348-a0d242ca3857,3795109,0,0.12724976241588593,0.13273893296718597,0.04854193329811096,0
624d8ab5-c730-4d84-97e2-39b2b8cc10c8,3795109,0,0.25497081875801086,0.25678369402885437,0.00952125620096922,0
bbd01fbe-cee7-4e8a-9424-22f4528b6377,3795109,0,0.49410682916641235,0.49135667085647583,-0.011002885177731514,0
16e564d4-add5-4fd9-903b-9ad1d809614a,3795109,0,0.05969858169555664,0.05920163169503212,-0.00888756476342678,1
9e2ae8e9-6ff6-41a7-afa3-d8c800d6784e,3795109,0,0.09292948991060257,0.09589818120002747,0.034724317491054535,0
0c67feb1-3966-4169-91ee-3224bde46cb8,3795109,0,0.08479579538106918,0.08446913212537766,-0.004216667264699936,1
626a1d59-9d28-4ff7-a7f0-94597fdae9f0,3795109,0,0.2170271873474121,0.223828986287117,0.03958474472165108,1
3e5c715b-dfb6-481b-8417-23d58dffee94,3795109,1,0.21342100203037262,0.2140490561723709,0.003737263847142458,1
2f849711-3cca-4673-abca-3d10f8c352d4,3795109,0,0.2597230076789856,0.268045037984848,0.04284464567899704,0
9cf16383-5a6c-43ac-af2e-627efbb72e3e,3795109,0,0.13698141276836395,0.1380324810743332,0.008862372487783432,0
030f4744-eda8-4e50-adff-5b0117e5dbd2,3795109,0,0.2730115056037903,0.27497273683547974,0.009859414771199226,1
7c501eb2-430b-41a0-a03b-66a7e42d3ce5,3795109,0,0.18158991634845734,0.1842842549085617,0.01802613027393818,1
157afc02-1ae7-4b97-bacd-4c15a8bd4c5d,3795109,0,0.09424705803394318,0.09486684203147888,0.007239025551825762,0
adeb4f4e-8e9b-48fe-b6c8-be41cde861b8,3795109,0,0.16289637982845306,0.1620493084192276,-0.006225119810551405,1
ca0ceddc-1358-475f-a31e-ffe180b442cd,3795109,0,0.15251728892326355,0.15430545806884766,0.013768432661890984,0
637b07e8-0f65-4bc9-b35f-71368589e65b,3795109,0,0.3923304080963135,0.39565417170524597,0.013920806348323822,0
3183cc68-bd9f-47c4-ba58-2758da1767d1,3795187,0,0.18508724868297577,0.19775831699371338,0.08188942819833755,0
a93c72c3-e5dd-4c10-888d-47f537a04ae4,3795187,0,0.056524112820625305,0.05696897208690643,0.008310990408062935,0
5ca9afc0-2e18-4a25-a037-d52563acaaed,3795220,0,0.09758438915014267,0.10147213190793991,0.043384164571762085,0
59eda89e-fb54-49a9-8648-57ea957f0263,3795220,0,0.03815702348947525,0.04001354053616524,0.04944021999835968,0
9601c116-05b0-4dd1-8288-1b29487d410f,3795221,1,0.33938226103782654,0.3099055588245392,-0.13451260328292847,1
d5413ceb-e216-44e0-b1d0-444c52959fe6,3795221,0,0.08552466332912445,0.08432081341743469,-0.015491638332605362,0
3255fce3-fae3-4440-91c8-89bb19cc4d38,3795221,0,0.110727459192276,0.11288813501596451,0.021758072078227997,1
b3b1d24f-2921-4f71-9dfe-b30c4e0971b3,3795221,0,0.268761545419693,0.30694448947906494,0.18647179007530212,1
ad7f7cde-2682-4e9e-8a13-e0ef551d7019,3795221,1,0.294334352016449,0.28309330344200134,-0.05474398285150528,1
f57da0d6-7aa9-4d89-817f-319022c7f1f6,3795221,0,0.14163413643836975,0.14345747232437134,0.01491779275238514,0
869d75fa-97bd-4b91-8fbf-4c807af4b183,3795221,0,0.10394074767827988,0.1075633093714714,0.038309477269649506,0
623d52ef-3d26-40c2-8b9c-55c2400f3be1,3795221,0,0.18413589894771576,0.18982000648975372,0.037393711507320404,1
c7357413-3489-4c49-a588-266d2762b339,3795221,0,0.361507385969162,0.38774019479751587,0.11200649291276932,1
23a96b40-bec3-4897-a53d-79df3457f304,3795221,0,0.39915019273757935,0.3914321959018707,-0.03228875622153282,1
6beb4409-54ce-47f7-99b2-542de3b0d799,3795221,1,0.12067393213510513,0.12553781270980835,0.045061610639095306,1
0fe6a0ba-a951-4027-a8ca-8a5500cc8504,3795221,0,0.20392952859401703,0.19452133774757385,-0.05898166447877884,0
6552c53c-d415-497a-9c94-083d23e99923,3795506,0,0.11848242580890656,0.11682069301605225,-0.016007665544748306,1
55bfdca6-9e61-439d-a8b1-09713e650232,3795506,0,0.13174118101596832,0.12264815717935562,-0.08193784207105637,0
68fad3e5-d23c-4e80-aaa7-5114b658b0fb,3795506,0,0.12739892303943634,0.12925276160240173,0.01657341793179512,1
4226bbd0-76ee-4bf0-8e83-1ceab3875056,3795506,0,0.13171622157096863,0.122247613966465,-0.08544718474149704,1
ff2e10e4-9d36-4226-8986-645174c1f907,3795506,1,0.3451361656188965,0.3251325488090515,-0.08979510515928268,0
e77af8ce-f32c-478b-bef6-67439e359d29,3795506,0,0.23835299909114838,0.22737905383110046,-0.06143972650170326,1
e867c9ab-80a9-4bb7-8dae-5330c02fc946,3795506,0,0.35615041851997375,0.3483145833015442,-0.034344036132097244,0
0688b7b4-cbaf-406e-bc3c-5ef321336822,3795506,0,0.24840909242630005,0.2518821358680725,0.018515978008508682,1
f4629bf0-2ccb-4a12-8f31-e5102c2916b7,3795506,0,0.34311598539352417,0.34870919585227966,0.02472107857465744,0
6acb651f-b91d-4e87-bca8-23dd0ec8f0d1,3795506,1,0.3279340863227844,0.3354423940181732,0.033872514963150024,1
3b5f8b5b-a551-4ab8-9ef7-46c04c37b9b0,3795506,0,0.06852088868618011,0.0694519653916359,0.014496834948658943,0
9aaebbc2-adac-4953-9cf0-8d707af1a218,3795506,0,0.27419307827949524,0.27778372168540955,0.017969612032175064,1
2fea507c-a48f-42a2-b420-386dd2452fe6,3795506,1,0.16736431419849396,0.16213113069534302,-0.03803287073969841,1
a32d63d7-d372-4d6d-852c-bd035327a90b,3795506,0,0.3075030446052551,0.287299245595932,-0.0967184528708458,1
c9825f9c-7508-4499-9487-7f3d317d1b99,3795506,0,0.18688440322875977,0.17662379145622253,-0.06900815665721893,0
95545de3-22a8-49f5-b55b-a8678d82b92e,3795506,0,0.32540735602378845,0.30981409549713135,-0.07195737212896347,0
22f76976-9167-4bc4-9ccb-66560d849b4a,3795506,0,0.16634918749332428,0.16445311903953552,-0.013735505752265453,0
81ceba69-9fe9-4e67-865c-940972147691,3802643,0,0.1612718403339386,0.1607648730278015,-0.003752828110009432,0
4cc725a2-8a15-4496-ad92-7388289dca48,3802643,0,0.25681352615356445,0.25947967171669006,0.013922108337283134,0
8b2bd71a-2e5d-44cf-bd38-f9dc7ea553e6,3802643,1,0.07194720208644867,0.07341000437736511,0.02170521207153797,0
b6e963c1-71a1-4c3a-8d77-59244e5be4ec,3802643,0,0.15512897074222565,0.15617434680461884,0.007954061962664127,0
f723d9fe-00eb-459f-af8c-1b1f570af0c1,3802643,0,0.29023516178131104,0.2908349335193634,0.002909810747951269,1
3e7f2c4d-8a44-469f-add9-41ebd173261d,3802643,0,0.18265484273433685,0.18111756443977356,-0.010331068187952042,1
357e641e-9812-4f31-ba67-e144b9b3385b,3802643,0,0.10491125285625458,0.10454779118299484,-0.0038765165954828262,0
77b84514-71de-4b99-a692-b69adb3cb28e,3802643,0,0.5740465521812439,0.576413631439209,0.009687637910246849,0
0f836d60-9102-4255-9610-4e2a47ca0555,3802665,1,0.049375344067811966,0.05087389051914215,0.03147634118795395,0
f3836ef7-dc10-48c5-a121-1ddb315d3234,3802665,1,0.36031559109687805,0.3678226172924042,0.03242534399032593,1
a36a54c2-6ad0-41d0-8c90-661d4a6f8d5a,3802665,0,0.14642386138439178,0.14230839908123016,-0.0333188958466053,0
a1b68cb3-5e7b-4d77-84d8-b9f3655e2fd3,3802676,1,0.24873913824558258,0.2591854929924011,0.055141910910606384,0
2eb8d7ba-6847-4771-8525-28f4db900895,3802683,0,0.2890688180923462,0.29186370968818665,0.013561148196458817,0
cd248f00-4c4e-407f-805b-784cb9f4a0ad,3802683,0,0.22962278127670288,0.22903871536254883,-0.0033047599717974663,1
9e13d365-5df7-4a17-be8e-4115b6d7cec7,3802683,0,0.11435231566429138,0.11425106972455978,-0.0010002527851611376,0
0ff28b52-c029-43eb-9bb7-ae3c7c83c981,3802683,0,0.09357190132141113,0.09287577867507935,-0.00823504664003849,0
05bfe098-f8b1-4556-a1a5-981e9e8aea1e,3802685,0,0.1779206544160843,0.18246382474899292,0.0307560246437788,1
23b6b99f-317b-4843-8f3a-4f523798bdae,3802685,0,0.13409385085105896,0.13530604541301727,0.010400144383311272,0
5c67aab6-d308-42a9-b863-8cbd1674b989,3802685,0,0.04265962168574333,0.043965909630060196,0.03152712434530258,0
2ac5037f-36a1-4a2d-a123-9a361acead0b,3802685,0,0.173907071352005,0.17451617121696472,0.004233908839523792,0
0dbe3b1d-0524-47bf-9cd6-a57482f9a6fe,3802685,1,0.4189179241657257,0.41736793518066406,-0.00637062219902873,1
4a2d227a-cf82-48bb-a40e-c50ca4a3dc19,3802690,0,0.18115879595279694,0.18030080199241638,-0.0057946862652897835,0
be09e373-139a-44e2-8c5e-16ae1659a15b,3802690,1,0.18697616457939148,0.1843789666891098,-0.017177309840917587,0
5f9e5afc-1837-4c84-b20b-bb8f5bc14b8a,3802690,0,0.20280036330223083,0.20322003960609436,0.0025939210318028927,0
dc430a6a-f922-4a09-84a7-f8a52b9a0981,3802690,0,0.28557053208351135,0.28375929594039917,-0.008894742466509342,0
2cea8626-4f80-4a7e-a300-985c7188471c,3802690,0,0.31795722246170044,0.3220353424549103,0.018741676583886147,0
1a9ab5f7-5b48-4f0e-aa6d-e424fdeba46d,3802690,0,0.10451769083738327,0.10485558956861496,0.003605141304433346,0
6ec32ec5-d919-4657-bc4a-08779dfe7e12,3802690,0,0.2193121761083603,0.21857908368110657,-0.00428689643740654,0
95d6f6c4-4c63-45df-9461-26db7e15d5a0,3802690,1,0.5884793400764465,0.5908908247947693,0.009966643527150154,1
69e90618-a7ce-4ac4-bdc1-585e69061a9b,3802690,1,0.4509425461292267,0.4490942358970642,-0.007467980496585369,1
6abf3951-83e8-46c5-bb6e-82023a946941,3802690,0,0.2785159945487976,0.28114068508148193,0.01302426028996706,0
b393b0bf-c64d-4fa7-9c35-bd4ce21df60b,3802696,0,0.09612073749303818,0.08346623182296753,-0.15506596863269806,0
e0944f48-2c6f-4584-8d06-75adff8fd7bc,3802696,0,0.04614684730768204,0.0743158757686615,0.5064725279808044,1
d6dbd2e8-7f48-45af-9571-f6b0418eb30c,3802696,0,0.3894370198249817,0.38566461205482483,-0.0158936008810997,1
bf247800-6d02-4aa2-be86-e96b44935c6c,3802696,0,0.27634796500205994,0.2745455801486969,-0.009031146764755249,1
5ecd7434-34bd-4248-b5b5-58011ee05995,3802696,0,0.11806860566139221,0.11838190257549286,0.003005577716976404,0
cda07cbb-4d8f-4d37-b679-bb2b8d1a46af,3802699,0,0.1641172617673874,0.1650007665157318,0.006426426116377115,0
2fbaf3dd-8a34-4895-825e-8996f34a20eb,3802699,0,0.35827550292015076,0.353336364030838,-0.021549060940742493,1
fbbbbef0-d788-431e-aa91-fb9fd00f8c29,3802699,1,0.5645228624343872,0.5653827786445618,0.0034986240789294243,1
f35410ec-e1cf-45e3-a522-1a77fbdf59a6,3802699,0,0.041077371686697006,0.04084441065788269,-0.005930420942604542,0
9e594ecd-02dc-4ab5-9b9f-bc90434c2359,3802709,0,0.15452562272548676,0.1486908495426178,-0.04536810889840126,0
c5bd1f2b-e5cc-428e-83d3-bf83f8a11e10,3802709,0,0.08757875859737396,0.07945645600557327,-0.10619177669286728,0
77fc1659-8ce0-4cea-b814-3f10a0ff481d,3802709,0,0.22875897586345673,0.22068510949611664,-0.04634625092148781,0
5c3c9f8d-9ca5-4027-93fd-d3fe439b4d34,3802709,0,0.2114846110343933,0.19183024764060974,-0.12216151505708694,0
03bb16cb-a1c7-4ee3-861f-25bef6f8dc6a,3802709,0,0.22974793612957,0.2343345731496811,0.025739725679159164,1
1817f7b6-1e5e-4b1c-a769-107165b4e252,3802709,0,0.0926457867026329,0.09491201490163803,0.026667609810829163,0
e6394997-b715-4605-ba53-36b562cef7ba,3802709,1,0.5202193856239319,0.5060268044471741,-0.0568133182823658,1
29dd9275-5267-4504-8d4c-2d2182f8a2fe,3802752,0,0.0908099040389061,0.09480317682027817,0.04743625596165657,0
849d9b48-d148-4b58-ad71-b19b94e3480e,3802752,0,0.0853879526257515,0.08842483162879944,0.03827374055981636,0
8f547a5f-910f-4b06-b4f1-7c1a505571cd,3802752,1,0.16727662086486816,0.17442230880260468,0.050448719412088394,1
094ef0b5-5c17-4cef-ba36-0577f2469095,3802752,0,0.12997420132160187,0.1355266273021698,0.04823462292551994,1
7f145750-75ba-4b7d-8812-ad9093c42231,3802752,0,0.29330888390541077,0.30080676078796387,0.03590838611125946,0
30cdf578-4941-4b6e-bffa-44649f164192,3802752,0,0.3758593797683716,0.3783412575721741,0.010565890930593014,1
9158d9a3-5329-4981-a85b-08fa1bcf0a8a,3802793,0,0.16526667773723602,0.17203599214553833,0.04828597232699394,0
91e44363-0030-4fc7-850d-422c3465194c,3802793,0,0.3471103310585022,0.3570696711540222,0.04366006329655647,1
365fe5a4-9925-4f12-8dc6-fd0a68e9452e,3802793,1,0.25670522451400757,0.26702407002449036,0.05339010804891586,0
ea6a745f-48be-440f-aee3-3530631eaad7,3802793,0,0.14327608048915863,0.14898444712162018,0.04575382545590401,0
1babe276-2465-414b-89de-531695886b45,3802795,0,0.14028948545455933,0.13818445801734924,-0.01756419613957405,0
25dfb296-8629-4b5a-8bbe-65e8be999645,3802795,0,0.23298898339271545,0.24445556104183197,0.06310494244098663,1
fb86465c-e539-4d17-8aad-f52bae38be54,3802795,0,0.22670364379882812,0.23462218046188354,0.04462551325559616,0
5a63abec-0339-481d-a91b-3a938ca23404,3802795,0,0.24050013720989227,0.24909675121307373,0.04650400951504707,1
2eeb340b-29f4-470e-9b60-a2ea3078b0ca,3802802,1,0.11725667119026184,0.11837213486433029,0.010732476599514484,1
28c72994-b4b8-4e8c-80d8-c8e0c945ed6f,3802802,0,0.08830888569355011,0.08887714892625809,0.007037789560854435,0
eb84dcf1-56df-46a1-884f-30c4df57f868,3802802,0,0.1149742528796196,0.10814812779426575,-0.06888959556818008,0
7f145d84-a6a2-4be3-9c22-dc9da4e8c17a,3802805,1,0.16346149146556854,0.1691073179244995,0.040727924555540085,1
f4591ff1-2440-4718-b8fb-0c8ae55ed294,3802805,0,0.30806729197502136,0.31661689281463623,0.039807386696338654,1
2f30c79b-aa95-4ef3-a9c3-8235f8269c7b,3802805,0,0.21487371623516083,0.22183330357074738,0.04077959433197975,1
fe5285f5-c947-4348-86f4-80ea9bc99b12,3802805,0,0.22448967397212982,0.2278773933649063,0.01935596391558647,0
d016a6d7-1dbc-4af8-ba3a-ae7caef43e00,3802809,1,0.28414225578308105,0.2862088084220886,0.010137595236301422,0
9e4a2ad3-8642-43d4-be2e-dba5a8f87fc4,3802809,0,0.49840879440307617,0.5006757378578186,0.009067908860743046,1
1c61c6c1-468a-44f2-8aa6-0261c3b23e10,3802809,0,0.09546543657779694,0.09483488649129868,-0.007323666475713253,0
197a1279-bc14-4203-9924-1f6df5c72f15,3802809,0,0.05461745709180832,0.05462384968996048,0.0001238333061337471,0
02c38a6f-df2f-4626-a626-6b0c3915f8ec,3802809,0,0.11704692244529724,0.1161343902349472,-0.008859970606863499,0
47ba6a71-b1e6-48c9-99cc-59f286764d49,3802809,0,0.27364638447761536,0.2726554274559021,-0.004991239868104458,1
df758bcb-d2de-4d5d-a197-94589c21322e,3802809,0,0.41474592685699463,0.41743677854537964,0.01107531227171421,1
c929b94b-ceda-49ac-823f-cd48a9d9cc3c,3802809,0,0.13136480748653412,0.13063491880893707,-0.0064116911962628365,0
6439b4d3-9e54-4aa5-b806-cf61f3c4f59e,3802818,0,0.12129350006580353,0.11641836166381836,-0.046555694192647934,0
80ce4043-d088-4e0c-a4d0-8638c7b2c73c,3802818,1,0.40593305230140686,0.39445000886917114,-0.04784097522497177,1
02ab5d75-ca79-4db9-855a-fd817d5e6946,3802837,0,0.12614411115646362,0.12661942839622498,0.004305044189095497,0
0318f465-4cd8-4183-bb5b-aa4a3f1bf2a4,3802839,0,0.6066615581512451,0.7050224542617798,0.43802982568740845,1
dd0f58fb-ab1a-4453-84d7-415bdbf7c15e,3802839,0,0.200073704123497,0.18185637891292572,-0.11798691004514694,0
32b432b6-8c55-44d0-91ba-0a176d10140b,3802839,1,0.1237896978855133,0.12553046643733978,0.01595304347574711,1
df3830fc-0ec5-45fc-ac4f-162f2cd763b7,3802839,0,0.07175397872924805,0.0648123100399971,-0.10919800400733948,0
d62970bc-1083-4d3f-94e6-4c80ef9e4ab2,3802839,0,0.04633919522166252,0.04040662944316864,-0.14319577813148499,0
a2a13d6b-26e6-4d45-925a-63cf0ba35f34,3802839,1,0.21187230944633484,0.19058851897716522,-0.1325143724679947,1
e1383ae0-8798-4477-b91e-10c00f2c5191,3802902,0,0.3299523591995239,0.3192353844642639,-0.0488874614238739,1
57b284bd-0e80-4c0e-9f4c-f5234a303fdf,3802902,0,0.10111036151647568,0.10560915619134903,0.04854998737573624,0
b3644781-6d7f-4d64-9b13-ffeb82fd8396,3802904,0,0.1739586740732193,0.1790493130683899,0.03502526134252548,1
b0894ff2-53b6-4640-aa92-13ba970271bf,3802904,0,0.07010268419981003,0.07084974646568298,0.011404059827327728,0
f6137909-8f90-4cec-8ba7-60f27db81be3,3802904,0,0.35909250378608704,0.3593769967556,0.0012358264066278934,1
76ee80c8-3b64-49a4-ab3d-2936db88252f,3802907,0,0.24236594140529633,0.24701975286006927,0.025181056931614876,1
286a5a7a-d386-46e3-9911-bf2b71c5058f,3802907,0,0.09887196123600006,0.09819120168685913,-0.007664298173040152,0
f2f83351-c0bb-4ae1-a3b2-f22acb4b2b73,3802930,0,0.36710649728775024,0.3668842911720276,-0.0009564892388880253,0
d2a57003-a966-4da5-9e4f-5bb682f98036,3802930,0,0.191233828663826,0.19346077740192413,0.01433512568473816,0
e7d833d2-e5f9-4a20-a739-def74efb8307,3802930,0,0.17054297029972076,0.17657281458377838,0.04204220324754715,0
532b5fbc-2c11-42ff-93b1-8d9eecc9ea13,3802930,0,0.5341649651527405,0.5300759077072144,-0.016424180939793587,1
a6cdcd36-7e3d-481a-b0ac-7519808836ab,3802930,0,0.2977997064590454,0.29685094952583313,-0.00454107066616416,0
d50fc5b2-33d7-485c-a8e0-87d9e19994fb,3802930,0,0.06990690529346466,0.06947404891252518,-0.006676449906080961,0
3d81e406-2250-4189-a5aa-b709cf780bd4,3802930,0,0.3324066400527954,0.33471858501434326,0.010400249622762203,0
b254b188-8ac3-4815-aca2-9de662f37144,3802948,0,0.06376981735229492,0.0661325678229332,0.038908276706933975,0
353aa97e-0800-4d89-9f09-6817bdc2ae72,3802948,0,0.12878262996673584,0.1346358209848404,0.05118874832987785,0
055d386d-8e2a-465e-93e3-7969b8cfbede,3802948,0,0.35735997557640076,0.36879462003707886,0.049449704587459564,1
f22135df-95a2-423b-bbad-ae533cd1023c,3802948,0,0.14718706905841827,0.1530730426311493,0.04613659158349037,0
bc682eed-6dce-4c38-a2c8-2ecbeb2ea8d1,3802948,1,0.17072412371635437,0.16707675158977509,-0.02598433569073677,1
133ab5d5-f456-4cc9-b381-038fc60471aa,3802983,0,0.16868308186531067,0.1712440848350525,0.018153689801692963,0
c7a3a345-72fc-4dae-a0bc-32e711cc11e2,3802984,1,0.15402399003505707,0.1557605117559433,0.013265999034047127,0
32932301-0b75-4e5f-ae6b-a9ddf8bb39cd,3802984,0,0.04283348470926285,0.04446893930435181,0.0391809456050396,0
3eaa1fc8-d6b9-4701-a4c6-1df85a2944b6,3802984,0,0.11683956533670425,0.11209717392921448,-0.04679105058312416,0
1d14b4bb-7d1e-4f21-8231-f348a688d6a6,3802984,0,0.06918609887361526,0.07156965136528015,0.03643519803881645,0
a44a84e4-53af-489e-9364-5d1c5f23adf8,3803000,0,0.1021159365773201,0.10569760203361511,0.03847024589776993,0
5922cd57-62ff-4813-b4df-c8055494057b,3803000,0,0.3573760986328125,0.36186474561691284,0.01949116960167885,0
2b47b581-dfb5-494b-9375-0588a2d159e8,3803000,0,0.1597265601158142,0.15795621275901794,-0.013250098563730717,0
279cb406-f133-44da-9c01-003fc8db8176,3837650,1,0.13280805945396423,0.1319916695356369,-0.007107005920261145,0
29fbae5e-3720-40f5-b048-efd93f8618f1,3837650,1,0.4533981680870056,0.4601227343082428,0.027101509273052216,1
fe362fd5-5016-4f96-8c76-e5f622850477,3837650,0,0.39853936433792114,0.39902809262275696,0.002038482576608658,0
2d55ca33-3e57-4747-964d-da3e22558108,3837659,0,0.138952374458313,0.1515933871269226,0.1018604189157486,0
10269167-539c-40b8-a36e-2092d4b3181f,3837659,0,0.11394281685352325,0.1236315444111824,0.0926039069890976,0
de734c00-cd20-4b05-8772-2371d3815cd2,3837659,1,0.2233033925294876,0.2562755346298218,0.18110108375549316,1
9e2123dd-ff85-468d-a9a7-5593ff4a54b0,3837659,0,0.08193507790565491,0.0807175487279892,-0.01629655808210373,0
4f6c49fe-6a18-4493-9802-269caf55368b,3837659,0,0.17055970430374146,0.18185463547706604,0.07783340662717819,0
91cd7df5-d767-4177-8c98-edf88d04a17a,3837662,0,0.15385094285011292,0.16302654147148132,0.06883204728364944,0
43c0b0e8-a4fe-4664-8b90-8a677a41c7e4,3837662,1,0.3620421290397644,0.3634142279624939,0.005935973953455687,1
f250df25-d537-4a09-8fa3-f941752f8b05,3837680,1,0.11680488288402557,0.11710615456104279,0.002916947938501835,0
010d5d3c-cb92-48ec-95b5-f7e2a087736e,3837680,0,0.45428919792175293,0.45352259278297424,-0.0030925674363970757,1
27da5014-0f09-4ba4-91ed-1d8c1b1d1ee3,3837680,0,0.12204903364181519,0.12327463179826736,0.011388752609491348,0
5e7b617d-10db-4cc1-a056-71333c57d2f0,3837680,0,0.10416188091039658,0.10290782898664474,-0.01351150032132864,0
ff1affc6-f987-4a71-bbb3-d67fc22d2b28,3837680,0,0.2102767676115036,0.20954729616641998,-0.004398468881845474,1
15e8732e-59a2-45da-9cf6-4e1b9c11def1,3837680,0,0.1704607903957367,0.16998498141765594,-0.003368600271642208,0
bad76648-bdcc-40fc-af1c-44146952c9d9,3837680,0,0.2016899585723877,0.2020971029996872,0.0025268718600273132,0
536522f3-c36c-4e85-9441-c369aaa0c837,3837680,0,0.061017315834760666,0.06125393509864807,0.0041221813298761845,0
3324d89e-eed2-4aaf-878a-e0d8e6f5465a,3837683,0,0.10034221410751343,0.10258231312036514,0.02457210049033165,0
e0749603-d56b-4859-8d5b-bed77ed98f7d,3837683,0,0.25640714168548584,0.26688307523727417,0.05423252284526825,0
d49b5b09-3508-4d71-836c-c8ff69b7b855,3837683,1,0.4094688296318054,0.42121508717536926,0.04837428778409958,1
0b75d20c-d888-42d5-b683-ece401a1ceed,3837695,0,0.07957275956869125,0.0830356776714325,0.04636794701218605,0
ab3d3501-d851-4215-8194-15a60a97f8b5,3837695,0,0.07350482046604156,0.0780668780207634,0.06515108048915863,0
5caca532-850e-4773-a351-b1eaefb97ebd,3837695,1,0.4141636788845062,0.4250847101211548,0.044844865798950195,1
bca775b9-7e82-4ecd-a7bf-ee2c851bab76,3837695,0,0.22581396996974945,0.23391851782798767,0.04578501731157303,1
dab78af8-5115-45d4-89af-f33fb20a228f,3837695,0,0.2789041996002197,0.2876189947128296,0.04292738065123558,0
d393076b-d40d-4762-9d41-954952218f66,3837717,0,0.05089157819747925,0.050692833960056305,-0.004122190643101931,0
7f86b85f-a67e-41e3-bc36-7d3b65ee6d18,3837727,0,0.42263591289520264,0.4254290461540222,0.01143647264689207,0
c2ef295e-442f-4a51-bbad-516184ef15ab,3837727,0,0.2536659240722656,0.25779983401298523,0.02171972393989563,0
b4a93a4d-7a96-4bf9-8d33-307666c76356,3837727,0,0.038708869367837906,0.03565388172864914,-0.08538372069597244,0
92a611d4-edc1-447f-a043-279bbb6c122b,3837747,1,0.31930848956108093,0.30771902203559875,-0.053853265941143036,0
abcb507c-e656-4e36-a933-9e450fde4182,3837747,1,0.24291111528873444,0.2706278860569,0.14534582197666168,1
d3e001f8-4f3a-4770-9152-7983b073bb0b,3837747,0,0.2530003488063812,0.2477150559425354,-0.028162091970443726,0
9fc3c386-c44b-41ab-8d03-3726acd05ac1,3837747,0,0.2667398154735565,0.27215057611465454,0.027488160878419876,1
d7e566e2-1b44-47b7-bc81-053b2d386964,3837752,0,0.08849891275167465,0.08889775723218918,0.004934400320053101,0
6d62da57-0cad-4c38-912a-6699373a82b8,3837752,0,0.12317541241645813,0.12102169543504715,-0.02009289339184761,1
87fa3842-4d65-48a3-9f8b-4c7e23401adf,3837752,0,0.07573739439249039,0.07758018374443054,0.026035726070404053,0
2886f48e-cc14-4b9a-8fc6-b3cd50a858b0,3837752,0,0.06835853308439255,0.0634998232126236,-0.07893094420433044,0
c6e2fda0-6b71-4701-a4bb-9bf9bfb117e2,3837752,1,0.4700576663017273,0.48120006918907166,0.04467764124274254,1
fb0c0372-1cdc-4617-9266-e8d4f39b8b64,3837752,0,0.060002055019140244,0.05563811957836151,-0.08014201372861862,0
955e7cfd-b017-4f7e-9941-ed736c874a77,3837752,0,0.07925130426883698,0.08003327995538712,0.010668271221220493,0
49efa5ef-c185-440e-831b-b33723200d5d,3837752,0,0.057314012199640274,0.053088363260030746,-0.08105989545583725,0
3b420897-2483-4569-a057-da5622ee5941,3837771,0,0.2332821637392044,0.23570555448532104,0.013500373810529709,1
9e66e705-7600-4944-b0bc-037a10b170c4,3837785,0,0.08144360035657883,0.08396007865667343,0.0331740528345108,0
1ad136cc-b653-4d22-88c6-8274fdca3ee6,3837785,0,0.29315346479415894,0.30079588294029236,0.036606691777706146,0
f9ab1fa9-8e1f-400b-b7aa-bd6ef24d486a,3837785,0,0.08365564048290253,0.08695435523986816,0.042280860245227814,0
bf81226c-3080-4ac8-8ebf-c421e3e5a28f,3837785,0,0.09060017019510269,0.09393849968910217,0.03986186534166336,0
ec46efd4-dd71-4e9c-8298-941f5ed04c1c,3837785,0,0.05972498282790184,0.06248720362782478,0.048153411597013474,0
91aa9706-a618-4f11-bd55-76cc332b59a2,3837785,0,0.08985226601362228,0.09395339339971542,0.04914834350347519,0
57129612-fed0-4963-bc64-f8be8fcdc2c1,3837785,0,0.3923732042312622,0.40433117747306824,0.04989694058895111,0
f11bd772-13e5-45d8-bba7-6ea7e2ac573c,3837827,0,0.04697862267494202,0.04707564041018486,0.0021648313850164413,0
ae0e6fe0-422d-4031-9404-356bfe24b950,3837827,0,0.0903831198811531,0.08951210230588913,-0.01064078789204359,0
05228a1b-055f-4417-bae8-5b8bd1b4df2e,3837827,0,0.10417391359806061,0.1040753498673439,-0.0010565891861915588,0
f5c5f271-ba03-4fd5-90b7-e169003625ab,3837827,1,0.4659345746040344,0.4648502767086029,-0.004357983358204365,1
b06ac30f-ac79-4965-8af4-a7e50045fffe,3837839,1,0.3342607021331787,0.33389395475387573,-0.0016485629603266716,1
69f33c32-3446-436f-ba3a-ca5fcdaff0df,3837839,0,0.18060144782066345,0.17904260754585266,-0.010569469071924686,1
ac043c14-035e-4a4c-8559-8f40e42f801e,3837839,0,0.059024877846241,0.05919840559363365,0.003119983710348606,0
fff55b6c-d098-4d90-bd8e-d819d92238ac,3837839,0,0.15626324713230133,0.15632563829421997,0.00047315284609794617,1
80419515-97a8-4698-8865-a4e816ff60b2,3837839,0,0.24015551805496216,0.2389076054096222,-0.006850876845419407,1
da8b4f49-87bb-4e31-8ec5-7fce0b1e00be,3837844,0,0.19907395541667938,0.20684759318828583,0.04805915430188179,0
750efdc1-a9ed-4086-8418-4c2171a1c32f,3837844,1,0.3492668569087982,0.34988677501678467,0.00272631854750216,1
2c629824-8b73-48f6-83b7-1ee98764e51e,3837844,0,0.07586103677749634,0.07624801993370056,0.005507085472345352,0
fcdd0a1e-c3ce-43d8-a939-0cb1d2ce86bd,3837859,0,0.3471955955028534,0.33168670535087585,-0.06917697191238403,0
287fe156-eaeb-4958-a985-b3cb772f93c9,3837859,0,0.09989505261182785,0.10149239748716354,0.017639851197600365,0
6d57a920-fe07-46e6-a22e-eada90fb5089,3837859,0,0.5041362047195435,0.49427396059036255,-0.039450448006391525,1
66abe0f0-1b4b-4746-8260-9ec68c51bd01,3837859,0,0.36451512575149536,0.3377450704574585,-0.11753890663385391,0
1b901fe7-8874-42ac-a7b3-d9607df74595,3837859,0,0.043479468673467636,0.045065987855196,0.037499021738767624,0
c3d5e11d-6cc4-489d-bcc9-a5cda58dde90,3837859,0,0.12791992723941803,0.12299296259880066,-0.04491119459271431,1
d3818c91-134a-49db-b430-c6424d933f67,3837876,0,0.27390187978744507,0.27963951230049133,0.02866474725306034,0
0c67b518-ec7e-48aa-9c53-ff83076d4ad3,3837876,0,0.12446161359548569,0.12581989169120789,0.012406578287482262,0
90722113-849d-4ce9-b54c-94a68ebb03ec,3837876,0,0.09772517532110214,0.09684950858354568,-0.009970886632800102,0
6ee6cc7d-dac3-43b7-abbe-222873f1f677,3837876,0,0.4322129189968109,0.43180084228515625,-0.0016792905516922474,0
c97d3745-3a43-4074-8f1d-a47eb962de87,3837876,1,0.2661648392677307,0.2725955545902252,0.0326751209795475,1
23e520b8-78ee-404c-8f97-3f6ad27be3e8,3837876,0,0.4096904993057251,0.4095836877822876,-0.0004416382871568203,0
8d897263-bb66-4708-acea-8facbed69704,3837885,0,0.503868579864502,0.5030074715614319,-0.0034447619691491127,0
9d282261-231d-4f3b-9b01-7d044ec7586f,3837885,0,0.05654870718717575,0.05621562525629997,-0.006260723806917667,1
519cfd6f-0e6d-4c9a-b38a-2533e090e880,3837885,0,0.12088563293218613,0.12047962844371796,-0.0038260389119386673,0
0595f9a4-b732-4da0-90f6-712fbbd4ea15,3837885,0,0.3248152434825897,0.32564860582351685,0.00379746500402689,1
d4cdc669-9258-490b-b63a-0ea90cec1aef,3837885,0,0.38452520966529846,0.3845803737640381,0.00023309793323278427,1
32543be4-353a-41b1-a72d-126ad84139a5,3837885,0,0.10369787365198135,0.10330457985401154,-0.00423856545239687,0
e12e9a93-3b09-4cef-a9b1-6890757e4683,3837885,0,0.13894885778427124,0.1361301690340042,-0.02376265823841095,0
65430e94-5fdc-493b-b676-a9ee4cf7b35a,3837885,0,0.20536266267299652,0.20595499873161316,0.0036257035098969936,0
7ce1fec1-0f0a-46a4-a814-9f5a038e1d37,3837896,0,0.19297319650650024,0.1947202980518341,0.011179998517036438,0
9928e7a9-8951-446a-a428-c10c08c2ed04,3837896,0,0.11696499586105347,0.11721879988908768,0.002455041278153658,0
4b791514-3a06-42d3-8602-6346b76486cf,3837896,0,0.10000896453857422,0.10133280605077744,0.014622540213167667,0
138dc5c4-31c1-44ca-85f2-f3ea406e04a1,3837902,1,0.11665702611207962,0.11745505034923553,0.007721373811364174,1
1801f5ed-feeb-4caa-b2d0-633256371457,3837902,0,0.3426700532436371,0.3399181067943573,-0.012241171672940254,1
054ec86d-fa83-4c8b-be9e-308949aeda99,3837902,0,0.17946313321590424,0.1817590445280075,0.015514019876718521,0
b80a0936-53bc-4ed3-a3d5-4ce33ed05daa,3837902,0,0.2025335282087326,0.20042303204536438,-0.013118278235197067,1
742cffac-17ae-401e-a23f-930e1162dda1,3837902,1,0.19299127161502838,0.19165408611297607,-0.008608486503362656,1
54ceebd2-2a44-4251-a1e0-e2e57615f1f6,3837902,0,0.3008904457092285,0.3114878535270691,0.049888622015714645,0
3168818c-95ee-4c5b-81f3-4008965cf352,3837902,0,0.11782565712928772,0.1239008978009224,0.05718635022640228,1
3545c304-421b-4dd8-a0b9-b2b50d033317,3837918,1,0.20112182199954987,0.20085512101650238,-0.001660841517150402,1
e5414deb-6e64-4838-9554-aa9df95e4730,3837918,1,0.12057863175868988,0.1185530349612236,-0.01924235001206398,1
7b94408c-9f99-4364-8aad-665057796a35,3837918,1,0.21374569833278656,0.21153375506401062,-0.013211582787334919,1
3c834666-9f0b-477c-b44e-871bc984a3fb,3837918,0,0.23590821027755737,0.23416805267333984,-0.009678478352725506,0
28110874-7daa-4a72-8469-19200e758aa1,3837928,0,0.18623049557209015,0.1867828071117401,0.003640319686383009,1
f5dfbec9-3e50-4595-a9ea-ade935b5d3f8,3837928,0,0.18320509791374207,0.17466792464256287,-0.05811753869056702,1
e0e4688a-68f1-4e5d-8fed-0c57cadd9bc9,3837928,0,0.11072447896003723,0.11584267020225525,0.050960078835487366,1
6679064f-ae91-4535-b171-e776d320ee64,3837928,0,0.14829352498054504,0.15913020074367523,0.0833343043923378,1
6c609b30-8a30-4ce9-af96-ba28f79d4097,3837928,0,0.09370553493499756,0.09279518574476242,-0.010766476392745972,0
27f8feda-1f59-469c-8001-5e09ac5e2e31,3837928,1,0.07660289853811264,0.06851381063461304,-0.12032148987054825,1
91ddfad7-73d0-44b0-89a7-1ef38d0b8b24,3837928,0,0.14235162734985352,0.13841761648654938,-0.03260146453976631,0
df64e81f-c545-44ed-9311-0a4974c8feb0,3837938,0,0.20769132673740387,0.20743921399116516,-0.0015326309949159622,1
c15d48e0-7a1c-4041-acfd-abc933bba406,3837938,0,0.22397655248641968,0.2226439267396927,-0.007683365605771542,1
90c5f0b3-ba6c-4a7f-80f3-d1b5b2307a88,3837938,0,0.27457401156425476,0.27566149830818176,0.005453077610582113,1
727bad44-6330-4f32-9ea5-8d5e7ef52b09,3837947,0,0.07360633462667465,0.07307031005620956,-0.007887340150773525,1
348d16c7-1f22-46ef-999e-7337863b7fd8,3837947,0,0.2837192714214325,0.27745458483695984,-0.03103610873222351,1
38895a1e-62ff-408d-99df-e4da0887c006,3837947,0,0.13229124248027802,0.1279473900794983,-0.038380421698093414,0
f98c6c92-199a-45b4-8a08-805d2e380193,3837947,0,0.14458458125591278,0.14188316464424133,-0.022013820707798004,1
ec5519d1-bffe-4d8b-8170-06e2b9f60485,3837947,0,0.11108330637216568,0.0998871847987175,-0.11875555664300919,0
70f661e4-692a-42aa-a6a0-4ab9bd86d5d8,3837947,1,0.3534277677536011,0.356008380651474,0.011274434626102448,1
a358a1a1-34c6-4ddf-93fc-1b68e87b2817,3837947,1,0.13803313672542572,0.13602451980113983,-0.016986139118671417,1
d6568f57-0b95-4bd0-9f02-e06ab42a7e11,3837947,1,0.25652024149894714,0.24739155173301697,-0.04843873530626297,1
3b5d9ce8-6c92-43cd-a675-51a74bf1514f,3837954,0,0.15497969090938568,0.1450653374195099,-0.07777412235736847,1
8f08bf6a-50aa-4a26-b7fc-dcc0f6ea75e3,3837954,0,0.18498830497264862,0.17348968982696533,-0.07818445563316345,0
a763b237-7029-498f-a0c1-bfb61a726ef5,3837954,0,0.08310981839895248,0.08011972159147263,-0.039896756410598755,0
a088276f-f0ec-4867-b5fb-d8bca626828f,3837963,0,0.21756580471992493,0.2569099962711334,0.21781709790229797,1
f9bb74e6-dff1-4a58-a8f2-8c5d0f671633,3837963,0,0.4057023525238037,0.4729783535003662,0.2735685706138611,1
15a83394-7130-47d1-92bb-bf76d6ffdb34,3837963,0,0.517757773399353,0.5657038688659668,0.19328318536281586,1
25d2525c-181b-487b-b960-35fe209dd9a3,3837963,0,0.40196695923805237,0.4604598581790924,0.23878459632396698,0
658d049f-b58d-497d-a74e-5fe4e24f0673,3837987,0,0.059471361339092255,0.0620778389275074,0.04566933587193489,0
e4349ae8-d89d-4e53-ae64-816523438f23,3837987,0,0.11298166215419769,0.11697051674127579,0.03920331224799156,0
7f693acb-e483-45c0-91ba-0115b96f04f8,3837987,0,0.16137054562568665,0.16168735921382904,0.002339091617614031,1
72571584-0829-4c96-89c7-31b7516f0d4c,3837987,0,0.07755604386329651,0.07846751064062119,0.01267232932150364,0
fbd468bf-c416-443f-99c7-9fd5fee70411,3837987,1,0.07752897590398788,0.07709468901157379,-0.006088073831051588,0
279aadc5-160c-4773-a6e3-ed8aea5b0220,3837987,0,0.4253906309604645,0.4255247116088867,0.0005485350266098976,1
feb08101-63a7-41ad-9e1f-2a0536355c73,3837987,0,0.16901911795139313,0.16716912388801575,-0.013229599222540855,1
12cf889a-abf3-43f4-8c35-d271ab68a415,3837998,0,0.26643186807632446,0.2756674885749817,0.04674664884805679,1
8b98ba47-6d4a-493d-9df4-c8d6e3a10605,3837998,0,0.325629323720932,0.3376045525074005,0.054032761603593826,1
389577f2-c68a-4746-99ef-abf43159ae3c,3837998,0,0.2110310047864914,0.21874850988388062,0.04574766010046005,0
c7267d0a-f31b-4d7a-8756-22f5e0e52432,3837998,1,0.24098411202430725,0.24915200471878052,0.044151488691568375,1
1dc669b9-e41f-44f0-acaa-58dc4ce02777,3837998,1,0.13797475397586823,0.14367856085300446,0.04714673012495041,1
cc64cf80-58dc-42e2-9621-be312f7aff61,3837998,1,0.18381166458129883,0.188645601272583,0.0318986251950264,0
336368b5-edc5-4e61-97a9-d16ea1ce136d,3837998,0,0.12396080046892166,0.13079531490802765,0.06150039657950401,0
baa0151d-0879-4a28-b53b-0c547a78307b,3838004,0,0.18629267811775208,0.18790972232818604,0.010631862096488476,0
6a41c938-d5b2-45db-8466-b1edf94fb83b,3838004,0,0.14807848632335663,0.14274224638938904,-0.042946264147758484,1
08cac2a1-77ed-43a0-b6d3-4890b7993eb8,3838004,0,0.14363978803157806,0.14150230586528778,-0.017485663294792175,1
cb3eccf2-c800-476d-b22f-c1ce81f2a90c,3838017,1,0.24459415674209595,0.2416500747203827,-0.015999332070350647,1
d4353071-8d3d-4634-8f79-3e862ff7ca6f,3838017,0,0.11138049513101578,0.10796510428190231,-0.03498020023107529,1
ca88d839-45db-48b1-a188-179f0a68d0ca,3838017,0,0.2770569324493408,0.2797279357910156,0.013295897282660007,1
88f95015-1ae9-4bd3-8e73-e328177b728a,3838017,1,0.2299317866563797,0.21481208503246307,-0.08746302872896194,1
e8a8d882-627e-4b69-a778-5af89d19cf36,3838017,0,0.19916604459285736,0.20129835605621338,0.01331538800150156,1
f1367206-f8e7-480d-8a8a-326a38c598c2,3857254,0,0.17584525048732758,0.1794874519109726,0.02493004873394966,0
6f12c761-3bc5-48ab-818f-cf50b731173b,3857254,0,0.04685620963573456,0.04921094700694084,0.05150608718395233,0
e6737838-da7b-495d-a0a6-2b6156bf6674,3857254,0,0.06252879649400711,0.06508835405111313,0.04285232722759247,0
48130cc1-6961-4b23-9058-d81fddb985c2,3857254,1,0.5286509394645691,0.5413221120834351,0.050936780869960785,0
539f84f8-228c-464e-9d5b-f0c3fc0d2d9d,3857254,1,0.5196763277053833,0.5328712463378906,0.05292883515357971,0
490b3721-b193-4c3f-8b31-eed9148607dd,3857254,1,0.4467473328113556,0.4560341238975525,0.037502728402614594,0
e430c036-d414-48fe-b4e7-84b99564835f,3857254,0,0.3851875960826874,0.3952939510345459,0.04247390106320381,0
8d28b2d8-4d04-44fc-923e-7fa91ec057d3,3857254,0,0.11550608277320862,0.11861590296030045,0.030089717358350754,0
54d985ce-9de0-489c-8def-1a0008d496be,3857254,0,0.2527906000614166,0.25904807448387146,0.03286197409033775,0
0c7040c8-4cef-40ce-b90f-59f08a664f3e,3857255,0,0.2225142866373062,0.22713741660118103,0.026527877897024155,0
c4ac42be-eb1a-4342-af18-9650479b531f,3857255,1,0.25663748383522034,0.24632471799850464,-0.05479158088564873,0
25fe12e0-ee0b-4b8f-b73b-7fabd05a596f,3857255,1,0.12785139679908752,0.12858544290065765,0.006566845811903477,0
bd901b90-3186-4f2c-a003-c74155a4f9ec,3857255,0,0.10531967133283615,0.1010831817984581,-0.04578030854463577,0
1ed1a176-a72f-47dd-b035-849d2f1c8c7f,3857255,0,0.1640232503414154,0.16922515630722046,0.037463847547769547,0
eeacafd4-8eeb-40c2-b197-d24cef8be669,3857255,0,0.14074285328388214,0.14177726209163666,0.008527357131242752,0
0a02d9a7-85eb-4367-b65a-cba0adf9b2e4,3857255,0,0.31585627794265747,0.3114977180957794,-0.020245909690856934,1
d18f65c2-b568-4240-93f9-bf8383f1ac04,3857255,0,0.12117528170347214,0.11713001132011414,-0.038545992225408554,0
74cd8a34-5614-454c-b6e0-6fd6fb998454,3857255,0,0.19388869404792786,0.20074376463890076,0.04328521713614464,0
1057ca8c-98c7-4df7-90a1-14a16fd7bbaf,3857255,0,0.08815107494592667,0.08520695567131042,-0.037192653864622116,0
11848712-1d08-451d-b173-f2629fffef08,3857256,0,0.16529767215251923,0.1618078202009201,-0.025510869920253754,0
555f1cdb-f494-43f7-80ee-2945cce35479,3857256,1,0.1522350311279297,0.1539570391178131,0.01328130904585123,1
ca0866a9-6ab8-4bdf-840b-e2eedf782ec2,3857256,0,0.21394309401512146,0.1996118128299713,-0.08740320056676865,0
daa0030f-6bf0-44c3-b52f-7473f6633734,3857256,0,0.24885620176792145,0.2551204264163971,0.03323507681488991,0
4954ad1f-cdd4-44c4-b983-16d7cf441a29,3857256,1,0.26636385917663574,0.2530551552772522,-0.06923399120569229,0
11b9535e-ebd5-4983-98e2-fcc0912e70fc,3857256,1,0.14416466653347015,0.14699208736419678,0.022731836885213852,1
b140527a-1fea-46d1-87fa-58cdc4f7f81f,3857256,0,0.1937073916196823,0.18913841247558594,-0.02952031046152115,1
cd9efe8a-d3cf-42cf-98ff-b5c94cd6f867,3857256,1,0.19333967566490173,0.19754543900489807,0.026747312396764755,0
f33df20e-ef34-4a93-b65e-56a2e931864c,3857256,0,0.21686215698719025,0.2201572060585022,0.01929641142487526,0
dddcb94c-6cc5-4346-a58c-ad9de7e717ed,3857256,0,0.36022546887397766,0.36315035820007324,0.012669228948652744,0
3c6c4107-7bf3-4c37-9ec7-b60018e02745,3857256,0,0.323756605386734,0.32077929377555847,-0.013631743378937244,0
7c35ffa8-da9b-4179-ac91-df5f64b6da73,3857256,0,0.2981065511703491,0.308094322681427,0.0472869835793972,0
80003820-e3c8-43a6-b8e0-d6f73a04dc32,3857256,0,0.47243532538414,0.474709153175354,0.00912080705165863,1
11c2f882-c57a-4ed2-a671-772e8be2a2c7,3857257,0,0.34429651498794556,0.34252721071243286,-0.007846835069358349,0
20f6236c-1821-4f47-98f9-ce8b2a8e18c4,3857257,1,0.05790592357516289,0.05823707953095436,0.0060540856793522835,0
61ede9df-1c3f-408b-b7e9-f6012e39a022,3857257,0,0.13512004911899567,0.13390026986598969,-0.010477672331035137,0
8aec8980-1f57-40ca-94d1-4f8eb919591e,3857257,0,0.050250742584466934,0.050806861370801926,0.011592011898756027,0
1f7fe99b-2c24-4258-aa90-240c992aecfb,3857257,0,0.06378263980150223,0.06313177198171616,-0.010951959528028965,0
a6920474-471a-4641-927e-8eb147e6a5b6,3857257,0,0.09833825379610062,0.09693266451358795,-0.01595427095890045,0
ba9984e5-1b4c-48fb-9015-7e172370c559,3857257,1,0.2705756723880768,0.2708408236503601,0.0013430118560791016,0
5d400a7b-6d06-424c-b8af-0940428b0335,3857257,0,0.4169926047325134,0.41922879219055176,0.009191346354782581,0
268a85c9-c084-466e-9a90-8a573b65232b,3857257,1,0.2723717987537384,0.26800164580345154,-0.02216300740838051,1
98146b98-a998-49a9-ad86-c16cfef8f5bf,3857257,0,0.06277471780776978,0.06280869990587234,0.0005773613229393959,0
86a9684b-59a0-4f1b-b7ea-afc14cfb6a5c,3857257,1,0.16823066771030426,0.1668032854795456,-0.010235444642603397,0
5de220c8-60e5-464f-a92d-fafa793c85e6,3857257,1,0.2936730980873108,0.2940691411495209,0.0019085630774497986,1
b9b9e1ae-9bff-4204-a5ce-dabb36e56d99,3857257,1,0.2900036871433258,0.2888813614845276,-0.005457076244056225,1
40637a26-1d70-4e97-b595-0bf046c85063,3857257,0,0.04179105535149574,0.04176937788724899,-0.0005414383485913277,0
80e72cbc-949c-416d-a682-51f59ad0bb07,3857257,1,0.1269991546869278,0.1288900375366211,0.01694750040769577,1
42a6aef4-0eaf-4c3a-a21c-f862bb9ae8ff,3857257,0,0.1303185075521469,0.13198469579219818,0.014622239395976067,0
fd21baf6-8a13-4f7b-b8dc-7ec0b86a86a4,3857257,1,0.46786603331565857,0.46503981947898865,-0.011355823837220669,1
07bd7f3a-321e-4db2-9106-ab8b66cb2c59,3857257,0,0.16038812696933746,0.16314555704593658,0.020335713401436806,0
99ec546a-9322-44ba-92d9-aa6927b25f40,3857257,0,0.19606202840805054,0.19559597969055176,-0.002959313802421093,0
bf00831f-79da-4277-8d1f-5e08b9d9e8a5,3857257,1,0.15496264398097992,0.15407276153564453,-0.006811619736254215,1
05f3e514-9d5a-418b-9f2e-9e1403b3037a,3857258,0,0.3134706914424896,0.313959538936615,0.0022705886512994766,1
b0364a71-1679-41a6-9950-6afe949c96dc,3857258,0,0.07507219165563583,0.06865884363651276,-0.09621020406484604,0
987b7187-e421-4663-94f1-78e4c23c8f35,3857258,1,0.26328620314598083,0.26862025260925293,0.02732367068529129,1
dfc4296f-1180-4228-b2c9-f7b7a1af516d,3857258,0,0.20854240655899048,0.21035319566726685,0.010936268605291843,0
05bee11b-1091-4fdd-9554-396e34242d5a,3857258,0,0.20315928757190704,0.2094479501247406,0.03840816393494606,0
bf591652-ff4f-4dca-9568-8fac4f69cf5a,3857258,0,0.05257532745599747,0.05406977981328964,0.02960694208741188,0
746c2379-ea78-42ba-a26f-abc039b84a97,3857258,1,0.0773911103606224,0.08035491406917572,0.04079900309443474,0
2a10f435-b1a5-4117-bd2c-f02778881f7c,3857258,0,0.18272697925567627,0.179091215133667,-0.02453664317727089,0
d9c76718-3a95-4957-a71b-8a12dddc7544,3857258,1,0.14072412252426147,0.13036036491394043,-0.0884876474738121,0
82fec2e3-4601-40c6-89fc-ac824a3470b2,3857258,0,0.10719925165176392,0.10712748020887375,-0.0007500601932406425,0
a0ecc630-cb8e-4bc0-90c8-1ba185cacf50,3857258,0,0.09897486120462418,0.09858667850494385,-0.004360424354672432,0
d8fd79cc-5144-48f3-afb8-e8506f5dc477,3857259,0,0.15178494155406952,0.15185117721557617,0.0005143564194440842,0
1ab5b23e-445c-4e68-be03-efdcbfe11332,3857259,0,0.06096232309937477,0.06120305880904198,0.004197660367935896,0
9b2e4c4c-96f7-4e52-8794-8299a659a66c,3857259,0,0.3021683096885681,0.302959144115448,0.0037476876750588417,1
b1c964b1-d8d3-461f-822b-8c4fd88b2d51,3857259,0,0.2967131733894348,0.29539546370506287,-0.006322803907096386,1
34aefa79-703b-484d-a584-67f255ee85db,3857259,1,0.13232509791851044,0.13376151025295258,0.012453502044081688,1
5eb7c72f-d404-4ce2-8502-cc0b50f1be75,3857259,0,0.06680027395486832,0.06593681126832962,-0.013935034163296223,0
3b5ce950-46b5-4f45-8497-aa373ab2b2b9,3857259,0,0.073700450360775,0.07368487119674683,-0.0002282261848449707,0
90cbbc77-3c7c-4214-aaa6-921fda44fd2c,3857259,0,0.12047745287418365,0.12146371603012085,0.00927492044866085,1
4b92ac50-0218-4169-8f6e-bb3558be3ae6,3857259,0,0.07067462056875229,0.07062892615795135,-0.0006958739832043648,0
bd452d0f-faec-4099-b231-507b979db552,3857259,1,0.09762145578861237,0.09846663475036621,0.009557372890412807,1
985e6193-49d5-4135-a8ec-f3b97ebe8558,3857259,0,0.10349028557538986,0.1045176163315773,0.011024421080946922,1
abd809b8-63af-405d-9638-2cad2f0554d0,3857259,0,0.15144112706184387,0.14995072782039642,-0.011645027436316013,0
02284c4f-5e28-4417-a790-34cc85acb4be,3857259,1,0.21259233355522156,0.20982468128204346,-0.016612935811281204,1
0d1c463e-5902-4abe-9aef-3ee1dfcc73ad,3857259,0,0.26693013310432434,0.26811930537223816,0.006068623159080744,1
942f47a2-2db7-4336-9d99-8830e1765179,3857259,0,0.1916520744562149,0.1905631273984909,-0.007044353522360325,0
10d43275-9204-4b99-b4d3-f5d088f75cf0,3857259,0,0.1142197847366333,0.11516103148460388,0.009270165115594864,0
acb11895-5901-4dae-bad4-b610d3caf425,3857259,0,0.34108129143714905,0.3413437008857727,0.0011673308908939362,1
36243532-f669-4392-a31e-2809afad68bd,3857259,0,0.15227267146110535,0.1532706916332245,0.007710778154432774,0
99b4b250-5d03-4ed4-b212-6f919dee5b93,3857259,0,0.14263352751731873,0.1414768397808075,-0.00949083361774683,0
92f0685a-8b48-4695-9743-96b026f07b85,3857260,0,0.3495042324066162,0.36132970452308655,0.05162159353494644,1
1445928e-72a2-42c8-902a-63f847af0b25,3857260,0,0.10860052704811096,0.11250901222229004,0.039751384407281876,0
3e4c0f5a-c752-44b0-bfeb-dc4e5da86779,3857260,0,0.06524426490068436,0.06834593415260315,0.049767497926950455,0
6d6069d7-a43e-4f3b-8342-886705b0937f,3857260,0,0.4905521273612976,0.49851033091545105,0.03183739632368088,1
d30815e8-488c-4b24-ae01-49961537c002,3857260,0,0.3005962669849396,0.3103322982788086,0.04589387774467468,0
8d81f74f-eadb-4afd-bd0a-fff100fee312,3857260,0,0.2921619117259979,0.2975791394710541,0.026054665446281433,0
6e3cbc7e-b94f-4c77-834b-d1398be7caf6,3857260,0,0.20797674357891083,0.21468408405780792,0.040246061980724335,0
af76a08d-a6ea-45fe-8048-f43fe691c4b5,3857260,1,0.10460009425878525,0.10828685015439987,0.03876509144902229,0
a13989ab-9fcb-4661-bca2-023d70da9672,3857260,1,0.10372191667556763,0.10384687781333923,0.001343538984656334,1
a0331406-1326-4345-bc2e-fd8c899a467d,3857260,0,0.1112770363688469,0.11619602888822556,0.04880587384104729,0
2c691ed3-feb2-4e83-817f-b20a18d2c134,3857260,1,0.4335561692714691,0.4421709477901459,0.035000499337911606,0
1fafd2e8-a540-463b-9eef-d2151bcdaeaa,3857260,0,0.4031221866607666,0.41490307450294495,0.04874000325798988,1
814b6ada-703c-4b27-b11a-c5257da94b02,3857260,0,0.04666316136717796,0.04836204648017883,0.037544094026088715,0
43049323-22e3-44d5-af5f-3885a5627a46,3857260,0,0.17471957206726074,0.18315577507019043,0.057429712265729904,0
eb811e0f-2b2c-4cef-b385-a5d69384f27b,3857261,0,0.27858206629753113,0.27567553520202637,-0.014508876018226147,1
ee69514f-2c65-4fd7-96f9-c5f522138319,3857261,0,0.1388961374759674,0.13802531361579895,-0.007300159893929958,0
8c6cf9b6-4e78-41c7-af81-b1bcad3198f4,3857261,1,0.06070418283343315,0.061042144894599915,0.005911937914788723,0
4fea76a9-236a-4e7a-961e-5c3c821ad875,3857261,0,0.23581352829933167,0.23696297407150269,0.0063679092563688755,0
dfbdfd42-eddc-41fe-8da1-da08c6cca1dd,3857261,0,0.09313324838876724,0.09375164657831192,0.007300070486962795,0
5244dc36-2c11-4541-a816-f3bd0037d8c4,3857261,0,0.12678000330924988,0.12659907341003418,-0.0016352683305740356,0
136fe2e5-567b-46d8-ac96-3691b83ad055,3857261,0,0.0533539354801178,0.05321444571018219,-0.002765192650258541,0
2a96478b-814b-44e4-be58-a0336e41c10c,3857262,0,0.44450849294662476,0.4478183090686798,0.013394716195762157,1
9425aeac-bbcd-4119-af45-862d6928452a,3857262,0,0.426768958568573,0.42485347390174866,-0.00783438142389059,0
ce7b4a99-13e4-4d9e-b5f4-9fa4029e1e95,3857262,0,0.098396897315979,0.0988248735666275,0.004814951680600643,0
0066b904-c8d5-479e-9ae4-e93eef012023,3857262,1,0.08840341120958328,0.08846323937177658,0.0007422706112265587,0
9b68ca25-e097-44b9-926f-0dc4ee91cc68,3857262,0,0.23358777165412903,0.23532801866531372,0.00969565100967884,1
6f4ebea5-09ea-4fde-a585-f6c8e6767b05,3857262,0,0.04417754337191582,0.04387655481696129,-0.007151327095925808,0
a149214b-882b-4c48-97ca-7fae7fbe0e8d,3857262,0,0.15597093105316162,0.1566830724477768,0.00539952889084816,1
0a51390a-4d4c-46ba-aa42-de8817026451,3857262,1,0.369973361492157,0.3660162389278412,-0.01701457053422928,1
4e59408d-c22a-40bb-b942-4d464eed347f,3857263,0,0.19687776267528534,0.17895346879959106,-0.11753015220165253,0
ee9feaa3-5da3-474e-bf92-fe432f78426b,3857263,0,0.2680133581161499,0.2753766179084778,0.03721294179558754,1
2a734dfa-98b7-4d3f-96a9-3f204c97341b,3857263,0,0.24435290694236755,0.21480298042297363,-0.16725239157676697,1
34aad350-522e-4d5f-9c51-23157c1454f7,3857263,1,0.18635043501853943,0.21363919973373413,0.17077364027500153,0
088e08b9-07e2-4fda-98ee-4a97b27a4d41,3857263,0,0.30228546261787415,0.2796495258808136,-0.10976246744394302,1
051a7d89-5036-4318-80f9-e6a6e51684cd,3857263,0,0.11758551746606827,0.11831673234701157,0.007028268650174141,0
a82bbe91-b382-4bea-bbe4-0b73ad001af8,3857263,0,0.28952568769454956,0.29751691222190857,0.03853842616081238,1
d7e61230-f7a7-4e87-96d9-210263b896be,3857264,0,0.038652461022138596,0.03795510157942772,-0.01893167570233345,0
e0d88187-7c0e-4a4d-b7da-e11228e4c5ea,3857264,1,0.41210103034973145,0.4739200174808502,0.2508719861507416,0
f8e7b4eb-4a66-403a-a7df-6003adca05a5,3857264,0,0.06426599621772766,0.0630897581577301,-0.019728366285562515,0
87209fe4-9459-44f1-80ad-5c5d09fb8c70,3857264,0,0.15154951810836792,0.15155434608459473,3.742752596735954e-05,0
4aeada3f-bbe5-427c-b004-efb39d217196,3857264,0,0.18311405181884766,0.19998924434185028,0.10902867466211319,0
093fcbdc-8528-498d-a97f-8356353b8a82,3857264,0,0.07590463757514954,0.06890890747308731,-0.1042342334985733,0
fef300d1-45f6-4128-ac07-bc688e3a101f,3857264,0,0.14931796491146088,0.17270119488239288,0.17335733771324158,0
2b551822-5e94-496e-8162-c076563ec461,3857264,1,0.2512657344341278,0.2580234706401825,0.035605937242507935,1
ef57fa17-de7a-4e17-a0da-893a37c5460e,3857264,0,0.1548496037721634,0.14208638668060303,-0.10100794583559036,0
1a76ccb7-b146-47cb-8ee1-ee6897de2b79,3857264,0,0.09223222732543945,0.09269247204065323,0.0054847788996994495,0
a588fb81-0e2a-4444-8bed-d5f1247c8003,3857265,0,0.13549140095710754,0.14250271022319794,0.05859607458114624,0
1197188f-5f71-43c2-9f57-400bc54f188c,3857265,0,0.08329955488443375,0.0870128870010376,0.04767213389277458,0
855b0194-5f10-4405-a9fc-d9ec3e7c83bb,3857265,0,0.047433361411094666,0.0491296723484993,0.03691977262496948,0
3e3c7715-1563-4b74-9a2a-1952bdf27387,3857265,0,0.1391909420490265,0.1449616700410843,0.047349005937576294,0
54541e9d-0c7c-44df-bcbf-2989d14c7abd,3857265,0,0.2087896764278412,0.21508249640464783,0.03767942637205124,0
4437a5e6-5eaa-49da-87ac-8c4132f9fe04,3857265,0,0.18020881712436676,0.18255175650119781,0.015779435634613037,1
f52fff32-37f4-4706-bd1e-9d385a5397b8,3857265,1,0.056149501353502274,0.058886848390102386,0.05050443485379219,0
a3d6f205-16a4-430f-b360-623b0b15b650,3857265,1,0.34610170125961304,0.35856589674949646,0.05462507903575897,1
fd514d8a-9026-4176-b68b-eb77e6c283ec,3857265,0,0.19002941250801086,0.1966586709022522,0.042509060353040695,0
bcc2ac42-cd8b-47d0-828d-c9e624128922,3857266,0,0.18685387074947357,0.18586960434913635,-0.0064913565292954445,0
20a2d27b-0f8b-49cc-b412-08313127c159,3857266,1,0.35471683740615845,0.35727205872535706,0.0111453952267766,1
666ab184-a16b-4c70-90c8-1f482fb78a66,3857266,0,0.15433967113494873,0.15540359914302826,0.00812859833240509,0
ba926c80-ffcc-4b84-a2a0-dbe363f7e1f5,3857266,0,0.0773586705327034,0.07773149758577347,0.005212117452174425,0
69f2c199-16bc-4544-811b-ff792501f428,3857266,0,0.04823168367147446,0.04816945269703865,-0.0013564350083470345,0
0398e2f7-519d-4be7-9ae0-0487b48d192f,3857266,0,0.07561183720827103,0.07624462246894836,0.009018924087285995,0
b2b0f403-72ee-4463-92d0-e73ec879a07c,3857266,0,0.39144206047058105,0.390426367521286,-0.004265778698027134,0
d97ba003-33b2-40c8-aa75-d6d69182a96a,3857266,0,0.5293031334877014,0.5325811505317688,0.013162451796233654,0
6a2c9811-d359-411a-8dff-6d076ed40d18,3857266,0,0.2373630553483963,0.2368309199810028,-0.0029419781640172005,1
7709d512-9b26-46cd-96f4-e6b8ce486cb2,3857266,0,0.1074008047580719,0.10802759230136871,0.006521378178149462,1
a665f406-c436-4f64-96e5-a02c950a3559,3857266,0,0.15968984365463257,0.15965622663497925,-0.00025063473731279373,1
744dfd75-a154-49a1-812d-4a997c7475ae,3857266,0,0.14588528871536255,0.14552775025367737,-0.002872292883694172,0
75efa691-3d76-4b13-bd6a-53c08a039e1f,3857266,0,0.2799864411354065,0.28131744265556335,0.006592951714992523,1
95965eb0-8a6f-444b-bd31-774f3aeb2d09,3857266,0,0.12119362503290176,0.12073672562837601,-0.0042969053611159325,1
bfa24e12-c3a7-43ca-8cac-395f1328aa49,3857267,0,0.22726067900657654,0.2342444807291031,0.0393466055393219,0
34a83c3e-f3fb-4ad5-8745-6a7dd9584056,3857267,0,0.1639186441898346,0.171586275100708,0.054929133504629135,0
23793788-b14a-43bf-9e4b-762d8aaa2603,3857267,0,0.12926548719406128,0.13244958221912384,0.02799716219305992,1
12cbb176-bfd1-4424-9f5e-5367571f35b6,3857267,0,0.21779657900333405,0.22773870825767517,0.057429347187280655,0
65334da2-e3e1-4e8f-baa4-3878a26f8d0d,3857267,0,0.18490076065063477,0.19426091015338898,0.06093275174498558,0
556915af-0ca2-4163-a7af-c23756c5277e,3857267,1,0.16400492191314697,0.1694829761981964,0.03943027928471565,1
825be041-0ad6-4582-97be-c0cc78c9b946,3857267,1,0.21482886373996735,0.22074180841445923,0.034711260348558426,1
d89fa2d3-66a6-45fb-b003-186754a066e7,3857267,0,0.36947011947631836,0.3809666037559509,0.04904318228363991,1
4bff9161-4ff3-414a-9dc4-a2eb11d2440b,3857267,0,0.2508549094200134,0.26068317890167236,0.051637183874845505,1
63c21313-987d-45f0-a4df-1e2f945dbcc6,3857267,0,0.5631646513938904,0.5761623382568359,0.053023312240839005,1
4a048e09-2c98-4c16-99de-d720e87340f8,3857267,0,0.12757323682308197,0.13349872827529907,0.052216511219739914,0
1b963ae9-f02e-46c6-9a6a-e091bfdadfc1,3857267,0,0.19265113770961761,0.19961073994636536,0.04414591193199158,0
38e835b9-1bbd-4d40-a18f-1dad5cf4e5f2,3857267,0,0.09152694046497345,0.09388431906700134,0.028028234839439392,0
322e635f-9c3e-4cb9-a229-72f632a04083,3857267,1,0.43350914120674133,0.44488152861595154,0.046174563467502594,1
1b2f84e3-e385-42b7-a69d-d8a17ee4af66,3857267,0,0.23288051784038544,0.24187667667865753,0.0496990792453289,1
b3b4b658-0729-426b-8931-8b6c53fa0fd0,3857268,0,0.20640364289283752,0.2066638320684433,0.0015877466648817062,1
0ed4f60f-aee9-49e0-a54c-dfe7168efb74,3857268,0,0.13191431760787964,0.13005925714969635,-0.016297101974487305,0
bf6569cc-0148-4a5e-be7c-d500bc8127a1,3857268,0,0.06762494146823883,0.06622546911239624,-0.02241159975528717,0
6ffa0fef-4e72-40bb-937d-541e177df565,3857268,1,0.04618322476744652,0.04613889753818512,-0.0010067736729979515,1
3ddf9958-9b6e-4b1e-ba2d-71c8059231ca,3857269,0,0.19653180241584778,0.19525738060474396,-0.00809043925255537,0
62583b56-6320-443b-abaf-17c6ec7f02af,3857269,0,0.28467270731925964,0.28396427631378174,-0.0034815147519111633,1
4e88ed89-12e5-403a-bee8-e854764ac6f7,3857269,0,0.16943946480751038,0.1693362444639206,-0.0007336428388953209,0
b3e296c9-1d5f-40c5-bf5c-2e9521544cd3,3857269,1,0.1801142394542694,0.18054836988449097,0.002937071491032839,1
d044fcd7-89e5-4314-a7fe-9ab18b048446,3857269,0,0.16853214800357819,0.16970042884349823,0.008314244449138641,1
f4b4d8cf-a20c-43fc-b5aa-ac82ffcb9867,3857269,0,0.11600814014673233,0.11381586641073227,-0.021555431187152863,0
aae7be9d-62b1-4efd-bc31-2da40afd4137,3857269,0,0.07613388448953629,0.07675774395465851,0.00883618462830782,0
0c0ab8d4-50f2-458e-b239-cfee9a5cfc31,3857269,1,0.2725687623023987,0.27109694480895996,-0.0074356915429234505,1
9d13d01e-a320-4f4f-985e-2d393a42a647,3857270,0,0.05228840187191963,0.05204617604613304,-0.004898854997009039,0
65960597-28aa-4279-ad8f-a24e2d17dd72,3857270,0,0.18349148333072662,0.18200142681598663,-0.009976930916309357,1
15f9264f-b276-49d9-98d2-bde219f69dea,3857270,0,0.12770530581474304,0.13060609996318817,0.025791633874177933,0
3e6139ce-f4f8-49be-9af7-e3ca067b2ab4,3857270,0,0.2439146488904953,0.24438844621181488,0.00256726099178195,1
759519ec-b61a-40fa-8737-71d39076b94f,3857270,0,0.17610183358192444,0.18034985661506653,0.02900547906756401,0
b1ab2e8c-7935-41a3-a44c-970836bd16f9,3857270,0,0.10477329790592194,0.10736812651157379,0.02736705355346203,0
99ed7aa2-71bd-401f-aa2d-3facb3f17b30,3857270,0,0.25235021114349365,0.2573900818824768,0.026538604870438576,0
156cbc07-022b-4d98-bf2e-8ac6b1214b63,3857270,0,0.10771054029464722,0.1100369244813919,0.023979226127266884,0
914b5fbd-df5b-44f8-9e61-c3b4aede13e9,3857270,0,0.07236486673355103,0.07263760268688202,0.004056037403643131,0
bfe9f897-4fc1-4a5b-8b1b-09904530791e,3857270,0,0.12840917706489563,0.13476058840751648,0.05559169501066208,0
7b785280-21a5-4e4e-ab61-9305e5fa912c,3857271,0,0.07301453500986099,0.08073347061872482,0.10885634273290634,0
43cb2132-4dcf-4e73-b237-3738bcbd4b5b,3857271,0,0.3421216607093811,0.36633700132369995,0.10588998347520828,1
1ca0a78b-ec0b-4f1e-858c-75b968c51440,3857271,0,0.38432928919792175,0.39925503730773926,0.06264254450798035,1
5fea8273-4c56-46bc-aa88-ed892c1e9244,3857271,1,0.2893657982349396,0.27246880531311035,-0.08366657048463821,0
f533df63-4943-4338-8b62-cea7e0a38612,3857271,0,0.2055012732744217,0.20616111159324646,0.00403648940846324,0
b463c1a2-d9c6-4905-8100-53e6728218a2,3857271,0,0.12878797948360443,0.13339859247207642,0.04048031568527222,0
2656a5c5-b80d-4daa-8a73-74a368e10fa3,3857271,0,0.12813112139701843,0.1288842409849167,0.006724686361849308,0
ef542316-ebd3-4560-9e8c-2cd0f47388e1,3857271,0,0.15830934047698975,0.1576092392206192,-0.005263622384518385,0
5f3e6244-4bf4-4dc0-87c3-48b6c1827315,3857271,0,0.19721810519695282,0.17691360414028168,-0.13362698256969452,1
2914c51a-07d6-4606-a785-d84781753c13,3857271,0,0.20135430991649628,0.2784977853298187,0.4259259104728699,0
c90d2279-f014-4a13-bf2e-8352171aecbe,3857271,1,0.41154006123542786,0.39209407567977905,-0.08091580122709274,1
5d4d578c-dae4-4bdc-9e20-4398b8336c9d,3857272,0,0.09857180714607239,0.09778095781803131,-0.008932444266974926,0
a156ae3b-c674-4255-889a-4ec5b1b747de,3857272,1,0.2987927794456482,0.3075644373893738,0.041522618383169174,1
6325f8f4-9db4-49b8-8844-06d444da046f,3857272,0,0.15832814574241638,0.1652170568704605,0.05080879479646683,1
73290f5f-205d-45bb-b824-00c0e450271a,3857272,0,0.0925053209066391,0.09612645208835602,0.0423966608941555,0
0590d16b-0c96-4444-9497-7d2c072af715,3857272,1,0.37572091817855835,0.3869417607784271,0.047565069049596786,1
66a7bcd0-8d0b-4155-8110-bc7c4c887476,3857272,0,0.21022069454193115,0.2024925798177719,-0.04719231650233269,0
912e739e-c1c9-4965-80f9-023161abb513,3857272,1,0.07160046696662903,0.07491384446620941,0.048812318593263626,0
e1cd8c8d-fa89-4277-95fb-73a07c5dd757,3857272,0,0.2895656228065491,0.2997516095638275,0.0490136481821537,0
35857e6e-63d8-4dbe-a451-c5b50fa57b88,3857272,0,0.14679136872291565,0.1513892263174057,0.03624538332223892,0
cba1789d-9ea0-47b3-9809-26a67e814835,3857272,0,0.06660153716802597,0.06800933927297592,0.022426798939704895,0
66d7ad1f-ca17-43a3-8813-d945a77737e1,3857272,1,0.4543982148170471,0.46349474787712097,0.03663422539830208,1
e5a5fc0d-5f37-4e2d-bee3-21220d3f0e44,3857272,0,0.21146224439144135,0.21880578994750977,0.04349471628665924,0
8233a52d-de2d-4589-bb51-bd1db7c69674,3857273,0,0.39228203892707825,0.4028509855270386,0.044129837304353714,0
7ea64346-671e-40fe-8264-4a101961f5b8,3857273,0,0.2481011003255844,0.2568855285644531,0.04654594883322716,0
00702eaa-0c0d-4562-8ab3-109b7fa3333b,3857273,0,0.37262219190597534,0.3683755397796631,-0.018208295106887817,0
ad69c599-7aa8-4590-af81-fc95106b6fa0,3857273,0,0.06011991575360298,0.06348343938589096,0.05802292376756668,0
3db28285-7b18-4951-8cb7-5b5d2189c7c1,3857273,0,0.06359755992889404,0.0666060522198677,0.04943837597966194,0
a044fb87-71d3-4d98-b116-751a5c51f180,3857273,1,0.31831079721450806,0.32810717821121216,0.04478706419467926,1
49d255f7-7a6d-4aca-af22-b5999c9f8edf,3857273,0,0.35098785161972046,0.36340636014938354,0.05408991500735283,0
1cdc38c7-7a3c-484d-b27f-ec7559c30ded,3857273,0,0.27902188897132874,0.28745415806770325,0.04153762012720108,0
db013d36-3a03-48c7-bddf-99a8a4b02f01,3857273,0,0.17144721746444702,0.17908363044261932,0.05283677950501442,1
a43982d1-3a20-4062-b5d6-8024470bd4a8,3857273,1,0.08923613280057907,0.08763657510280609,-0.01984235644340515,1
fa4b6d93-56db-4d05-9d45-6b469ecd6750,3857273,1,0.20565088093280792,0.20030170679092407,-0.03306678310036659,1
9f0d10ac-7833-48e8-a8a5-fb30defacc9a,3857273,0,0.17583909630775452,0.18480932712554932,0.06069907918572426,1
09a25ddc-e1f6-405f-9776-7bf2a3d15ce1,3857273,0,0.07318420708179474,0.07553598284721375,0.03417007997632027,0
fb0b6cf7-e20d-4368-9a33-ece46daba954,3857273,1,0.34688031673431396,0.3561337888240814,0.040596067905426025,0
a7fc52df-32a0-4f0f-9ff3-c9a706c2c196,3857273,0,0.20880714058876038,0.2128395140171051,0.024236924946308136,0
8d8ca95d-ca5b-4109-9239-04bf3327ec56,3857274,0,0.13243578374385834,0.13985224068164825,0.06307394057512283,0
aaddb356-d77e-45db-9e4a-abe9f02fadbd,3857274,0,0.20915478467941284,0.21499843895435333,0.03497275337576866,0
62be1d7b-70d5-401f-8f7d-9a241ecdb423,3857274,0,0.2042229175567627,0.3696245849132538,0.82627934217453,0
703bf2ec-e5aa-4a18-a6dc-e2bede531516,3857274,0,0.17576052248477936,0.18114498257637024,0.03672948479652405,0
9444c3a9-27d6-4a5c-95cd-5a83c4424e99,3857274,0,0.1834651231765747,0.18340684473514557,-0.0003889976069331169,0
3ae30a6e-0a5f-4695-bf52-0d0ad883289c,3857274,0,0.04791797325015068,0.047785934060811996,-0.002897860947996378,1
3ffc535c-1c1b-48cf-b1ed-a89c12edf50b,3857274,0,0.3283734619617462,0.3353235721588135,0.03134647384285927,1
934c3413-8942-48e3-b645-ae9b5a754815,3857274,0,0.10506376624107361,0.11357685178518295,0.08747037500143051,0
4d301f50-e053-4af3-93b1-87905c391a58,3857274,0,0.2483648955821991,0.23751473426818848,-0.059001654386520386,0
510d4c90-a410-42cc-b07c-c890fdff1cc1,3857274,1,0.2931475043296814,0.32188719511032104,0.1350335329771042,1
bf22e13d-a29f-40a6-bd23-04b11171c45c,3857274,0,0.32699885964393616,0.29929623007774353,-0.12886112928390503,0
abbca836-13f2-40d0-b73a-3b765671230d,3857274,0,0.16542087495326996,0.15745823085308075,-0.05882851034402847,0
9ad24915-87da-4839-95a2-291f68fe7690,3857274,0,0.14641542732715607,0.1444515585899353,-0.015801746398210526,0
210b21a0-2e0c-47d7-9dbc-ab78c90534b7,3857274,0,0.060172244906425476,0.06200718507170677,0.031993407756090164,1
92c38fda-01c5-413f-bf79-3b3f186c2356,3857274,0,0.40999162197113037,0.6404339075088501,0.9412477612495422,1
7d017eb1-092d-4879-9803-7e27e306e395,3857274,0,0.11583288013935089,0.10143028944730759,-0.1489347368478775,0
a8b62155-cebc-4b99-889a-d7b305eb2498,3857274,0,0.5390195250511169,0.607308566570282,0.27961671352386475,0
c799dc55-0ab3-444f-b175-80e7684178b9,3857274,1,0.23522165417671204,0.22724124789237976,-0.044896990060806274,1
d1a6de64-27cf-4927-9868-16c902147274,3857274,0,0.25963059067726135,0.25717443227767944,-0.012817304581403732,0
f38032e6-46d0-4290-b202-f88ba82d3ea6,3857274,0,0.05321555584669113,0.058294523507356644,0.09653633087873459,0
466026f1-ccca-486c-beff-18210592a505,3857274,0,0.17715895175933838,0.18647989630699158,0.06266854703426361,0
9499e04a-bd07-4a26-aad9-ee2d63a2a78a,3857274,1,0.48264947533607483,0.4833119213581085,0.002652812283486128,1
2012d561-2d89-4379-bfb0-a92c31ad8129,3857274,0,0.24653483927249908,0.3059878349304199,0.29823529720306396,0
82368ec7-2022-42ab-b61a-29ae98f198b6,3857274,0,0.26699018478393555,0.3490552604198456,0.38675275444984436,0
1eda31b1-3c06-4576-8c7d-c925d9570018,3857274,0,0.29703599214553833,0.312785267829895,0.07432249933481216,1
31abfef8-19e1-47c3-a166-c77b626a907b,3857274,0,0.12577450275421143,0.1277194619178772,0.017572766169905663,0
c0fdef16-2203-422a-ae2f-6a89ac7f30ba,3857275,1,0.23282411694526672,0.21049830317497253,-0.1294916570186615,1
4fcb593a-9415-4dd3-b952-8dd1277f0ea7,3857275,1,0.33081746101379395,0.334146648645401,0.015000617131590843,0
542e5353-0c01-48fa-9aea-b35a1e432858,3857275,0,0.11168846487998962,0.11118359118700027,-0.005098799709230661,0
cc88e8de-be9d-4fbc-b9cb-0800d2a5199d,3857275,1,0.2347850352525711,0.2273070365190506,-0.042093463242053986,1
d87349d7-cbd5-4c63-8514-4609ccd2b9a0,3857275,0,0.08225324004888535,0.08734314143657684,0.06560330092906952,0
d6f71254-d3d0-41ee-9a72-751b1ae84585,3857275,0,0.13490724563598633,0.14069107174873352,0.048687297850847244,0
4bd9c054-37ba-41e9-ad9b-37d77f3b20d3,3857275,0,0.30710116028785706,0.2927361726760864,-0.06842514127492905,0
81f5e335-3b8b-4588-961a-d9ba9fb30a3c,3857275,0,0.3055623173713684,0.3124755024909973,0.03237723931670189,0
90191e0b-5b5d-4f8c-a8fd-38b91f677cf0,3857275,0,0.11708232760429382,0.13548874855041504,0.16707880795001984,0
3b4a57d8-3c18-4245-b62a-9ebbca0c8c6a,3857275,0,0.060395970940589905,0.06075890734791756,0.0063776420429348946,0
e9e11533-0b60-468d-9a69-fb603efe3039,3857276,0,0.22392457723617554,0.21794386208057404,-0.034748513251543045,0
41ff0ca0-f2da-4056-8b8f-9960b474ae60,3857276,0,0.08143661171197891,0.07651548087596893,-0.06767494976520538,0
5d9b0a5a-9804-465e-9c0d-0057fadf91ac,3857276,0,0.35512885451316833,0.3508959114551544,-0.018533624708652496,1
d511416f-ad8a-466c-8ad6-e7a3dc98e9fa,3857276,0,0.09224480390548706,0.09714566916227341,0.0571792833507061,0
59f320ec-9fdc-4d30-9484-df1469f72de4,3857276,1,0.23176893591880798,0.21788719296455383,-0.07967200875282288,1
3c3139b3-cd3b-4389-929d-4a83cab17c00,3857276,0,0.1374524086713791,0.13676384091377258,-0.005820035934448242,0
7e2c9b51-9014-4c94-a52d-6ce2748be8d0,3857277,0,0.11470304429531097,0.10403387248516083,-0.10960964113473892,1
bb56cc57-cb8b-4b9a-ae0c-ea3e52d13fb1,3857277,0,0.2370365560054779,0.23483818769454956,-0.012194901704788208,1
00dbfd59-f6e2-40ef-aedd-314cce53aee1,3857277,0,0.1420871764421463,0.13556884229183197,-0.05453038960695267,0
4d34a341-bacd-4b02-b242-8c3b5b0fe09d,3857277,0,0.09571238607168198,0.09668303281068802,0.011164302006363869,0
bb36120d-3b29-4e9e-a51a-2fdb37369e81,3857277,0,0.1300961971282959,0.1300322413444519,-0.0005652592517435551,0
0c33ab24-a83d-47cb-8bb8-90bdf5519ae8,3857277,0,0.4206686317920685,0.5395272970199585,0.4784689247608185,0
d837a345-bb7e-4951-8f07-8aef0fba0d0d,3857277,0,0.12654393911361694,0.12935857474803925,0.025226270779967308,0
214c786b-5dfa-478b-80b5-a2c86eb185f2,3857277,0,0.07098882645368576,0.06937708705663681,-0.024699222296476364,0
8f2fddd9-3213-44e5-90eb-231a2bd5d547,3857277,0,0.17601773142814636,0.158406600356102,-0.12656748294830322,0
8f16ba5d-76d5-49a0-82a0-460aa1b8e37f,3857277,0,0.1205252856016159,0.10356760025024414,-0.17073297500610352,1
9b4dd19e-4f62-4ade-9def-47aa0316ee6c,3857277,0,0.1236453652381897,0.10957524925470352,-0.1367337554693222,0
9e0623f0-550f-46f0-99ff-c5ba3cbf56a0,3857277,1,0.18976430594921112,0.19571582973003387,0.03825338929891586,0
32293f7b-07be-43fd-95a3-534dd4d87c6e,3857277,0,0.12165730446577072,0.11752302199602127,-0.039269763976335526,0
76a6004f-a7b3-482e-8ad3-a34719894e2f,3857277,0,0.21101288497447968,0.2228163778781891,0.06950222700834274,1
b27d792a-2032-4ec4-b584-b619de1bf4c7,3857278,0,0.11321873217821121,0.11551855504512787,0.022706173360347748,1
b73c61af-1244-49f4-8850-e539e6bf8b61,3857278,0,0.2576027810573578,0.2537707984447479,-0.02013573795557022,0
df1891e2-b230-4ec6-9e81-ad3e54ac62fb,3857278,1,0.4320831894874573,0.4237642288208008,-0.0339827798306942,0
c2af91b8-5eb0-47d9-8482-9189b7aba435,3857278,0,0.4069235920906067,0.4134172797203064,0.026841651648283005,0
2e78b14e-c501-41ad-9211-a6aefe11a971,3857278,0,0.27060648798942566,0.2684684991836548,-0.010859028436243534,1
2f98e511-aa1d-4ca5-b115-6fce7f2d9b3d,3857278,0,0.09148237854242325,0.0938987210392952,0.028733525425195694,0
904e48bd-e473-4ba7-817c-99de897cf6e7,3857278,1,0.325341135263443,0.3222161829471588,-0.014272847212851048,0
36038dd4-cfae-406b-98d9-be09f24a79a3,3857278,0,0.054881416261196136,0.05331156402826309,-0.030681144446134567,0
34be2ac7-46ec-489f-ac71-00d6c21dd63d,3857278,1,0.4481469392776489,0.4329912066459656,-0.06149673089385033,1
28773160-1599-4600-b915-bfa06b20ddc6,3857278,0,0.30091655254364014,0.28955042362213135,-0.05463142320513725,1
3caa49d0-dc96-4ccc-b2be-e919aee8d9df,3857278,0,0.11616642773151398,0.10946992039680481,-0.06692229956388474,0
2b1da946-a74f-4a86-9418-51d0c582577a,3857278,0,0.07650618255138397,0.07349811494350433,-0.0433637835085392,1
5f2b0321-1504-4ecf-8187-df9d24bf6e58,3857278,0,0.2514469027519226,0.24851523339748383,-0.015636414289474487,1
5cb3cf73-a920-4e08-9c01-f73ef13dbd3d,3857278,0,0.20699527859687805,0.2104588747024536,0.020971518009901047,0
f4d83b4f-a673-4980-8cf8-aac825476ff5,3857278,0,0.03964316099882126,0.04256898909807205,0.07425882667303085,0
8b952d76-67e0-42cf-85c9-7c2e88ce9414,3857278,0,0.05350538715720177,0.05447850003838539,0.01905245892703533,0
a234f3e6-20bb-4f91-bc6c-bea20685f634,3857278,0,0.22357602417469025,0.21867747604846954,-0.02844293788075447,0
b1ab477b-93e9-4f26-873e-91513979f38a,3857278,0,0.3999401926994324,0.39956939220428467,-0.001545259729027748,1
cefa2d19-2e80-4b5a-bf50-dbdc394ac372,3857278,1,0.29158616065979004,0.29536333680152893,0.018216760829091072,0
bae82650-3557-49c8-a721-dd26045cbd98,3857278,0,0.26431745290756226,0.2575608193874359,-0.03503717854619026,0
9cc9240d-b244-4c62-b758-720cf647b2d5,3857278,0,0.20267632603645325,0.18907694518566132,-0.08636865764856339,0
fc4bb1a1-a9d0-4341-a7ed-4c5e662d8955,3857279,0,0.5088555216789246,0.5030500888824463,-0.02322522923350334,0
7529b7ad-172a-49b7-96e5-a51f2947090a,3857279,0,0.28548696637153625,0.26959601044654846,-0.07926828414201736,0
fae5bc49-488f-4b66-ad0d-1564b5cc43bb,3857279,0,0.5020230412483215,0.5056072473526001,0.014337802305817604,0
bbda591e-a441-465a-80a0-056d4588bebc,3857279,0,0.23274576663970947,0.21654824912548065,-0.09302464127540588,0
a1beff41-7bcc-476d-ba7f-0d29e1bb79bf,3857279,0,0.2770697772502899,0.2812868058681488,0.020955689251422882,0
9564b5b4-4a97-488a-b550-893f164ba37d,3857279,0,0.07467934489250183,0.07056630402803421,-0.061086010187864304,0
5e8156a8-c1df-412f-8d60-1e05f4e124e2,3857279,0,0.20286230742931366,0.20714764297008514,0.02629469707608223,1
146decc8-e198-47cd-9e9e-c8785465205d,3857279,0,0.19316276907920837,0.19160699844360352,-0.010013111867010593,1
36fad6c1-085b-4ebf-9e90-e03afdcfdc30,3857279,0,0.21000804007053375,0.20640744268894196,-0.02184125781059265,1
801222c2-6dda-4453-83ae-f5c90a6ca6a4,3857280,0,0.5918905735015869,0.603553831577301,0.048508454114198685,1
df859799-fb94-49c6-adaa-20b48a81fbf1,3857280,0,0.0646282508969307,0.06378033757209778,-0.014112750999629498,0
cedc058c-9aae-486d-a913-7ff3da833c3a,3857280,0,0.24494251608848572,0.2549458146095276,0.053364478051662445,0
b265e079-8ff2-465e-a38c-fbc2e822d915,3857280,0,0.12655168771743774,0.1313275843858719,0.04252682626247406,1
9265c1be-6332-407a-8d0d-886e3c037249,3857280,0,0.20653343200683594,0.2144584208726883,0.04769152030348778,0
4609511e-fdd8-4d0a-a9c3-367a6dce30ba,3857280,0,0.15405277907848358,0.16117502748966217,0.05365045741200447,1
203ca274-be29-4c4c-8fcd-99ff2c7e7944,3857280,0,0.24307306110858917,0.2495788335800171,0.03504491597414017,0
14cc8960-019d-4284-bdb4-7189ff2ceed3,3857280,0,0.22623072564601898,0.23313505947589874,0.03902571648359299,1
27bd7f4d-8aad-4c76-a31b-1ed57f3b0e2e,3857280,0,0.06449878215789795,0.06774909794330597,0.052645258605480194,0
23867624-3b70-4451-ba43-2f095431ab2b,3857280,0,0.043047621846199036,0.04459796100854874,0.037002500146627426,0
03605d98-c986-4b58-a7ee-45c140511747,3857280,0,0.4353349208831787,0.4480118155479431,0.051410041749477386,1
c8e304c4-1133-4344-9566-f6603b6a2735,3857281,0,0.06429879367351532,0.0690205991268158,0.07592309266328812,0
b5cac123-1617-42f0-864c-6b3bce02c67c,3857281,0,0.06479056179523468,0.06912155449390411,0.06934831291437149,0
72ccc592-d1bd-445c-8ef4-a7155d7a3a10,3857281,0,0.2101738005876541,0.2376161366701126,0.15808439254760742,0
d10cb453-9702-4062-8cde-9bee97146d40,3857281,0,0.08988166600465775,0.07809685170650482,-0.1534097045660019,1
4d5da179-1eb0-44c9-9087-6f03d9bf5fbe,3857281,0,0.2344875931739807,0.24701765179634094,0.06856083869934082,1
7e4edd4e-4961-4e31-a394-5ee5d3d7eba6,3857281,0,0.26603591442108154,0.29558879137039185,0.14643588662147522,0
06488d24-5eb7-4d41-a692-c66b0215fe44,3857281,0,0.18371590971946716,0.17732563614845276,-0.04320067539811134,0
7fae868a-2922-481f-b6ce-26ec14d88383,3857281,0,0.198133185505867,0.2030481994152069,0.030652113258838654,1
ed160276-76ae-4b76-adb3-cfd5f8d2a6fc,3857282,1,0.4367838203907013,0.5471152663230896,0.4432470500469208,1
2cecf0da-5c9a-4c6e-a052-220f644a27d7,3857282,0,0.07067906856536865,0.08207247406244278,0.16178885102272034,0
103818a9-7552-416a-bb00-a22051295eb4,3857282,1,0.1788155436515808,0.1821843534708023,0.022775139659643173,0
b4cd5efd-431a-4325-9d34-a0b985f1bebd,3857282,0,0.09161453694105148,0.09961653500795364,0.09258630126714706,0
6c697f89-9f87-42a6-955c-943187796493,3857282,1,0.2961471676826477,0.2902813255786896,-0.028305381536483765,1
13f7631f-9286-44c3-b8e4-01ec69e069e4,3857282,0,0.1283041089773178,0.16159871220588684,0.2696567177772522,0
a3ca169a-59b9-4b39-8e88-3a040d82ffe2,3857282,0,0.11963554471731186,0.10645400732755661,-0.1315988451242447,1
9118ad29-5310-449e-acdb-ccfb6dafcb76,3857282,0,0.3866727352142334,0.3927641212940216,0.02561190351843834,1
d7d2dcf2-43f4-4f93-b927-87e292564cf2,3857282,1,0.404895544052124,0.5128563642501831,0.43654465675354004,1
33df808f-14af-45c4-9290-648fd7400ddc,3857282,0,0.22476033866405487,0.2093307226896286,-0.09082672744989395,1
fc698445-0939-4f40-a605-dc06714ced11,3857282,0,0.09238386899232864,0.07892309129238129,-0.17220039665699005,0
b7c58d15-e9b5-4ebc-bfaa-3f5ae1c6ea83,3857282,0,0.2630126476287842,0.267406702041626,0.022548668086528778,1
3fb063f4-870b-4a6a-a6f2-0d40c9fc42ec,3857282,0,0.16171512007713318,0.22322851419448853,0.3985716700553894,0
b236d0e4-7bdc-405b-bfaa-efcf83b3edda,3857283,0,0.2234216183423996,0.22238373756408691,-0.0059917038306593895,1
c6403922-f223-482e-8f09-00b428fe8289,3857283,0,0.27848950028419495,0.2765733599662781,-0.009556555189192295,1
b4beff45-d528-47be-b553-fda7595165d3,3857283,0,0.10145293921232224,0.10217561572790146,0.007902695797383785,0
6bcf9745-19bf-438d-ad9a-601b27d0b375,3857283,0,0.3393104076385498,0.34072357416152954,0.006297345273196697,1
71519970-1c9a-4c9d-99e7-83623d2110a7,3857283,0,0.06665335595607758,0.06659628450870514,-0.0009176833555102348,0
43128eb9-6ca4-4fa9-9361-6de0f9c5df4e,3857283,1,0.41106268763542175,0.4124471843242645,0.005715998820960522,1
237096d1-9a82-401e-8b31-06dd3689c178,3857283,0,0.1522078961133957,0.15290355682373047,0.0053809331730008125,0
b2982e14-6e3f-4578-8445-8ecdd6ef5b5d,3857284,0,0.11952276527881622,0.11562073230743408,-0.03761358931660652,0
d72793ee-0126-402a-9e43-b7a38bbac5a7,3857284,1,0.235906720161438,0.2090376615524292,-0.15548239648342133,0
f24dfb39-198a-4b85-9bb7-00800d997e53,3857284,0,0.13023748993873596,0.13216371834278107,0.016898933798074722,0
90b4ecec-33b9-4159-bf91-4b2d2218b97c,3857284,1,0.13543866574764252,0.143472820520401,0.06696299463510513,0
46bc4f90-a6d7-4292-a447-5b907c092d67,3857284,0,0.09951607137918472,0.11777444183826447,0.18893678486347198,0
87e1c2da-b0a4-48c1-9006-4d73f49a815a,3857284,0,0.15262682735919952,0.15792836248874664,0.040421679615974426,1
0d162604-8dd1-425a-ac16-44ae92e2940a,3857284,1,0.4065220355987549,0.40055951476097107,-0.02477240562438965,1
69cdd3bc-7f00-4b4a-bd6c-51578a34a847,3857284,1,0.12249504774808884,0.11201905459165573,-0.10126914829015732,1
523b6296-e1b9-486d-95b1-3424d76d5b04,3857284,1,0.2196090668439865,0.22778764367103577,0.047100260853767395,1
935d5fc2-edd8-4210-b97d-084e732adfcc,3857284,0,0.31691816449165344,0.3909924328327179,0.32482850551605225,0
0f1b8215-d9d1-47bd-b648-18c2644cb801,3857284,0,0.07211882621049881,0.06540516763925552,-0.10492316633462906,1
e99b4029-94ae-4575-9631-6e4b09065f6b,3857284,0,0.190557062625885,0.19117717444896698,0.004015177953988314,1
f0d84393-7911-4529-948e-9fc71c0df366,3857284,0,0.04992743581533432,0.04192733392119408,-0.1830180436372757,0
f337edea-1653-49cc-93cc-57f050665850,3857285,0,0.15684735774993896,0.15641842782497406,-0.003247109241783619,0
5d7a070b-b109-4870-97e9-f97a5ce16f8b,3857285,1,0.164556086063385,0.1597699671983719,-0.035228800028562546,1
485be020-60f5-401f-beb0-14e7fbd54c9f,3857285,1,0.10995791852474213,0.10969501733779907,-0.0026890430599451065,1
b5187ada-e881-4c65-9dc5-db67bc1a557a,3857285,1,0.15340207517147064,0.15553878247737885,0.016359850764274597,1
4c79b613-b76b-4294-9bc5-1fad7160302e,3857285,0,0.3034469187259674,0.295064240694046,-0.03997623547911644,1
1421b4cb-5c61-4295-a8ed-a2ec4fb64adc,3857285,0,0.13626112043857574,0.128703311085701,-0.06577523052692413,0
9430c604-5b25-48e9-8a79-63af0ba089f9,3857285,0,0.23400874435901642,0.23330344259738922,-0.003938923589885235,1
a75b9e87-48ff-4a7f-8887-b53f1bc22418,3857285,1,0.37806305289268494,0.36918169260025024,-0.03795117139816284,0
7260e6c0-ef3c-4bb0-8b43-7ff3e9c70d4c,3857285,0,0.11254233866930008,0.11004810780286789,-0.02521846815943718,0
e5641e31-afcc-47fc-8fc0-66d634e3a806,3857285,0,0.12440019845962524,0.12615011632442474,0.015969425439834595,0
07354f60-82d2-4f87-ad3d-f14f7034b372,3857285,0,0.1354183703660965,0.12977349758148193,-0.04908619448542595,0
968e8236-8df7-41e1-87b4-222cff60f99f,3857286,1,0.12303048372268677,0.12944956123828888,0.05820555239915848,0
2a2739b4-3654-4fce-b687-65f3a054ce78,3857286,0,0.11922627687454224,0.12368681281805038,0.041806649416685104,1
1ed7e5d2-9028-4d50-b67a-058b174ccb1c,3857286,0,0.1176336482167244,0.12242930382490158,0.0454084612429142,0
8d89b413-73ad-4162-91a9-55660195e7a8,3857286,0,0.2449241727590561,0.25221994519233704,0.03906197100877762,0
ee182d9d-64f8-4651-a578-9ab24d4f3ac4,3857286,0,0.12915876507759094,0.13393963873386383,0.041852034628391266,0
777240b8-4e6e-4043-aafd-cdca163d4707,3857286,0,0.3255236744880676,0.3363766372203827,0.04901820793747902,1
c4116e33-4aea-4ca3-a347-237a54c0ac35,3857286,0,0.22108222544193268,0.22809560596942902,0.04027501493692398,0
9f2126fd-3c16-4402-9448-ab5559b399e1,3857286,0,0.30532270669937134,0.3164619207382202,0.051998671144247055,0
c07875f7-22af-409b-bada-847d0c91990a,3857286,0,0.04597275331616402,0.04694748297333717,0.02200288325548172,0
6bcf46ef-060c-4b0b-b83a-ff7a0950cd5d,3857286,0,0.24239714443683624,0.24439872801303864,0.01086896751075983,0
a59217c7-0870-4733-945f-5060ef0027f7,3857286,0,0.08775277435779572,0.09125789999961853,0.043015699833631516,0
06321a9d-ce50-4076-a015-61edc107d35c,3857286,0,0.2362234890460968,0.2450670301914215,0.04839956760406494,0
5697c2d2-01b2-431b-8a8e-243fdbc51747,3857286,1,0.4045585095882416,0.41288867592811584,0.03447028249502182,1
764ac27f-655f-46fa-ba43-ca6effc8a08d,3857286,0,0.19879068434238434,0.2054903656244278,0.04154389724135399,1
09e6a654-c4be-4912-ba09-0efe682f86db,3857287,0,0.06356696784496307,0.06440137326717377,0.013932494446635246,0
d18e1e13-6c46-4bf5-ba75-f9469ce1e54b,3857287,0,0.12730607390403748,0.1272043138742447,-0.0009162470232695341,0
41cbdb44-be01-4e08-8888-ff9158d96e64,3857287,0,0.2725730240345001,0.2800668478012085,0.037476956844329834,1
efc77800-014d-4176-8552-976b69927e50,3857287,0,0.16039961576461792,0.16180363297462463,0.010388746857643127,0
fbc9cd21-b5df-4bfd-bc1c-659ed6a1ede3,3857287,0,0.17695839703083038,0.17826128005981445,0.008919935673475266,1
8ad1efbc-79f5-4b22-8aa9-d65173c79799,3857287,0,0.2898710072040558,0.29100170731544495,0.005486642010509968,0
01c3403a-d70d-44b6-9eb9-fbbc6e944890,3857287,1,0.3198232054710388,0.31774795055389404,-0.009556427597999573,0
df679290-b59b-4156-934d-1b76699b40c4,3857287,0,0.28440532088279724,0.2851307690143585,0.003561748191714287,1
cc48aef4-83c5-4640-8627-fc5d1c4363fd,3857287,0,0.37178152799606323,0.3758348822593689,0.017316516488790512,1
d75c67f2-1306-42c6-8b49-262417e7c029,3857287,0,0.14586319029331207,0.14512275159358978,-0.00595568073913455,0
5c3ee644-ac2f-469e-b80b-2577110a222c,3857287,0,0.14827899634838104,0.15109151601791382,0.022097798064351082,1
8a1dacaf-54b4-4223-ba04-fd3029b98b9e,3857287,0,0.26143068075180054,0.26351967453956604,0.010791335254907608,0
d4bcf6b0-b772-4722-bc9b-4cb543aa5895,3857287,0,0.20993272960186005,0.21096523106098175,0.006213913206011057,1
94cd2156-b46b-4411-a362-09a634f958c8,3857287,0,0.06449569016695023,0.06560805439949036,0.018289761617779732,0
8196a47c-d0f4-4f3c-8bc8-6541fffb5719,3857287,0,0.2630772590637207,0.2654995918273926,0.012458015233278275,0
e09eb703-ac3a-4d09-803d-2c6c62fcdc7c,3857287,1,0.6276439428329468,0.6359894871711731,0.035876791924238205,1
ee12468b-0b49-4e68-9802-5ba2a6e2c402,3857287,0,0.05607260391116142,0.05687665194272995,0.015089845284819603,0
a9c54685-ca88-4158-addc-fb174e7bec78,3857287,0,0.07046081125736237,0.06952638179063797,-0.014355281367897987,0
418c68cc-fae1-4a60-b14c-f0f343563903,3857287,0,0.1194852739572525,0.12218189239501953,0.025384891778230667,0
068de13a-217c-4463-b72e-28fc10554eeb,3857287,1,0.028482303023338318,0.028973747044801712,0.017613058909773827,0
f5b93095-be20-48eb-8bae-b352e6899f9b,3857287,0,0.40537014603614807,0.40403270721435547,-0.005551453214138746,1
6858f904-6e4a-4717-83bb-67c1d24a4f09,3857287,0,0.2445567101240158,0.24344679713249207,-0.0060170055367052555,0
c37e09b9-2a0c-4ad9-9b04-1cbb3f9eacbc,3857288,0,0.03692016750574112,0.03662359341979027,-0.008373331278562546,0
37db5810-6666-475e-94ad-93eba4fcc934,3857288,0,0.36369016766548157,0.3646356463432312,0.004083213396370411,1
04031da5-90e7-4f89-83ec-dfd20ec0724a,3857288,0,0.16261258721351624,0.16889767348766327,0.04545637220144272,0
29272085-ba90-4517-8937-f27f81986715,3857288,1,0.33411964774131775,0.3384269177913666,0.019298551604151726,0
ff558a0f-7eee-4407-a49b-2a135e30a3b5,3857288,1,0.4712166488170624,0.47007396817207336,-0.004586546216160059,1
bef709ad-f8ab-4a9f-9300-d20834c769f3,3857288,0,0.09930845350027084,0.10145872086286545,0.023811668157577515,0
271b2664-c272-45f0-bd9f-8f5a2e2a1367,3857288,0,0.09063484519720078,0.09389927983283997,0.038980286568403244,0
9941ef78-19ad-42ed-a6c1-13250a9afac8,3857288,0,0.060995716601610184,0.06050190329551697,-0.008654681965708733,0
b8405f62-dd8d-4f6e-82a0-bb08d9bb50be,3857288,1,0.13545051217079163,0.13811400532722473,0.02255857177078724,0
6add9fe4-032d-49fb-933f-5b1d2bd9bbf9,3857288,0,0.1629006266593933,0.16352015733718872,0.004536413587629795,0
b45119fa-dc4f-40cc-8d71-1422dc7c5e50,3857288,0,0.07503731548786163,0.07515201717615128,0.0016514398157596588,0
259eeb67-0e92-4143-9c1b-45388670f837,3857288,0,0.09603486955165863,0.09817374497652054,0.024396326392889023,0
8ea2df5c-87d9-4027-a50b-04ee9f0dbe53,3857288,0,0.24057133495807648,0.2409333735704422,0.0019805333577096462,1
5efda140-70cb-489b-9f28-aa60b00ddb7b,3857288,0,0.14861413836479187,0.1488254815340042,0.0016692942008376122,0
21f56c9a-b87c-4200-84df-fd7e59e6dfbe,3857288,1,0.35017162561416626,0.361218124628067,0.04820384085178375,1
a9721ff8-f85f-474b-9b44-b0e62f40491e,3857288,0,0.2181340605020523,0.22088606655597687,0.01606322079896927,0
8ae4f2ac-95fd-4db1-9343-cb4c2b8fa1ed,3857288,1,0.1024453192949295,0.10240312665700912,-0.00045890454202890396,1
0a3e23c7-e437-4e12-a4ee-8298ea57b604,3857288,0,0.2675265967845917,0.27832213044166565,0.05440828204154968,0
b0dfff90-1a7a-40cc-ae75-4fd186a7e4e5,3857288,1,0.22378267347812653,0.22748664021492004,0.021199403330683708,0
6dc0c3df-fb1f-400f-a4a7-4a5291e210b3,3857289,0,0.05039967969059944,0.0503629632294178,-0.0007674666121602058,0
8eae3200-9ff8-47c1-9e1a-cba41050df79,3857289,0,0.2275245189666748,0.22884014248847961,0.0074702720157802105,1
53dac3bb-af4e-4515-b69b-fb6d1deb3d5e,3857289,1,0.2540152370929718,0.25566211342811584,0.008672462776303291,1
5a0783d8-8b72-487e-ac22-b52decac15e1,3857289,0,0.13132143020629883,0.1379779577255249,0.057138144969940186,0
ab59d1b1-4e1a-4fc4-a4f1-880fb964cf59,3857289,0,0.35724231600761414,0.3547317087650299,-0.010950973257422447,1
6339fb4a-817c-4d0c-8390-01f31e7e07b4,3857289,0,0.13612249493598938,0.14113518595695496,0.04198257252573967,1
026190d9-45b2-4307-95d1-ff334e04bcb6,3857289,0,0.46199241280555725,0.45894381403923035,-0.012271223589777946,1
a79ce62d-fff8-4fd5-84dd-a4f71644be3b,3857289,0,0.1721125692129135,0.17302146553993225,0.006365305744111538,0
688d8588-4e4b-4554-9b6e-61d0f476f60b,3857289,0,0.24106675386428833,0.24387145042419434,0.015269838273525238,0
984a9a9b-0b9d-41f9-81ac-7a3a0aff2aac,3857289,0,0.051712218672037125,0.05337672308087349,0.03343755379319191,0
87801efd-8e75-46eb-9e0a-0c10b2b344f0,3857289,0,0.17201952636241913,0.17251479625701904,0.0034734061919152737,1
7d8e084f-777f-42f3-ac88-56f41688d11b,3857289,0,0.4321550726890564,0.44602489471435547,0.056318823248147964,0
d1f795c1-b428-4ae5-9891-61c255b1cfcc,3857289,0,0.05573677271604538,0.05643484368920326,0.013186227530241013,0
f4dc937d-4c4c-44ef-b965-9aff4875943e,3857289,0,0.5152935981750488,0.5149580240249634,-0.0013435166329145432,0
6c44744d-9b30-41a8-b28c-a77fbe87f4b1,3857290,0,0.1947198063135147,0.18325833976268768,-0.07479741424322128,0
ef1098cb-ff44-4eb8-ae46-cb7b911c2203,3857290,0,0.15208381414413452,0.20701460540294647,0.3753346800804138,1
1172f0c9-7075-482b-ac73-aa2371781a8a,3857290,0,0.16947714984416962,0.15901876986026764,-0.07620970904827118,1
e84708ab-e57b-48ae-9510-2847ca38226d,3857290,0,0.08203566074371338,0.08637066930532455,0.05622769519686699,0
c4e565ef-c84d-4ccb-b115-7907a65db526,3857290,0,0.09600142389535904,0.0957818478345871,-0.0025326902978122234,0
aae57faa-1ec7-491c-92ee-9fcdc4ffcaf8,3857290,0,0.09045489132404327,0.09637598693370819,0.06993695348501205,0
da2d17de-967e-4d9b-9ef7-763345e19b49,3857290,0,0.12228191643953323,0.11839375644922256,-0.03673327714204788,0
6faa70f5-2a33-47d1-abd8-dfb87c83bbcf,3857290,0,0.12386301904916763,0.10444790124893188,-0.19240577518939972,1
0f6dfbc3-a9b0-46ab-9979-6aea74707f6f,3857290,0,0.2618667483329773,0.2709696590900421,0.04658009856939316,0
a78e9954-5f4e-472a-a8dd-9c93602193c9,3857290,0,0.27970683574676514,0.2727915942668915,-0.034588828682899475,0
1cb8b961-f5c9-461b-b676-6159ded97f23,3857290,1,0.4044678509235382,0.4444805085659027,0.16388578712940216,1
beca7e79-f999-47db-ba7c-14c41c880bb1,3857290,0,0.23231010138988495,0.2419411838054657,0.05324653908610344,1
8b77b0cc-0882-40ca-b4ed-1bcd05dbc085,3857290,0,0.16283179819583893,0.17307020723819733,0.07328488677740097,1
2a06a105-139c-4198-81fe-0fa51ee084bd,3857290,0,0.14956338703632355,0.13370122015476227,-0.13059262931346893,0
d3aefc7d-84f8-4f80-9cf6-22a8673014c8,3857291,1,0.280244380235672,0.28108471632003784,0.00416227150708437,0
efd21cce-60c2-497d-9cf8-1ff78165315f,3857291,1,0.13557596504688263,0.13652323186397552,0.008059188723564148,0
bd0a6e58-6773-40da-a330-cad0661302ab,3857291,1,0.21008247137069702,0.21150213479995728,0.008533675223588943,1
284e2dff-2660-4553-aa9a-af69aa5beb31,3857291,1,0.14571435749530792,0.14498892426490784,-0.005839749239385128,1
a16c20e3-a776-464d-9121-7b223833921b,3857291,0,0.10827358812093735,0.10822702944278717,-0.0004822472110390663,0
d9e77643-2a2e-4d8e-886e-8f7ca15cda82,3857291,0,0.163278728723526,0.1608615219593048,-0.017799612134695053,0
308bdf9e-39d4-4474-a40c-8eeb9a705892,3857291,0,0.06466293334960938,0.0646381601691246,-0.00040956493467092514,0
48df4109-30b8-4d15-8a81-ea17f4bcbdf4,3857291,1,0.17964310944080353,0.17650580406188965,-0.02143535017967224,1
d09ac5fd-4218-499f-9312-9cdfbe2605c3,3857291,0,0.14355280995368958,0.1440318077802658,0.003890523687005043,0
b908d22f-5bbe-4a7b-96bc-e246fcb5f78e,3857291,0,0.09836430847644806,0.09778381884098053,-0.006562430411577225,0
d66eed59-da9c-4b36-a084-8ea841ecbc32,3857291,1,0.23663578927516937,0.23830068111419678,0.009194424375891685,1
69198424-fb64-449c-9157-62d5980411fe,3857292,1,0.22718948125839233,0.21474161744117737,-0.07232782989740372,1
6189f617-3bb8-4f0f-9013-e5a3fb303bf0,3857292,0,0.1427827626466751,0.1295209527015686,-0.11283411830663681,0
977f2672-c301-412f-8120-a7c063acb473,3857292,0,0.2340053766965866,0.27348366379737854,0.208811953663826,0
89406d33-4ec6-4eb4-b91e-595cb7e60b41,3857292,0,0.12073372304439545,0.11698489636182785,-0.03579702228307724,0
4c620809-acf8-4e37-9216-6fb7fbeff298,3857292,1,0.34674420952796936,0.3516964018344879,0.02179073356091976,0
c9d705ed-03c0-4af2-b8f7-4687a4dcb68d,3857292,0,0.087854765355587,0.08872415125370026,0.010800715535879135,0
1443cbbc-c47d-44dc-8315-7d9b9c77d813,3857292,0,0.12876242399215698,0.14570270478725433,0.14323468506336212,0
cef906ed-6afb-45d7-ae29-16a8920c852d,3857292,0,0.19468121230602264,0.20993958413600922,0.09458519518375397,0
dc6fef50-90bb-4403-aa75-81724da83915,3857292,0,0.05254986882209778,0.05090450122952461,-0.0335463285446167,0
45ae402d-b43d-4089-b6f7-2f4f8badb795,3857292,1,0.15405866503715515,0.16246168315410614,0.06309175491333008,0
17971a5b-bb49-4fbc-8bcb-c9e16ebda517,3857292,0,0.2311575561761856,0.26888880133628845,0.20151889324188232,1
dbf2369b-5111-4986-ac43-51f10ae84fb8,3857292,0,0.18822069466114044,0.1890317052602768,0.0052990783005952835,0
aa4e5855-279a-490a-bb29-770fd1304f46,3857292,0,0.19481009244918823,0.24635706841945648,0.3009163737297058,1
1e1a0282-bb38-42c8-8f29-0b6a716f5834,3857293,0,0.14266961812973022,0.1413138210773468,-0.011128655634820461,1
68dc58ed-0e57-49d3-9d25-630612ecfcf2,3857293,0,0.21239769458770752,0.2123454213142395,-0.00031255465000867844,0
2d70ace8-b441-47a6-9d4d-88c2e1ba915a,3857293,1,0.27789443731307983,0.2800207734107971,0.01057144533842802,0
a67c913b-4e10-4ec2-a061-90add50246d8,3857293,0,0.2256307452917099,0.22314833104610443,-0.014263768680393696,0
37252f97-54a3-4bc1-92be-426c8cdb0d69,3857293,0,0.15234780311584473,0.15175499022006989,-0.004597864113748074,1
b88f34e0-58dc-48cd-a61a-48dc0e132c60,3857293,0,0.4007927477359772,0.4006064534187317,-0.0007756510749459267,1
3f722291-557c-4ff3-8cbe-93c698825e8c,3857293,0,0.19153061509132385,0.19010373950004578,-0.00924112182110548,1
223b9715-592e-49df-80d3-27336a4fb450,3857293,0,0.2931682765483856,0.29053667187690735,-0.012733287177979946,1
bc377ae2-eec0-414f-a516-d10d3e155a5c,3857293,1,0.4376329481601715,0.43589022755622864,-0.007084258832037449,1
32167b16-b6db-4f14-ba67-bbff5daa72ee,3857293,0,0.13092964887619019,0.13083508610725403,-0.0008312631398439407,0
0819a334-c2c2-409d-9b6a-7d345a8ffee0,3857293,0,0.18089628219604492,0.17995041608810425,-0.0063964808359742165,0
afe7f669-ec3b-4001-8b67-66365b6aa5ca,3857293,1,0.3842124938964844,0.38386160135269165,-0.0014834022149443626,0
0e2184d8-8989-43b5-8a07-cd1c08086f9c,3857293,0,0.1843661069869995,0.18575021624565125,0.009177644737064838,0
e92448ef-5ae1-4464-a18a-e4b9614b5651,3857293,0,0.39339008927345276,0.3952134847640991,0.0076348017901182175,0
aaedf579-a311-41f7-8010-0e465b879775,3857293,1,0.3028014004230499,0.3018611669540405,-0.004457578994333744,1
ed2818a4-c60b-405a-934d-a97c5879a207,3857293,0,0.07013178616762161,0.07032401859760284,0.0029439525678753853,0
ae76b57b-f5df-4cbe-ae66-d3a610849d33,3857293,1,0.3794700801372528,0.3803156912326813,0.0035894690081477165,0
d7a83fe1-e08d-4122-b7d9-8a6138fa341c,3857293,0,0.39204224944114685,0.39190807938575745,-0.0005630245432257652,1
2276ae12-7870-4f64-9374-ecf54aea54ce,3857293,0,0.173182412981987,0.17466802895069122,0.010340151377022266,0
bc63fa01-3428-4c68-ac7f-e7d51ecc31b8,3857294,0,0.18375356495380402,0.18386192619800568,0.0007224134169518948,0
733a54ec-421b-4bb8-a8da-6af042de7da8,3857294,0,0.09982938319444656,0.10565924644470215,0.06325418502092361,0
59bf0548-5a3a-46f9-9415-02e30be2fdff,3857294,0,0.3652143180370331,0.42460060119628906,0.24888773262500763,0
c359f5f8-ccaf-4c3c-ae8d-6b044459de4d,3857294,0,0.345991313457489,0.4740271270275116,0.532721757888794,0
42adfac3-728f-4c2a-b1b5-9994da8cb2f0,3857294,0,0.12739643454551697,0.11356540769338608,-0.1306508481502533,0
2f413f32-b1a7-4771-a76e-b19db5876255,3857294,0,0.2984994947910309,0.27585968375205994,-0.11063946038484573,0
00e0a470-9268-486c-a9e0-8fe98523c618,3857295,0,0.09841237962245941,0.10226606577634811,0.042694784700870514,0
aa54d171-6167-4267-9721-658d11e6fe8e,3857295,0,0.06927632540464401,0.07265473157167435,0.05125165730714798,0
664efa1d-86b4-4b3f-a72c-2162e6f9b63f,3857295,1,0.3185824155807495,0.31917235255241394,0.0027161813341081142,0
b13b77b9-e9e8-4ef2-bbe1-7ffe1e4d6e39,3857295,0,0.23688434064388275,0.2387072741985321,0.010057687759399414,0
190917b7-de98-48c6-b9b0-b80d546de283,3857295,0,0.15636257827281952,0.15609440207481384,-0.0020343535579741,0
3ed4f255-af99-40ee-b88b-fc08e7ab408b,3857295,1,0.27761518955230713,0.2760253846645355,-0.007941417396068573,0
08a9fbcb-cc52-41b8-82ab-2e3c2b771ac0,3857295,0,0.3076924979686737,0.30684250593185425,-0.003993405494838953,0
12617fa9-ffe4-4f0c-bd6c-642bbac3531e,3857295,0,0.04906955361366272,0.04907921329140663,0.00020692823454737663,0
b0ef2fbf-2c38-4ab0-bcf4-422892b857a4,3857295,1,0.22463522851467133,0.22682948410511017,0.012554652988910675,1
44183e36-0036-48a6-9f18-375f7f9d3af0,3857295,0,0.24560153484344482,0.24663840234279633,0.005588154308497906,1
01b936c5-858e-4776-90a6-2b8858af5b2a,3857296,1,0.3340078294277191,0.3327919542789459,-0.00547092454507947,0
d3d88a6b-27b3-40cb-8d61-6cf70e4cae23,3857296,0,0.08612445741891861,0.09011904895305634,0.049718957394361496,0
7675e847-c0bf-42c5-9fd0-84227f272571,3857296,0,0.06988830864429474,0.07131294161081314,0.02171238139271736,0
bf3aebcd-c680-4b6c-8184-e92b4fe90294,3857296,1,0.34957242012023926,0.3471243977546692,-0.01078416034579277,1
28616b2d-0dc2-4c95-bc62-70fdcbfcc0a0,3857296,1,0.4494999349117279,0.4519902467727661,0.010058825835585594,1
b45157c3-ca34-4a8a-8911-9032aeeef988,3857297,0,0.10337217152118683,0.09959584474563599,-0.04141829162836075,0
655cf536-4880-4759-8b3b-0b5284366dac,3857297,0,0.09330949187278748,0.09238728135824203,-0.010949157178401947,0
1c15ed70-b9ad-45ae-89ae-98c22b7af00d,3857297,0,0.4090014398097992,0.3765031099319458,-0.13632257282733917,1
7d74f83c-228f-4b21-9ac9-df779a119e45,3857297,0,0.10472422093153,0.09604879468679428,-0.09611776471138,0
564e6761-c1cf-4072-ad63-fde1e60c208f,3857297,0,0.0880725309252739,0.0892254188656807,0.014270380139350891,0
7dbda998-bce6-4edf-ad93-80e98c6fa68a,3857297,0,0.4008578658103943,0.40287286043167114,0.008382828906178474,1
d146d0b5-9496-49d4-886e-e15a0f12bb36,3857297,0,0.19724202156066895,0.19947311282157898,0.01403120905160904,1
b1a2a599-9912-48a3-893a-f4c2c2144c50,3857297,0,0.14163793623447418,0.12709395587444305,-0.1251494288444519,1
0ee121f3-0451-4d89-bd53-d064579565ee,3857297,0,0.08403365314006805,0.08068296313285828,-0.044341444969177246,1
05ef4024-070e-42ca-a363-4de11035f519,3857297,1,0.1472891867160797,0.15007449686527252,0.022005731239914894,1
27476704-2b57-41ac-8765-551e49eec237,3857297,1,0.08041620999574661,0.0834139883518219,0.03986559063196182,1
af923531-373d-472f-9ea7-37dbc29ce74b,3857297,0,0.349135160446167,0.3494473695755005,0.0013736258260905743,1
d01f3202-6ab4-4a14-b9b1-b29bb576ac5c,3857298,0,0.11972767114639282,0.1200956478714943,0.0034868819639086723,1
1fcb1b93-89b4-45d8-83c0-b96a784ce44f,3857298,0,0.09453001618385315,0.09380084276199341,-0.008548597805202007,0
7ee17bd5-f420-46d1-8a2b-7e536b9a4e2e,3857298,0,0.15617384016513824,0.1569034308195114,0.005525872576981783,0
cca5354b-2eed-459f-b7d4-a9bf030a15b1,3857298,0,0.16947132349014282,0.16773861646652222,-0.012360946275293827,0
ec7c5753-0a02-483d-a340-d18f85f5d675,3857298,0,0.1135048195719719,0.11285322904586792,-0.00649187620729208,0
8776d5e4-fc4b-49db-9b36-b37e62e8bd31,3857298,0,0.07873845100402832,0.07932022213935852,0.007993286475539207,0
89bf5f98-565d-4505-8220-4d8848822e7a,3857298,0,0.08029487729072571,0.0799657478928566,-0.004464995115995407,0
a5ae3ca8-244c-463d-a3c6-c1602927017d,3857298,0,0.23829463124275208,0.23675116896629333,-0.008522543124854565,1
2929dea8-bb59-4b4d-8eac-223c97d8048d,3857298,0,0.14537157118320465,0.14349010586738586,-0.015226037241518497,1
cb644553-cfca-48ed-81b4-85fccbadb79f,3857298,0,0.047671105712652206,0.047703228890895844,0.0007074028253555298,1
0ffd003b-2485-49d1-a118-18670c9744f3,3857298,0,0.20984357595443726,0.2110992968082428,0.0075567178428173065,1
982d7167-61c9-4078-89d5-22b4d11863ca,3857298,0,0.20264266431331635,0.20210279524326324,-0.0033446820452809334,1
19d09ef1-427d-43b8-8d2c-a2646eea6551,3857298,0,0.03798355162143707,0.037672415375709534,-0.008548612706363201,0
269cebca-4357-41cd-a387-9f5dc2faefac,3857298,0,0.27371326088905334,0.27500686049461365,0.006497690454125404,0
f0c6246b-9d2b-4e06-83b2-2cfbb19d2c21,3857299,1,0.27459999918937683,0.27485397458076477,0.0012746220454573631,1
4fbde7d4-d8af-42f4-a75a-1ea17797dba4,3857299,0,0.1635064035654068,0.1606895476579666,-0.020739765837788582,1
054f7094-b0a8-4a63-86c2-98d9d12446d5,3857299,1,0.5219599604606628,0.5221317410469055,0.0006884154863655567,1
e912ee4c-6fe9-4d8e-a2b4-ee80ddf87380,3857299,1,0.527806282043457,0.5376231670379639,0.0394376739859581,1
5018b001-8a05-4f11-a9a5-c60fce40c3a8,3857299,1,0.21057192981243134,0.20978397130966187,-0.004746512975543737,0
dc07dd67-fdf5-4ec0-be55-7aff865f937a,3857299,0,0.32604411244392395,0.32484737038612366,-0.005451237317174673,1
fee2f112-fa0a-443d-ae79-811bc3b8b235,3857299,1,0.16864845156669617,0.16797253489494324,-0.004828539211302996,0
0e73c98f-f390-4299-8e9e-7053bbd415f8,3857299,0,0.30731263756752014,0.3122037351131439,0.022876517847180367,1
cc561914-ace0-4696-bf63-c4c9eb31f508,3857299,0,0.42249372601509094,0.4200781583786011,-0.009907841682434082,1
8cfc145e-93cc-4ebb-aa77-9864b9c635ee,3857299,1,0.2182920277118683,0.21704812347888947,-0.0073045785538852215,0
b5892730-92bb-42c4-8001-b11117b203d6,3857299,0,0.4914821684360504,0.49396705627441406,0.009941711090505123,1
1de29ee2-14bb-4322-ac64-4da17c47a5d0,3857299,0,0.3483017683029175,0.34764567017555237,-0.002891756594181061,1
08afe059-eac3-4066-8e5e-47cec7e520f0,3857299,0,0.09741809219121933,0.09683128446340561,-0.006691720802336931,0
dbc24387-7084-4c52-a5e3-ce04447b1db3,3857300,1,0.36331814527511597,0.37443673610687256,0.0477617010474205,1
6a0cb513-da29-46c7-a4ac-bbf52c23e6de,3857300,1,0.07923880964517593,0.0794702097773552,0.003167441114783287,0
26c77034-7710-473f-ad99-00704989b1b6,3857300,1,0.4651099741458893,0.4773659110069275,0.0491890087723732,1
55d1a500-c0d5-4b5c-87df-ba576ea7fddb,3857300,1,0.24028225243091583,0.23093809187412262,-0.05188920721411705,0
8a99a590-66ab-4dba-a7b7-88d524b72311,3857300,0,0.20539475977420807,0.19623664021492004,-0.057071927934885025,0
23049c6e-a15a-4022-92e0-851344e97ef0,3857300,0,0.1363847255706787,0.141556054353714,0.043221987783908844,0
3cc95c58-22b0-45eb-841e-84b5f700fd81,3857300,0,0.2884880006313324,0.29460254311561584,0.029604624956846237,1
5c67cc6c-683f-4d95-ba82-e7eed8a171b4,3857300,0,0.12224625051021576,0.12658652663230896,0.03984565660357475,0
f0755c91-a25a-4574-be36-4f213c64e68e,3857300,0,0.3393356502056122,0.3397613763809204,0.0018984666094183922,0
42166441-49e8-4c18-9cf5-23cb6cd18879,3857300,0,0.22616420686244965,0.23466601967811584,0.04794939607381821,1
5faa3868-9aaa-4afb-9eef-7e8ceb975366,3857300,0,0.13546912372112274,0.1395847052335739,0.03469966724514961,1
ea6a3094-680b-4e9d-9ff0-9e86a6857fc0,3857301,0,0.10787108540534973,0.10738261789083481,-0.0050860303454101086,0
842f3b67-b8d2-41d4-b6cc-e467a183c56b,3857301,0,0.23983946442604065,0.23777206242084503,-0.01137341558933258,1
5b212de8-a2c3-4db5-b2b9-a6dda224a538,3857301,0,0.2619800865650177,0.26136165857315063,-0.003201001789420843,0
366527a5-b532-4953-8a73-5e8d1d68ec24,3857301,0,0.23109188675880432,0.23067434132099152,-0.0023514190688729286,1
235bda66-d45c-4ece-afc8-f9ffdf650d48,3869117,0,0.07168693840503693,0.07499079406261444,0.048622213304042816,0
6f477c84-c1cf-4382-ae08-2d5cac88cf17,3869117,0,0.22979088127613068,0.23241472244262695,0.014766251668334007,1
1b3b5af5-5f0a-4e50-bbc2-1afebaaa6f8c,3869117,0,0.20571725070476532,0.21264994144439697,0.04191121831536293,1
3d3e0f4e-1d4c-4d80-85ec-be3c9e056c32,3869117,0,0.1617448776960373,0.16536037623882294,0.026429276913404465,0
28afe98b-932d-4fb3-af1a-b08f235bc544,3869117,0,0.1371656209230423,0.14214450120925903,0.0414421372115612,0
b35bc062-a8b9-492f-8f62-a482205ad4fc,3869117,0,0.11773249506950378,0.11873601377010345,0.009625653736293316,0
a92d1c0c-9be5-46bc-bb0e-2146561a683f,3869117,0,0.22522883117198944,0.23350399732589722,0.046820688992738724,0
2d5b9ede-704d-4f40-bf4c-3b4754ca631e,3869117,0,0.04602576792240143,0.04798238351941109,0.04368574917316437,0
4fbdc53f-db5f-4994-95f9-07d1b3e14f3c,3869117,0,0.17102712392807007,0.17764468491077423,0.045978154987096786,0
242e85fa-eccc-4b2b-aa8a-0575ef131073,3869117,0,0.29555192589759827,0.30504727363586426,0.045193012803792953,1
774b4129-8dcb-4cc7-b40e-6305bfcb21da,3869117,0,0.08975127339363098,0.0867149829864502,-0.03774573281407356,0
46c66a93-f97f-41c9-bf8c-6e9822388804,3869117,0,0.08814382553100586,0.09295406937599182,0.05842472240328789,0
a8bd7d84-7a9a-48b0-b998-4e1b2af2ffcb,3869117,0,0.21012528240680695,0.2187202125787735,0.051030490547418594,0
1a10cb5a-0c91-4012-aed0-5e2c83c45d88,3869117,0,0.2849869728088379,0.2932080328464508,0.04000324755907059,1
c92e9b14-54ed-4e8c-b71d-953a24dddd64,3869117,0,0.18737438321113586,0.19175419211387634,0.028510011732578278,0
32751ce2-1bd0-41ae-a4cb-08c4c303b93d,3869118,0,0.1504715085029602,0.1493992805480957,-0.00841277651488781,1
a8bdfcd0-d7b9-4543-aea2-88c51a010434,3869118,0,0.23182561993598938,0.23037031292915344,-0.008190082386136055,1
4fb1288d-179a-47af-a85b-9b871f0f8375,3869118,0,0.299449622631073,0.30144524574279785,0.009494917467236519,1
d1c2807b-8f69-4888-b614-f503a4a75589,3869118,0,0.2928711175918579,0.29304710030555725,0.0008495610672980547,0
8f559c92-ad81-4613-b3c9-c3d0a4c9fec9,3869118,0,0.04944736137986183,0.04961894452571869,0.003644390031695366,0
64ec3243-500b-49ea-82a4-dcfd1f7bf892,3869118,1,0.4373677372932434,0.4352172613143921,-0.008743930608034134,1
967b5fe1-0dd5-4718-9222-85c5e36ec5a2,3869118,0,0.27225008606910706,0.2790466248989105,0.03404087573289871,1
3f6f57d4-0093-4253-a4db-b3d11cd5f950,3869118,0,0.018592188134789467,0.019219836220145226,0.033841248601675034,0
206624d0-5b8d-42fb-a9ba-acaf0d80ff4f,3869118,0,0.382628470659256,0.3852229416370392,0.010969068855047226,1
b836f366-777c-4375-9d29-2782f880f7e1,3869151,1,0.4171404242515564,0.41840359568595886,0.005193169228732586,1
dbc23150-eeba-426f-a146-3bfc8064d683,3869151,0,0.2314082682132721,0.23863878846168518,0.040219709277153015,1
1ec3c44f-5a39-4bf7-8842-85489bc38bb5,3869151,0,0.19893121719360352,0.19402305781841278,-0.031090345233678818,0
05c11f58-eed3-4b6a-b782-2fa0db00c474,3869151,0,0.08386669307947159,0.07973100244998932,-0.05507425591349602,0
29a49fa2-5099-4be4-a388-130ebd539d18,3869151,0,0.15658429265022278,0.15853162109851837,0.014671244658529758,0
c5d6929c-585a-4520-aca0-f6135fc2d7d9,3869151,0,0.07966441661119461,0.07981965690851212,0.0021155886352062225,0
2bef4e57-48ca-475f-af8f-b160336d00f7,3869151,0,0.17900922894477844,0.1840583235025406,0.033984243869781494,0
813bb1e4-0ae0-41c7-ba3c-4c41d9d56ef1,3869151,0,0.251446932554245,0.2411932349205017,-0.055238667875528336,0
be6af5ab-9905-450c-82e7-5b5f15f25ddc,3869151,0,0.3024793267250061,0.3004053235054016,-0.009849338792264462,0
108304da-110c-4205-9b81-83341ae684bc,3869151,0,0.2726407051086426,0.2636875808238983,-0.045623697340488434,1
42e89997-057f-48d0-8878-b0385adf870e,3869152,0,0.06776496767997742,0.06774769723415375,-0.00027350522577762604,1
e9113074-9a5a-48ca-bd95-40a10b4179a8,3869152,0,0.27055102586746216,0.2670610249042511,-0.017756598070263863,1
fc7aa1a8-5993-47de-aac8-5927c1fcd90f,3869152,0,0.2690725028514862,0.27814045548439026,0.045629069209098816,0
1aadc307-050a-49cf-9f10-0674aadfef27,3869152,0,0.17389270663261414,0.17632104456424713,0.0168117918074131,1
2ed4857f-f6af-4f42-bd2b-d27e2d188a4f,3869152,0,0.2552030384540558,0.25409039855003357,-0.005862163845449686,0
20fef869-57ca-487f-b0df-9006230365ac,3869152,0,0.3961392045021057,0.3978142738342285,0.006997350603342056,1
1d3ecfb5-8c79-4164-956e-f6c1adde0e75,3869152,0,0.23008860647678375,0.2324216365814209,0.013123545795679092,0
abb0f463-a386-47aa-8006-190b02ffcaf5,3869152,1,0.23719708621501923,0.23811016976833344,0.005039975978434086,1
e0c7c958-f131-4228-b8bc-bcb296afcb5d,3869152,1,0.31652572751045227,0.31533941626548767,-0.005489102099090815,1
08f97086-b398-44fa-99b0-3314f3c2481f,3869152,0,0.09651913493871689,0.09630530327558517,-0.002454584464430809,1
58d4f80c-cc1d-4b83-be66-ce580621a4fe,3869152,0,0.27452078461647034,0.2760511338710785,0.007670779246836901,1
720f64db-3244-4565-9aa5-545072dd4635,3869219,0,0.27132830023765564,0.26660048961639404,-0.024045605212450027,1
4d8cac2d-1007-43b4-8887-d9b1bd65d067,3869219,0,0.2434876412153244,0.24486520886421204,0.007464267313480377,1
9cc14ca1-b1fd-4b2e-90cd-99abdb42fe56,3869219,0,0.11277694255113602,0.11117974668741226,-0.01606236770749092,1
562a9441-3cd5-49e7-adf5-60b27019de8e,3869219,0,0.11444000154733658,0.10490364581346512,-0.09771973639726639,0
60142ee4-1c32-42e2-861a-87135144d050,3869219,0,0.22917374968528748,0.22331394255161285,-0.03347506746649742,1
4d8220b7-4868-41b0-b796-1a3d968cea7c,3869219,0,0.481291800737381,0.4677993059158325,-0.05411359295248985,0
a6dae17e-9a5d-4afe-ad16-41eddb3d58d0,3869219,0,0.22312268614768982,0.2263796180486679,0.018692556768655777,1
dc0ad6b8-31f0-44d2-8cb8-b6e8d3b59722,3869219,1,0.17930087447166443,0.1677088588476181,-0.080861397087574,1
873642d4-4105-4154-a1c6-8dce2f0bbd35,3869219,1,0.139077290892601,0.13120584189891815,-0.06736387312412262,0
a7684121-4a9c-4371-b25b-25b0a4d61a32,3869219,0,0.3629400432109833,0.3516285717487335,-0.04926217719912529,1
a387cd7d-fb3d-4f4a-9fdd-0af7ff6f4639,3869219,0,0.1283167153596878,0.12619781494140625,-0.019078899174928665,1
34a82318-642c-449c-880a-baefa0c80467,3869219,0,0.14750245213508606,0.13923057913780212,-0.06736978143453598,1
b9ba5f25-2173-4fb5-82b7-e305be4c2e00,3869219,0,0.06615423411130905,0.06071244925260544,-0.09165051579475403,0
4978c510-6baa-4d2a-92e2-70207a67577d,3869219,0,0.3285107910633087,0.3377068340778351,0.04139815270900726,0
f35e7752-668f-48a9-8df5-edd58f2dc186,3869219,0,0.09656550735235214,0.09465912729501724,-0.02204720303416252,0
31fbaedf-7e1a-4c94-a1d7-2dbdecb94dd4,3869219,0,0.08819729089736938,0.0922798216342926,0.049736782908439636,0
dc959415-5404-4127-ac13-f87d268c636e,3869219,0,0.271386057138443,0.27425146102905273,0.014443422667682171,0
cf92334c-1a82-4b2d-a2c2-306c8c637898,3869219,1,0.1673113852739334,0.15572042763233185,-0.08561832457780838,0
669253ad-5a52-49f8-8699-46e64e8ce3dc,3869219,0,0.16460928320884705,0.153262197971344,-0.0849161446094513,0
0058d654-a567-4528-b133-8e6680bc5b1b,3869219,0,0.4864645302295685,0.4688243269920349,-0.07070968300104141,0
6d4d0881-692d-4ea9-906e-23d06f40afd8,3869219,0,0.06648559123277664,0.06571405380964279,-0.012498592026531696,0
88c3811c-5f02-4a38-b52f-b5a4ced04aa4,3869219,0,0.16917331516742706,0.16759949922561646,-0.01123893354088068,1
e7c4c3c3-13a9-4f07-95a6-5fb9bcc80552,3869219,0,0.5195805430412292,0.5075229406356812,-0.0482681505382061,0
ec2aa708-ae18-4e3b-94ad-ab7316d56162,3869219,0,0.2756943106651306,0.24814437329769135,-0.1426127403974533,1
6dec1285-b6b5-4268-b7c3-f5f106c7b62d,3869219,0,0.20121657848358154,0.20494511723518372,0.023039115592837334,0
26c857d3-234c-4e85-b14c-caa68604b089,3869219,0,0.39103636145591736,0.3825872242450714,-0.035623155534267426,0
df760df1-35c6-4cfc-8468-52115d9fff08,3869219,0,0.40116584300994873,0.39033201336860657,-0.0453069843351841,1
24ce3698-7d50-4624-92c6-1a826c480e42,3869220,0,0.2519730031490326,0.26003533601760864,0.04233215004205704,0
574c9f8e-a2e5-4c80-a2f1-1f1b3537f0bc,3869220,0,0.0655098482966423,0.06492212414741516,-0.009640688076615334,0
3915e97e-8bc9-4d3e-a3e6-c5c4862caf96,3869220,1,0.24794365465641022,0.2522895932197571,0.023171676322817802,1
e136e3f1-a45f-4820-a77e-a8387fd39b1e,3869220,0,0.18769988417625427,0.18807470798492432,0.002456465270370245,0
22153b81-e152-4fce-9b50-c9fad9d42790,3869220,0,0.316349059343338,0.316429078578949,0.00037006475031375885,0
01b39a97-7042-4306-84e4-44c5ff46a13e,3869220,0,0.10224569588899612,0.10315478593111038,0.009865029715001583,0
92c9cf20-eb80-4c61-a099-8c8211a79ffb,3869220,0,0.13563132286071777,0.13600951433181763,0.003222142346203327,0
e674c68d-a7f6-45e2-b3cc-23e5d31533c5,3869220,0,0.09115029871463776,0.09108235687017441,-0.0008203531615436077,0
50ef35a4-0e26-439b-86d2-001a14dcb4e1,3869253,0,0.1234489381313324,0.11533933877944946,-0.07715825736522675,0
b68c5dc1-3715-4a8d-a0dd-4a9c76f43caa,3869253,0,0.22629739344120026,0.2257828563451767,-0.0029410282149910927,0
2deda279-7f34-4264-803c-c47861bc6dbc,3869253,0,0.13157311081886292,0.13083797693252563,-0.006449052132666111,1
503a5be1-0732-430b-847d-8db83fcf59c0,3869253,0,0.1768980771303177,0.171330064535141,-0.0387236513197422,1
e068b374-281f-4056-b458-8ca328ebbf8c,3869253,0,0.3417019546031952,0.32367292046546936,-0.08122429251670837,0
735e827e-ad4d-4a6c-a879-5c8131fd5f37,3869253,0,0.3115760087966919,0.3002685308456421,-0.05325785651803017,0
eed664c3-ab87-43fd-ad75-c08475e219dd,3869253,0,0.2879612147808075,0.27668261528015137,-0.05567050352692604,0
d875b6b8-cb4c-4b40-92d8-06d134d33353,3869253,1,0.6340415477752686,0.6375951766967773,0.015347138978540897,1
a48f8120-f3cd-4551-aa1a-d0934fa7ca83,3869254,0,0.259169340133667,0.27102920413017273,0.06088334321975708,1
0e007f2f-e88a-432d-81d7-c4d13741a227,3869254,0,0.14037783443927765,0.14339207112789154,0.02475758083164692,0
0c1dd981-395c-493e-a107-36cb9c6a9e9c,3869254,0,0.23539383709430695,0.24942779541015625,0.07643438130617142,0
9e65cc2f-ab78-40d7-b94f-d0e0fe5a623c,3869254,0,0.22643989324569702,0.23421843349933624,0.04388091713190079,0
4038853d-9264-4ffb-8ee6-3246c6dacd48,3869254,0,0.10136627405881882,0.10693402588367462,0.05968666821718216,0
d80f4cf5-fd92-4810-9161-fcb9d8898a02,3869254,0,0.09287162870168686,0.08138798177242279,-0.144570454955101,1
8a3bfcdd-ce5a-46a7-8fb5-22a7dea6a132,3869254,0,0.15723562240600586,0.15358367562294006,-0.027823813259601593,0
af70c018-2b33-49bb-aea2-7b26a44a5adf,3869254,0,0.22022363543510437,0.22430944442749023,0.023636557161808014,0
c3768cbb-9ed6-4693-a875-6f64933a912e,3869254,1,0.12162596732378006,0.10550180822610855,-0.1604127138853073,1
0dec225a-db58-47c8-863e-c06c13a7faf5,3869254,0,0.2523801028728485,0.3325326144695282,0.38920581340789795,1
5a2e06a0-d2f1-4878-8ff2-0138865cbbb7,3869254,0,0.05349011346697807,0.053888410329818726,0.00783954281359911,0
0bdebc81-7ce5-45e4-838b-e343005a298b,3869321,1,0.14312006533145905,0.1431151181459427,-4.0325336158275604e-05,0
8be4cf4c-1219-448a-8d54-a22a92023ec1,3869321,0,0.4098113179206848,0.4090178310871124,-0.003281724639236927,1
5b94f481-b986-410e-9eef-53f366eb0c63,3869321,0,0.12618812918663025,0.1260269433259964,-0.0014625359326601028,0
f9389d64-eece-4833-b27c-5a5c3e24baa4,3869321,0,0.11587002873420715,0.11457644402980804,-0.012688781134784222,0
abe5f41b-1b9a-4d1a-bce0-9bd1667d5116,3869321,0,0.19195349514484406,0.19023115932941437,-0.01114231999963522,1
2402aca5-0e64-44ef-9869-111a4d905d56,3869321,0,0.06495793908834457,0.06557178497314453,0.010062124580144882,0
82ce5c73-6304-4bc8-a0d7-1db46232ef78,3869321,0,0.08609773218631744,0.08584711700677872,-0.0031894156709313393,0
2eaf72c2-5e19-4466-ae87-cc5ba9e5ae9a,3869321,0,0.19900766015052795,0.19846467673778534,-0.003409893251955509,1
abc10a72-8b9e-4fc6-b8cf-931f452bbe31,3869321,0,0.17665401101112366,0.1763952523469925,-0.0017801746726036072,0
8848e6ee-6d35-4b95-8aa6-08030e6fe9f6,3869321,0,0.09616303443908691,0.09646342694759369,0.003451281227171421,1
d9f61d39-c871-4e70-a66f-80f4109aeff0,3869321,0,0.06986213475465775,0.07023758441209793,0.0057634636759757996,0
34500e95-8d8b-4c43-95c0-3a5c5d2d6af6,3869321,1,0.12721626460552216,0.12727859616279602,0.0005611199885606766,1
4b846980-047c-4ca4-8d3e-d20f8d38460a,3869321,0,0.09193695336580276,0.09190640598535538,-0.0003660377115011215,0
47263558-db68-4433-914e-99b6e36c84dc,3869321,1,0.19725605845451355,0.19809113442897797,0.0052653164602816105,0
eee191e9-df86-4fec-9bd2-8da1c1f0ddec,3869321,1,0.1947205662727356,0.19432823359966278,-0.00250382162630558,1
e8615146-b8a3-491d-af67-c47358de9ba8,3869354,1,0.28675389289855957,0.2836148142814636,-0.015398711897432804,1
047e3d64-c1d3-4f91-9a27-d1e817f0837f,3869354,0,0.13325560092926025,0.13927750289440155,0.05117123946547508,0
e20314ce-04eb-4cd9-a4e8-d7c3a7d22919,3869354,0,0.19589084386825562,0.18926091492176056,-0.04264217987656593,0
144fbb92-4f04-466e-a7cd-3488f633b5d7,3869354,1,0.17256025969982147,0.16254454851150513,-0.07182623445987701,1
ddf656e0-37c7-42a9-96b3-3ed3a6825fc8,3869354,0,0.1050242930650711,0.10937333852052689,0.04544657841324806,0
30e5fc4e-0f2b-4305-ae77-09622cd214e8,3869354,0,0.14945876598358154,0.15283866226673126,0.026344042271375656,0
a829f868-0252-4e9e-ba76-22fdb2d092ff,3869354,0,0.17683492600917816,0.16685187816619873,-0.07016503065824509,0
41840bf0-baca-4aea-84ec-beba00b2ae04,3869354,0,0.0919198989868164,0.0867910087108612,-0.06304678320884705,0
ac6c987b-44a2-46c5-b607-515e3031e8d8,3869354,0,0.4040250778198242,0.4122062027454376,0.03386913985013962,0
db05188f-08db-4d26-91ab-71dd97eed4a6,3869354,0,0.12299145013093948,0.13038934767246246,0.0668812021613121,0
1e4799f5-43ce-4da3-97f6-09a55d88bd4a,3869354,0,0.34114977717399597,0.3365585207939148,-0.020493902266025543,0
e8546380-a578-4a20-b11a-aad4c5726170,3869354,0,0.1776706874370575,0.1683323234319687,-0.0652836486697197,0
7ae9c17c-f058-4143-9a17-4dcfbe8267ee,3869354,1,0.13923777639865875,0.1391172856092453,-0.0010056355968117714,0
341a1fb3-c9e9-4fde-a4c3-b97a3e77ead8,3869354,0,0.09484925866127014,0.09399828314781189,-0.009951991029083729,0
287e83dc-8fb6-4d04-b605-e5073c3c84f2,3869354,0,0.2419903427362442,0.2265530228614807,-0.08607982099056244,0
630410f7-67f6-4be9-b48b-9bb9912763ca,3869354,0,0.24511729180812836,0.24120180308818817,-0.021276388317346573,0
f6b38931-aba7-40c7-ac88-c85505807812,3869354,0,0.3828463554382324,0.36166059970855713,-0.09067955613136292,0
8d566bd3-ace0-4813-878d-abaeb5c5730f,3869354,0,0.21093249320983887,0.21589915454387665,0.029587581753730774,0
d5369ae8-7a8a-4e85-8679-1f6ca3de818e,3869420,0,0.0704236701130867,0.07118352502584457,0.011549599468708038,0
188acbac-c604-4a35-83a8-91c2465c98d2,3869420,0,0.21695876121520996,0.22545906901359558,0.04934623837471008,0
8bf9fb29-7574-4520-a433-18ac599d63b4,3869420,0,0.056561365723609924,0.05694137513637543,0.007098950911313295,0
8f66b65d-cd63-4ca7-bd55-12c26f75fe15,3869420,0,0.1820431649684906,0.1841830164194107,0.014305589720606804,0
bbf3b207-095a-48fd-a440-76ffddd1dbfa,3869420,0,0.2099066823720932,0.21043266355991364,0.0031685996800661087,0
946d168a-14b7-4c67-9fbb-ebd9bbf7d8cb,3869420,0,0.39074793457984924,0.3927728235721588,0.008497899398207664,1
b27ab156-21d3-4636-a2dc-333ff07d1589,3869420,1,0.4680112302303314,0.464886337518692,-0.012556081637740135,1
1a36dd14-067c-4a47-b50b-e32212af19a0,3869420,1,0.1664429008960724,0.1743583381175995,0.05600164085626602,1
56b897db-2e51-45ef-a833-cb8df3510dc8,3869420,0,0.29011449217796326,0.2879068851470947,-0.010743580758571625,1
e857db7f-85ae-45e4-9539-23963b8c8ed2,3869486,0,0.11298631131649017,0.11367715150117874,0.006875098217278719,0
5566e6be-63e1-447d-9637-709b643ab7f0,3869486,1,0.2548433542251587,0.2543024718761444,-0.0028503499925136566,0
30d5a259-9769-4376-89fc-2fadd52818d0,3869486,1,0.23536361753940582,0.241289421916008,0.03264547884464264,0
9cf4c1a7-beff-4b2b-97eb-acb4857dd9a7,3869486,0,0.059014566242694855,0.06173696368932724,0.04799583926796913,0
e6dc7d8a-d75f-4049-8284-1bffdff679b4,3869486,0,0.3734090030193329,0.37736254930496216,0.01686161383986473,1
fac77a70-7fbe-4aa4-9897-82fae69764a8,3869486,0,0.06208588555455208,0.062473755329847336,0.006641316693276167,0
a7d097c5-3625-4610-8434-55b31cf1ab08,3869486,0,0.12587052583694458,0.12695707380771637,0.00983896292746067,0
18b6c3c4-0ed6-4f97-882f-442de5d14e2e,3869486,0,0.1415107101202011,0.14705799520015717,0.04493410512804985,0
6490381f-411a-484c-b0e7-fb885d1324d7,3869486,0,0.07058776170015335,0.07209360599517822,0.02273014560341835,0
1426c2a8-4529-4392-9f15-3a714fe07ba5,3869486,0,0.3412919342517853,0.3422647714614868,0.004324357956647873,1
2cb0ee91-5ad9-4409-833e-a0d2d6e52be5,3869486,0,0.0733584463596344,0.07336889207363129,0.00015359604731202126,0
c520c2ef-6d95-4115-aa6f-36b706e88acd,3869519,0,0.24009771645069122,0.2422911822795868,0.011984838172793388,0
068513e5-6ac2-4d8d-a00d-cead88217cf8,3869519,0,0.2110057771205902,0.21189117431640625,0.0053102364763617516,0
9b22def3-10ce-47be-a585-3045ac117516,3869519,1,0.4356778860092163,0.44991758465766907,0.057718321681022644,1
6fad1ddd-bd29-40bb-ab02-3c0695763040,3869519,0,0.4344194233417511,0.43420735001564026,-0.0008630943484604359,1
4280aea6-11b3-4d7e-a659-49d748344b23,3869519,0,0.09595239162445068,0.09671339392662048,0.00874183140695095,0
f39e843a-ee80-4254-a6d0-246fd0411152,3869519,0,0.15264055132865906,0.15156586468219757,-0.008332956582307816,1
8239afe2-d435-420e-a41e-cff46a6a7ec3,3869552,1,0.48362916707992554,0.5081204175949097,0.09799137711524963,1
cc3a011b-6742-4df2-a6da-8c06fd29ae27,3869552,0,0.08449365943670273,0.07713067531585693,-0.09918569028377533,0
fc1ff593-1181-403f-82d7-a14bcf5ab6bb,3869552,0,0.39539116621017456,0.3996347188949585,0.017718864604830742,0
d54ed379-6fd2-4ad7-8401-bdad31e18c0e,3869552,1,0.30345988273620605,0.30665862560272217,0.015088673681020737,1
4f953f2e-65a2-4a04-b416-ea50abed6a59,3869552,1,0.5114182829856873,0.5485721826553345,0.14922229945659637,1
b9499a7b-3d27-439b-a59e-976d038e3c36,3869552,0,0.2008165419101715,0.20072969794273376,-0.0005412041209638119,0
83ba0aef-ca0e-44e3-ac66-6d634c2601f1,3869552,0,0.03294607624411583,0.029212908819317818,-0.1241142526268959,0
435ed373-6698-401a-bf51-a856e1adf3f0,3869552,0,0.06170615926384926,0.0588771291077137,-0.04994163662195206,0
bd295f0c-b8ff-4f38-a362-d7c5858c42fe,3869552,0,0.35063186287879944,0.3516567051410675,0.004498024471104145,1
536501ec-0822-47bc-af78-73989cda77fb,3869552,1,0.43050840497016907,0.5442034602165222,0.45705369114875793,1
b2570717-89e3-4066-a789-5c1b44cb2ea4,3869684,0,0.17851029336452484,0.18144363164901733,0.019876044243574142,1
eb5fcdd5-a3b4-4a88-9b3e-877e9f2b0910,3869684,1,0.16794276237487793,0.1742853820323944,0.04472288861870766,1
76cab884-c51d-44b3-ab83-a90fb8c6cd81,3869684,0,0.27229902148246765,0.28110790252685547,0.04401665925979614,1
8ec8d9a2-db27-4a58-aea0-f0ad402b04a7,3869684,1,0.25355005264282227,0.2639133930206299,0.054040540009737015,1
932e2dd2-f791-4b3a-ba14-d456124aadff,3869684,0,0.07468125969171524,0.07777582854032516,0.043951474130153656,0
0222761a-240e-4eba-a797-c5719b023c1c,3869684,0,0.03832272067666054,0.04009638726711273,0.04708942398428917,0
885bfd8f-f6a7-4c98-929d-b353c03c76a7,3869684,0,0.2511352598667145,0.2579796612262726,0.03607083112001419,1
2d4242c8-85fc-4d55-a103-969206b81f82,3869684,0,0.06708281487226486,0.07038367539644241,0.05157816410064697,0
3dd00261-a86f-4358-89ec-f4a19aa6e1f2,3869684,0,0.10887720435857773,0.11434761434793472,0.05518009886145592,0
4a9bb124-9586-47b9-91ea-f36b8f84fbd0,3869685,0,0.08098319172859192,0.08189133554697037,0.012140167877078056,0
2f828f48-9e9f-4305-9dde-8a20ba48391d,3869685,0,0.2536618113517761,0.25351274013519287,-0.000787507276982069,0
a13637f8-0311-41c1-a5e0-043a5d7539f2,3869685,1,0.0624413900077343,0.0626363530755043,0.003325514029711485,0
a2890655-03a2-4098-b820-03133790f716,3869685,0,0.41931813955307007,0.4207349419593811,0.005815863609313965,0
f6facad1-92eb-4fa8-95cd-1aa1f20bec49,3869685,0,0.10160833597183228,0.10095254331827164,-0.00720474636182189,0
974a316a-e759-4389-8eb3-ae7c7fc37c4f,3869685,0,0.17986194789409637,0.17825019359588623,-0.010964801535010338,0
23b5f45d-7557-46df-9be0-7bf98e232b97,3869685,0,0.22792433202266693,0.23608720302581787,0.04581640288233757,0
472c13d2-1d5c-403d-8d40-422df81964d8,3869685,0,0.23279882967472076,0.23384256660938263,0.0058347973972558975,0
d025f93d-7829-442e-9df3-4450bd0b487e,3869685,0,0.3709346055984497,0.37008339166641235,-0.00364956958219409,0
61e41a6a-9bc5-4f55-966f-bc7d14496bf3,3869685,0,0.26859673857688904,0.274640291929245,0.030548423528671265,0
d98e3862-2d25-4b7c-92e7-0eeb3525a6e9,3869685,0,0.10922092944383621,0.10853271186351776,-0.007093511056154966,0
8dcd6421-1848-4935-ae2e-a355ca7491b0,3869685,1,0.43207141757011414,0.44475021958351135,0.05149945989251137,0
c8097998-0708-4718-8d1f-f35f045f916c,3869685,1,0.41494253277778625,0.41177186369895935,-0.013075372204184532,1
45809e76-264f-4355-9afe-404e59110c66,3869685,0,0.3147960603237152,0.31438109278678894,-0.0019245408475399017,0
01c6e5ae-c1bd-40ff-bfb1-e03d6b3f751d,3869685,0,0.08211435377597809,0.08201586455106735,-0.0013075792230665684,0
8f2f8b79-9f53-434c-9489-75053b94de4d,3869685,0,0.1270177662372589,0.13084237277507782,0.034057073295116425,1
c33ce821-3746-4c39-8550-9684e066f61a,3869685,0,0.20296603441238403,0.2023959904909134,-0.003527346532791853,1
d8d81581-599b-4e57-9126-234b4f8fe5ac,3869685,0,0.08030738681554794,0.08059211820363998,0.003848872147500515,1
681cd5a4-5494-4bd3-b533-c1d7519b2a2e,3877060,0,0.4089733064174652,0.41232457756996155,0.013847365975379944,0
a6839ab7-3e0a-4b32-b04e-9ce367c15fb0,3877060,0,0.23387563228607178,0.23918531835079193,0.029403746128082275,1
5b944b2a-78dc-4ed2-bc5d-bde7495a4f5a,3877060,1,0.1862020492553711,0.18749579787254333,0.008515100926160812,0
04189262-0a3b-475c-a815-eb46e649c0bd,3877060,0,0.11629517376422882,0.11705382168292999,0.007361267227679491,0
be938d86-49f7-4d45-8693-db42682113d6,3877060,0,0.1301722377538681,0.1303863674402237,0.0018898788839578629,0
13625adf-7d4e-4a65-918c-a114838dcaa9,3877072,0,0.09793011844158173,0.09129921346902847,-0.0774359181523323,1
f3fec1ae-388b-4a1b-a675-32d5b38e1742,3877072,0,0.10503505915403366,0.10766211152076721,0.027643289417028427,0
61bf980f-09ee-45f7-9046-67df111efe77,3877072,0,0.051517702639102936,0.04840835928916931,-0.06552565842866898,0
5cb948bc-4d7b-4a95-868c-6bfff91c3018,3877072,0,0.07704118639230728,0.08226688206195831,0.07130645215511322,0
0dedd4e6-bf99-4e6d-9359-cb0eb362e50b,3877072,0,0.21715021133422852,0.20657943189144135,-0.06331691890954971,0
7884ce1f-53f2-4143-97c6-607d876c1b95,3877090,0,0.2585568428039551,0.2647479474544525,0.03204786032438278,1
5c0be0cc-6acb-410a-98bd-982a756c4e70,3877090,1,0.09556593745946884,0.11285211145877838,0.18555940687656403,0
bda0c30a-507a-455e-a50b-2e4c3cf355ab,3877090,0,0.13850750029087067,0.12626834213733673,-0.10662208497524261,0
c4688711-42c6-4385-a44f-bbb51d477777,3877090,0,0.2164841890335083,0.23057492077350616,0.08120599389076233,0
54b60497-d690-4053-bf65-f931cbc6345b,3877090,0,0.10555288940668106,0.09514060616493225,-0.11543001979589462,0
44e60faa-0917-46d4-94c1-3a03ed969652,3877090,0,0.4438718557357788,0.4913351237773895,0.1908000260591507,1
5bc87cbd-db36-4bd5-a4d7-c07ed5435238,3895052,1,0.07933752983808517,0.07724595814943314,-0.02898605540394783,1
14022cd3-9728-4cd7-98bf-0f2f9d427d25,3895052,1,0.18993957340717316,0.1899702101945877,0.00019908323884010315,0
1e3d2cbf-b9a0-43fb-9835-69821e6187af,3895052,1,0.168405219912529,0.16244487464427948,-0.04317622259259224,1
12032632-440e-43e3-b77c-4d1b637d223e,3895052,0,0.07938902825117111,0.07827715575695038,-0.015311510302126408,0
721dbf0c-a4a6-477b-aeeb-7a35b74ea48d,3895052,0,0.1331363022327423,0.12812119722366333,-0.04416552558541298,1
fee18b35-b7e9-4b88-becc-ffe086391ed2,3895052,1,0.06924179196357727,0.06799662113189697,-0.01948358118534088,1
a8aa1263-3b1e-4640-89e7-434c09d27f53,3895052,0,0.15544140338897705,0.15641751885414124,0.007416342385113239,0
87adc7d5-af93-461c-8e37-44fb0e8dd4ae,3895052,1,0.23357076942920685,0.22911030054092407,-0.025084465742111206,1
aa159657-303f-469b-bf5f-6995d7849a0f,3895052,0,0.29402050375938416,0.2964390218257904,0.011623629368841648,0
2da5d3ff-deec-4d16-b866-8a7d1fbb93e9,3895060,0,0.1548532247543335,0.16104234755039215,0.046539630740880966,1
d0c874f5-c964-4141-8b5a-b4603dc98153,3895060,0,0.1255442202091217,0.12932661175727844,0.0340178944170475,0
adc6b847-abc1-4e9e-a5a6-ad44f825f339,3895060,0,0.13909192383289337,0.14474524557590485,0.046428702771663666,1
82660486-852c-4364-a51f-2391d50fa19c,3895060,0,0.030884843319654465,0.03230583295226097,0.04644970968365669,0
89be9981-038a-4943-83fc-9fa363d16c17,3895060,1,0.056778036057949066,0.05986898019909859,0.056291405111551285,0
e7cdba66-17bb-4b20-b6b5-bb88749b2cf6,3895060,0,0.10558322817087173,0.10825112462043762,0.027941487729549408,0
7b27d54d-2844-4a7d-b66b-5f11e720c9b3,3895060,0,0.375244140625,0.3879902958869934,0.05401633679866791,1
114f7913-a9e1-4102-90fd-82354bb18142,3895060,0,0.22632117569446564,0.2303255796432495,0.02272801846265793,1
c8095c62-7453-463a-8f11-f45a07e2d6a1,3895067,0,0.05487992987036705,0.053768888115882874,-0.0216277614235878,0
d53c3462-aa56-4d95-ab95-6ee2d4f78636,3895067,0,0.08548866212368011,0.08870458602905273,0.04045048728585243,0
52986c02-91fb-42f4-b028-11b2249bc4c3,3895067,0,0.1408844292163849,0.14102859795093536,0.001190672628581524,1
9336ebff-4431-482f-82f1-87c0b5d537d6,3895067,1,0.27697351574897766,0.26907041668891907,-0.039820052683353424,1
197b6b1c-7042-4533-88e8-5925aa9009b7,3895067,0,0.31155458092689514,0.30909883975982666,-0.011474118568003178,0
3e32b46d-319e-4f22-b480-4c451554d3b6,3895067,0,0.2716217041015625,0.2689307928085327,-0.013643738813698292,0
92be6eb9-d6b2-4e4d-a22d-ce52ca29f207,3895067,0,0.08821431547403336,0.08372113108634949,-0.05719373747706413,0
05f4b123-540f-4b43-a68b-46fc44a2574b,3895074,0,0.30568045377731323,0.3077850341796875,0.00989704579114914,0
caf9d3b6-4396-4fd3-ade3-59f5ebb3242e,3895074,0,0.4235458970069885,0.4234105348587036,-0.0005544312298297882,1
e2d7850e-5c42-4d79-ab4a-91e3e16f1963,3895074,0,0.10019378364086151,0.09877284616231918,-0.01586134359240532,1
9f078c9f-f9c8-4c61-a0f8-76c785b1505e,3895074,0,0.09447158128023148,0.09450099617242813,0.00034374650567770004,1
0f453a95-33f6-4317-824c-8e9bb80d9372,3895074,0,0.21823400259017944,0.21770818531513214,-0.003084685653448105,1
9dc77579-156c-46b7-909a-a8baeaa53ba9,3895074,0,0.28906071186065674,0.2882239818572998,-0.004075142554938793,0
fed69d20-832f-4646-bc1e-3061d0ee2808,3895074,0,0.2771008312702179,0.27656230330467224,-0.0026900479570031166,0
569b9cdd-bd9b-4cdd-ae8c-90341b882a94,3895074,0,0.11342335492372513,0.11254091560840607,-0.008805169723927975,1
99e0c535-eb27-4263-bf0d-fd14f94b5f6b,3895086,0,0.07669458538293839,0.07804439961910248,0.01890975423157215,0
d0793566-ef87-45a9-b8df-39566408c616,3895086,1,0.03645991161465645,0.03716452792286873,0.019872823730111122,0
204ce650-e358-4dae-8133-812385cafcf8,3895086,0,0.04182209447026253,0.04196915775537491,0.00366382347419858,0
c66252f8-1a6e-4614-b93f-db30aa11e1cf,3895086,0,0.1042741984128952,0.10647829622030258,0.023381050676107407,0
d8bd1268-8bda-4ecc-b304-7e242affda6a,3895086,1,0.07227682322263718,0.07185599207878113,-0.006292964797466993,0
84aab3d0-f43e-48d5-b000-4d4db6186b5f,3895086,0,0.07419146597385406,0.07697220146656036,0.03980320319533348,1
94646ef6-2409-4c0b-a3fc-764b2a57547d,3895086,0,0.055311188101768494,0.05613095685839653,0.015580467879772186,0
51220982-70d9-48ff-aa37-46923f081464,3895086,0,0.07466676086187363,0.0777973160147667,0.04446069896221161,0
48ae3e9b-f068-4b72-8c89-64d3fd6673db,3895095,0,0.2891131341457367,0.2994617521762848,0.04983300715684891,0
0f08928d-929c-417d-9c32-4b22b7ff172f,3895095,0,0.4219745993614197,0.41656336188316345,-0.022224590182304382,0
4e4fcbbe-c87b-441d-ac67-ee53c16fd4f3,3895095,0,0.18057014048099518,0.18584001064300537,0.03521889075636864,1
98c5c877-343b-48be-9024-22a2bc3081dd,3895095,1,0.2740991711616516,0.2980300784111023,0.11722733825445175,0
893e6d7a-38d0-4b64-ba6a-fe71c2701a6d,3895095,1,0.5827228426933289,0.582213282585144,-0.0020953151397407055,0
0be15f0d-8183-41b6-9d8b-22050d364103,3895095,1,0.11522001773118973,0.11680931597948074,0.015497298911213875,0
4191e82f-8c26-43a3-93a6-19ea2f767262,3895095,1,0.14012828469276428,0.12500961124897003,-0.13159744441509247,1
5c0360d8-451e-4fcd-8858-cc8d37ebff14,3895095,0,0.08230765163898468,0.07011891901493073,-0.17346598207950592,0
74dcb29f-ff4f-47d2-80ce-81c7021aebff,3895095,0,0.34783151745796204,0.358411967754364,0.04632148891687393,1
10dc32aa-1350-4762-85af-d1a6430c6eae,3895095,0,0.19147281348705292,0.17577116191387177,-0.10479681938886642,1
57032d0a-fc7c-4ad4-a505-cbfdc996b10b,3895095,0,0.5102954506874084,0.5258480310440063,0.062296900898218155,0
242f77a6-c15f-4648-a036-6a5dc7af67aa,3895095,0,0.03702868893742561,0.037051234394311905,0.0006321016699075699,0
20619fe5-acd9-4561-b937-977ea2e815a4,3895107,1,0.39950528740882874,0.4438702464103699,0.18205739557743073,1
44d96b24-c305-47a9-824d-c1f6a1a2103f,3895107,0,0.22364826500415802,0.219586580991745,-0.023546114563941956,1
046f7eb2-5db8-4b97-be22-ec582ea685a6,3895107,0,0.14347928762435913,0.15376876294612885,0.08134505897760391,1
4d5b7fe0-e201-44e0-ab8c-2eb1d49f5caa,3895113,0,0.20210829377174377,0.2663660943508148,0.36003077030181885,0
62a5dbde-e7ca-440e-b34f-c0d5cfefdeb9,3895113,0,0.36788734793663025,0.3778518736362457,0.04261486232280731,0
a8ac3088-18ce-4640-b22a-9cafa45ed967,3895113,1,0.21597141027450562,0.2231425642967224,0.041853368282318115,0
42fd20cc-f6c6-4675-8f36-f414728f7590,3895113,0,0.1451905220746994,0.15038488805294037,0.04124635085463524,0
5b4be5da-e353-47d1-9aa2-e412034a7cc9,3895121,1,0.15651966631412506,0.15612849593162537,-0.002965927589684725,0
aa38c8ab-3054-4feb-b80a-3a75252713eb,3895121,0,0.17603997886180878,0.1789926141500473,0.020223427563905716,0
ce0e27d4-cb12-49dd-bcec-2b7a7064b20e,3895121,0,0.39492160081863403,0.39344462752342224,-0.006184871774166822,0
d7a20bc3-a51b-4203-ab8b-281a905619be,3895121,0,0.0903024971485138,0.0903267040848732,0.000294574536383152,0
1c7fccce-97c1-42f4-8541-d17e602d15c3,3895121,0,0.12869104743003845,0.12867601215839386,-0.00013407226651906967,0
7097c48f-7a8a-4eef-b86a-feeb1d06acd0,3895121,1,0.17947065830230713,0.1785520762205124,-0.006250252481549978,1
3c36f9b4-3d08-4f2e-acc8-9404d96a48e1,3895121,0,0.0900513306260109,0.09185287356376648,0.021790018305182457,0
12017c27-c9b5-4e7a-b211-9da43f6d49c6,3895121,0,0.30802297592163086,0.30920329689979553,0.005531794391572475,1
3713f8c8-de47-4479-8cf5-a35212fe779d,3895121,0,0.2272162139415741,0.23567451536655426,0.047555118799209595,1
5f063e61-cafb-4a6e-b4c6-b4b231b04fed,3895121,0,0.04592442512512207,0.045937445014715195,0.0002971268258988857,0
216c0326-a3c3-4eab-a94e-6e85508af9e1,3895121,1,0.23959524929523468,0.2399086356163025,0.0017194016836583614,1
586b4154-fd61-4091-a39b-93eeb1389895,3895121,1,0.16906750202178955,0.16800923645496368,-0.007551911752671003,1
acdc0884-057f-471b-b7ae-59efb6ef7510,3895121,1,0.3230387568473816,0.3259442448616028,0.013255184516310692,1
b4e490f4-44a5-48ff-948a-3787e7530c83,3895121,0,0.1073557659983635,0.10777890682220459,0.004407841712236404,0
925c5048-5747-4943-a736-6f40178770c4,3895121,0,0.16030995547771454,0.16623720526695251,0.04339054226875305,1
7386b9eb-f0bf-4fc7-a31e-ac1f37f80811,3895121,1,0.19797448813915253,0.1988898664712906,0.0057549611665308475,0
a409b937-5973-497b-a10f-bb047f089954,3895121,0,0.06374324858188629,0.06439676135778427,0.010898392647504807,0
4f0f9b3d-3bb1-486d-bb22-809466ef54b1,3895134,0,0.1376740038394928,0.13898804783821106,0.011024370789527893,0
27dee45d-5bac-4f7d-9878-7e63ba1cd287,3895134,0,0.21436113119125366,0.21650315821170807,0.012673292309045792,0
303a74dd-c324-4ce1-9811-265f5310ff29,3895134,0,0.283936083316803,0.2951865494251251,0.05469454452395439,1
1efae366-46a1-419e-a8cb-143287216232,3895134,0,0.16218475997447968,0.16754883527755737,0.0389617383480072,0
91608f55-9433-46b2-9561-ded1f812efd4,3895134,0,0.27669018507003784,0.28675955533981323,0.04976462200284004,1
c63318db-5d9d-49ed-98b8-3b7ed707746d,3895139,0,0.1923452913761139,0.1939248889684677,0.01013648509979248,1
dcdfdd24-c6a3-41ce-bc50-bb9a0abd68ab,3895139,1,0.23879702389240265,0.246072456240654,0.03961586952209473,1
c82bab5f-58f4-44a9-a5f9-e59c2ce51aeb,3895139,0,0.1783384531736374,0.1855793446302414,0.04865085706114769,0
0e94103e-2cb7-496b-a203-66ab77857e02,3895139,0,0.278090238571167,0.2886122167110443,0.0518207885324955,0
32ba1a79-5c7a-4bff-8a13-3363f6a5f0c9,3895139,1,0.2970581352710724,0.30837109684944153,0.05360064283013344,1
f5966cba-1a34-449f-8bb5-84e451eaec71,3895139,1,0.417736679315567,0.4300883710384369,0.05058090016245842,1
c68ffad7-fbe6-4b3d-9f57-3f622a95456d,3895139,1,0.19928406178951263,0.20741775631904602,0.05021363124251366,1
df080d16-539e-4e7a-b2f7-6c9e8739b8f1,3895153,0,0.21153050661087036,0.21417666971683502,0.015793735161423683,1
1dcea3e5-7abf-48e4-9526-17a9e583892f,3895153,0,0.08204873651266098,0.08255918323993683,0.006758108735084534,1
db189770-c03a-42c5-816f-20d724609380,3895153,0,0.24461935460567474,0.2458900511264801,0.006864791736006737,0
3de9513a-e580-4a07-b59a-21963c43f037,3895153,0,0.08547177910804749,0.0853465273976326,-0.0016032708808779716,0
dc885762-99fd-45ec-a1ea-fc6e889a2394,3895153,0,0.060513339936733246,0.05943324416875839,-0.019159160554409027,1
010f5e91-ac23-4435-82fa-e1ff63d55460,3895167,1,0.2815231680870056,0.2897014617919922,0.0400843508541584,1
693280ec-581f-4a62-a9da-11cae82e3ded,3895167,0,0.09777932614088058,0.09841248393058777,0.007156709674745798,0
fcf7febd-fb70-48a2-973e-36543e8ec4fc,3895167,0,0.16117951273918152,0.1602090299129486,-0.007195745129138231,0
013acbb0-f2fc-4b82-af4d-ff430d287a07,3895167,0,0.20053517818450928,0.20116449892520905,0.003920778166502714,0
e42a8a00-3c42-4a31-80af-b4f7a65ab9b8,3895167,0,0.31824836134910583,0.3192712068557739,0.00471018860116601,1
3c98ad48-5857-4e99-b599-90fb9161080e,3895167,0,0.1151694804430008,0.11510596424341202,-0.000623282277956605,1
f7f191bb-10cc-4a53-91ce-57136f592ee7,3895167,0,0.17191579937934875,0.17895442247390747,0.04866259545087814,1
7e3e65d3-90f0-4213-833a-6b23417a1b50,3895167,0,0.05188765376806259,0.052197039127349854,0.006271394435316324,0
4a665e5f-7478-472a-bdbc-9a2b0269462a,3895180,1,0.39884498715400696,0.3987586796283722,-0.00035997573286294937,1
f1c90805-ac3d-4640-9506-843054a9788d,3895180,0,0.13766835629940033,0.13866281509399414,0.00835150945931673,0
43488035-b330-4e9b-9f41-d30b86e37c63,3895180,0,0.188203826546669,0.18809637427330017,-0.0007034894078969955,1
0697560d-422e-4c73-8b14-5376a83faa08,3895180,1,0.14385314285755157,0.14535579085350037,0.012148174457252026,1
0a243a50-e792-4413-b44c-ef1385f0c7fd,3895180,0,0.305982768535614,0.305192768573761,-0.0037227869033813477,1
02cc7cb4-99d5-4560-8c07-cb09fe21ddc4,3895180,1,0.18687961995601654,0.18697379529476166,0.0006196564063429832,1
0d51a239-ccfe-4385-835b-6ef6b5405b75,3895180,0,0.12968064844608307,0.1290724277496338,-0.005399684421718121,0
522e3e78-e8ca-4e4e-920d-504c9c66bf7b,3895180,0,0.14280571043491364,0.14189274609088898,-0.007478154264390469,0
4bd400fe-547e-4d83-9dd4-5406110d9e8f,3895180,0,0.12219873815774918,0.12076167017221451,-0.013465632684528828,0
040c6151-3c50-492b-b940-6c65f18fa4d9,3895180,1,0.04465672746300697,0.0441870279610157,-0.011065210215747356,0
d96696a5-da1c-4569-b595-0fd036a59783,3895180,0,0.15200580656528473,0.15197068452835083,-0.00027247052639722824,1
06b79f05-dd87-48ba-a7f9-e290da2ea8ed,3895182,1,0.2655506730079651,0.27113625407218933,0.02844986505806446,0
17e409fd-ee43-40c4-aeab-cb230f0081a9,3895182,0,0.11117908358573914,0.1117921844124794,0.006189352832734585,0
ea9aa5a1-52b3-49cc-b5c7-6362b84c5aea,3895182,0,0.16492155194282532,0.16915971040725708,0.030461590737104416,0
3b26138f-476f-4bbf-a69a-58d174910d21,3895182,1,0.37897688150405884,0.3816271126270294,0.011245425790548325,0
f9edbecb-49be-42c9-95b2-954c14168f43,3895182,0,0.1484072059392929,0.14915181696414948,0.005879669450223446,0
4ab8b0e6-d4e4-4bb8-9116-98fb750fa5e8,3895182,1,0.09818010032176971,0.09791020303964615,-0.0030520842410624027,1
7b2e10d5-88a9-483b-af3e-16c77dfe3d38,3895194,1,0.1572936475276947,0.1562730073928833,-0.007720376830548048,1
11fa74b6-b0c4-4cd4-bcbd-f573d212df1f,3895194,0,0.11459986120462418,0.11499615758657455,0.0038998688105493784,1
367d4448-5a41-4161-aece-f6d009c5b9b4,3895194,0,0.08919603377580643,0.0923980250954628,0.03879077360033989,1
3033c0bb-5844-4a64-823f-36a50d79c2ff,3895194,0,0.23721346259117126,0.23785285651683807,0.003530382178723812,0
b1806844-52f3-44b9-94ce-aa01430f3119,3895194,0,0.19078980386257172,0.1987272948026657,0.05061855539679527,1
7b523f44-e735-4ab6-b9fe-39b93b9cfaf5,3895194,0,0.10193431377410889,0.10277106612920761,0.009107431396842003,1
ff4179df-5d2e-421f-b058-8f312853d3ca,3895194,1,0.14568094909191132,0.15074145793914795,0.04008820280432701,1
bc2251f7-4866-4272-9bd3-94bbc641a442,3895194,0,0.3033906817436218,0.30262595415115356,-0.003620987292379141,1
5bbb36f6-e023-4c82-b044-4d19e83dd625,3895194,0,0.23885157704353333,0.2376585751771927,-0.0065732854418456554,0
51abf663-d175-4cd3-ad50-acff233d9cab,3895194,0,0.20333531498908997,0.21365277469158173,0.06253121048212051,1
7be2a652-970e-4e61-9826-6ee2e2824991,3895202,1,0.1370762139558792,0.13794763386249542,0.007347336504608393,1
7518493d-29f7-4005-97ac-aa343406f767,3895202,0,0.05018126219511032,0.050325457006692886,0.003021211363375187,0
2f501eb9-8032-4718-bcfe-3c50be85764d,3895202,0,0.18979120254516602,0.18952953815460205,-0.0017024306580424309,1
dfe13ecb-b22e-4cba-a5e5-dd964a1b2132,3895202,0,0.17555086314678192,0.17989714443683624,0.029742084443569183,0
2216eb37-8f42-4fb2-bead-d60f1df66639,3895210,0,0.09982036799192429,0.10163870453834534,0.020074093714356422,1
b4c8e4a4-5c4c-465c-9bb7-841c2d5ab4eb,3895210,0,0.2752348482608795,0.2834022641181946,0.04057556390762329,1
63c52f5e-cbcc-4880-9d65-06e303334691,3895210,0,0.294490247964859,0.3050391674041748,0.05025934800505638,1
a261dd01-d8ab-40c6-90a2-30ec05216d83,3895210,0,0.17303407192230225,0.17986318469047546,0.047000300139188766,0
b6c31316-0bd6-4219-84a5-be73951928e4,3895210,0,0.13183625042438507,0.13896512985229492,0.06090782955288887,0
a1ab19f5-eb05-46e1-b12a-7310cb9e57b9,3895210,0,0.28823915123939514,0.29214370250701904,0.018956191837787628,0
fab32b06-a32b-4dcb-a64d-ae581da69fd1,3895210,1,0.3532813787460327,0.36366644501686096,0.04516062140464783,1
2084c580-8ac6-471b-bd31-2b4107c52a20,3895210,0,0.3434153199195862,0.35361751914024353,0.04493561014533043,1
0d836875-f935-4718-9157-8154105f4dfb,3895220,0,0.28156349062919617,0.2814682722091675,-0.00047081615775823593,1
eaee9b02-79d1-4741-882d-2854b7de7760,3895220,0,0.18951088190078735,0.18967318534851074,0.0010564671829342842,1
668d7391-4aa3-4b69-bcf9-07659c2e0438,3895220,0,0.07789759337902069,0.07776032388210297,-0.0019126338884234428,0
355faf6a-7103-4e2b-b9c6-31d682595cd4,3895220,0,0.2804354429244995,0.2823287546634674,0.009363222867250443,0
dfbde916-1857-4567-9638-b7fe2a70d609,3895220,0,0.17610116302967072,0.1754896640777588,-0.004220346920192242,0
c06afdff-4c42-4283-be73-4f49e6194cfb,3895220,0,0.2239803820848465,0.22428764402866364,0.0017668278887867928,1
1e83a8d2-f6c6-4672-8156-713b711f17ab,3895232,0,0.17053934931755066,0.1694430261850357,-0.0077700805850327015,0
663ab44f-7446-403a-be1e-e25a5e457925,3895232,0,0.1849180907011032,0.18571676313877106,0.005290203727781773,1
cc006bd0-32cc-4bf5-bd3a-2e2d069592dc,3895232,0,0.22845862805843353,0.22768931090831757,-0.0043696570210158825,0
b05ebbeb-50f1-4970-8a25-449376edadda,3895232,0,0.15441685914993286,0.1555931717157364,0.008980931714177132,0
ebb4bde0-b250-479c-8d24-7494b1eff242,3895232,1,0.11334248632192612,0.11322426050901413,-0.0011768494732677937,1
3505e3ea-60d8-483b-9fb8-4443abca2791,3895232,0,0.1188754141330719,0.12443903833627701,0.05207425355911255,0
89e2c8dc-1c0b-4205-bbc4-ccee8161149c,3895232,0,0.18606501817703247,0.18415121734142303,-0.012687435373663902,1
78fcaddc-66db-4850-a884-a8b3e084936e,3895232,0,0.10098721086978912,0.10207259654998779,0.011898601427674294,0
fbc1d13b-da4a-402e-86f5-5ac1a3ded49d,3895244,1,0.062221817672252655,0.06505070626735687,0.04748237133026123,0
b78ff4bf-5dd8-45ef-8bab-dc2ef2138ff4,3895244,0,0.24059578776359558,0.2482147216796875,0.04125923290848732,0
90c3eaa6-8989-46ce-9b80-b8af7537461e,3895244,0,0.34497618675231934,0.3569743037223816,0.05267544463276863,0
d6da3b6b-ca29-41e0-8c8c-45561d0e335d,3895244,1,0.16763126850128174,0.16912807524204254,0.010689346119761467,0
edac5f49-1557-4191-a31e-93caa426f318,3895244,0,0.32617291808128357,0.3359237313270569,0.044033072888851166,1
fdd8324e-5e99-4719-a353-306d72058809,3895244,0,0.15297017991542816,0.15968941152095795,0.05095210298895836,0
157cf2e0-3e03-4ddc-94f1-26136ba1c8a0,3895244,0,0.040818218141794205,0.042753271758556366,0.04833685979247093,0
7d647040-72bb-4b5d-8e9e-4de22e9bf791,3895244,0,0.13693778216838837,0.1432594209909439,0.05248216167092323,0
b773f060-eb42-4ab9-88b7-f0a364282401,3895244,0,0.19920025765895844,0.20725299417972565,0.0497363805770874,1
b7200984-5325-4a4f-82de-4a381e119be7,3895244,1,0.18889616429805756,0.19484350085258484,0.03835851699113846,0
c0063b8e-06bb-4f1c-bc91-3031c435d4fd,3895244,0,0.14606112241744995,0.15216515958309174,0.04811517521739006,0
9c706be8-d05f-4440-9259-d441fccc6026,3895244,0,0.16238784790039062,0.16876187920570374,0.04613994061946869,0
c1505717-b205-4b35-ac27-c9950f06499a,3895250,0,0.1751020848751068,0.1735173761844635,-0.011010630987584591,1
1aeddd22-4222-4e60-91ec-df84efdce10d,3895250,0,0.18387268483638763,0.1740880310535431,-0.06660034507513046,1
05eefb1c-e5df-4d91-9c8b-20d926e4e208,3895250,0,0.15260843932628632,0.1456233114004135,-0.055061545222997665,0
4763d3e2-8070-4579-8895-fdaed0dfcf72,3895250,0,0.07544328272342682,0.07163804024457932,-0.05586209520697594,0
3c74d163-12a7-467a-a561-7041527663f7,3895250,1,0.22861425578594208,0.22761376202106476,-0.005682157352566719,1
ef137d06-acd3-46f4-8d77-edba7cb89520,3895250,0,0.296224445104599,0.2769756019115448,-0.09417141228914261,1
cb43adb5-99a7-42a8-b795-20298caf45c9,3895250,0,0.310798704624176,0.31650421023368835,0.02650395780801773,1
5d501587-5c20-4e67-a1f0-202dfa63115f,3895250,1,0.09631813317537308,0.09268882125616074,-0.04241687431931496,0
f4b14b32-0941-47fd-a157-8fbe11d3ba70,3895250,0,0.3966413736343384,0.4020116329193115,0.022389041259884834,1
1de17e36-12b5-47cf-b48e-0b7ce8d8f20b,3895250,1,0.23578347265720367,0.2383866310119629,0.01439201645553112,1
23379fae-fbb1-4b1d-92b0-5ee5dbcd05be,3895250,0,0.3751857876777649,0.359384149312973,-0.06800518929958344,1
e086a1cf-6362-4fec-baf5-be33f2c06662,3895250,0,0.2438042014837265,0.23387397825717926,-0.05462926998734474,1
c140e2d3-81dd-43d2-8c64-8842dc96b2c8,3895250,1,0.21396397054195404,0.21495555341243744,0.005885901860892773,1
90692c94-dccf-47e4-b7b0-a6c3e693102e,3895250,0,0.15725821256637573,0.1479024887084961,-0.07237622141838074,0
cf694685-f2dd-471a-87a9-5e20595271c8,3895258,0,0.2941991090774536,0.30518126487731934,0.05233129486441612,0
01609da8-1d43-4124-9be6-5dead82513d5,3895258,1,0.33475029468536377,0.3451170325279236,0.04620463401079178,1
876cdc2d-e44a-4e3f-8ce3-b24fc5669239,3895258,0,0.17359666526317596,0.17919710278511047,0.03855183720588684,0
6ce57c33-d731-4885-8304-378fe12d686f,3895258,0,0.13083462417125702,0.13707631826400757,0.053810883313417435,0
1501823c-abd0-4e3b-af9a-7a31812fe6a8,3895258,0,0.40666666626930237,0.41726529598236084,0.043752577155828476,1
5fa1a5c5-0feb-4d31-a38c-f7bad47d7065,3895258,0,0.04606868699193001,0.04749232158064842,0.03192794695496559,0
57774ec4-8475-4a2f-8a1b-1a6f2d8abf74,3895258,0,0.07242703437805176,0.07520315796136856,0.04061092436313629,0
514b0134-ec04-48af-959d-0eef4bccbce2,3895275,0,0.30516332387924194,0.3086647391319275,0.016460496932268143,0
514842f9-e86f-4213-ad65-53fe7521eb13,3895275,1,0.11493703722953796,0.10408741235733032,-0.11133737117052078,0
dbfef837-17f9-4031-b4d0-ef96cc1b3a36,3895275,0,0.40148675441741943,0.41177088022232056,0.042624711990356445,1
c2762cf2-6d74-491c-a060-388cac90c2c4,3895275,0,0.13984526693820953,0.14280813932418823,0.024415921419858932,0
8267c10e-7406-4eb1-8acf-fb2187840d80,3895275,0,0.11708741635084152,0.10792689770460129,-0.09178846329450607,0
8e2dad16-b0ba-4900-a2e8-04a9f8eb9e16,3895275,0,0.09684699028730392,0.10050986707210541,0.04118743911385536,0
651e025c-009a-406e-ae38-e298f20e41d4,3895275,0,0.3328949213027954,0.3363155424594879,0.015363700687885284,0
5c769c5e-e5b5-4562-a235-142ff9f95ab9,3895275,1,0.16405616700649261,0.1671452820301056,0.022356757894158363,1
7ff7ad03-d574-484e-abb1-da86a481eaf4,3895275,0,0.30470117926597595,0.3132328391075134,0.039961665868759155,0
767e39da-86d4-40a4-878e-fd67a099f791,3895275,1,0.12356539815664291,0.11348429322242737,-0.0965428352355957,0
ecfc9719-e58f-4cc2-a42a-72587be4b413,3895275,0,0.25448891520500183,0.2385300099849701,-0.08594297617673874,1
bbedf337-1e1e-4b29-9cca-55b208e92e79,3895275,1,0.2316119372844696,0.20494557917118073,-0.15643438696861267,1
e31a7be7-0764-4fcd-8232-73aabdb44f42,3895275,0,0.17386294901371002,0.18446989357471466,0.07214128971099854,0
2934efe7-d2a8-4f48-81b6-fdb6cb4c4c02,3895275,0,0.27158060669898987,0.2438107132911682,-0.14528144896030426,0
597a8edc-314b-4df4-a34d-fd987928ef7f,3895286,0,0.1215786263346672,0.1355389505624771,0.124718077480793,0
562ae31d-783a-4005-91f3-275c6ebd35cb,3895286,0,0.1319698542356491,0.1421893984079361,0.08642957359552383,0
925cf8e7-5945-4bba-8b40-9e2016a539e2,3895286,1,0.22828251123428345,0.23149734735488892,0.01815902628004551,0
127a2ce7-8170-42e3-bd43-6e3800f29837,3895286,1,0.18815793097019196,0.20940174162387848,0.13348890841007233,0
a779be1a-2be9-4ad0-8cfa-794359642808,3895286,0,0.05087628588080406,0.04587569460272789,-0.10871633142232895,0
fdf66722-c65e-4837-a73f-a541b87e180f,3895286,0,0.29478275775909424,0.3418452739715576,0.21718533337116241,0
aabf2917-ad03-408f-bd4b-1dc2b11cd541,3895286,1,0.42234373092651367,0.4155109226703644,-0.028069689869880676,0
13894f82-069e-4df0-b751-7bb17df756fd,3895292,0,0.36459532380104065,0.37266820669174194,0.03468692675232887,0
8ceefcc3-1231-4623-af29-9cd62a2c6573,3895292,0,0.07547486573457718,0.07831687480211258,0.04004225879907608,1
0b00d7fb-b225-4270-9a00-c3edad0602ba,3895292,1,0.3368411958217621,0.34881591796875,0.05315496027469635,1
756e38ba-f109-4ae1-993e-232221a3c7b9,3895292,0,0.25132742524147034,0.26082533597946167,0.049861930310726166,1
90d68c41-f368-4ae0-a381-e1a0d6eafc1c,3895292,0,0.05289784446358681,0.053846314549446106,0.01877341791987419,0
744594b6-1950-4a53-97fe-bb2b02cffd36,3895292,0,0.4421180486679077,0.45135408639907837,0.03736935928463936,1
840b8f90-5bea-45c4-82ab-7905db24f0a1,3895292,1,0.09434770792722702,0.0961734801530838,0.021184565499424934,1
8624c0cf-c057-4e91-a3f4-2b6892686125,3895302,0,0.39869028329849243,0.4000147581100464,0.0055216527543962,0
2e814c7f-2df9-4bec-9bad-2dffe8239518,3895302,0,0.10473766177892685,0.10881321132183075,0.04273673892021179,0
d980706a-ef51-4c56-9cd3-d70b0a776083,3895302,0,0.0913817435503006,0.09189192205667496,0.0061290147714316845,0
f3a230d8-986a-4197-b169-f8cb0221f866,3895302,0,0.3651838004589081,0.517045795917511,0.6211444139480591,1
4b5572e8-bfeb-4cdb-9141-00c3be59e01f,3895302,0,0.1861395537853241,0.22341567277908325,0.22942101955413818,1
d7d5c29c-3398-4d2c-95e1-82beaea83686,3895302,0,0.15422295033931732,0.15516190230846405,0.007180530112236738,0
bc314377-a11f-40e8-95c4-8c3e116c57ef,3895302,1,0.24035856127738953,0.2576063573360443,0.09226777404546738,0
4ba1d361-45f4-4cee-9c1d-0688c30f9d1f,3895320,0,0.34195297956466675,0.42469698190689087,0.35108211636543274,0
68796266-8322-4971-98a5-8dfa293a0b50,3895320,0,0.0911545604467392,0.09082959592342377,-0.00392893748357892,0
12b495b2-ef68-4b0e-b4ec-aa1b732307e2,3895320,0,0.1475665122270584,0.19041380286216736,0.30649256706237793,0
f2bed22c-228a-422b-95e3-c86dfa2a75c4,3895320,0,0.17646923661231995,0.17212189733982086,-0.030208609998226166,0
ebc78cb3-4406-434c-b33f-3d6938db4883,3895320,0,0.3027464747428894,0.3265983760356903,0.11064264923334122,1
732cde21-259f-4fd0-b1af-9d1772ce9ee8,3895320,0,0.08651799708604813,0.09143562614917755,0.0606805682182312,1
61852f9f-47a3-492a-84f6-b24b06da52dd,3895320,0,0.05836425721645355,0.05941232666373253,0.01891152374446392,0
14e353f5-1e29-4387-97e6-e6cee1205bc0,3895320,0,0.09784035384654999,0.10818377137184143,0.11202574521303177,0
60cd30b2-fb17-4e41-ac7a-0a99caf8bc51,3895320,0,0.21401262283325195,0.23104897141456604,0.09850805997848511,1
42f96706-6b30-4c39-b42a-17a1ee6a0aec,3895333,0,0.07411051541566849,0.07420558482408524,0.0013847490772604942,0
47deeaa9-a8e2-48d5-8064-a0f8e75cad81,3895333,1,0.11224144697189331,0.11647835373878479,0.041837144643068314,0
2304c583-6d69-4763-95dc-0ddc610d9c08,3895333,0,0.27146923542022705,0.2813633382320404,0.04947192221879959,1
baf79937-0dae-4de1-8e68-b052e1ccfc92,3895333,0,0.2024587094783783,0.2107381373643875,0.05051588639616966,0
c297df22-162f-4c23-96f5-77b5e606fad2,3895333,0,0.5834786891937256,0.5960827469825745,0.05209913104772568,1
2880ef44-0530-46fb-9e73-ada6aceed0d6,3895333,0,0.2997608780860901,0.3086039125919342,0.04178256168961525,0
6dad95e6-8096-4cf5-91f7-9113b3c9c1db,3895333,0,0.09194095432758331,0.09581694006919861,0.04557044059038162,0
1b7291c5-7b7b-4cca-8ef1-26445ece5441,3895333,0,0.14310882985591888,0.14541704952716827,0.018697742372751236,0
72eac4aa-31bc-4251-8fea-6ccece18ac7c,3895333,1,0.37968143820762634,0.39241671562194824,0.053735584020614624,0
ec1b0617-4720-458f-a2f2-65329e26e6c0,3895333,1,0.10374060273170471,0.10630477964878082,0.027281809598207474,1
ccf76c64-842f-4265-a107-f35b603de19b,3895333,0,0.30230796337127686,0.3129420876502991,0.049931131303310394,1
c8e9029e-15e9-47ae-b5b3-f32f217abbe1,3895333,0,0.25896725058555603,0.269061803817749,0.051955364644527435,1
301bfb5c-e0f7-4254-af19-c7530d1e8478,3895333,1,0.1689251959323883,0.1759069263935089,0.048935383558273315,0
b3870177-1ada-4b38-9e73-dc0cf2fb6c6a,3895340,0,0.1240905150771141,0.12419439107179642,0.0009552906267344952,1
fec4f89b-8edb-458c-89c3-b1217b565bab,3895340,1,0.21891039609909058,0.2302154004573822,0.06493203341960907,1
f7c07b9b-2c90-493b-8d49-6e6b48d614c3,3895340,0,0.5860938429832458,0.5866994261741638,0.0024968846701085567,1
9d39f6a0-4f03-4695-b5be-a05d6a65b70d,3895340,0,0.05735447630286217,0.05798642337322235,0.011628713458776474,0
c0d09f57-7cf9-475e-bf21-539a41f00e4d,3895340,1,0.20094561576843262,0.19736820459365845,-0.022430334240198135,1
295caefb-105c-4230-aaba-b79d3b7b9253,3895340,1,0.21925677359104156,0.22497016191482544,0.03306905925273895,1
f2637177-437f-4e2b-a261-68c274d222e4,3895340,0,0.1300787627696991,0.13504470884799957,0.04319071024656296,1
c389fcd0-c11f-469d-aca0-12dbfa86abf9,3895340,0,0.4786583483219147,0.5734921097755432,0.38153189420700073,1
f2189c6e-c9af-4a53-a28f-750113c13157,3895340,0,0.0671313926577568,0.06772492825984955,0.009439036250114441,0
0d68a088-38b1-417c-b061-4053398b4031,3895340,0,0.21469074487686157,0.2111676037311554,-0.021022610366344452,0
f45cd73d-a4c5-408f-b3f0-aac35dff8909,3895348,0,0.21830393373966217,0.220442995429039,0.012490997090935707,0
5de8d802-cd5d-45d4-88e8-9c3882223562,3895348,0,0.16950497031211853,0.17248502373695374,0.021022867411375046,1
85ad660a-e185-48ba-8ef2-07b585f040bd,3895348,0,0.15124629437923431,0.16032038629055023,0.06901329010725021,1
80ae0b4c-ecf7-4cba-b958-e1656fc6ff52,3895348,0,0.11275166273117065,0.11752000451087952,0.04680962488055229,1
ef98887b-5517-4028-b05b-24076e659d78,3895348,1,0.36426058411598206,0.361818790435791,-0.010559529066085815,0
8c694827-0f25-477f-b0d4-1e9532e6f221,3895348,0,0.16026394069194794,0.16390100121498108,0.026781052350997925,0
ca11809e-c132-4579-a1a6-c6e4ca6d3956,3895348,0,0.2507690191268921,0.2545423209667206,0.01998371258378029,0
afdeae2a-de4e-4edc-a745-d6ab7a19ac95,3895348,0,0.17650720477104187,0.15411658585071564,-0.1624792069196701,1
c4ac0165-7761-4f4d-8d9a-ad93374b8fdf,3930158,1,0.2714156210422516,0.2723437547683716,0.004688579123467207,0
c4b88ebd-10ee-40ce-b1c2-88e83bfd50a7,3930158,0,0.39873915910720825,0.40012699365615845,0.0057854484766721725,0
4759cebe-e58d-4bb5-80c7-8bec232ab77d,3930158,0,0.15915916860103607,0.16018146276474,0.007619036361575127,0
d80b5a88-59a4-47bc-bca7-0fa51d7537d9,3930158,0,0.05060175806283951,0.05033421143889427,-0.005582959391176701,0
6a746bb5-1d3c-4f79-8e29-8b9e76ba27db,3930158,0,0.10310216248035431,0.1038040816783905,0.007567880675196648,1
8e898655-c23a-4d4f-8d87-d1f0c8dcdebf,3930158,0,0.37460675835609436,0.37057700753211975,-0.017238523811101913,0
455f5889-1e09-4da8-8c47-9b0dbda50eb2,3930158,0,0.3512575626373291,0.35261252522468567,0.005940843373537064,1
b4f5fa7b-ad04-4275-962e-14dec26b968a,3930159,0,0.18953049182891846,0.17931824922561646,-0.0679093599319458,0
4db5698b-60ac-433d-bebf-4c4cd9869811,3930159,0,0.08619886636734009,0.08291588723659515,-0.042416516691446304,0
176f3ddb-7c91-4f1c-bad3-615963b0b146,3930159,0,0.29384666681289673,0.28872770071029663,-0.024796966463327408,0
1bd31edc-1330-4ede-80af-6afa2a22a54c,3930159,0,0.11299170553684235,0.11672693490982056,0.03674284368753433,0
96db74be-129d-4d08-8b13-703ebb6a4566,3930159,0,0.08173193782567978,0.08313773572444916,0.01858597621321678,0
47633993-e87c-42bd-8844-594ecf0a70a8,3930159,0,0.03002421371638775,0.03187378868460655,0.06168833374977112,0
3c89bbb1-0e6b-4547-b58c-a7e50bfbed9d,3930159,0,0.11269595474004745,0.11657606810331345,0.03823309764266014,0
b869e663-4b2d-4db9-a0af-4373558942d4,3930159,0,0.12937957048416138,0.13120493292808533,0.016108760610222816,0
56d6635a-bfc0-4410-8796-5dc7ac17eb2b,3930159,0,0.24986593425273895,0.23447537422180176,-0.08388327062129974,0
9f8996b9-17f5-47af-b267-65915a542ec8,3930159,0,0.05185116082429886,0.05192623287439346,0.0015258006751537323,0
b463a140-738d-4960-b8cb-3e9fa22fc4ad,3930159,0,0.11680608987808228,0.11855126917362213,0.016808345913887024,1
56db71c0-d275-4403-b988-fbafd7c2a0c5,3930159,0,0.12234286963939667,0.12625527381896973,0.035946063697338104,0
a11b3f68-779e-4119-b61e-96a2f3f184ac,3930159,1,0.322467565536499,0.32684552669525146,0.01996772177517414,1
7fdb6753-1044-401d-8ebe-185db3dab512,3930160,0,0.09410692751407623,0.09548493474721909,0.0160591509193182,0
1ec623cf-bb30-444f-bdcd-1f58b5c0b158,3930160,0,0.20925822854042053,0.21652884781360626,0.043391965329647064,0
aa9c3b4f-2238-49d1-9bd0-678aac808dda,3930160,1,0.13160157203674316,0.13217692077159882,0.005025175400078297,0
3874da99-0276-42e7-8291-973d15c5ced7,3930160,0,0.16086582839488983,0.16145281493663788,0.004342127125710249,0
64a81c0c-c3f7-4356-aad2-f1dce38584ef,3930160,0,0.19841718673706055,0.19782927632331848,-0.0037005064077675343,0
9913a5bb-0568-4c0e-ab66-0227ba54b2fd,3930160,1,0.2986465096473694,0.29863518476486206,-5.4016243666410446e-05,1
a305f833-041f-4515-a424-b5df6f484a60,3930160,0,0.3523039221763611,0.35660016536712646,0.01877613738179207,0
971884c8-02f8-45d4-af2e-10a8e7c90370,3930160,0,0.13221172988414764,0.13145484030246735,-0.006613075267523527,0
ee322355-3ec5-49ea-9fb2-8aa44e6eb848,3930160,0,0.3892194926738739,0.40070611238479614,0.04807037115097046,1
6418978a-cc4d-4d45-80c9-c6941a3f5490,3930160,0,0.09107005596160889,0.09137261658906937,0.0036497884429991245,0
85acf046-5935-4900-ac45-1772a1e97802,3930160,0,0.1726047843694687,0.17318689823150635,0.004070584196597338,0
d4ed4d31-9bfd-4915-8fed-5f4029f0cee3,3930160,0,0.4462839663028717,0.4460398852825165,-0.0009878089185804129,0
c6772020-0247-4852-96e8-a880f575ed0c,3930160,0,0.20002691447734833,0.20133788883686066,0.008172770962119102,0
34f74e79-0c0d-402e-bd3a-cc338b63b02d,3930161,0,0.08598598837852478,0.08571794629096985,-0.0034153079614043236,0
b74848de-e2c6-4623-b3c4-25cdc28f0d83,3930161,0,0.12984637916088104,0.12874163687229156,-0.009813345037400723,0
ac251821-bc2f-478f-af7d-99da2bcc89b2,3930161,0,0.11360499262809753,0.11377548426389694,0.0016919774934649467,0
0e984600-b734-4dc6-8b0c-cd1fd5a2df2c,3930161,0,0.3402581810951233,0.33880650997161865,-0.006473504938185215,0
1a502d51-c693-47e1-b0ed-7e9d721b140d,3930161,0,0.1893496960401535,0.18962398171424866,0.001785965170711279,1
c90e8f78-8217-408d-a4bb-4b6eff1fbf3f,3930161,0,0.24333296716213226,0.24294975399971008,-0.0020824531093239784,0
9bb215ad-592a-4391-8c52-554e6ae52149,3930162,0,0.21640028059482574,0.21978412568569183,0.019843600690364838,0
6cc7f653-9509-45c8-9f01-2dafae037882,3930162,0,0.12373743206262589,0.12838463485240936,0.04218636825680733,1
fb9d590d-4eb1-4004-97ab-a3505eeb5b29,3930162,1,0.18542735278606415,0.21800827980041504,0.20268946886062622,1
59f5824e-49aa-4dc5-b379-04744c13cf31,3930162,0,0.06404183804988861,0.06305091828107834,-0.016652017831802368,0
cfc6f1da-e8ba-439f-b3f4-bf57cf40896e,3930162,0,0.2241780012845993,0.23287126421928406,0.049313947558403015,1
697bdf01-cc1a-4e2a-a239-126080cef15f,3930162,1,0.4551578760147095,0.5050766468048096,0.20015893876552582,0
b364dee7-ca9e-4c01-8632-14835725e3fc,3930162,0,0.48853352665901184,0.5363078713417053,0.19136163592338562,1
dbebc3a0-d393-4610-bbd1-8e0cc3c9fd63,3930162,0,0.2629612982273102,0.2666434645652771,0.018914148211479187,1
43712024-5429-47e0-b46b-ab2f06ecb077,3930162,1,0.3561076819896698,0.36339661478996277,0.03164627403020859,1
592306c8-2c71-4e8c-bcc6-3b89d8a59654,3930162,0,0.4649769365787506,0.4995853900909424,0.13866356015205383,1
306090df-c3e6-4ab0-8f97-e79d6977dd56,3930162,1,0.35221076011657715,0.32774922251701355,-0.10904700309038162,0
fd0ba11e-818b-45bf-9ba3-cdd824978001,3930162,0,0.10580616444349289,0.09783438593149185,-0.08720823377370834,0
838dfd32-3a46-42a6-9775-6eab0e297c39,3930162,0,0.09600798040628433,0.08822469413280487,-0.09311747550964355,1
08c1733e-cb33-4a0f-a0f6-9543b67b35e8,3930163,1,0.06347665935754776,0.06424444913864136,0.012843029573559761,0
9b6f1f81-10fb-41b8-8e83-8c9c03bce7d9,3930163,0,0.39299002289772034,0.3957817256450653,0.011688390746712685,1
56eca593-3abe-445a-b065-c62c4de08c3c,3930163,1,0.09179513156414032,0.09118421375751495,-0.007349883206188679,0
6570e76b-eb9b-4fe9-8449-0cd2a558e7c4,3930163,1,0.3954541087150574,0.39591529965400696,0.001928616315126419,1
9e0ab80a-2bc0-462b-bfb9-895d348ba599,3930163,0,0.39514732360839844,0.39612534642219543,0.0040902988985180855,1
ef0116e1-54a3-4c17-990b-4d7b26297cd1,3930163,0,0.5848751068115234,0.5819956660270691,-0.011847683228552341,1
6e8ff901-53be-425c-ac92-b23282af2ea4,3930163,1,0.08531603217124939,0.08414530009031296,-0.015096538700163364,0
65b728ad-8df1-451d-a79e-2144ce3b8c2b,3930163,0,0.10291372239589691,0.10325231403112411,0.0036620227620005608,0
1145dff9-af9d-4eba-861d-35363f53f842,3930163,0,0.32732734084129333,0.3253732919692993,-0.008888318203389645,0
68285816-2221-4383-944d-a5c13deec311,3930163,0,0.11476068943738937,0.11623655259609222,0.014447007328271866,0
5d8ee061-cbf6-41ce-a3e7-e21b1504bb66,3930163,0,0.1147022545337677,0.11516217142343521,0.004521353170275688,0
e42bb842-cd71-4c88-acf3-f1ba3ea1de6b,3930163,0,0.12802869081497192,0.1280377209186554,8.077174425125122e-05,0
7e056686-5e7a-440d-bef1-4eac143c6642,3930164,0,0.07163432985544205,0.07260771095752716,0.014545753598213196,0
de0107c8-c74d-4e96-9535-71164d1fff4e,3930164,1,0.2794037163257599,0.2773664593696594,-0.010141383856534958,1
b0d1818f-b749-47a6-a361-a6a7ecac7a1b,3930164,0,0.25103503465652466,0.3044899106025696,0.26709210872650146,0
f1b48c3c-458c-42c1-96e6-f6c1cfaf0b26,3930164,0,0.10472339391708374,0.10606466978788376,0.014225799590349197,0
6dd1acbc-6f7b-4955-a6c3-a374b6704c37,3930164,0,0.4401209354400635,0.40878674387931824,-0.1283119171857834,0
716065b8-d212-4847-83e4-fd39408612c9,3930164,0,0.2250438630580902,0.22811079025268555,0.017501510679721832,0
efbb1b62-8977-486b-af69-2e63b00492f2,3930164,0,0.1310131847858429,0.13044722378253937,-0.0049803596921265125,0
f78a52c3-e227-4772-98a9-6527f35c5eb4,3930164,0,0.09949959069490433,0.10596461594104767,0.07015696167945862,1
2cc092d7-97f6-481c-9feb-ad1fe04a394e,3930164,0,0.37872663140296936,0.3556221127510071,-0.09946003556251526,0
21d5bf8d-9b24-4fc4-b67b-5569bc308c10,3930164,0,0.09616042673587799,0.08418767899274826,-0.14612898230552673,0
38a9cd7d-5fdc-4b60-a858-8da16583f749,3930165,0,0.17747363448143005,0.17120607197284698,-0.043545085936784744,0
19ec4cbe-a7a8-452c-ab9f-0d5e83d024e0,3930165,1,0.36329343914985657,0.3735458552837372,0.0440632589161396,1
ebf88626-b722-41ab-aaab-6c3d0a47da59,3930165,0,0.11709682643413544,0.11878720670938492,0.016249042004346848,1
d1c7bf9a-bc9c-4c3c-89a7-1318e089225b,3930165,0,0.20974834263324738,0.2016630917787552,-0.049489207565784454,1
376eb9d5-9f56-4ca6-a091-77bc66fee6fe,3930165,0,0.1534966677427292,0.16096128523349762,0.05634221434593201,1
95b58ea5-b084-4b19-9d63-60ea63e21c3c,3930165,0,0.24438759684562683,0.2496079057455063,0.02806859463453293,0
1a4c7cd3-436f-495b-aa65-8cbad880597d,3930165,0,0.12072190642356873,0.1198282465338707,-0.008446046151220798,0
9b21e8b3-85a6-48e0-b65c-e8d4713a2909,3930165,0,0.08758573234081268,0.08296366780996323,-0.05926812067627907,0
e20a165c-7b40-4c81-9cf6-91e5835ab94c,3930165,1,0.24750854074954987,0.2485686093568802,0.005683708004653454,1
d62e5c04-5f84-4b86-a2c1-a78ffdc6cbd2,3930165,0,0.15673188865184784,0.16152122616767883,0.035795584321022034,0
81da97ad-d9a0-4b35-86c0-4ff9946a0e3a,3930165,0,0.20786556601524353,0.21027807891368866,0.014589546248316765,1
ba28a318-cfa5-4b26-a9ca-86a3f38743d5,3930165,0,0.18419115245342255,0.1843644082546234,0.0011526178568601608,0
6ec77eda-41f9-47b3-94c6-d402f829fbc9,3930166,1,0.27683311700820923,0.27617791295051575,-0.003275127150118351,1
aeb0adcd-7a1f-41ac-8dfb-dd21d0158918,3930166,0,0.2788911461830139,0.2779393792152405,-0.004737517796456814,0
06660113-d037-4075-9b59-b2add9eabd5a,3930166,0,0.30564260482788086,0.3046051263809204,-0.004893157631158829,0
46e76e45-1c11-4ce9-a163-d2ee3562efde,3930166,0,0.22835758328437805,0.2285829335451126,0.0012784157879650593,1
e3a8d392-6e53-434f-a7be-848f928282f1,3930166,0,0.06351404637098312,0.06249508261680603,-0.017260678112506866,1
dbf83a6d-d32d-4b8c-a7c2-a3c7e2992b39,3930166,1,0.29256996512413025,0.2940002381801605,0.006900637876242399,1
919da44e-606a-466c-8b5b-976105f857e2,3930166,0,0.08768330514431,0.0882188230752945,0.006676068063825369,0
94247803-e9ac-467b-bb68-b9168b13a54a,3930166,0,0.09399496763944626,0.0936342105269432,-0.004243708215653896,0
0270794c-b94a-4f3b-8671-9e0d999801b2,3930166,0,0.20200207829475403,0.20004154741764069,-0.01220651250332594,0
dc0fa7dc-4d2b-49c6-bab9-e7cc6eeb073b,3930166,0,0.14080005884170532,0.1411253809928894,0.0026865098625421524,0
7c6f732e-6c58-418a-8994-5b408ac837c5,3930166,0,0.15024185180664062,0.14958582818508148,-0.005147713236510754,0
b71bcd74-b9c6-4703-92c3-cb4d3797b61b,3930166,1,0.2350499927997589,0.23442380130290985,-0.0034860558807849884,0
a7c443b8-f623-49a4-8891-6ef7f10bb09e,3930166,0,0.14807693660259247,0.14869830012321472,0.0049171242862939835,0
bcb23c21-41fc-4bca-956e-61a12ddc63d7,3930167,0,0.22771915793418884,0.22510987520217896,-0.01489743310958147,0
d8d9a855-8742-4437-a689-f796110708dc,3930167,1,0.10357262939214706,0.09606055915355682,-0.08363941311836243,0
5869629e-f9cf-4f2b-a824-3d6dde7ab0bd,3930167,1,0.40314310789108276,0.405070424079895,0.008003683760762215,0
b52ad4a7-8a2c-4584-983c-79b88a1ad9a6,3930167,0,0.29416215419769287,0.3008417785167694,0.03196170926094055,1
120ae5e3-c999-4d7d-9cf6-8679d857d59b,3930167,0,0.21477095782756805,0.22766098380088806,0.07483731955289841,0
ba1d81fb-6678-46e1-98cf-31bae91f70cd,3930167,0,0.08499086648225784,0.08863852173089981,0.04601721838116646,0
db150176-92e5-414b-895f-1f6011e51bd6,3930167,1,0.16957727074623108,0.1721884310245514,0.018430043011903763,1
a51698cd-4b06-4579-b608-7d85d8fa4bc3,3930167,0,0.08200554549694061,0.07866593450307846,-0.045208003371953964,0
cc72d7a0-6623-41ec-98f1-405dfc65ac18,3930167,0,0.16777358949184418,0.15546230971813202,-0.09089682251214981,1
ef2a634e-13db-4a10-b293-6d335956a44d,3930168,0,0.23818416893482208,0.23848611116409302,0.0016633074264973402,1
29dee8fe-be1a-4910-ba4a-2389e313b355,3930168,0,0.09379739314317703,0.09479057043790817,0.011629324406385422,0
702be352-51f0-470e-af1f-aab6b13a8920,3930168,0,0.07549133896827698,0.07589616626501083,0.005786287132650614,0
e0e93447-ad6d-4849-8c00-0d2d7ab40c33,3930168,0,0.18252712488174438,0.18264555931091309,0.0007935855537652969,1
ad9e5bf1-d900-4cab-ac85-ea2d26f04eb7,3930168,0,0.18169094622135162,0.18155302107334137,-0.0009280724916607141,0
3c8361ad-d934-4753-8462-becc94bfa76d,3930168,0,0.19203728437423706,0.19708409905433655,0.03220687434077263,0
d52fb405-360f-4e3c-b849-50368a4a4e75,3930168,0,0.266179621219635,0.2658379077911377,-0.0017502163536846638,1
d0fc0b19-c568-4d02-ae9e-8df6fba662f5,3930169,0,0.03151024878025055,0.03016134351491928,-0.04514370113611221,0
90685a71-41b5-44e7-97ef-c7570d77b9d1,3930169,0,0.2853400409221649,0.31532612442970276,0.14279009401798248,0
aa77bc76-44b8-4f84-888e-0ee8f9ba2290,3930169,0,0.2778935730457306,0.26640811562538147,-0.057989127933979034,0
2dcdf7b2-ae9d-4678-bdc5-d750a787f3fa,3930169,1,0.15558785200119019,0.16016966104507446,0.034464020282030106,0
8330bee8-cb47-4b84-a312-4b57f771e5e0,3930169,0,0.09138113260269165,0.08529333770275116,-0.07562050968408585,0
5b9b43d8-1aed-4d5d-af01-3defa17178cc,3930169,0,0.1972719132900238,0.22139042615890503,0.1458509862422943,1
da03e59b-c12c-4833-a5c2-6881742b1e94,3930169,1,0.22328299283981323,0.20478957891464233,-0.1099877879023552,0
7d3e367d-9b99-443e-ba18-62d9d269226f,3930169,0,0.08984691649675369,0.07891165465116501,-0.14172138273715973,1
44384760-74c6-4a6d-bd0d-a1dd1f7e38d8,3930169,0,0.0895732119679451,0.08308468759059906,-0.08229763060808182,0
7807e25c-2b2e-477a-b4ad-b70bbc837266,3930169,1,0.08562182635068893,0.08435766398906708,-0.01625612936913967,1
1dfb7d30-19aa-44af-bcd6-d9560cd35382,3930169,0,0.10941359400749207,0.09893139451742172,-0.11240986734628677,0
68123277-f60c-49bf-a7ca-6c297e9d9e82,3930169,0,0.09813568741083145,0.09971354156732559,0.017701419070363045,0
9dea0ed7-a88e-4ff0-b853-7885228197d4,3930169,1,0.12179553508758545,0.10746688395738602,-0.14134514331817627,1
c387d5a8-c1ba-489a-9ef4-daef512af7f1,3930169,0,0.23077991604804993,0.23551473021507263,0.026483286172151566,1
1f2678a8-37c7-4e93-a593-ede6f3a56275,3930169,0,0.4963807165622711,0.5267633199691772,0.12163310497999191,1
1132d918-5f67-40fe-b0d8-0a085351e076,3930169,0,0.08128243684768677,0.0806419625878334,-0.008607633411884308,0
fb02d113-b3ea-4b05-b401-4bc8255cff86,3930169,0,0.11224959790706635,0.12926094233989716,0.1604565680027008,0
7d799f9d-cbe4-4ed9-aadf-89d7be180af2,3930169,0,0.38256707787513733,0.40996256470680237,0.11454633623361588,1
ceccdaa4-4e8e-4819-a4a8-1672d6ed4700,3930169,0,0.11257898807525635,0.11828503012657166,0.05589278042316437,0
3e690917-7f79-43f9-988e-6fe4955bd0c9,3930170,1,0.4011355936527252,0.40873655676841736,0.03154478222131729,1
6b8ac496-1b32-48c3-8d1c-752c16940f7a,3930170,1,0.23332004249095917,0.2303057760000229,-0.01692703738808632,0
04367b2b-88b9-434d-9f18-ac4438ffa7b5,3930170,0,0.12113745510578156,0.1219337061047554,0.00745795015245676,0
d4945513-768d-404d-92ab-1489fc2bf763,3930170,0,0.19795596599578857,0.19962503015995026,0.010479290969669819,1
5bc7423c-6956-4163-b326-b4ab31bef97c,3930170,1,0.06871188431978226,0.06701371818780899,-0.02684655785560608,0
8f270e72-a87b-49bb-b801-3de71fcac02c,3930170,0,0.1636878103017807,0.15435609221458435,-0.06979507952928543,1
4ff04f14-f90d-452e-988d-2df16a891e26,3930170,0,0.3013159930706024,0.2844299077987671,-0.08155360072851181,0
262bcb04-2ed6-4883-b23c-6867770c00b1,3930170,1,0.14130710065364838,0.13473734259605408,-0.05523015186190605,0
77d30f36-e233-4f9e-891f-c5a3a605c95f,3930170,0,0.12381118535995483,0.12474443018436432,0.008575037121772766,1
4c1a16fb-5a87-4fde-8fd6-832781de4c3c,3930170,0,0.3601679503917694,0.3677152991294861,0.03260438144207001,1
ba1f7f42-bf14-4591-b82e-f952edeefffa,3930170,1,0.41014519333839417,0.4116050899028778,0.00603127758949995,0
1642d00f-865f-47dc-9af5-a4f47bc2ea64,3930170,0,0.10061518847942352,0.09645657986402512,-0.046823401004076004,0
b8b82317-260e-4be8-8ab8-a972464b6acd,3930170,1,0.28573161363601685,0.2813514471054077,-0.021562036126852036,1
eaeedccf-d76d-4f9c-bad7-bd62f1791b4b,3930170,0,0.15817853808403015,0.14676253497600555,-0.08837851881980896,0
946e55f6-a00d-4008-bf02-0249625377c2,3930170,0,0.37230873107910156,0.36888933181762695,-0.01465959008783102,0
dbe23dc4-a3c9-4243-bb2f-92b83e9daf8f,3930170,1,0.3498845398426056,0.348340779542923,-0.006793777458369732,1
abffd5cd-01d5-408d-8445-43a6f61de52b,3930170,0,0.1080842837691307,0.10770876705646515,-0.0039012180641293526,0
c1b3841e-1a70-4ea9-b7db-b92210d5f315,3930170,0,0.13059495389461517,0.1331775188446045,0.022557295858860016,0
0907e9dd-ab45-4f59-bf2a-2cf33ad11640,3930170,0,0.3941960632801056,0.40316057205200195,0.03739480301737785,1
457427ae-416f-480f-8e97-50ae33d8a2f3,3930171,0,0.15842591226100922,0.16495908796787262,0.04820369556546211,0
a99e7388-7db2-415d-afd4-e8e8cea51a3d,3930171,0,0.09684940427541733,0.10373024642467499,0.0762844979763031,0
7c6e2343-53b4-420a-8ffc-48e11ce52e70,3930171,0,0.18822157382965088,0.19615837931632996,0.05112764611840248,1
a7eec006-1a16-4a5c-b403-0da5f92557bb,3930171,0,0.027669161558151245,0.027939556166529655,0.010003122501075268,0
772f38ab-e216-4af5-a115-4cc26a9a5c69,3930171,0,0.30547478795051575,0.31545448303222656,0.04662057012319565,1
8c71814c-7477-4a14-b50d-0bdf5621c9d8,3930171,0,0.12746237218379974,0.12281987071037292,-0.04240892454981804,0
3ad633ce-517e-42de-83c1-062dad9e5b41,3930171,0,0.19028466939926147,0.19214999675750732,0.012061300687491894,0
4cd9c320-a8cf-4fc8-8d78-487a6d6e3bcc,3930171,1,0.27329686284065247,0.2739880681037903,0.0034775445237755775,0
235e76da-7877-42cb-af27-7246ef88941e,3930171,0,0.030621014535427094,0.032092656940221786,0.04846007004380226,0
753440de-44f3-4565-b026-7cf475ab7151,3930171,0,0.04129820317029953,0.043310947716236115,0.049688104540109634,0
b6d1574b-670a-49b8-be6b-8a4cc0cf8da6,3930171,0,0.04546348750591278,0.04764396324753761,0.04913330078125,0
9765d99e-b496-4087-9496-07c405bdebad,3930171,1,0.22587063908576965,0.2327718287706375,0.03905108943581581,0
742a5e95-2224-49a0-85d9-2240949ac135,3930171,0,0.08216187357902527,0.08242323249578476,0.003460620529949665,0
cbcff34d-c133-44f6-9d7a-bfa299cb9000,3930171,0,0.19930674135684967,0.20818132162094116,0.054709743708372116,0
a0cee522-2323-4812-8e8f-39d9cbb506b1,3930172,1,0.10326936095952988,0.10326304286718369,-6.825383752584457e-05,0
d521671a-b933-4431-82b1-1b5ed53b5b95,3930172,0,0.05701077729463577,0.057194821536540985,0.0034183096140623093,0
dafc5a87-6787-4a4c-a08f-358aeda4284f,3930172,0,0.25946536660194397,0.25893157720565796,-0.0027799345552921295,0
c8bd3fd7-656f-4baf-96d0-d44a76903448,3930172,0,0.2810651659965515,0.2787715494632721,-0.011379203759133816,0
c73e60c7-bdfc-47f2-8721-f14041cf6054,3930172,1,0.18692336976528168,0.1867564618587494,-0.00109856016933918,1
eaa0db43-8e7f-42ad-b9ea-bd8c8fa99153,3930172,1,0.18931521475315094,0.18806129693984985,-0.008191044442355633,1
5e9d35bc-2f5a-4f5f-bca7-74b234f5a8e1,3930173,0,0.20255187153816223,0.20129042863845825,-0.007827713154256344,1
41780cf9-526d-4402-ba62-c975b0dffec3,3930173,0,0.19694416224956512,0.1928415298461914,-0.02614719420671463,0
c0733ac0-bf5e-4fd5-93e0-4b3c451e16ff,3930174,0,0.16874942183494568,0.1749025583267212,0.043243929743766785,0
1e4328ec-177f-4a4d-89b6-ff35e4fd490a,3930174,0,0.2831248342990875,0.2943006157875061,0.054426196962594986,0
df94c10b-325b-4679-96bd-bb96f12336af,3930174,1,0.14463824033737183,0.1468055546283722,0.01741025596857071,1
b3da2122-672d-4984-8aec-f799a89bd36d,3930174,0,0.07884126156568527,0.0826270580291748,0.05101896822452545,0
c01cf4bd-7f8b-43e6-a79f-a9903a366396,3930175,0,0.19184215366840363,0.18215419352054596,-0.06373576819896698,1
389fa4f7-ad86-4113-9557-db4a35649473,3930175,0,0.03560119494795799,0.03787144273519516,0.06417495757341385,0
66591df6-6599-4d36-a580-da43543210e5,3930175,0,0.18555280566215515,0.1843133568763733,-0.008222774602472782,0
10c9ef00-4963-4c47-8189-52a99f432823,3930175,0,0.23902709782123566,0.22736218571662903,-0.06524532288312912,0
2c1f29c6-ffdc-46f9-ae74-c0ac383d401f,3930175,0,0.3372548818588257,0.3148593306541443,-0.10194673389196396,0
908c84b4-06ad-45a3-9a71-dce14aefc226,3930175,0,0.04926232248544693,0.04837353527545929,-0.019141007214784622,0
d56a9a8d-0f68-4d74-b158-2b7a29cd916b,3930175,0,0.02457861416041851,0.024777209386229515,0.008251190185546875,0
ccb81f31-bad6-407b-8db5-29f136df7871,3930175,0,0.2002471685409546,0.1996934860944748,-0.0034609707072377205,0
fc1f591a-5d92-4e1f-a593-97a1310c2a1d,3930175,0,0.09137015044689178,0.08760539442300797,-0.04621107503771782,0
6e2be166-e146-4155-b763-861a7f5efd8b,3930175,0,0.08284347504377365,0.07591435313224792,-0.09487376362085342,0
fe8759fe-c7ce-41df-8fc9-e2900170e99e,3930175,0,0.12305236607789993,0.11821573972702026,-0.045598819851875305,0
126cee5c-efa6-48ab-93e0-9193769548e0,3930175,0,0.06825056672096252,0.07104625552892685,0.04315044358372688,0
1749e604-4e2a-47ee-941c-eaa0d820dd4f,3930175,0,0.1578717976808548,0.16200967133045197,0.030798450112342834,0
36510ba3-45ed-4b03-80a2-3a907707320f,3930175,0,0.277301162481308,0.2872215211391449,0.0489715151488781,0
8dc4c8d3-ab27-4bc9-807f-043174a7b3d3,3930176,0,0.10261774063110352,0.10349169373512268,0.009455058723688126,0
4705d18a-0900-4c5a-987e-1e1d2f14cbdd,3930176,0,0.14429309964179993,0.14388172328472137,-0.00333574740216136,0
32ffd2a3-9e4c-491b-bc86-1ecd6b1bff3b,3930176,1,0.12538810074329376,0.12802891433238983,0.023866435512900352,1
2468322e-87ba-4e72-b376-ed0f60aa093a,3930176,0,0.47985783219337463,0.47845926880836487,-0.005603916477411985,1
7d066596-0c6e-4568-9d41-2bf677f06fdb,3930176,1,0.5625340342521667,0.5604295134544373,-0.008547324687242508,0
c8d9b234-590b-420d-b5fd-a689ebfc69a2,3930176,0,0.19421228766441345,0.19244299829006195,-0.01134517416357994,1
70b01463-9e1c-4d8c-ae15-15335ff4f587,3930176,1,0.4875314235687256,0.4913289248943329,0.01519697904586792,1
8c1253a6-80a7-4168-8584-1598d4d5e716,3930177,0,0.05810406804084778,0.060261741280555725,0.0387551374733448,0
01776784-eb37-4d6a-9cd3-cc6d2c16558c,3930177,0,0.15645729005336761,0.1624319851398468,0.04458421841263771,0
5454f49c-a1d9-45a1-abfb-e7950c1b20c4,3930177,0,0.32309356331825256,0.3222862482070923,-0.0036937622353434563,0
ea6415cf-f515-4e1a-9ec8-6efbdd8eab0b,3930177,1,0.33819109201431274,0.3453584611415863,0.031860802322626114,1
8eeb815c-7562-4a29-ba58-459e432b5dff,3930177,0,0.04499496519565582,0.046186722815036774,0.027390405535697937,0
8265f9cf-9488-4834-9a69-d727720ac555,3930177,0,0.38954591751098633,0.3999403119087219,0.04350755736231804,1
ec8728f0-e886-486a-9414-2365524caf6f,3930177,0,0.23994748294353485,0.24590960144996643,0.032419051975011826,1
a24d855a-d659-4d23-b67f-62ab68df187d,3930177,1,0.17103655636310577,0.17719720304012299,0.042845405638217926,0
642f7a69-7970-4cf4-ba9a-353f2f1690f9,3930177,1,0.12047822773456573,0.12529709935188293,0.04471277445554733,0
6945677b-e993-4dcd-9bca-8d244976058b,3930177,0,0.1171737015247345,0.1164948046207428,-0.006579665467143059,0
27e14dcc-847f-4faf-b490-863bbc3ce323,3930177,0,0.21939729154109955,0.22792667150497437,0.049126625061035156,0
65f5ddb1-7255-4808-87a4-ef4b7055fbf0,3930177,0,0.1957378387451172,0.20340938866138458,0.04802888631820679,1
7dcdc137-4129-4a62-bdb1-58f5c08a6c30,3930177,0,0.25634217262268066,0.26413071155548096,0.0404595248401165,0
804dd0e9-57dc-40a2-8239-75d2afd15b4f,3930177,0,0.4462776482105255,0.45585009455680847,0.038661301136016846,1
df3c4f4a-96e3-4180-b031-c5917adc428a,3930177,0,0.37843969464302063,0.38845527172088623,0.04236616566777229,0
14175771-befd-4a26-8938-74dbb74895b2,3930177,1,0.3020270764827728,0.313191294670105,0.052422069013118744,1
997ba92a-a94a-46a1-ae60-505a7ad9706f,3930177,1,0.03736952319741249,0.03899279236793518,0.04420911893248558,0
6186444a-1d7e-4012-9f79-5bb0121d0c3d,3930177,0,0.24983131885528564,0.2592051923274994,0.04940849170088768,1
cb2aa55a-77f8-4c16-a39e-1dae5428f692,3930177,0,0.3846912086009979,0.39805135130882263,0.056092068552970886,0
8ff999e7-6a05-4952-84a8-00b1805e33ff,3930177,0,0.3447580635547638,0.3535153269767761,0.038538847118616104,0
105036a1-b722-4f17-9d9e-cb4829c50aa2,3930177,0,0.11770928651094437,0.12272632122039795,0.0474415048956871,0
887b9a5f-527c-444d-a422-92c7689fde4a,3930177,0,0.2019561231136322,0.20947453379631042,0.04601740464568138,1
70c4dc0c-6a93-45f1-8c89-dd4df9b5c14b,3930178,0,0.08820609003305435,0.09077885001897812,0.03157581388950348,0
cfde01f3-3046-49fa-a544-7ee21d2ba5c9,3930178,0,0.20891697704792023,0.20426101982593536,-0.028406519442796707,1
dba76990-2cec-4d2e-bbf4-29c3cc363478,3930178,0,0.18081827461719513,0.1870863139629364,0.04175848886370659,0
5ea7958a-1912-4988-8aed-4e564dd5eea3,3930178,0,0.15818458795547485,0.16359826922416687,0.04010295495390892,1
aca0bd30-478e-4454-a88c-e4769755bc4c,3930178,0,0.24153974652290344,0.24983344972133636,0.04475552588701248,1
f52799b6-8e68-4fab-a970-332b9564af2a,3930178,0,0.05178024619817734,0.05161263048648834,-0.0034191859886050224,0
366b03a3-3a59-48d1-82d3-8a617feb986d,3930178,0,0.37132489681243896,0.38372480869293213,0.05276917666196823,0
04c52bf7-d988-4898-9974-fdad96adb4fa,3930179,0,0.23219168186187744,0.23028741776943207,-0.010712150484323502,1
4bcf25bd-e527-4608-9b22-52b06abc1d7a,3930179,0,0.28203949332237244,0.29200148582458496,0.048684339970350266,1
dcd1f3eb-c529-4b20-96fc-f57c63aa0c12,3930179,0,0.5156141519546509,0.5173333287239075,0.006884152069687843,1
6ce1d2ac-d85f-4d14-9243-60eb56625c5f,3930179,0,0.18732304871082306,0.18816177546977997,0.005500094499439001,0
cbb32a39-692a-4bda-8075-9dc3a280d95d,3930179,1,0.2057415097951889,0.20755036175251007,0.011033538728952408,1
e0e5cb63-95f4-4fa3-905f-bfa41fd45aa8,3930179,1,0.19978192448616028,0.19753743708133698,-0.014099190011620522,1
3067933f-ed28-4542-a675-8602c1f4fceb,3930179,0,0.21774239838123322,0.2178058624267578,0.00037252577021718025,0
a4530695-00fe-4427-a809-4cbddc6b4d2b,3930180,0,0.16928227245807648,0.1701442301273346,0.0061170002445578575,0
6c22252f-f8d7-4781-9711-a11835585a14,3930180,0,0.1382969617843628,0.14250323176383972,0.03485475853085518,0
968ba808-7de3-45bb-899e-e84831a94c56,3930180,0,0.2388106733560562,0.23781639337539673,-0.005477580241858959,0
d038009e-c37c-483f-90f4-c534ecc4c2cd,3930180,0,0.03956136479973793,0.04161490872502327,0.05274580046534538,0
83f0f86c-1128-4ce5-bb12-9c1f3a93ea42,3930180,0,0.1868232935667038,0.19307240843772888,0.04061669111251831,0
56205f98-3ea5-4a53-8fc4-39a49d6a0e75,3930180,0,0.20683394372463226,0.20983082056045532,0.018170811235904694,0
171ba71c-b61b-4b37-b390-be4dc3ece88e,3930180,0,0.14930394291877747,0.15431943535804749,0.03895380347967148,0
75c79e44-4611-4ad1-a5f2-4178563e22ab,3930180,0,0.08070049434900284,0.08270929753780365,0.026774846017360687,0
0e95a886-57aa-45d7-89e4-d7ae0da33a16,3930180,0,0.0627676323056221,0.06534461677074432,0.04298875480890274,0
b6406253-fddf-43a7-b55e-282db6156490,3930180,0,0.3819281756877899,0.39616021513938904,0.05988195165991783,0
4514546e-6724-457b-8ec8-6aa8425787fc,3930180,0,0.12792396545410156,0.13339108228683472,0.048137981444597244,0
6075af66-b44e-45b7-b3bf-008108eb3290,3930180,1,0.19618351757526398,0.20271851122379303,0.040931034833192825,0
14a591f4-ca4f-4110-868f-1095642aa4c1,3930181,0,0.23434332013130188,0.2325499802827835,-0.010021593421697617,0
2b594c80-ccd8-4da7-9fdf-4c6e89c99b80,3930181,0,0.16328366100788116,0.15868116915225983,-0.03407754749059677,0
2014dc71-cc03-432c-89f7-97bfb591db2d,3930181,1,0.0426630899310112,0.038562923669815063,-0.10531669110059738,0
068eb0a7-4586-468e-9787-44f2973f60f6,3930181,0,0.06402918696403503,0.060967519879341125,-0.052263613790273666,0
b42e14c6-a51b-4092-8c2c-d3f824e6668e,3930181,0,0.31951478123664856,0.29664167761802673,-0.10733897984027863,0
a1048239-2255-4a3c-84a8-68a71578c21a,3930181,1,0.34815630316734314,0.357129842042923,0.03930995985865593,0
a289e616-b856-4209-bcd0-57b1cbbc2dcc,3930181,0,0.08261651545763016,0.07745734602212906,-0.07009027153253555,0
7b9a1c4b-f9bc-44b4-b5cd-ef26327fb9c7,3930181,1,0.204428032040596,0.2573919892311096,0.299277126789093,1
5d6d3f3c-202f-41ff-8715-1500d46bc915,3930182,0,0.13618645071983337,0.13628721237182617,0.0008562810253351927,0
2a7dae40-3e14-4817-9a94-9126522f93d4,3930182,0,0.12656037509441376,0.12690897285938263,0.0031497818417847157,1
db4612df-17ce-46bf-bf65-99c4cf877d4c,3930182,0,0.1401149183511734,0.1451820284128189,0.04143556207418442,1
1a6d820f-3abc-44e4-8cd7-01088c5dbec1,3930182,0,0.12641197443008423,0.12865354120731354,0.02014603465795517,0
79cbea0e-d5e2-4c9c-a793-df1412463baf,3930182,0,0.32132071256637573,0.32462888956069946,0.01512925885617733,1
c3e2bb89-961b-4393-9cb7-10aa1bedaa5d,3930182,0,0.2855088412761688,0.2911018133163452,0.02725871466100216,0
6368dcb8-703d-4a75-89f3-c072e42937a3,3930182,0,0.26615971326828003,0.26702064275741577,0.004403197672218084,0
2ae38e33-1c73-4c2e-a929-02b723d549c2,3930182,0,0.11877019703388214,0.11812838912010193,-0.006146365310996771,0
1c96b753-f462-4522-871c-ab9720dce173,3930182,1,0.24947670102119446,0.24815677106380463,-0.007062095683068037,1
9d9ba429-fd22-4a09-b09b-c97009ad1e58,3930182,0,0.19829131662845612,0.2009984254837036,0.016942249611020088,0
9227cb32-0edc-4384-a819-7c55542dd557,3930182,0,0.17910464107990265,0.18024897575378418,0.007763901259750128,0
0b9010d7-e80f-4f7d-b045-3d8b96d3cb63,3930182,0,0.07456479221582413,0.07463518530130386,0.0010198017116636038,0
4f3daea1-49f0-4901-ac83-72e2a91eece0,3930182,1,0.4875883162021637,0.48497530817985535,-0.010459991171956062,1
aaa34627-3b91-40cf-9132-df53ecbe61bf,3930182,0,0.081637442111969,0.08117947727441788,-0.006124064791947603,0
24562d42-35cf-4284-92c8-192031e033cd,3930182,0,0.056573450565338135,0.05693956837058067,0.006838695146143436,0
1af4302f-3584-42c4-8872-49957a52489b,3930182,1,0.32777339220046997,0.3268115520477295,-0.004368634894490242,1
6e328145-1cff-4464-aa9f-e8eb1155d316,3930183,0,0.10857115685939789,0.11193232983350754,0.03426648676395416,0
e6360505-9efa-4b4c-a9df-a3f1b55aa66a,3930183,0,0.07562074810266495,0.07131654024124146,-0.06324785202741623,0
6906bb52-353f-4f53-b8b3-083e77c91008,3930183,0,0.24057260155677795,0.2303432673215866,-0.05683111026883125,0
92cbeb5c-4360-453c-8b6c-13b9ba92c6ea,3930183,0,0.17126664519309998,0.17595446109771729,0.032676342874765396,0
d1f47da2-1684-469b-b39d-ed94fcfc672d,3930183,1,0.1538182646036148,0.15387548506259918,0.00043960846960544586,0
03c17eae-893e-4a80-a3c4-3b3ceacc59ec,3930183,0,0.1685427874326706,0.15812000632286072,-0.07629301398992538,0
ef333fad-f901-4507-8454-6d0be7515c1d,3930183,0,0.16916711628437042,0.15962456166744232,-0.06948251277208328,0
89cf49d1-045b-4825-8459-18c34fbb212b,3930183,0,0.1441759616136551,0.1462542861700058,0.016743721440434456,0
cbf613c4-910d-4ba0-b3e6-4a0e39363d8a,3930183,0,0.07351130247116089,0.0723734125494957,-0.016827698796987534,0
dbebd86f-455e-4f4d-b3ae-ab87d94bdaf2,3930183,0,0.3572466969490051,0.3417452573776245,-0.06819208711385727,0
c15aa0e7-7274-4109-8c70-bdb93d336313,3930183,0,0.14561942219734192,0.1488455832004547,0.02569599449634552,0
426dd1a1-e917-40e1-9a38-783456e3c7c6,3930183,1,0.30117830634117126,0.2976648807525635,-0.016749165952205658,1
13b5f011-2e56-4230-88dd-127b9a896bee,3930183,0,0.17996764183044434,0.1698702573776245,-0.06998022645711899,0
0fccd748-d902-46c6-a17f-795fcc2227cf,3930183,0,0.13885170221328735,0.14079709351062775,0.016174940392374992,0
68fe7fdd-93d2-4b6e-8a7e-8c5ec2c0b43b,3930184,0,0.17855042219161987,0.18395690619945526,0.03643384948372841,0
a78fbaae-ab9f-4c29-850a-eb20f1162f41,3930184,0,0.3061605393886566,0.31586599349975586,0.04529525712132454,1
45944de7-3fcb-4a65-88a9-4d5c9a84ceb3,3930184,0,0.1202026978135109,0.12415610253810883,0.036863941699266434,1
7ce8baa0-4425-4be5-9e71-c25b6db24c20,3930184,0,0.2244858741760254,0.23373304307460785,0.05236241966485977,0
35763cb9-d4df-4df1-b855-0f42bef1fb26,3930184,0,0.40994924306869507,0.4213939309120178,0.04712136089801788,0
a3a95d08-3b2f-4288-b588-b24b31b2882d,3930184,0,0.3656471073627472,0.3814328908920288,0.06746592372655869,0
03f67930-7709-419b-88fc-63da9e3b73e3,3930184,0,0.1942855417728424,0.19988439977169037,0.03538350388407707,0
5852a17f-e8b9-4c76-9ac7-905e2b667a5d,3930184,0,0.17318136990070343,0.1787024587392807,0.03808257356286049,1
f3477107-61e7-4471-9ceb-feee140f7f94,3930184,0,0.19259048998355865,0.2009170949459076,0.05269257724285126,0
40216536-0378-40c7-9bfa-dd977d4c81b3,3930184,0,0.05842643603682518,0.06170878931879997,0.0581500418484211,0
94e1481d-7a4f-4cde-a07c-830e13dc2dc2,3930184,0,0.46196213364601135,0.47165220975875854,0.03893307223916054,1
bb801a48-4522-44c4-b8b5-e850799d1eb6,3938637,0,0.283926784992218,0.28613486886024475,0.010835195891559124,0
13fe08aa-78b5-4fa9-8a11-ef6bb7cd048a,3938637,1,0.24996432662010193,0.25540095567703247,0.028791483491659164,1
48d2c5b4-7420-4650-adb5-bd512f861685,3938637,1,0.22117489576339722,0.22476747632026672,0.02073613554239273,0
d94b072e-37b6-404e-b66c-341ade52c411,3938637,0,0.32040080428123474,0.30849331617355347,-0.05524216219782829,1
fcc56f55-bdb1-4186-8d1c-30ddc3d0a1a3,3938637,1,0.1758831888437271,0.17539769411087036,-0.003353038802742958,1
9b2279eb-f41b-4d69-8757-d12cb859537c,3938637,0,0.09219852834939957,0.08546841889619827,-0.08318362385034561,0
cbaf4ead-ac33-41b5-9c85-693fd785d290,3938637,0,0.17572622001171112,0.17646612226963043,0.005099772475659847,1
7185348d-7baa-42c2-aea9-745796c1f9ce,3938637,1,0.6008767485618591,0.6086133718490601,0.032367706298828125,0
3a72ad18-3bee-4164-8131-6a5e5b5a341d,3938638,0,0.11014467477798462,0.11372503638267517,0.036020517349243164,0
2d80e327-d914-43b7-8559-ef793bbc0f20,3938638,1,0.12107261270284653,0.12609204649925232,0.04634898528456688,0
cbac53d3-bcc7-406e-969e-64c705811058,3938638,0,0.13375826179981232,0.13554240763187408,0.015312175266444683,0
78928d9b-5191-4d71-a652-dc37e89e2995,3938638,0,0.17202088236808777,0.17698393762111664,0.03445535525679588,0
44c03eda-86b1-47a9-97be-24f94f7d000f,3938638,1,0.20066393911838531,0.20758484303951263,0.04260457307100296,1
62335348-02ae-4faa-a9f8-60d4c536f556,3938638,0,0.1890525370836258,0.19580914080142975,0.04348220303654671,1
05067cc5-734b-41e7-96d3-ae3d41289121,3938638,0,0.06913546472787857,0.0722278580069542,0.047085586935281754,0
aed74af1-dce7-4e82-8d26-7ee30b79d889,3938638,0,0.06670558452606201,0.06908023357391357,0.03752759471535683,0
a80138e9-2ef3-4fea-8661-c0f5dd142556,3938638,0,0.3028099834918976,0.31153222918510437,0.04098675772547722,1
393a2165-861b-410e-a3d4-c4a23365ae78,3938638,0,0.13157868385314941,0.13349665701389313,0.016682349145412445,0
b488858b-164e-40b7-bbae-a2d2e19ffe1b,3938638,0,0.07395496219396591,0.07391475886106491,-0.0005872929468750954,0
8717b842-df4b-4773-ae80-f77d4367120b,3938639,0,0.022351814433932304,0.022432707250118256,0.0036951680667698383,0
79961fcc-b479-4fd9-b067-8dcca6b20ed8,3938639,0,0.3049706518650055,0.3148421049118042,0.04616054520010948,0
2ed06c72-ed1a-439f-b60e-1dcdef17f59b,3938639,0,0.10192111879587173,0.10244181752204895,0.005675716325640678,0
0d8177e1-5871-488a-a1be-ef1458006bca,3938639,0,0.18734298646450043,0.19017718732357025,0.018508803099393845,0
8df0ed7c-0dfd-4f3a-b662-8ac463d202b9,3938639,0,0.0847153589129448,0.08428464829921722,-0.005567799787968397,0
ff4783cb-777b-48c3-bceb-bc2e387a5b22,3938639,0,0.18226571381092072,0.18121951818466187,-0.007035129237920046,0
8f8c69bf-b7ba-40bf-be95-8944e515ecf8,3938639,0,0.27621665596961975,0.28656452894210815,0.051178351044654846,1
33d5cab7-e7b7-467f-9755-8bfd0f325c8a,3938639,0,0.320732980966568,0.3294370174407959,0.03967301547527313,1
c8e36e52-8ad8-457c-8fca-04f19a3607e7,3938639,0,0.16859732568264008,0.17500197887420654,0.04501739516854286,1
b87900f3-fab7-429f-b687-8f021fa817bb,3938639,0,0.13727028667926788,0.13618303835391998,-0.009211482480168343,1
0c1c7ba5-031f-4072-b4cb-e7a67cbe825c,3938639,0,0.36322057247161865,0.364176869392395,0.004132295027375221,0
8cb51118-9f15-4f72-a9b3-a5f5097908dc,3938639,1,0.33680260181427,0.33630549907684326,-0.0022263857536017895,1
004f20b5-dae5-4cd7-bf0b-401e61fce48e,3938639,0,0.13213692605495453,0.13113386929035187,-0.008775252848863602,1
93ed5add-c3ab-420f-8bac-a3bff9260098,3938639,0,0.09428341686725616,0.09661496430635452,0.02700597420334816,0
0a82295c-9f2d-4032-81f8-7ed6f0624cd7,3938639,0,0.13798390328884125,0.1379232108592987,-0.000510496785864234,0
5215f396-d53a-4db1-82de-abe6c09f9f6b,3938640,1,0.043622199445962906,0.04564770683646202,0.047507379204034805,1
5900c59e-586e-4697-b0c2-e9bca5c83177,3938640,0,0.1209242045879364,0.12304514646530151,0.01980305090546608,0
5436c65a-88a0-42e8-8f1e-3a315fc11b8a,3938640,1,0.2781667411327362,0.2882586717605591,0.049717146903276443,1
2ec4eeb2-bb24-488a-bfbd-023b63bf9664,3938641,1,0.19757311046123505,0.2008422315120697,0.020493309944868088,0
bcc8ce5a-4504-4d6d-9fcf-7b788f0b58a0,3938641,0,0.21684062480926514,0.22311656177043915,0.036577560007572174,1
e22bcc45-7e42-421d-9c83-5d91b638d9eb,3938641,0,0.3460955321788788,0.3554951548576355,0.04127572849392891,1
04a2fe14-9e14-42a7-a133-22514ca34a2d,3938641,0,0.10726790875196457,0.10275660455226898,-0.0480070561170578,1
63ba9970-dd25-463b-978b-86999216c39e,3938641,1,0.10721340030431747,0.11225920915603638,0.05165715888142586,1
c64fdc5d-b470-45a6-bb8e-a68a5f608cfb,3938641,0,0.16556163132190704,0.17290925979614258,0.052267931401729584,1
c3f65c10-b81d-49c1-b965-29757286221d,3938641,0,0.28703856468200684,0.29882943630218506,0.05693259462714195,1
7162a745-a57b-42d6-b919-6bddc439960f,3938641,0,0.13786154985427856,0.13294628262519836,-0.041989825665950775,0
923be010-0cf2-4d7d-8490-27e3e5110a5c,3938641,0,0.3088268041610718,0.3089393675327301,0.0005272747948765755,1
42e71eda-da29-4fdd-9c3e-6aa28a257273,3938641,0,0.4077971279621124,0.4199889898300171,0.050260886549949646,1
980c4f50-d22f-4b17-a811-5fc65d05641b,3938642,0,0.49019935727119446,0.5043572783470154,0.056637052446603775,0
d62cf474-061b-466a-bb37-867507df0184,3938642,0,0.45328518748283386,0.4651477336883545,0.04777028039097786,1
53763840-e230-4894-9c6d-2cf38d3fa7c7,3938642,0,0.44974008202552795,0.46324360370635986,0.05442972481250763,1
35c8a326-2de3-49ff-8ec8-55add0066f40,3938642,0,0.13305282592773438,0.13851241767406464,0.04653114080429077,1
34e9ebc5-2dd8-4cd9-b305-299cb5526131,3938642,1,0.4553433358669281,0.4663408398628235,0.044263388961553574,1
c1c7b270-d225-4888-a8d0-10a4ea8d1ad3,3938642,0,0.26969870924949646,0.27880218625068665,0.04574086517095566,1
0488fc9f-00a5-4149-8a03-fee2314577c3,3938642,0,0.2065689116716385,0.21128800511360168,0.02855345606803894,1
fa3f54a6-75cd-4d7d-a7eb-b1d1f40dfb52,3938642,0,0.2444889098405838,0.252005398273468,0.04027930647134781,1
2dc0c7f6-94da-43fd-8ae2-3894133caebf,3938642,0,0.2824455797672272,0.2921314537525177,0.047308411449193954,0
3be25a73-5529-4e7c-92bb-83252fd71ca5,3938642,0,0.2006603181362152,0.20595362782478333,0.032681550830602646,1
44f86539-c58c-49f6-a454-e0e09a428262,3938642,0,0.18938425183296204,0.1969866305589676,0.04878050833940506,1
4e0df8c8-0ad4-43a4-aa99-826c11fc2f87,3938642,0,0.3507659137248993,0.36296772956848145,0.05316777899861336,0
48a195ed-568a-487a-9fac-6799923ddffc,3938642,0,0.13344541192054749,0.13952355086803436,0.051579661667346954,1
bce5589b-0166-485b-92f2-9670069516b3,3938642,0,0.4099970757961273,0.418052077293396,0.03320246562361717,1
48644015-08dd-4eb6-aae8-4bea6f1a30d5,3938643,0,0.2588880658149719,0.25790730118751526,-0.0051180277951061726,0
d0375c52-0d6e-4f76-b029-4f9d8782ec1a,3938643,0,0.4064593017101288,0.4082026183605194,0.007221240550279617,0
c0da310a-1795-4840-a47c-d03c34d4b069,3938643,0,0.04245610162615776,0.04247071593999863,0.0003596504684537649,0
389d6424-d20c-4f04-8729-493d5f857b0a,3938643,1,0.0851949155330658,0.0858367457985878,0.008207263424992561,1
7032e077-bc7d-4adf-a5d5-b6338fd4354b,3938643,1,0.17341868579387665,0.1717052310705185,-0.012000462040305138,1
786cbab4-104b-47ca-a4ea-02cb74c4b6cc,3938643,0,0.3771432042121887,0.3875936269760132,0.044253017753362656,1
416ea0e5-30eb-4f37-8dbb-92a73b34e3df,3938643,0,0.12320290505886078,0.12299679964780807,-0.001909406390041113,0
f9ef8b29-96a7-422f-aca9-3c3ec6401b6b,3938644,0,0.11056136339902878,0.11489760875701904,0.043357957154512405,0
5d269541-ef89-4702-8580-3950bbe72af2,3938644,0,0.11137167364358902,0.11493926495313644,0.0355537049472332,1
0a90a57a-0554-43b5-9cc7-804192b32aed,3938644,0,0.18758076429367065,0.1959821730852127,0.05420917272567749,1
7cea6100-2b02-40f4-9410-a1ad5263150f,3938644,0,0.23574323952198029,0.24419496953487396,0.04634401202201843,0
30e49030-9dd4-4db6-9fe4-7dae0036b391,3938644,0,0.3713456094264984,0.3835733234882355,0.05203976482152939,1
15e98114-a558-48a3-b53d-925a226d1aba,3938645,0,0.12640994787216187,0.11558929085731506,-0.10179723799228668,0
80c09aba-aa09-45ed-a2d6-026072e7c9f6,3938645,0,0.13025856018066406,0.13636034727096558,0.05281995236873627,0
af5f93de-a07b-4c14-a810-65f6b63eefb0,3938645,0,0.05070606619119644,0.043630097061395645,-0.15772460401058197,0
571fc473-b123-47c4-a6b4-5b2faba9d1a5,3938645,1,0.22306738793849945,0.19907653331756592,-0.1441962867975235,1
1e9013c3-47d8-4b1e-a98e-56fb2d727173,3938645,0,0.07172750681638718,0.07569107413291931,0.05806487798690796,0
dd94020e-229b-463b-a4c1-7250eedc4e3a,3938645,0,0.19712775945663452,0.2015468329191208,0.027689142152667046,0
9b16988d-6bbf-4859-b836-27cafd7e7707,3938645,0,0.12491702288389206,0.12961536645889282,0.04230516403913498,1
e9073c8b-8024-4b89-91a8-f073e6e3ae59,3938645,0,0.1927059292793274,0.23695258796215057,0.26306265592575073,0
6a116c8d-4b3d-4b97-adfe-5328ce2d79c8,3938645,0,0.1326136291027069,0.12163309007883072,-0.09901072829961777,1
bab7f3bf-3bdd-49bd-9e11-092316b04f54,3938645,0,0.11963754892349243,0.12869136035442352,0.08328758925199509,0
7316aafe-f45e-4c55-ab23-b235d4555038,3938645,0,0.04206450283527374,0.03950298950076103,-0.06549839675426483,0
f3e63c1c-93f7-4cf5-9d03-6e667967827e,3938645,0,0.2975364923477173,0.292360782623291,-0.024889148771762848,1
59c9b4ad-40ff-4539-bcb1-2ba151b58f76,3938645,0,0.1586054414510727,0.15256039798259735,-0.04601792246103287,0
f468a9b4-75c3-4216-bbdd-0107aa8fb931,3940878,0,0.12591026723384857,0.12900342047214508,0.027814392000436783,1
d0bda493-4944-47f5-a1dc-023c46f6ac4c,3940878,1,0.3892476260662079,0.4016975462436676,0.052078865468502045,1
7e6be3f0-9fe1-445c-a283-dc3b2b9e86a2,3940983,0,0.19973205029964447,0.19946624338626862,-0.001663767732679844,0
3321220e-fe8e-4cd3-b6d2-0df435bba0b1,3940983,0,0.4922046959400177,0.49353155493736267,0.0053085144609212875,1
ae8162a0-2f1f-4215-abdf-7bc8430d0f87,3940983,0,0.07630252838134766,0.07581455260515213,-0.006943833082914352,0
84416ce2-06a5-4774-91af-56cccfe028c5,3940983,0,0.11053557693958282,0.1107090637087822,0.0017634350806474686,0
87f3087e-2980-4904-ab64-379a43c2c660,3940983,1,0.27122315764427185,0.2715999186038971,0.001905263401567936,0
d44d4b76-ff8a-488f-b102-a03b76f58188,3940983,0,0.10377883166074753,0.10326767712831497,-0.005507729947566986,0
c9b8931b-3fda-406d-9560-672cb28f7fff,3940983,0,0.27317771315574646,0.2725105881690979,-0.0033625224605202675,1
d7649bc3-717c-4dac-a6ac-540f37f9ef49,3940983,0,0.1147465780377388,0.11570892482995987,0.009439353831112385,0
7fb1183e-3f08-44cd-a371-b7e7f4130351,3940983,0,0.06299401819705963,0.06240576505661011,-0.010009861551225185,0
4a6db59a-b849-4f08-972e-eeb484590faf,3940983,0,0.2182035744190216,0.21847034990787506,0.00156317837536335,1
3f65ed20-3771-44b3-afdc-ae9099584abe,3940983,1,0.0934193879365921,0.09236467629671097,-0.012516978196799755,1
880bda4c-29d5-4b95-a789-7ba3f9d357a3,3941017,0,0.07389527559280396,0.0880463495850563,0.19061246514320374,0
412e6a11-24ae-4e81-8498-5e31ecf4f14f,3941017,0,0.42796531319618225,0.4098251760005951,-0.07453065365552902,1
25cfa59b-a30a-448e-9dfb-5e9d879e7e51,3941017,0,0.20492444932460785,0.20511090755462646,0.0011439933441579342,1
7d10efab-cbb8-4ccc-b7cb-37ed10e33737,3941017,0,0.09695811569690704,0.10917624086141586,0.13230688869953156,0
92f595ac-46df-4302-bbe9-8557f680d21b,3941017,0,0.14025013148784637,0.15032295882701874,0.08114368468523026,1
1f0e9fcd-07ea-4cab-8358-6aa117e3d5fd,3941017,0,0.22831860184669495,0.2302209883928299,0.010765790939331055,1
a686033e-f76c-4244-831d-4056669db4d5,3941017,0,0.2067507654428482,0.20763443410396576,0.005379538517445326,1
a9a434b3-3c30-4674-ab3d-5355e2c4fa96,3941017,1,0.3957713842391968,0.4655803442001343,0.2852191925048828,1
47e1cef4-008b-44a8-92b0-eb7ddcda6cfb,3941017,0,0.2248229831457138,0.22866208851337433,0.021896997466683388,1
ab1b1403-a21c-42c8-b5af-8ea10da0b1bd,3941017,0,0.13163721561431885,0.14259636402130127,0.09266918152570724,1
c3c97bc3-3c1b-46b5-99d3-805de137d6af,3941017,0,0.04704490303993225,0.042633309960365295,-0.10308528691530228,0
5306c103-f45e-4d53-9c4d-7dffc1d3160c,3941017,1,0.10820556432008743,0.10247869044542313,-0.06077907234430313,0
1e6297d1-2695-4f39-b84f-28ac959871de,3941017,0,0.24890729784965515,0.22211499512195587,-0.14893485605716705,0
3db86c24-aace-45c5-a47a-2b2660431090,3941017,0,0.46279391646385193,0.49852272868156433,0.14319095015525818,1
3e063dce-978e-4d17-b750-dcd59c0b8dc4,3941017,1,0.3549256920814514,0.35695189237594604,0.008838530629873276,1
029f7c22-48fd-462c-aef4-6b13fd0e96cf,3941017,0,0.03735244274139404,0.03773961216211319,0.010714352130889893,0
a2b2b5a4-b189-4658-9221-a7a89ecdd656,3941018,0,0.28578853607177734,0.27985864877700806,-0.029235973954200745,1
cf998028-ab0c-457d-b30e-c634c80f815b,3941018,0,0.40340131521224976,0.4003966748714447,-0.012499830685555935,1
59084c7f-8f6b-4f21-a9d5-3705becc09b1,3941018,0,0.27120327949523926,0.25586724281311035,-0.07903441041707993,0
4a8118c6-0000-49b4-b0f5-67efef1b9c84,3941018,0,0.14429916441440582,0.1490090787410736,0.03763797506690025,0
5b78776a-1bce-4b58-8864-a1aebfa6b13f,3941018,0,0.16254521906375885,0.14220058917999268,-0.15772053599357605,0
c36ec74a-ea2b-4cd6-ae7d-f7cbe226f5e7,3941019,1,0.20164601504802704,0.20859010517597198,0.04259347543120384,0
1722d372-5384-4d1a-a27d-82c78526481b,3941019,0,0.368844211101532,0.38383156061172485,0.06386171281337738,0
5f949a14-4594-4f7c-bb27-2a376aa0ab83,3941019,0,0.19899946451187134,0.2061617076396942,0.04434065893292427,1
35176991-15ae-4f6a-8406-e88d805d394d,3941019,0,0.24806922674179077,0.25837716460227966,0.05451593175530434,0
935223cc-0632-4931-9a50-40def29906ae,3941019,1,0.18117541074752808,0.18915292620658875,0.05288065969944,1
7286269f-31c3-4f43-be00-4a12d1884b34,3941020,0,0.29174551367759705,0.29369211196899414,0.009402336552739143,1
15a7077b-c93a-47e4-bbfd-b7d407d1a728,3941020,0,0.2783275246620178,0.2814485430717468,0.015485301613807678,1
e193bb54-361d-4e47-b937-7fbc520ed841,3941020,1,0.30627167224884033,0.30601054430007935,-0.0012294044718146324,1
2700de32-97cd-4889-9587-111b25c07a23,3941020,0,0.04581008851528168,0.04564238712191582,-0.003843327984213829,0
46dc7275-5ac4-43a2-84ae-86d34ad34994,3941020,0,0.3232111632823944,0.3257353901863098,0.011516092345118523,0
1c078545-e863-47aa-9221-52833725220c,3941020,0,0.19765746593475342,0.19699214398860931,-0.004200599156320095,0
c29f71aa-66d6-44a7-a42c-c4d9d580496c,3941020,0,0.21642549335956573,0.21469272673130035,-0.010247441940009594,0
5768068d-2f7e-4ec5-9008-f029b2bd1ecc,3941020,0,0.23593495786190033,0.2357230931520462,-0.0011756448075175285,0
9c3fc6ec-446b-4c7f-8711-3af9b76ed4e6,3941020,0,0.4000888764858246,0.40250274538993835,0.010047055780887604,0
8d888d2b-ed04-4e0b-b15f-981e0265f8d4,3941020,0,0.0784163549542427,0.07817767560482025,-0.0033073602244257927,0
eb39faf1-17a4-4c6b-a108-f45c475ca45d,3941020,0,0.25470033288002014,0.256119042634964,0.007459977641701698,0
e823ecae-7294-44b2-9042-b952150063e9,3941020,1,0.3489167094230652,0.35033705830574036,0.006246418226510286,1
1e76a4d9-4dd1-4d76-a538-3ff598a3fc57,3941020,0,0.07763192802667618,0.07794369012117386,0.0043459078297019005,0
7ef61f30-f53f-4d16-b0ee-b10402b69039,3941020,0,0.05836290121078491,0.058099791407585144,-0.004797653295099735,1
1bda5004-1ca4-426d-a5de-2546ee613171,3941020,0,0.047810472548007965,0.04801088199019432,0.004393487237393856,1
93b972e4-2cb7-4946-b002-5053c487dee8,3941020,0,0.0871458575129509,0.08802762627601624,0.0110336784273386,0
75f4f0e3-8171-4088-a1cf-c211a951a16e,3941020,0,0.04042745381593704,0.04045622795820236,0.0007414473220705986,0
673e5264-8d6f-4e33-b410-65818655f6be,3941020,0,0.1565961241722107,0.1561957597732544,-0.003034568391740322,1
22e26042-04b1-43f6-9e78-952b133c71c5,3941020,0,0.078343465924263,0.07764676213264465,-0.009688385762274265,0
98ef9a46-fa3f-4690-8923-2853df051976,3941020,0,0.052110567688941956,0.05197368189692497,-0.0027746399864554405,0
1e720b39-4b66-4635-ae6e-ac3e66ac4996,3941020,0,0.20956608653068542,0.20896761119365692,-0.0036166803911328316,0
1d363bab-b41c-480f-9048-bae2c7e132c5,3941020,0,0.09168118983507156,0.09233959019184113,0.007880950346589088,0
d93335c9-a75c-4088-9d9f-d18357965b1b,3941020,0,0.10617264360189438,0.10686566680669785,0.007281761150807142,1
4f1cddf8-2a2b-47de-b125-055d3fb2ade4,3941020,0,0.350429505109787,0.3506360352039337,0.0009072357788681984,1
5cdecf0e-3585-4497-b8c1-65bb21af921e,3941021,0,0.07484950125217438,0.07440408319234848,-0.0064499168656766415,1
0ef39a89-c1bc-4006-9c19-cb7d98040a47,3941021,0,0.3712461590766907,0.3774144649505615,0.02633747085928917,1
9aa25060-7865-4199-b00f-c78da6c96f66,3941021,0,0.35537853837013245,0.3586510419845581,0.014255963265895844,0
f36e56f2-2a49-4028-b9c7-465f574d20de,3941021,0,0.17590154707431793,0.17654219269752502,0.004413180518895388,0
f5f127d4-c6bc-4bd6-a7c4-55eef3d5ff09,3941021,0,0.07041822373867035,0.07037544250488281,-0.0006538033485412598,0
590d5673-6760-4542-973a-b2b608d34535,3941021,0,0.22909040749073029,0.2302052080631256,0.006301520857959986,0
c42a7a18-b2f2-4e78-8cea-21935c5d2bd9,3941021,0,0.18722450733184814,0.18684694170951843,-0.0024831616319715977,0
b9b524f1-02dd-4377-9492-fca060ac2cd1,3941021,0,0.045840855687856674,0.0474889762699604,0.03705073148012161,0
8e4b5efb-eef8-48ff-8abd-5fc87ef63a65,3941021,0,0.2288220226764679,0.23115485906600952,0.013172930106520653,0
cedda43c-c8b7-4aa1-aa2e-4e3a87b5e0d0,3941021,1,0.29612427949905396,0.29573825001716614,-0.0018528965301811695,1
02ea9109-8354-4134-a4cc-ac984df6852c,3941022,0,0.18209990859031677,0.19578169286251068,0.08931425958871841,1
7039ff4b-4e0e-4e3c-8419-c3af4ce71787,3941022,0,0.1858387291431427,0.1864219307899475,0.003849842119961977,0
bb11c954-2c17-48f7-9f30-d90eae554bcf,3941022,0,0.20811590552330017,0.21321499347686768,0.030665840953588486,0
03f17a10-cf54-4d3d-955b-08842781c59e,3941022,0,0.1326434463262558,0.18389098346233368,0.38758063316345215,0
25a41ce5-0882-4100-a04d-164d42feaeae,3941022,0,0.4151959717273712,0.4760262668132782,0.24655760824680328,0
1d99d5a5-cb82-4735-bf09-5b36ddf975e0,3941022,1,0.42586854100227356,0.4278193414211273,0.00797397643327713,1
aff5c9ed-f60f-42c0-af01-c1f217d8e619,3941022,1,0.39552369713783264,0.4271097481250763,0.13049858808517456,1
42616641-43e5-42ae-9b38-73914034bf54,3941022,0,0.4042799174785614,0.5423340797424316,0.5574062466621399,0
6f1301af-66dd-4475-8d6f-808db1304471,3941022,1,0.2696596384048462,0.2884593605995178,0.09347190707921982,0
b6c4a0f0-8f52-4f9f-bb25-5b517957bac7,3941022,0,0.14911186695098877,0.17393620312213898,0.18360044062137604,1
a5af5f35-c759-4517-bda3-8234be74cbdf,3941022,0,0.45140665769577026,0.4478079080581665,-0.014542769640684128,1
1d94cd7e-e97d-4482-9826-a8c7d701d39f,3941022,1,0.23495721817016602,0.2651372253894806,0.16109199821949005,0
d3dbdefc-6699-417a-9e6c-dbdb8f97c08e,3941022,1,0.1680820882320404,0.17497606575489044,0.04851802438497543,1
598f33ea-cf9b-4303-8b9d-7529da3a1856,3941022,0,0.25424817204475403,0.26211845874786377,0.041095275431871414,1
f99df16b-dc76-42be-9690-2689c7937c4a,3942226,0,0.4029388725757599,0.40614137053489685,0.01329467911273241,0
8c2aa051-5ab8-43d2-a334-e27e1074dc98,3942226,0,0.06096338853240013,0.06101114675402641,0.0008338941261172295,0
23d70f48-45f3-42b4-8f4f-ffa0eb9b6732,3942226,0,0.1275603473186493,0.11914180964231491,-0.07787831872701645,0
d8f7a15c-532b-4666-9bee-88fd2b7f9584,3942226,0,0.13384473323822021,0.1347820907831192,0.008061625063419342,1
408f6d02-9476-45b6-89fd-4cdebd7e5cf2,3942226,0,0.188452810049057,0.18461669981479645,-0.02528151497244835,1
0fb8a5d1-60a2-4d02-b450-9785f84bb6f8,3942226,0,0.2009701132774353,0.1959886997938156,-0.03131422773003578,0
a648aa81-c6b4-4150-8d0a-d4f9d4edbc3f,3942226,0,0.08429406583309174,0.07756119221448898,-0.0905698612332344,0
48df6fa1-7164-44b1-8d68-df046e21476c,3942226,0,0.26978641748428345,0.26198142766952515,-0.039988819509744644,0
f43e0b47-85b6-4f13-9662-86c629bd624b,3942226,1,0.2468423694372177,0.2473173886537552,0.0025534573942422867,1
baff0f3a-2b7e-4853-91c1-6619a0d758ef,3942226,0,0.09671152383089066,0.0892987847328186,-0.08791767805814743,0
ef1e3e72-a218-4bc4-a0ba-0cdef0d0def3,3942226,0,0.07857063412666321,0.0758981704711914,-0.03750152885913849,0
496ca10b-0974-4a9b-9757-f67f6b5da589,3942227,0,0.13090279698371887,0.1310313493013382,0.0011293925344944,0
e823f939-ee43-4ca9-a1e9-3faddcc453f5,3942227,0,0.08647666126489639,0.08747006952762604,0.012510031461715698,0
eeb8cba4-4917-478b-9c03-1ca7e782d252,3942227,0,0.09123717248439789,0.09104026108980179,-0.002377234399318695,0
7eacd1b2-35cb-469c-8756-ab28bc7467a0,3942227,0,0.3431423008441925,0.3431243598461151,-7.97593966126442e-05,1
c5f38b37-c926-4cc4-b9cd-aa55ff68c006,3942227,0,0.17604756355285645,0.17524310946464539,-0.005555814132094383,0
c4a27b4c-050c-4bb0-ab22-dfb672864c84,3942227,0,0.07313491404056549,0.07335703819990158,0.0032723592594265938,0
cb02a4f5-2f6c-4eed-82e8-a33ad0ea6268,3942227,0,0.2759697437286377,0.27734655141830444,0.006879897788167,0
ee44a083-cbc4-4826-a627-35ad96d9859a,3942227,0,0.06192420795559883,0.061643242835998535,-0.004846976138651371,0
7e9f93d3-d0ae-476e-93b5-e2158ad6d487,3942227,1,0.24995096027851105,0.24847932159900665,-0.007865243591368198,1
030fd2a5-e0b4-4abe-b80e-f6075b41d795,3942227,0,0.0825992226600647,0.08230902254581451,-0.003835892304778099,0
3facb3ec-3321-4d41-9fce-5bed831bfdaf,3942227,0,0.20948421955108643,0.2105128914117813,0.0062006800435483456,0
8881200c-72c0-4c55-9902-79d5c4433b11,3942227,0,0.2087365984916687,0.2100256234407425,0.00778677174821496,1
61f3192d-4a3c-46af-a649-1d936b06cde0,3942349,1,0.43301597237586975,0.4437185227870941,0.04347256198525429,1
a455e45f-9275-4fc6-8de8-6ba46cc96195,3942349,0,0.2463376820087433,0.25422215461730957,0.042021699249744415,0
a76eb650-557b-4962-a4be-9cd3c8062c22,3942349,0,0.09881152212619781,0.10190773755311966,0.03429527208209038,0
bb8d2725-0682-44aa-84a7-eeebcac2f3ef,3942382,0,0.44267308712005615,0.4299723207950592,-0.051643576472997665,0
6b1caa0e-ad37-4c50-8005-ebb49a17fe5c,3942382,0,0.4245269000530243,0.4201365113258362,-0.01799583062529564,0
5c9de7ea-e3ca-41a4-8971-7abd129f3a0b,3942382,0,0.18253502249717712,0.17132426798343658,-0.0770048201084137,0
8cfcdf07-6106-495f-aec9-c6f1ac03defc,3942382,0,0.11381573975086212,0.10797856003046036,-0.059213388711214066,0
b4b18f1d-d615-4890-99f4-c8569604bc62,3942382,0,0.47871536016464233,0.4868532419204712,0.03259075805544853,1
63232790-89f3-426b-97a4-1083a6b8f277,3942382,0,0.5802745819091797,0.5761769413948059,-0.0168018601834774,1
2d83dc4e-2d7e-4b7f-a66c-e9f446cf0199,3942382,1,0.1412135660648346,0.14415407180786133,0.024039100855588913,1
852276ad-595a-47cf-9c76-67a7c3870991,3942382,0,0.11917063593864441,0.11091437935829163,-0.08112739026546478,0
bef4dc4b-484f-42ca-ada4-4b033a1e75fd,3942382,0,0.143713116645813,0.14603166282176971,0.018715616315603256,1
86e460f4-76ce-47c1-9f2c-b78283ca5f16,3942752,0,0.19348099827766418,0.2003268003463745,0.04329502955079079,1
62b44fff-83f2-41a2-b215-d8d9d5a66cd5,3942752,0,0.19634439051151276,0.20267261564731598,0.039627160876989365,1
020527a2-efe0-4121-b82b-b95a814616dc,3942752,0,0.21713954210281372,0.22557957470417023,0.048972465097904205,1
d8b081f2-6d72-40fc-b5d9-0ef4196764ad,3942752,0,0.3487730622291565,0.3598956763744354,0.04861979931592941,0
07a4ae90-f8cc-4fa5-a154-853ae6ce46f2,3942752,0,0.256301611661911,0.2648560106754303,0.04440061375498772,1
c6e8695b-134c-4193-a66c-b180ece4bb55,3942752,1,0.2615618109703064,0.25773829221725464,-0.019890401512384415,0
0ab88e90-f765-426d-bf4c-b7a21f569597,3942752,0,0.31936323642730713,0.3292936384677887,0.0453181229531765,0
71decc13-a4ae-4a3e-a92c-514487b5a7cb,3942819,0,0.23567132651805878,0.23164959251880646,-0.022460222244262695,1
b81de908-4a35-4f85-a776-2f28cc4550cb,3942819,0,0.3264910876750946,0.31084489822387695,-0.07207363843917847,0
a881898e-6334-40a9-97c3-81eaae624c09,3942819,0,0.18166816234588623,0.18927966058254242,0.050388533622026443,0
e2627570-af7c-4f19-978d-030256fcdb6e,3942819,0,0.1810627579689026,0.18127115070819855,0.001404755748808384,0
c2c38da0-de11-4031-b03f-0d8f08014946,3942819,0,0.08361322432756424,0.07915084064006805,-0.059703972190618515,0
398047ac-8a8e-486e-8193-715040e0f233,3942819,0,0.23270542919635773,0.20801465213298798,-0.14383701980113983,0
79586a5f-2bcb-4e92-8810-20269807339f,3942819,0,0.1337634027004242,0.12929365038871765,-0.039133090525865555,0
3b688676-04a8-4b8a-a2cd-7e75e53e28ed,3942819,0,0.36222362518310547,0.3717995882034302,0.0412217415869236,0
303f41e3-3754-436c-af0c-48eb82e116d4,3943043,1,0.14898781478405,0.14880070090293884,-0.001476513221859932,1
96139fb2-efda-4bfe-bfb5-83ad1a3eb509,3943043,0,0.3909601867198944,0.38995009660720825,-0.004244069568812847,1
38403df3-75a7-490a-bc98-bd1b20a74fd4,3943043,0,0.09048227220773697,0.0913258045911789,0.0102070989087224,0
d4906489-3b0b-4cdd-9f4a-3be0ee122b9f,3943043,0,0.3994307518005371,0.400227814912796,0.003321613185107708,0
fe2e280e-921c-402b-bc6b-bc6f65c8fd79,3943043,0,0.09205280244350433,0.0921577736735344,0.0012553473934531212,0
ffc8e1cb-8af2-4377-92c3-300ab0b603c2,3943043,0,0.11208125948905945,0.1118716150522232,-0.002108330838382244,0
c03b1e1b-9203-4afa-b026-f8bee12947e8,3943043,0,0.0809921845793724,0.08151788264513016,0.007041975390166044,0
ee293a76-bfe1-40bc-8fbc-08c1c4fd3766,3943043,0,0.1318294256925583,0.12973758578300476,-0.01840158924460411,0
60317334-c45e-488b-91cc-bb32de938350,3943043,0,0.35913121700286865,0.3606358766555786,0.006531501188874245,1
087dfdad-4e76-41dc-b63b-55d34a9c3554,3943043,0,0.17638219892978668,0.17864887416362762,0.015525019727647305,0
bb717e83-0a26-4ffe-a390-f2e7eb01af09,3943043,0,0.12234452366828918,0.12207498401403427,-0.002512582577764988,1
e72ce8fe-0754-4ea1-9990-2fb5fe55e227,3943043,0,0.42413094639778137,0.4227975606918335,-0.00546159315854311,1
eb9dc193-69a1-4bc8-8237-0cb1d1884251,3943043,0,0.09571616351604462,0.09585816413164139,0.0016397051513195038,0
7d8c980a-3feb-4980-8623-3c1a99105ee0,3943043,0,0.23555481433868408,0.23764176666736603,0.011554468423128128,1
