match_id,winner_event_id,winner_event_type,target
3764440,aa436187-a199-4a19-8fa8-44836e64e36e,Pass,0
3764440,4a40f0ca-9d7c-4659-9f8a-3a16751ef3a0,Clearance,0
3764440,c6778011-e687-4076-ba0e-10ba2cf82c24,Clearance,0
3764440,616f5ce8-67c3-48c1-bff6-eda55d4b09ce,Pass,0
3764661,940138f9-c95e-40a8-901a-e3e8f3649aff,Pass,0
3764661,cb65248c-2cb2-44ab-9bde-f7de1de71e93,Pass,0
3764661,dd9f533c-4405-4163-aec3-81c426b9c645,Clearance,0
3764661,e0e3b6d0-7e59-4709-92aa-d77359446d17,Pass,0
3764661,c4626dae-5af1-4c46-9279-46045bb439ec,Pass,0
3764661,2d69069f-d976-4b84-8f96-245bcd5c41e0,Pass,0
3764661,bc9bebd8-24c5-4856-9811-09d3fac8d07f,Clearance,0
3764661,94c81e29-9380-4c31-860e-e41d08e5b09a,Clearance,0
3773369,3f22ad23-8849-4cdc-bf2c-a3198786d8d8,Pass,0
3773369,0ede2a5a-14ca-4fad-975f-631ec61e3db8,Pass,0
3773369,688d5b2e-3000-472f-bf79-8cfe5505b0ae,Pass,0
3773369,fc80d7b4-a1f9-4457-bdb9-3d9b28644eec,Pass,0
3773369,a1b87f23-832f-4597-8c5a-057da606e967,Clearance,1
3773372,c0694b7c-b58e-43f9-941e-af8a41b0cc67,Clearance,1
3773372,4d8b90ec-6ea2-4c47-a593-9f42741c60b6,Clearance,0
3773372,8ae292f0-8e58-42bd-9fa4-37a4b2cd210a,Pass,1
3773372,f491764d-dba5-4b9e-a9a1-aaa3879cd38f,Clearance,1
3773372,45f81e0d-75d0-4ee0-9a4c-caa747e131cb,Pass,1
3773372,38c1eec1-b1fc-4d08-a3f0-21344db43e43,Pass,0
3773372,261334c4-7479-4c38-be61-36d30c2a4ef4,Pass,0
3773377,3571f1b0-7354-45cd-bd6a-fe343a62b1d3,Clearance,0
3773377,80bdeaae-517f-44e0-969f-99291ad0c8bc,Pass,0
3773377,9d9c0a9e-4ba9-4ba7-a441-014178340991,Pass,0
3773377,4ce2ff6f-7168-4526-9561-0192877ff410,Clearance,1
3773377,71fdcceb-f8fc-481b-b109-d192e8de1124,Pass,0
3773386,775e98af-274b-4c51-a1d4-e8b556abcb93,Pass,0
3773386,56d60039-44f0-46d5-b588-6ab913980867,Pass,0
3773386,c60e395a-a13f-4ece-b384-ffe686118665,Clearance,0
3773386,4499fee0-2db7-4699-9576-9999d0e92627,Clearance,0
3773386,ddb5c2bf-12c6-4778-85d2-f6bf366cc1b8,Pass,0
3773386,b5ab6aaa-b599-47d8-9b95-25c14d1c2340,Pass,0
3773386,e1364409-6232-4ff2-aacc-62f8aa04b4bc,Pass,0
3773386,8d0021ab-96e1-4e73-9437-386f1048595e,Pass,0
3773386,f0a910c0-6cbf-4add-b26b-a32e5ac8844f,Pass,0
3773387,9ace9e2e-5cb7-4b63-96d3-581186711fca,Clearance,0
3773387,a0fcee32-76ef-4bab-805a-70e286e16ca7,Pass,0
3773387,e8fb9793-90bf-4ea9-a740-c2898ba4e29b,Pass,0
3773387,ef020f7b-7753-4878-a1b9-f5c92c80c9f3,Clearance,0
3773387,77d4b509-4206-4036-9c19-727b563a2719,Pass,0
3773387,21ecf069-6f01-4d10-9ce5-7a9782da8151,Clearance,0
3773403,f1df8e1a-334e-4d22-a057-7b481b493ad2,Clearance,1
3773403,7ae8e519-4800-40f0-b7c3-245767fdde54,Clearance,0
3773403,0649ad23-37f8-4461-8f8b-aa4733ed4864,Pass,0
3773403,70aca46d-0bd0-40e5-b6ea-fe2336cd9750,Pass,0
3773403,f29a38e2-625d-4aa5-a22d-fac08fb2427e,Clearance,0
3773403,ccdbd3d2-7994-4805-8db2-c68c23cca1da,Clearance,0
3773403,98417e3c-ad89-40cb-a447-09425951698f,Clearance,0
3773415,b3bc3b0c-0bc2-42ec-b654-ed46e252c18b,Clearance,0
3773415,aff0df7d-c4a4-4013-aa89-e510e2b9c1a3,Pass,0
3773415,bbb19143-b100-487d-979b-36f66e5cdff3,Clearance,0
3773415,908f2137-a79d-4fd7-9f29-a3ef2d6119b4,Pass,0
3773415,d4a220ce-abcc-4566-b57c-2c94704be0b1,Pass,0
3773415,16dd3a50-6c75-448e-8afb-e32f49082ee6,Clearance,1
3773415,ac5ea7ab-b994-44dc-aa3d-c02f50ab7d78,Pass,0
3773415,aaa3a0f2-f53e-42bb-a2e3-8df57551dd9c,Pass,0
3773415,d3763726-44a0-4101-9eee-fb741a4eae9d,Pass,0
3773415,ea5832b9-7ab1-45fe-a792-4e8bc3e2b85e,Pass,0
3773415,c47495c0-bbcd-47c3-bec5-a5c786278d4b,Clearance,0
3773415,35bd2b7c-a817-4fa8-b6c4-85fc4c57b15d,Clearance,1
3773428,d263c522-36cd-4beb-999d-c05d36200d02,Pass,0
3773428,edc6642a-bd00-429d-a591-5e79c533531b,Pass,0
3773428,1b3e5088-f636-4a24-8292-ba5f0313365c,Pass,0
3773428,8a006f4c-ab05-4ec0-bd0f-f30b29368082,Pass,0
3773428,e4fcdd5a-7740-46b4-a663-ef6c0b1c8e6a,Clearance,0
3773428,15671c59-65dc-4d59-bb8d-1d5c913dd82e,Clearance,0
3773428,3a1b61b2-534d-4def-a6db-816489f9cfe8,Pass,0
3773428,48402acc-6500-4ccc-bcc8-061093e17ade,Clearance,1
3773428,48d5d3e0-aa2b-4a50-9bfb-cfab62c88e2f,Clearance,1
3773428,fa74d0fa-667b-48c6-a60e-a8a563b7a328,Pass,0
3773428,0e132039-d33c-49fa-b0d6-e19029bc655d,Clearance,0
3773428,571cc8aa-6717-4bdf-b585-abf2eade6b30,Clearance,1
3773457,00c78720-4fb3-48f7-9d06-2b5af206365f,Clearance,1
3773457,afacbc32-d63a-4639-b28e-2af090610cf1,Clearance,1
3773457,960f3f47-1b95-4470-b35b-181723539cf9,Pass,0
3773457,ea65f2f2-41d6-4e4a-8173-68131e58b1ef,Pass,0
3773466,67b9c5a1-1703-4189-a95a-81b2a8606c8b,Pass,0
3773466,b52a5b16-a7a3-4863-917c-806fdf86e934,Pass,0
3773466,a69dcdfa-1b25-4182-b465-b7a0b27ce4e2,Pass,0
3773466,e4bbbdc7-8524-41db-baf1-7e8b574ff80c,Pass,0
3773466,88cfa140-7cc7-476c-8efc-cbe9868c0067,Pass,0
3773466,81b000e5-044d-4258-a7c2-a67af271ec4f,Pass,0
3773466,50e0b58d-3025-4a93-ac19-c7b7b88b2139,Pass,0
3773474,971abd1e-4745-4454-9270-7c36c2acdf0b,Pass,0
3773474,fe844449-8c84-4d71-87e2-b0b873bde687,Pass,0
3773474,abbbfee6-304b-49b9-a690-f9ec5dea0785,Clearance,1
3773474,ab027e27-5cd7-4f06-8f18-458adac59703,Clearance,1
3773474,ebcfb7e1-d86f-40d5-aab9-20d520f6d5d6,Pass,0
3773474,22271697-e400-4565-8ce4-fbb0f00680bf,Pass,0
3773474,5f904e20-4b2e-44f9-8c33-b9fdb4a05a31,Pass,0
3773477,6ac51f92-0fde-44f0-a136-69364dc2acc8,Pass,0
3773477,91c0e410-bcb4-4a50-ab70-43add86e590e,Pass,0
3773477,590bf310-a47c-498c-9fed-dc42b433baa9,Clearance,1
3773497,b3752a9b-9908-4619-be59-9763215faf37,Clearance,0
3773497,ddcf3127-a165-4606-ac18-3db263cbc8a6,Clearance,0
3773497,98c37f6a-b67b-4aa0-8ead-8f70e9ece5b8,Pass,0
3773523,3dabe86e-1e54-47bc-b18a-5ba69b7e3d94,Pass,0
3773523,47c30fd0-e166-4b5f-bb10-24e297618215,Pass,0
3773523,54c50412-dac6-4c60-a07d-2898f888d526,Clearance,0
3773523,c77489b0-9a1e-4950-99f9-b26d5bd593ed,Pass,0
3773523,4450e16e-5df6-4941-8ae0-e2d3434975fd,Pass,0
3773523,da77b443-e083-4c59-862f-4f46329a9201,Pass,0
3773523,88b65e00-b530-415f-8971-dd6636b38512,Pass,0
3773526,a26d0120-a686-42bd-b9ea-db35d8fb4305,Pass,0
3773526,7999fb35-32a0-4cfc-b4d1-ad67dd6422bb,Clearance,1
3773526,4f2fb303-091b-44f0-8dab-c82e11990391,Pass,0
3773526,6dc26e59-4f8b-4169-8d12-d9f76f1b7234,Clearance,1
3773526,d1e7a98f-bca7-4884-bd4d-c8d76acbecc8,Pass,0
3773526,da871896-2869-4b8c-9555-218979bc35ed,Pass,1
3773526,effadaac-f84f-4112-9a15-a8cf2d836cbd,Pass,0
3773526,ff34d868-9775-492f-af59-870e31c2d297,Clearance,0
3773526,4f3e29ed-01eb-4be8-9b3b-d67247047324,Pass,1
3773526,86ccd188-1a06-4efe-96cd-8a548b96e62d,Clearance,1
3773526,aba8908b-b636-498d-974e-b9bd884f0dad,Clearance,1
3773526,f788f223-30a3-4bb1-bd96-9622d43e8585,Pass,0
3773526,674a451a-118b-4bc5-a436-fe7015cf0d74,Pass,0
3773526,226470dd-6e28-48ba-8a71-29db4c13efbe,Pass,0
3773526,c5855215-ea18-4f9f-8850-4e0c3b8879e8,Clearance,0
3773547,ce8f4504-1b43-4377-a637-df11ba24d969,Pass,0
3773547,1ad65e45-025f-4c00-ba0a-b703b08470e0,Pass,1
3773547,46430c6a-a25e-472c-998d-b23fb7ad6cf2,Pass,0
3773547,fb50d2d2-db41-4eb9-a5d5-b007fba3516e,Pass,0
3773547,209ff6d5-c8e7-4c0c-b169-356cba8aeefa,Pass,0
3773547,04295459-bea1-4e4f-be52-f7bb08b2901d,Clearance,0
3773552,50104f0c-9312-4411-96da-065aa88a5fd9,Pass,0
3773552,feff9f88-0593-48ba-8985-a2cddc6f0ad8,Pass,0
3773552,f40d1bec-1e88-4c89-a8bc-e5de19ebbd93,Pass,0
3773565,38b8ea03-7e0c-4442-b94b-d6d85cbbcf9d,Clearance,0
3773565,41dbc26f-4b41-4553-b935-cb749965cd16,Clearance,0
3773565,71b1bd34-4e24-46b6-a4f4-ce08f4989376,Clearance,1
3773565,960b587b-ce84-49ca-9eea-dcad406bcb38,Pass,1
3773565,ea6ab8b9-6291-4c0c-b659-195ee3a96b49,Clearance,0
3773565,eb143927-9f31-4228-af57-d4b2629c0fac,Clearance,0
3773565,d106d3ef-fde8-471d-bab5-059ba54d757b,Pass,0
3773565,a38963c5-a23a-41d8-bea9-f63e82b983a4,Clearance,1
3773565,179e6961-4cb6-47be-a6df-be0e0ff5da87,Clearance,0
3773565,dc848ad5-6fe5-490a-b19e-30566b10fd6d,Pass,0
3773571,1cf426ad-e8f1-4081-bd14-23b223cf4950,Pass,0
3773571,77b6c46b-3cf4-4c7e-b795-9692fa1e51eb,Clearance,0
3773571,c0e6a41b-ec23-42a2-88c5-2b9f51a30dda,Clearance,0
3773571,bf845c50-8c44-4489-95da-47445273faae,Clearance,1
3773571,88d781b3-5bca-4c9e-84ad-c76f76a9b9ba,Pass,0
3773571,15b994c2-fb3d-48b7-bb06-5f091dd2b590,Pass,0
3773571,6cf8748d-174a-4e69-95b7-4d8bb8b727cb,Pass,0
3773571,72c7cab3-adcb-4fe8-a4af-14489b961231,Pass,0
3773585,71f7f932-25b2-48a9-bb82-761eab65973a,Pass,0
3773585,7e2090f9-0c06-457b-9368-af6b919575a3,Clearance,0
3773585,c3bef5b0-127e-496c-b659-7996fd51da81,Clearance,0
3773585,40591a32-e934-4762-8384-ba9fe75c0781,Clearance,1
3773585,c6223ac5-4d03-4cad-a21c-3322221db636,Clearance,1
3773585,8c2a9ca4-5d99-4c83-8729-f26dc5bca57d,Clearance,1
3773586,cf04b21f-f682-404d-881e-9ce0eab325c6,Clearance,1
3773586,7096eab2-d666-4333-862b-3993fca4b362,Pass,0
3773586,30bdb7fa-3a37-4804-8c1e-013184808a6b,Pass,0
3773586,4b755b7f-8887-4908-847f-8557abeec4c3,Clearance,1
3773586,ae3bbe69-9e31-4036-a8c4-1bfb2f4265b1,Pass,0
3773586,0562ce6f-d878-487b-a956-8497b79c6a9f,Clearance,0
3773586,a68f389a-78c3-4f3d-93ab-352459f11d06,Clearance,0
3773586,47f21773-5e13-4d19-ad55-f8278a458ee5,Clearance,0
3773586,4c8ba09e-ba17-488d-ab8f-727f688db199,Clearance,0
3773587,251c3036-aebf-42c9-8b29-9127e796ce4d,Clearance,0
3773587,56f519b4-fb1d-45e9-b386-7f978239fe66,Clearance,0
3773587,20aa68d3-72b9-4337-83e6-7be6e8d8c302,Clearance,1
3773587,b91915c9-edce-4427-a9db-307a181a7f41,Pass,0
3773587,9b0b205b-422c-462e-9a81-4cac78e4a871,Pass,0
3773587,4eb15e3f-f7da-497e-9a56-290198f6eab6,Pass,0
3773587,6a91ad03-a98c-479b-91ad-c3a6b6bad320,Clearance,1
3773587,ac1de793-b5fc-4e4e-b4b0-eefd457bc898,Pass,0
3773593,2b9b39a2-aff8-4bf4-99aa-0448aa87db3e,Pass,0
3773593,e76420ea-22ef-45bb-a49b-7299d135b82b,Pass,1
3773593,adb31b28-2288-454c-b3c9-e1446703080e,Clearance,0
3773593,7abead64-0f23-40a5-8e3a-7c9cce2fe6c1,Pass,0
3773593,dcd5f091-f2e1-4ad6-ada8-02fcde31a665,Pass,0
3773593,5fd30e67-39bf-4974-9c44-af7b5fd8c8e0,Pass,0
3773593,4f42b1e0-92af-4a2e-bdfb-824647e2ec82,Clearance,1
3773597,cb12cb24-19e3-468a-bd67-bad9f08464b1,Clearance,0
3773597,94cdbbed-e998-41c1-a1d1-1ad9a339e360,Pass,0
3773597,5e65948c-4f34-4387-bd48-0881497f730f,Pass,0
3773597,005b7688-9d42-4c8b-a482-7c23b47c5c10,Clearance,0
3773597,3b8d9291-f8e1-4285-9fec-364598db769b,Pass,0
3773597,a0fd6ae3-d53a-4580-a994-d477c8d731a2,Pass,0
3773597,c10dd888-c988-4733-8e88-c8ad8c39a7e9,Pass,0
3773597,788d2692-f5bc-456f-8fa0-bccab3c3b4d1,Pass,0
3773625,57f117bb-ea01-4c56-bf8a-cabf21ca8ba5,Clearance,1
3773625,6efcd8b8-c0b1-44af-9cb8-518a8420e764,Clearance,0
3773625,67b527cd-63fb-4891-b762-4fc13649b12d,Clearance,1
3773625,2880fd54-6463-4cb9-b346-9af77f91aa42,Clearance,1
3773625,ca29e651-ae9f-4f2a-9f82-5afa2895ffe4,Pass,0
3773625,4cd59754-1214-4ac9-90ae-9f523e9d7f4c,Clearance,0
3773631,6830a009-d6c7-4b5a-b6e7-2bed9fa8d3a9,Pass,0
3773631,7a99b096-c80c-44e2-ac8d-0c6ecf86c534,Pass,0
3773631,ed90810d-3f74-4346-9421-746650673ff9,Pass,0
3773631,dfe3442d-6758-4aeb-b944-1758caea3a82,Pass,0
3773631,3352a10b-71a0-4930-b74e-6759acbf710d,Pass,1
3773631,a5383c64-2f2b-490c-b3c4-ba166a29a403,Pass,0
3773656,904f3fef-6e01-41aa-94d8-aa2355a09baf,Clearance,0
3773656,aac9bef7-fdbe-4d08-9cd1-005c6cfa0d0e,Clearance,0
3773656,4677f0cc-36ba-4ff4-be7a-3f1565acc72e,Clearance,0
3773656,7690e5e0-e816-4e90-9a4a-c9ff299a393c,Pass,0
3773656,5bc080e5-e9ab-4571-9025-f6ce6879c570,Pass,0
3773656,72944bd4-579f-4fa1-b53c-7da783fa8952,Pass,0
3773656,57c92724-22d2-43ba-b6c6-fed377bd003d,Pass,0
3773656,c8a913b3-6bdf-4feb-a4c5-a60ccbf3850a,Pass,0
3773660,587cca38-2f80-4f25-8ac4-67f5adf2809e,Pass,0
3773660,da863651-1174-475b-83d5-abe666286376,Pass,0
3773660,e9582368-c10a-4b9d-b27e-3eb17018700a,Pass,0
3773661,4d27d079-c025-4eb6-b810-cbdcca0e52a2,Clearance,0
3773661,fc656abc-a88f-4fab-bdfd-ecd35aa91f75,Clearance,0
3773661,897e968a-908e-435e-a5d4-8edd7a19e237,Clearance,1
3773661,e546c776-a385-449d-aa6e-7ddb571d589c,Clearance,0
3773661,81e781eb-31cc-4a20-8c52-40ecc2da10cf,Pass,1
3773661,7f4b4079-f84d-49cf-b0fd-a36d82509bee,Pass,0
3773661,06edd25d-fa1e-4e81-90be-dcdb44c039e9,Clearance,1
3773661,8124774e-66dc-42bb-b8b2-ac788c8a009d,Clearance,0
3773661,7b9cea1d-7875-471f-99b9-3d5454888c60,Pass,0
3773661,bd758bb3-31aa-4df0-9c54-626633db2168,Pass,0
3773661,3c4596b8-bc28-4f22-81f3-f9f559bf0029,Clearance,1
3773661,ed501b48-1005-4954-90fb-502d0b661cde,Clearance,0
3773661,e812e9f4-3158-4c33-a184-a649c2992b75,Pass,0
3773661,c6d95b91-b456-47b1-8982-a7265691d483,Pass,0
3773661,d33e8bae-8678-4d23-a33d-9ff0aee61cff,Pass,0
3773665,776ed4c6-bb39-41a7-a9f4-58d18f828f30,Pass,0
3773665,2fafffee-e602-4cf9-86dd-d42f13c7db77,Pass,0
3773665,2818f2dc-439a-47c0-a01d-4fcb02d46c76,Clearance,1
3773665,7c806200-c2be-4453-8ee5-424be070898a,Pass,0
3773665,997d99d7-3f53-48e0-8b44-945b66785bfc,Pass,0
3773665,d0a56f9e-1453-4e1f-9262-5e4aeb73e278,Clearance,0
3773665,437ffefa-5a2c-4b2d-b1d5-d029561b6a29,Pass,0
3773665,9634b300-f45e-4c92-8762-3990e35e5fb2,Pass,0
3773672,53adfbd7-23de-48bb-bc54-1a7fd5b56d0f,Clearance,0
3773672,1ec919c6-033e-4e35-a2e5-a7c99718f13c,Pass,0
3773672,15732b98-875c-4ea8-84d1-d704d6331f9b,Pass,0
3773672,91c1ddae-2039-4fff-8a65-86b3a2ed6c06,Clearance,1
3773672,4aac9a1b-9d2d-4a7b-848a-9052e4afd383,Pass,0
3773672,41791865-9b6b-4ac1-94f9-99c2f3b2f8fb,Pass,0
3773689,e0a2f6f5-5c96-4a28-9dca-96a2f058ab35,Pass,0
3773689,46b7b81c-1439-4c72-b85b-d18ceeef4bbd,Pass,0
3773689,b04a5446-d892-410c-9285-aa4b9522c23d,Clearance,1
3773689,697c4e57-d50c-404f-8d40-7d7272cee305,Clearance,1
3773689,24fe1f55-d4ec-4491-8a3f-185b5d788197,Pass,0
3773689,c3474f25-a7c0-4f4b-b073-b8395089e350,Clearance,0
3773689,0d0270fa-c52f-4167-a293-ed3ec3ad4dfd,Clearance,0
3773689,a40caa56-3e56-46e2-8f57-8e1790b9e1d8,Pass,0
3773689,914ee233-1a2d-45d3-9a4a-8f1944331af6,Clearance,1
3773689,d05bf69d-b84b-4269-8bc5-d56e61e2854b,Clearance,0
3773695,d483aee2-7872-4c01-ba06-a133fdb2b182,Pass,0
3773695,de1645d0-cf8e-4d41-8939-6fcf0db988cf,Pass,0
3773695,03244d0b-54a7-4abc-93dd-84ca9c62a7aa,Pass,0
3773695,6a91b084-a6d9-4e86-a389-86dae36d955a,Pass,0
3773695,213860da-9bdb-4c60-ab78-c6b2e6b8d8e2,Clearance,0
3773695,28c93e8f-d4d8-49f5-aad4-8b86d3016197,Clearance,1
3773695,4f69a75e-599b-409e-a863-e81e22fc6cb5,Clearance,0
3773695,4bb0d451-f9b5-44ad-928f-08ef9116d6ad,Clearance,0
3788741,0f50d5d3-4fea-4511-a22e-affa93f3a6de,Clearance,0
3788741,b4dfd1a3-495a-4438-b454-496f22d7c1ea,Clearance,0
3788741,267364d7-1919-4f4b-a62a-53b9a22d4caa,Clearance,1
3788741,b7b4419b-fab3-443c-b47a-98b532c798e3,Pass,0
3788741,97283c0d-44b4-4004-aabe-b993458de629,Pass,0
3788741,ac74c3f0-75e3-4e7b-be07-06bb833f5e9e,Clearance,0
3788741,c4e6dda2-1cdb-4ab8-8480-1d9007af5c09,Clearance,1
3788741,38a4c3f7-1b75-43e0-9f1f-1162fb0a1e02,Clearance,0
3788741,1ba39d1f-7745-49de-bc0f-8a60bb0115f7,Clearance,1
3788741,f8a0814b-69cc-49f5-ad37-51f309ec4b3e,Clearance,0
3788741,f017148c-bc30-453e-92c0-c9649fe9eb4c,Clearance,1
3788741,5e562676-d364-446b-97ca-721ccdd427a5,Clearance,0
3788741,ac3fc61c-c03a-45c7-9835-b0fd27adf2ab,Pass,0
3788741,3e1db397-00e6-478e-aed4-fb0f897e339d,Clearance,1
3788742,adbcf44a-dfeb-4e0c-9bb6-0956bbf93927,Pass,0
3788742,ed56edb5-0c68-49e8-a17c-b44ad34ca84f,Clearance,1
3788742,e5c08760-47e6-4b75-8ae0-4aaef490ae05,Pass,0
3788742,9ce5c18e-c2b8-44bf-bfff-0b2efb1e1d93,Pass,0
3788742,e5fc1f4b-f966-4ec9-94a9-89d92f9757a0,Pass,0
3788742,902b66d9-ab12-4de1-b860-62bb1f15cc6a,Pass,0
3788742,be437a13-0539-4698-9a55-3d1f2b5ba5a9,Clearance,0
3788742,1639f2c6-a885-4983-8240-4ce4f9c5b4ef,Clearance,0
3788742,831dfb8b-621b-488b-84de-26cad8a53746,Pass,0
3788742,a3eb41a9-f84d-4f73-9293-a7713f714e53,Pass,0
3788742,bc22a0cd-59fc-4f89-bdd5-618a11e7de97,Pass,0
3788742,ae64158a-1a65-4393-91c1-a21550610c82,Pass,0
3788742,84f13e56-acb1-4331-b83c-fb58f9244991,Clearance,1
3788742,519821e5-66af-432c-9aa7-01b19eef3b8f,Pass,0
3788742,313c3490-1ee3-4da8-a65a-da630b9afe66,Pass,1
3788742,db478b75-179d-4eec-8e94-5ec9ee94bfe1,Clearance,1
3788742,9c5abba4-8f13-444a-808c-71b2685156e3,Pass,0
3788743,f8f1f605-fbf0-4f66-98e2-ec50b895af26,Pass,0
3788743,bed8678b-cbc4-45e4-94ec-b08756102bea,Pass,0
3788743,8ee9c71e-2dfd-4ba1-a991-2914c8ebc265,Pass,0
3788743,e43a61d7-e036-40a2-b0de-e610cba3ba5c,Clearance,0
3788743,7ea9558f-4585-474f-8d4c-f07a8e4deb85,Pass,0
3788744,9aa540b4-46d9-4ca9-9e77-0d8c05feee05,Pass,0
3788744,bf87d942-2633-4746-bb2f-281211814785,Clearance,0
3788744,318a1f9f-b08e-472c-b88f-33d4b51831d8,Clearance,0
3788744,8407bf01-c857-45b0-9c18-f4b563db928e,Pass,0
3788744,e3cc2315-95c7-4c28-bf15-d279032da588,Clearance,0
3788744,3dfa1f1a-5349-4af2-bb0a-80b3515f8e61,Pass,1
3788744,fc67d500-3338-4a13-864a-e6448a23cf6d,Pass,0
3788744,86e65927-ee62-4691-9ec4-6e8fab34b344,Pass,0
3788744,e6524d4c-bd59-46c2-827d-5e09f0e8c726,Pass,0
3788744,e4f1d3e3-9b11-48a8-add2-2b3174397a2d,Clearance,1
3788744,b2d562ce-b22a-4cc1-afd0-0e53da51845f,Pass,0
3788744,ea711b40-93e1-4135-b931-c1f6993a1368,Clearance,0
3788744,04b8632b-f2be-4c71-9790-c8637934f432,Pass,0
3788744,ce38bc5b-fb8b-43a0-b79b-e3e0c06dd16d,Clearance,0
3788744,84315370-d150-4a83-94c8-90da40a829a4,Clearance,0
3788744,6b793f75-5e5c-41ab-8f8f-6b5195b8bd54,Clearance,0
3788744,cf4de2ea-7286-4ac3-a716-7cc7dae5f25b,Clearance,1
3788745,ace3e26f-1026-4c62-a30c-2e79e2033124,Clearance,0
3788745,df93d464-d0c8-4f03-805b-cf05f6519d1e,Clearance,0
3788745,6741179d-555b-49e6-b35c-7bb1d2e9cbde,Pass,1
3788745,9328f022-5cec-4ea8-a4f4-89bc8a0f2f70,Clearance,0
3788745,0b1218c1-8e8d-49dd-9510-bfd4c33c2fb5,Clearance,1
3788745,4a215247-90eb-4b97-b06e-655bff7caf20,Pass,0
3788745,8290e883-eb72-4fb0-84e0-1724906791c5,Clearance,0
3788746,c69ee6a3-8b80-4a22-9874-855d817bf1a2,Pass,0
3788746,06d52f06-d445-4bbe-8e1b-7091617e5cf5,Pass,0
3788746,8e48913e-924d-4324-a982-efaf60fd5e49,Pass,0
3788746,4652d201-fbec-4166-83ad-029ae8148e38,Clearance,1
3788746,fcddc737-f53f-4dd6-8cef-0725f2101082,Pass,0
3788746,eab034e9-ca68-4912-a639-5896e2b6aed5,Pass,0
3788746,c7a19c04-6146-4b80-83be-c1d46d1b896a,Pass,0
3788746,ecbcc203-4648-45ac-be1f-f313fd70847f,Pass,0
3788746,a7b2d73d-7511-4191-bf8e-37c30a83c9f4,Pass,0
3788747,1db53ddc-72bb-4ff0-8ce3-a49e27b1600d,Pass,0
3788747,d6e47513-f3c3-4322-9987-bc5ad7c2ba1e,Pass,0
3788747,ec17fce7-b1bc-4d3c-a2f6-42db8cbb45f6,Pass,0
3788747,05625b90-d780-4ce1-abc3-23f869156319,Pass,0
3788747,f3a82be0-d193-4fb4-8d1b-b8082c1b2d44,Pass,0
3788747,e61a1a9b-5515-4a8d-b9cb-8e35de7391c2,Pass,0
3788747,58acda76-1d1e-4e67-a0b1-f6f8ccb6c05c,Clearance,0
3788747,9b59db0e-9c3a-460c-9f2d-d6b97d12dc38,Clearance,0
3788747,49ee2f36-8037-423f-865a-481c42df8aa0,Clearance,0
3788747,01e41203-8748-4035-84b4-0afdcc3cf834,Pass,0
3788747,c1a7ae3e-c506-4058-a12a-f1d1ecbad682,Clearance,0
3788747,ca043f79-73d2-42ff-be0e-170c22c2cfcd,Pass,1
3788748,712e03c7-51db-4696-b64d-7fcda7cf7a13,Clearance,0
3788748,c3abf88c-23eb-4136-963d-2f46021ffe1d,Clearance,1
3788748,66b2bc9d-2c62-4ec2-aa66-8847f3b7642e,Clearance,1
3788748,8253ff8a-c78e-4867-93b4-6b6360b9befd,Pass,1
3788748,efcb47ec-36a6-4a41-af9f-cab548f2a507,Clearance,1
3788748,2d3bcc28-7f22-42ff-9aa2-345fdf6b7601,Clearance,1
3788748,4c54d76f-3a44-470d-9ce8-07be7e371552,Clearance,0
3788748,863dd3e0-2767-40e9-ab52-b5904e599d5f,Clearance,1
3788748,f5f720d9-7bb9-4ffe-9c85-4b084c521bc7,Pass,0
3788748,c5179fc3-6e74-41ca-a15b-872784bcdbe1,Clearance,1
3788748,528998b2-97f5-490a-a1f6-44cca84b1059,Pass,0
3788748,3d347ef8-5122-430e-b628-b59f1a92c4bd,Clearance,0
3788748,4b0a5686-6bcb-4b3f-91d0-c4a74e8d06d9,Pass,0
3788748,88ed69da-d9d9-4d78-be5e-1b1aafdf6fab,Pass,0
3788748,f1604edc-7aa2-43f3-9720-337b431ec4bb,Pass,0
3788748,fe304c9a-b394-4eff-ad4e-c457de8a8bdb,Clearance,0
3788748,acf0a377-00b3-414c-9bfd-cb6b793dfe22,Pass,1
3788748,6c3318b8-db61-4cef-9aeb-4a99279112b8,Clearance,1
3788748,f2e8495d-afce-4a42-8ef1-8cab90b1b173,Clearance,1
3788748,2e5702ea-6305-4157-a179-0703ef93fb94,Pass,0
3788748,86a64831-1e2b-4b57-aa05-50776ea98d1e,Pass,0
3788748,8f40f6ad-bd6e-4bcc-8401-cfe0525101fc,Clearance,0
3788748,bfdcaba9-1b6e-4512-a929-498100f6c5b9,Clearance,1
3788748,e33b5a72-b232-4889-93f6-ccdf4c9fc836,Clearance,0
3788748,05ea196c-4b91-461f-9e4f-d7888114ade0,Clearance,1
3788748,533951a8-3ee5-40e6-9be0-aaaf8641a279,Pass,0
3788748,8b087d05-3df1-48d6-93f9-43583e1af549,Pass,1
3788748,f78fd3f0-8c59-4735-9e0f-91ae987c023a,Clearance,0
3788748,23c2f3c4-cb1d-4dba-92af-2153be7a3edc,Clearance,1
3788748,8af55c3d-3fdd-4dd1-825d-a1f09879e1c0,Pass,0
3788749,d2a30371-23b3-4198-aa7b-3a5e73703c77,Pass,0
3788749,09fe3a02-e03b-412c-894a-499901e3a335,Clearance,1
3788749,538dcd80-d1a2-4c42-ae10-c2b5df3382e6,Pass,1
3788749,eec6e87c-13c9-4165-be3a-ef69372cb23d,Pass,0
3788749,47cfe378-fa19-4bbb-9b2d-b5a31bef4650,Pass,1
3788749,1f65a89c-f900-4b3e-9bdc-580f814d87fc,Clearance,0
3788749,2a03de90-16a7-45c3-9b6a-ecfda57d70fc,Clearance,0
3788749,758badf7-a238-428e-8ad0-690073b48782,Pass,0
3788749,5bce97a6-f21b-4ae0-8734-16d8092cfb60,Pass,0
3788750,5e1a3a48-3e09-4aca-8fd2-91cb5dd4ef45,Clearance,0
3788750,040a6f70-4b6a-46c1-8207-c239f11ea429,Clearance,0
3788750,89125b4f-4faf-495e-b05b-3eec08039287,Pass,0
3788750,c18d72f5-2a0e-4f01-b60e-d0d0ecfe52be,Clearance,1
3788750,e0a51051-83bc-4901-8a1b-8c09778bc222,Clearance,0
3788750,518f49c2-2306-4695-9e0f-f551549889dd,Pass,0
3788750,a93c2e66-a5b2-47a7-a697-dd07bd39e88d,Clearance,0
3788750,5883847a-8391-49c0-a0fa-7025c44bf4ee,Clearance,0
3788750,9fe73803-bfbf-4345-86df-baf8f334a9b1,Clearance,1
3788750,dba4e7ef-5fbf-4b53-9e8c-1b1dd920f159,Pass,0
3788750,ddb2b777-bb1b-494c-af87-da6e6623622d,Pass,0
3788751,701b28cd-621d-4a45-99e3-c272e2e93a48,Pass,0
3788751,dbcb87e4-9668-470a-af54-6db30a277b31,Clearance,0
3788751,f42fc0f5-8f9d-4bfc-9bc5-357cd27fe0f4,Clearance,0
3788751,8c1cdf88-da62-4207-9608-4c5977c09a37,Pass,0
3788751,d31a1eae-ba5b-4d3c-94d7-7e5249f28e2c,Pass,0
3788751,ab768030-513a-40cd-8554-56b1327d1e35,Clearance,1
3788751,684ed2f4-f24d-473b-8aca-848db4c5e76c,Clearance,0
3788751,75c6283e-71a3-4e56-abf4-285712054860,Pass,0
3788751,85245a3b-ea46-4132-b8e6-f103660d8a6a,Pass,0
3788751,5a9e05ad-209f-437d-b1a7-c9f2b3e7d30c,Clearance,0
3788752,1017a927-7949-47fb-a474-852b0da54fa9,Pass,0
3788752,510bf0ad-9862-4b5d-b7cb-13c43d3d064d,Pass,0
3788752,cd8864bd-d230-42c3-9be7-2007071ed0f5,Pass,0
3788752,77302054-4976-4913-9e63-b033ff8ab0f9,Clearance,1
3788752,672dea1f-bf77-4cb1-be19-7d16b3e9a343,Clearance,1
3788752,03c64132-a22e-4427-a600-c8792fef9df4,Clearance,1
3788752,af058f50-d42e-412a-8dfb-c47ddd546978,Clearance,0
3788752,053d9f92-21cf-454b-b0b0-710947bebaa4,Clearance,1
3788752,518ac38e-e0eb-446c-a674-a12296c5e4d6,Clearance,0
3788752,372708e3-b472-4b78-9c15-0e0473575a5f,Clearance,1
3788753,eebca104-6a16-4cb3-8f15-23bb92a51a09,Pass,1
3788753,ca763867-dee6-4e5d-98a2-dd80e599400e,Pass,0
3788753,d882d0b6-1b75-4799-ae52-ec761c8c093f,Clearance,0
3788753,96f99437-a1c3-44f3-8dbb-b32782215147,Clearance,0
3788753,8d6722aa-a12a-4be7-acd7-971e8feedda8,Clearance,0
3788753,4f24e676-c30a-48ae-9921-6aed491ed575,Pass,0
3788753,97bc844c-b549-46a2-89fc-b224d5c85e70,Clearance,0
3788753,cfc21822-6be6-49e9-a8d1-71750fc0e82c,Clearance,0
3788753,2692db1f-a48e-41b2-ae67-482dbabe5f87,Clearance,0
3788753,1423fb9f-eefd-479c-975e-18082bd08380,Clearance,1
3788753,a754aedd-a1dd-44d4-91fc-89ec7949e907,Clearance,0
3788753,8ab20863-db1d-4c55-a15e-4c28ff9cf9da,Clearance,1
3788753,b4f11b06-2b72-4dfd-972f-9a79f0020f14,Pass,0
3788753,8d93a022-5d73-404c-b453-755a6653b62a,Clearance,1
3788753,ac6e16ff-261a-4fd2-b21a-1257aca7232f,Pass,0
3788753,dd6703e4-1c7c-4892-ac85-4dd30eb14b47,Pass,1
3788753,b339a017-440c-4a06-9608-5dccfdb2a9a2,Clearance,0
3788754,6ae223c6-d4a7-4f3d-9c32-ae5cba749a27,Pass,1
3788754,41fffe96-ab40-4d87-a752-b14d1fc766f9,Clearance,1
3788754,f539734c-1267-4049-89a3-79246195b501,Pass,0
3788754,1cd3ebe5-16ce-438a-8886-0d74fe8755d9,Clearance,1
3788754,129e7517-a447-473e-bca0-145aed037686,Clearance,0
3788754,b6e65c72-7181-4d0e-9f19-4a3b03711ed8,Clearance,0
3788754,ca8df73d-e356-409a-a91b-b02d79bc39ae,Clearance,0
3788755,0ce0b2bf-1683-4afb-be44-dabf309a7ee6,Pass,0
3788755,e49fb902-472a-4284-a8fd-aaeb92d333cf,Clearance,0
3788755,f1bf6c37-402c-41c9-9821-8e2212d43c24,Clearance,0
3788755,5494fb97-b2f1-4f30-912a-18da74ada278,Pass,0
3788755,006a4558-b2bc-4975-8b6f-f4b59db71958,Pass,0
3788755,66605730-a949-49a3-841f-0936c6527811,Clearance,1
3788755,b330ccb2-9752-475d-96ae-04e9f59c1337,Clearance,1
3788755,9b54696f-0cc8-49c3-a37b-84b763df0c41,Pass,0
3788755,06c5c0e2-d44e-4694-9f64-bee32a8b5ef0,Clearance,1
3788755,a9e36dbc-bea3-4c2d-8222-a4504d98c376,Pass,0
3788755,ff6cd250-ff35-422f-a6d9-057e4422f3e0,Pass,0
3788755,2b579a8f-b9c0-400c-ae91-f9bebbe4a085,Clearance,0
3788755,7bf4ffb7-8589-4732-9d93-15b7af6f075e,Pass,0
3788755,e1db201d-dd99-463d-ae7e-c65e8e47acbc,Clearance,1
3788755,3979d6f3-8845-43c7-8df5-41b20432de30,Clearance,0
3788755,87d07bda-0d27-42df-a48e-2a1dcc7e68f9,Pass,1
3788755,76df3477-8d15-4bf1-a702-9b679681e066,Clearance,0
3788755,8e9f0618-eaa1-4359-836f-3cfb29a74dae,Clearance,1
3788755,bcd782ad-f916-41f6-8a0d-5e854382d379,Clearance,1
3788756,4cc13a83-90b3-4c81-925b-3846aae863ee,Pass,0
3788756,7c07c123-54af-418b-bb83-2b62d10fbe78,Clearance,0
3788756,af141133-bf91-4068-91e1-b0bfb72e4028,Clearance,0
3788756,601b31c5-efd3-4a72-86dc-a52c94ed119a,Pass,0
3788756,737b4821-a9ce-4ed2-995d-0ad1919e381e,Clearance,0
3788756,ca19d074-882f-4ef2-8e3b-d978cbd035a9,Pass,1
3788756,aa315cf6-7b1f-4f08-a111-b276fc5579cd,Clearance,0
3788756,a8163d9c-794d-4704-9903-220779245321,Clearance,1
3788756,57a4df68-7f27-463e-90c1-dd0596dae69c,Pass,0
3788756,ebb8dc65-2b16-4f82-8ff8-45f883058976,Pass,0
3788757,7f485893-39a1-4282-b1ca-b54b51c861f3,Pass,1
3788757,e419a4dd-d399-4822-9635-201cbc0897f4,Pass,1
3788757,0fc5141f-d620-499f-a499-2a7868fa6419,Clearance,0
3788757,dc4a48f3-4f19-4f70-ab38-bf308831680e,Clearance,1
3788757,9ea91e18-dcd0-467d-a96e-fcb23232f713,Clearance,1
3788757,dbe1af99-23fe-4916-ba4d-96e4a3a506e8,Pass,0
3788757,2bca006f-8c6a-411d-9c49-9ef4763121c7,Pass,0
3788757,a358e49a-dd1f-4618-9926-1e669caed35a,Clearance,1
3788758,547d8a3d-64c6-4aa3-906e-30d5bb70dab6,Pass,0
3788758,3c5ff690-ca11-4d78-b685-cafe316b2bc1,Pass,0
3788758,b622eab2-ec69-4f1f-9e81-f20d5342b6c2,Pass,0
3788758,b8437af2-6898-47c4-b822-68111a014770,Clearance,1
3788758,0ca2eb11-fecf-41fa-ade2-df208cb06381,Clearance,1
3788758,56d66bd0-e66d-4189-a0c1-f0b7dd11c417,Clearance,1
3788758,ce057f6a-1426-4a77-a2b1-c6475fc26589,Pass,0
3788758,94f30043-664d-43e3-a812-c950a772666a,Clearance,0
3788758,3f1707e7-ea6d-4423-b191-edcc68701447,Clearance,1
3788758,fc04ec13-6562-4be7-9857-d594b96b402d,Clearance,0
3788759,ac07f0c2-b0d0-4748-b5c0-6aca937c9493,Pass,0
3788759,ca1d9f57-a7e7-4f21-961d-75b91c7a3e5b,Clearance,1
3788759,ba05d6d2-e454-4f4e-93fd-1908b2776581,Pass,0
3788759,098de10e-3c75-4db8-a05f-95a4bea387f4,Clearance,0
3788759,29749bda-a25e-468f-8214-031c893f4f8b,Pass,0
3788759,87f65e3c-6958-4840-a7bc-c532b0e41c66,Clearance,1
3788759,a8a12de4-89a7-4961-bc91-7d3e6f471eda,Pass,0
3788759,fff8961b-3a73-4fa5-8b6a-8a248e211470,Clearance,1
3788759,ef13c5a2-d252-4de9-81cd-167e941bea33,Clearance,1
3788759,dca09e2a-0d0b-44da-9905-abef88128a0d,Clearance,1
3788759,b12a1e65-7ac4-46dc-991b-e253af5d6872,Pass,1
3788759,8d650dbb-c90c-4d78-8b42-9c8c937f6269,Clearance,1
3788759,6eee63b4-721c-4d7e-8ced-d295502c4c1d,Pass,1
3788759,859286c6-b311-4f73-a070-cb773bd47387,Clearance,1
3788759,1371b0ae-b584-42b8-8a24-712739ce46fa,Pass,0
3788759,b7a2a714-1f04-4e59-99ee-de9ba23ca934,Clearance,1
3788760,7829878a-ff0e-43c6-9c9e-da4bda72da8e,Clearance,0
3788760,f26d6239-b014-46d8-9a4a-a3b10663aa48,Clearance,0
3788760,8c29d524-6d7a-4c4d-9ab5-fc2afe2c10b9,Pass,0
3788760,607cb474-bd65-448f-b39b-a54dc03acf0a,Pass,0
3788760,cff8585f-3fa1-413b-8c30-beff1bf0e0bb,Pass,0
3788760,779d69c0-d05c-427a-85d2-7591fe8e0bb9,Clearance,1
3788760,352a16d2-3499-40dd-8fd2-994b7b48aae2,Pass,0
3788760,92053cea-46b5-45b2-b636-f54dbcd7c509,Clearance,0
3788760,dd795892-c6b8-46d5-89d7-f5bff4cb3fc5,Clearance,0
3788760,fb49706a-3750-48ba-8bc7-8d64f69e34a9,Clearance,0
3788760,05a24f78-1a9f-4cad-8c39-ec31342281b3,Pass,0
3788760,ce141e81-0207-4829-9c67-7367f303152d,Clearance,1
3788761,f6baa030-c421-4abb-9667-48990e688ab7,Clearance,0
3788761,94c9d24e-0aec-4333-bdd4-110f89a8155e,Clearance,0
3788761,ac7ecc49-666f-4c0c-9517-e74441741f63,Clearance,0
3788761,0fc897ee-12eb-44d6-be89-7063db5eb9e9,Clearance,1
3788761,2f997022-71a6-4b0b-81c0-25c7622e97cb,Clearance,0
3788761,25ddfca0-81d0-418d-81a4-4b86b7f21c01,Pass,1
3788761,3ef84110-6c40-4909-81a1-9efdfe8033e1,Pass,0
3788761,d435b27d-5206-4e81-a302-77ae20f060e1,Clearance,0
3788761,efc5bcfd-78e2-486d-9cb2-b4259a4c3c49,Pass,0
3788761,362bca4d-dd4b-4a46-b7df-7ac7fc65e621,Clearance,1
3788761,7a6ba182-d0c2-4d5c-aa40-4098ead077de,Clearance,0
3788761,96c3dd12-876f-476b-9ef2-a20acc789518,Pass,1
3788761,53b3886f-f8e0-4b49-bbd9-4f499ba68b0b,Clearance,1
3788761,b87181ec-868d-4f55-bd01-5a09287166ef,Clearance,0
3788761,8d5ebbd9-1e1b-42db-bdb3-99b8db14bee5,Pass,1
3788761,d34da0b2-99e0-4da8-8228-c1faefd26308,Clearance,0
3788761,086b7903-a1a8-4ab3-bdab-697d92fdf5a7,Clearance,0
3788761,a35fa866-2f94-4f2b-a76b-035723ed370c,Clearance,1
3788761,89027e44-ac7a-4fd9-adcb-dfaec5081569,Clearance,0
3788761,f0135be6-2e02-4887-a0a1-2c8892909344,Clearance,0
3788761,b2bf58da-efea-4f04-ad5c-9eb7b0286540,Pass,1
3788762,48a9cbf5-385c-489b-bda2-e4a7948b2012,Pass,0
3788762,7ec1d2ad-969e-48de-bb92-3c80839f329d,Clearance,0
3788762,6bf36063-c99f-40a3-8616-acbb5e560e1e,Pass,0
3788762,b359ab0e-d8bd-4683-b1d8-7e32d0762a7a,Pass,0
3788762,09a15491-64ae-4d65-959b-07176c9e77ae,Clearance,0
3788762,ddacd3d8-8ea7-44d8-9849-e1876b8d15de,Clearance,0
3788762,67951149-f6a9-4bd1-8048-95799b030739,Pass,0
3788762,c6d36e73-3ac2-4660-985b-b3bf028c7947,Pass,1
3788762,ec8299b4-cd49-4320-9d66-40f191ff340c,Clearance,0
3788762,ec01423a-3a87-4a25-954b-9e51b3d59b02,Clearance,0
3788762,0f440c7e-b21d-45e7-ab53-42a74784699f,Pass,0
3788763,c25eba10-a66b-44af-b76f-930e360f8ee7,Pass,0
3788763,530c66f9-d74f-4802-ba1c-f8efbd8254e6,Pass,0
3788763,4666df94-58d3-40a0-8d0b-b4040ceb14d6,Pass,1
3788763,fb39256c-e72a-4ad7-aebd-ce24541e7e01,Pass,0
3788764,5d562c06-4946-4ac9-90ea-2fc02e879105,Clearance,0
3788764,1d7c4dc8-2d2a-44b2-9550-fac4711df6a6,Clearance,0
3788764,4b2f5b8a-a7ec-422b-8e5d-1b9ec1f67219,Clearance,0
3788765,27520132-b8a5-48c2-8744-fd1eb18ad506,Clearance,0
3788765,f59b686c-bc8d-4328-979e-76bae4280547,Pass,0
3788765,d2019b57-a923-4c18-8ecb-a30c5671e3b5,Clearance,0
3788765,1c3a70db-b355-449b-9ff6-99318ff0d710,Clearance,0
3788765,3495192f-1a17-498e-bada-789931be7fde,Clearance,0
3788765,fc06acb3-7c19-49c9-988e-cd1e5a824f7a,Clearance,0
3788765,55b606df-5459-4df8-8bbe-0836fa251cc0,Pass,0
3788765,1b2ce998-4810-4ead-8091-efd72a49ddfd,Clearance,1
3788765,09d96444-5b85-4075-b175-407c4ced2308,Pass,0
3788765,8d5e25cd-3f6b-4e0f-8e93-daef35edd157,Clearance,0
3788766,eb891ab1-1f08-4026-ac10-8080a52a8aaa,Clearance,0
3788766,2206611e-f168-4d9d-890d-5b8b9cb8999a,Pass,0
3788766,558163ec-00cb-47e6-b0e2-2e8b0bd6fb5a,Clearance,0
3788766,2de64d5f-db9d-4127-8ae0-6470baac4f06,Clearance,0
3788766,79c243e4-4862-4cc1-9679-20b7755776cb,Clearance,0
3788766,2d3cc14c-f61e-446d-97d7-b8eae75db568,Clearance,0
3788766,42cafc01-1a92-4e48-8583-d553c07af4f4,Clearance,1
3788767,77c25770-4258-42e0-b0a6-9eb5c811a8f2,Pass,0
3788767,85bfa93c-b663-4024-bb5e-9a398da60263,Pass,0
3788767,5e25b3f5-f160-40aa-82a9-fcdf4de94d50,Clearance,0
3788767,a2c16231-bc0f-4bd2-be1c-6a376593d22e,Pass,1
3788767,70ff5cd8-bcf3-40f3-a43b-90747507128a,Clearance,0
3788767,6e1da4d3-ca62-4bb2-a307-31ab8c78fdc7,Pass,0
3788767,2842ca8a-88e7-4f6a-b305-50a7795e7b36,Clearance,0
3788767,2923f901-60bc-437c-a2b1-bfa4dea459e1,Pass,0
3788767,da29a43e-d8b1-459f-90d0-9d044b331c10,Pass,0
3788767,324a94db-29f9-4a5d-97b7-96c8122935bb,Pass,0
3788767,b2c08438-9b0b-4e23-9ed4-57022a023861,Clearance,0
3788767,bba30708-62a7-4ba5-9329-304e7ea491cb,Clearance,0
3788767,4c455d46-1909-43a1-b362-e1b117bfe99a,Clearance,0
3788768,bbcd5d91-734f-4ca9-885e-aa00f3c0e59e,Pass,0
3788768,80c98d11-278c-4d42-9ad3-c16da408705c,Clearance,0
3788768,8f6dfc36-5855-488f-8c77-f3b3a0a2ac3f,Pass,0
3788768,c8949c0c-bf0c-4a64-bb3d-4a407957947f,Pass,0
3788768,f10308f3-0878-4094-a8f6-cdf5c6b27f2e,Clearance,0
3788768,7c2b401f-d3e1-4135-a337-cb14a86203d6,Clearance,0
3788768,308a27b7-d04b-47d1-8ad7-4479a0a137b3,Clearance,0
3788768,a1f1be8a-c153-439c-b706-f2cc076cb55f,Clearance,1
3788769,0b6840cc-c286-4521-91eb-99e834e7325c,Clearance,0
3788769,e5a14cca-9041-47e7-9321-343ff748e7a0,Pass,0
3788769,304f36d6-c398-4aec-acc5-ce89db9fcfcd,Clearance,1
3788769,12dd7f68-c095-4158-b88a-b1f299cfe187,Pass,0
3788769,bca98e3c-d9de-4d3d-99de-db8aa5a7aff1,Pass,0
3788769,053a8dc3-f90b-428e-ae9c-a147d0944860,Pass,1
3788769,51e9240a-a19c-4cb3-a5cc-b44a5fee3d8b,Clearance,0
3788769,5e3cc708-d2a0-4db4-a237-ee9e188c004e,Clearance,1
3788769,c0ccd35d-bff2-466d-9402-05b71bb18b87,Clearance,0
3788769,62c9347d-d748-4404-84ee-d2d9d4756304,Pass,0
3788769,3205a657-43df-48d8-ba97-a3bed0fb9878,Pass,0
3788769,0b0bd93f-3a67-439f-af8b-d71529b8e631,Clearance,0
3788769,405265bf-8e44-486c-a8a4-0d6f4bc678a4,Clearance,1
3788769,d597c0a3-11bb-443b-9fdf-ea3faf79c1fc,Clearance,1
3788769,d169b8af-aaa1-45f9-bbf7-db4eb3e482f3,Pass,1
3788769,880932b9-4aaf-49ff-a545-a2bfc75b2f3c,Clearance,0
3788769,e2291134-cb65-49fa-8ee8-07b3ebc024cf,Clearance,0
3788770,a41c0e0f-fafd-4607-94ea-ec21e2f5a135,Pass,0
3788770,52668f27-832c-48f4-be4a-1d9e91a89fd8,Pass,0
3788770,5dbb6a9a-5728-456c-9adb-a8e579a82b27,Pass,0
3788771,00d86fc9-7cc6-4612-b58e-7dbd95621444,Clearance,0
3788771,32c3ba8a-dd18-4163-adc3-3f785bf53816,Pass,0
3788771,cd67582a-17ad-4c38-bf54-12ba48b1f307,Clearance,0
3788771,9765a4e2-eb0f-465a-af01-fcfd0220232c,Pass,0
3788771,94df26fc-ee6b-4d66-955c-ca4515fd6257,Pass,0
3788771,f045de78-391d-4219-9239-d16d19f12970,Clearance,0
3788771,1c4a1897-cd6f-4777-9319-86068450b94e,Clearance,0
3788771,a77a0e8a-4a72-49c2-a5c9-f7ecceb8ffec,Clearance,1
3788771,e9e659c1-f966-4f3a-8735-384dde028cc1,Pass,0
3788771,f691f8b4-0438-4d76-ab1f-b05f361738a3,Clearance,0
3788772,025d838f-2b99-49b7-9782-a226116ce98b,Clearance,1
3788772,430c5f05-9db2-4130-9c67-a5c6a7be22fa,Pass,0
3788772,4b753db9-77a2-4523-97f9-0bc81a4afe96,Clearance,0
3788772,8a2ca59c-639c-449e-8fa8-a06adc0c0187,Clearance,0
3788772,f7bed4de-99de-4fb3-a4aa-b764f1394de3,Clearance,1
3788772,f71297f8-18ce-4f08-9125-f4281616e181,Clearance,0
3788772,c35388b8-9b19-4a77-aaa7-cb721160b360,Clearance,1
3788772,0ea7cee4-1b0d-490e-a6c9-6a53e0ca0201,Clearance,1
3788772,b079ed04-c009-47f6-a422-5a9c7b0b1b2d,Clearance,0
3788772,ecca168b-0c87-453c-8961-36f311ff10e5,Pass,0
3788772,8ddd49b1-65f5-4ee2-9f57-794dc478da03,Pass,0
3788773,a34eae42-fa87-4972-835a-39fed83e7c49,Clearance,1
3788773,0df42077-30b6-468d-80aa-da72cca7b197,Clearance,1
3788773,a6b7e9d6-a507-4edb-9d00-cdf64253500c,Pass,1
3788774,6afabe1b-08e9-4b86-9ab9-38ac8af55c6f,Pass,1
3788774,9e70dc65-e538-47b0-bed0-e6b7b8f6f848,Clearance,1
3788774,bec6d320-d754-4f1d-951f-13d49ec9b9e5,Pass,0
3788774,481ef884-d056-498d-b5d6-f1ca2b6a5c19,Pass,0
3788774,61164b54-30f9-4b20-9503-a2560960cdd8,Clearance,1
3788774,764e64a6-1b50-4e66-a266-3cbf3885f39f,Clearance,0
3788774,5fb4f527-a2a7-4376-95f1-3aef1afa7749,Clearance,1
3788774,76c65f73-2545-4520-b3ea-b5f13e6ba3b5,Pass,0
3788775,2f757a02-7447-45e2-9c09-7fde2988ceac,Clearance,0
3788775,f02a6a48-6267-4c97-87ec-2083c22328bf,Clearance,0
3788775,a25405eb-438d-4a75-aac4-e31d1f9014a8,Pass,0
3788776,1e87d4a5-5bdb-49e4-b0a4-baf6fafe2c51,Pass,0
3788776,ce7c991d-1be1-4ac2-a6f4-74854533c942,Pass,0
3788776,d75a9a3b-3fa0-49c7-ac24-eb732a43287a,Clearance,0
3788776,0e8fb56f-14e1-4916-9256-e507bff32bee,Pass,0
3788776,7e82e738-d3df-43a6-a0b9-85682c354fed,Clearance,0
3788776,1092e8b5-847c-4fd4-8462-1b9e12d2e4bb,Pass,0
3788776,398e3915-1dac-4cda-8a02-e61d1bac0bc3,Clearance,1
3788776,28def1bc-8828-4caf-89a1-c990ea92f8dc,Clearance,0
3788776,b75faeea-b38c-4ddb-9bf8-749ad27879ac,Clearance,0
3788776,571c32d9-fd0a-4fa4-b134-8096161fbe75,Clearance,1
3788776,97353f32-1dea-42be-82a9-7e0017caf433,Pass,1
3788776,14527510-9ca4-436d-b04f-a03884cbce63,Pass,0
3788776,26e8688a-96df-4ac9-81bd-020237468d55,Pass,0
3788776,f88ead89-1703-42b7-8fe2-c775b11b1c45,Pass,0
3788776,3d13205c-1cc8-4e2d-9c77-82e842b48fa8,Clearance,0
3788776,60ee1ca2-b2a9-4240-a1d0-322f1d96e2ce,Pass,0
3788776,d49d8682-ae21-4f8a-997d-20b1ae5ab2a8,Pass,0
3788776,cfbaecb4-52ce-4937-ac31-c9382d7bd0b5,Pass,0
3788776,e9358154-421f-4370-a7f2-b12028ce9802,Pass,0
3788776,559c1334-4433-46d3-9571-bad1c6eba299,Pass,0
3794685,e06f3a09-fb1c-4062-8a06-fb68fea7d743,Pass,0
3794685,73c7432f-8587-46b6-9fb4-00c4929bba3b,Pass,0
3794685,a8652cdd-ac86-4756-89ac-6cecd8f90687,Pass,0
3794685,ffbb3c39-01a7-4482-bf99-0bd7ad0aad7c,Pass,0
3794685,62c1d95b-fddc-4737-88ed-9d286b414a70,Pass,0
3794685,05cdd9f6-6560-41c1-a2d2-adfba9e3185c,Clearance,0
3794685,3ca36e04-a6e9-4d0b-bda9-69285d19de28,Clearance,0
3794685,52b4bb90-eaa7-4fdb-9e53-4b5d1e4ee569,Clearance,0
3794685,4e109c0d-595f-4df2-b319-4134588d4ea5,Clearance,0
3794685,d88d2bac-d9eb-4690-847d-72a0357b7202,Clearance,1
3794685,a58813fc-8773-4f63-9ed5-32da979d3eb4,Clearance,1
3794685,9ecdc7b7-d97f-4b92-bee0-a0635912d141,Pass,0
3794685,1ba0b62c-ffb3-4b91-8ab5-6226b0c34072,Clearance,1
3794685,dcffd908-483d-4955-9e10-cf24f5dc9684,Pass,1
3794685,ecd33ce4-f7d1-4caf-8a89-fa39c5e5fcc6,Clearance,0
3794685,2cf16c9a-a44a-4208-9d65-2bd4ada7b731,Clearance,1
3794685,b06ac408-178b-4c6b-ac22-b97f2ea226de,Pass,0
3794685,149c287a-4d34-4a30-94b2-fd349259d9f1,Pass,0
3794685,9ceb9769-7a42-484b-b459-e4b3cf662284,Clearance,0
3794686,3c2de83e-9998-4610-bc6b-0403548b1a47,Pass,0
3794686,9fe1032a-8a62-41d9-bb0e-67dd0df9ca98,Clearance,0
3794686,9d9a41eb-6c12-4f7e-9c34-d9aa833fea53,Pass,0
3794686,5ce9e696-da34-44ef-ba22-c63c1b104c7a,Clearance,0
3794686,5a4cb529-34f9-4d6f-8f47-2efc3ae3de40,Clearance,1
3794686,d9260414-0ba7-4450-8c08-60b049c46058,Clearance,1
3794686,44cec3a3-0d68-4fa8-81fe-ac8ede21417c,Clearance,1
3794686,db9d8a55-add1-4778-8d08-fa74715b7bc1,Clearance,1
3794686,7d612664-98c4-4ed1-bdc2-8417a86582ff,Clearance,0
3794686,873e847d-644d-4591-a431-6d31347e7ae1,Pass,0
3794687,6860f9fd-1d73-442e-b5ae-7365992fbdcf,Clearance,0
3794687,cf3338b4-6f8f-43b1-9b1e-48f3b4417031,Pass,0
3794687,aa88f218-4c7f-4fb8-8cd8-d6cb7d045e15,Clearance,0
3794687,890a87cb-7902-4e47-bc19-cc05d01b0e3d,Pass,0
3794687,6f568e48-afc2-4ea3-88c4-0fb83f71700e,Clearance,0
3794687,8f0ecf8c-4f30-4f96-9b38-5a0c181987d1,Clearance,1
3794687,7bc8acd4-2630-4c5e-a3bf-814a28f0d642,Clearance,1
3794687,7588d8a2-0742-43c7-af5b-bb2f1175095c,Pass,1
3794687,7321b10d-24e5-4ecc-b993-04a50ffc2dc2,Clearance,0
3794687,ac060f29-3dc6-4fdc-b24c-c0b3305957ad,Pass,0
3794687,340239b6-2cb7-4017-808a-0c9c9d14b9d9,Pass,0
3794687,28ac9c40-a19b-4401-b6aa-feb8f765622e,Clearance,1
3794688,4c30bf0a-c592-482d-b4a8-0a08643b959d,Clearance,0
3794688,58676687-1e59-409d-86b9-0dcb49f4dc34,Pass,0
3794688,1322b4f6-4ef1-41ca-b930-dc882a815e9b,Pass,0
3794688,f23446fe-0584-41de-8998-0a416b9ae354,Pass,0
3794688,638d8645-8568-42e4-abbe-b3e72bd5403f,Clearance,0
3794688,c086339b-63a6-421b-85f5-47d657310093,Clearance,1
3794688,33f1d0df-3beb-4f4f-b867-76cb6ad9b381,Clearance,0
3794688,2c4a4cec-a2b3-4742-8d20-294678a8225c,Clearance,0
3794688,86e352c4-f08e-46da-a1a1-a3a1bd07bdef,Clearance,0
3794688,d2bcda9d-05d2-4218-91cb-3c2ef137e1aa,Pass,1
3794688,09ed9789-86c5-491f-a827-ec7ab60b01d7,Clearance,0
3794689,4e4267c2-78de-427c-97c2-5057f9bb6dc9,Pass,0
3794689,5ac0ac17-88ef-49b3-93be-7060f9f51083,Pass,1
3794689,e590cfe8-acc8-404f-837b-61a73044da35,Clearance,1
3794689,abdd8bc9-9a37-4493-b000-f57c867a09b0,Clearance,1
3794689,f5290ce2-9a0b-4141-b016-22eb250767d2,Pass,0
3794689,4c7742e1-d00d-4ccd-aebe-c1b1ea69ced6,Pass,0
3794689,2c211926-386f-4a63-9ef7-4d8728f997fd,Clearance,1
3794689,ce351268-fde8-413d-a855-cb8b0da69a0e,Clearance,0
3794689,dd972352-b570-48c7-b0ef-3734af09222e,Clearance,1
3794689,3e87c8f6-de71-42bd-91f0-a8d1aac71ddf,Pass,0
3794689,c88d46b6-e516-4b26-9d0f-082695503ba8,Clearance,1
3794689,dda91203-0151-4d08-87be-20c51ff62dd5,Clearance,0
3794689,32997dcf-6dc0-4f14-824f-7cc95b5efcc8,Clearance,0
3794689,7d132705-da24-4f97-9dbe-68652854097c,Clearance,1
3794689,48165413-70e2-4cd9-ae44-82b2759477db,Pass,0
3794690,e8720c7a-d65d-47a9-982b-d07cd6910100,Pass,0
3794690,95addfcd-cf0c-4f9d-ad2b-5ea3b6fbe7e5,Pass,0
3794690,0ea0d020-a227-45da-9ece-bd7d9b61fe42,Clearance,0
3794690,b6ff70cb-febd-45da-9ed9-c55c944e6c68,Pass,0
3794690,49eb5ba6-d3c2-41c2-842f-9c17f7f3a246,Clearance,0
3794690,7c488181-bf8d-4ec6-9b00-f7cce9a3519f,Pass,0
3794690,8d779fc6-03f1-41fd-9b75-9d6c487ea7fe,Clearance,0
3794690,8c5e1a8b-26d0-48da-87a1-9bd40222e3d5,Pass,0
3794690,266d76ca-9485-452b-bd17-4f304131cf15,Clearance,1
3794690,23679407-cd3e-4072-8a65-2f2e05494c04,Pass,0
3794690,4cb4ff38-1c19-45f5-8240-4055dd275b94,Clearance,0
3794690,79ab2af5-0799-47b5-8a28-9acb158b45d7,Clearance,1
3794690,e70a96a3-3caf-4041-9a74-723f944995e5,Pass,1
3794690,a65fff88-acf4-418a-9e4a-a0b212b35752,Clearance,0
3794690,469e342a-e752-4bfb-86c4-916ec6177e08,Clearance,0
3794690,12fb6ba6-49cf-49de-b724-548b886148f2,Clearance,0
3794690,e01c2787-5b12-45d3-8a38-d029dfccf715,Pass,0
3794690,0f697578-1763-4c24-98f9-8a5d9cd0791e,Clearance,0
3794690,c259fb41-d449-40f8-a743-cd3994e9c967,Pass,0
3794690,88fc06bc-6e03-4ff2-93e8-106f3929262d,Clearance,0
3794690,592b99b0-dbf7-4113-8dfb-87ac3d79193a,Pass,0
3794690,f4317c27-2d41-46c7-9d98-1daf25b68ffc,Clearance,0
3794690,f4db476b-4bf4-48cf-980f-5dc3b82c898c,Clearance,1
3794690,e66d0d1f-fd0b-4698-834f-3d6580b5d795,Clearance,0
3794690,cad7d860-fe66-494f-9e1a-694075c7e1cc,Pass,0
3794691,1835eecb-20c5-470b-91f6-3e62f1a4f1cc,Clearance,1
3794691,7e29ada6-09fb-45d2-86db-a7510e8f6593,Pass,0
3794691,c5d38bc0-8ab8-475b-a56d-a55b1c166b45,Pass,1
3794691,a86aa2cd-2912-40a1-a41e-399987bca98a,Pass,0
3794691,e181b589-c53c-4ac0-9369-070a3e91ff87,Pass,0
3794691,2b8bb413-0f70-4ec7-a715-f1dda0326b19,Pass,0
3794691,317fce03-2c61-4cef-a8c8-78486954df96,Clearance,1
3794691,3b408e2a-563e-451d-8ca2-9b4988f0c87e,Clearance,1
3794691,7d2c9d1b-c37b-4071-8f4e-1c806a8a27be,Clearance,0
3794691,5dd40998-44a3-4b90-b2f0-89b73d7c7fd1,Pass,0
3794691,7b56123b-e2ba-4da3-8aa9-a782ed219510,Clearance,1
3794691,0be4afdf-07c6-4653-84da-84ff46a6362d,Pass,0
3794691,1dcf769e-6016-44ad-bd7e-402397211011,Pass,0
3794692,6f4a847b-63ae-44c4-999d-e7143f13e988,Clearance,0
3794692,46cb3e8a-621f-4206-b7ff-210e76ee095a,Pass,0
3794692,8376b7fc-4662-4554-8fab-8c304767cda2,Clearance,1
3794692,a49a610b-bcc3-4ae9-8828-ba48b65dc8f5,Pass,0
3794692,1196f6d0-0c6b-46fc-a646-4070089f7fae,Pass,0
3794692,2a25fefc-c004-4ba7-b7a6-076b98078f4c,Clearance,0
3794692,4abc35ce-1a68-4123-ba5f-8e7f0a1f4d17,Clearance,0
3794692,9f2a7ff8-c803-4119-8dd9-9aec6192eccc,Clearance,0
3794692,11059ed7-a02c-4bf2-87d6-f538256cfdbb,Pass,0
3794692,8e8c2779-6c4b-453a-baf5-98517c3ca9ad,Pass,0
3794692,c67c2404-feb1-4a6a-aa2f-05ec14d9ad83,Clearance,0
3794692,e930cbb7-c31d-40df-8fcc-0fae5e5e5b50,Clearance,0
3794692,a7322bbe-f31a-4ee9-9738-ed5252054b8b,Clearance,0
3794692,ed434ed2-a30c-4b67-a773-11cc930977e7,Clearance,1
3795107,f2c6a26b-dd9e-4c56-a301-58645d1fad69,Pass,0
3795107,0b96f404-2b45-41d3-977c-bf27eb3b80b6,Pass,1
3795107,ee5edfb1-4bf1-4164-a673-0a24e9703de2,Clearance,0
3795107,4238b014-05a3-4626-826b-197a6ee3a723,Pass,0
3795107,29835e6c-290f-4200-9e8c-976f08ca3fb7,Clearance,1
3795107,480b490a-16f1-471a-ae90-3e7c86cfcf1c,Clearance,0
3795107,fc88e42e-2664-41b8-975a-eaa4c8d70c3d,Clearance,0
3795108,69d13fd0-9aa4-4121-9b14-973cf3be0d42,Clearance,0
3795108,5d846a41-3b27-4815-938f-ed8bc6af804c,Clearance,0
3795108,aa3b8b6a-9023-4b1c-8f84-818a2c562883,Clearance,0
3795108,228f8694-669b-48b1-828a-f8df8e2034b7,Clearance,0
3795108,c9c386d5-91eb-4a64-9383-96fef92903bd,Pass,0
3795108,60e519ec-c8cc-4abe-b953-88f476639d21,Pass,0
3795108,05c67c38-929a-4155-bef8-d72ffe4dec11,Pass,0
3795108,d5d51a4b-d724-4159-9c18-d8c9b71776d6,Clearance,1
3795108,c9c0ca61-67a0-4966-8b32-84588dfe015d,Clearance,0
3795108,de2eb1d5-2e33-4f31-af0d-451ab0250c90,Pass,0
3795108,442c7fdc-3610-464c-9169-1f6f0e711eed,Clearance,1
3795109,c2b96c2b-bdb9-4716-b087-0ddf41d512be,Clearance,0
3795109,66d62f38-a497-46db-9348-a0d242ca3857,Pass,0
3795109,624d8ab5-c730-4d84-97e2-39b2b8cc10c8,Pass,0
3795109,bbd01fbe-cee7-4e8a-9424-22f4528b6377,Pass,0
3795109,16e564d4-add5-4fd9-903b-9ad1d809614a,Clearance,0
3795109,9e2ae8e9-6ff6-41a7-afa3-d8c800d6784e,Pass,0
3795109,0c67feb1-3966-4169-91ee-3224bde46cb8,Clearance,0
3795109,626a1d59-9d28-4ff7-a7f0-94597fdae9f0,Clearance,0
3795109,3e5c715b-dfb6-481b-8417-23d58dffee94,Clearance,1
3795109,2f849711-3cca-4673-abca-3d10f8c352d4,Pass,0
3795109,9cf16383-5a6c-43ac-af2e-627efbb72e3e,Pass,0
3795109,030f4744-eda8-4e50-adff-5b0117e5dbd2,Clearance,0
3795109,7c501eb2-430b-41a0-a03b-66a7e42d3ce5,Clearance,0
3795109,157afc02-1ae7-4b97-bacd-4c15a8bd4c5d,Pass,0
3795109,adeb4f4e-8e9b-48fe-b6c8-be41cde861b8,Clearance,0
3795109,ca0ceddc-1358-475f-a31e-ffe180b442cd,Pass,0
3795109,637b07e8-0f65-4bc9-b35f-71368589e65b,Pass,0
3795187,3183cc68-bd9f-47c4-ba58-2758da1767d1,Pass,0
3795187,a93c72c3-e5dd-4c10-888d-47f537a04ae4,Pass,0
3795220,5ca9afc0-2e18-4a25-a037-d52563acaaed,Pass,0
3795220,59eda89e-fb54-49a9-8648-57ea957f0263,Pass,0
3795221,9601c116-05b0-4dd1-8288-1b29487d410f,Clearance,1
3795221,d5413ceb-e216-44e0-b1d0-444c52959fe6,Pass,0
3795221,3255fce3-fae3-4440-91c8-89bb19cc4d38,Clearance,0
3795221,b3b1d24f-2921-4f71-9dfe-b30c4e0971b3,Clearance,0
3795221,ad7f7cde-2682-4e9e-8a13-e0ef551d7019,Clearance,1
3795221,f57da0d6-7aa9-4d89-817f-319022c7f1f6,Pass,0
3795221,869d75fa-97bd-4b91-8fbf-4c807af4b183,Pass,0
3795221,623d52ef-3d26-40c2-8b9c-55c2400f3be1,Clearance,0
3795221,c7357413-3489-4c49-a588-266d2762b339,Clearance,0
3795221,23a96b40-bec3-4897-a53d-79df3457f304,Clearance,0
3795221,6beb4409-54ce-47f7-99b2-542de3b0d799,Clearance,1
3795221,0fe6a0ba-a951-4027-a8ca-8a5500cc8504,Pass,0
3795506,6552c53c-d415-497a-9c94-083d23e99923,Clearance,0
3795506,55bfdca6-9e61-439d-a8b1-09713e650232,Pass,0
3795506,68fad3e5-d23c-4e80-aaa7-5114b658b0fb,Clearance,0
3795506,4226bbd0-76ee-4bf0-8e83-1ceab3875056,Clearance,0
3795506,ff2e10e4-9d36-4226-8986-645174c1f907,Pass,1
3795506,e77af8ce-f32c-478b-bef6-67439e359d29,Clearance,0
3795506,e867c9ab-80a9-4bb7-8dae-5330c02fc946,Pass,0
3795506,0688b7b4-cbaf-406e-bc3c-5ef321336822,Clearance,0
3795506,f4629bf0-2ccb-4a12-8f31-e5102c2916b7,Pass,0
3795506,6acb651f-b91d-4e87-bca8-23dd0ec8f0d1,Clearance,1
3795506,3b5f8b5b-a551-4ab8-9ef7-46c04c37b9b0,Pass,0
3795506,9aaebbc2-adac-4953-9cf0-8d707af1a218,Clearance,0
3795506,2fea507c-a48f-42a2-b420-386dd2452fe6,Clearance,1
3795506,a32d63d7-d372-4d6d-852c-bd035327a90b,Clearance,0
3795506,c9825f9c-7508-4499-9487-7f3d317d1b99,Pass,0
3795506,95545de3-22a8-49f5-b55b-a8678d82b92e,Pass,0
3795506,22f76976-9167-4bc4-9ccb-66560d849b4a,Pass,0
3802643,81ceba69-9fe9-4e67-865c-940972147691,Pass,0
3802643,4cc725a2-8a15-4496-ad92-7388289dca48,Pass,0
3802643,8b2bd71a-2e5d-44cf-bd38-f9dc7ea553e6,Pass,1
3802643,b6e963c1-71a1-4c3a-8d77-59244e5be4ec,Pass,0
3802643,f723d9fe-00eb-459f-af8c-1b1f570af0c1,Clearance,0
3802643,3e7f2c4d-8a44-469f-add9-41ebd173261d,Clearance,0
3802643,357e641e-9812-4f31-ba67-e144b9b3385b,Pass,0
3802643,77b84514-71de-4b99-a692-b69adb3cb28e,Pass,0
3802665,0f836d60-9102-4255-9610-4e2a47ca0555,Pass,1
3802665,f3836ef7-dc10-48c5-a121-1ddb315d3234,Clearance,1
3802665,a36a54c2-6ad0-41d0-8c90-661d4a6f8d5a,Pass,0
3802676,a1b68cb3-5e7b-4d77-84d8-b9f3655e2fd3,Pass,1
3802683,2eb8d7ba-6847-4771-8525-28f4db900895,Pass,0
3802683,cd248f00-4c4e-407f-805b-784cb9f4a0ad,Clearance,0
3802683,9e13d365-5df7-4a17-be8e-4115b6d7cec7,Pass,0
3802683,0ff28b52-c029-43eb-9bb7-ae3c7c83c981,Pass,0
3802685,05bfe098-f8b1-4556-a1a5-981e9e8aea1e,Clearance,0
3802685,23b6b99f-317b-4843-8f3a-4f523798bdae,Pass,0
3802685,5c67aab6-d308-42a9-b863-8cbd1674b989,Pass,0
3802685,2ac5037f-36a1-4a2d-a123-9a361acead0b,Pass,0
3802685,0dbe3b1d-0524-47bf-9cd6-a57482f9a6fe,Clearance,1
3802690,4a2d227a-cf82-48bb-a40e-c50ca4a3dc19,Pass,0
3802690,be09e373-139a-44e2-8c5e-16ae1659a15b,Pass,1
3802690,5f9e5afc-1837-4c84-b20b-bb8f5bc14b8a,Pass,0
3802690,dc430a6a-f922-4a09-84a7-f8a52b9a0981,Pass,0
3802690,2cea8626-4f80-4a7e-a300-985c7188471c,Pass,0
3802690,1a9ab5f7-5b48-4f0e-aa6d-e424fdeba46d,Pass,0
3802690,6ec32ec5-d919-4657-bc4a-08779dfe7e12,Pass,0
3802690,95d6f6c4-4c63-45df-9461-26db7e15d5a0,Clearance,1
3802690,69e90618-a7ce-4ac4-bdc1-585e69061a9b,Clearance,1
3802690,6abf3951-83e8-46c5-bb6e-82023a946941,Pass,0
3802696,b393b0bf-c64d-4fa7-9c35-bd4ce21df60b,Pass,0
3802696,e0944f48-2c6f-4584-8d06-75adff8fd7bc,Clearance,0
3802696,d6dbd2e8-7f48-45af-9571-f6b0418eb30c,Clearance,0
3802696,bf247800-6d02-4aa2-be86-e96b44935c6c,Clearance,0
3802696,5ecd7434-34bd-4248-b5b5-58011ee05995,Pass,0
3802699,cda07cbb-4d8f-4d37-b679-bb2b8d1a46af,Pass,0
3802699,2fbaf3dd-8a34-4895-825e-8996f34a20eb,Clearance,0
3802699,fbbbbef0-d788-431e-aa91-fb9fd00f8c29,Clearance,1
3802699,f35410ec-e1cf-45e3-a522-1a77fbdf59a6,Pass,0
3802709,9e594ecd-02dc-4ab5-9b9f-bc90434c2359,Pass,0
3802709,c5bd1f2b-e5cc-428e-83d3-bf83f8a11e10,Pass,0
3802709,77fc1659-8ce0-4cea-b814-3f10a0ff481d,Pass,0
3802709,5c3c9f8d-9ca5-4027-93fd-d3fe439b4d34,Pass,0
3802709,03bb16cb-a1c7-4ee3-861f-25bef6f8dc6a,Clearance,0
3802709,1817f7b6-1e5e-4b1c-a769-107165b4e252,Pass,0
3802709,e6394997-b715-4605-ba53-36b562cef7ba,Clearance,1
3802752,29dd9275-5267-4504-8d4c-2d2182f8a2fe,Pass,0
3802752,849d9b48-d148-4b58-ad71-b19b94e3480e,Pass,0
3802752,8f547a5f-910f-4b06-b4f1-7c1a505571cd,Clearance,1
3802752,094ef0b5-5c17-4cef-ba36-0577f2469095,Clearance,0
3802752,7f145750-75ba-4b7d-8812-ad9093c42231,Pass,0
3802752,30cdf578-4941-4b6e-bffa-44649f164192,Clearance,0
3802793,9158d9a3-5329-4981-a85b-08fa1bcf0a8a,Pass,0
3802793,91e44363-0030-4fc7-850d-422c3465194c,Clearance,0
3802793,365fe5a4-9925-4f12-8dc6-fd0a68e9452e,Pass,1
3802793,ea6a745f-48be-440f-aee3-3530631eaad7,Pass,0
3802795,1babe276-2465-414b-89de-531695886b45,Pass,0
3802795,25dfb296-8629-4b5a-8bbe-65e8be999645,Clearance,0
3802795,fb86465c-e539-4d17-8aad-f52bae38be54,Pass,0
3802795,5a63abec-0339-481d-a91b-3a938ca23404,Clearance,0
3802802,2eeb340b-29f4-470e-9b60-a2ea3078b0ca,Clearance,1
3802802,28c72994-b4b8-4e8c-80d8-c8e0c945ed6f,Pass,0
3802802,eb84dcf1-56df-46a1-884f-30c4df57f868,Pass,0
3802805,7f145d84-a6a2-4be3-9c22-dc9da4e8c17a,Clearance,1
3802805,f4591ff1-2440-4718-b8fb-0c8ae55ed294,Clearance,0
3802805,2f30c79b-aa95-4ef3-a9c3-8235f8269c7b,Clearance,0
3802805,fe5285f5-c947-4348-86f4-80ea9bc99b12,Pass,0
3802809,d016a6d7-1dbc-4af8-ba3a-ae7caef43e00,Pass,1
3802809,9e4a2ad3-8642-43d4-be2e-dba5a8f87fc4,Clearance,0
3802809,1c61c6c1-468a-44f2-8aa6-0261c3b23e10,Pass,0
3802809,197a1279-bc14-4203-9924-1f6df5c72f15,Pass,0
3802809,02c38a6f-df2f-4626-a626-6b0c3915f8ec,Pass,0
3802809,47ba6a71-b1e6-48c9-99cc-59f286764d49,Clearance,0
3802809,df758bcb-d2de-4d5d-a197-94589c21322e,Clearance,0
3802809,c929b94b-ceda-49ac-823f-cd48a9d9cc3c,Pass,0
3802818,6439b4d3-9e54-4aa5-b806-cf61f3c4f59e,Pass,0
3802818,80ce4043-d088-4e0c-a4d0-8638c7b2c73c,Clearance,1
3802837,02ab5d75-ca79-4db9-855a-fd817d5e6946,Pass,0
3802839,0318f465-4cd8-4183-bb5b-aa4a3f1bf2a4,Clearance,0
3802839,dd0f58fb-ab1a-4453-84d7-415bdbf7c15e,Pass,0
3802839,32b432b6-8c55-44d0-91ba-0a176d10140b,Clearance,1
3802839,df3830fc-0ec5-45fc-ac4f-162f2cd763b7,Pass,0
3802839,d62970bc-1083-4d3f-94e6-4c80ef9e4ab2,Pass,0
3802839,a2a13d6b-26e6-4d45-925a-63cf0ba35f34,Clearance,1
3802902,e1383ae0-8798-4477-b91e-10c00f2c5191,Clearance,0
3802902,57b284bd-0e80-4c0e-9f4c-f5234a303fdf,Pass,0
3802904,b3644781-6d7f-4d64-9b13-ffeb82fd8396,Clearance,0
3802904,b0894ff2-53b6-4640-aa92-13ba970271bf,Pass,0
3802904,f6137909-8f90-4cec-8ba7-60f27db81be3,Clearance,0
3802907,76ee80c8-3b64-49a4-ab3d-2936db88252f,Clearance,0
3802907,286a5a7a-d386-46e3-9911-bf2b71c5058f,Pass,0
3802930,f2f83351-c0bb-4ae1-a3b2-f22acb4b2b73,Pass,0
3802930,d2a57003-a966-4da5-9e4f-5bb682f98036,Pass,0
3802930,e7d833d2-e5f9-4a20-a739-def74efb8307,Pass,0
3802930,532b5fbc-2c11-42ff-93b1-8d9eecc9ea13,Clearance,0
3802930,a6cdcd36-7e3d-481a-b0ac-7519808836ab,Pass,0
3802930,d50fc5b2-33d7-485c-a8e0-87d9e19994fb,Pass,0
3802930,3d81e406-2250-4189-a5aa-b709cf780bd4,Pass,0
3802948,b254b188-8ac3-4815-aca2-9de662f37144,Pass,0
3802948,353aa97e-0800-4d89-9f09-6817bdc2ae72,Pass,0
3802948,055d386d-8e2a-465e-93e3-7969b8cfbede,Clearance,0
3802948,f22135df-95a2-423b-bbad-ae533cd1023c,Pass,0
3802948,bc682eed-6dce-4c38-a2c8-2ecbeb2ea8d1,Clearance,1
3802983,133ab5d5-f456-4cc9-b381-038fc60471aa,Pass,0
3802984,c7a3a345-72fc-4dae-a0bc-32e711cc11e2,Pass,1
3802984,32932301-0b75-4e5f-ae6b-a9ddf8bb39cd,Pass,0
3802984,3eaa1fc8-d6b9-4701-a4c6-1df85a2944b6,Pass,0
3802984,1d14b4bb-7d1e-4f21-8231-f348a688d6a6,Pass,0
3803000,a44a84e4-53af-489e-9364-5d1c5f23adf8,Pass,0
3803000,5922cd57-62ff-4813-b4df-c8055494057b,Pass,0
3803000,2b47b581-dfb5-494b-9375-0588a2d159e8,Pass,0
3837650,279cb406-f133-44da-9c01-003fc8db8176,Pass,1
3837650,29fbae5e-3720-40f5-b048-efd93f8618f1,Clearance,1
3837650,fe362fd5-5016-4f96-8c76-e5f622850477,Pass,0
3837659,2d55ca33-3e57-4747-964d-da3e22558108,Pass,0
3837659,10269167-539c-40b8-a36e-2092d4b3181f,Pass,0
3837659,de734c00-cd20-4b05-8772-2371d3815cd2,Clearance,1
3837659,9e2123dd-ff85-468d-a9a7-5593ff4a54b0,Pass,0
3837659,4f6c49fe-6a18-4493-9802-269caf55368b,Pass,0
3837662,91cd7df5-d767-4177-8c98-edf88d04a17a,Pass,0
3837662,43c0b0e8-a4fe-4664-8b90-8a677a41c7e4,Clearance,1
3837680,f250df25-d537-4a09-8fa3-f941752f8b05,Pass,1
3837680,010d5d3c-cb92-48ec-95b5-f7e2a087736e,Clearance,0
3837680,27da5014-0f09-4ba4-91ed-1d8c1b1d1ee3,Pass,0
3837680,5e7b617d-10db-4cc1-a056-71333c57d2f0,Pass,0
3837680,ff1affc6-f987-4a71-bbb3-d67fc22d2b28,Clearance,0
3837680,15e8732e-59a2-45da-9cf6-4e1b9c11def1,Pass,0
3837680,bad76648-bdcc-40fc-af1c-44146952c9d9,Pass,0
3837680,536522f3-c36c-4e85-9441-c369aaa0c837,Pass,0
3837683,3324d89e-eed2-4aaf-878a-e0d8e6f5465a,Pass,0
3837683,e0749603-d56b-4859-8d5b-bed77ed98f7d,Pass,0
3837683,d49b5b09-3508-4d71-836c-c8ff69b7b855,Clearance,1
3837695,0b75d20c-d888-42d5-b683-ece401a1ceed,Pass,0
3837695,ab3d3501-d851-4215-8194-15a60a97f8b5,Pass,0
3837695,5caca532-850e-4773-a351-b1eaefb97ebd,Clearance,1
3837695,bca775b9-7e82-4ecd-a7bf-ee2c851bab76,Clearance,0
3837695,dab78af8-5115-45d4-89af-f33fb20a228f,Pass,0
3837717,d393076b-d40d-4762-9d41-954952218f66,Pass,0
3837727,7f86b85f-a67e-41e3-bc36-7d3b65ee6d18,Pass,0
3837727,c2ef295e-442f-4a51-bbad-516184ef15ab,Pass,0
3837727,b4a93a4d-7a96-4bf9-8d33-307666c76356,Pass,0
3837747,92a611d4-edc1-447f-a043-279bbb6c122b,Pass,1
3837747,abcb507c-e656-4e36-a933-9e450fde4182,Clearance,1
3837747,d3e001f8-4f3a-4770-9152-7983b073bb0b,Pass,0
3837747,9fc3c386-c44b-41ab-8d03-3726acd05ac1,Clearance,0
3837752,d7e566e2-1b44-47b7-bc81-053b2d386964,Pass,0
3837752,6d62da57-0cad-4c38-912a-6699373a82b8,Clearance,0
3837752,87fa3842-4d65-48a3-9f8b-4c7e23401adf,Pass,0
3837752,2886f48e-cc14-4b9a-8fc6-b3cd50a858b0,Pass,0
3837752,c6e2fda0-6b71-4701-a4bb-9bf9bfb117e2,Clearance,1
3837752,fb0c0372-1cdc-4617-9266-e8d4f39b8b64,Pass,0
3837752,955e7cfd-b017-4f7e-9941-ed736c874a77,Pass,0
3837752,49efa5ef-c185-440e-831b-b33723200d5d,Pass,0
3837771,3b420897-2483-4569-a057-da5622ee5941,Clearance,0
3837785,9e66e705-7600-4944-b0bc-037a10b170c4,Pass,0
3837785,1ad136cc-b653-4d22-88c6-8274fdca3ee6,Pass,0
3837785,f9ab1fa9-8e1f-400b-b7aa-bd6ef24d486a,Pass,0
3837785,bf81226c-3080-4ac8-8ebf-c421e3e5a28f,Pass,0
3837785,ec46efd4-dd71-4e9c-8298-941f5ed04c1c,Pass,0
3837785,91aa9706-a618-4f11-bd55-76cc332b59a2,Pass,0
3837785,57129612-fed0-4963-bc64-f8be8fcdc2c1,Pass,0
3837827,f11bd772-13e5-45d8-bba7-6ea7e2ac573c,Pass,0
3837827,ae0e6fe0-422d-4031-9404-356bfe24b950,Pass,0
3837827,05228a1b-055f-4417-bae8-5b8bd1b4df2e,Pass,0
3837827,f5c5f271-ba03-4fd5-90b7-e169003625ab,Clearance,1
3837839,b06ac30f-ac79-4965-8af4-a7e50045fffe,Clearance,1
3837839,69f33c32-3446-436f-ba3a-ca5fcdaff0df,Clearance,0
3837839,ac043c14-035e-4a4c-8559-8f40e42f801e,Pass,0
3837839,fff55b6c-d098-4d90-bd8e-d819d92238ac,Clearance,0
3837839,80419515-97a8-4698-8865-a4e816ff60b2,Clearance,0
3837844,da8b4f49-87bb-4e31-8ec5-7fce0b1e00be,Pass,0
3837844,750efdc1-a9ed-4086-8418-4c2171a1c32f,Clearance,1
3837844,2c629824-8b73-48f6-83b7-1ee98764e51e,Pass,0
3837859,fcdd0a1e-c3ce-43d8-a939-0cb1d2ce86bd,Pass,0
3837859,287fe156-eaeb-4958-a985-b3cb772f93c9,Pass,0
3837859,6d57a920-fe07-46e6-a22e-eada90fb5089,Clearance,0
3837859,66abe0f0-1b4b-4746-8260-9ec68c51bd01,Pass,0
3837859,1b901fe7-8874-42ac-a7b3-d9607df74595,Pass,0
3837859,c3d5e11d-6cc4-489d-bcc9-a5cda58dde90,Clearance,0
3837876,d3818c91-134a-49db-b430-c6424d933f67,Pass,0
3837876,0c67b518-ec7e-48aa-9c53-ff83076d4ad3,Pass,0
3837876,90722113-849d-4ce9-b54c-94a68ebb03ec,Pass,0
3837876,6ee6cc7d-dac3-43b7-abbe-222873f1f677,Pass,0
3837876,c97d3745-3a43-4074-8f1d-a47eb962de87,Clearance,1
3837876,23e520b8-78ee-404c-8f97-3f6ad27be3e8,Pass,0
3837885,8d897263-bb66-4708-acea-8facbed69704,Pass,0
3837885,9d282261-231d-4f3b-9b01-7d044ec7586f,Clearance,0
3837885,519cfd6f-0e6d-4c9a-b38a-2533e090e880,Pass,0
3837885,0595f9a4-b732-4da0-90f6-712fbbd4ea15,Clearance,0
3837885,d4cdc669-9258-490b-b63a-0ea90cec1aef,Clearance,0
3837885,32543be4-353a-41b1-a72d-126ad84139a5,Pass,0
3837885,e12e9a93-3b09-4cef-a9b1-6890757e4683,Pass,0
3837885,65430e94-5fdc-493b-b676-a9ee4cf7b35a,Pass,0
3837896,7ce1fec1-0f0a-46a4-a814-9f5a038e1d37,Pass,0
3837896,9928e7a9-8951-446a-a428-c10c08c2ed04,Pass,0
3837896,4b791514-3a06-42d3-8602-6346b76486cf,Pass,0
3837902,138dc5c4-31c1-44ca-85f2-f3ea406e04a1,Clearance,1
3837902,1801f5ed-feeb-4caa-b2d0-633256371457,Clearance,0
3837902,054ec86d-fa83-4c8b-be9e-308949aeda99,Pass,0
3837902,b80a0936-53bc-4ed3-a3d5-4ce33ed05daa,Clearance,0
3837902,742cffac-17ae-401e-a23f-930e1162dda1,Clearance,1
3837902,54ceebd2-2a44-4251-a1e0-e2e57615f1f6,Pass,0
3837902,3168818c-95ee-4c5b-81f3-4008965cf352,Clearance,0
3837918,3545c304-421b-4dd8-a0b9-b2b50d033317,Clearance,1
3837918,e5414deb-6e64-4838-9554-aa9df95e4730,Clearance,1
3837918,7b94408c-9f99-4364-8aad-665057796a35,Clearance,1
3837918,3c834666-9f0b-477c-b44e-871bc984a3fb,Pass,0
3837928,28110874-7daa-4a72-8469-19200e758aa1,Clearance,0
3837928,f5dfbec9-3e50-4595-a9ea-ade935b5d3f8,Clearance,0
3837928,e0e4688a-68f1-4e5d-8fed-0c57cadd9bc9,Clearance,0
3837928,6679064f-ae91-4535-b171-e776d320ee64,Clearance,0
3837928,6c609b30-8a30-4ce9-af96-ba28f79d4097,Pass,0
3837928,27f8feda-1f59-469c-8001-5e09ac5e2e31,Clearance,1
3837928,91ddfad7-73d0-44b0-89a7-1ef38d0b8b24,Pass,0
3837938,df64e81f-c545-44ed-9311-0a4974c8feb0,Clearance,0
3837938,c15d48e0-7a1c-4041-acfd-abc933bba406,Clearance,0
3837938,90c5f0b3-ba6c-4a7f-80f3-d1b5b2307a88,Clearance,0
3837947,727bad44-6330-4f32-9ea5-8d5e7ef52b09,Clearance,0
3837947,348d16c7-1f22-46ef-999e-7337863b7fd8,Clearance,0
3837947,38895a1e-62ff-408d-99df-e4da0887c006,Pass,0
3837947,f98c6c92-199a-45b4-8a08-805d2e380193,Clearance,0
3837947,ec5519d1-bffe-4d8b-8170-06e2b9f60485,Pass,0
3837947,70f661e4-692a-42aa-a6a0-4ab9bd86d5d8,Clearance,1
3837947,a358a1a1-34c6-4ddf-93fc-1b68e87b2817,Clearance,1
3837947,d6568f57-0b95-4bd0-9f02-e06ab42a7e11,Clearance,1
3837954,3b5d9ce8-6c92-43cd-a675-51a74bf1514f,Clearance,0
3837954,8f08bf6a-50aa-4a26-b7fc-dcc0f6ea75e3,Pass,0
3837954,a763b237-7029-498f-a0c1-bfb61a726ef5,Pass,0
3837963,a088276f-f0ec-4867-b5fb-d8bca626828f,Clearance,0
3837963,f9bb74e6-dff1-4a58-a8f2-8c5d0f671633,Clearance,0
3837963,15a83394-7130-47d1-92bb-bf76d6ffdb34,Clearance,0
3837963,25d2525c-181b-487b-b960-35fe209dd9a3,Pass,0
3837987,658d049f-b58d-497d-a74e-5fe4e24f0673,Pass,0
3837987,e4349ae8-d89d-4e53-ae64-816523438f23,Pass,0
3837987,7f693acb-e483-45c0-91ba-0115b96f04f8,Clearance,0
3837987,72571584-0829-4c96-89c7-31b7516f0d4c,Pass,0
3837987,fbd468bf-c416-443f-99c7-9fd5fee70411,Pass,1
3837987,279aadc5-160c-4773-a6e3-ed8aea5b0220,Clearance,0
3837987,feb08101-63a7-41ad-9e1f-2a0536355c73,Clearance,0
3837998,12cf889a-abf3-43f4-8c35-d271ab68a415,Clearance,0
3837998,8b98ba47-6d4a-493d-9df4-c8d6e3a10605,Clearance,0
3837998,389577f2-c68a-4746-99ef-abf43159ae3c,Pass,0
3837998,c7267d0a-f31b-4d7a-8756-22f5e0e52432,Clearance,1
3837998,1dc669b9-e41f-44f0-acaa-58dc4ce02777,Clearance,1
3837998,cc64cf80-58dc-42e2-9621-be312f7aff61,Pass,1
3837998,336368b5-edc5-4e61-97a9-d16ea1ce136d,Pass,0
3838004,baa0151d-0879-4a28-b53b-0c547a78307b,Pass,0
3838004,6a41c938-d5b2-45db-8466-b1edf94fb83b,Clearance,0
3838004,08cac2a1-77ed-43a0-b6d3-4890b7993eb8,Clearance,0
3838017,cb3eccf2-c800-476d-b22f-c1ce81f2a90c,Clearance,1
3838017,d4353071-8d3d-4634-8f79-3e862ff7ca6f,Clearance,0
3838017,ca88d839-45db-48b1-a188-179f0a68d0ca,Clearance,0
3838017,88f95015-1ae9-4bd3-8e73-e328177b728a,Clearance,1
3838017,e8a8d882-627e-4b69-a778-5af89d19cf36,Clearance,0
3857254,f1367206-f8e7-480d-8a8a-326a38c598c2,Pass,0
3857254,6f12c761-3bc5-48ab-818f-cf50b731173b,Pass,0
3857254,e6737838-da7b-495d-a0a6-2b6156bf6674,Pass,0
3857254,48130cc1-6961-4b23-9058-d81fddb985c2,Pass,1
3857254,539f84f8-228c-464e-9d5b-f0c3fc0d2d9d,Pass,1
3857254,490b3721-b193-4c3f-8b31-eed9148607dd,Pass,1
3857254,e430c036-d414-48fe-b4e7-84b99564835f,Pass,0
3857254,8d28b2d8-4d04-44fc-923e-7fa91ec057d3,Pass,0
3857254,54d985ce-9de0-489c-8def-1a0008d496be,Pass,0
3857255,0c7040c8-4cef-40ce-b90f-59f08a664f3e,Pass,0
3857255,c4ac42be-eb1a-4342-af18-9650479b531f,Pass,1
3857255,25fe12e0-ee0b-4b8f-b73b-7fabd05a596f,Pass,1
3857255,bd901b90-3186-4f2c-a003-c74155a4f9ec,Pass,0
3857255,1ed1a176-a72f-47dd-b035-849d2f1c8c7f,Pass,0
3857255,eeacafd4-8eeb-40c2-b197-d24cef8be669,Pass,0
3857255,0a02d9a7-85eb-4367-b65a-cba0adf9b2e4,Clearance,0
3857255,d18f65c2-b568-4240-93f9-bf8383f1ac04,Pass,0
3857255,74cd8a34-5614-454c-b6e0-6fd6fb998454,Pass,0
3857255,1057ca8c-98c7-4df7-90a1-14a16fd7bbaf,Pass,0
3857256,11848712-1d08-451d-b173-f2629fffef08,Pass,0
3857256,555f1cdb-f494-43f7-80ee-2945cce35479,Clearance,1
3857256,ca0866a9-6ab8-4bdf-840b-e2eedf782ec2,Pass,0
3857256,daa0030f-6bf0-44c3-b52f-7473f6633734,Pass,0
3857256,4954ad1f-cdd4-44c4-b983-16d7cf441a29,Pass,1
3857256,11b9535e-ebd5-4983-98e2-fcc0912e70fc,Clearance,1
3857256,b140527a-1fea-46d1-87fa-58cdc4f7f81f,Clearance,0
3857256,cd9efe8a-d3cf-42cf-98ff-b5c94cd6f867,Pass,1
3857256,f33df20e-ef34-4a93-b65e-56a2e931864c,Pass,0
3857256,dddcb94c-6cc5-4346-a58c-ad9de7e717ed,Pass,0
3857256,3c6c4107-7bf3-4c37-9ec7-b60018e02745,Pass,0
3857256,7c35ffa8-da9b-4179-ac91-df5f64b6da73,Pass,0
3857256,80003820-e3c8-43a6-b8e0-d6f73a04dc32,Clearance,0
3857257,11c2f882-c57a-4ed2-a671-772e8be2a2c7,Pass,0
3857257,20f6236c-1821-4f47-98f9-ce8b2a8e18c4,Pass,1
3857257,61ede9df-1c3f-408b-b7e9-f6012e39a022,Pass,0
3857257,8aec8980-1f57-40ca-94d1-4f8eb919591e,Pass,0
3857257,1f7fe99b-2c24-4258-aa90-240c992aecfb,Pass,0
3857257,a6920474-471a-4641-927e-8eb147e6a5b6,Pass,0
3857257,ba9984e5-1b4c-48fb-9015-7e172370c559,Pass,1
3857257,5d400a7b-6d06-424c-b8af-0940428b0335,Pass,0
3857257,268a85c9-c084-466e-9a90-8a573b65232b,Clearance,1
3857257,98146b98-a998-49a9-ad86-c16cfef8f5bf,Pass,0
3857257,86a9684b-59a0-4f1b-b7ea-afc14cfb6a5c,Pass,1
3857257,5de220c8-60e5-464f-a92d-fafa793c85e6,Clearance,1
3857257,b9b9e1ae-9bff-4204-a5ce-dabb36e56d99,Clearance,1
3857257,40637a26-1d70-4e97-b595-0bf046c85063,Pass,0
3857257,80e72cbc-949c-416d-a682-51f59ad0bb07,Clearance,1
3857257,42a6aef4-0eaf-4c3a-a21c-f862bb9ae8ff,Pass,0
3857257,fd21baf6-8a13-4f7b-b8dc-7ec0b86a86a4,Clearance,1
3857257,07bd7f3a-321e-4db2-9106-ab8b66cb2c59,Pass,0
3857257,99ec546a-9322-44ba-92d9-aa6927b25f40,Pass,0
3857257,bf00831f-79da-4277-8d1f-5e08b9d9e8a5,Clearance,1
3857258,05f3e514-9d5a-418b-9f2e-9e1403b3037a,Clearance,0
3857258,b0364a71-1679-41a6-9950-6afe949c96dc,Pass,0
3857258,987b7187-e421-4663-94f1-78e4c23c8f35,Clearance,1
3857258,dfc4296f-1180-4228-b2c9-f7b7a1af516d,Pass,0
3857258,05bee11b-1091-4fdd-9554-396e34242d5a,Pass,0
3857258,bf591652-ff4f-4dca-9568-8fac4f69cf5a,Pass,0
3857258,746c2379-ea78-42ba-a26f-abc039b84a97,Pass,1
3857258,2a10f435-b1a5-4117-bd2c-f02778881f7c,Pass,0
3857258,d9c76718-3a95-4957-a71b-8a12dddc7544,Pass,1
3857258,82fec2e3-4601-40c6-89fc-ac824a3470b2,Pass,0
3857258,a0ecc630-cb8e-4bc0-90c8-1ba185cacf50,Pass,0
3857259,d8fd79cc-5144-48f3-afb8-e8506f5dc477,Pass,0
3857259,1ab5b23e-445c-4e68-be03-efdcbfe11332,Pass,0
3857259,9b2e4c4c-96f7-4e52-8794-8299a659a66c,Clearance,0
3857259,b1c964b1-d8d3-461f-822b-8c4fd88b2d51,Clearance,0
3857259,34aefa79-703b-484d-a584-67f255ee85db,Clearance,1
3857259,5eb7c72f-d404-4ce2-8502-cc0b50f1be75,Pass,0
3857259,3b5ce950-46b5-4f45-8497-aa373ab2b2b9,Pass,0
3857259,90cbbc77-3c7c-4214-aaa6-921fda44fd2c,Clearance,0
3857259,4b92ac50-0218-4169-8f6e-bb3558be3ae6,Pass,0
3857259,bd452d0f-faec-4099-b231-507b979db552,Clearance,1
3857259,985e6193-49d5-4135-a8ec-f3b97ebe8558,Clearance,0
3857259,abd809b8-63af-405d-9638-2cad2f0554d0,Pass,0
3857259,02284c4f-5e28-4417-a790-34cc85acb4be,Clearance,1
3857259,0d1c463e-5902-4abe-9aef-3ee1dfcc73ad,Clearance,0
3857259,942f47a2-2db7-4336-9d99-8830e1765179,Pass,0
3857259,10d43275-9204-4b99-b4d3-f5d088f75cf0,Pass,0
3857259,acb11895-5901-4dae-bad4-b610d3caf425,Clearance,0
3857259,36243532-f669-4392-a31e-2809afad68bd,Pass,0
3857259,99b4b250-5d03-4ed4-b212-6f919dee5b93,Pass,0
3857260,92f0685a-8b48-4695-9743-96b026f07b85,Clearance,0
3857260,1445928e-72a2-42c8-902a-63f847af0b25,Pass,0
3857260,3e4c0f5a-c752-44b0-bfeb-dc4e5da86779,Pass,0
3857260,6d6069d7-a43e-4f3b-8342-886705b0937f,Clearance,0
3857260,d30815e8-488c-4b24-ae01-49961537c002,Pass,0
3857260,8d81f74f-eadb-4afd-bd0a-fff100fee312,Pass,0
3857260,6e3cbc7e-b94f-4c77-834b-d1398be7caf6,Pass,0
3857260,af76a08d-a6ea-45fe-8048-f43fe691c4b5,Pass,1
3857260,a13989ab-9fcb-4661-bca2-023d70da9672,Clearance,1
3857260,a0331406-1326-4345-bc2e-fd8c899a467d,Pass,0
3857260,2c691ed3-feb2-4e83-817f-b20a18d2c134,Pass,1
3857260,1fafd2e8-a540-463b-9eef-d2151bcdaeaa,Clearance,0
3857260,814b6ada-703c-4b27-b11a-c5257da94b02,Pass,0
3857260,43049323-22e3-44d5-af5f-3885a5627a46,Pass,0
3857261,eb811e0f-2b2c-4cef-b385-a5d69384f27b,Clearance,0
3857261,ee69514f-2c65-4fd7-96f9-c5f522138319,Pass,0
3857261,8c6cf9b6-4e78-41c7-af81-b1bcad3198f4,Pass,1
3857261,4fea76a9-236a-4e7a-961e-5c3c821ad875,Pass,0
3857261,dfbdfd42-eddc-41fe-8da1-da08c6cca1dd,Pass,0
3857261,5244dc36-2c11-4541-a816-f3bd0037d8c4,Pass,0
3857261,136fe2e5-567b-46d8-ac96-3691b83ad055,Pass,0
3857262,2a96478b-814b-44e4-be58-a0336e41c10c,Clearance,0
3857262,9425aeac-bbcd-4119-af45-862d6928452a,Pass,0
3857262,ce7b4a99-13e4-4d9e-b5f4-9fa4029e1e95,Pass,0
3857262,0066b904-c8d5-479e-9ae4-e93eef012023,Pass,1
3857262,9b68ca25-e097-44b9-926f-0dc4ee91cc68,Clearance,0
3857262,6f4ebea5-09ea-4fde-a585-f6c8e6767b05,Pass,0
3857262,a149214b-882b-4c48-97ca-7fae7fbe0e8d,Clearance,0
3857262,0a51390a-4d4c-46ba-aa42-de8817026451,Clearance,1
3857263,4e59408d-c22a-40bb-b942-4d464eed347f,Pass,0
3857263,ee9feaa3-5da3-474e-bf92-fe432f78426b,Clearance,0
3857263,2a734dfa-98b7-4d3f-96a9-3f204c97341b,Clearance,0
3857263,34aad350-522e-4d5f-9c51-23157c1454f7,Pass,1
3857263,088e08b9-07e2-4fda-98ee-4a97b27a4d41,Clearance,0
3857263,051a7d89-5036-4318-80f9-e6a6e51684cd,Pass,0
3857263,a82bbe91-b382-4bea-bbe4-0b73ad001af8,Clearance,0
3857264,d7e61230-f7a7-4e87-96d9-210263b896be,Pass,0
3857264,e0d88187-7c0e-4a4d-b7da-e11228e4c5ea,Pass,1
3857264,f8e7b4eb-4a66-403a-a7df-6003adca05a5,Pass,0
3857264,87209fe4-9459-44f1-80ad-5c5d09fb8c70,Pass,0
3857264,4aeada3f-bbe5-427c-b004-efb39d217196,Pass,0
3857264,093fcbdc-8528-498d-a97f-8356353b8a82,Pass,0
3857264,fef300d1-45f6-4128-ac07-bc688e3a101f,Pass,0
3857264,2b551822-5e94-496e-8162-c076563ec461,Clearance,1
3857264,ef57fa17-de7a-4e17-a0da-893a37c5460e,Pass,0
3857264,1a76ccb7-b146-47cb-8ee1-ee6897de2b79,Pass,0
3857265,a588fb81-0e2a-4444-8bed-d5f1247c8003,Pass,0
3857265,1197188f-5f71-43c2-9f57-400bc54f188c,Pass,0
3857265,855b0194-5f10-4405-a9fc-d9ec3e7c83bb,Pass,0
3857265,3e3c7715-1563-4b74-9a2a-1952bdf27387,Pass,0
3857265,54541e9d-0c7c-44df-bcbf-2989d14c7abd,Pass,0
3857265,4437a5e6-5eaa-49da-87ac-8c4132f9fe04,Clearance,0
3857265,f52fff32-37f4-4706-bd1e-9d385a5397b8,Pass,1
3857265,a3d6f205-16a4-430f-b360-623b0b15b650,Clearance,1
3857265,fd514d8a-9026-4176-b68b-eb77e6c283ec,Pass,0
3857266,bcc2ac42-cd8b-47d0-828d-c9e624128922,Pass,0
3857266,20a2d27b-0f8b-49cc-b412-08313127c159,Clearance,1
3857266,666ab184-a16b-4c70-90c8-1f482fb78a66,Pass,0
3857266,ba926c80-ffcc-4b84-a2a0-dbe363f7e1f5,Pass,0
3857266,69f2c199-16bc-4544-811b-ff792501f428,Pass,0
3857266,0398e2f7-519d-4be7-9ae0-0487b48d192f,Pass,0
3857266,b2b0f403-72ee-4463-92d0-e73ec879a07c,Pass,0
3857266,d97ba003-33b2-40c8-aa75-d6d69182a96a,Pass,0
3857266,6a2c9811-d359-411a-8dff-6d076ed40d18,Clearance,0
3857266,7709d512-9b26-46cd-96f4-e6b8ce486cb2,Clearance,0
3857266,a665f406-c436-4f64-96e5-a02c950a3559,Clearance,0
3857266,744dfd75-a154-49a1-812d-4a997c7475ae,Pass,0
3857266,75efa691-3d76-4b13-bd6a-53c08a039e1f,Clearance,0
3857266,95965eb0-8a6f-444b-bd31-774f3aeb2d09,Clearance,0
3857267,bfa24e12-c3a7-43ca-8cac-395f1328aa49,Pass,0
3857267,34a83c3e-f3fb-4ad5-8745-6a7dd9584056,Pass,0
3857267,23793788-b14a-43bf-9e4b-762d8aaa2603,Clearance,0
3857267,12cbb176-bfd1-4424-9f5e-5367571f35b6,Pass,0
3857267,65334da2-e3e1-4e8f-baa4-3878a26f8d0d,Pass,0
3857267,556915af-0ca2-4163-a7af-c23756c5277e,Clearance,1
3857267,825be041-0ad6-4582-97be-c0cc78c9b946,Clearance,1
3857267,d89fa2d3-66a6-45fb-b003-186754a066e7,Clearance,0
3857267,4bff9161-4ff3-414a-9dc4-a2eb11d2440b,Clearance,0
3857267,63c21313-987d-45f0-a4df-1e2f945dbcc6,Clearance,0
3857267,4a048e09-2c98-4c16-99de-d720e87340f8,Pass,0
3857267,1b963ae9-f02e-46c6-9a6a-e091bfdadfc1,Pass,0
3857267,38e835b9-1bbd-4d40-a18f-1dad5cf4e5f2,Pass,0
3857267,322e635f-9c3e-4cb9-a229-72f632a04083,Clearance,1
3857267,1b2f84e3-e385-42b7-a69d-d8a17ee4af66,Clearance,0
3857268,b3b4b658-0729-426b-8931-8b6c53fa0fd0,Clearance,0
3857268,0ed4f60f-aee9-49e0-a54c-dfe7168efb74,Pass,0
3857268,bf6569cc-0148-4a5e-be7c-d500bc8127a1,Pass,0
3857268,6ffa0fef-4e72-40bb-937d-541e177df565,Clearance,1
3857269,3ddf9958-9b6e-4b1e-ba2d-71c8059231ca,Pass,0
3857269,62583b56-6320-443b-abaf-17c6ec7f02af,Clearance,0
3857269,4e88ed89-12e5-403a-bee8-e854764ac6f7,Pass,0
3857269,b3e296c9-1d5f-40c5-bf5c-2e9521544cd3,Clearance,1
3857269,d044fcd7-89e5-4314-a7fe-9ab18b048446,Clearance,0
3857269,f4b4d8cf-a20c-43fc-b5aa-ac82ffcb9867,Pass,0
3857269,aae7be9d-62b1-4efd-bc31-2da40afd4137,Pass,0
3857269,0c0ab8d4-50f2-458e-b239-cfee9a5cfc31,Clearance,1
3857270,9d13d01e-a320-4f4f-985e-2d393a42a647,Pass,0
3857270,65960597-28aa-4279-ad8f-a24e2d17dd72,Clearance,0
3857270,15f9264f-b276-49d9-98d2-bde219f69dea,Pass,0
3857270,3e6139ce-f4f8-49be-9af7-e3ca067b2ab4,Clearance,0
3857270,759519ec-b61a-40fa-8737-71d39076b94f,Pass,0
3857270,b1ab2e8c-7935-41a3-a44c-970836bd16f9,Pass,0
3857270,99ed7aa2-71bd-401f-aa2d-3facb3f17b30,Pass,0
3857270,156cbc07-022b-4d98-bf2e-8ac6b1214b63,Pass,0
3857270,914b5fbd-df5b-44f8-9e61-c3b4aede13e9,Pass,0
3857270,bfe9f897-4fc1-4a5b-8b1b-09904530791e,Pass,0
3857271,7b785280-21a5-4e4e-ab61-9305e5fa912c,Pass,0
3857271,43cb2132-4dcf-4e73-b237-3738bcbd4b5b,Clearance,0
3857271,1ca0a78b-ec0b-4f1e-858c-75b968c51440,Clearance,0
3857271,5fea8273-4c56-46bc-aa88-ed892c1e9244,Pass,1
3857271,f533df63-4943-4338-8b62-cea7e0a38612,Pass,0
3857271,b463c1a2-d9c6-4905-8100-53e6728218a2,Pass,0
3857271,2656a5c5-b80d-4daa-8a73-74a368e10fa3,Pass,0
3857271,ef542316-ebd3-4560-9e8c-2cd0f47388e1,Pass,0
3857271,5f3e6244-4bf4-4dc0-87c3-48b6c1827315,Clearance,0
3857271,2914c51a-07d6-4606-a785-d84781753c13,Pass,0
3857271,c90d2279-f014-4a13-bf2e-8352171aecbe,Clearance,1
3857272,5d4d578c-dae4-4bdc-9e20-4398b8336c9d,Pass,0
3857272,a156ae3b-c674-4255-889a-4ec5b1b747de,Clearance,1
3857272,6325f8f4-9db4-49b8-8844-06d444da046f,Clearance,0
3857272,73290f5f-205d-45bb-b824-00c0e450271a,Pass,0
3857272,0590d16b-0c96-4444-9497-7d2c072af715,Clearance,1
3857272,66a7bcd0-8d0b-4155-8110-bc7c4c887476,Pass,0
3857272,912e739e-c1c9-4965-80f9-023161abb513,Pass,1
3857272,e1cd8c8d-fa89-4277-95fb-73a07c5dd757,Pass,0
3857272,35857e6e-63d8-4dbe-a451-c5b50fa57b88,Pass,0
3857272,cba1789d-9ea0-47b3-9809-26a67e814835,Pass,0
3857272,66d7ad1f-ca17-43a3-8813-d945a77737e1,Clearance,1
3857272,e5a5fc0d-5f37-4e2d-bee3-21220d3f0e44,Pass,0
3857273,8233a52d-de2d-4589-bb51-bd1db7c69674,Pass,0
3857273,7ea64346-671e-40fe-8264-4a101961f5b8,Pass,0
3857273,00702eaa-0c0d-4562-8ab3-109b7fa3333b,Pass,0
3857273,ad69c599-7aa8-4590-af81-fc95106b6fa0,Pass,0
3857273,3db28285-7b18-4951-8cb7-5b5d2189c7c1,Pass,0
3857273,a044fb87-71d3-4d98-b116-751a5c51f180,Clearance,1
3857273,49d255f7-7a6d-4aca-af22-b5999c9f8edf,Pass,0
3857273,1cdc38c7-7a3c-484d-b27f-ec7559c30ded,Pass,0
3857273,db013d36-3a03-48c7-bddf-99a8a4b02f01,Clearance,0
3857273,a43982d1-3a20-4062-b5d6-8024470bd4a8,Clearance,1
3857273,fa4b6d93-56db-4d05-9d45-6b469ecd6750,Clearance,1
3857273,9f0d10ac-7833-48e8-a8a5-fb30defacc9a,Clearance,0
3857273,09a25ddc-e1f6-405f-9776-7bf2a3d15ce1,Pass,0
3857273,fb0b6cf7-e20d-4368-9a33-ece46daba954,Pass,1
3857273,a7fc52df-32a0-4f0f-9ff3-c9a706c2c196,Pass,0
3857274,8d8ca95d-ca5b-4109-9239-04bf3327ec56,Pass,0
3857274,aaddb356-d77e-45db-9e4a-abe9f02fadbd,Pass,0
3857274,62be1d7b-70d5-401f-8f7d-9a241ecdb423,Pass,0
3857274,703bf2ec-e5aa-4a18-a6dc-e2bede531516,Pass,0
3857274,9444c3a9-27d6-4a5c-95cd-5a83c4424e99,Pass,0
3857274,3ae30a6e-0a5f-4695-bf52-0d0ad883289c,Clearance,0
3857274,3ffc535c-1c1b-48cf-b1ed-a89c12edf50b,Clearance,0
3857274,934c3413-8942-48e3-b645-ae9b5a754815,Pass,0
3857274,4d301f50-e053-4af3-93b1-87905c391a58,Pass,0
3857274,510d4c90-a410-42cc-b07c-c890fdff1cc1,Clearance,1
3857274,bf22e13d-a29f-40a6-bd23-04b11171c45c,Pass,0
3857274,abbca836-13f2-40d0-b73a-3b765671230d,Pass,0
3857274,9ad24915-87da-4839-95a2-291f68fe7690,Pass,0
3857274,210b21a0-2e0c-47d7-9dbc-ab78c90534b7,Clearance,0
3857274,92c38fda-01c5-413f-bf79-3b3f186c2356,Clearance,0
3857274,7d017eb1-092d-4879-9803-7e27e306e395,Pass,0
3857274,a8b62155-cebc-4b99-889a-d7b305eb2498,Pass,0
3857274,c799dc55-0ab3-444f-b175-80e7684178b9,Clearance,1
3857274,d1a6de64-27cf-4927-9868-16c902147274,Pass,0
3857274,f38032e6-46d0-4290-b202-f88ba82d3ea6,Pass,0
3857274,466026f1-ccca-486c-beff-18210592a505,Pass,0
3857274,9499e04a-bd07-4a26-aad9-ee2d63a2a78a,Clearance,1
3857274,2012d561-2d89-4379-bfb0-a92c31ad8129,Pass,0
3857274,82368ec7-2022-42ab-b61a-29ae98f198b6,Pass,0
3857274,1eda31b1-3c06-4576-8c7d-c925d9570018,Clearance,0
3857274,31abfef8-19e1-47c3-a166-c77b626a907b,Pass,0
3857275,c0fdef16-2203-422a-ae2f-6a89ac7f30ba,Clearance,1
3857275,4fcb593a-9415-4dd3-b952-8dd1277f0ea7,Pass,1
3857275,542e5353-0c01-48fa-9aea-b35a1e432858,Pass,0
3857275,cc88e8de-be9d-4fbc-b9cb-0800d2a5199d,Clearance,1
3857275,d87349d7-cbd5-4c63-8514-4609ccd2b9a0,Pass,0
3857275,d6f71254-d3d0-41ee-9a72-751b1ae84585,Pass,0
3857275,4bd9c054-37ba-41e9-ad9b-37d77f3b20d3,Pass,0
3857275,81f5e335-3b8b-4588-961a-d9ba9fb30a3c,Pass,0
3857275,90191e0b-5b5d-4f8c-a8fd-38b91f677cf0,Pass,0
3857275,3b4a57d8-3c18-4245-b62a-9ebbca0c8c6a,Pass,0
3857276,e9e11533-0b60-468d-9a69-fb603efe3039,Pass,0
3857276,41ff0ca0-f2da-4056-8b8f-9960b474ae60,Pass,0
3857276,5d9b0a5a-9804-465e-9c0d-0057fadf91ac,Clearance,0
3857276,d511416f-ad8a-466c-8ad6-e7a3dc98e9fa,Pass,0
3857276,59f320ec-9fdc-4d30-9484-df1469f72de4,Clearance,1
3857276,3c3139b3-cd3b-4389-929d-4a83cab17c00,Pass,0
3857277,7e2c9b51-9014-4c94-a52d-6ce2748be8d0,Clearance,0
3857277,bb56cc57-cb8b-4b9a-ae0c-ea3e52d13fb1,Clearance,0
3857277,00dbfd59-f6e2-40ef-aedd-314cce53aee1,Pass,0
3857277,4d34a341-bacd-4b02-b242-8c3b5b0fe09d,Pass,0
3857277,bb36120d-3b29-4e9e-a51a-2fdb37369e81,Pass,0
3857277,0c33ab24-a83d-47cb-8bb8-90bdf5519ae8,Pass,0
3857277,d837a345-bb7e-4951-8f07-8aef0fba0d0d,Pass,0
3857277,214c786b-5dfa-478b-80b5-a2c86eb185f2,Pass,0
3857277,8f2fddd9-3213-44e5-90eb-231a2bd5d547,Pass,0
3857277,8f16ba5d-76d5-49a0-82a0-460aa1b8e37f,Clearance,0
3857277,9b4dd19e-4f62-4ade-9def-47aa0316ee6c,Pass,0
3857277,9e0623f0-550f-46f0-99ff-c5ba3cbf56a0,Pass,1
3857277,32293f7b-07be-43fd-95a3-534dd4d87c6e,Pass,0
3857277,76a6004f-a7b3-482e-8ad3-a34719894e2f,Clearance,0
3857278,b27d792a-2032-4ec4-b584-b619de1bf4c7,Clearance,0
3857278,b73c61af-1244-49f4-8850-e539e6bf8b61,Pass,0
3857278,df1891e2-b230-4ec6-9e81-ad3e54ac62fb,Pass,1
3857278,c2af91b8-5eb0-47d9-8482-9189b7aba435,Pass,0
3857278,2e78b14e-c501-41ad-9211-a6aefe11a971,Clearance,0
3857278,2f98e511-aa1d-4ca5-b115-6fce7f2d9b3d,Pass,0
3857278,904e48bd-e473-4ba7-817c-99de897cf6e7,Pass,1
3857278,36038dd4-cfae-406b-98d9-be09f24a79a3,Pass,0
3857278,34be2ac7-46ec-489f-ac71-00d6c21dd63d,Clearance,1
3857278,28773160-1599-4600-b915-bfa06b20ddc6,Clearance,0
3857278,3caa49d0-dc96-4ccc-b2be-e919aee8d9df,Pass,0
3857278,2b1da946-a74f-4a86-9418-51d0c582577a,Clearance,0
3857278,5f2b0321-1504-4ecf-8187-df9d24bf6e58,Clearance,0
3857278,5cb3cf73-a920-4e08-9c01-f73ef13dbd3d,Pass,0
3857278,f4d83b4f-a673-4980-8cf8-aac825476ff5,Pass,0
3857278,8b952d76-67e0-42cf-85c9-7c2e88ce9414,Pass,0
3857278,a234f3e6-20bb-4f91-bc6c-bea20685f634,Pass,0
3857278,b1ab477b-93e9-4f26-873e-91513979f38a,Clearance,0
3857278,cefa2d19-2e80-4b5a-bf50-dbdc394ac372,Pass,1
3857278,bae82650-3557-49c8-a721-dd26045cbd98,Pass,0
3857278,9cc9240d-b244-4c62-b758-720cf647b2d5,Pass,0
3857279,fc4bb1a1-a9d0-4341-a7ed-4c5e662d8955,Pass,0
3857279,7529b7ad-172a-49b7-96e5-a51f2947090a,Pass,0
3857279,fae5bc49-488f-4b66-ad0d-1564b5cc43bb,Pass,0
3857279,bbda591e-a441-465a-80a0-056d4588bebc,Pass,0
3857279,a1beff41-7bcc-476d-ba7f-0d29e1bb79bf,Pass,0
3857279,9564b5b4-4a97-488a-b550-893f164ba37d,Pass,0
3857279,5e8156a8-c1df-412f-8d60-1e05f4e124e2,Clearance,0
3857279,146decc8-e198-47cd-9e9e-c8785465205d,Clearance,0
3857279,36fad6c1-085b-4ebf-9e90-e03afdcfdc30,Clearance,0
3857280,801222c2-6dda-4453-83ae-f5c90a6ca6a4,Clearance,0
3857280,df859799-fb94-49c6-adaa-20b48a81fbf1,Pass,0
3857280,cedc058c-9aae-486d-a913-7ff3da833c3a,Pass,0
3857280,b265e079-8ff2-465e-a38c-fbc2e822d915,Clearance,0
3857280,9265c1be-6332-407a-8d0d-886e3c037249,Pass,0
3857280,4609511e-fdd8-4d0a-a9c3-367a6dce30ba,Clearance,0
3857280,203ca274-be29-4c4c-8fcd-99ff2c7e7944,Pass,0
3857280,14cc8960-019d-4284-bdb4-7189ff2ceed3,Clearance,0
3857280,27bd7f4d-8aad-4c76-a31b-1ed57f3b0e2e,Pass,0
3857280,23867624-3b70-4451-ba43-2f095431ab2b,Pass,0
3857280,03605d98-c986-4b58-a7ee-45c140511747,Clearance,0
3857281,c8e304c4-1133-4344-9566-f6603b6a2735,Pass,0
3857281,b5cac123-1617-42f0-864c-6b3bce02c67c,Pass,0
3857281,72ccc592-d1bd-445c-8ef4-a7155d7a3a10,Pass,0
3857281,d10cb453-9702-4062-8cde-9bee97146d40,Clearance,0
3857281,4d5da179-1eb0-44c9-9087-6f03d9bf5fbe,Clearance,0
3857281,7e4edd4e-4961-4e31-a394-5ee5d3d7eba6,Pass,0
3857281,06488d24-5eb7-4d41-a692-c66b0215fe44,Pass,0
3857281,7fae868a-2922-481f-b6ce-26ec14d88383,Clearance,0
3857282,ed160276-76ae-4b76-adb3-cfd5f8d2a6fc,Clearance,1
3857282,2cecf0da-5c9a-4c6e-a052-220f644a27d7,Pass,0
3857282,103818a9-7552-416a-bb00-a22051295eb4,Pass,1
3857282,b4cd5efd-431a-4325-9d34-a0b985f1bebd,Pass,0
3857282,6c697f89-9f87-42a6-955c-943187796493,Clearance,1
3857282,13f7631f-9286-44c3-b8e4-01ec69e069e4,Pass,0
3857282,a3ca169a-59b9-4b39-8e88-3a040d82ffe2,Clearance,0
3857282,9118ad29-5310-449e-acdb-ccfb6dafcb76,Clearance,0
3857282,d7d2dcf2-43f4-4f93-b927-87e292564cf2,Clearance,1
3857282,33df808f-14af-45c4-9290-648fd7400ddc,Clearance,0
3857282,fc698445-0939-4f40-a605-dc06714ced11,Pass,0
3857282,b7c58d15-e9b5-4ebc-bfaa-3f5ae1c6ea83,Clearance,0
3857282,3fb063f4-870b-4a6a-a6f2-0d40c9fc42ec,Pass,0
3857283,b236d0e4-7bdc-405b-bfaa-efcf83b3edda,Clearance,0
3857283,c6403922-f223-482e-8f09-00b428fe8289,Clearance,0
3857283,b4beff45-d528-47be-b553-fda7595165d3,Pass,0
3857283,6bcf9745-19bf-438d-ad9a-601b27d0b375,Clearance,0
3857283,71519970-1c9a-4c9d-99e7-83623d2110a7,Pass,0
3857283,43128eb9-6ca4-4fa9-9361-6de0f9c5df4e,Clearance,1
3857283,237096d1-9a82-401e-8b31-06dd3689c178,Pass,0
3857284,b2982e14-6e3f-4578-8445-8ecdd6ef5b5d,Pass,0
3857284,d72793ee-0126-402a-9e43-b7a38bbac5a7,Pass,1
3857284,f24dfb39-198a-4b85-9bb7-00800d997e53,Pass,0
3857284,90b4ecec-33b9-4159-bf91-4b2d2218b97c,Pass,1
3857284,46bc4f90-a6d7-4292-a447-5b907c092d67,Pass,0
3857284,87e1c2da-b0a4-48c1-9006-4d73f49a815a,Clearance,0
3857284,0d162604-8dd1-425a-ac16-44ae92e2940a,Clearance,1
3857284,69cdd3bc-7f00-4b4a-bd6c-51578a34a847,Clearance,1
3857284,523b6296-e1b9-486d-95b1-3424d76d5b04,Clearance,1
3857284,935d5fc2-edd8-4210-b97d-084e732adfcc,Pass,0
3857284,0f1b8215-d9d1-47bd-b648-18c2644cb801,Clearance,0
3857284,e99b4029-94ae-4575-9631-6e4b09065f6b,Clearance,0
3857284,f0d84393-7911-4529-948e-9fc71c0df366,Pass,0
3857285,f337edea-1653-49cc-93cc-57f050665850,Pass,0
3857285,5d7a070b-b109-4870-97e9-f97a5ce16f8b,Clearance,1
3857285,485be020-60f5-401f-beb0-14e7fbd54c9f,Clearance,1
3857285,b5187ada-e881-4c65-9dc5-db67bc1a557a,Clearance,1
3857285,4c79b613-b76b-4294-9bc5-1fad7160302e,Clearance,0
3857285,1421b4cb-5c61-4295-a8ed-a2ec4fb64adc,Pass,0
3857285,9430c604-5b25-48e9-8a79-63af0ba089f9,Clearance,0
3857285,a75b9e87-48ff-4a7f-8887-b53f1bc22418,Pass,1
3857285,7260e6c0-ef3c-4bb0-8b43-7ff3e9c70d4c,Pass,0
3857285,e5641e31-afcc-47fc-8fc0-66d634e3a806,Pass,0
3857285,07354f60-82d2-4f87-ad3d-f14f7034b372,Pass,0
3857286,968e8236-8df7-41e1-87b4-222cff60f99f,Pass,1
3857286,2a2739b4-3654-4fce-b687-65f3a054ce78,Clearance,0
3857286,1ed7e5d2-9028-4d50-b67a-058b174ccb1c,Pass,0
3857286,8d89b413-73ad-4162-91a9-55660195e7a8,Pass,0
3857286,ee182d9d-64f8-4651-a578-9ab24d4f3ac4,Pass,0
3857286,777240b8-4e6e-4043-aafd-cdca163d4707,Clearance,0
3857286,c4116e33-4aea-4ca3-a347-237a54c0ac35,Pass,0
3857286,9f2126fd-3c16-4402-9448-ab5559b399e1,Pass,0
3857286,c07875f7-22af-409b-bada-847d0c91990a,Pass,0
3857286,6bcf46ef-060c-4b0b-b83a-ff7a0950cd5d,Pass,0
3857286,a59217c7-0870-4733-945f-5060ef0027f7,Pass,0
3857286,06321a9d-ce50-4076-a015-61edc107d35c,Pass,0
3857286,5697c2d2-01b2-431b-8a8e-243fdbc51747,Clearance,1
3857286,764ac27f-655f-46fa-ba43-ca6effc8a08d,Clearance,0
3857287,09e6a654-c4be-4912-ba09-0efe682f86db,Pass,0
3857287,d18e1e13-6c46-4bf5-ba75-f9469ce1e54b,Pass,0
3857287,41cbdb44-be01-4e08-8888-ff9158d96e64,Clearance,0
3857287,efc77800-014d-4176-8552-976b69927e50,Pass,0
3857287,fbc9cd21-b5df-4bfd-bc1c-659ed6a1ede3,Clearance,0
3857287,8ad1efbc-79f5-4b22-8aa9-d65173c79799,Pass,0
3857287,01c3403a-d70d-44b6-9eb9-fbbc6e944890,Pass,1
3857287,df679290-b59b-4156-934d-1b76699b40c4,Clearance,0
3857287,cc48aef4-83c5-4640-8627-fc5d1c4363fd,Clearance,0
3857287,d75c67f2-1306-42c6-8b49-262417e7c029,Pass,0
3857287,5c3ee644-ac2f-469e-b80b-2577110a222c,Clearance,0
3857287,8a1dacaf-54b4-4223-ba04-fd3029b98b9e,Pass,0
3857287,d4bcf6b0-b772-4722-bc9b-4cb543aa5895,Clearance,0
3857287,94cd2156-b46b-4411-a362-09a634f958c8,Pass,0
3857287,8196a47c-d0f4-4f3c-8bc8-6541fffb5719,Pass,0
3857287,e09eb703-ac3a-4d09-803d-2c6c62fcdc7c,Clearance,1
3857287,ee12468b-0b49-4e68-9802-5ba2a6e2c402,Pass,0
3857287,a9c54685-ca88-4158-addc-fb174e7bec78,Pass,0
3857287,418c68cc-fae1-4a60-b14c-f0f343563903,Pass,0
3857287,068de13a-217c-4463-b72e-28fc10554eeb,Pass,1
3857287,f5b93095-be20-48eb-8bae-b352e6899f9b,Clearance,0
3857287,6858f904-6e4a-4717-83bb-67c1d24a4f09,Pass,0
3857288,c37e09b9-2a0c-4ad9-9b04-1cbb3f9eacbc,Pass,0
3857288,37db5810-6666-475e-94ad-93eba4fcc934,Clearance,0
3857288,04031da5-90e7-4f89-83ec-dfd20ec0724a,Pass,0
3857288,29272085-ba90-4517-8937-f27f81986715,Pass,1
3857288,ff558a0f-7eee-4407-a49b-2a135e30a3b5,Clearance,1
3857288,bef709ad-f8ab-4a9f-9300-d20834c769f3,Pass,0
3857288,271b2664-c272-45f0-bd9f-8f5a2e2a1367,Pass,0
3857288,9941ef78-19ad-42ed-a6c1-13250a9afac8,Pass,0
3857288,b8405f62-dd8d-4f6e-82a0-bb08d9bb50be,Pass,1
3857288,6add9fe4-032d-49fb-933f-5b1d2bd9bbf9,Pass,0
3857288,b45119fa-dc4f-40cc-8d71-1422dc7c5e50,Pass,0
3857288,259eeb67-0e92-4143-9c1b-45388670f837,Pass,0
3857288,8ea2df5c-87d9-4027-a50b-04ee9f0dbe53,Clearance,0
3857288,5efda140-70cb-489b-9f28-aa60b00ddb7b,Pass,0
3857288,21f56c9a-b87c-4200-84df-fd7e59e6dfbe,Clearance,1
3857288,a9721ff8-f85f-474b-9b44-b0e62f40491e,Pass,0
3857288,8ae4f2ac-95fd-4db1-9343-cb4c2b8fa1ed,Clearance,1
3857288,0a3e23c7-e437-4e12-a4ee-8298ea57b604,Pass,0
3857288,b0dfff90-1a7a-40cc-ae75-4fd186a7e4e5,Pass,1
3857289,6dc0c3df-fb1f-400f-a4a7-4a5291e210b3,Pass,0
3857289,8eae3200-9ff8-47c1-9e1a-cba41050df79,Clearance,0
3857289,53dac3bb-af4e-4515-b69b-fb6d1deb3d5e,Clearance,1
3857289,5a0783d8-8b72-487e-ac22-b52decac15e1,Pass,0
3857289,ab59d1b1-4e1a-4fc4-a4f1-880fb964cf59,Clearance,0
3857289,6339fb4a-817c-4d0c-8390-01f31e7e07b4,Clearance,0
3857289,026190d9-45b2-4307-95d1-ff334e04bcb6,Clearance,0
3857289,a79ce62d-fff8-4fd5-84dd-a4f71644be3b,Pass,0
3857289,688d8588-4e4b-4554-9b6e-61d0f476f60b,Pass,0
3857289,984a9a9b-0b9d-41f9-81ac-7a3a0aff2aac,Pass,0
3857289,87801efd-8e75-46eb-9e0a-0c10b2b344f0,Clearance,0
3857289,7d8e084f-777f-42f3-ac88-56f41688d11b,Pass,0
3857289,d1f795c1-b428-4ae5-9891-61c255b1cfcc,Pass,0
3857289,f4dc937d-4c4c-44ef-b965-9aff4875943e,Pass,0
3857290,6c44744d-9b30-41a8-b28c-a77fbe87f4b1,Pass,0
3857290,ef1098cb-ff44-4eb8-ae46-cb7b911c2203,Clearance,0
3857290,1172f0c9-7075-482b-ac73-aa2371781a8a,Clearance,0
3857290,e84708ab-e57b-48ae-9510-2847ca38226d,Pass,0
3857290,c4e565ef-c84d-4ccb-b115-7907a65db526,Pass,0
3857290,aae57faa-1ec7-491c-92ee-9fcdc4ffcaf8,Pass,0
3857290,da2d17de-967e-4d9b-9ef7-763345e19b49,Pass,0
3857290,6faa70f5-2a33-47d1-abd8-dfb87c83bbcf,Clearance,0
3857290,0f6dfbc3-a9b0-46ab-9979-6aea74707f6f,Pass,0
3857290,a78e9954-5f4e-472a-a8dd-9c93602193c9,Pass,0
3857290,1cb8b961-f5c9-461b-b676-6159ded97f23,Clearance,1
3857290,beca7e79-f999-47db-ba7c-14c41c880bb1,Clearance,0
3857290,8b77b0cc-0882-40ca-b4ed-1bcd05dbc085,Clearance,0
3857290,2a06a105-139c-4198-81fe-0fa51ee084bd,Pass,0
3857291,d3aefc7d-84f8-4f80-9cf6-22a8673014c8,Pass,1
3857291,efd21cce-60c2-497d-9cf8-1ff78165315f,Pass,1
3857291,bd0a6e58-6773-40da-a330-cad0661302ab,Clearance,1
3857291,284e2dff-2660-4553-aa9a-af69aa5beb31,Clearance,1
3857291,a16c20e3-a776-464d-9121-7b223833921b,Pass,0
3857291,d9e77643-2a2e-4d8e-886e-8f7ca15cda82,Pass,0
3857291,308bdf9e-39d4-4474-a40c-8eeb9a705892,Pass,0
3857291,48df4109-30b8-4d15-8a81-ea17f4bcbdf4,Clearance,1
3857291,d09ac5fd-4218-499f-9312-9cdfbe2605c3,Pass,0
3857291,b908d22f-5bbe-4a7b-96bc-e246fcb5f78e,Pass,0
3857291,d66eed59-da9c-4b36-a084-8ea841ecbc32,Clearance,1
3857292,69198424-fb64-449c-9157-62d5980411fe,Clearance,1
3857292,6189f617-3bb8-4f0f-9013-e5a3fb303bf0,Pass,0
3857292,977f2672-c301-412f-8120-a7c063acb473,Pass,0
3857292,89406d33-4ec6-4eb4-b91e-595cb7e60b41,Pass,0
3857292,4c620809-acf8-4e37-9216-6fb7fbeff298,Pass,1
3857292,c9d705ed-03c0-4af2-b8f7-4687a4dcb68d,Pass,0
3857292,1443cbbc-c47d-44dc-8315-7d9b9c77d813,Pass,0
3857292,cef906ed-6afb-45d7-ae29-16a8920c852d,Pass,0
3857292,dc6fef50-90bb-4403-aa75-81724da83915,Pass,0
3857292,45ae402d-b43d-4089-b6f7-2f4f8badb795,Pass,1
3857292,17971a5b-bb49-4fbc-8bcb-c9e16ebda517,Clearance,0
3857292,dbf2369b-5111-4986-ac43-51f10ae84fb8,Pass,0
3857292,aa4e5855-279a-490a-bb29-770fd1304f46,Clearance,0
3857293,1e1a0282-bb38-42c8-8f29-0b6a716f5834,Clearance,0
3857293,68dc58ed-0e57-49d3-9d25-630612ecfcf2,Pass,0
3857293,2d70ace8-b441-47a6-9d4d-88c2e1ba915a,Pass,1
3857293,a67c913b-4e10-4ec2-a061-90add50246d8,Pass,0
3857293,37252f97-54a3-4bc1-92be-426c8cdb0d69,Clearance,0
3857293,b88f34e0-58dc-48cd-a61a-48dc0e132c60,Clearance,0
3857293,3f722291-557c-4ff3-8cbe-93c698825e8c,Clearance,0
3857293,223b9715-592e-49df-80d3-27336a4fb450,Clearance,0
3857293,bc377ae2-eec0-414f-a516-d10d3e155a5c,Clearance,1
3857293,32167b16-b6db-4f14-ba67-bbff5daa72ee,Pass,0
3857293,0819a334-c2c2-409d-9b6a-7d345a8ffee0,Pass,0
3857293,afe7f669-ec3b-4001-8b67-66365b6aa5ca,Pass,1
3857293,0e2184d8-8989-43b5-8a07-cd1c08086f9c,Pass,0
3857293,e92448ef-5ae1-4464-a18a-e4b9614b5651,Pass,0
3857293,aaedf579-a311-41f7-8010-0e465b879775,Clearance,1
3857293,ed2818a4-c60b-405a-934d-a97c5879a207,Pass,0
3857293,ae76b57b-f5df-4cbe-ae66-d3a610849d33,Pass,1
3857293,d7a83fe1-e08d-4122-b7d9-8a6138fa341c,Clearance,0
3857293,2276ae12-7870-4f64-9374-ecf54aea54ce,Pass,0
3857294,bc63fa01-3428-4c68-ac7f-e7d51ecc31b8,Pass,0
3857294,733a54ec-421b-4bb8-a8da-6af042de7da8,Pass,0
3857294,59bf0548-5a3a-46f9-9415-02e30be2fdff,Pass,0
3857294,c359f5f8-ccaf-4c3c-ae8d-6b044459de4d,Pass,0
3857294,42adfac3-728f-4c2a-b1b5-9994da8cb2f0,Pass,0
3857294,2f413f32-b1a7-4771-a76e-b19db5876255,Pass,0
3857295,00e0a470-9268-486c-a9e0-8fe98523c618,Pass,0
3857295,aa54d171-6167-4267-9721-658d11e6fe8e,Pass,0
3857295,664efa1d-86b4-4b3f-a72c-2162e6f9b63f,Pass,1
3857295,b13b77b9-e9e8-4ef2-bbe1-7ffe1e4d6e39,Pass,0
3857295,190917b7-de98-48c6-b9b0-b80d546de283,Pass,0
3857295,3ed4f255-af99-40ee-b88b-fc08e7ab408b,Pass,1
3857295,08a9fbcb-cc52-41b8-82ab-2e3c2b771ac0,Pass,0
3857295,12617fa9-ffe4-4f0c-bd6c-642bbac3531e,Pass,0
3857295,b0ef2fbf-2c38-4ab0-bcf4-422892b857a4,Clearance,1
3857295,44183e36-0036-48a6-9f18-375f7f9d3af0,Clearance,0
3857296,01b936c5-858e-4776-90a6-2b8858af5b2a,Pass,1
3857296,d3d88a6b-27b3-40cb-8d61-6cf70e4cae23,Pass,0
3857296,7675e847-c0bf-42c5-9fd0-84227f272571,Pass,0
3857296,bf3aebcd-c680-4b6c-8184-e92b4fe90294,Clearance,1
3857296,28616b2d-0dc2-4c95-bc62-70fdcbfcc0a0,Clearance,1
3857297,b45157c3-ca34-4a8a-8911-9032aeeef988,Pass,0
3857297,655cf536-4880-4759-8b3b-0b5284366dac,Pass,0
3857297,1c15ed70-b9ad-45ae-89ae-98c22b7af00d,Clearance,0
3857297,7d74f83c-228f-4b21-9ac9-df779a119e45,Pass,0
3857297,564e6761-c1cf-4072-ad63-fde1e60c208f,Pass,0
3857297,7dbda998-bce6-4edf-ad93-80e98c6fa68a,Clearance,0
3857297,d146d0b5-9496-49d4-886e-e15a0f12bb36,Clearance,0
3857297,b1a2a599-9912-48a3-893a-f4c2c2144c50,Clearance,0
3857297,0ee121f3-0451-4d89-bd53-d064579565ee,Clearance,0
3857297,05ef4024-070e-42ca-a363-4de11035f519,Clearance,1
3857297,27476704-2b57-41ac-8765-551e49eec237,Clearance,1
3857297,af923531-373d-472f-9ea7-37dbc29ce74b,Clearance,0
3857298,d01f3202-6ab4-4a14-b9b1-b29bb576ac5c,Clearance,0
3857298,1fcb1b93-89b4-45d8-83c0-b96a784ce44f,Pass,0
3857298,7ee17bd5-f420-46d1-8a2b-7e536b9a4e2e,Pass,0
3857298,cca5354b-2eed-459f-b7d4-a9bf030a15b1,Pass,0
3857298,ec7c5753-0a02-483d-a340-d18f85f5d675,Pass,0
3857298,8776d5e4-fc4b-49db-9b36-b37e62e8bd31,Pass,0
3857298,89bf5f98-565d-4505-8220-4d8848822e7a,Pass,0
3857298,a5ae3ca8-244c-463d-a3c6-c1602927017d,Clearance,0
3857298,2929dea8-bb59-4b4d-8eac-223c97d8048d,Clearance,0
3857298,cb644553-cfca-48ed-81b4-85fccbadb79f,Clearance,0
3857298,0ffd003b-2485-49d1-a118-18670c9744f3,Clearance,0
3857298,982d7167-61c9-4078-89d5-22b4d11863ca,Clearance,0
3857298,19d09ef1-427d-43b8-8d2c-a2646eea6551,Pass,0
3857298,269cebca-4357-41cd-a387-9f5dc2faefac,Pass,0
3857299,f0c6246b-9d2b-4e06-83b2-2cfbb19d2c21,Clearance,1
3857299,4fbde7d4-d8af-42f4-a75a-1ea17797dba4,Clearance,0
3857299,054f7094-b0a8-4a63-86c2-98d9d12446d5,Clearance,1
3857299,e912ee4c-6fe9-4d8e-a2b4-ee80ddf87380,Clearance,1
3857299,5018b001-8a05-4f11-a9a5-c60fce40c3a8,Pass,1
3857299,dc07dd67-fdf5-4ec0-be55-7aff865f937a,Clearance,0
3857299,fee2f112-fa0a-443d-ae79-811bc3b8b235,Pass,1
3857299,0e73c98f-f390-4299-8e9e-7053bbd415f8,Clearance,0
3857299,cc561914-ace0-4696-bf63-c4c9eb31f508,Clearance,0
3857299,8cfc145e-93cc-4ebb-aa77-9864b9c635ee,Pass,1
3857299,b5892730-92bb-42c4-8001-b11117b203d6,Clearance,0
3857299,1de29ee2-14bb-4322-ac64-4da17c47a5d0,Clearance,0
3857299,08afe059-eac3-4066-8e5e-47cec7e520f0,Pass,0
3857300,dbc24387-7084-4c52-a5e3-ce04447b1db3,Clearance,1
3857300,6a0cb513-da29-46c7-a4ac-bbf52c23e6de,Pass,1
3857300,26c77034-7710-473f-ad99-00704989b1b6,Clearance,1
3857300,55d1a500-c0d5-4b5c-87df-ba576ea7fddb,Pass,1
3857300,8a99a590-66ab-4dba-a7b7-88d524b72311,Pass,0
3857300,23049c6e-a15a-4022-92e0-851344e97ef0,Pass,0
3857300,3cc95c58-22b0-45eb-841e-84b5f700fd81,Clearance,0
3857300,5c67cc6c-683f-4d95-ba82-e7eed8a171b4,Pass,0
3857300,f0755c91-a25a-4574-be36-4f213c64e68e,Pass,0
3857300,42166441-49e8-4c18-9cf5-23cb6cd18879,Clearance,0
3857300,5faa3868-9aaa-4afb-9eef-7e8ceb975366,Clearance,0
3857301,ea6a3094-680b-4e9d-9ff0-9e86a6857fc0,Pass,0
3857301,842f3b67-b8d2-41d4-b6cc-e467a183c56b,Clearance,0
3857301,5b212de8-a2c3-4db5-b2b9-a6dda224a538,Pass,0
3857301,366527a5-b532-4953-8a73-5e8d1d68ec24,Clearance,0
3869117,235bda66-d45c-4ece-afc8-f9ffdf650d48,Pass,0
3869117,6f477c84-c1cf-4382-ae08-2d5cac88cf17,Clearance,0
3869117,1b3b5af5-5f0a-4e50-bbc2-1afebaaa6f8c,Clearance,0
3869117,3d3e0f4e-1d4c-4d80-85ec-be3c9e056c32,Pass,0
3869117,28afe98b-932d-4fb3-af1a-b08f235bc544,Pass,0
3869117,b35bc062-a8b9-492f-8f62-a482205ad4fc,Pass,0
3869117,a92d1c0c-9be5-46bc-bb0e-2146561a683f,Pass,0
3869117,2d5b9ede-704d-4f40-bf4c-3b4754ca631e,Pass,0
3869117,4fbdc53f-db5f-4994-95f9-07d1b3e14f3c,Pass,0
3869117,242e85fa-eccc-4b2b-aa8a-0575ef131073,Clearance,0
3869117,774b4129-8dcb-4cc7-b40e-6305bfcb21da,Pass,0
3869117,46c66a93-f97f-41c9-bf8c-6e9822388804,Pass,0
3869117,a8bd7d84-7a9a-48b0-b998-4e1b2af2ffcb,Pass,0
3869117,1a10cb5a-0c91-4012-aed0-5e2c83c45d88,Clearance,0
3869117,c92e9b14-54ed-4e8c-b71d-953a24dddd64,Pass,0
3869118,32751ce2-1bd0-41ae-a4cb-08c4c303b93d,Clearance,0
3869118,a8bdfcd0-d7b9-4543-aea2-88c51a010434,Clearance,0
3869118,4fb1288d-179a-47af-a85b-9b871f0f8375,Clearance,0
3869118,d1c2807b-8f69-4888-b614-f503a4a75589,Pass,0
3869118,8f559c92-ad81-4613-b3c9-c3d0a4c9fec9,Pass,0
3869118,64ec3243-500b-49ea-82a4-dcfd1f7bf892,Clearance,1
3869118,967b5fe1-0dd5-4718-9222-85c5e36ec5a2,Clearance,0
3869118,3f6f57d4-0093-4253-a4db-b3d11cd5f950,Pass,0
3869118,206624d0-5b8d-42fb-a9ba-acaf0d80ff4f,Clearance,0
3869151,b836f366-777c-4375-9d29-2782f880f7e1,Clearance,1
3869151,dbc23150-eeba-426f-a146-3bfc8064d683,Clearance,0
3869151,1ec3c44f-5a39-4bf7-8842-85489bc38bb5,Pass,0
3869151,05c11f58-eed3-4b6a-b782-2fa0db00c474,Pass,0
3869151,29a49fa2-5099-4be4-a388-130ebd539d18,Pass,0
3869151,c5d6929c-585a-4520-aca0-f6135fc2d7d9,Pass,0
3869151,2bef4e57-48ca-475f-af8f-b160336d00f7,Pass,0
3869151,813bb1e4-0ae0-41c7-ba3c-4c41d9d56ef1,Pass,0
3869151,be6af5ab-9905-450c-82e7-5b5f15f25ddc,Pass,0
3869151,108304da-110c-4205-9b81-83341ae684bc,Clearance,0
3869152,42e89997-057f-48d0-8878-b0385adf870e,Clearance,0
3869152,e9113074-9a5a-48ca-bd95-40a10b4179a8,Clearance,0
3869152,fc7aa1a8-5993-47de-aac8-5927c1fcd90f,Pass,0
3869152,1aadc307-050a-49cf-9f10-0674aadfef27,Clearance,0
3869152,2ed4857f-f6af-4f42-bd2b-d27e2d188a4f,Pass,0
3869152,20fef869-57ca-487f-b0df-9006230365ac,Clearance,0
3869152,1d3ecfb5-8c79-4164-956e-f6c1adde0e75,Pass,0
3869152,abb0f463-a386-47aa-8006-190b02ffcaf5,Clearance,1
3869152,e0c7c958-f131-4228-b8bc-bcb296afcb5d,Clearance,1
3869152,08f97086-b398-44fa-99b0-3314f3c2481f,Clearance,0
3869152,58d4f80c-cc1d-4b83-be66-ce580621a4fe,Clearance,0
3869219,720f64db-3244-4565-9aa5-545072dd4635,Clearance,0
3869219,4d8cac2d-1007-43b4-8887-d9b1bd65d067,Clearance,0
3869219,9cc14ca1-b1fd-4b2e-90cd-99abdb42fe56,Clearance,0
3869219,562a9441-3cd5-49e7-adf5-60b27019de8e,Pass,0
3869219,60142ee4-1c32-42e2-861a-87135144d050,Clearance,0
3869219,4d8220b7-4868-41b0-b796-1a3d968cea7c,Pass,0
3869219,a6dae17e-9a5d-4afe-ad16-41eddb3d58d0,Clearance,0
3869219,dc0ad6b8-31f0-44d2-8cb8-b6e8d3b59722,Clearance,1
3869219,873642d4-4105-4154-a1c6-8dce2f0bbd35,Pass,1
3869219,a7684121-4a9c-4371-b25b-25b0a4d61a32,Clearance,0
3869219,a387cd7d-fb3d-4f4a-9fdd-0af7ff6f4639,Clearance,0
3869219,34a82318-642c-449c-880a-baefa0c80467,Clearance,0
3869219,b9ba5f25-2173-4fb5-82b7-e305be4c2e00,Pass,0
3869219,4978c510-6baa-4d2a-92e2-70207a67577d,Pass,0
3869219,f35e7752-668f-48a9-8df5-edd58f2dc186,Pass,0
3869219,31fbaedf-7e1a-4c94-a1d7-2dbdecb94dd4,Pass,0
3869219,dc959415-5404-4127-ac13-f87d268c636e,Pass,0
3869219,cf92334c-1a82-4b2d-a2c2-306c8c637898,Pass,1
3869219,669253ad-5a52-49f8-8699-46e64e8ce3dc,Pass,0
3869219,0058d654-a567-4528-b133-8e6680bc5b1b,Pass,0
3869219,6d4d0881-692d-4ea9-906e-23d06f40afd8,Pass,0
3869219,88c3811c-5f02-4a38-b52f-b5a4ced04aa4,Clearance,0
3869219,e7c4c3c3-13a9-4f07-95a6-5fb9bcc80552,Pass,0
3869219,ec2aa708-ae18-4e3b-94ad-ab7316d56162,Clearance,0
3869219,6dec1285-b6b5-4268-b7c3-f5f106c7b62d,Pass,0
3869219,26c857d3-234c-4e85-b14c-caa68604b089,Pass,0
3869219,df760df1-35c6-4cfc-8468-52115d9fff08,Clearance,0
3869220,24ce3698-7d50-4624-92c6-1a826c480e42,Pass,0
3869220,574c9f8e-a2e5-4c80-a2f1-1f1b3537f0bc,Pass,0
3869220,3915e97e-8bc9-4d3e-a3e6-c5c4862caf96,Clearance,1
3869220,e136e3f1-a45f-4820-a77e-a8387fd39b1e,Pass,0
3869220,22153b81-e152-4fce-9b50-c9fad9d42790,Pass,0
3869220,01b39a97-7042-4306-84e4-44c5ff46a13e,Pass,0
3869220,92c9cf20-eb80-4c61-a099-8c8211a79ffb,Pass,0
3869220,e674c68d-a7f6-45e2-b3cc-23e5d31533c5,Pass,0
3869253,50ef35a4-0e26-439b-86d2-001a14dcb4e1,Pass,0
3869253,b68c5dc1-3715-4a8d-a0dd-4a9c76f43caa,Pass,0
3869253,2deda279-7f34-4264-803c-c47861bc6dbc,Clearance,0
3869253,503a5be1-0732-430b-847d-8db83fcf59c0,Clearance,0
3869253,e068b374-281f-4056-b458-8ca328ebbf8c,Pass,0
3869253,735e827e-ad4d-4a6c-a879-5c8131fd5f37,Pass,0
3869253,eed664c3-ab87-43fd-ad75-c08475e219dd,Pass,0
3869253,d875b6b8-cb4c-4b40-92d8-06d134d33353,Clearance,1
3869254,a48f8120-f3cd-4551-aa1a-d0934fa7ca83,Clearance,0
3869254,0e007f2f-e88a-432d-81d7-c4d13741a227,Pass,0
3869254,0c1dd981-395c-493e-a107-36cb9c6a9e9c,Pass,0
3869254,9e65cc2f-ab78-40d7-b94f-d0e0fe5a623c,Pass,0
3869254,4038853d-9264-4ffb-8ee6-3246c6dacd48,Pass,0
3869254,d80f4cf5-fd92-4810-9161-fcb9d8898a02,Clearance,0
3869254,8a3bfcdd-ce5a-46a7-8fb5-22a7dea6a132,Pass,0
3869254,af70c018-2b33-49bb-aea2-7b26a44a5adf,Pass,0
3869254,c3768cbb-9ed6-4693-a875-6f64933a912e,Clearance,1
3869254,0dec225a-db58-47c8-863e-c06c13a7faf5,Clearance,0
3869254,5a2e06a0-d2f1-4878-8ff2-0138865cbbb7,Pass,0
3869321,0bdebc81-7ce5-45e4-838b-e343005a298b,Pass,1
3869321,8be4cf4c-1219-448a-8d54-a22a92023ec1,Clearance,0
3869321,5b94f481-b986-410e-9eef-53f366eb0c63,Pass,0
3869321,f9389d64-eece-4833-b27c-5a5c3e24baa4,Pass,0
3869321,abe5f41b-1b9a-4d1a-bce0-9bd1667d5116,Clearance,0
3869321,2402aca5-0e64-44ef-9869-111a4d905d56,Pass,0
3869321,82ce5c73-6304-4bc8-a0d7-1db46232ef78,Pass,0
3869321,2eaf72c2-5e19-4466-ae87-cc5ba9e5ae9a,Clearance,0
3869321,abc10a72-8b9e-4fc6-b8cf-931f452bbe31,Pass,0
3869321,8848e6ee-6d35-4b95-8aa6-08030e6fe9f6,Clearance,0
3869321,d9f61d39-c871-4e70-a66f-80f4109aeff0,Pass,0
3869321,34500e95-8d8b-4c43-95c0-3a5c5d2d6af6,Clearance,1
3869321,4b846980-047c-4ca4-8d3e-d20f8d38460a,Pass,0
3869321,47263558-db68-4433-914e-99b6e36c84dc,Pass,1
3869321,eee191e9-df86-4fec-9bd2-8da1c1f0ddec,Clearance,1
3869354,e8615146-b8a3-491d-af67-c47358de9ba8,Clearance,1
3869354,047e3d64-c1d3-4f91-9a27-d1e817f0837f,Pass,0
3869354,e20314ce-04eb-4cd9-a4e8-d7c3a7d22919,Pass,0
3869354,144fbb92-4f04-466e-a7cd-3488f633b5d7,Clearance,1
3869354,ddf656e0-37c7-42a9-96b3-3ed3a6825fc8,Pass,0
3869354,30e5fc4e-0f2b-4305-ae77-09622cd214e8,Pass,0
3869354,a829f868-0252-4e9e-ba76-22fdb2d092ff,Pass,0
3869354,41840bf0-baca-4aea-84ec-beba00b2ae04,Pass,0
3869354,ac6c987b-44a2-46c5-b607-515e3031e8d8,Pass,0
3869354,db05188f-08db-4d26-91ab-71dd97eed4a6,Pass,0
3869354,1e4799f5-43ce-4da3-97f6-09a55d88bd4a,Pass,0
3869354,e8546380-a578-4a20-b11a-aad4c5726170,Pass,0
3869354,7ae9c17c-f058-4143-9a17-4dcfbe8267ee,Pass,1
3869354,341a1fb3-c9e9-4fde-a4c3-b97a3e77ead8,Pass,0
3869354,287e83dc-8fb6-4d04-b605-e5073c3c84f2,Pass,0
3869354,630410f7-67f6-4be9-b48b-9bb9912763ca,Pass,0
3869354,f6b38931-aba7-40c7-ac88-c85505807812,Pass,0
3869354,8d566bd3-ace0-4813-878d-abaeb5c5730f,Pass,0
3869420,d5369ae8-7a8a-4e85-8679-1f6ca3de818e,Pass,0
3869420,188acbac-c604-4a35-83a8-91c2465c98d2,Pass,0
3869420,8bf9fb29-7574-4520-a433-18ac599d63b4,Pass,0
3869420,8f66b65d-cd63-4ca7-bd55-12c26f75fe15,Pass,0
3869420,bbf3b207-095a-48fd-a440-76ffddd1dbfa,Pass,0
3869420,946d168a-14b7-4c67-9fbb-ebd9bbf7d8cb,Clearance,0
3869420,b27ab156-21d3-4636-a2dc-333ff07d1589,Clearance,1
3869420,1a36dd14-067c-4a47-b50b-e32212af19a0,Clearance,1
3869420,56b897db-2e51-45ef-a833-cb8df3510dc8,Clearance,0
3869486,e857db7f-85ae-45e4-9539-23963b8c8ed2,Pass,0
3869486,5566e6be-63e1-447d-9637-709b643ab7f0,Pass,1
3869486,30d5a259-9769-4376-89fc-2fadd52818d0,Pass,1
3869486,9cf4c1a7-beff-4b2b-97eb-acb4857dd9a7,Pass,0
3869486,e6dc7d8a-d75f-4049-8284-1bffdff679b4,Clearance,0
3869486,fac77a70-7fbe-4aa4-9897-82fae69764a8,Pass,0
3869486,a7d097c5-3625-4610-8434-55b31cf1ab08,Pass,0
3869486,18b6c3c4-0ed6-4f97-882f-442de5d14e2e,Pass,0
3869486,6490381f-411a-484c-b0e7-fb885d1324d7,Pass,0
3869486,1426c2a8-4529-4392-9f15-3a714fe07ba5,Clearance,0
3869486,2cb0ee91-5ad9-4409-833e-a0d2d6e52be5,Pass,0
3869519,c520c2ef-6d95-4115-aa6f-36b706e88acd,Pass,0
3869519,068513e5-6ac2-4d8d-a00d-cead88217cf8,Pass,0
3869519,9b22def3-10ce-47be-a585-3045ac117516,Clearance,1
3869519,6fad1ddd-bd29-40bb-ab02-3c0695763040,Clearance,0
3869519,4280aea6-11b3-4d7e-a659-49d748344b23,Pass,0
3869519,f39e843a-ee80-4254-a6d0-246fd0411152,Clearance,0
3869552,8239afe2-d435-420e-a41e-cff46a6a7ec3,Clearance,1
3869552,cc3a011b-6742-4df2-a6da-8c06fd29ae27,Pass,0
3869552,fc1ff593-1181-403f-82d7-a14bcf5ab6bb,Pass,0
3869552,d54ed379-6fd2-4ad7-8401-bdad31e18c0e,Clearance,1
3869552,4f953f2e-65a2-4a04-b416-ea50abed6a59,Clearance,1
3869552,b9499a7b-3d27-439b-a59e-976d038e3c36,Pass,0
3869552,83ba0aef-ca0e-44e3-ac66-6d634c2601f1,Pass,0
3869552,435ed373-6698-401a-bf51-a856e1adf3f0,Pass,0
3869552,bd295f0c-b8ff-4f38-a362-d7c5858c42fe,Clearance,0
3869552,536501ec-0822-47bc-af78-73989cda77fb,Clearance,1
3869684,b2570717-89e3-4066-a789-5c1b44cb2ea4,Clearance,0
3869684,eb5fcdd5-a3b4-4a88-9b3e-877e9f2b0910,Clearance,1
3869684,76cab884-c51d-44b3-ab83-a90fb8c6cd81,Clearance,0
3869684,8ec8d9a2-db27-4a58-aea0-f0ad402b04a7,Clearance,1
3869684,932e2dd2-f791-4b3a-ba14-d456124aadff,Pass,0
3869684,0222761a-240e-4eba-a797-c5719b023c1c,Pass,0
3869684,885bfd8f-f6a7-4c98-929d-b353c03c76a7,Clearance,0
3869684,2d4242c8-85fc-4d55-a103-969206b81f82,Pass,0
3869684,3dd00261-a86f-4358-89ec-f4a19aa6e1f2,Pass,0
3869685,4a9bb124-9586-47b9-91ea-f36b8f84fbd0,Pass,0
3869685,2f828f48-9e9f-4305-9dde-8a20ba48391d,Pass,0
3869685,a13637f8-0311-41c1-a5e0-043a5d7539f2,Pass,1
3869685,a2890655-03a2-4098-b820-03133790f716,Pass,0
3869685,f6facad1-92eb-4fa8-95cd-1aa1f20bec49,Pass,0
3869685,974a316a-e759-4389-8eb3-ae7c7fc37c4f,Pass,0
3869685,23b5f45d-7557-46df-9be0-7bf98e232b97,Pass,0
3869685,472c13d2-1d5c-403d-8d40-422df81964d8,Pass,0
3869685,d025f93d-7829-442e-9df3-4450bd0b487e,Pass,0
3869685,61e41a6a-9bc5-4f55-966f-bc7d14496bf3,Pass,0
3869685,d98e3862-2d25-4b7c-92e7-0eeb3525a6e9,Pass,0
3869685,8dcd6421-1848-4935-ae2e-a355ca7491b0,Pass,1
3869685,c8097998-0708-4718-8d1f-f35f045f916c,Clearance,1
3869685,45809e76-264f-4355-9afe-404e59110c66,Pass,0
3869685,01c6e5ae-c1bd-40ff-bfb1-e03d6b3f751d,Pass,0
3869685,8f2f8b79-9f53-434c-9489-75053b94de4d,Clearance,0
3869685,c33ce821-3746-4c39-8550-9684e066f61a,Clearance,0
3869685,d8d81581-599b-4e57-9126-234b4f8fe5ac,Clearance,0
3877060,681cd5a4-5494-4bd3-b533-c1d7519b2a2e,Pass,0
3877060,a6839ab7-3e0a-4b32-b04e-9ce367c15fb0,Clearance,0
3877060,5b944b2a-78dc-4ed2-bc5d-bde7495a4f5a,Pass,1
3877060,04189262-0a3b-475c-a815-eb46e649c0bd,Pass,0
3877060,be938d86-49f7-4d45-8693-db42682113d6,Pass,0
3877072,13625adf-7d4e-4a65-918c-a114838dcaa9,Clearance,0
3877072,f3fec1ae-388b-4a1b-a675-32d5b38e1742,Pass,0
3877072,61bf980f-09ee-45f7-9046-67df111efe77,Pass,0
3877072,5cb948bc-4d7b-4a95-868c-6bfff91c3018,Pass,0
3877072,0dedd4e6-bf99-4e6d-9359-cb0eb362e50b,Pass,0
3877090,7884ce1f-53f2-4143-97c6-607d876c1b95,Clearance,0
3877090,5c0be0cc-6acb-410a-98bd-982a756c4e70,Pass,1
3877090,bda0c30a-507a-455e-a50b-2e4c3cf355ab,Pass,0
3877090,c4688711-42c6-4385-a44f-bbb51d477777,Pass,0
3877090,54b60497-d690-4053-bf65-f931cbc6345b,Pass,0
3877090,44e60faa-0917-46d4-94c1-3a03ed969652,Clearance,0
3895052,5bc87cbd-db36-4bd5-a4d7-c07ed5435238,Clearance,1
3895052,14022cd3-9728-4cd7-98bf-0f2f9d427d25,Pass,1
3895052,1e3d2cbf-b9a0-43fb-9835-69821e6187af,Clearance,1
3895052,12032632-440e-43e3-b77c-4d1b637d223e,Pass,0
3895052,721dbf0c-a4a6-477b-aeeb-7a35b74ea48d,Clearance,0
3895052,fee18b35-b7e9-4b88-becc-ffe086391ed2,Clearance,1
3895052,a8aa1263-3b1e-4640-89e7-434c09d27f53,Pass,0
3895052,87adc7d5-af93-461c-8e37-44fb0e8dd4ae,Clearance,1
3895052,aa159657-303f-469b-bf5f-6995d7849a0f,Pass,0
3895060,2da5d3ff-deec-4d16-b866-8a7d1fbb93e9,Clearance,0
3895060,d0c874f5-c964-4141-8b5a-b4603dc98153,Pass,0
3895060,adc6b847-abc1-4e9e-a5a6-ad44f825f339,Clearance,0
3895060,82660486-852c-4364-a51f-2391d50fa19c,Pass,0
3895060,89be9981-038a-4943-83fc-9fa363d16c17,Pass,1
3895060,e7cdba66-17bb-4b20-b6b5-bb88749b2cf6,Pass,0
3895060,7b27d54d-2844-4a7d-b66b-5f11e720c9b3,Clearance,0
3895060,114f7913-a9e1-4102-90fd-82354bb18142,Clearance,0
3895067,c8095c62-7453-463a-8f11-f45a07e2d6a1,Pass,0
3895067,d53c3462-aa56-4d95-ab95-6ee2d4f78636,Pass,0
3895067,52986c02-91fb-42f4-b028-11b2249bc4c3,Clearance,0
3895067,9336ebff-4431-482f-82f1-87c0b5d537d6,Clearance,1
3895067,197b6b1c-7042-4533-88e8-5925aa9009b7,Pass,0
3895067,3e32b46d-319e-4f22-b480-4c451554d3b6,Pass,0
3895067,92be6eb9-d6b2-4e4d-a22d-ce52ca29f207,Pass,0
3895074,05f4b123-540f-4b43-a68b-46fc44a2574b,Pass,0
3895074,caf9d3b6-4396-4fd3-ade3-59f5ebb3242e,Clearance,0
3895074,e2d7850e-5c42-4d79-ab4a-91e3e16f1963,Clearance,0
3895074,9f078c9f-f9c8-4c61-a0f8-76c785b1505e,Clearance,0
3895074,0f453a95-33f6-4317-824c-8e9bb80d9372,Clearance,0
3895074,9dc77579-156c-46b7-909a-a8baeaa53ba9,Pass,0
3895074,fed69d20-832f-4646-bc1e-3061d0ee2808,Pass,0
3895074,569b9cdd-bd9b-4cdd-ae8c-90341b882a94,Clearance,0
3895086,99e0c535-eb27-4263-bf0d-fd14f94b5f6b,Pass,0
3895086,d0793566-ef87-45a9-b8df-39566408c616,Pass,1
3895086,204ce650-e358-4dae-8133-812385cafcf8,Pass,0
3895086,c66252f8-1a6e-4614-b93f-db30aa11e1cf,Pass,0
3895086,d8bd1268-8bda-4ecc-b304-7e242affda6a,Pass,1
3895086,84aab3d0-f43e-48d5-b000-4d4db6186b5f,Clearance,0
3895086,94646ef6-2409-4c0b-a3fc-764b2a57547d,Pass,0
3895086,51220982-70d9-48ff-aa37-46923f081464,Pass,0
3895095,48ae3e9b-f068-4b72-8c89-64d3fd6673db,Pass,0
3895095,0f08928d-929c-417d-9c32-4b22b7ff172f,Pass,0
3895095,4e4fcbbe-c87b-441d-ac67-ee53c16fd4f3,Clearance,0
3895095,98c5c877-343b-48be-9024-22a2bc3081dd,Pass,1
3895095,893e6d7a-38d0-4b64-ba6a-fe71c2701a6d,Pass,1
3895095,0be15f0d-8183-41b6-9d8b-22050d364103,Pass,1
3895095,4191e82f-8c26-43a3-93a6-19ea2f767262,Clearance,1
3895095,5c0360d8-451e-4fcd-8858-cc8d37ebff14,Pass,0
3895095,74dcb29f-ff4f-47d2-80ce-81c7021aebff,Clearance,0
3895095,10dc32aa-1350-4762-85af-d1a6430c6eae,Clearance,0
3895095,57032d0a-fc7c-4ad4-a505-cbfdc996b10b,Pass,0
3895095,242f77a6-c15f-4648-a036-6a5dc7af67aa,Pass,0
3895107,20619fe5-acd9-4561-b937-977ea2e815a4,Clearance,1
3895107,44d96b24-c305-47a9-824d-c1f6a1a2103f,Clearance,0
3895107,046f7eb2-5db8-4b97-be22-ec582ea685a6,Clearance,0
3895113,4d5b7fe0-e201-44e0-ab8c-2eb1d49f5caa,Pass,0
3895113,62a5dbde-e7ca-440e-b34f-c0d5cfefdeb9,Pass,0
3895113,a8ac3088-18ce-4640-b22a-9cafa45ed967,Pass,1
3895113,42fd20cc-f6c6-4675-8f36-f414728f7590,Pass,0
3895121,5b4be5da-e353-47d1-9aa2-e412034a7cc9,Pass,1
3895121,aa38c8ab-3054-4feb-b80a-3a75252713eb,Pass,0
3895121,ce0e27d4-cb12-49dd-bcec-2b7a7064b20e,Pass,0
3895121,d7a20bc3-a51b-4203-ab8b-281a905619be,Pass,0
3895121,1c7fccce-97c1-42f4-8541-d17e602d15c3,Pass,0
3895121,7097c48f-7a8a-4eef-b86a-feeb1d06acd0,Clearance,1
3895121,3c36f9b4-3d08-4f2e-acc8-9404d96a48e1,Pass,0
3895121,12017c27-c9b5-4e7a-b211-9da43f6d49c6,Clearance,0
3895121,3713f8c8-de47-4479-8cf5-a35212fe779d,Clearance,0
3895121,5f063e61-cafb-4a6e-b4c6-b4b231b04fed,Pass,0
3895121,216c0326-a3c3-4eab-a94e-6e85508af9e1,Clearance,1
3895121,586b4154-fd61-4091-a39b-93eeb1389895,Clearance,1
3895121,acdc0884-057f-471b-b7ae-59efb6ef7510,Clearance,1
3895121,b4e490f4-44a5-48ff-948a-3787e7530c83,Pass,0
3895121,925c5048-5747-4943-a736-6f40178770c4,Clearance,0
3895121,7386b9eb-f0bf-4fc7-a31e-ac1f37f80811,Pass,1
3895121,a409b937-5973-497b-a10f-bb047f089954,Pass,0
3895134,4f0f9b3d-3bb1-486d-bb22-809466ef54b1,Pass,0
3895134,27dee45d-5bac-4f7d-9878-7e63ba1cd287,Pass,0
3895134,303a74dd-c324-4ce1-9811-265f5310ff29,Clearance,0
3895134,1efae366-46a1-419e-a8cb-143287216232,Pass,0
3895134,91608f55-9433-46b2-9561-ded1f812efd4,Clearance,0
3895139,c63318db-5d9d-49ed-98b8-3b7ed707746d,Clearance,0
3895139,dcdfdd24-c6a3-41ce-bc50-bb9a0abd68ab,Clearance,1
3895139,c82bab5f-58f4-44a9-a5f9-e59c2ce51aeb,Pass,0
3895139,0e94103e-2cb7-496b-a203-66ab77857e02,Pass,0
3895139,32ba1a79-5c7a-4bff-8a13-3363f6a5f0c9,Clearance,1
3895139,f5966cba-1a34-449f-8bb5-84e451eaec71,Clearance,1
3895139,c68ffad7-fbe6-4b3d-9f57-3f622a95456d,Clearance,1
3895153,df080d16-539e-4e7a-b2f7-6c9e8739b8f1,Clearance,0
3895153,1dcea3e5-7abf-48e4-9526-17a9e583892f,Clearance,0
3895153,db189770-c03a-42c5-816f-20d724609380,Pass,0
3895153,3de9513a-e580-4a07-b59a-21963c43f037,Pass,0
3895153,dc885762-99fd-45ec-a1ea-fc6e889a2394,Clearance,0
3895167,010f5e91-ac23-4435-82fa-e1ff63d55460,Clearance,1
3895167,693280ec-581f-4a62-a9da-11cae82e3ded,Pass,0
3895167,fcf7febd-fb70-48a2-973e-36543e8ec4fc,Pass,0
3895167,013acbb0-f2fc-4b82-af4d-ff430d287a07,Pass,0
3895167,e42a8a00-3c42-4a31-80af-b4f7a65ab9b8,Clearance,0
3895167,3c98ad48-5857-4e99-b599-90fb9161080e,Clearance,0
3895167,f7f191bb-10cc-4a53-91ce-57136f592ee7,Clearance,0
3895167,7e3e65d3-90f0-4213-833a-6b23417a1b50,Pass,0
3895180,4a665e5f-7478-472a-bdbc-9a2b0269462a,Clearance,1
3895180,f1c90805-ac3d-4640-9506-843054a9788d,Pass,0
3895180,43488035-b330-4e9b-9f41-d30b86e37c63,Clearance,0
3895180,0697560d-422e-4c73-8b14-5376a83faa08,Clearance,1
3895180,0a243a50-e792-4413-b44c-ef1385f0c7fd,Clearance,0
3895180,02cc7cb4-99d5-4560-8c07-cb09fe21ddc4,Clearance,1
3895180,0d51a239-ccfe-4385-835b-6ef6b5405b75,Pass,0
3895180,522e3e78-e8ca-4e4e-920d-504c9c66bf7b,Pass,0
3895180,4bd400fe-547e-4d83-9dd4-5406110d9e8f,Pass,0
3895180,040c6151-3c50-492b-b940-6c65f18fa4d9,Pass,1
3895180,d96696a5-da1c-4569-b595-0fd036a59783,Clearance,0
3895182,06b79f05-dd87-48ba-a7f9-e290da2ea8ed,Pass,1
3895182,17e409fd-ee43-40c4-aeab-cb230f0081a9,Pass,0
3895182,ea9aa5a1-52b3-49cc-b5c7-6362b84c5aea,Pass,0
3895182,3b26138f-476f-4bbf-a69a-58d174910d21,Pass,1
3895182,f9edbecb-49be-42c9-95b2-954c14168f43,Pass,0
3895182,4ab8b0e6-d4e4-4bb8-9116-98fb750fa5e8,Clearance,1
3895194,7b2e10d5-88a9-483b-af3e-16c77dfe3d38,Clearance,1
3895194,11fa74b6-b0c4-4cd4-bcbd-f573d212df1f,Clearance,0
3895194,367d4448-5a41-4161-aece-f6d009c5b9b4,Clearance,0
3895194,3033c0bb-5844-4a64-823f-36a50d79c2ff,Pass,0
3895194,b1806844-52f3-44b9-94ce-aa01430f3119,Clearance,0
3895194,7b523f44-e735-4ab6-b9fe-39b93b9cfaf5,Clearance,0
3895194,ff4179df-5d2e-421f-b058-8f312853d3ca,Clearance,1
3895194,bc2251f7-4866-4272-9bd3-94bbc641a442,Clearance,0
3895194,5bbb36f6-e023-4c82-b044-4d19e83dd625,Pass,0
3895194,51abf663-d175-4cd3-ad50-acff233d9cab,Clearance,0
3895202,7be2a652-970e-4e61-9826-6ee2e2824991,Clearance,1
3895202,7518493d-29f7-4005-97ac-aa343406f767,Pass,0
3895202,2f501eb9-8032-4718-bcfe-3c50be85764d,Clearance,0
3895202,dfe13ecb-b22e-4cba-a5e5-dd964a1b2132,Pass,0
3895210,2216eb37-8f42-4fb2-bead-d60f1df66639,Clearance,0
3895210,b4c8e4a4-5c4c-465c-9bb7-841c2d5ab4eb,Clearance,0
3895210,63c52f5e-cbcc-4880-9d65-06e303334691,Clearance,0
3895210,a261dd01-d8ab-40c6-90a2-30ec05216d83,Pass,0
3895210,b6c31316-0bd6-4219-84a5-be73951928e4,Pass,0
3895210,a1ab19f5-eb05-46e1-b12a-7310cb9e57b9,Pass,0
3895210,fab32b06-a32b-4dcb-a64d-ae581da69fd1,Clearance,1
3895210,2084c580-8ac6-471b-bd31-2b4107c52a20,Clearance,0
3895220,0d836875-f935-4718-9157-8154105f4dfb,Clearance,0
3895220,eaee9b02-79d1-4741-882d-2854b7de7760,Clearance,0
3895220,668d7391-4aa3-4b69-bcf9-07659c2e0438,Pass,0
3895220,355faf6a-7103-4e2b-b9c6-31d682595cd4,Pass,0
3895220,dfbde916-1857-4567-9638-b7fe2a70d609,Pass,0
3895220,c06afdff-4c42-4283-be73-4f49e6194cfb,Clearance,0
3895232,1e83a8d2-f6c6-4672-8156-713b711f17ab,Pass,0
3895232,663ab44f-7446-403a-be1e-e25a5e457925,Clearance,0
3895232,cc006bd0-32cc-4bf5-bd3a-2e2d069592dc,Pass,0
3895232,b05ebbeb-50f1-4970-8a25-449376edadda,Pass,0
3895232,ebb4bde0-b250-479c-8d24-7494b1eff242,Clearance,1
3895232,3505e3ea-60d8-483b-9fb8-4443abca2791,Pass,0
3895232,89e2c8dc-1c0b-4205-bbc4-ccee8161149c,Clearance,0
3895232,78fcaddc-66db-4850-a884-a8b3e084936e,Pass,0
3895244,fbc1d13b-da4a-402e-86f5-5ac1a3ded49d,Pass,1
3895244,b78ff4bf-5dd8-45ef-8bab-dc2ef2138ff4,Pass,0
3895244,90c3eaa6-8989-46ce-9b80-b8af7537461e,Pass,0
3895244,d6da3b6b-ca29-41e0-8c8c-45561d0e335d,Pass,1
3895244,edac5f49-1557-4191-a31e-93caa426f318,Clearance,0
3895244,fdd8324e-5e99-4719-a353-306d72058809,Pass,0
3895244,157cf2e0-3e03-4ddc-94f1-26136ba1c8a0,Pass,0
3895244,7d647040-72bb-4b5d-8e9e-4de22e9bf791,Pass,0
3895244,b773f060-eb42-4ab9-88b7-f0a364282401,Clearance,0
3895244,b7200984-5325-4a4f-82de-4a381e119be7,Pass,1
3895244,c0063b8e-06bb-4f1c-bc91-3031c435d4fd,Pass,0
3895244,9c706be8-d05f-4440-9259-d441fccc6026,Pass,0
3895250,c1505717-b205-4b35-ac27-c9950f06499a,Clearance,0
3895250,1aeddd22-4222-4e60-91ec-df84efdce10d,Clearance,0
3895250,05eefb1c-e5df-4d91-9c8b-20d926e4e208,Pass,0
3895250,4763d3e2-8070-4579-8895-fdaed0dfcf72,Pass,0
3895250,3c74d163-12a7-467a-a561-7041527663f7,Clearance,1
3895250,ef137d06-acd3-46f4-8d77-edba7cb89520,Clearance,0
3895250,cb43adb5-99a7-42a8-b795-20298caf45c9,Clearance,0
3895250,5d501587-5c20-4e67-a1f0-202dfa63115f,Pass,1
3895250,f4b14b32-0941-47fd-a157-8fbe11d3ba70,Clearance,0
3895250,1de17e36-12b5-47cf-b48e-0b7ce8d8f20b,Clearance,1
3895250,23379fae-fbb1-4b1d-92b0-5ee5dbcd05be,Clearance,0
3895250,e086a1cf-6362-4fec-baf5-be33f2c06662,Clearance,0
3895250,c140e2d3-81dd-43d2-8c64-8842dc96b2c8,Clearance,1
3895250,90692c94-dccf-47e4-b7b0-a6c3e693102e,Pass,0
3895258,cf694685-f2dd-471a-87a9-5e20595271c8,Pass,0
3895258,01609da8-1d43-4124-9be6-5dead82513d5,Clearance,1
3895258,876cdc2d-e44a-4e3f-8ce3-b24fc5669239,Pass,0
3895258,6ce57c33-d731-4885-8304-378fe12d686f,Pass,0
3895258,1501823c-abd0-4e3b-af9a-7a31812fe6a8,Clearance,0
3895258,5fa1a5c5-0feb-4d31-a38c-f7bad47d7065,Pass,0
3895258,57774ec4-8475-4a2f-8a1b-1a6f2d8abf74,Pass,0
3895275,514b0134-ec04-48af-959d-0eef4bccbce2,Pass,0
3895275,514842f9-e86f-4213-ad65-53fe7521eb13,Pass,1
3895275,dbfef837-17f9-4031-b4d0-ef96cc1b3a36,Clearance,0
3895275,c2762cf2-6d74-491c-a060-388cac90c2c4,Pass,0
3895275,8267c10e-7406-4eb1-8acf-fb2187840d80,Pass,0
3895275,8e2dad16-b0ba-4900-a2e8-04a9f8eb9e16,Pass,0
3895275,651e025c-009a-406e-ae38-e298f20e41d4,Pass,0
3895275,5c769c5e-e5b5-4562-a235-142ff9f95ab9,Clearance,1
3895275,7ff7ad03-d574-484e-abb1-da86a481eaf4,Pass,0
3895275,767e39da-86d4-40a4-878e-fd67a099f791,Pass,1
3895275,ecfc9719-e58f-4cc2-a42a-72587be4b413,Clearance,0
3895275,bbedf337-1e1e-4b29-9cca-55b208e92e79,Clearance,1
3895275,e31a7be7-0764-4fcd-8232-73aabdb44f42,Pass,0
3895275,2934efe7-d2a8-4f48-81b6-fdb6cb4c4c02,Pass,0
3895286,597a8edc-314b-4df4-a34d-fd987928ef7f,Pass,0
3895286,562ae31d-783a-4005-91f3-275c6ebd35cb,Pass,0
3895286,925cf8e7-5945-4bba-8b40-9e2016a539e2,Pass,1
3895286,127a2ce7-8170-42e3-bd43-6e3800f29837,Pass,1
3895286,a779be1a-2be9-4ad0-8cfa-794359642808,Pass,0
3895286,fdf66722-c65e-4837-a73f-a541b87e180f,Pass,0
3895286,aabf2917-ad03-408f-bd4b-1dc2b11cd541,Pass,1
3895292,13894f82-069e-4df0-b751-7bb17df756fd,Pass,0
3895292,8ceefcc3-1231-4623-af29-9cd62a2c6573,Clearance,0
3895292,0b00d7fb-b225-4270-9a00-c3edad0602ba,Clearance,1
3895292,756e38ba-f109-4ae1-993e-232221a3c7b9,Clearance,0
3895292,90d68c41-f368-4ae0-a381-e1a0d6eafc1c,Pass,0
3895292,744594b6-1950-4a53-97fe-bb2b02cffd36,Clearance,0
3895292,840b8f90-5bea-45c4-82ab-7905db24f0a1,Clearance,1
3895302,8624c0cf-c057-4e91-a3f4-2b6892686125,Pass,0
3895302,2e814c7f-2df9-4bec-9bad-2dffe8239518,Pass,0
3895302,d980706a-ef51-4c56-9cd3-d70b0a776083,Pass,0
3895302,f3a230d8-986a-4197-b169-f8cb0221f866,Clearance,0
3895302,4b5572e8-bfeb-4cdb-9141-00c3be59e01f,Clearance,0
3895302,d7d5c29c-3398-4d2c-95e1-82beaea83686,Pass,0
3895302,bc314377-a11f-40e8-95c4-8c3e116c57ef,Pass,1
3895320,4ba1d361-45f4-4cee-9c1d-0688c30f9d1f,Pass,0
3895320,68796266-8322-4971-98a5-8dfa293a0b50,Pass,0
3895320,12b495b2-ef68-4b0e-b4ec-aa1b732307e2,Pass,0
3895320,f2bed22c-228a-422b-95e3-c86dfa2a75c4,Pass,0
3895320,ebc78cb3-4406-434c-b33f-3d6938db4883,Clearance,0
3895320,732cde21-259f-4fd0-b1af-9d1772ce9ee8,Clearance,0
3895320,61852f9f-47a3-492a-84f6-b24b06da52dd,Pass,0
3895320,14e353f5-1e29-4387-97e6-e6cee1205bc0,Pass,0
3895320,60cd30b2-fb17-4e41-ac7a-0a99caf8bc51,Clearance,0
3895333,42f96706-6b30-4c39-b42a-17a1ee6a0aec,Pass,0
3895333,47deeaa9-a8e2-48d5-8064-a0f8e75cad81,Pass,1
3895333,2304c583-6d69-4763-95dc-0ddc610d9c08,Clearance,0
3895333,baf79937-0dae-4de1-8e68-b052e1ccfc92,Pass,0
3895333,c297df22-162f-4c23-96f5-77b5e606fad2,Clearance,0
3895333,2880ef44-0530-46fb-9e73-ada6aceed0d6,Pass,0
3895333,6dad95e6-8096-4cf5-91f7-9113b3c9c1db,Pass,0
3895333,1b7291c5-7b7b-4cca-8ef1-26445ece5441,Pass,0
3895333,72eac4aa-31bc-4251-8fea-6ccece18ac7c,Pass,1
3895333,ec1b0617-4720-458f-a2f2-65329e26e6c0,Clearance,1
3895333,ccf76c64-842f-4265-a107-f35b603de19b,Clearance,0
3895333,c8e9029e-15e9-47ae-b5b3-f32f217abbe1,Clearance,0
3895333,301bfb5c-e0f7-4254-af19-c7530d1e8478,Pass,1
3895340,b3870177-1ada-4b38-9e73-dc0cf2fb6c6a,Clearance,0
3895340,fec4f89b-8edb-458c-89c3-b1217b565bab,Clearance,1
3895340,f7c07b9b-2c90-493b-8d49-6e6b48d614c3,Clearance,0
3895340,9d39f6a0-4f03-4695-b5be-a05d6a65b70d,Pass,0
3895340,c0d09f57-7cf9-475e-bf21-539a41f00e4d,Clearance,1
3895340,295caefb-105c-4230-aaba-b79d3b7b9253,Clearance,1
3895340,f2637177-437f-4e2b-a261-68c274d222e4,Clearance,0
3895340,c389fcd0-c11f-469d-aca0-12dbfa86abf9,Clearance,0
3895340,f2189c6e-c9af-4a53-a28f-750113c13157,Pass,0
3895340,0d68a088-38b1-417c-b061-4053398b4031,Pass,0
3895348,f45cd73d-a4c5-408f-b3f0-aac35dff8909,Pass,0
3895348,5de8d802-cd5d-45d4-88e8-9c3882223562,Clearance,0
3895348,85ad660a-e185-48ba-8ef2-07b585f040bd,Clearance,0
3895348,80ae0b4c-ecf7-4cba-b958-e1656fc6ff52,Clearance,0
3895348,ef98887b-5517-4028-b05b-24076e659d78,Pass,1
3895348,8c694827-0f25-477f-b0d4-1e9532e6f221,Pass,0
3895348,ca11809e-c132-4579-a1a6-c6e4ca6d3956,Pass,0
3895348,afdeae2a-de4e-4edc-a745-d6ab7a19ac95,Clearance,0
3930158,c4ac0165-7761-4f4d-8d9a-ad93374b8fdf,Pass,1
3930158,c4b88ebd-10ee-40ce-b1c2-88e83bfd50a7,Pass,0
3930158,4759cebe-e58d-4bb5-80c7-8bec232ab77d,Pass,0
3930158,d80b5a88-59a4-47bc-bca7-0fa51d7537d9,Pass,0
3930158,6a746bb5-1d3c-4f79-8e29-8b9e76ba27db,Clearance,0
3930158,8e898655-c23a-4d4f-8d87-d1f0c8dcdebf,Pass,0
3930158,455f5889-1e09-4da8-8c47-9b0dbda50eb2,Clearance,0
3930159,b4f5fa7b-ad04-4275-962e-14dec26b968a,Pass,0
3930159,4db5698b-60ac-433d-bebf-4c4cd9869811,Pass,0
3930159,176f3ddb-7c91-4f1c-bad3-615963b0b146,Pass,0
3930159,1bd31edc-1330-4ede-80af-6afa2a22a54c,Pass,0
3930159,96db74be-129d-4d08-8b13-703ebb6a4566,Pass,0
3930159,47633993-e87c-42bd-8844-594ecf0a70a8,Pass,0
3930159,3c89bbb1-0e6b-4547-b58c-a7e50bfbed9d,Pass,0
3930159,b869e663-4b2d-4db9-a0af-4373558942d4,Pass,0
3930159,56d6635a-bfc0-4410-8796-5dc7ac17eb2b,Pass,0
3930159,9f8996b9-17f5-47af-b267-65915a542ec8,Pass,0
3930159,b463a140-738d-4960-b8cb-3e9fa22fc4ad,Clearance,0
3930159,56db71c0-d275-4403-b988-fbafd7c2a0c5,Pass,0
3930159,a11b3f68-779e-4119-b61e-96a2f3f184ac,Clearance,1
3930160,7fdb6753-1044-401d-8ebe-185db3dab512,Pass,0
3930160,1ec623cf-bb30-444f-bdcd-1f58b5c0b158,Pass,0
3930160,aa9c3b4f-2238-49d1-9bd0-678aac808dda,Pass,1
3930160,3874da99-0276-42e7-8291-973d15c5ced7,Pass,0
3930160,64a81c0c-c3f7-4356-aad2-f1dce38584ef,Pass,0
3930160,9913a5bb-0568-4c0e-ab66-0227ba54b2fd,Clearance,1
3930160,a305f833-041f-4515-a424-b5df6f484a60,Pass,0
3930160,971884c8-02f8-45d4-af2e-10a8e7c90370,Pass,0
3930160,ee322355-3ec5-49ea-9fb2-8aa44e6eb848,Clearance,0
3930160,6418978a-cc4d-4d45-80c9-c6941a3f5490,Pass,0
3930160,85acf046-5935-4900-ac45-1772a1e97802,Pass,0
3930160,d4ed4d31-9bfd-4915-8fed-5f4029f0cee3,Pass,0
3930160,c6772020-0247-4852-96e8-a880f575ed0c,Pass,0
3930161,34f74e79-0c0d-402e-bd3a-cc338b63b02d,Pass,0
3930161,b74848de-e2c6-4623-b3c4-25cdc28f0d83,Pass,0
3930161,ac251821-bc2f-478f-af7d-99da2bcc89b2,Pass,0
3930161,0e984600-b734-4dc6-8b0c-cd1fd5a2df2c,Pass,0
3930161,1a502d51-c693-47e1-b0ed-7e9d721b140d,Clearance,0
3930161,c90e8f78-8217-408d-a4bb-4b6eff1fbf3f,Pass,0
3930162,9bb215ad-592a-4391-8c52-554e6ae52149,Pass,0
3930162,6cc7f653-9509-45c8-9f01-2dafae037882,Clearance,0
3930162,fb9d590d-4eb1-4004-97ab-a3505eeb5b29,Clearance,1
3930162,59f5824e-49aa-4dc5-b379-04744c13cf31,Pass,0
3930162,cfc6f1da-e8ba-439f-b3f4-bf57cf40896e,Clearance,0
3930162,697bdf01-cc1a-4e2a-a239-126080cef15f,Pass,1
3930162,b364dee7-ca9e-4c01-8632-14835725e3fc,Clearance,0
3930162,dbebc3a0-d393-4610-bbd1-8e0cc3c9fd63,Clearance,0
3930162,43712024-5429-47e0-b46b-ab2f06ecb077,Clearance,1
3930162,592306c8-2c71-4e8c-bcc6-3b89d8a59654,Clearance,0
3930162,306090df-c3e6-4ab0-8f97-e79d6977dd56,Pass,1
3930162,fd0ba11e-818b-45bf-9ba3-cdd824978001,Pass,0
3930162,838dfd32-3a46-42a6-9775-6eab0e297c39,Clearance,0
3930163,08c1733e-cb33-4a0f-a0f6-9543b67b35e8,Pass,1
3930163,9b6f1f81-10fb-41b8-8e83-8c9c03bce7d9,Clearance,0
3930163,56eca593-3abe-445a-b065-c62c4de08c3c,Pass,1
3930163,6570e76b-eb9b-4fe9-8449-0cd2a558e7c4,Clearance,1
3930163,9e0ab80a-2bc0-462b-bfb9-895d348ba599,Clearance,0
3930163,ef0116e1-54a3-4c17-990b-4d7b26297cd1,Clearance,0
3930163,6e8ff901-53be-425c-ac92-b23282af2ea4,Pass,1
3930163,65b728ad-8df1-451d-a79e-2144ce3b8c2b,Pass,0
3930163,1145dff9-af9d-4eba-861d-35363f53f842,Pass,0
3930163,68285816-2221-4383-944d-a5c13deec311,Pass,0
3930163,5d8ee061-cbf6-41ce-a3e7-e21b1504bb66,Pass,0
3930163,e42bb842-cd71-4c88-acf3-f1ba3ea1de6b,Pass,0
3930164,7e056686-5e7a-440d-bef1-4eac143c6642,Pass,0
3930164,de0107c8-c74d-4e96-9535-71164d1fff4e,Clearance,1
3930164,b0d1818f-b749-47a6-a361-a6a7ecac7a1b,Pass,0
3930164,f1b48c3c-458c-42c1-96e6-f6c1cfaf0b26,Pass,0
3930164,6dd1acbc-6f7b-4955-a6c3-a374b6704c37,Pass,0
3930164,716065b8-d212-4847-83e4-fd39408612c9,Pass,0
3930164,efbb1b62-8977-486b-af69-2e63b00492f2,Pass,0
3930164,f78a52c3-e227-4772-98a9-6527f35c5eb4,Clearance,0
3930164,2cc092d7-97f6-481c-9feb-ad1fe04a394e,Pass,0
3930164,21d5bf8d-9b24-4fc4-b67b-5569bc308c10,Pass,0
3930165,38a9cd7d-5fdc-4b60-a858-8da16583f749,Pass,0
3930165,19ec4cbe-a7a8-452c-ab9f-0d5e83d024e0,Clearance,1
3930165,ebf88626-b722-41ab-aaab-6c3d0a47da59,Clearance,0
3930165,d1c7bf9a-bc9c-4c3c-89a7-1318e089225b,Clearance,0
3930165,376eb9d5-9f56-4ca6-a091-77bc66fee6fe,Clearance,0
3930165,95b58ea5-b084-4b19-9d63-60ea63e21c3c,Pass,0
3930165,1a4c7cd3-436f-495b-aa65-8cbad880597d,Pass,0
3930165,9b21e8b3-85a6-48e0-b65c-e8d4713a2909,Pass,0
3930165,e20a165c-7b40-4c81-9cf6-91e5835ab94c,Clearance,1
3930165,d62e5c04-5f84-4b86-a2c1-a78ffdc6cbd2,Pass,0
3930165,81da97ad-d9a0-4b35-86c0-4ff9946a0e3a,Clearance,0
3930165,ba28a318-cfa5-4b26-a9ca-86a3f38743d5,Pass,0
3930166,6ec77eda-41f9-47b3-94c6-d402f829fbc9,Clearance,1
3930166,aeb0adcd-7a1f-41ac-8dfb-dd21d0158918,Pass,0
3930166,06660113-d037-4075-9b59-b2add9eabd5a,Pass,0
3930166,46e76e45-1c11-4ce9-a163-d2ee3562efde,Clearance,0
3930166,e3a8d392-6e53-434f-a7be-848f928282f1,Clearance,0
3930166,dbf83a6d-d32d-4b8c-a7c2-a3c7e2992b39,Clearance,1
3930166,919da44e-606a-466c-8b5b-976105f857e2,Pass,0
3930166,94247803-e9ac-467b-bb68-b9168b13a54a,Pass,0
3930166,0270794c-b94a-4f3b-8671-9e0d999801b2,Pass,0
3930166,dc0fa7dc-4d2b-49c6-bab9-e7cc6eeb073b,Pass,0
3930166,7c6f732e-6c58-418a-8994-5b408ac837c5,Pass,0
3930166,b71bcd74-b9c6-4703-92c3-cb4d3797b61b,Pass,1
3930166,a7c443b8-f623-49a4-8891-6ef7f10bb09e,Pass,0
3930167,bcb23c21-41fc-4bca-956e-61a12ddc63d7,Pass,0
3930167,d8d9a855-8742-4437-a689-f796110708dc,Pass,1
3930167,5869629e-f9cf-4f2b-a824-3d6dde7ab0bd,Pass,1
3930167,b52ad4a7-8a2c-4584-983c-79b88a1ad9a6,Clearance,0
3930167,120ae5e3-c999-4d7d-9cf6-8679d857d59b,Pass,0
3930167,ba1d81fb-6678-46e1-98cf-31bae91f70cd,Pass,0
3930167,db150176-92e5-414b-895f-1f6011e51bd6,Clearance,1
3930167,a51698cd-4b06-4579-b608-7d85d8fa4bc3,Pass,0
3930167,cc72d7a0-6623-41ec-98f1-405dfc65ac18,Clearance,0
3930168,ef2a634e-13db-4a10-b293-6d335956a44d,Clearance,0
3930168,29dee8fe-be1a-4910-ba4a-2389e313b355,Pass,0
3930168,702be352-51f0-470e-af1f-aab6b13a8920,Pass,0
3930168,e0e93447-ad6d-4849-8c00-0d2d7ab40c33,Clearance,0
3930168,ad9e5bf1-d900-4cab-ac85-ea2d26f04eb7,Pass,0
3930168,3c8361ad-d934-4753-8462-becc94bfa76d,Pass,0
3930168,d52fb405-360f-4e3c-b849-50368a4a4e75,Clearance,0
3930169,d0fc0b19-c568-4d02-ae9e-8df6fba662f5,Pass,0
3930169,90685a71-41b5-44e7-97ef-c7570d77b9d1,Pass,0
3930169,aa77bc76-44b8-4f84-888e-0ee8f9ba2290,Pass,0
3930169,2dcdf7b2-ae9d-4678-bdc5-d750a787f3fa,Pass,1
3930169,8330bee8-cb47-4b84-a312-4b57f771e5e0,Pass,0
3930169,5b9b43d8-1aed-4d5d-af01-3defa17178cc,Clearance,0
3930169,da03e59b-c12c-4833-a5c2-6881742b1e94,Pass,1
3930169,7d3e367d-9b99-443e-ba18-62d9d269226f,Clearance,0
3930169,44384760-74c6-4a6d-bd0d-a1dd1f7e38d8,Pass,0
3930169,7807e25c-2b2e-477a-b4ad-b70bbc837266,Clearance,1
3930169,1dfb7d30-19aa-44af-bcd6-d9560cd35382,Pass,0
3930169,68123277-f60c-49bf-a7ca-6c297e9d9e82,Pass,0
3930169,9dea0ed7-a88e-4ff0-b853-7885228197d4,Clearance,1
3930169,c387d5a8-c1ba-489a-9ef4-daef512af7f1,Clearance,0
3930169,1f2678a8-37c7-4e93-a593-ede6f3a56275,Clearance,0
3930169,1132d918-5f67-40fe-b0d8-0a085351e076,Pass,0
3930169,fb02d113-b3ea-4b05-b401-4bc8255cff86,Pass,0
3930169,7d799f9d-cbe4-4ed9-aadf-89d7be180af2,Clearance,0
3930169,ceccdaa4-4e8e-4819-a4a8-1672d6ed4700,Pass,0
3930170,3e690917-7f79-43f9-988e-6fe4955bd0c9,Clearance,1
3930170,6b8ac496-1b32-48c3-8d1c-752c16940f7a,Pass,1
3930170,04367b2b-88b9-434d-9f18-ac4438ffa7b5,Pass,0
3930170,d4945513-768d-404d-92ab-1489fc2bf763,Clearance,0
3930170,5bc7423c-6956-4163-b326-b4ab31bef97c,Pass,1
3930170,8f270e72-a87b-49bb-b801-3de71fcac02c,Clearance,0
3930170,4ff04f14-f90d-452e-988d-2df16a891e26,Pass,0
3930170,262bcb04-2ed6-4883-b23c-6867770c00b1,Pass,1
3930170,77d30f36-e233-4f9e-891f-c5a3a605c95f,Clearance,0
3930170,4c1a16fb-5a87-4fde-8fd6-832781de4c3c,Clearance,0
3930170,ba1f7f42-bf14-4591-b82e-f952edeefffa,Pass,1
3930170,1642d00f-865f-47dc-9af5-a4f47bc2ea64,Pass,0
3930170,b8b82317-260e-4be8-8ab8-a972464b6acd,Clearance,1
3930170,eaeedccf-d76d-4f9c-bad7-bd62f1791b4b,Pass,0
3930170,946e55f6-a00d-4008-bf02-0249625377c2,Pass,0
3930170,dbe23dc4-a3c9-4243-bb2f-92b83e9daf8f,Clearance,1
3930170,abffd5cd-01d5-408d-8445-43a6f61de52b,Pass,0
3930170,c1b3841e-1a70-4ea9-b7db-b92210d5f315,Pass,0
3930170,0907e9dd-ab45-4f59-bf2a-2cf33ad11640,Clearance,0
3930171,457427ae-416f-480f-8e97-50ae33d8a2f3,Pass,0
3930171,a99e7388-7db2-415d-afd4-e8e8cea51a3d,Pass,0
3930171,7c6e2343-53b4-420a-8ffc-48e11ce52e70,Clearance,0
3930171,a7eec006-1a16-4a5c-b403-0da5f92557bb,Pass,0
3930171,772f38ab-e216-4af5-a115-4cc26a9a5c69,Clearance,0
3930171,8c71814c-7477-4a14-b50d-0bdf5621c9d8,Pass,0
3930171,3ad633ce-517e-42de-83c1-062dad9e5b41,Pass,0
3930171,4cd9c320-a8cf-4fc8-8d78-487a6d6e3bcc,Pass,1
3930171,235e76da-7877-42cb-af27-7246ef88941e,Pass,0
3930171,753440de-44f3-4565-b026-7cf475ab7151,Pass,0
3930171,b6d1574b-670a-49b8-be6b-8a4cc0cf8da6,Pass,0
3930171,9765d99e-b496-4087-9496-07c405bdebad,Pass,1
3930171,742a5e95-2224-49a0-85d9-2240949ac135,Pass,0
3930171,cbcff34d-c133-44f6-9d7a-bfa299cb9000,Pass,0
3930172,a0cee522-2323-4812-8e8f-39d9cbb506b1,Pass,1
3930172,d521671a-b933-4431-82b1-1b5ed53b5b95,Pass,0
3930172,dafc5a87-6787-4a4c-a08f-358aeda4284f,Pass,0
3930172,c8bd3fd7-656f-4baf-96d0-d44a76903448,Pass,0
3930172,c73e60c7-bdfc-47f2-8721-f14041cf6054,Clearance,1
3930172,eaa0db43-8e7f-42ad-b9ea-bd8c8fa99153,Clearance,1
3930173,5e9d35bc-2f5a-4f5f-bca7-74b234f5a8e1,Clearance,0
3930173,41780cf9-526d-4402-ba62-c975b0dffec3,Pass,0
3930174,c0733ac0-bf5e-4fd5-93e0-4b3c451e16ff,Pass,0
3930174,1e4328ec-177f-4a4d-89b6-ff35e4fd490a,Pass,0
3930174,df94c10b-325b-4679-96bd-bb96f12336af,Clearance,1
3930174,b3da2122-672d-4984-8aec-f799a89bd36d,Pass,0
3930175,c01cf4bd-7f8b-43e6-a79f-a9903a366396,Clearance,0
3930175,389fa4f7-ad86-4113-9557-db4a35649473,Pass,0
3930175,66591df6-6599-4d36-a580-da43543210e5,Pass,0
3930175,10c9ef00-4963-4c47-8189-52a99f432823,Pass,0
3930175,2c1f29c6-ffdc-46f9-ae74-c0ac383d401f,Pass,0
3930175,908c84b4-06ad-45a3-9a71-dce14aefc226,Pass,0
3930175,d56a9a8d-0f68-4d74-b158-2b7a29cd916b,Pass,0
3930175,ccb81f31-bad6-407b-8db5-29f136df7871,Pass,0
3930175,fc1f591a-5d92-4e1f-a593-97a1310c2a1d,Pass,0
3930175,6e2be166-e146-4155-b763-861a7f5efd8b,Pass,0
3930175,fe8759fe-c7ce-41df-8fc9-e2900170e99e,Pass,0
3930175,126cee5c-efa6-48ab-93e0-9193769548e0,Pass,0
3930175,1749e604-4e2a-47ee-941c-eaa0d820dd4f,Pass,0
3930175,36510ba3-45ed-4b03-80a2-3a907707320f,Pass,0
3930176,8dc4c8d3-ab27-4bc9-807f-043174a7b3d3,Pass,0
3930176,4705d18a-0900-4c5a-987e-1e1d2f14cbdd,Pass,0
3930176,32ffd2a3-9e4c-491b-bc86-1ecd6b1bff3b,Clearance,1
3930176,2468322e-87ba-4e72-b376-ed0f60aa093a,Clearance,0
3930176,7d066596-0c6e-4568-9d41-2bf677f06fdb,Pass,1
3930176,c8d9b234-590b-420d-b5fd-a689ebfc69a2,Clearance,0
3930176,70b01463-9e1c-4d8c-ae15-15335ff4f587,Clearance,1
3930177,8c1253a6-80a7-4168-8584-1598d4d5e716,Pass,0
3930177,01776784-eb37-4d6a-9cd3-cc6d2c16558c,Pass,0
3930177,5454f49c-a1d9-45a1-abfb-e7950c1b20c4,Pass,0
3930177,ea6415cf-f515-4e1a-9ec8-6efbdd8eab0b,Clearance,1
3930177,8eeb815c-7562-4a29-ba58-459e432b5dff,Pass,0
3930177,8265f9cf-9488-4834-9a69-d727720ac555,Clearance,0
3930177,ec8728f0-e886-486a-9414-2365524caf6f,Clearance,0
3930177,a24d855a-d659-4d23-b67f-62ab68df187d,Pass,1
3930177,642f7a69-7970-4cf4-ba9a-353f2f1690f9,Pass,1
3930177,6945677b-e993-4dcd-9bca-8d244976058b,Pass,0
3930177,27e14dcc-847f-4faf-b490-863bbc3ce323,Pass,0
3930177,65f5ddb1-7255-4808-87a4-ef4b7055fbf0,Clearance,0
3930177,7dcdc137-4129-4a62-bdb1-58f5c08a6c30,Pass,0
3930177,804dd0e9-57dc-40a2-8239-75d2afd15b4f,Clearance,0
3930177,df3c4f4a-96e3-4180-b031-c5917adc428a,Pass,0
3930177,14175771-befd-4a26-8938-74dbb74895b2,Clearance,1
3930177,997ba92a-a94a-46a1-ae60-505a7ad9706f,Pass,1
3930177,6186444a-1d7e-4012-9f79-5bb0121d0c3d,Clearance,0
3930177,cb2aa55a-77f8-4c16-a39e-1dae5428f692,Pass,0
3930177,8ff999e7-6a05-4952-84a8-00b1805e33ff,Pass,0
3930177,105036a1-b722-4f17-9d9e-cb4829c50aa2,Pass,0
3930177,887b9a5f-527c-444d-a422-92c7689fde4a,Clearance,0
3930178,70c4dc0c-6a93-45f1-8c89-dd4df9b5c14b,Pass,0
3930178,cfde01f3-3046-49fa-a544-7ee21d2ba5c9,Clearance,0
3930178,dba76990-2cec-4d2e-bbf4-29c3cc363478,Pass,0
3930178,5ea7958a-1912-4988-8aed-4e564dd5eea3,Clearance,0
3930178,aca0bd30-478e-4454-a88c-e4769755bc4c,Clearance,0
3930178,f52799b6-8e68-4fab-a970-332b9564af2a,Pass,0
3930178,366b03a3-3a59-48d1-82d3-8a617feb986d,Pass,0
3930179,04c52bf7-d988-4898-9974-fdad96adb4fa,Clearance,0
3930179,4bcf25bd-e527-4608-9b22-52b06abc1d7a,Clearance,0
3930179,dcd1f3eb-c529-4b20-96fc-f57c63aa0c12,Clearance,0
3930179,6ce1d2ac-d85f-4d14-9243-60eb56625c5f,Pass,0
3930179,cbb32a39-692a-4bda-8075-9dc3a280d95d,Clearance,1
3930179,e0e5cb63-95f4-4fa3-905f-bfa41fd45aa8,Clearance,1
3930179,3067933f-ed28-4542-a675-8602c1f4fceb,Pass,0
3930180,a4530695-00fe-4427-a809-4cbddc6b4d2b,Pass,0
3930180,6c22252f-f8d7-4781-9711-a11835585a14,Pass,0
3930180,968ba808-7de3-45bb-899e-e84831a94c56,Pass,0
3930180,d038009e-c37c-483f-90f4-c534ecc4c2cd,Pass,0
3930180,83f0f86c-1128-4ce5-bb12-9c1f3a93ea42,Pass,0
3930180,56205f98-3ea5-4a53-8fc4-39a49d6a0e75,Pass,0
3930180,171ba71c-b61b-4b37-b390-be4dc3ece88e,Pass,0
3930180,75c79e44-4611-4ad1-a5f2-4178563e22ab,Pass,0
3930180,0e95a886-57aa-45d7-89e4-d7ae0da33a16,Pass,0
3930180,b6406253-fddf-43a7-b55e-282db6156490,Pass,0
3930180,4514546e-6724-457b-8ec8-6aa8425787fc,Pass,0
3930180,6075af66-b44e-45b7-b3bf-008108eb3290,Pass,1
3930181,14a591f4-ca4f-4110-868f-1095642aa4c1,Pass,0
3930181,2b594c80-ccd8-4da7-9fdf-4c6e89c99b80,Pass,0
3930181,2014dc71-cc03-432c-89f7-97bfb591db2d,Pass,1
3930181,068eb0a7-4586-468e-9787-44f2973f60f6,Pass,0
3930181,b42e14c6-a51b-4092-8c2c-d3f824e6668e,Pass,0
3930181,a1048239-2255-4a3c-84a8-68a71578c21a,Pass,1
3930181,a289e616-b856-4209-bcd0-57b1cbbc2dcc,Pass,0
3930181,7b9a1c4b-f9bc-44b4-b5cd-ef26327fb9c7,Clearance,1
3930182,5d6d3f3c-202f-41ff-8715-1500d46bc915,Pass,0
3930182,2a7dae40-3e14-4817-9a94-9126522f93d4,Clearance,0
3930182,db4612df-17ce-46bf-bf65-99c4cf877d4c,Clearance,0
3930182,1a6d820f-3abc-44e4-8cd7-01088c5dbec1,Pass,0
3930182,79cbea0e-d5e2-4c9c-a793-df1412463baf,Clearance,0
3930182,c3e2bb89-961b-4393-9cb7-10aa1bedaa5d,Pass,0
3930182,6368dcb8-703d-4a75-89f3-c072e42937a3,Pass,0
3930182,2ae38e33-1c73-4c2e-a929-02b723d549c2,Pass,0
3930182,1c96b753-f462-4522-871c-ab9720dce173,Clearance,1
3930182,9d9ba429-fd22-4a09-b09b-c97009ad1e58,Pass,0
3930182,9227cb32-0edc-4384-a819-7c55542dd557,Pass,0
3930182,0b9010d7-e80f-4f7d-b045-3d8b96d3cb63,Pass,0
3930182,4f3daea1-49f0-4901-ac83-72e2a91eece0,Clearance,1
3930182,aaa34627-3b91-40cf-9132-df53ecbe61bf,Pass,0
3930182,24562d42-35cf-4284-92c8-192031e033cd,Pass,0
3930182,1af4302f-3584-42c4-8872-49957a52489b,Clearance,1
3930183,6e328145-1cff-4464-aa9f-e8eb1155d316,Pass,0
3930183,e6360505-9efa-4b4c-a9df-a3f1b55aa66a,Pass,0
3930183,6906bb52-353f-4f53-b8b3-083e77c91008,Pass,0
3930183,92cbeb5c-4360-453c-8b6c-13b9ba92c6ea,Pass,0
3930183,d1f47da2-1684-469b-b39d-ed94fcfc672d,Pass,1
3930183,03c17eae-893e-4a80-a3c4-3b3ceacc59ec,Pass,0
3930183,ef333fad-f901-4507-8454-6d0be7515c1d,Pass,0
3930183,89cf49d1-045b-4825-8459-18c34fbb212b,Pass,0
3930183,cbf613c4-910d-4ba0-b3e6-4a0e39363d8a,Pass,0
3930183,dbebd86f-455e-4f4d-b3ae-ab87d94bdaf2,Pass,0
3930183,c15aa0e7-7274-4109-8c70-bdb93d336313,Pass,0
3930183,426dd1a1-e917-40e1-9a38-783456e3c7c6,Clearance,1
3930183,13b5f011-2e56-4230-88dd-127b9a896bee,Pass,0
3930183,0fccd748-d902-46c6-a17f-795fcc2227cf,Pass,0
3930184,68fe7fdd-93d2-4b6e-8a7e-8c5ec2c0b43b,Pass,0
3930184,a78fbaae-ab9f-4c29-850a-eb20f1162f41,Clearance,0
3930184,45944de7-3fcb-4a65-88a9-4d5c9a84ceb3,Clearance,0
3930184,7ce8baa0-4425-4be5-9e71-c25b6db24c20,Pass,0
3930184,35763cb9-d4df-4df1-b855-0f42bef1fb26,Pass,0
3930184,a3a95d08-3b2f-4288-b588-b24b31b2882d,Pass,0
3930184,03f67930-7709-419b-88fc-63da9e3b73e3,Pass,0
3930184,5852a17f-e8b9-4c76-9ac7-905e2b667a5d,Clearance,0
3930184,f3477107-61e7-4471-9ceb-feee140f7f94,Pass,0
3930184,40216536-0378-40c7-9bfa-dd977d4c81b3,Pass,0
3930184,94e1481d-7a4f-4cde-a07c-830e13dc2dc2,Clearance,0
3938637,bb801a48-4522-44c4-b8b5-e850799d1eb6,Pass,0
3938637,13fe08aa-78b5-4fa9-8a11-ef6bb7cd048a,Clearance,1
3938637,48d2c5b4-7420-4650-adb5-bd512f861685,Pass,1
3938637,d94b072e-37b6-404e-b66c-341ade52c411,Clearance,0
3938637,fcc56f55-bdb1-4186-8d1c-30ddc3d0a1a3,Clearance,1
3938637,9b2279eb-f41b-4d69-8757-d12cb859537c,Pass,0
3938637,cbaf4ead-ac33-41b5-9c85-693fd785d290,Clearance,0
3938637,7185348d-7baa-42c2-aea9-745796c1f9ce,Pass,1
3938638,3a72ad18-3bee-4164-8131-6a5e5b5a341d,Pass,0
3938638,2d80e327-d914-43b7-8559-ef793bbc0f20,Pass,1
3938638,cbac53d3-bcc7-406e-969e-64c705811058,Pass,0
3938638,78928d9b-5191-4d71-a652-dc37e89e2995,Pass,0
3938638,44c03eda-86b1-47a9-97be-24f94f7d000f,Clearance,1
3938638,62335348-02ae-4faa-a9f8-60d4c536f556,Clearance,0
3938638,05067cc5-734b-41e7-96d3-ae3d41289121,Pass,0
3938638,aed74af1-dce7-4e82-8d26-7ee30b79d889,Pass,0
3938638,a80138e9-2ef3-4fea-8661-c0f5dd142556,Clearance,0
3938638,393a2165-861b-410e-a3d4-c4a23365ae78,Pass,0
3938638,b488858b-164e-40b7-bbae-a2d2e19ffe1b,Pass,0
3938639,8717b842-df4b-4773-ae80-f77d4367120b,Pass,0
3938639,79961fcc-b479-4fd9-b067-8dcca6b20ed8,Pass,0
3938639,2ed06c72-ed1a-439f-b60e-1dcdef17f59b,Pass,0
3938639,0d8177e1-5871-488a-a1be-ef1458006bca,Pass,0
3938639,8df0ed7c-0dfd-4f3a-b662-8ac463d202b9,Pass,0
3938639,ff4783cb-777b-48c3-bceb-bc2e387a5b22,Pass,0
3938639,8f8c69bf-b7ba-40bf-be95-8944e515ecf8,Clearance,0
3938639,33d5cab7-e7b7-467f-9755-8bfd0f325c8a,Clearance,0
3938639,c8e36e52-8ad8-457c-8fca-04f19a3607e7,Clearance,0
3938639,b87900f3-fab7-429f-b687-8f021fa817bb,Clearance,0
3938639,0c1c7ba5-031f-4072-b4cb-e7a67cbe825c,Pass,0
3938639,8cb51118-9f15-4f72-a9b3-a5f5097908dc,Clearance,1
3938639,004f20b5-dae5-4cd7-bf0b-401e61fce48e,Clearance,0
3938639,93ed5add-c3ab-420f-8bac-a3bff9260098,Pass,0
3938639,0a82295c-9f2d-4032-81f8-7ed6f0624cd7,Pass,0
3938640,5215f396-d53a-4db1-82de-abe6c09f9f6b,Clearance,1
3938640,5900c59e-586e-4697-b0c2-e9bca5c83177,Pass,0
3938640,5436c65a-88a0-42e8-8f1e-3a315fc11b8a,Clearance,1
3938641,2ec4eeb2-bb24-488a-bfbd-023b63bf9664,Pass,1
3938641,bcc8ce5a-4504-4d6d-9fcf-7b788f0b58a0,Clearance,0
3938641,e22bcc45-7e42-421d-9c83-5d91b638d9eb,Clearance,0
3938641,04a2fe14-9e14-42a7-a133-22514ca34a2d,Clearance,0
3938641,63ba9970-dd25-463b-978b-86999216c39e,Clearance,1
3938641,c64fdc5d-b470-45a6-bb8e-a68a5f608cfb,Clearance,0
3938641,c3f65c10-b81d-49c1-b965-29757286221d,Clearance,0
3938641,7162a745-a57b-42d6-b919-6bddc439960f,Pass,0
3938641,923be010-0cf2-4d7d-8490-27e3e5110a5c,Clearance,0
3938641,42e71eda-da29-4fdd-9c3e-6aa28a257273,Clearance,0
3938642,980c4f50-d22f-4b17-a811-5fc65d05641b,Pass,0
3938642,d62cf474-061b-466a-bb37-867507df0184,Clearance,0
3938642,53763840-e230-4894-9c6d-2cf38d3fa7c7,Clearance,0
3938642,35c8a326-2de3-49ff-8ec8-55add0066f40,Clearance,0
3938642,34e9ebc5-2dd8-4cd9-b305-299cb5526131,Clearance,1
3938642,c1c7b270-d225-4888-a8d0-10a4ea8d1ad3,Clearance,0
3938642,0488fc9f-00a5-4149-8a03-fee2314577c3,Clearance,0
3938642,fa3f54a6-75cd-4d7d-a7eb-b1d1f40dfb52,Clearance,0
3938642,2dc0c7f6-94da-43fd-8ae2-3894133caebf,Pass,0
3938642,3be25a73-5529-4e7c-92bb-83252fd71ca5,Clearance,0
3938642,44f86539-c58c-49f6-a454-e0e09a428262,Clearance,0
3938642,4e0df8c8-0ad4-43a4-aa99-826c11fc2f87,Pass,0
3938642,48a195ed-568a-487a-9fac-6799923ddffc,Clearance,0
3938642,bce5589b-0166-485b-92f2-9670069516b3,Clearance,0
3938643,48644015-08dd-4eb6-aae8-4bea6f1a30d5,Pass,0
3938643,d0375c52-0d6e-4f76-b029-4f9d8782ec1a,Pass,0
3938643,c0da310a-1795-4840-a47c-d03c34d4b069,Pass,0
3938643,389d6424-d20c-4f04-8729-493d5f857b0a,Clearance,1
3938643,7032e077-bc7d-4adf-a5d5-b6338fd4354b,Clearance,1
3938643,786cbab4-104b-47ca-a4ea-02cb74c4b6cc,Clearance,0
3938643,416ea0e5-30eb-4f37-8dbb-92a73b34e3df,Pass,0
3938644,f9ef8b29-96a7-422f-aca9-3c3ec6401b6b,Pass,0
3938644,5d269541-ef89-4702-8580-3950bbe72af2,Clearance,0
3938644,0a90a57a-0554-43b5-9cc7-804192b32aed,Clearance,0
3938644,7cea6100-2b02-40f4-9410-a1ad5263150f,Pass,0
3938644,30e49030-9dd4-4db6-9fe4-7dae0036b391,Clearance,0
3938645,15e98114-a558-48a3-b53d-925a226d1aba,Pass,0
3938645,80c09aba-aa09-45ed-a2d6-026072e7c9f6,Pass,0
3938645,af5f93de-a07b-4c14-a810-65f6b63eefb0,Pass,0
3938645,571fc473-b123-47c4-a6b4-5b2faba9d1a5,Clearance,1
3938645,1e9013c3-47d8-4b1e-a98e-56fb2d727173,Pass,0
3938645,dd94020e-229b-463b-a4c1-7250eedc4e3a,Pass,0
3938645,9b16988d-6bbf-4859-b836-27cafd7e7707,Clearance,0
3938645,e9073c8b-8024-4b89-91a8-f073e6e3ae59,Pass,0
3938645,6a116c8d-4b3d-4b97-adfe-5328ce2d79c8,Clearance,0
3938645,bab7f3bf-3bdd-49bd-9e11-092316b04f54,Pass,0
3938645,7316aafe-f45e-4c55-ab23-b235d4555038,Pass,0
3938645,f3e63c1c-93f7-4cf5-9d03-6e667967827e,Clearance,0
3938645,59c9b4ad-40ff-4539-bcb1-2ba151b58f76,Pass,0
3940878,f468a9b4-75c3-4216-bbdd-0107aa8fb931,Clearance,0
3940878,d0bda493-4944-47f5-a1dc-023c46f6ac4c,Clearance,1
3940983,7e6be3f0-9fe1-445c-a283-dc3b2b9e86a2,Pass,0
3940983,3321220e-fe8e-4cd3-b6d2-0df435bba0b1,Clearance,0
3940983,ae8162a0-2f1f-4215-abdf-7bc8430d0f87,Pass,0
3940983,84416ce2-06a5-4774-91af-56cccfe028c5,Pass,0
3940983,87f3087e-2980-4904-ab64-379a43c2c660,Pass,1
3940983,d44d4b76-ff8a-488f-b102-a03b76f58188,Pass,0
3940983,c9b8931b-3fda-406d-9560-672cb28f7fff,Clearance,0
3940983,d7649bc3-717c-4dac-a6ac-540f37f9ef49,Pass,0
3940983,7fb1183e-3f08-44cd-a371-b7e7f4130351,Pass,0
3940983,4a6db59a-b849-4f08-972e-eeb484590faf,Clearance,0
3940983,3f65ed20-3771-44b3-afdc-ae9099584abe,Clearance,1
3941017,880bda4c-29d5-4b95-a789-7ba3f9d357a3,Pass,0
3941017,412e6a11-24ae-4e81-8498-5e31ecf4f14f,Clearance,0
3941017,25cfa59b-a30a-448e-9dfb-5e9d879e7e51,Clearance,0
3941017,7d10efab-cbb8-4ccc-b7cb-37ed10e33737,Pass,0
3941017,92f595ac-46df-4302-bbe9-8557f680d21b,Clearance,0
3941017,1f0e9fcd-07ea-4cab-8358-6aa117e3d5fd,Clearance,0
3941017,a686033e-f76c-4244-831d-4056669db4d5,Clearance,0
3941017,a9a434b3-3c30-4674-ab3d-5355e2c4fa96,Clearance,1
3941017,47e1cef4-008b-44a8-92b0-eb7ddcda6cfb,Clearance,0
3941017,ab1b1403-a21c-42c8-b5af-8ea10da0b1bd,Clearance,0
3941017,c3c97bc3-3c1b-46b5-99d3-805de137d6af,Pass,0
3941017,5306c103-f45e-4d53-9c4d-7dffc1d3160c,Pass,1
3941017,1e6297d1-2695-4f39-b84f-28ac959871de,Pass,0
3941017,3db86c24-aace-45c5-a47a-2b2660431090,Clearance,0
3941017,3e063dce-978e-4d17-b750-dcd59c0b8dc4,Clearance,1
3941017,029f7c22-48fd-462c-aef4-6b13fd0e96cf,Pass,0
3941018,a2b2b5a4-b189-4658-9221-a7a89ecdd656,Clearance,0
3941018,cf998028-ab0c-457d-b30e-c634c80f815b,Clearance,0
3941018,59084c7f-8f6b-4f21-a9d5-3705becc09b1,Pass,0
3941018,4a8118c6-0000-49b4-b0f5-67efef1b9c84,Pass,0
3941018,5b78776a-1bce-4b58-8864-a1aebfa6b13f,Pass,0
3941019,c36ec74a-ea2b-4cd6-ae7d-f7cbe226f5e7,Pass,1
3941019,1722d372-5384-4d1a-a27d-82c78526481b,Pass,0
3941019,5f949a14-4594-4f7c-bb27-2a376aa0ab83,Clearance,0
3941019,35176991-15ae-4f6a-8406-e88d805d394d,Pass,0
3941019,935223cc-0632-4931-9a50-40def29906ae,Clearance,1
3941020,7286269f-31c3-4f43-be00-4a12d1884b34,Clearance,0
3941020,15a7077b-c93a-47e4-bbfd-b7d407d1a728,Clearance,0
3941020,e193bb54-361d-4e47-b937-7fbc520ed841,Clearance,1
3941020,2700de32-97cd-4889-9587-111b25c07a23,Pass,0
3941020,46dc7275-5ac4-43a2-84ae-86d34ad34994,Pass,0
3941020,1c078545-e863-47aa-9221-52833725220c,Pass,0
3941020,c29f71aa-66d6-44a7-a42c-c4d9d580496c,Pass,0
3941020,5768068d-2f7e-4ec5-9008-f029b2bd1ecc,Pass,0
3941020,9c3fc6ec-446b-4c7f-8711-3af9b76ed4e6,Pass,0
3941020,8d888d2b-ed04-4e0b-b15f-981e0265f8d4,Pass,0
3941020,eb39faf1-17a4-4c6b-a108-f45c475ca45d,Pass,0
3941020,e823ecae-7294-44b2-9042-b952150063e9,Clearance,1
3941020,1e76a4d9-4dd1-4d76-a538-3ff598a3fc57,Pass,0
3941020,7ef61f30-f53f-4d16-b0ee-b10402b69039,Clearance,0
3941020,1bda5004-1ca4-426d-a5de-2546ee613171,Clearance,0
3941020,93b972e4-2cb7-4946-b002-5053c487dee8,Pass,0
3941020,75f4f0e3-8171-4088-a1cf-c211a951a16e,Pass,0
3941020,673e5264-8d6f-4e33-b410-65818655f6be,Clearance,0
3941020,22e26042-04b1-43f6-9e78-952b133c71c5,Pass,0
3941020,98ef9a46-fa3f-4690-8923-2853df051976,Pass,0
3941020,1e720b39-4b66-4635-ae6e-ac3e66ac4996,Pass,0
3941020,1d363bab-b41c-480f-9048-bae2c7e132c5,Pass,0
3941020,d93335c9-a75c-4088-9d9f-d18357965b1b,Clearance,0
3941020,4f1cddf8-2a2b-47de-b125-055d3fb2ade4,Clearance,0
3941021,5cdecf0e-3585-4497-b8c1-65bb21af921e,Clearance,0
3941021,0ef39a89-c1bc-4006-9c19-cb7d98040a47,Clearance,0
3941021,9aa25060-7865-4199-b00f-c78da6c96f66,Pass,0
3941021,f36e56f2-2a49-4028-b9c7-465f574d20de,Pass,0
3941021,f5f127d4-c6bc-4bd6-a7c4-55eef3d5ff09,Pass,0
3941021,590d5673-6760-4542-973a-b2b608d34535,Pass,0
3941021,c42a7a18-b2f2-4e78-8cea-21935c5d2bd9,Pass,0
3941021,b9b524f1-02dd-4377-9492-fca060ac2cd1,Pass,0
3941021,8e4b5efb-eef8-48ff-8abd-5fc87ef63a65,Pass,0
3941021,cedda43c-c8b7-4aa1-aa2e-4e3a87b5e0d0,Clearance,1
3941022,02ea9109-8354-4134-a4cc-ac984df6852c,Clearance,0
3941022,7039ff4b-4e0e-4e3c-8419-c3af4ce71787,Pass,0
3941022,bb11c954-2c17-48f7-9f30-d90eae554bcf,Pass,0
3941022,03f17a10-cf54-4d3d-955b-08842781c59e,Pass,0
3941022,25a41ce5-0882-4100-a04d-164d42feaeae,Pass,0
3941022,1d99d5a5-cb82-4735-bf09-5b36ddf975e0,Clearance,1
3941022,aff5c9ed-f60f-42c0-af01-c1f217d8e619,Clearance,1
3941022,42616641-43e5-42ae-9b38-73914034bf54,Pass,0
3941022,6f1301af-66dd-4475-8d6f-808db1304471,Pass,1
3941022,b6c4a0f0-8f52-4f9f-bb25-5b517957bac7,Clearance,0
3941022,a5af5f35-c759-4517-bda3-8234be74cbdf,Clearance,0
3941022,1d94cd7e-e97d-4482-9826-a8c7d701d39f,Pass,1
3941022,d3dbdefc-6699-417a-9e6c-dbdb8f97c08e,Clearance,1
3941022,598f33ea-cf9b-4303-8b9d-7529da3a1856,Clearance,0
3942226,f99df16b-dc76-42be-9690-2689c7937c4a,Pass,0
3942226,8c2aa051-5ab8-43d2-a334-e27e1074dc98,Pass,0
3942226,23d70f48-45f3-42b4-8f4f-ffa0eb9b6732,Pass,0
3942226,d8f7a15c-532b-4666-9bee-88fd2b7f9584,Clearance,0
3942226,408f6d02-9476-45b6-89fd-4cdebd7e5cf2,Clearance,0
3942226,0fb8a5d1-60a2-4d02-b450-9785f84bb6f8,Pass,0
3942226,a648aa81-c6b4-4150-8d0a-d4f9d4edbc3f,Pass,0
3942226,48df6fa1-7164-44b1-8d68-df046e21476c,Pass,0
3942226,f43e0b47-85b6-4f13-9662-86c629bd624b,Clearance,1
3942226,baff0f3a-2b7e-4853-91c1-6619a0d758ef,Pass,0
3942226,ef1e3e72-a218-4bc4-a0ba-0cdef0d0def3,Pass,0
3942227,496ca10b-0974-4a9b-9757-f67f6b5da589,Pass,0
3942227,e823f939-ee43-4ca9-a1e9-3faddcc453f5,Pass,0
3942227,eeb8cba4-4917-478b-9c03-1ca7e782d252,Pass,0
3942227,7eacd1b2-35cb-469c-8756-ab28bc7467a0,Clearance,0
3942227,c5f38b37-c926-4cc4-b9cd-aa55ff68c006,Pass,0
3942227,c4a27b4c-050c-4bb0-ab22-dfb672864c84,Pass,0
3942227,cb02a4f5-2f6c-4eed-82e8-a33ad0ea6268,Pass,0
3942227,ee44a083-cbc4-4826-a627-35ad96d9859a,Pass,0
3942227,7e9f93d3-d0ae-476e-93b5-e2158ad6d487,Clearance,1
3942227,030fd2a5-e0b4-4abe-b80e-f6075b41d795,Pass,0
3942227,3facb3ec-3321-4d41-9fce-5bed831bfdaf,Pass,0
3942227,8881200c-72c0-4c55-9902-79d5c4433b11,Clearance,0
3942349,61f3192d-4a3c-46af-a649-1d936b06cde0,Clearance,1
3942349,a455e45f-9275-4fc6-8de8-6ba46cc96195,Pass,0
3942349,a76eb650-557b-4962-a4be-9cd3c8062c22,Pass,0
3942382,bb8d2725-0682-44aa-84a7-eeebcac2f3ef,Pass,0
3942382,6b1caa0e-ad37-4c50-8005-ebb49a17fe5c,Pass,0
3942382,5c9de7ea-e3ca-41a4-8971-7abd129f3a0b,Pass,0
3942382,8cfcdf07-6106-495f-aec9-c6f1ac03defc,Pass,0
3942382,b4b18f1d-d615-4890-99f4-c8569604bc62,Clearance,0
3942382,63232790-89f3-426b-97a4-1083a6b8f277,Clearance,0
3942382,2d83dc4e-2d7e-4b7f-a66c-e9f446cf0199,Clearance,1
3942382,852276ad-595a-47cf-9c76-67a7c3870991,Pass,0
3942382,bef4dc4b-484f-42ca-ada4-4b033a1e75fd,Clearance,0
3942752,86e460f4-76ce-47c1-9f2c-b78283ca5f16,Clearance,0
3942752,62b44fff-83f2-41a2-b215-d8d9d5a66cd5,Clearance,0
3942752,020527a2-efe0-4121-b82b-b95a814616dc,Clearance,0
3942752,d8b081f2-6d72-40fc-b5d9-0ef4196764ad,Pass,0
3942752,07a4ae90-f8cc-4fa5-a154-853ae6ce46f2,Clearance,0
3942752,c6e8695b-134c-4193-a66c-b180ece4bb55,Pass,1
3942752,0ab88e90-f765-426d-bf4c-b7a21f569597,Pass,0
3942819,71decc13-a4ae-4a3e-a92c-514487b5a7cb,Clearance,0
3942819,b81de908-4a35-4f85-a776-2f28cc4550cb,Pass,0
3942819,a881898e-6334-40a9-97c3-81eaae624c09,Pass,0
3942819,e2627570-af7c-4f19-978d-030256fcdb6e,Pass,0
3942819,c2c38da0-de11-4031-b03f-0d8f08014946,Pass,0
3942819,398047ac-8a8e-486e-8193-715040e0f233,Pass,0
3942819,79586a5f-2bcb-4e92-8810-20269807339f,Pass,0
3942819,3b688676-04a8-4b8a-a2cd-7e75e53e28ed,Pass,0
3943043,303f41e3-3754-436c-af0c-48eb82e116d4,Clearance,1
3943043,96139fb2-efda-4bfe-bfb5-83ad1a3eb509,Clearance,0
3943043,38403df3-75a7-490a-bc98-bd1b20a74fd4,Pass,0
3943043,d4906489-3b0b-4cdd-9f4a-3be0ee122b9f,Pass,0
3943043,fe2e280e-921c-402b-bc6b-bc6f65c8fd79,Pass,0
3943043,ffc8e1cb-8af2-4377-92c3-300ab0b603c2,Pass,0
3943043,c03b1e1b-9203-4afa-b026-f8bee12947e8,Pass,0
3943043,ee293a76-bfe1-40bc-8fbc-08c1c4fd3766,Pass,0
3943043,60317334-c45e-488b-91cc-bb32de938350,Clearance,0
3943043,087dfdad-4e76-41dc-b63b-55d34a9c3554,Pass,0
3943043,bb717e83-0a26-4ffe-a390-f2e7eb01af09,Clearance,0
3943043,e72ce8fe-0754-4ea1-9990-2fb5fe55e227,Clearance,0
3943043,eb9dc193-69a1-4bc8-8237-0cb1d1884251,Pass,0
3943043,7d8c980a-3feb-4980-8623-3c1a99105ee0,Clearance,0
